PitchNo,Date,Time,PAofInning,PitchofPA,Pitcher,PitcherId,PitcherThrows,PitcherTeam,Batter,BatterId,BatterSide,BatterTeam,PitcherSet,Inning,Top/Bottom,Outs,Balls,Strikes,TaggedPitchType,AutoPitchType,PitchCall,KorBB,TaggedHitType,PlayResult,OutsOnPlay,RunsScored,Notes,RelSpeed,VertRelAngle,HorzRelAngle,SpinRate,SpinAxis,Tilt,RelHeight,RelSide,Extension,VertBreak,InducedVertBreak,HorzBreak,PlateLocHeight,PlateLocSide,ZoneSpeed,VertApprAngle,HorzApprAngle,ZoneTime,ExitSpeed,Angle,Direction,HitSpinRate,PositionAt110X,PositionAt110Y,PositionAt110Z,Distance,LastTrackedDistance,Bearing,HangTime,pfxx,pfxz,x0,y0,z0,vx0,vy0,vz0,ax0,ay0,az0,HomeTeam,AwayTeam,Stadium,Level,League,GameID,PitchUID,EffectiveVelo,MaxHeight,MeasuredDuration,SpeedDrop,PitchLastMeasuredX,PitchLastMeasuredY,PitchLastMeasuredZ,ContactPositionX,ContactPositionY,ContactPositionZ,GameUID,UTCDate,UTCTime,LocalDateTime,UTCDateTime,AutoHitType,System,HomeTeamForeignID,AwayTeamForeignID,GameForeignID,Catcher,CatcherId,CatcherThrows,CatcherTeam,PlayID,PitchTrajectoryXc0,PitchTrajectoryXc1,PitchTrajectoryXc2,PitchTrajectoryYc0,PitchTrajectoryYc1,PitchTrajectoryYc2,PitchTrajectoryZc0,PitchTrajectoryZc1,PitchTrajectoryZc2,HitSpinAxis,HitTrajectoryXc0,HitTrajectoryXc1,HitTrajectoryXc2,HitTrajectoryXc3,HitTrajectoryXc4,HitTrajectoryXc5,HitTrajectoryXc6,HitTrajectoryXc7,HitTrajectoryXc8,HitTrajectoryYc0,HitTrajectoryYc1,HitTrajectoryYc2,HitTrajectoryYc3,HitTrajectoryYc4,HitTrajectoryYc5,HitTrajectoryYc6,HitTrajectoryYc7,HitTrajectoryYc8,HitTrajectoryZc0,HitTrajectoryZc1,HitTrajectoryZc2,HitTrajectoryZc3,HitTrajectoryZc4,HitTrajectoryZc5,HitTrajectoryZc6,HitTrajectoryZc7,HitTrajectoryZc8,ThrowSpeed,PopTime,ExchangeTime,TimeToBase,CatchPositionX,CatchPositionY,CatchPositionZ,ThrowPositionX,ThrowPositionY,ThrowPositionZ,BasePositionX,BasePositionY,BasePositionZ,ThrowTrajectoryXc0,ThrowTrajectoryXc1,ThrowTrajectoryXc2,ThrowTrajectoryYc0,ThrowTrajectoryYc1,ThrowTrajectoryYc2,ThrowTrajectoryZc0,ThrowTrajectoryZc1,ThrowTrajectoryZc2,PitchReleaseConfidence,PitchLocationConfidence,PitchMovementConfidence,HitLaunchConfidence,HitLandingConfidence,CatcherThrowCatchConfidence,CatcherThrowReleaseConfidence,CatcherThrowLocationConfidence
1,2024-03-17,12:59:49.08,1,1,"Vardavas, Nick",1000241952,Left,MIA_RED,"Webb, Bryson",10096965,Right,CEN_MIC,Undefined,1,Top,0,0,0,Fastball,Changeup,BallCalled,Undefined,Undefined,Undefined,0,0,,86.08367,-1.833431,2.973694,2038.359756,111.108186,9:45,5.26598,-1.77418,5.50297,-28.99305,9.2913,-20.92678,1.13228,-0.73442,78.98474,-7.171075,-0.754945,0.44533,,,,,,,,,,,,11.39827,5.55697,1.5289,50,5.08617,-5.59711,-124.84627,-5.01143,18.01194,24.84672,-23.39273,MIA_RED,CEN_MIC,McKieFieldStad,D1,MAC,20240317-McKieFieldStad-1,c421e800-e47f-11ee-aea4-b7dfdbffd9f3,84.63934,,,7.09894,,,,,,,b24ae197-db0c-49a0-b090-a6c9874b4f44,2024-03-17,16:59:49.08,2024-03-17T12:59:49.0861932-04:00,2024-03-17T16:59:49.0861932Z,,v3,471355,471268,17 March 2024 13:00-cmichigan@miamioh,"Novak, David",1000076952,Right,MIA_RED,2d07719b-ee1b-4118-888f-fc743ef7b350,54.99632,-125.8367,12.42336,5.26735,-4.07895,-11.69637,1.76632,-6.3151,9.00597,,,,,,,,,,,,,,,,,,,,,,,,,,,,,,,,,,,,,,,,,,,,,,,,,,,High,High,High,,,,,
2,2024-03-17,13:00:05.42,1,2,"Vardavas, Nick",1000241952,Left,MIA_RED,"Webb, Bryson",10096965,Right,CEN_MIC,Undefined,1,Top,0,1,0,Fastball,Changeup,BallCalled,Undefined,Undefined,Undefined,0,0,,86.41529,-2.40018,4.602434,2034.525283,115.955974,9:45,5.28612,-1.71781,5.7751,-26.8658,11.34103,-20.4745,0.8054,0.86779,78.28602,-7.409074,0.946193,0.444879,,,,,,,,,,,,11.95733,6.91764,1.34995,50,5.07111,-9.22112,-124.95415,-6.12697,18.6858,27.90262,-21.36381,MIA_RED,CEN_MIC,McKieFieldStad,D1,MAC,20240317-McKieFieldStad-1,cdd67eb0-e47f-11ee-aea4-b7dfdbffd9f3,84.72515,,,8.12927,,,,,,,b24ae197-db0c-49a0-b090-a6c9874b4f44,2024-03-17,17:00:05.42,2024-03-17T13:00:05.4210412-04:00,2024-03-17T17:00:05.4210412Z,,v3,471355,471268,17 March 2024 13:00-cmichigan@miamioh,"Novak, David",1000076952,Right,MIA_RED,c13d6a0b-c457-4675-b116-ce3111e6d294,54.72353,-126.00452,13.95131,5.28662,-5.32276,-10.68191,1.71031,-9.92452,9.3429,,,,,,,,,,,,,,,,,,,,,,,,,,,,,,,,,,,,,,,,,,,,,,,,,,,High,High,High,,,,,
3,2024-03-17,13:00:26.61,1,3,"Vardavas, Nick",1000241952,Left,MIA_RED,"Webb, Bryson",10096965,Right,CEN_MIC,Undefined,1,Top,0,2,0,Fastball,Changeup,FoulBallNotFieldable,Undefined,Undefined,Undefined,0,0,,84.21419,0.424159,3.524788,2115.728619,111.275312,9:45,5.31966,-1.72397,5.88715,-31.35659,8.80874,-18.78501,3.10121,-0.01232,75.64024,-5.449182,0.159747,0.456139,,,,,,,,,,,,10.70662,4.80488,1.45007,50,5.33618,-6.73547,-121.93199,-0.09751,15.82858,27.99894,-25.07053,MIA_RED,CEN_MIC,McKieFieldStad,D1,MAC,20240317-McKieFieldStad-1,daa797a0-e47f-11ee-aea4-b7dfdbffd9f3,82.6337,,,8.57394,,,,,,,b24ae197-db0c-49a0-b090-a6c9874b4f44,2024-03-17,17:00:26.61,2024-03-17T13:00:26.6150764-04:00,2024-03-17T17:00:26.6150764Z,,v3,471355,471268,17 March 2024 13:00-cmichigan@miamioh,"Novak, David",1000076952,Right,MIA_RED,016afdc4-d134-4213-990b-f2ab1096fc94,54.60813,-122.98559,13.99947,5.3221,0.8459,-12.53527,1.71473,-7.3311,7.91429,,,,,,,,,,,,,,,,,,,,,,,,,,,,,,,,,,,,,,,,,,,,,,,,,,,High,High,High,,,,,
4,2024-03-17,13:00:49.65,1,4,"Vardavas, Nick",1000241952,Left,MIA_RED,"Webb, Bryson",10096965,Right,CEN_MIC,Undefined,1,Top,0,2,1,Fastball,Changeup,StrikeCalled,Undefined,Undefined,Undefined,0,0,,85.52455,-0.368029,4.096307,1985.792232,111.476616,9:45,5.31878,-1.6771,5.78221,-30.58104,9.10371,-18.93639,2.42707,0.56249,75.84287,-6.112714,0.712965,0.453402,,,,,,,,,,,,11.03319,5.25551,1.34982,50,5.27057,-8.02209,-123.52475,-1.7974,16.5139,31.77073,-24.30785,MIA_RED,CEN_MIC,McKieFieldStad,D1,MAC,20240317-McKieFieldStad-1,e86337a0-e47f-11ee-aea4-b7dfdbffd9f3,83.13254,,,9.68168,,,,,,,b24ae197-db0c-49a0-b090-a6c9874b4f44,2024-03-17,17:00:49.65,2024-03-17T13:00:49.6512876-04:00,2024-03-17T17:00:49.6512876Z,,v3,471355,471268,17 March 2024 13:00-cmichigan@miamioh,"Novak, David",1000076952,Right,MIA_RED,7bf3bb18-512f-4f45-9f4a-d8a352bed56c,54.70977,-124.73023,15.88536,5.32127,-0.87509,-12.15392,1.66609,-8.64867,8.25695,,,,,,,,,,,,,,,,,,,,,,,,,,,,,,,,,,,,,,,,,,,,,,,,,,,High,High,High,,,,,
5,2024-03-17,13:01:06.90,1,5,"Vardavas, Nick",1000241952,Left,MIA_RED,"Webb, Bryson",10096965,Right,CEN_MIC,Undefined,1,Top,0,2,2,Cutter,Slider,FoulBallNotFieldable,Undefined,Undefined,Undefined,0,0,,80.1529,0.365662,2.785154,2332.115145,146.046028,10:45,5.06305,-1.9161,5.16128,-38.71368,6.79713,-3.45201,2.18149,0.41972,72.27018,-6.744947,2.174747,0.485544,,,,,,,,,,,,2.64185,3.72087,1.65891,50,5.06792,-5.49932,-115.98325,-0.59379,3.53649,25.18605,-27.19311,MIA_RED,CEN_MIC,McKieFieldStad,D1,MAC,20240317-McKieFieldStad-1,f2a42fd0-e47f-11ee-aea4-b7dfdbffd9f3,77.62927,,,7.88272,,,,,,,b24ae197-db0c-49a0-b090-a6c9874b4f44,2024-03-17,17:01:06.90,2024-03-17T13:01:06.9024108-04:00,2024-03-17T17:01:06.9024108Z,,v3,471355,471268,17 March 2024 13:00-cmichigan@miamioh,"Novak, David",1000076952,Right,MIA_RED,2e3f05aa-e8c0-444e-b7a4-ed31a83f2b4c,55.33434,-117.13588,12.59303,5.06662,0.6507,-13.59656,1.91429,-5.66116,1.76824,,,,,,,,,,,,,,,,,,,,,,,,,,,,,,,,,,,,,,,,,,,,,,,,,,,High,High,High,,,,,
6,2024-03-17,13:01:27.24,1,6,"Vardavas, Nick",1000241952,Left,MIA_RED,"Webb, Bryson",10096965,Right,CEN_MIC,Undefined,1,Top,0,2,2,Fastball,Changeup,InPlay,Undefined,FlyBall,Out,1,0,,85.67159,0.097408,3.114588,2140.73963,109.542096,9:45,5.28259,-1.75038,5.66956,-30.67891,8.87245,-20.4597,2.81697,-0.54863,76.12892,-5.652791,-0.53878,0.452639,84.10705,46.701594,25.816526,,90.71749,94.24925,62.21136,292.05707,169.99353,40.085343,5.334378,11.49205,4.91252,1.50038,50,5.27197,-5.86316,-123.90898,-0.81185,17.33124,31.66889,-24.76548,MIA_RED,CEN_MIC,McKieFieldStad,D1,MAC,20240317-McKieFieldStad-1,feb61770-e47f-11ee-aea4-b7dfdbffd9f3,83.27258,105.55193,,9.54267,,,,1.12282,2.77308,0.52469,b24ae197-db0c-49a0-b090-a6c9874b4f44,2024-03-17,17:01:27.24,2024-03-17T13:01:27.2476524-04:00,2024-03-17T17:01:27.2476524Z,FlyBall,v3,471355,471268,17 March 2024 13:00-cmichigan@miamioh,"Novak, David",1000076952,Right,MIA_RED,8f232dc1-8abd-4485-9072-a55a11e28120,54.82489,-125.13606,15.83445,5.28484,0.14774,-12.38274,1.74057,-6.53469,8.66562,216.407711,1.10613,76.43631,-20.99237,7.287,-2.08445,0.39997,-0.0355,-7E-05,0.00014,2.75799,90.10487,-24.88404,4.36116,-2.07046,0.7967,-0.17407,0.01936,-0.00087,0.52799,36.79852,2.37661,-1.69425,0.46313,-0.03699,-0.01198,0.00299,-0.00019,,,,,,,,,,,,,,,,,,,,,,,High,High,High,High,Low,,,
7,2024-03-17,13:02:02.16,2,1,"Vardavas, Nick",1000241952,Left,MIA_RED,"Donahue, Jacob",1000099820,Right,CEN_MIC,Undefined,1,Top,1,0,0,Fastball,Changeup,InPlay,Undefined,GroundBall,Single,0,0,,85.52229,0.008809,3.660513,2110.789315,122.986054,10:00,5.28703,-1.68978,5.83033,-25.92332,12.6589,-17.5017,3.13496,0.25897,77.64485,-4.851687,0.530158,0.447059,81.70846,5.361682,23.94625,3566.519832,,,,96.37247,94.36101,28.00759,0.893398,10.02831,6.84095,1.4012,50,5.27256,-7.21471,-123.96107,-0.79846,15.512,26.14607,-21.59232,MIA_RED,CEN_MIC,McKieFieldStad,D1,MAC,20240317-McKieFieldStad-1,1399d6e0-e480-11ee-aea4-b7dfdbffd9f3,84.31197,4.81009,,7.87744,,,,0.07606,2.95447,-0.27361,b24ae197-db0c-49a0-b090-a6c9874b4f44,2024-03-17,17:02:02.16,2024-03-17T13:02:02.1699948-04:00,2024-03-17T17:02:02.1699948Z,GroundBall,v3,471355,471268,17 March 2024 13:00-cmichigan@miamioh,"Novak, David",1000076952,Right,MIA_RED,33247de8-02c4-41b3-a11f-2a7dc81d65ef,54.66734,-124.94164,13.07304,5.28732,0.01132,-10.79616,1.68268,-7.79646,7.756,267.407965,0.14279,108.0286,-14.57172,,,,,,,2.99013,10.65837,-15.71818,,,,,,,-0.31405,49.05036,2.23531,,,,,,,,,,,,,,,,,,,,,,,,,,,,,High,High,High,High,High,,,
8,2024-03-17,13:02:35.71,3,1,"Vardavas, Nick",1000241952,Left,MIA_RED,"Wuestenfeld, Danny",1000061943,Right,CEN_MIC,Undefined,1,Top,1,0,0,Fastball,Changeup,BallCalled,Undefined,Undefined,Undefined,0,0,,85.71628,-1.199748,4.78338,2163.037232,103.938131,9:30,5.2161,-1.8533,5.88653,-32.09088,6.77075,-21.4182,1.42377,0.81384,77.18921,-7.175642,0.951588,0.448675,,,,,,,,,,,,12.51552,4.27709,1.47916,50,5.10076,-9.48651,-123.93312,-3.662,19.12652,28.79192,-25.63769,MIA_RED,CEN_MIC,McKieFieldStad,D1,MAC,20240317-McKieFieldStad-1,278fb3e0-e480-11ee-aea4-b7dfdbffd9f3,84.00829,,,8.52707,,,,,,,b24ae197-db0c-49a0-b090-a6c9874b4f44,2024-03-17,17:02:35.71,2024-03-17T13:02:35.7158764-04:00,2024-03-17T17:02:35.7158764Z,,v3,471355,471268,17 March 2024 13:00-cmichigan@miamioh,"Novak, David",1000076952,Right,MIA_RED,c7f544c9-bd0a-4d93-b520-2a59d479392d,54.61053,-124.99964,14.39596,5.21882,-2.71232,-12.81885,1.84368,-10.195,9.56326,,,,,,,,,,,,,,,,,,,,,,,,,,,,,,,,,,,,,,,,,,,,,,,,,,,High,High,High,,,,,
9,2024-03-17,13:03:10.74,3,2,"Vardavas, Nick",1000241952,Left,MIA_RED,"Wuestenfeld, Danny",1000061943,Right,CEN_MIC,Undefined,1,Top,1,1,0,Cutter,Slider,BallCalled,Undefined,Undefined,Undefined,0,0,,79.93326,1.971667,1.652595,2271.637979,207.330553,1:00,5.14843,-2.02115,5.33356,-40.76238,4.04299,1.35083,3.60289,-0.35767,72.91944,-5.501807,1.892308,0.481766,,,,,,,,,,,,-0.20409,1.92209,1.87093,50,5.29748,-3.39926,-115.89209,2.58818,-0.27702,22.07368,-29.5653,MIA_RED,CEN_MIC,McKieFieldStad,D1,MAC,20240317-McKieFieldStad-1,3c4a8e90-e480-11ee-aea4-b7dfdbffd9f3,78.23799,,,7.01383,,,,,,,b24ae197-db0c-49a0-b090-a6c9874b4f44,2024-03-17,17:03:10.74,2024-03-17T13:03:10.7407212-04:00,2024-03-17T17:03:10.7407212Z,,v3,471355,471268,17 March 2024 13:00-cmichigan@miamioh,"Novak, David",1000076952,Right,MIA_RED,942499a5-01f0-415d-832d-f7a95dd5b73f,55.16261,-116.87126,11.03684,5.15359,3.89968,-14.78265,2.02145,-3.38697,-0.13851,,,,,,,,,,,,,,,,,,,,,,,,,,,,,,,,,,,,,,,,,,,,,,,,,,,High,High,High,,,,,
10,2024-03-17,13:03:26.93,3,3,"Vardavas, Nick",1000241952,Left,MIA_RED,"Wuestenfeld, Danny",1000061943,Right,CEN_MIC,Undefined,1,Top,1,2,0,Fastball,Changeup,BallCalled,Undefined,Undefined,Undefined,0,0,,85.69552,0.175356,2.216019,2043.189598,111.524539,9:45,5.19799,-2.00955,5.70372,-29.46659,9.19453,-19.94088,2.90595,-1.60549,77.65421,-5.313485,-1.34988,0.447516,,,,,,,,,,,,10.70827,5.02736,1.83585,50,5.19469,-3.95205,-124.2858,-0.60747,16.5931,27.08134,-24.38384,MIA_RED,CEN_MIC,McKieFieldStad,D1,MAC,20240317-McKieFieldStad-1,460a96f0-e480-11ee-aea4-b7dfdbffd9f3,84.22591,,,8.0413,,,,,,,b24ae197-db0c-49a0-b090-a6c9874b4f44,2024-03-17,17:03:26.93,2024-03-17T13:03:26.9346668-04:00,2024-03-17T17:03:26.9346668Z,,v3,471355,471268,17 March 2024 13:00-cmichigan@miamioh,"Novak, David",1000076952,Right,MIA_RED,772f4266-9678-42ff-806d-6d8e24e7e61c,54.79225,-125.32566,13.54067,5.20003,0.32881,-12.19192,1.99983,-4.58918,8.29655,,,,,,,,,,,,,,,,,,,,,,,,,,,,,,,,,,,,,,,,,,,,,,,,,,,High,High,High,,,,,
11,2024-03-17,13:03:44.15,3,4,"Vardavas, Nick",1000241952,Left,MIA_RED,"Wuestenfeld, Danny",1000061943,Right,CEN_MIC,Undefined,1,Top,1,3,0,Cutter,Slider,StrikeCalled,Undefined,Undefined,Undefined,0,0,,80.15094,1.31678,2.967104,2236.130823,161.963291,11:30,5.2481,-1.86112,5.16901,-39.44396,5.32323,-1.27862,3.20219,0.82711,73.3681,-5.883761,2.741195,0.481561,,,,,,,,,,,,1.45331,2.71854,1.58553,50,5.34096,-5.96715,-116.1496,1.29076,1.98719,21.56245,-28.45679,MIA_RED,CEN_MIC,McKieFieldStad,D1,MAC,20240317-McKieFieldStad-1,503dd380-e480-11ee-aea4-b7dfdbffd9f3,78.27135,,,6.78284,,,,,,,b24ae197-db0c-49a0-b090-a6c9874b4f44,2024-03-17,17:03:44.15,2024-03-17T13:03:44.1568620-04:00,2024-03-17T17:03:44.1568620Z,,v3,471355,471268,17 March 2024 13:00-cmichigan@miamioh,"Novak, David",1000076952,Right,MIA_RED,8a900a74-3b18-4bf2-bfe0-fd04dd5b415f,55.32785,-117.1345,10.78123,5.25232,2.59058,-14.2284,1.86016,-6.05792,0.9936,,,,,,,,,,,,,,,,,,,,,,,,,,,,,,,,,,,,,,,,,,,,,,,,,,,High,High,High,,,,,
12,2024-03-17,13:03:59.34,3,5,"Vardavas, Nick",1000241952,Left,MIA_RED,"Wuestenfeld, Danny",1000061943,Right,CEN_MIC,Undefined,1,Top,1,3,1,Cutter,Slider,StrikeSwinging,Undefined,Undefined,Undefined,0,0,,80.66832,1.141726,2.549181,2310.491294,163.772795,11:30,5.16687,-1.91708,5.21765,-35.02915,9.55233,-2.32827,3.32247,0.2873,72.96418,-5.318743,2.137251,0.480561,,,,,,,,,,,,1.93106,4.89697,1.68342,50,5.24669,-5.09854,-116.76659,1.13116,2.63936,24.04302,-25.48091,MIA_RED,CEN_MIC,McKieFieldStad,D1,MAC,20240317-McKieFieldStad-1,594e13e0-e480-11ee-aea4-b7dfdbffd9f3,78.43424,,,7.70414,,,,,,,b24ae197-db0c-49a0-b090-a6c9874b4f44,2024-03-17,17:03:59.34,2024-03-17T13:03:59.3466732-04:00,2024-03-17T17:03:59.3466732Z,,v3,471355,471268,17 March 2024 13:00-cmichigan@miamioh,"Novak, David",1000076952,Right,MIA_RED,32a7cb4a-b727-410d-81be-393c55b0c4ba,55.27524,-117.84779,12.02151,5.17005,2.27702,-12.74046,1.91537,-5.21723,1.31968,,,,,,,,,,,,,,,,,,,,,,,,,,,,,,,,,,,,,,,,,,,,,,,,,,,High,High,High,,,,,
13,2024-03-17,13:04:16.25,3,6,"Vardavas, Nick",1000241952,Left,MIA_RED,"Wuestenfeld, Danny",1000061943,Right,CEN_MIC,Undefined,1,Top,1,3,2,Cutter,Slider,BallCalled,Walk,Undefined,Undefined,0,0,,80.44254,1.339255,2.502296,2345.434595,165.654618,11:30,5.20576,-1.95625,5.30595,-33.00632,12.34867,-2.7013,3.71381,0.16902,71.65611,-4.820506,2.02366,0.484712,,,,,,,,,,,,2.20992,6.22548,1.73098,50,5.30436,-4.96283,-116.23473,1.64225,2.94794,26.85054,-23.8695,MIA_RED,CEN_MIC,McKieFieldStad,D1,MAC,20240317-McKieFieldStad-1,636f9d30-e480-11ee-aea4-b7dfdbffd9f3,77.76253,,,8.78643,,,,,,,b24ae197-db0c-49a0-b090-a6c9874b4f44,2024-03-17,17:04:16.25,2024-03-17T13:04:16.2562412-04:00,2024-03-17T17:04:16.2562412Z,,v3,471355,471268,17 March 2024 13:00-cmichigan@miamioh,"Novak, David",1000076952,Right,MIA_RED,5c9c8d53-f95e-4872-a467-c96e8f7bce05,55.18361,-117.42605,13.42527,5.20801,2.70131,-11.93475,1.95407,-5.09363,1.47397,,,,,,,,,,,,,,,,,,,,,,,,,,,,,,,,,,,,,,,,,,,,,,,,,,,High,High,High,,,,,
14,2024-03-17,13:04:53.62,4,1,"Vardavas, Nick",1000241952,Left,MIA_RED,"Murphy, Mikey",1000114856,Right,CEN_MIC,Undefined,1,Top,1,0,0,Cutter,Slider,StrikeCalled,Undefined,Undefined,Undefined,0,0,,79.4226,0.82317,2.167313,2219.064245,139.296339,10:45,5.20944,-1.93309,5.39358,-40.09742,5.24425,-3.23689,2.64004,-0.17074,72.47497,-6.536148,1.592069,0.484641,,,,,,,,,,,,2.2413,2.87378,1.74193,50,5.25509,-4.22603,-115.15617,0.30098,2.99828,22.13864,-28.32971,MIA_RED,CEN_MIC,McKieFieldStad,D1,MAC,20240317-McKieFieldStad-1,79c5ff70-e480-11ee-aea4-b7dfdbffd9f3,77.77393,,,6.94763,,,,,,,b24ae197-db0c-49a0-b090-a6c9874b4f44,2024-03-17,17:04:53.62,2024-03-17T13:04:53.6248684-04:00,2024-03-17T17:04:53.6248684Z,,v3,471355,471268,17 March 2024 13:00-cmichigan@miamioh,"Novak, David",1000076952,Right,MIA_RED,5748433b-863d-4ef6-886e-ac73c8b4e3d4,55.10199,-116.13288,11.06932,5.21424,1.55083,-14.16486,1.93129,-4.35831,1.49914,,,,,,,,,,,,,,,,,,,,,,,,,,,,,,,,,,,,,,,,,,,,,,,,,,,High,High,High,,,,,
15,2024-03-17,13:05:10.10,4,2,"Vardavas, Nick",1000241952,Left,MIA_RED,"Murphy, Mikey",1000114856,Right,CEN_MIC,Undefined,1,Top,1,0,1,Fastball,Changeup,FoulBallNotFieldable,Undefined,Undefined,Undefined,0,0,,85.81294,-1.024109,2.412921,2089.640164,122.689908,10:00,5.36354,-1.67733,5.68832,-24.51934,14.24635,-20.01832,2.36482,-1.09531,77.45802,-5.633247,-1.165336,0.448121,64.58766,45.176971,141.214244,3616.249369,,,,,37.12107,,,10.90292,7.96304,1.48698,50,5.26231,-4.3901,-124.36624,-3.00158,16.83588,28.21505,-19.87779,MIA_RED,CEN_MIC,McKieFieldStad,D1,MAC,20240317-McKieFieldStad-1,837a9620-e480-11ee-aea4-b7dfdbffd9f3,84.1122,31.12602,,8.35491,,,,0.26705,2.27277,1.29221,b24ae197-db0c-49a0-b090-a6c9874b4f44,2024-03-17,17:05:10.10,2024-03-17T13:05:10.1010796-04:00,2024-03-17T17:05:10.1010796Z,,v3,471355,471268,17 March 2024 13:00-cmichigan@miamioh,"Novak, David",1000076952,Right,MIA_RED,2d9d55c9-f4c8-4f1e-be1d-5920b9fc023c,54.80779,-125.45225,14.10752,5.36312,-2.23648,-9.93889,1.66843,-5.03812,8.41794,,0.26705,-52.05139,0.29671,1.63018,-0.57122,0.16835,-0.04311,0.01368,-0.00357,2.27277,67.18967,-29.93359,4.1224,-0.8633,0.14857,-0.00903,-0.0173,0.01044,1.29221,41.82909,-2.9107,0.00876,0.0866,-0.04439,0.0188,-0.01222,0.00495,,,,,,,,,,,,,,,,,,,,,,,High,High,High,High,Low,,,
16,2024-03-17,13:05:31.26,4,3,"Vardavas, Nick",1000241952,Left,MIA_RED,"Murphy, Mikey",1000114856,Right,CEN_MIC,Undefined,1,Top,1,0,2,Fastball,Sinker,FoulBallNotFieldable,Undefined,Undefined,Undefined,0,0,,86.93915,-0.721227,2.622229,2047.731365,121.970796,10:00,5.2363,-1.84941,5.69893,-27.18135,10.97225,-15.18458,2.29839,-0.66961,77.69435,-5.825133,-0.091935,0.444569,,,,,,,,,,,,8.56469,6.25213,1.63865,50,5.15926,-5.09657,-125.82201,-2.48344,13.39669,31.30242,-22.3946,MIA_RED,CEN_MIC,McKieFieldStad,D1,MAC,20240317-McKieFieldStad-1,901d2500-e480-11ee-aea4-b7dfdbffd9f3,84.7842,,,9.24479,,,,,,,b24ae197-db0c-49a0-b090-a6c9874b4f44,2024-03-17,17:05:31.26,2024-03-17T13:05:31.2695148-04:00,2024-03-17T17:05:31.2695148Z,,v3,471355,471268,17 March 2024 13:00-cmichigan@miamioh,"Novak, David",1000076952,Right,MIA_RED,01241029-df0f-4b49-a70d-66500eb49d20,54.79432,-127.00915,15.65121,5.23734,-1.63413,-11.1973,1.84157,-5.60464,6.69834,,,,,,,,,,,,,,,,,,,,,,,,,,,,,,,,,,,,,,,,,,,,,,,,,,,High,High,High,,,,,
17,2024-03-17,13:05:53.76,4,4,"Vardavas, Nick",1000241952,Left,MIA_RED,"Murphy, Mikey",1000114856,Right,CEN_MIC,Undefined,1,Top,1,0,2,Cutter,Slider,StrikeCalled,Strikeout,Undefined,Undefined,0,0,,79.62191,1.287327,1.231453,2446.017707,237.174044,2:00,5.15039,-1.88794,4.87715,-43.40809,3.20103,2.30146,2.75157,-0.5308,71.68418,-6.630877,1.636815,0.491368,,,,,,,,,,,,-0.7161,1.71437,1.76494,50,5.24093,-2.57767,-115.19319,0.99904,-0.94567,24.83128,-29.91012,MIA_RED,CEN_MIC,McKieFieldStad,D1,MAC,20240317-McKieFieldStad-1,9d7c4d20-e480-11ee-aea4-b7dfdbffd9f3,76.70917,,,7.93773,,,,,,,b24ae197-db0c-49a0-b090-a6c9874b4f44,2024-03-17,17:05:53.76,2024-03-17T13:05:53.7672556-04:00,2024-03-17T17:05:53.7672556Z,,v3,471355,471268,17 March 2024 13:00-cmichigan@miamioh,"Novak, David",1000076952,Right,MIA_RED,7cbb7411-1afa-4cd0-9be0-db60431f6f23,55.61561,-116.39741,12.41564,5.1573,2.44956,-14.95506,1.88884,-2.53181,-0.47283,,,,,,,,,,,,,,,,,,,,,,,,,,,,,,,,,,,,,,,,,,,,,,,,,,,High,High,High,,,,,
18,2024-03-17,13:06:23.64,5,1,"Vardavas, Nick",1000241952,Left,MIA_RED,"Stengren, Drew",1000099826,Right,CEN_MIC,Undefined,1,Top,2,0,0,Cutter,Slider,FoulBallNotFieldable,Undefined,Undefined,Undefined,0,0,,79.44693,0.950864,2.573953,2403.682982,146.243301,10:45,5.19383,-1.9248,5.20825,-41.19766,4.66654,-2.07575,2.65587,0.32438,72.18253,-6.590059,2.206542,0.487426,,,,,,,,,,,,1.82311,2.47146,1.68832,50,5.25095,-5.0893,-115.08862,0.4941,2.42322,23.15405,-28.88908,MIA_RED,CEN_MIC,McKieFieldStad,D1,MAC,20240317-McKieFieldStad-1,af6ce440-e480-11ee-aea4-b7dfdbffd9f3,77.32961,,,7.2644,,,,,,,b24ae197-db0c-49a0-b090-a6c9874b4f44,2024-03-17,17:06:23.64,2024-03-17T13:06:23.6435308-04:00,2024-03-17T17:06:23.6435308Z,,v3,471355,471268,17 March 2024 13:00-cmichigan@miamioh,"Novak, David",1000076952,Right,MIA_RED,66c45c45-d870-4fe7-b9a2-a8f0bf940f04,55.28864,-116.14774,11.57702,5.19813,1.81555,-14.44454,1.92365,-5.20015,1.21161,,,,,,,,,,,,,,,,,,,,,,,,,,,,,,,,,,,,,,,,,,,,,,,,,,,High,High,High,,,,,
19,2024-03-17,13:06:47.93,5,2,"Vardavas, Nick",1000241952,Left,MIA_RED,"Stengren, Drew",1000099826,Right,CEN_MIC,Undefined,1,Top,2,0,1,Fastball,Sinker,StrikeCalled,Undefined,Undefined,Undefined,0,0,,87.02865,0.229978,2.275328,2152.215192,116.547499,10:00,5.20982,-1.82303,5.57498,-30.42612,7.65701,-12.45351,2.88928,-0.73457,78.03688,-5.436211,0.054222,0.444158,,,,,,,,,,,,6.97319,4.23662,1.6351,50,5.21026,-4.44536,-126.00079,-0.56081,10.98963,30.30115,-25.49719,MIA_RED,CEN_MIC,McKieFieldStad,D1,MAC,20240317-McKieFieldStad-1,bde40c10-e480-11ee-aea4-b7dfdbffd9f3,84.86261,,,8.99177,,,,,,,b24ae197-db0c-49a0-b090-a6c9874b4f44,2024-03-17,17:06:47.93,2024-03-17T13:06:47.9357804-04:00,2024-03-17T17:06:47.9357804Z,,v3,471355,471268,17 March 2024 13:00-cmichigan@miamioh,"Novak, David",1000076952,Right,MIA_RED,02b2ba13-cb45-4810-8287-d714532e0386,54.91765,-127.17791,15.15057,5.21281,0.42969,-12.7486,1.81608,-4.87228,5.49481,,,,,,,,,,,,,,,,,,,,,,,,,,,,,,,,,,,,,,,,,,,,,,,,,,,High,High,High,,,,,
20,2024-03-17,13:07:05.53,5,3,"Vardavas, Nick",1000241952,Left,MIA_RED,"Stengren, Drew",1000099826,Right,CEN_MIC,Undefined,1,Top,2,0,2,Fastball,Sinker,InPlay,Undefined,GroundBall,Out,1,0,,87.72195,-1.098541,3.496471,2180.990514,119.251976,10:00,5.35144,-1.60785,5.75151,-27.94462,9.6152,-14.47757,1.99804,0.44464,78.22246,-6.339539,0.908839,0.441096,83.60372,-20.686303,-19.298274,,,,,6.55508,6.55508,-13.405217,0.035966,8.60819,5.70933,1.32631,50,5.24348,-7.12244,-126.83712,-3.36866,13.6396,32.55284,-23.12768,MIA_RED,CEN_MIC,McKieFieldStad,D1,MAC,20240317-McKieFieldStad-1,c83c0eb0-e480-11ee-aea4-b7dfdbffd9f3,85.45175,1.56029,,9.49949,,,,2.47649,1.56029,-0.15408,b24ae197-db0c-49a0-b090-a6c9874b4f44,2024-03-17,17:07:05.53,2024-03-17T13:07:05.5323500-04:00,2024-03-17T17:07:05.5323500Z,GroundBall,v3,471355,471268,17 March 2024 13:00-cmichigan@miamioh,"Novak, David",1000076952,Right,MIA_RED,a12e422d-adec-44a3-8098-cdf42a4c58ab,54.74265,-128.04854,16.27642,5.35282,-2.50799,-11.56384,1.60081,-7.63002,6.8198,180,2.47553,108.43397,,,,,,,,1.56068,-43.38174,,,,,,,,-0.15374,-37.96937,,,,,,,,,,,,,,,,,,,,,,,,,,,,,,High,High,High,Medium,High,,,
21,2024-03-17,13:09:58.61,1,1,"Waters, Evan",1000240507,Left,CEN_MIC,"Batusich, Ty",1000297118,Left,MIA_RED,Undefined,1,Bottom,0,0,0,Fastball,Four-Seam,StrikeCalled,Undefined,Undefined,Undefined,0,0,,87.42267,-0.588743,2.803441,2066.002224,141.568274,10:45,4.84459,-1.04265,6.43587,-21.03446,15.3515,-11.12772,2.55002,0.60838,78.67322,-4.627307,0.78848,0.434149,,,,,,,,,,,,6.67083,8.57882,0.84772,50,4.79315,-5.76182,-126.7687,-1.86608,10.67871,29.84885,-18.44102,MIA_RED,CEN_MIC,McKieFieldStad,D1,MAC,20240317-McKieFieldStad-1,2f965700-e481-11ee-aea4-b7dfdbffd9f3,86.8192,,,8.74946,,,,,,,b24ae197-db0c-49a0-b090-a6c9874b4f44,2024-03-17,17:09:58.61,2024-03-17T13:09:58.6176876-04:00,2024-03-17T17:09:58.6176876Z,,v3,471355,471268,17 March 2024 13:00-cmichigan@miamioh,"Verburg, Spencer",1000240504,Right,CEN_MIC,122ab8ec-ae5f-4809-9c90-36e7d9615c52,54.05813,-127.72064,14.92443,4.84328,-1.27795,-9.22051,1.03691,-6.1024,5.33935,,,,,,,,,,,,,,,,,,,,,,,,,,,,,,,,,,,,,,,,,,,,,,,,,,,High,High,High,,,,,
22,2024-03-17,13:10:13.69,1,2,"Waters, Evan",1000240507,Left,CEN_MIC,"Batusich, Ty",1000297118,Left,MIA_RED,Undefined,1,Bottom,0,0,1,Fastball,Four-Seam,StrikeCalled,Undefined,Undefined,Undefined,0,0,,88.83414,-1.308139,2.468825,2206.461336,157.609334,11:15,4.87778,-0.76833,6.51524,-14.74879,21.05895,-8.04859,2.44707,0.82772,78.43338,-4.250365,1.00912,0.430685,,,,,,,,,,,,5.09477,11.87347,0.59907,50,4.77968,-5.20725,-128.56929,-3.22717,8.2239,35.49676,-13.008,MIA_RED,CEN_MIC,McKieFieldStad,D1,MAC,20240317-McKieFieldStad-1,385f0710-e481-11ee-aea4-b7dfdbffd9f3,87.5174,,,10.40077,,,,,,,b24ae197-db0c-49a0-b090-a6c9874b4f44,2024-03-17,17:10:13.69,2024-03-17T13:10:13.6929132-04:00,2024-03-17T17:10:13.6929132Z,,v3,471355,471268,17 March 2024 13:00-cmichigan@miamioh,"Verburg, Spencer",1000240504,Right,CEN_MIC,45acdc86-0893-42bb-9f16-a60d3c22d716,53.97431,-129.66191,17.74838,4.87285,-2.82677,-6.504,0.76325,-5.46039,4.11195,,,,,,,,,,,,,,,,,,,,,,,,,,,,,,,,,,,,,,,,,,,,,,,,,,,High,High,High,,,,,
23,2024-03-17,13:10:33.94,1,3,"Waters, Evan",1000240507,Left,CEN_MIC,"Batusich, Ty",1000297118,Left,MIA_RED,Undefined,1,Bottom,0,0,2,Curveball,Curveball,BallinDirt,Undefined,Undefined,Undefined,0,0,,73.77222,1.874903,1.576384,2197.105227,325.906447,4:45,4.97019,-0.49127,5.63908,-70.00732,-16.31001,12.52316,0.88658,2.02327,66.02779,-10.925895,3.818607,0.527409,,,,,,,,,,,,-5.70217,-8.32926,0.34928,50,5.08559,-3.40528,-106.78658,1.24585,-6.3287,25.03148,-41.41853,MIA_RED,CEN_MIC,McKieFieldStad,D1,MAC,20240317-McKieFieldStad-1,4480a620-e481-11ee-aea4-b7dfdbffd9f3,71.46717,,,7.74443,,,,,,,b24ae197-db0c-49a0-b090-a6c9874b4f44,2024-03-17,17:10:33.94,2024-03-17T13:10:33.9470700-04:00,2024-03-17T17:10:33.9470700Z,,v3,471355,471268,17 March 2024 13:00-cmichigan@miamioh,"Verburg, Spencer",1000240504,Right,CEN_MIC,c31a5943-45ae-4c46-b3fa-1fc78a84570b,54.85938,-107.91964,12.51574,4.98677,3.12068,-20.70926,0.49694,-3.11881,-3.16435,,,,,,,,,,,,,,,,,,,,,,,,,,,,,,,,,,,,,,,,,,,,,,,,,,,High,High,High,,,,,
24,2024-03-17,13:10:53.98,1,4,"Waters, Evan",1000240507,Left,CEN_MIC,"Batusich, Ty",1000297118,Left,MIA_RED,Undefined,1,Bottom,0,1,2,Fastball,Four-Seam,FoulBallNotFieldable,Undefined,Undefined,Undefined,0,0,,88.76793,-0.235879,2.151842,2212.732892,145.097709,10:45,4.8496,-0.76448,6.54253,-16.99662,18.80403,-12.06355,3.21674,0.20462,78.30619,-3.592999,-0.038311,0.430642,80.92824,45.901298,-50.571695,4925.344793,,,,,97.81443,,,7.12,10.34095,0.62005,50,4.82585,-4.34309,-128.57992,-0.91433,11.47827,35.84838,-15.50324,MIA_RED,CEN_MIC,McKieFieldStad,D1,MAC,20240317-McKieFieldStad-1,506192b0-e481-11ee-aea4-b7dfdbffd9f3,87.52609,85.27956,,10.46174,,,,0.81949,3.24873,0.04739,b24ae197-db0c-49a0-b090-a6c9874b4f44,2024-03-17,17:10:53.98,2024-03-17T13:10:53.9805548-04:00,2024-03-17T17:10:53.9805548Z,,v3,471355,471268,17 March 2024 13:00-cmichigan@miamioh,"Verburg, Spencer",1000240504,Right,CEN_MIC,208407a4-5b05-4d4c-a8f9-85e54bdf3a31,53.94941,-129.67635,17.92419,4.84656,-0.44016,-7.75162,0.75825,-4.69415,5.73913,,0.81949,52.4597,-14.65326,3.06755,-0.65583,0.1424,-0.03008,0.00479,-0.0004,3.24873,85.23955,-25.9034,3.27649,-0.71919,0.15471,-0.0317,0.00521,-0.00043,0.04739,-63.80119,15.86941,-4.37763,1.14348,-0.28515,0.06513,-0.01104,0.00096,,,,,,,,,,,,,,,,,,,,,,,High,High,High,High,Low,,,
25,2024-03-17,13:11:17.24,1,5,"Waters, Evan",1000240507,Left,CEN_MIC,"Batusich, Ty",1000297118,Left,MIA_RED,Undefined,1,Bottom,0,1,2,Curveball,Curveball,BallCalled,Undefined,Undefined,Undefined,0,0,,75.75235,2.145575,2.96125,2239.021854,320.961737,4:45,4.86195,-0.77289,5.87972,-54.67971,-4.37319,5.17079,2.30145,2.4105,67.64543,-7.971251,3.887132,0.510486,,,,,,,,,,,,-1.50583,-2.3015,0.53081,50,5.00532,-5.86332,-109.52145,2.39478,-1.77218,24.93968,-34.88263,MIA_RED,CEN_MIC,McKieFieldStad,D1,MAC,20240317-McKieFieldStad-1,5e764f30-e481-11ee-aea4-b7dfdbffd9f3,73.83644,,,8.10692,,,,,,,b24ae197-db0c-49a0-b090-a6c9874b4f44,2024-03-17,17:11:17.24,2024-03-17T13:11:17.2482412-04:00,2024-03-17T17:11:17.2482412Z,,v3,471355,471268,17 March 2024 13:00-cmichigan@miamioh,"Verburg, Spencer",1000240504,Right,CEN_MIC,6ccf0478-8d9b-4e9d-aea0-59d1810644bf,54.61328,-110.56697,12.46984,4.87427,3.85713,-17.44132,0.77505,-5.78903,-0.88609,,,,,,,,,,,,,,,,,,,,,,,,,,,,,,,,,,,,,,,,,,,,,,,,,,,High,High,High,,,,,
26,2024-03-17,13:11:36.00,1,6,"Waters, Evan",1000240507,Left,CEN_MIC,"Batusich, Ty",1000297118,Left,MIA_RED,Undefined,1,Bottom,0,2,2,Curveball,Curveball,InPlay,Undefined,LineDrive,Single,0,0,,73.85789,2.763457,0.933997,2216.648104,322.948067,4:45,4.73351,-0.91481,5.59726,-58.18062,-5.25311,5.45583,2.46745,0.41191,66.45769,-7.931719,1.908002,0.523615,93.428,12.607227,-5.792893,2146.248999,108.91166,17.51342,-15.4324,230.19469,230.19469,-10.226907,2.191472,-2.44059,-3.06264,0.83113,50,4.93284,-1.9446,-106.95088,3.33876,-2.76322,22.31689,-35.64152,MIA_RED,CEN_MIC,McKieFieldStad,D1,MAC,20240317-McKieFieldStad-1,69a1a760-e481-11ee-aea4-b7dfdbffd9f3,71.98503,17.70029,,7.4002,,,,1.29247,2.4869,-0.4164,b24ae197-db0c-49a0-b090-a6c9874b4f44,2024-03-17,17:11:36.00,2024-03-17T13:11:36.0005996-04:00,2024-03-17T17:11:36.0005996Z,LineDrive,v3,471355,471268,17 March 2024 13:00-cmichigan@miamioh,"Verburg, Spencer",1000240504,Right,CEN_MIC,9f7161fb-d5fa-45f3-8c5c-bb23089f77f3,54.89999,-107.96849,11.15844,4.74355,4.96395,-17.82076,0.91692,-1.8186,-1.38161,131.572857,1.29247,133.04053,-20.68793,4.58854,-0.94596,0.18362,-0.03281,0.00447,-0.0003,2.48689,29.90896,-15.18518,0.47668,0.00733,-0.00874,0.00026,0.00081,-0.00014,-0.41639,-13.49747,-4.16553,1.42174,-0.38323,0.08407,-0.01439,0.0016,-7E-05,,,,,,,,,,,,,,,,,,,,,,,High,High,High,High,High,,,
27,2024-03-17,13:12:07.72,2,1,"Waters, Evan",1000240507,Left,CEN_MIC,"MacDonald, Zach",1000061940,Right,MIA_RED,Undefined,1,Bottom,0,0,0,Fastball,Four-Seam,StrikeCalled,Undefined,Undefined,Undefined,0,0,,88.76512,-0.154155,1.728364,2012.208553,139.020977,10:45,4.81895,-1.06666,6.32577,-19.71525,15.52741,-12.4189,3.03399,-0.50945,80.1803,-3.934359,-0.518059,0.427273,,,,,,,,,,,,6.93052,8.46575,0.94573,50,4.7982,-3.37451,-128.84459,-0.88775,11.51326,29.70978,-18.11041,MIA_RED,CEN_MIC,McKieFieldStad,D1,MAC,20240317-McKieFieldStad-1,7c7dd700-e481-11ee-aea4-b7dfdbffd9f3,88.21625,,,8.58482,,,,,,,b24ae197-db0c-49a0-b090-a6c9874b4f44,2024-03-17,17:12:07.72,2024-03-17T13:12:07.7278572-04:00,2024-03-17T17:12:07.7278572Z,,v3,471355,471268,17 March 2024 13:00-cmichigan@miamioh,"Verburg, Spencer",1000240504,Right,CEN_MIC,1bc14cfe-4ff3-41f8-92d6-74ab4b6367e7,54.16861,-129.80226,14.85489,4.8174,-0.30398,-9.05521,1.06048,-3.74563,5.75663,,,,,,,,,,,,,,,,,,,,,,,,,,,,,,,,,,,,,,,,,,,,,,,,,,,High,High,High,,,,,
28,2024-03-17,13:12:24.81,2,2,"Waters, Evan",1000240507,Left,CEN_MIC,"MacDonald, Zach",1000061940,Right,MIA_RED,Undefined,1,Bottom,0,0,1,Fastball,Four-Seam,BallCalled,Undefined,Undefined,Undefined,0,0,,87.65125,0.552943,2.043823,2176.344636,147.179006,11:00,4.7849,-0.79457,6.32931,-16.80914,19.60403,-11.77599,3.89364,0.10691,78.51461,-2.729273,-0.085319,0.434311,,,,,,,,,,,,6.70855,10.33619,0.65026,50,4.81687,-4.04468,-127.08812,0.83327,10.76644,30.59239,-15.58568,MIA_RED,CEN_MIC,McKieFieldStad,D1,MAC,20240317-McKieFieldStad-1,868cc2b0-e481-11ee-aea4-b7dfdbffd9f3,86.78677,,,9.13664,,,,,,,b24ae197-db0c-49a0-b090-a6c9874b4f44,2024-03-17,17:12:24.81,2024-03-17T13:12:24.8124780-04:00,2024-03-17T17:12:24.8124780Z,,v3,471355,471268,17 March 2024 13:00-cmichigan@miamioh,"Verburg, Spencer",1000240504,Right,CEN_MIC,dc322b3d-d477-47f8-9b7b-b5627fb2520c,54.16283,-128.08627,15.29619,4.78139,1.34179,-7.79284,0.78796,-4.39595,5.38322,,,,,,,,,,,,,,,,,,,,,,,,,,,,,,,,,,,,,,,,,,,,,,,,,,,High,High,High,,,,,
29,2024-03-17,13:12:42.45,2,3,"Waters, Evan",1000240507,Left,CEN_MIC,"MacDonald, Zach",1000061940,Right,MIA_RED,Undefined,1,Bottom,0,1,1,ChangeUp,Changeup,InPlay,Undefined,FlyBall,Out,1,0,,77.30139,-0.583685,2.708208,1795.361046,127.033205,10:15,4.72027,-0.90058,6.23143,-31.5051,15.63891,-18.32997,1.55576,0.07221,69.42076,-6.561704,-0.601116,0.494179,87.6412,33.30466,-34.950661,3033.619015,87.69004,59.58849,-66.41096,242.75882,181.3244,-42.285957,4.373113,10.48186,8.81764,0.70741,50,4.66127,-4.65576,-112.04563,-1.96652,13.02175,24.53984,-21.21979,MIA_RED,CEN_MIC,McKieFieldStad,D1,MAC,20240317-McKieFieldStad-1,912e9f90-e481-11ee-aea4-b7dfdbffd9f3,76.27278,69.43024,,7.88063,,,,3.28474,2.04886,-0.17715,b24ae197-db0c-49a0-b090-a6c9874b4f44,2024-03-17,17:12:42.45,2024-03-17T13:12:42.4525164-04:00,2024-03-17T17:12:42.4525164Z,FlyBall,v3,471355,471268,17 March 2024 13:00-cmichigan@miamioh,"Verburg, Spencer",1000240504,Right,CEN_MIC,16ec705a-f16c-4344-94d3-c27e9ce570fa,54.26466,-112.9758,12.26992,4.72057,-1.16219,-10.6099,0.89324,-5.14934,6.51087,,3.28605,88.02572,-20.33874,4.44923,-0.94593,0.17289,-0.03228,0.00473,-0.00031,2.04883,70.57665,-21.69592,2.18052,-0.30988,-0.01567,0.02437,-0.00515,0.00035,-0.17792,-61.52873,6.91499,-0.28981,-0.08095,0.01318,0.00883,-0.0029,0.00025,,,,,,,,,,,,,,,,,,,,,,,High,High,High,High,Medium,,,
30,2024-03-17,13:13:15.84,3,1,"Waters, Evan",1000240507,Left,CEN_MIC,"Zaborowski, Ryland",695301,Right,MIA_RED,Undefined,1,Bottom,1,0,0,Fastball,Sinker,FoulBallNotFieldable,Undefined,Undefined,Undefined,0,0,,89.66179,-0.946269,1.886401,1943.97867,138.86132,10:45,4.93211,-0.87732,6.46979,-18.54391,16.09812,-12.92446,2.5172,-0.2213,80.40144,-4.533318,-0.458011,0.423617,73.20715,32.318008,144.761565,3039.91849,,,,,41.06929,,,7.42729,9.12225,0.74983,50,4.85717,-3.77358,-130.0935,-2.63714,12.45396,32.78162,-16.87795,MIA_RED,CEN_MIC,McKieFieldStad,D1,MAC,20240317-McKieFieldStad-1,a4f52f30-e481-11ee-aea4-b7dfdbffd9f3,88.9777,24.02371,,9.26036,,,,1.65593,2.51702,0.31233,b24ae197-db0c-49a0-b090-a6c9874b4f44,2024-03-17,17:13:15.84,2024-03-17T13:13:15.8426988-04:00,2024-03-17T17:13:15.8426988Z,,v3,471355,471268,17 March 2024 13:00-cmichigan@miamioh,"Verburg, Spencer",1000240504,Right,CEN_MIC,e458471d-c9a2-4a80-97a1-9609b3b4caa1,54.02623,-131.10412,16.39081,4.93044,-2.11681,-8.43897,0.87209,-4.15752,6.22698,,1.6529,-74.03024,6.66466,,,,,,,2.54167,56.72563,-26.7761,,,,,,,0.3215,52.10329,-7.75543,,,,,,,,,,,,,,,,,,,,,,,,,,,,,High,High,High,High,Low,,,
31,2024-03-17,13:13:35.46,3,2,"Waters, Evan",1000240507,Left,CEN_MIC,"Zaborowski, Ryland",695301,Right,MIA_RED,Undefined,1,Bottom,1,0,1,Curveball,Curveball,StrikeCalled,Undefined,Undefined,Undefined,0,0,,72.68666,4.046171,-0.187378,2188.442398,331.283819,5:00,4.83839,-0.66831,5.44864,-70.07224,-15.23934,9.43134,2.79339,-0.05779,65.64756,-8.728048,1.492055,0.532957,,,,,,,,,,,,-4.74918,-8.25611,0.67834,50,5.14855,-0.01444,-105.2115,5.14361,-5.22475,20.93399,-41.2569,MIA_RED,CEN_MIC,McKieFieldStad,D1,MAC,20240317-McKieFieldStad-1,b0b462f0-e481-11ee-aea4-b7dfdbffd9f3,70.72324,,,7.03909,,,,,,,b24ae197-db0c-49a0-b090-a6c9874b4f44,2024-03-17,17:13:35.46,2024-03-17T13:13:35.4688364-04:00,2024-03-17T17:13:35.4688364Z,,v3,471355,471268,17 March 2024 13:00-cmichigan@miamioh,"Verburg, Spencer",1000240504,Right,CEN_MIC,87a511f2-38c4-4225-bacb-dbca10cad38e,55.05151,-106.21184,10.467,4.85566,7.1151,-20.62845,0.67306,0.23523,-2.61238,,,,,,,,,,,,,,,,,,,,,,,,,,,,,,,,,,,,,,,,,,,,,,,,,,,High,High,High,,,,,
32,2024-03-17,13:13:54.37,3,3,"Waters, Evan",1000240507,Left,CEN_MIC,"Zaborowski, Ryland",695301,Right,MIA_RED,Undefined,1,Bottom,1,0,2,ChangeUp,Changeup,BallCalled,Undefined,Undefined,Undefined,0,0,,78.5124,-0.019376,2.072869,1894.216564,108.782078,9:45,4.5844,-1.06879,6.20907,-36.6036,8.44182,-20.39017,1.51621,-0.85403,71.57564,-6.861301,-1.610509,0.483055,,,,,,,,,,,,11.16068,4.83784,0.92303,50,4.5648,-3.39215,-114.02619,-1.08613,14.58209,22.45725,-25.85313,MIA_RED,CEN_MIC,McKieFieldStad,D1,MAC,20240317-McKieFieldStad-1,bc076760-e481-11ee-aea4-b7dfdbffd9f3,78.02929,,,6.93676,,,,,,,b24ae197-db0c-49a0-b090-a6c9874b4f44,2024-03-17,17:13:54.37,2024-03-17T13:13:54.3741292-04:00,2024-03-17T17:13:54.3741292Z,,v3,471355,471268,17 March 2024 13:00-cmichigan@miamioh,"Verburg, Spencer",1000240504,Right,CEN_MIC,40b8bb12-6e80-4bd1-9d4c-6197ea0de580,54.28875,-114.86774,11.22863,4.58735,-0.11732,-12.92657,1.06038,-3.9386,7.29105,,,,,,,,,,,,,,,,,,,,,,,,,,,,,,,,,,,,,,,,,,,,,,,,,,,High,High,High,,,,,
33,2024-03-17,13:14:14.83,3,4,"Waters, Evan",1000240507,Left,CEN_MIC,"Zaborowski, Ryland",695301,Right,MIA_RED,Undefined,1,Bottom,1,1,2,Fastball,Four-Seam,BallCalled,Undefined,Undefined,Undefined,0,0,,89.19701,1.137653,-0.082432,2261.445254,152.771177,11:00,4.87157,-0.88639,6.44122,-16.09946,18.87269,-9.05741,4.57545,-1.71692,79.95194,-2.013441,-1.724454,0.42563,,,,,,,,,,,,4.62622,9.78485,0.89553,50,4.94454,0.56516,-129.41281,2.19886,7.69972,31.68647,-15.88844,MIA_RED,CEN_MIC,McKieFieldStad,D1,MAC,20240317-McKieFieldStad-1,c84c1ed0-e481-11ee-aea4-b7dfdbffd9f3,88.55673,,,9.24507,,,,,,,b24ae197-db0c-49a0-b090-a6c9874b4f44,2024-03-17,17:14:14.83,2024-03-17T13:14:14.8330860-04:00,2024-03-17T17:14:14.8330860Z,,v3,471355,471268,17 March 2024 13:00-cmichigan@miamioh,"Verburg, Spencer",1000240504,Right,CEN_MIC,0bbf5e10-c157-4055-87fc-21ea4b37ad36,54.05061,-130.40081,15.84324,4.86825,2.69428,-7.94422,0.88165,0.32508,3.84986,,,,,,,,,,,,,,,,,,,,,,,,,,,,,,,,,,,,,,,,,,,,,,,,,,,High,High,High,,,,,
34,2024-03-17,13:14:34.27,3,5,"Waters, Evan",1000240507,Left,CEN_MIC,"Zaborowski, Ryland",695301,Right,MIA_RED,Undefined,1,Bottom,1,2,2,Curveball,Curveball,StrikeCalled,Strikeout,Undefined,Undefined,0,0,,73.68072,3.553537,-0.879479,2241.9331,338.357117,5:15,4.80641,-0.71519,5.56325,-74.71106,-20.56529,9.06205,1.90486,-0.7817,65.4835,-10.114862,0.740264,0.529607,,,,,,,,,,,,-4.86768,-10.93989,0.78512,50,5.06535,1.28599,-106.52249,4.13663,-5.37159,25.03527,-44.24647,MIA_RED,CEN_MIC,McKieFieldStad,D1,MAC,20240317-McKieFieldStad-1,d3d1f310-e481-11ee-aea4-b7dfdbffd9f3,71.17059,,,8.19722,,,,,,,b24ae197-db0c-49a0-b090-a6c9874b4f44,2024-03-17,17:14:34.27,2024-03-17T13:14:34.2764908-04:00,2024-03-17T17:14:34.2764908Z,,v3,471355,471268,17 March 2024 13:00-cmichigan@miamioh,"Verburg, Spencer",1000240504,Right,CEN_MIC,06a4b3e6-786b-4e28-a177-03265350bc99,54.93547,-107.67619,12.51763,4.82774,6.17564,-22.12324,0.72016,1.53353,-2.68579,,,,,,,,,,,,,,,,,,,,,,,,,,,,,,,,,,,,,,,,,,,,,,,,,,,High,High,High,,,,,
35,2024-03-17,13:14:59.87,4,1,"Waters, Evan",1000240507,Left,CEN_MIC,"Novak, Ryan",10035937,Left,MIA_RED,Undefined,1,Bottom,2,0,0,Slider,Curveball,StrikeCalled,Undefined,Undefined,Undefined,0,0,,75.06864,1.927966,1.105706,2286.334694,313.96812,4:30,4.64022,-1.04131,5.51442,-52.16837,-1.32429,3.18339,2.09663,0.258,68.20343,-7.639058,1.673237,0.513206,,,,,,,,,,,,-1.25244,-0.70323,0.94281,50,4.77366,-2.22179,-108.82644,1.98518,-1.48485,21.13433,-33.00778,MIA_RED,CEN_MIC,McKieFieldStad,D1,MAC,20240317-McKieFieldStad-1,e307d700-e481-11ee-aea4-b7dfdbffd9f3,73.44508,,,6.86521,,,,,,,b24ae197-db0c-49a0-b090-a6c9874b4f44,2024-03-17,17:14:59.87,2024-03-17T13:14:59.8704492-04:00,2024-03-17T17:14:59.8704492Z,,v3,471355,471268,17 March 2024 13:00-cmichigan@miamioh,"Verburg, Spencer",1000240504,Right,CEN_MIC,4684ba8d-60ed-4948-843b-de4fd9f13940,54.98201,-109.7897,10.56716,4.64889,3.4896,-16.50389,1.04254,-2.15412,-0.74243,,,,,,,,,,,,,,,,,,,,,,,,,,,,,,,,,,,,,,,,,,,,,,,,,,,High,High,High,,,,,
36,2024-03-17,13:15:14.93,4,2,"Waters, Evan",1000240507,Left,CEN_MIC,"Novak, Ryan",10035937,Left,MIA_RED,Undefined,1,Bottom,2,0,1,Slider,Curveball,BallinDirt,Undefined,Undefined,Undefined,0,0,,76.94201,-0.26638,3.425643,2413.515608,333.991273,5:15,4.74874,-0.69274,5.78127,-57.33629,-8.14583,4.95945,-0.27756,2.91155,68.906,-10.77608,4.314082,0.504791,,,,,,,,,,,,-1.19854,-3.56028,0.40687,50,4.69249,-6.84369,-111.2525,-2.34281,-1.44447,27.08858,-36.46486,MIA_RED,CEN_MIC,McKieFieldStad,D1,MAC,20240317-McKieFieldStad-1,ec0070b0-e481-11ee-aea4-b7dfdbffd9f3,74.66933,,,8.03601,,,,,,,b24ae197-db0c-49a0-b090-a6c9874b4f44,2024-03-17,17:15:14.93,2024-03-17T13:15:14.9350252-04:00,2024-03-17T17:15:14.9350252Z,,v3,471355,471268,17 March 2024 13:00-cmichigan@miamioh,"Verburg, Spencer",1000240504,Right,CEN_MIC,b0f3d59d-0d29-47eb-af88-64089d706047,54.71531,-112.39476,13.54429,4.75886,-0.80518,-18.23243,0.69416,-6.78279,-0.72223,,,,,,,,,,,,,,,,,,,,,,,,,,,,,,,,,,,,,,,,,,,,,,,,,,,High,High,High,,,,,
37,2024-03-17,13:15:37.44,4,3,"Waters, Evan",1000240507,Left,CEN_MIC,"Novak, Ryan",10035937,Left,MIA_RED,Undefined,1,Bottom,2,1,1,Fastball,Four-Seam,InPlay,Undefined,Popup,Out,1,0,,87.53538,-0.818036,1.272576,2160.074885,150.513559,11:00,4.82212,-1.0792,6.59355,-18.10162,17.96623,-9.40882,2.56391,-0.69712,78.69109,-4.337716,-0.438452,0.432247,58.87631,69.964032,-65.324088,5095.108696,,,,,26.50166,,,5.38784,10.10867,0.99594,50,4.75855,-2.46757,-127.0956,-2.25255,8.64333,30.72084,-15.95743,MIA_RED,CEN_MIC,McKieFieldStad,D1,MAC,20240317-McKieFieldStad-1,f95e8760-e481-11ee-aea4-b7dfdbffd9f3,87.20124,72.728,,8.84429,,,,1.59949,4.39491,0.26234,b24ae197-db0c-49a0-b090-a6c9874b4f44,2024-03-17,17:15:37.44,2024-03-17T13:15:37.4443372-04:00,2024-03-17T17:15:37.4443372Z,,v3,471355,471268,17 March 2024 13:00-cmichigan@miamioh,"Verburg, Spencer",1000240504,Right,CEN_MIC,cbfa0852-08c4-48fe-a39b-c27acebd66e9,53.90243,-128.0354,15.36042,4.81999,-1.76438,-7.97871,1.07547,-2.73198,4.32167,164.725745,1.59949,12.35129,-11.08256,3.87738,-1.01101,0.25236,-0.07069,0.01794,-0.00256,4.39491,81.12557,-23.22342,2.14762,-0.27552,0.0206,-0.00693,0.00382,-0.00065,0.26234,-26.88339,6.19171,-1.5907,0.32809,-0.07244,0.02281,-0.0069,0.00111,,,,,,,,,,,,,,,,,,,,,,,High,High,High,Medium,Low,,,
38,2024-03-17,13:17:44.09,1,1,"Vardavas, Nick",1000241952,Left,MIA_RED,"Verburg, Spencer",1000240504,Right,CEN_MIC,Undefined,2,Top,0,0,0,Fastball,Changeup,BallCalled,Undefined,Undefined,Undefined,0,0,,83.41109,-0.607745,4.016205,1958.854622,114.913388,9:45,5.32072,-1.60922,5.73461,-33.23573,8.30036,-14.32737,1.98372,0.9429,74.55354,-6.809284,1.458405,0.463857,,,,,,,,,,,,8.69504,4.89988,1.28318,50,5.24999,-7.87494,-120.56787,-2.36138,12.47165,29.02735,-25.14593,MIA_RED,CEN_MIC,McKieFieldStad,D1,MAC,20240317-McKieFieldStad-1,44fe6c30-e482-11ee-aea4-b7dfdbffd9f3,81.25873,,,8.85755,,,,,,,b24ae197-db0c-49a0-b090-a6c9874b4f44,2024-03-17,17:17:44.09,2024-03-17T13:17:44.0986988-04:00,2024-03-17T17:17:44.0986988Z,,v3,471355,471268,17 March 2024 13:00-cmichigan@miamioh,"Novak, David",1000076952,Right,MIA_RED,f51ce986-aaac-4068-962b-af76ef34e065,54.7599,-121.70845,14.51368,5.32336,-1.37332,-12.57297,1.60223,-8.36499,6.23583,,,,,,,,,,,,,,,,,,,,,,,,,,,,,,,,,,,,,,,,,,,,,,,,,,,High,High,High,,,,,
39,2024-03-17,13:17:59.40,1,2,"Vardavas, Nick",1000241952,Left,MIA_RED,"Verburg, Spencer",1000240504,Right,CEN_MIC,Undefined,2,Top,0,1,0,Cutter,Slider,BallCalled,Undefined,Undefined,Undefined,0,0,,80.29396,-0.733754,3.45309,2336.268203,146.535102,11:00,5.16683,-1.9486,5.32363,-38.36163,7.02099,-3.48614,1.28019,1.00513,72.17142,-7.795432,2.835059,0.48486,,,,,,,,,,,,2.96177,4.22776,1.6386,50,5.07301,-6.86347,-116.08062,-2.77611,3.94631,26.48513,-26.54094,MIA_RED,CEN_MIC,McKieFieldStad,D1,MAC,20240317-McKieFieldStad-1,4e25b700-e482-11ee-aea4-b7dfdbffd9f3,77.73883,,,8.12255,,,,,,,b24ae197-db0c-49a0-b090-a6c9874b4f44,2024-03-17,17:17:59.40,2024-03-17T13:17:59.4081644-04:00,2024-03-17T17:17:59.4081644Z,,v3,471355,471268,17 March 2024 13:00-cmichigan@miamioh,"Novak, David",1000076952,Right,MIA_RED,5878af27-bab5-4961-894f-faa05faf143b,55.17211,-117.25476,13.24257,5.17,-1.59949,-13.27047,1.94675,-7.03842,1.97315,,,,,,,,,,,,,,,,,,,,,,,,,,,,,,,,,,,,,,,,,,,,,,,,,,,High,High,High,,,,,
40,2024-03-17,13:18:16.50,1,3,"Vardavas, Nick",1000241952,Left,MIA_RED,"Verburg, Spencer",1000240504,Right,CEN_MIC,Undefined,2,Top,0,2,0,Fastball,Changeup,FoulBallNotFieldable,Undefined,Undefined,Undefined,0,0,,84.65926,-0.335649,3.837974,2053.770614,123.291445,10:00,5.24957,-1.92401,5.67374,-27.63064,12.32977,-16.56111,2.6334,0.27929,76.29348,-5.508752,0.88513,0.454974,,,,,,,,,,,,9.63571,6.7791,1.61056,50,5.20411,-7.53067,-122.53506,-1.60736,14.43913,27.4683,-22.01554,MIA_RED,CEN_MIC,McKieFieldStad,D1,MAC,20240317-McKieFieldStad-1,58384c30-e482-11ee-aea4-b7dfdbffd9f3,82.8453,,,8.36578,,,,,,,b24ae197-db0c-49a0-b090-a6c9874b4f44,2024-03-17,17:18:16.50,2024-03-17T13:18:16.5076844-04:00,2024-03-17T17:18:16.5076844Z,,v3,471355,471268,17 March 2024 13:00-cmichigan@miamioh,"Novak, David",1000076952,Right,MIA_RED,692bdd0f-b96c-4a5c-8082-74280bec3e8e,54.82247,-123.61137,13.73415,5.25019,-0.7447,-11.00777,1.91672,-8.09644,7.21956,,,,,,,,,,,,,,,,,,,,,,,,,,,,,,,,,,,,,,,,,,,,,,,,,,,High,High,High,,,,,
41,2024-03-17,13:18:57.34,1,4,"Vardavas, Nick",1000241952,Left,MIA_RED,"Verburg, Spencer",1000240504,Right,CEN_MIC,Undefined,2,Top,0,2,1,Cutter,Slider,InPlay,Undefined,GroundBall,Out,1,0,,79.16108,0.517341,2.182467,2334.27033,147.779255,11:00,5.16966,-1.91589,5.32911,-40.15408,5.42599,-2.51358,2.30927,-0.07658,72.5498,-6.830101,1.736232,0.485913,103.33861,4.073022,-33.332418,2652.609673,,,,89.11059,86.81433,-35.183632,0.64629,1.87831,2.98087,1.72052,50,5.18748,-4.27724,-114.84554,-0.31535,2.50695,21.40087,-28.19552,MIA_RED,CEN_MIC,McKieFieldStad,D1,MAC,20240317-McKieFieldStad-1,709246a0-e482-11ee-aea4-b7dfdbffd9f3,77.57029,3.56825,,6.61127,,,,1.39742,2.35546,0.04704,b24ae197-db0c-49a0-b090-a6c9874b4f44,2024-03-17,17:18:57.34,2024-03-17T13:18:57.3406060-04:00,2024-03-17T17:18:57.3406060Z,GroundBall,v3,471355,471268,17 March 2024 13:00-cmichigan@miamioh,"Novak, David",1000076952,Right,MIA_RED,13628230-39ac-4369-8140-fef6ea207d95,55.16891,-115.80473,10.70044,5.1733,0.94838,-14.09776,1.91474,-4.3896,1.25347,,1.45529,125.0936,-22.80218,,,,,,,2.39788,9.87119,-21.10743,,,,,,,0.04966,-83.13388,5.5823,,,,,,,,,,,,,,,,,,,,,,,,,,,,,High,High,High,High,High,,,
42,2024-03-17,13:19:30.61,2,1,"Vardavas, Nick",1000241952,Left,MIA_RED,"Loikits, Andrew",10048866,Right,CEN_MIC,Undefined,2,Top,1,0,0,Fastball,Changeup,StrikeCalled,Undefined,Undefined,Undefined,0,0,,86.62532,-1.441309,3.766435,2043.723217,121.411814,10:00,5.33362,-1.63865,5.69079,-25.33651,12.91914,-18.80938,1.87579,0.30919,77.93137,-6.196319,0.409627,0.445163,,,,,,,,,,,,10.72095,7.43996,1.33342,50,5.19672,-7.43503,-125.31544,-3.97963,16.7628,29.28091,-20.54129,MIA_RED,CEN_MIC,McKieFieldStad,D1,MAC,20240317-McKieFieldStad-1,847f9820-e482-11ee-aea4-b7dfdbffd9f3,84.67109,,,8.69395,,,,,,,b24ae197-db0c-49a0-b090-a6c9874b4f44,2024-03-17,17:19:30.61,2024-03-17T13:19:30.6129772-04:00,2024-03-17T17:19:30.6129772Z,,v3,471355,471268,17 March 2024 13:00-cmichigan@miamioh,"Novak, David",1000076952,Right,MIA_RED,d03e834d-f4e6-489a-b505-e1e841e368e3,54.80431,-126.43302,14.64045,5.33365,-3.19562,-10.27064,1.62941,-8.07483,8.3814,,,,,,,,,,,,,,,,,,,,,,,,,,,,,,,,,,,,,,,,,,,,,,,,,,,High,High,High,,,,,
43,2024-03-17,13:19:44.14,2,2,"Vardavas, Nick",1000241952,Left,MIA_RED,"Loikits, Andrew",10048866,Right,CEN_MIC,Undefined,2,Top,1,0,1,Fastball,Changeup,StrikeSwinging,Undefined,Undefined,Undefined,0,0,,86.16851,-1.865665,3.689199,2052.583857,122.836019,10:00,5.28374,-1.91278,5.88062,-27.08501,11.18418,-15.17804,1.28988,0.25314,77.89985,-6.933027,0.970013,0.445242,,,,,,,,,,,,8.93654,6.71922,1.62337,50,5.11732,-7.41589,-124.72982,-4.93524,13.88284,28.34034,-21.73577,MIA_RED,CEN_MIC,McKieFieldStad,D1,MAC,20240317-McKieFieldStad-1,8c673700-e482-11ee-aea4-b7dfdbffd9f3,84.6561,,,8.26866,,,,,,,b24ae197-db0c-49a0-b090-a6c9874b4f44,2024-03-17,17:19:44.14,2024-03-17T13:19:44.1450348-04:00,2024-03-17T17:19:44.1450348Z,,v3,471355,471268,17 March 2024 13:00-cmichigan@miamioh,"Novak, David",1000076952,Right,MIA_RED,b381438e-52d3-4183-bcc1-a9adbef275bf,54.61564,-125.77419,14.17017,5.28443,-4.13426,-10.86788,1.90608,-7.92748,6.94142,,,,,,,,,,,,,,,,,,,,,,,,,,,,,,,,,,,,,,,,,,,,,,,,,,,High,High,High,,,,,
44,2024-03-17,13:20:00.49,2,3,"Vardavas, Nick",1000241952,Left,MIA_RED,"Loikits, Andrew",10048866,Right,CEN_MIC,Undefined,2,Top,1,0,2,Fastball,Sinker,StrikeSwinging,Strikeout,Undefined,Undefined,0,0,,87.28092,-0.857518,3.190992,2098.79902,124.51734,10:15,5.30895,-1.65624,5.80142,-26.17738,11.07623,-14.19717,2.32868,0.1315,78.97951,-5.756705,0.650604,0.439294,,,,,,,,,,,,8.18339,6.30201,1.40233,50,5.22302,-6.4417,-126.45561,-2.75321,13.10769,28.39045,-22.07987,MIA_RED,CEN_MIC,McKieFieldStad,D1,MAC,20240317-McKieFieldStad-1,964aa5e0-e482-11ee-aea4-b7dfdbffd9f3,85.80227,,,8.30141,,,,,,,b24ae197-db0c-49a0-b090-a6c9874b4f44,2024-03-17,17:20:00.49,2024-03-17T13:20:00.4960000-04:00,2024-03-17T17:20:00.4960000Z,,v3,471355,471268,17 March 2024 13:00-cmichigan@miamioh,"Novak, David",1000076952,Right,MIA_RED,31aff5ef-9264-4117-aab7-f576e0bf8083,54.69403,-127.50511,14.19523,5.30971,-1.93699,-11.03993,1.64942,-6.92625,6.55385,,,,,,,,,,,,,,,,,,,,,,,,,,,,,58.25178,2.734161,1.464678,1.269482,-1.34937,2.04274,-0.15972,-2.65659,5.50226,1.55727,71.29513,11.49166,-53.48108,-2.52241,63.18433,-3.93062,5.70331,23.39057,-14.77236,1.35681,-48.95439,4.47989,High,High,High,,,High,High,High
45,2024-03-17,13:20:32.45,3,1,"Vardavas, Nick",1000241952,Left,MIA_RED,"Brill, Jake",1000240505,Right,CEN_MIC,Undefined,2,Top,2,0,0,Fastball,Four-Seam,InPlay,Undefined,Popup,Out,1,0,,87.41691,-1.008052,3.630018,2135.46952,136.786116,10:30,5.34961,-1.5916,5.78849,-22.31312,14.46729,-12.48894,2.55045,0.74907,79.89183,-5.190989,1.398435,0.436495,69.69798,66.496906,-2.418978,4486.395134,,,,,46.15934,,,7.4067,8.0152,1.30009,50,5.25313,-7.52498,-126.75413,-2.94316,12.05456,25.81632,-19.12907,MIA_RED,CEN_MIC,McKieFieldStad,D1,MAC,20240317-McKieFieldStad-1,a92d6530-e482-11ee-aea4-b7dfdbffd9f3,86.35242,99.45449,,7.52507,,,,1.54338,2.47594,-0.74269,b24ae197-db0c-49a0-b090-a6c9874b4f44,2024-03-17,17:20:32.45,2024-03-17T13:20:32.4532588-04:00,2024-03-17T17:20:32.4532588Z,,v3,471355,471268,17 March 2024 13:00-cmichigan@miamioh,"Novak, David",1000076952,Right,MIA_RED,31feabbc-0701-4351-9b08-32feac3047a1,54.7098,-127.70979,12.90816,5.34897,-2.23505,-9.56453,1.58691,-7.97121,6.02728,199.238365,1.54339,40.73022,-13.00305,3.78057,-0.89501,0.19779,-0.04431,0.00738,-0.00061,2.47594,93.7429,-24.52374,2.47762,-0.29993,0.00704,0.00694,-0.0025,0.00062,-0.74269,-1.72057,8.0497,-3.42711,1.01511,-0.26118,0.06195,-0.01101,0.00106,,,,,,,,,,,,,,,,,,,,,,,High,High,High,High,Low,,,
46,2024-03-17,13:22:31.09,1,1,"Waters, Evan",1000240507,Left,CEN_MIC,"Baker, Dillon",1000034148,Right,MIA_RED,Undefined,2,Bottom,0,0,0,Fastball,Four-Seam,BallCalled,Undefined,Undefined,Undefined,0,0,,86.76474,0.794982,1.149276,2236.00496,147.874935,11:00,5.00465,-0.78701,6.32258,-18.77718,18.7284,-10.82402,4.17222,-0.63045,77.03177,-2.870905,-0.808545,0.440777,,,,,,,,,,,,5.95217,9.81162,0.70745,50,5.05359,-2.0713,-125.71893,1.29035,9.25307,32.29209,-16.92117,MIA_RED,CEN_MIC,McKieFieldStad,D1,MAC,20240317-McKieFieldStad-1,f0038cf0-e482-11ee-aea4-b7dfdbffd9f3,85.51359,,,9.73297,,,,,,,b24ae197-db0c-49a0-b090-a6c9874b4f44,2024-03-17,17:22:31.09,2024-03-17T13:22:31.0928748-04:00,2024-03-17T17:22:31.0928748Z,,v3,471355,471268,17 March 2024 13:00-cmichigan@miamioh,"Verburg, Spencer",1000240504,Right,CEN_MIC,94c860f6-6544-448f-b9d8-3d20ccb0e7bf,54.1678,-126.78495,16.14604,5.00178,1.84895,-8.46059,0.78087,-2.37676,4.62654,,,,,,,,,,,,,,,,,,,,,,,,,,,,,,,,,,,,,,,,,,,,,,,,,,,High,High,High,,,,,
47,2024-03-17,13:22:45.10,1,2,"Waters, Evan",1000240507,Left,CEN_MIC,"Baker, Dillon",1000034148,Right,MIA_RED,Undefined,2,Bottom,0,1,0,Fastball,Four-Seam,InPlay,Undefined,Popup,Out,1,0,,88.43936,-1.619993,2.649909,2316.1178,150.709604,11:00,4.87091,-0.75233,6.52873,-16.63713,19.20659,-9.96524,1.9964,0.84986,78.73485,-4.885634,0.842027,0.430901,69.83122,59.566283,-4.290392,3882.206465,109.71112,95.52237,7.96578,167.39519,85.97402,6.686066,4.825813,6.19567,11.06445,0.57224,50,4.75106,-5.53981,-128.12766,-4.0121,10.00004,33.64147,-14.3156,MIA_RED,CEN_MIC,McKieFieldStad,D1,MAC,20240317-McKieFieldStad-1,f840c5e0-e482-11ee-aea4-b7dfdbffd9f3,87.47347,99.48053,,9.7045,,,,1.83264,1.90068,-0.82275,b24ae197-db0c-49a0-b090-a6c9874b4f44,2024-03-17,17:22:45.10,2024-03-17T13:22:45.1057004-04:00,2024-03-17T17:22:45.1057004Z,Popup,v3,471355,471268,17 March 2024 13:00-cmichigan@miamioh,"Verburg, Spencer",1000240504,Right,CEN_MIC,37a7a6d0-ad7c-46d0-bf90-ce570a0c3651,53.96571,-129.1647,16.82073,4.86794,-3.5708,-7.1578,0.74776,-5.84807,5.00002,205.687932,1.8241,51.91713,-12.1527,5.08031,-1.95345,0.61962,-0.12917,0.01538,-0.00082,1.89401,88.47711,-24.99738,4.03937,-1.81349,0.74659,-0.18486,0.02365,-0.00128,-0.81459,-4.06382,7.12466,-3.95984,1.89261,-0.69324,0.15858,-0.01987,0.00107,,,,,,,,,,,,,,,,,,,,,,,High,High,High,High,Low,,,
48,2024-03-17,13:23:16.91,2,1,"Waters, Evan",1000240507,Left,CEN_MIC,"Zarlingo, Anthony",1000113533,Right,MIA_RED,Undefined,2,Bottom,1,0,0,Curveball,Curveball,BallinDirt,Undefined,Undefined,Undefined,0,0,,72.93471,2.269874,-0.055453,2400.895274,349.646663,5:45,4.87389,-0.847,6.02205,-74.71102,-20.01863,4.09977,0.75142,-0.55671,64.60313,-11.516413,0.685283,0.532273,,,,,,,,,,,,-2.11969,-10.50461,0.84919,50,5.01251,-0.0442,-105.57325,1.90832,-2.27206,26.36462,-43.43384,MIA_RED,CEN_MIC,McKieFieldStad,D1,MAC,20240317-McKieFieldStad-1,0b4bcdb0-e483-11ee-aea4-b7dfdbffd9f3,70.81405,,,8.33157,,,,,,,b24ae197-db0c-49a0-b090-a6c9874b4f44,2024-03-17,17:23:16.91,2024-03-17T13:23:16.9139052-04:00,2024-03-17T17:23:16.9139052Z,,v3,471355,471268,17 March 2024 13:00-cmichigan@miamioh,"Verburg, Spencer",1000240504,Right,CEN_MIC,cb39ed50-0701-47f2-8514-2b87567fdb7e,54.47562,-106.68508,13.18231,4.89341,3.73999,-21.71692,0.84903,0.05162,-1.13603,,,,,,,,,,,,,,,,,,,,,,,,,,,,,,,,,,,,,,,,,,,,,,,,,,,High,High,High,,,,,
49,2024-03-17,13:23:32.38,2,2,"Waters, Evan",1000240507,Left,CEN_MIC,"Zarlingo, Anthony",1000113533,Right,MIA_RED,Undefined,2,Bottom,1,1,0,Curveball,Curveball,StrikeCalled,Undefined,Undefined,Undefined,0,0,,71.75834,4.435037,-1.366087,2274.915208,329.572351,5:00,4.82683,-0.64649,5.95447,-79.50024,-22.19308,14.62304,2.32415,-0.69501,62.69793,-10.267014,1.264745,0.544849,,,,,,,,,,,,-7.94,-12.20406,0.74755,50,5.13853,1.92413,-103.53256,5.55545,-8.12955,26.37941,-44.66944,MIA_RED,CEN_MIC,McKieFieldStad,D1,MAC,20240317-McKieFieldStad-1,14a2b400-e483-11ee-aea4-b7dfdbffd9f3,69.17967,,,9.06041,,,,,,,b24ae197-db0c-49a0-b090-a6c9874b4f44,2024-03-17,17:23:32.38,2024-03-17T13:23:32.3850092-04:00,2024-03-17T17:23:32.3850092Z,,v3,471355,471268,17 March 2024 13:00-cmichigan@miamioh,"Verburg, Spencer",1000240504,Right,CEN_MIC,01985b06-cfb2-4bc4-9593-48907c5b8a1d,54.54193,-104.68342,13.18971,4.85365,7.50425,-22.33472,0.65587,2.2788,-4.06477,,,,,,,,,,,,,,,,,,,,,,,,,,,,,,,,,,,,,,,,,,,,,,,,,,,High,High,High,,,,,
50,2024-03-17,13:23:47.46,2,3,"Waters, Evan",1000240507,Left,CEN_MIC,"Zarlingo, Anthony",1000113533,Right,MIA_RED,Undefined,2,Bottom,1,1,1,ChangeUp,Changeup,StrikeSwinging,Undefined,Undefined,Undefined,0,0,,80.21691,-0.583459,2.000835,1958.149327,119.270299,10:00,4.65858,-0.82964,6.21755,-32.30435,13.33363,-19.64934,1.4278,-0.62001,69.20636,-6.803712,-1.548973,0.486222,,,,,,,,,,,,10.93544,7.80138,0.68836,50,4.59975,-3.25647,-115.7646,-2.05438,13.89467,34.37057,-22.26152,MIA_RED,CEN_MIC,McKieFieldStad,D1,MAC,20240317-McKieFieldStad-1,1d9b74c0-e483-11ee-aea4-b7dfdbffd9f3,77.52105,,,11.01055,,,,,,,b24ae197-db0c-49a0-b090-a6c9874b4f44,2024-03-17,17:23:47.46,2024-03-17T13:23:47.4631020-04:00,2024-03-17T17:23:47.4631020Z,,v3,471355,471268,17 March 2024 13:00-cmichigan@miamioh,"Verburg, Spencer",1000240504,Right,CEN_MIC,e697d8c4-9b35-47f2-9c33-88cf41aa9a45,54.26776,-117.02485,17.18528,4.66011,-1.23814,-11.13076,0.81711,-3.76594,6.94734,,,,,,,,,,,,,,,,,,,,,,,,,,,,,,,,,,,,,,,,,,,,,,,,,,,High,High,High,,,,,
51,2024-03-17,13:24:09.14,2,4,"Waters, Evan",1000240507,Left,CEN_MIC,"Zarlingo, Anthony",1000113533,Right,MIA_RED,Undefined,2,Bottom,1,1,2,Fastball,Four-Seam,BallCalled,Undefined,Undefined,Undefined,0,0,,89.1401,0.622402,2.284444,2265.896093,147.669615,11:00,4.83888,-0.52688,6.53001,-13.09225,21.78289,-12.98607,4.31928,0.48764,79.956,-1.984758,-0.071978,0.42504,,,,,,,,,,,,7.46953,11.5082,0.37288,50,4.87575,-4.62846,-129.31614,1.16135,12.43061,31.2993,-13.02235,MIA_RED,CEN_MIC,McKieFieldStad,D1,MAC,20240317-McKieFieldStad-1,2a6c8db0-e483-11ee-aea4-b7dfdbffd9f3,88.67982,,,9.1841,,,,,,,b24ae197-db0c-49a0-b090-a6c9874b4f44,2024-03-17,17:24:09.14,2024-03-17T13:24:09.1453292-04:00,2024-03-17T17:24:09.1453292Z,,v3,471355,471268,17 March 2024 13:00-cmichigan@miamioh,"Verburg, Spencer",1000240504,Right,CEN_MIC,090f07e7-45b9-48d6-9f67-414be858b767,53.96347,-130.27192,15.64965,4.83421,1.55901,-6.51117,0.52001,-5.00805,6.21531,,,,,,,,,,,,,,,,,,,,,,,,,,,,,,,,,,,,,,,,,,,,,,,,,,,High,High,High,,,,,
52,2024-03-17,13:24:25.12,2,5,"Waters, Evan",1000240507,Left,CEN_MIC,"Zarlingo, Anthony",1000113533,Right,MIA_RED,Undefined,2,Bottom,1,2,2,Curveball,Curveball,InPlay,Undefined,GroundBall,Out,1,0,,73.34738,3.374434,-0.290578,2224.515073,340.140961,5:15,4.67619,-0.68626,5.51321,-73.46697,-18.89048,7.63481,1.71299,-0.32175,65.37446,-10.054573,1.072962,0.531709,93.21339,-4.841335,-26.046578,,,,,17.35202,17.35202,-20.981529,0.116212,-3.96693,-10.25312,0.70623,50,4.92118,0.25352,-106.09195,3.86841,-4.35272,24.44631,-43.42424,MIA_RED,CEN_MIC,McKieFieldStad,D1,MAC,20240317-McKieFieldStad-1,33f27340-e483-11ee-aea4-b7dfdbffd9f3,70.88919,1.7358,,7.97292,,,,2.29534,1.7358,0.56176,b24ae197-db0c-49a0-b090-a6c9874b4f44,2024-03-17,17:24:25.12,2024-03-17T13:24:25.1279212-04:00,2024-03-17T17:24:25.1279212Z,GroundBall,v3,471355,471268,17 March 2024 13:00-cmichigan@miamioh,"Verburg, Spencer",1000240504,Right,CEN_MIC,99d30032-8cec-430c-b654-16aa83ac4c6d,54.98649,-107.2348,12.22315,4.69288,5.89848,-21.71212,0.68962,0.45701,-2.17636,354.16687,2.29559,122.36154,-23.26362,,,,,,,1.73631,-11.59585,-28.82578,,,,,,,0.5616,-59.79834,12.93211,,,,,,,,,,,,,,,,,,,,,,,,,,,,,High,High,High,High,High,,,
53,2024-03-17,13:24:55.75,3,1,"Waters, Evan",1000240507,Left,CEN_MIC,"Novak, David",1000076952,Right,MIA_RED,Undefined,2,Bottom,2,0,0,Fastball,Four-Seam,BallCalled,Undefined,Undefined,Undefined,0,0,,89.0096,0.023122,-0.398747,2238.243431,153.207736,11:00,4.80994,-0.74553,6.56197,-15.37938,19.16296,-9.1006,3.54953,-1.86948,80.78723,-2.973194,-2.052433,0.423007,,,,,,,,,,,,4.61591,10.36127,0.77621,50,4.80446,1.26166,-129.36092,-0.29887,7.76568,28.79082,-14.74249,MIA_RED,CEN_MIC,McKieFieldStad,D1,MAC,20240317-McKieFieldStad-1,4641a520-e483-11ee-aea4-b7dfdbffd9f3,89.10602,,,8.22237,,,,,,,b24ae197-db0c-49a0-b090-a6c9874b4f44,2024-03-17,17:24:55.75,2024-03-17T13:24:55.7559660-04:00,2024-03-17T17:24:55.7559660Z,,v3,471355,471268,17 March 2024 13:00-cmichigan@miamioh,"Verburg, Spencer",1000240504,Right,CEN_MIC,408c776a-9192-4d13-8160-caf64f77f47a,53.93304,-130.23332,14.39541,4.80675,0.14785,-7.37124,0.74155,1.02635,3.88284,,,,,,,,,,,,,,,,,,,,,,,,,,,,,,,,,,,,,,,,,,,,,,,,,,,High,High,High,,,,,
54,2024-03-17,13:25:10.17,3,2,"Waters, Evan",1000240507,Left,CEN_MIC,"Novak, David",1000076952,Right,MIA_RED,Undefined,2,Bottom,2,1,0,Fastball,Four-Seam,StrikeSwinging,Undefined,Undefined,Undefined,0,0,,90.07565,-0.419704,1.598503,2235.999442,146.994328,11:00,4.77741,-0.59436,6.48741,-14.44682,19.55966,-11.93406,3.18803,-0.12095,81.32198,-3.250225,-0.566782,0.419713,,,,,,,,,,,,6.66729,10.66426,0.48659,50,4.74104,-3.15732,-130.78458,-1.27973,11.41202,30.61144,-13.92062,MIA_RED,CEN_MIC,McKieFieldStad,D1,MAC,20240317-McKieFieldStad-1,4edcdc90-e483-11ee-aea4-b7dfdbffd9f3,89.80531,,,8.75367,,,,,,,b24ae197-db0c-49a0-b090-a6c9874b4f44,2024-03-17,17:25:10.17,2024-03-17T13:25:10.1771116-04:00,2024-03-17T17:25:10.1771116Z,,v3,471355,471268,17 March 2024 13:00-cmichigan@miamioh,"Verburg, Spencer",1000240504,Right,CEN_MIC,72cce6d6-ca99-4bf2-9538-e13d1594f2ae,54.00671,-131.71905,15.30572,4.77362,-0.85478,-6.96031,0.58829,-3.50569,5.70601,,,,,,,,,,,,,,,,,,,,,,,,,,,,,,,,,,,,,,,,,,,,,,,,,,,High,High,High,,,,,
55,2024-03-17,13:25:26.74,3,3,"Waters, Evan",1000240507,Left,CEN_MIC,"Novak, David",1000076952,Right,MIA_RED,Undefined,2,Bottom,2,1,1,Fastball,Four-Seam,StrikeSwinging,Undefined,Undefined,Undefined,0,0,,89.34515,0.184938,1.809316,2256.271485,148.121969,11:00,4.75245,-0.65551,6.63955,-15.77887,18.55391,-10.8043,3.60692,0.10096,80.719,-2.897427,-0.156194,0.421722,,,,,,,,,,,,6.18437,10.01709,0.53691,50,4.75792,-3.66821,-129.75896,0.06254,10.42921,29.91433,-15.28144,MIA_RED,CEN_MIC,McKieFieldStad,D1,MAC,20240317-McKieFieldStad-1,58c02460-e483-11ee-aea4-b7dfdbffd9f3,89.37754,,,8.62614,,,,,,,b24ae197-db0c-49a0-b090-a6c9874b4f44,2024-03-17,17:25:26.74,2024-03-17T13:25:26.7408236-04:00,2024-03-17T17:25:26.7408236Z,,v3,471355,471268,17 March 2024 13:00-cmichigan@miamioh,"Verburg, Spencer",1000240504,Right,CEN_MIC,bb2343d1-f19b-4a89-917e-a2b44dc5e6b0,53.85487,-130.64463,14.95717,4.74937,0.51498,-7.64072,0.65009,-3.97698,5.2146,,,,,,,,,,,,,,,,,,,,,,,,,,,,,,,,,,,,,,,,,,,,,,,,,,,High,High,High,,,,,
56,2024-03-17,13:25:44.45,3,4,"Waters, Evan",1000240507,Left,CEN_MIC,"Novak, David",1000076952,Right,MIA_RED,Undefined,2,Bottom,2,1,2,Fastball,Four-Seam,FoulBallNotFieldable,Undefined,Undefined,Undefined,0,0,,90.71096,-0.364047,1.768635,2316.820813,157.401157,11:15,4.80948,-0.64828,6.50772,-14.73272,18.60225,-7.28197,3.2475,0.36851,82.32298,-3.232508,0.447257,0.415548,57.42201,20.394762,155.009682,4207.310964,,,,108.13076,48.98832,156.627074,1.567107,4.33677,10.17985,0.52772,50,4.77732,-3.77946,-131.79076,-1.19111,7.57498,29.80645,-14.39311,MIA_RED,CEN_MIC,McKieFieldStad,D1,MAC,20240317-McKieFieldStad-1,632ff4c0-e483-11ee-aea4-b7dfdbffd9f3,90.70534,13.28425,,8.38798,,,,0.22404,3.12067,-0.41165,b24ae197-db0c-49a0-b090-a6c9874b4f44,2024-03-17,17:25:44.45,2024-03-17T13:25:44.4556140-04:00,2024-03-17T17:25:44.4556140Z,LineDrive,v3,471355,471268,17 March 2024 13:00-cmichigan@miamioh,"Verburg, Spencer",1000240504,Right,CEN_MIC,6335ac76-e0ac-4f50-a718-2233044ea528,53.98874,-132.6898,14.90323,4.8067,-0.75698,-7.19656,0.64517,-4.00794,3.78749,334.397095,0.22403,-71.5477,5.0982,0.09498,-0.34623,0.55791,-0.45737,0.2004,-0.03591,3.12067,29.34912,-22.39429,1.97784,-0.38925,0.07688,-0.00914,0.00146,-0.00019,-0.41165,33.34855,-4.39176,0.60709,0.01421,-0.21981,0.20095,-0.08921,0.01601,,,,,,,,,,,,,,,,,,,,,,,High,High,High,High,Medium,,,
57,2024-03-17,13:26:01.52,3,5,"Waters, Evan",1000240507,Left,CEN_MIC,"Novak, David",1000076952,Right,MIA_RED,Undefined,2,Bottom,2,1,2,Curveball,Curveball,BallinDirt,Undefined,Undefined,Undefined,0,0,,74.79684,1.31504,-0.459448,2330.292269,330.760661,5:00,4.73128,-0.62879,5.88029,-68.94205,-18.25879,11.21146,0.2076,-0.12119,68.25917,-11.278657,1.561653,0.512394,,,,,,,,,,,,-5.93697,-9.40867,0.65921,50,4.7973,0.47805,-108.64262,0.34803,-6.95711,22.50482,-43.19937,MIA_RED,CEN_MIC,McKieFieldStad,D1,MAC,20240317-McKieFieldStad-1,6d711400-e483-11ee-aea4-b7dfdbffd9f3,73.5615,,,6.53767,,,,,,,b24ae197-db0c-49a0-b090-a6c9874b4f44,2024-03-17,17:26:01.52,2024-03-17T13:26:01.5283564-04:00,2024-03-17T17:26:01.5283564Z,,v3,471355,471268,17 March 2024 13:00-cmichigan@miamioh,"Verburg, Spencer",1000240504,Right,CEN_MIC,8c335782-2cd9-4290-97dd-3493d2801699,54.6226,-109.59598,11.25241,4.7438,2.17808,-21.59969,0.63271,0.77278,-3.47856,,,,,,,,,,,,,,,,,,,,,,,,,,,,,,,,,,,,,,,,,,,,,,,,,,,High,High,High,,,,,
58,2024-03-17,13:26:22.98,3,6,"Waters, Evan",1000240507,Left,CEN_MIC,"Novak, David",1000076952,Right,MIA_RED,Undefined,2,Bottom,2,2,2,Fastball,Four-Seam,FoulBallNotFieldable,Undefined,Undefined,Undefined,0,0,,88.60847,-0.901408,1.841898,2268.656755,160.746471,11:15,4.70279,-0.67299,6.71676,-17.05434,17.66855,-5.76059,2.45716,0.53116,80.37828,-4.210426,0.792396,0.424111,53.76567,54.164232,148.860027,4273.102561,,,,,36.59515,,,3.60792,9.96127,0.55316,50,4.63614,-3.92488,-128.74688,-2.43219,6.00061,29.00348,-15.60673,MIA_RED,CEN_MIC,McKieFieldStad,D1,MAC,20240317-McKieFieldStad-1,7a427b10-e483-11ee-aea4-b7dfdbffd9f3,88.87402,39.47073,,8.2302,,,,1.09263,2.58512,-0.51551,b24ae197-db0c-49a0-b090-a6c9874b4f44,2024-03-17,17:26:22.98,2024-03-17T13:26:22.9884268-04:00,2024-03-17T17:26:22.9884268Z,,v3,471355,471268,17 March 2024 13:00-cmichigan@miamioh,"Verburg, Spencer",1000240504,Right,CEN_MIC,0f75fa6e-15ed-4c88-988b-0172466f3d26,53.77994,-129.5956,14.50174,4.70063,-1.97549,-7.80337,0.67058,-4.10047,3.00031,354.977052,1.09263,-39.51502,-0.76007,1.10809,-0.34168,0.08613,-0.01712,0.00378,-0.00036,2.58512,63.92859,-25.38413,2.91683,-0.57066,0.08562,-0.01268,0.00192,0.00012,-0.51551,23.8746,-0.46583,-0.81933,0.2845,-0.07788,0.01598,-0.00393,0.00047,,,,,,,,,,,,,,,,,,,,,,,High,High,High,High,Low,,,
59,2024-03-17,13:26:41.56,3,7,"Waters, Evan",1000240507,Left,CEN_MIC,"Novak, David",1000076952,Right,MIA_RED,Undefined,2,Bottom,2,2,2,ChangeUp,Changeup,FoulBallNotFieldable,Undefined,Undefined,Undefined,0,0,,81.40292,-0.080722,1.640105,1905.531709,128.005125,10:15,4.64309,-0.66657,6.44878,-26.59529,14.87631,-17.27521,2.35263,-0.59892,74.07795,-5.13317,-1.493052,0.463497,,,,,,,,,,,,9.53162,8.21315,0.55769,50,4.62539,-2.76943,-118.29133,-0.86619,13.41056,24.04721,-20.6185,MIA_RED,CEN_MIC,McKieFieldStad,D1,MAC,20240317-McKieFieldStad-1,853efb10-e483-11ee-aea4-b7dfdbffd9f3,81.32191,,,7.32496,,,,,,,b24ae197-db0c-49a0-b090-a6c9874b4f44,2024-03-17,17:26:41.56,2024-03-17T13:26:41.5648620-04:00,2024-03-17T17:26:41.5648620Z,,v3,471355,471268,17 March 2024 13:00-cmichigan@miamioh,"Verburg, Spencer",1000240504,Right,CEN_MIC,d1fbc657-d858-42eb-a4ad-36e839ad5f8e,54.04876,-119.11155,12.02361,4.64294,-0.16291,-10.30925,0.65996,-3.22684,6.70528,,,,,,,,,,,,,,,,,,,,,,,,,,,,,,,,,,,,,,,,,,,,,,,,,,,High,High,High,,,,,
60,2024-03-17,13:27:00.51,3,8,"Waters, Evan",1000240507,Left,CEN_MIC,"Novak, David",1000076952,Right,MIA_RED,Undefined,2,Bottom,2,2,2,Slider,Curveball,BallinDirt,Undefined,Undefined,Undefined,0,0,,76.49799,0.345181,-1.168572,2362.472089,302.871848,4:00,4.6207,-0.8839,5.79983,-51.46432,-2.81343,7.06835,0.65312,-1.38187,69.38945,-9.123923,0.100805,0.502015,,,,,,,,,,,,-3.9874,-1.02429,0.97565,50,4.61865,2.00083,-110.96744,-0.95053,-4.88198,23.20676,-33.42815,MIA_RED,CEN_MIC,McKieFieldStad,D1,MAC,20240317-McKieFieldStad-1,90992b70-e483-11ee-aea4-b7dfdbffd9f3,75.08228,,,7.10855,,,,,,,b24ae197-db0c-49a0-b090-a6c9874b4f44,2024-03-17,17:27:00.51,2024-03-17T13:27:00.5178732-04:00,2024-03-17T17:27:00.5178732Z,,v3,471355,471268,17 March 2024 13:00-cmichigan@miamioh,"Verburg, Spencer",1000240504,Right,CEN_MIC,f3a0785a-e056-4dd5-afbc-591c03fcecde,54.69716,-111.94546,11.60338,4.62902,0.45825,-16.71408,0.88699,2.20658,-2.44099,,,,,,,,,,,,,,,,,,,,,,,,,,,,,,,,,,,,,,,,,,,,,,,,,,,High,High,High,,,,,
61,2024-03-17,13:27:19.78,3,9,"Waters, Evan",1000240507,Left,CEN_MIC,"Novak, David",1000076952,Right,MIA_RED,Undefined,2,Bottom,2,3,2,Fastball,Four-Seam,BallCalled,Walk,Undefined,Undefined,0,0,,88.49203,0.366828,0.034663,2331.133062,156.665979,11:15,4.80904,-0.72117,6.52462,-15.75556,18.85056,-7.69099,3.83261,-1.33029,81.16543,-2.675211,-1.362054,0.423397,,,,,,,,,,,,4.02248,10.09004,0.72169,50,4.8272,0.22038,-128.74548,0.44459,6.78335,25.54642,-15.15854,MIA_RED,CEN_MIC,McKieFieldStad,D1,MAC,20240317-McKieFieldStad-1,9c223400-e483-11ee-aea4-b7dfdbffd9f3,89.02387,,,7.3266,,,,,,,b24ae197-db0c-49a0-b090-a6c9874b4f44,2024-03-17,17:27:19.78,2024-03-17T13:27:19.7868396-04:00,2024-03-17T17:27:19.7868396Z,,v3,471355,471268,17 March 2024 13:00-cmichigan@miamioh,"Verburg, Spencer",1000240504,Right,CEN_MIC,90c366eb-bc82-4abb-b2d1-19e7d2c48265,53.97231,-129.53129,12.77321,4.80635,0.91087,-7.57927,0.71812,0.01173,3.39168,,,,,,,,,,,,,,,,,,,,,,,,,,,,,,,,,,,,,,,,,,,,,,,,,,,High,High,High,,,,,
62,2024-03-17,13:27:50.52,4,1,"Waters, Evan",1000240507,Left,CEN_MIC,"Keels, Tre",702606,Right,MIA_RED,Undefined,2,Bottom,2,0,0,Fastball,Four-Seam,InPlay,Undefined,GroundBall,Single,0,0,,86.37726,-0.803425,0.443691,2207.520054,154.467544,11:15,4.76141,-0.85908,6.46806,-21.01218,15.57131,-6.88894,2.27246,-1.02566,79.02049,-4.80543,-0.806612,0.435325,103.01932,-0.402825,-4.341312,1897.660092,,,,38.93616,38.23039,-2.905495,0.261489,3.74744,8.73552,0.83075,50,4.6953,-0.71678,-125.61218,-2.3274,5.98101,25.69685,-18.23197,MIA_RED,CEN_MIC,McKieFieldStad,D1,MAC,20240317-McKieFieldStad-1,ae71db10-e483-11ee-aea4-b7dfdbffd9f3,86.58455,2.23229,,7.35677,,,,1.04016,2.23229,1.02008,b24ae197-db0c-49a0-b090-a6c9874b4f44,2024-03-17,17:27:50.52,2024-03-17T13:27:50.5291116-04:00,2024-03-17T17:27:50.5291116Z,GroundBall,v3,471355,471268,17 March 2024 13:00-cmichigan@miamioh,"Verburg, Spencer",1000240504,Right,CEN_MIC,ffc688a5-4031-413b-bd14-f31f66e39ec4,54.02987,-126.43389,12.84842,4.7604,-1.74439,-9.11598,0.85673,-0.90803,2.9905,7.681965,1.04231,150.5488,-22.30542,,,,,,,2.23654,-1.27845,-27.88168,,,,,,,1.02032,-11.45006,-0.00179,,,,,,,,,,,,,,,,,,,,,,,,,,,,,High,High,High,High,High,,,
63,2024-03-17,13:30:41.26,5,1,"Waters, Evan",1000240507,Left,CEN_MIC,"Gordon, Tyler",1000297119,Left,MIA_RED,Undefined,2,Bottom,2,0,0,Fastball,Four-Seam,FoulBallNotFieldable,Undefined,Undefined,Undefined,0,0,,85.75038,-0.860643,1.61426,2140.911805,143.895989,10:45,4.59211,-1.27185,6.64387,-20.00371,17.42351,-11.7226,2.13698,-0.77075,77.31097,-4.730603,-0.519455,0.440317,60.70059,60.023175,-137.142376,4546.594106,,,,,21.96566,,,6.71906,9.85591,1.16739,50,4.52578,-3.07907,-124.52729,-2.35724,10.37566,28.87468,-16.95444,MIA_RED,CEN_MIC,McKieFieldStad,D1,MAC,20240317-McKieFieldStad-1,1411a220-e484-11ee-aea4-b7dfdbffd9f3,85.60299,37.39542,,8.43942,,,,2.08086,2.26808,0.75077,b24ae197-db0c-49a0-b090-a6c9874b4f44,2024-03-17,17:30:41.26,2024-03-17T13:30:41.2655980-04:00,2024-03-17T17:30:41.2655980Z,,v3,471355,471268,17 March 2024 13:00-cmichigan@miamioh,"Verburg, Spencer",1000240504,Right,CEN_MIC,0af8ec8c-da23-4ecd-a702-ac9a0cef319e,53.85251,-125.4174,14.43734,4.59039,-1.83459,-8.47722,1.26724,-3.39892,5.18783,27.392896,2.08086,-32.60769,-2.21171,1.45787,-0.78252,2.09275,-5.31189,7.02138,-3.59711,2.26808,77.11802,-28.01931,3.55191,-1.28019,2.7766,-6.92405,9.05632,-4.59603,0.75077,-30.25606,6.83852,-0.21678,-0.07096,0.18603,-0.45027,0.66138,-0.37226,,,,,,,,,,,,,,,,,,,,,,,High,High,High,High,Low,,,
64,2024-03-17,13:30:59.40,5,2,"Waters, Evan",1000240507,Left,CEN_MIC,"Gordon, Tyler",1000297119,Left,MIA_RED,Undefined,2,Bottom,2,0,1,Fastball,Four-Seam,BallCalled,Undefined,Undefined,Undefined,0,0,,86.46499,-0.095452,0.769577,2114.185479,147.109491,11:00,4.76681,-0.99084,6.48832,-18.05588,20.08249,-11.87804,3.17452,-1.27412,75.62223,-3.679176,-1.386206,0.44448,,,,,,,,,,,,6.42382,10.93969,0.94104,50,4.75194,-1.19048,-125.14036,-0.59498,9.71959,36.01265,-15.6217,MIA_RED,CEN_MIC,McKieFieldStad,D1,MAC,20240317-McKieFieldStad-1,1f0e4930-e484-11ee-aea4-b7dfdbffd9f3,84.80114,,,10.84276,,,,,,,b24ae197-db0c-49a0-b090-a6c9874b4f44,2024-03-17,17:30:59.40,2024-03-17T13:30:59.4013036-04:00,2024-03-17T17:30:59.4013036Z,,v3,471355,471268,17 March 2024 13:00-cmichigan@miamioh,"Verburg, Spencer",1000240504,Right,CEN_MIC,37f8a8aa-c7d1-4ee3-90ac-e13112c893ce,53.99934,-126.28603,18.00633,4.76296,-0.09801,-7.81085,0.98383,-1.49969,4.85979,,,,,,,,,,,,,,,,,,,,,,,,,,,,,,,,,,,,,,,,,,,,,,,,,,,High,High,High,,,,,
65,2024-03-17,13:31:14.07,5,3,"Waters, Evan",1000240507,Left,CEN_MIC,"Gordon, Tyler",1000297119,Left,MIA_RED,Undefined,2,Bottom,2,1,1,Fastball,Four-Seam,FoulBallNotFieldable,Undefined,Undefined,Undefined,0,0,,86.97304,0.002235,1.08629,2188.108017,149.447362,11:00,4.78809,-0.60513,6.43967,-19.03493,18.03115,-9.78426,3.2039,-0.42217,77.46316,-3.706351,-0.687685,0.438187,,,,,,,,,,,,5.47504,9.81107,0.53199,50,4.77961,-2.00299,-126.12948,-0.46216,8.57732,32.22987,-16.8038,MIA_RED,CEN_MIC,McKieFieldStad,D1,MAC,20240317-McKieFieldStad-1,27a90b70-e484-11ee-aea4-b7dfdbffd9f3,86.019,,,9.50989,,,,,,,b24ae197-db0c-49a0-b090-a6c9874b4f44,2024-03-17,17:31:14.07,2024-03-17T13:31:14.0745068-04:00,2024-03-17T17:31:14.0745068Z,,v3,471355,471268,17 March 2024 13:00-cmichigan@miamioh,"Verburg, Spencer",1000240504,Right,CEN_MIC,f3d4dc3a-12a9-4445-807f-deda45cb45a1,54.05346,-127.16105,16.11493,4.7858,0.07568,-8.4019,0.60049,-2.27752,4.28866,,,,,,,,,,,,,,,,,,,,,,,,,,,,,,,,,,,,,,,,,,,,,,,,,,,High,High,High,,,,,
66,2024-03-17,13:31:35.30,5,4,"Waters, Evan",1000240507,Left,CEN_MIC,"Gordon, Tyler",1000297119,Left,MIA_RED,Undefined,2,Bottom,2,1,2,Fastball,Four-Seam,FoulBallNotFieldable,Undefined,Undefined,Undefined,0,0,,87.65674,-0.251214,1.984888,2088.001733,143.744049,10:45,4.77184,-0.61519,6.52829,-21.99135,14.00828,-9.32237,2.70863,0.42952,78.95396,-4.468035,0.292352,0.431838,63.5591,49.674054,-87.695089,5373.678815,,,,,54.33556,,,5.53528,7.80146,0.48104,50,4.74488,-4.05046,-127.24152,-1.15268,8.92425,30.14961,-19.59619,MIA_RED,CEN_MIC,McKieFieldStad,D1,MAC,20240317-McKieFieldStad-1,344bc160-e484-11ee-aea4-b7dfdbffd9f3,87.2838,54.32742,,8.70278,,,,1.55772,2.71964,-0.42879,b24ae197-db0c-49a0-b090-a6c9874b4f44,2024-03-17,17:31:35.30,2024-03-17T13:31:35.3019244-04:00,2024-03-17T17:31:35.3019244Z,,v3,471355,471268,17 March 2024 13:00-cmichigan@miamioh,"Verburg, Spencer",1000240504,Right,CEN_MIC,65576664-125c-49cf-aa1c-134430d7ee69,53.96742,-128.17815,15.07481,4.77123,-0.5439,-9.79809,0.61118,-4.3277,4.46213,,1.55772,2.42615,-10.06415,0.96948,-0.17947,0.01179,-0.00174,0.00023,0.00011,2.71964,71.06854,-19.75254,1.6928,-0.32295,0.0836,-0.02753,0.01046,-0.00199,-0.42879,-60.27707,6.05381,-1.36795,0.35267,-0.12225,0.0709,-0.03275,0.00653,,,,,,,,,,,,,,,,,,,,,,,High,High,High,Low,Low,,,
67,2024-03-17,13:31:58.45,5,5,"Waters, Evan",1000240507,Left,CEN_MIC,"Gordon, Tyler",1000297119,Left,MIA_RED,Undefined,2,Bottom,2,1,2,Fastball,Four-Seam,StrikeSwinging,Strikeout,Undefined,Undefined,0,0,,87.95922,-1.001132,2.226184,2136.045427,154.047725,11:15,4.78499,-0.78923,6.56943,-14.55485,21.52363,-9.78252,2.65362,0.43719,78.37277,-3.895002,0.449576,0.43231,,,,,,,,,,,,5.83473,11.96918,0.63942,50,4.70928,-4.55564,-127.47345,-2.50684,9.35311,32.49937,-12.98741,MIA_RED,CEN_MIC,McKieFieldStad,D1,MAC,20240317-McKieFieldStad-1,423660a0-e484-11ee-aea4-b7dfdbffd9f3,87.1884,,,9.58645,,,,,,,b24ae197-db0c-49a0-b090-a6c9874b4f44,2024-03-17,17:31:58.45,2024-03-17T13:31:58.4590000-04:00,2024-03-17T17:31:58.4590000Z,,v3,471355,471268,17 March 2024 13:00-cmichigan@miamioh,"Verburg, Spencer",1000240504,Right,CEN_MIC,1c638651-3660-460c-abae-b4c2933d683f,53.92152,-128.46934,16.24968,4.78,-2.10886,-6.49371,0.78341,-4.84225,4.67656,,,,,,,,,,,,,,,,,,,,,,,,,,,,,54.31672,,,1.363379,,,,-1.02265,6.9091,6.18344,78.79058,3.27703,-45.99026,-0.94172,62.81445,-3.17912,6.96315,14.57871,-12.67545,6.05475,-44.42143,4.58432,High,High,High,,,High,High,High
68,2024-03-17,13:34:06.66,1,1,"Vardavas, Nick",1000241952,Left,MIA_RED,"Stuart, Ely",1000082214,Right,CEN_MIC,Undefined,3,Top,0,0,0,Fastball,Changeup,BallCalled,Undefined,Undefined,Undefined,0,0,,84.52799,-0.744406,3.979289,2024.436424,127.710303,10:15,5.48687,-1.45771,5.84585,-28.04576,12.35493,-13.85398,2.45626,1.09157,75.22525,-6.03708,1.501806,0.457473,,,,,,,,,,,,8.47764,7.03685,1.1416,50,5.41019,-7.91903,-122.14802,-2.45794,12.44295,30.45102,-21.84581,MIA_RED,CEN_MIC,McKieFieldStad,D1,MAC,20240317-McKieFieldStad-1,8e90e2e0-e484-11ee-aea4-b7dfdbffd9f3,82.39263,,,9.30274,,,,,,,b24ae197-db0c-49a0-b090-a6c9874b4f44,2024-03-17,17:34:06.66,2024-03-17T13:34:06.6601324-04:00,2024-03-17T17:34:06.6601324Z,,v3,471355,471268,17 March 2024 13:00-cmichigan@miamioh,"Novak, David",1000076952,Right,MIA_RED,16c4c466-4110-4776-961c-ceb12f1de6d9,54.64713,-123.30109,15.22551,5.4876,-1.63072,-10.92291,1.45039,-8.3902,6.22148,,,,,,,,,,,,,,,,,,,,,,,,,,,,,,,,,,,,,,,,,,,,,,,,,,,High,High,High,,,,,
69,2024-03-17,13:34:20.79,1,2,"Vardavas, Nick",1000241952,Left,MIA_RED,"Stuart, Ely",1000082214,Right,CEN_MIC,Undefined,3,Top,0,1,0,Fastball,Changeup,InPlay,Undefined,GroundBall,Single,0,0,,84.54419,-0.437881,2.409057,1959.226646,114.317779,9:45,5.24956,-1.83031,5.69482,-31.00336,9.11709,-16.85308,2.25752,-0.9884,76.01563,-6.221796,-0.60445,0.455884,,,,,,,,,,,,9.41304,5.19288,1.63884,50,5.19368,-4.46027,-122.49439,-1.95535,14.01779,28.68303,-24.44087,MIA_RED,CEN_MIC,McKieFieldStad,D1,MAC,20240317-McKieFieldStad-1,96fd4220-e484-11ee-aea4-b7dfdbffd9f3,82.67989,,,8.52856,,,,,,,b24ae197-db0c-49a0-b090-a6c9874b4f44,2024-03-17,17:34:20.79,2024-03-17T13:34:20.7901036-04:00,2024-03-17T17:34:20.7901036Z,,v3,471355,471268,17 March 2024 13:00-cmichigan@miamioh,"Novak, David",1000076952,Right,MIA_RED,c30489cf-a10b-4e6d-8cdf-98bf014458fa,54.80179,-123.61366,14.34152,5.25137,-1.00162,-12.22043,1.82356,-5.00726,7.00889,,,,,,,,,,,,,,,,,,,,,,,,,,,,,,,,,,,,,,,,,,,,,,,,,,,High,High,High,,,,,
70,2024-03-17,13:34:58.49,2,1,"Vardavas, Nick",1000241952,Left,MIA_RED,"Webb, Bryson",10096965,Right,CEN_MIC,Undefined,3,Top,0,0,0,Fastball,Changeup,BallinDirt,Undefined,Undefined,Undefined,0,0,,83.62202,-2.059175,2.803057,1896.86162,105.33477,9:30,5.36248,-1.61318,5.66655,-34.3962,6.84922,-19.18288,0.57303,-0.5961,75.25939,-8.426813,-0.628433,0.462231,,,,,,,,,,,,10.71792,4.63244,1.38869,50,5.16688,-5.13615,-121.01042,-5.50161,15.53127,28.61908,-25.46118,MIA_RED,CEN_MIC,McKieFieldStad,D1,MAC,20240317-McKieFieldStad-1,ad838e00-e484-11ee-aea4-b7dfdbffd9f3,81.54455,,,8.36262,,,,,,,b24ae197-db0c-49a0-b090-a6c9874b4f44,2024-03-17,17:34:58.49,2024-03-17T13:34:58.4956780-04:00,2024-03-17T17:34:58.4956780Z,,v3,471355,471268,17 March 2024 13:00-cmichigan@miamioh,"Novak, David",1000076952,Right,MIA_RED,4da975a3-906c-49bc-a377-7c204aa221bf,54.82972,-122.14731,14.30954,5.36535,-4.49017,-12.73059,1.60498,-5.75313,7.76563,,,,,,,,,,,,,,,,,,,,,,,,,,,,,,,,,,,,,,,,,,,,,,,,,,,High,High,High,,,,,
71,2024-03-17,13:35:32.82,2,2,"Vardavas, Nick",1000241952,Left,MIA_RED,"Webb, Bryson",10096965,Right,CEN_MIC,Undefined,3,Top,0,1,0,Cutter,Slider,BallCalled,Undefined,Undefined,Undefined,0,0,,79.35527,1.84176,0.985457,2263.082986,154.656562,11:15,5.26589,-2.02263,5.13038,-37.21431,8.63441,-3.38347,3.90004,-1.37644,72.22168,-4.9918,0.387032,0.487343,,,,,,,,,,,,1.95236,4.23173,1.93287,50,5.41038,-1.83598,-115.01603,2.4196,2.60754,21.91996,-26.52217,MIA_RED,CEN_MIC,McKieFieldStad,D1,MAC,20240317-McKieFieldStad-1,c1e4fe10-e484-11ee-aea4-b7dfdbffd9f3,77.34268,,,7.13359,,,,,,,b24ae197-db0c-49a0-b090-a6c9874b4f44,2024-03-17,17:35:32.82,2024-03-17T13:35:32.8285548-04:00,2024-03-17T17:35:32.8285548Z,,v3,471355,471268,17 March 2024 13:00-cmichigan@miamioh,"Novak, David",1000076952,Right,MIA_RED,122d7637-c116-48c0-9eea-9c8c71547001,55.36438,-116.03388,10.95998,5.26944,3.65115,-13.26109,2.02093,-1.95706,1.30377,,,,,,,,,,,,,,,,,,,,,,,,,,,,,,,,,,,,,,,,,,,,,,,,,,,High,High,High,,,,,
72,2024-03-17,13:35:50.79,2,3,"Vardavas, Nick",1000241952,Left,MIA_RED,"Webb, Bryson",10096965,Right,CEN_MIC,Undefined,3,Top,0,2,0,Fastball,Changeup,InPlay,Undefined,GroundBall,FieldersChoice,1,0,,83.59043,-0.434826,2.832694,1908.36343,108.986046,9:45,5.31735,-1.77378,5.79563,-32.9712,6.92567,-16.69028,2.1648,-0.52768,77.05296,-6.518882,-0.156567,0.454612,91.39009,-18.685494,-25.193134,,,,,7.62357,7.62357,-12.744441,0.045905,9.31705,3.9889,1.55112,50,5.26161,-5.35692,-121.42254,-2.00453,13.99786,22.36315,-26.18117,MIA_RED,CEN_MIC,McKieFieldStad,D1,MAC,20240317-McKieFieldStad-1,cca3ffe0-e484-11ee-aea4-b7dfdbffd9f3,82.91126,1.97441,,6.53747,,,,2.15307,1.97441,0.80328,b24ae197-db0c-49a0-b090-a6c9874b4f44,2024-03-17,17:35:50.79,2024-03-17T13:35:50.7966828-04:00,2024-03-17T17:35:50.7966828Z,GroundBall,v3,471355,471268,17 March 2024 13:00-cmichigan@miamioh,"Novak, David",1000076952,Right,MIA_RED,1a6a27bf-a5c8-42ed-aa4d-74c6c594e6d0,54.70458,-122.28594,11.18157,5.31949,-0.99373,-13.09059,1.76837,-5.89736,6.99893,180,2.15172,115.07939,,,,,,,,1.97491,-43.01105,,,,,,,,0.80392,-54.13541,,,,,,,,,,,,,,,,,,,,,,,,,,,,,,High,High,High,High,High,,,
73,2024-03-17,13:36:27.15,3,1,"Vardavas, Nick",1000241952,Left,MIA_RED,"Donahue, Jacob",1000099820,Right,CEN_MIC,Undefined,3,Top,1,0,0,Cutter,Slider,FoulBallNotFieldable,Undefined,Undefined,Undefined,0,0,,79.83011,0.393399,3.138082,2283.237107,159.074414,11:15,5.23009,-1.88081,5.19585,-38.24475,7.14689,-2.15051,2.41362,0.89465,72.68596,-6.610083,2.757852,0.484908,,,,,,,,,,,,2.01319,3.87484,1.59142,50,5.23786,-6.25104,-115.61746,-0.51503,2.70639,22.93345,-26.96499,MIA_RED,CEN_MIC,McKieFieldStad,D1,MAC,20240317-McKieFieldStad-1,e26e4ec0-e484-11ee-aea4-b7dfdbffd9f3,77.73111,,,7.14416,,,,,,,b24ae197-db0c-49a0-b090-a6c9874b4f44,2024-03-17,17:36:27.15,2024-03-17T13:36:27.1532908-04:00,2024-03-17T17:36:27.1532908Z,,v3,471355,471268,17 March 2024 13:00-cmichigan@miamioh,"Novak, David",1000076952,Right,MIA_RED,3bb06756-b3ce-4bdb-beae-6aaafea597f8,55.30106,-116.66422,11.46673,5.23328,0.71575,-13.4825,1.87956,-6.37457,1.3532,,,,,,,,,,,,,,,,,,,,,,,,,,,,,,,,,,,,,,,,,,,,,,,,,,,High,High,High,,,,,
74,2024-03-17,13:36:46.79,3,2,"Vardavas, Nick",1000241952,Left,MIA_RED,"Donahue, Jacob",1000099820,Right,CEN_MIC,Undefined,3,Top,1,0,1,Cutter,Slider,BallCalled,Undefined,Undefined,Undefined,0,0,,80.34746,-0.340838,1.582395,2356.54824,136.462826,10:30,5.14846,-1.99121,5.25749,-38.37278,7.04603,-5.00339,1.63037,-0.92106,71.9914,-7.418348,0.694282,0.485053,,,,,,,,,,,,3.02366,4.19181,1.84997,50,5.08968,-2.99621,-116.22873,-2.00979,4.03532,26.73569,-26.57973,MIA_RED,CEN_MIC,McKieFieldStad,D1,MAC,20240317-McKieFieldStad-1,edf70930-e484-11ee-aea4-b7dfdbffd9f3,77.70785,,,8.35606,,,,,,,b24ae197-db0c-49a0-b090-a6c9874b4f44,2024-03-17,17:36:46.79,2024-03-17T13:36:46.7966828-04:00,2024-03-17T17:36:46.7966828Z,,v3,471355,471268,17 March 2024 13:00-cmichigan@miamioh,"Novak, David",1000076952,Right,MIA_RED,29672a4a-22be-40f7-af83-25f478e40fce,55.23387,-117.42648,13.36784,5.15304,-0.81902,-13.28987,1.98825,-3.17699,2.01766,,,,,,,,,,,,,,,,,,,,,,,,,,,,,,,,,,,,,,,,,,,,,,,,,,,High,High,High,,,,,
75,2024-03-17,13:37:55.39,3,3,"Vardavas, Nick",1000241952,Left,MIA_RED,"Donahue, Jacob",1000099820,Right,CEN_MIC,Undefined,3,Top,1,1,1,Cutter,Slider,BallCalled,Undefined,Undefined,Undefined,0,0,,79.36967,1.142833,0.825613,2222.894284,124.541056,10:15,5.3294,-1.9429,5.12158,-41.81136,4.32583,-3.95634,2.92181,-1.49489,71.931,-6.5101,0.125308,0.488874,,,,,,,,,,,,2.20118,2.32228,1.86845,50,5.4049,-1.48874,-114.99318,0.82034,2.91678,23.39112,-29.09678,MIA_RED,CEN_MIC,McKieFieldStad,D1,MAC,20240317-McKieFieldStad-1,16fb8630-e485-11ee-aea4-b7dfdbffd9f3,77.10052,,,7.43868,,,,,,,b24ae197-db0c-49a0-b090-a6c9874b4f44,2024-03-17,17:37:55.39,2024-03-17T13:37:55.3986412-04:00,2024-03-17T17:37:55.3986412Z,,v3,471355,471268,17 March 2024 13:00-cmichigan@miamioh,"Novak, David",1000076952,Right,MIA_RED,09b5365d-2502-4798-8d5a-62d892d308d5,55.37246,-116.08087,11.69556,5.33529,2.17334,-14.54839,1.94083,-1.62437,1.45839,,,,,,,,,,,,,,,,,,,,,,,,,,,,,,,,,,,,,,,,,,,,,,,,,,,High,High,High,,,,,
76,2024-03-17,13:38:15.39,3,4,"Vardavas, Nick",1000241952,Left,MIA_RED,"Donahue, Jacob",1000099820,Right,CEN_MIC,Undefined,3,Top,1,2,1,Curveball,Curveball,StrikeCalled,Undefined,Undefined,Undefined,0,0,,73.82862,2.174,0.877812,2337.851133,343.016198,5:30,5.40976,-1.78369,4.95457,-64.97744,-10.96363,3.94315,2.05025,-0.62566,66.92037,-9.563914,1.574592,0.528961,,,,,,,,,,,,-1.64185,-5.4567,1.69527,50,5.56726,-1.7965,-106.90165,1.78216,-1.86586,21.51151,-38.37528,MIA_RED,CEN_MIC,McKieFieldStad,D1,MAC,20240317-McKieFieldStad-1,22e26630-e485-11ee-aea4-b7dfdbffd9f3,71.25746,,,6.90825,,,,,,,b24ae197-db0c-49a0-b090-a6c9874b4f44,2024-03-17,17:38:15.39,2024-03-17T13:38:15.3900000-04:00,2024-03-17T17:38:15.3900000Z,,v3,471355,471268,17 March 2024 13:00-cmichigan@miamioh,"Novak, David",1000076952,Right,MIA_RED,4f36b082-2c7b-49b0-a916-9182810c7059,55.54352,-108.01139,10.75575,5.42426,3.76188,-19.18764,1.78547,-1.70024,-0.93293,,,,,,,,,,,,,,,,,,,,,,,,,,,,,67.16405,1.724178,0.702669,1.021509,-2.2036,1.41238,0.52465,-2.90637,6.41386,-1.88228,66.11284,3.6369,-58.66376,-2.84862,72.8953,-5.25737,6.46857,11.16396,-13.62644,-1.99063,-63.21691,7.54616,High,High,High,,,High,High,High
77,2024-03-17,13:38:44.76,3,5,"Vardavas, Nick",1000241952,Left,MIA_RED,"Donahue, Jacob",1000099820,Right,CEN_MIC,Undefined,3,Top,1,2,2,Cutter,Slider,InPlay,Undefined,GroundBall,Single,0,1,,80.73528,0.263673,3.194841,2314.849111,123.296627,10:00,5.20365,-1.82765,5.54166,-38.78888,5.51461,-5.89248,2.21805,0.67023,72.71042,-6.904288,2.145815,0.479061,78.44937,6.126269,-28.521387,1434.389322,,,,92.90066,89.83282,-30.370594,0.880516,4.06225,3.13776,1.55467,50,5.20099,-6.28768,-116.8562,-0.74187,5.50866,25.98451,-27.91908,MIA_RED,CEN_MIC,McKieFieldStad,D1,MAC,20240317-McKieFieldStad-1,34765e60-e485-11ee-aea4-b7dfdbffd9f3,78.6799,4.56275,,8.02486,,,,1.55174,2.45773,-0.70861,b24ae197-db0c-49a0-b090-a6c9874b4f44,2024-03-17,17:38:44.76,2024-03-17T13:38:44.7616364-04:00,2024-03-17T17:38:44.7616364Z,GroundBall,v3,471355,471268,17 March 2024 13:00-cmichigan@miamioh,"Novak, David",1000076952,Right,MIA_RED,b012df3d-273a-4795-a059-5bf66de5ddf1,54.95444,-117.95274,12.99226,5.20744,0.4363,-13.95954,1.82491,-6.52014,2.75433,,1.60795,99.64517,-11.92541,,,,,,,2.49901,11.64337,-16.49598,,,,,,,-0.7074,-54.64601,2.39062,,,,,,,,,,,,,,,,,,,,,,,,,,,,,High,High,High,High,High,,,
78,2024-03-17,13:39:33.92,4,1,"Vardavas, Nick",1000241952,Left,MIA_RED,"Wuestenfeld, Danny",1000061943,Right,CEN_MIC,Undefined,3,Top,1,0,0,Cutter,Slider,BallCalled,Undefined,Undefined,Undefined,0,0,,80.14187,2.647609,-0.140486,2274.497324,173.071656,11:45,5.24426,-1.88688,5.04466,-36.0273,10.21997,-1.01784,4.74113,-2.10422,71.09517,-4.038785,-0.320161,0.489457,,,,,,,,,,,,0.44433,4.67044,1.90109,50,5.46917,0.32923,-115.71958,4.11143,0.58633,26.9878,-26.01082,MIA_RED,CEN_MIC,McKieFieldStad,D1,MAC,20240317-McKieFieldStad-1,519497a0-e485-11ee-aea4-b7dfdbffd9f3,77.0087,,,9.04669,,,,,,,b24ae197-db0c-49a0-b090-a6c9874b4f44,2024-03-17,17:39:33.92,2024-03-17T13:39:33.9275628-04:00,2024-03-17T17:39:33.9275628Z,,v3,471355,471268,17 March 2024 13:00-cmichigan@miamioh,"Novak, David",1000076952,Right,MIA_RED,b4d9221e-7851-4f19-b00a-9cb47120032b,55.44369,-116.98225,13.4939,5.24834,5.3284,-13.00541,1.88633,0.30179,0.29317,,,,,,,,,,,,,,,,,,,,,,,,,,,,,,,,,,,,,,,,,,,,,,,,,,,High,High,High,,,,,
79,2024-03-17,13:40:30.07,4,2,"Vardavas, Nick",1000241952,Left,MIA_RED,"Wuestenfeld, Danny",1000061943,Right,CEN_MIC,Undefined,3,Top,1,1,0,Curveball,Curveball,StrikeCalled,Undefined,Undefined,Undefined,0,0,,72.86511,3.406229,0.749979,2001.308585,320.480633,4:45,5.39736,-1.96883,5.13573,-62.40988,-6.80607,7.37985,3.40812,-0.64758,65.27004,-7.975198,2.055586,0.53669,,,,,,,,,,,,-3.34685,-3.7915,1.89275,50,5.66972,-1.67278,-105.30176,4.16927,-3.66433,22.03116,-36.32521,MIA_RED,CEN_MIC,McKieFieldStad,D1,MAC,20240317-McKieFieldStad-1,73448e00-e485-11ee-aea4-b7dfdbffd9f3,70.23129,,,7.59506,,,,,,,b24ae197-db0c-49a0-b090-a6c9874b4f44,2024-03-17,17:40:30.07,2024-03-17T13:40:30.0787052-04:00,2024-03-17T17:40:30.0787052Z,,v3,471355,471268,17 March 2024 13:00-cmichigan@miamioh,"Novak, David",1000076952,Right,MIA_RED,78e92260-7af1-41ee-ad47-83661fe1f0c9,55.35896,-106.41705,11.01558,5.41211,6.00817,-18.16261,1.97273,-1.48728,-1.83217,,,,,,,,,,,,,,,,,,,,,,,,,,,,,,,,,,,,,,,,,,,,,,,,,,,High,High,High,,,,,
80,2024-03-17,13:40:45.11,4,3,"Vardavas, Nick",1000241952,Left,MIA_RED,"Wuestenfeld, Danny",1000061943,Right,CEN_MIC,Undefined,3,Top,1,1,1,Fastball,Changeup,FoulBallNotFieldable,Undefined,Undefined,Undefined,0,0,,84.5821,-0.937408,2.315408,2010.121963,123.904742,10:15,5.36816,-1.61729,5.83284,-27.17903,13.05741,-17.01387,2.23114,-0.88178,75.37677,-6.072925,-0.734528,0.456543,83.21124,26.491081,42.268041,3819.977262,74.54603,41.25785,80.88741,281.4697,215.56304,52.665226,3.420928,9.47158,7.45752,1.43826,50,5.27607,-4.23793,-122.42311,-2.84082,13.96591,30.56568,-21.17785,MIA_RED,CEN_MIC,McKieFieldStad,D1,MAC,20240317-McKieFieldStad-1,7c3d75d0-e485-11ee-aea4-b7dfdbffd9f3,82.56062,44.7068,,9.20533,,,,0.53465,2.22434,0.83103,b24ae197-db0c-49a0-b090-a6c9874b4f44,2024-03-17,17:40:45.11,2024-03-17T13:40:45.1186540-04:00,2024-03-17T17:40:45.1186540Z,LineDrive,v3,471355,471268,17 March 2024 13:00-cmichigan@miamioh,"Novak, David",1000076952,Right,MIA_RED,1436a52e-cccb-4ddc-ab37-2bb6e1e72f2c,54.66043,-123.58121,15.28284,5.36851,-2.03841,-10.58893,1.60886,-4.76708,6.98295,,0.53441,80.83839,-19.16699,5.55854,-1.44921,0.39027,-0.0962,0.01568,-0.00111,2.22467,54.42779,-18.69362,0.64688,0.26094,-0.16688,0.04691,-0.00592,0.00022,0.83093,73.47089,-3.79943,0.55216,-0.06966,0.02259,-0.00873,0.00164,-0.00011,,,,,,,,,,,,,,,,,,,,,,,High,High,High,High,Medium,,,
81,2024-03-17,13:41:24.65,4,4,"Vardavas, Nick",1000241952,Left,MIA_RED,"Wuestenfeld, Danny",1000061943,Right,CEN_MIC,Undefined,3,Top,1,1,2,Fastball,Changeup,BallCalled,Undefined,Undefined,Undefined,0,0,,84.77616,-0.531733,1.737976,1954.0656,105.754582,9:30,5.43001,-1.5165,5.70071,-32.3134,6.91359,-20.02769,2.24152,-1.56553,77.52033,-6.503589,-1.846644,0.450779,,,,,,,,,,,,10.63902,4.06142,1.38316,50,5.36543,-2.90205,-123.09193,-2.23836,16.27655,25.08263,-25.96053,MIA_RED,CEN_MIC,McKieFieldStad,D1,MAC,20240317-McKieFieldStad-1,93ad1040-e485-11ee-aea4-b7dfdbffd9f3,83.61618,,,7.25583,,,,,,,b24ae197-db0c-49a0-b090-a6c9874b4f44,2024-03-17,17:41:24.65,2024-03-17T13:41:24.6567788-04:00,2024-03-17T17:41:24.6567788Z,,v3,471355,471268,17 March 2024 13:00-cmichigan@miamioh,"Novak, David",1000076952,Right,MIA_RED,9434590f-9ccb-460d-89cb-818bb46e298c,54.79739,-124.06565,12.54132,5.43277,-1.23056,-12.98027,1.50809,-3.53391,8.13827,,,,,,,,,,,,,,,,,,,,,,,,,,,,,,,,,,,,,,,,,,,,,,,,,,,High,High,High,,,,,
82,2024-03-17,13:41:42.67,4,5,"Vardavas, Nick",1000241952,Left,MIA_RED,"Wuestenfeld, Danny",1000061943,Right,CEN_MIC,Undefined,3,Top,1,2,2,Cutter,Changeup,InPlay,Undefined,FlyBall,Out,1,0,,80.39119,-0.017959,1.588337,2411.363275,112.881752,9:45,5.15444,-1.784,5.41844,-39.36286,5.23244,-8.62437,1.85737,-1.01447,72.78541,-7.263042,0.052813,0.480636,85.24492,25.200429,6.416742,3959.932974,108.4409,43.82931,18.45377,297.78778,292.34669,14.154481,3.951973,4.86134,3.07965,1.64922,50,5.12565,-2.88297,-116.52523,-1.36255,6.58649,24.87659,-28.00155,MIA_RED,CEN_MIC,McKieFieldStad,D1,MAC,20240317-McKieFieldStad-1,9e50c1e0-e485-11ee-aea4-b7dfdbffd9f3,78.42206,51.07296,,7.60578,,,,1.58615,1.91665,1.02618,b24ae197-db0c-49a0-b090-a6c9874b4f44,2024-03-17,17:41:42.67,2024-03-17T13:41:42.6745708-04:00,2024-03-17T17:41:42.6745708Z,LineDrive,v3,471355,471268,17 March 2024 13:00-cmichigan@miamioh,"Novak, David",1000076952,Right,MIA_RED,ef9ee8a7-a389-4a9d-b34f-43786150aaf0,55.07801,-117.60432,12.4383,5.15841,-0.1479,-14.00077,1.78047,-3.16868,3.29324,203.387282,1.58631,112.41499,-22.51688,6.13814,-1.42831,0.32277,-0.06758,0.0099,-0.00065,1.91743,53.21,-14.39,-0.76378,0.8555,-0.40159,0.11565,-0.01777,0.0011,1.02619,12.64207,2.75935,-0.61421,0.1278,-0.03315,0.00897,-0.00154,0.00011,,,,,,,,,,,,,,,,,,,,,,,High,High,High,High,High,,,
83,2024-03-17,13:42:19.69,5,1,"Vardavas, Nick",1000241952,Left,MIA_RED,"Murphy, Mikey",1000114856,Right,CEN_MIC,Undefined,3,Top,2,0,0,Cutter,Slider,InPlay,Undefined,FlyBall,Out,1,0,,79.42995,1.107985,2.458656,2288.514683,119.611991,10:00,5.32808,-1.76427,5.11457,-42.03746,4.97248,-5.39355,2.8698,0.10382,70.68249,-6.633902,1.505383,0.493476,99.37869,32.399288,-36.593166,,,,,,122.61361,,,3.57681,2.59547,1.53722,50,5.40036,-4.69982,-114.76001,0.76376,4.62728,27.15444,-28.81629,MIA_RED,CEN_MIC,McKieFieldStad,D1,MAC,20240317-McKieFieldStad-1,b4742d40-e485-11ee-aea4-b7dfdbffd9f3,76.38144,71.95614,,8.74746,,,,1.38563,2.86923,0.03343,b24ae197-db0c-49a0-b090-a6c9874b4f44,2024-03-17,17:42:19.69,2024-03-17T13:42:19.6916076-04:00,2024-03-17T17:42:19.6916076Z,,v3,471355,471268,17 March 2024 13:00-cmichigan@miamioh,"Novak, David",1000076952,Right,MIA_RED,8acd1123-c4a4-4253-a912-eceee578d443,55.37846,-116.02568,13.57722,5.33346,2.10688,-14.40814,1.76131,-4.91549,2.31364,,1.38563,98.80837,-28.31318,8.81965,-2.34118,0.58076,-0.12858,0.02091,-0.00166,2.86923,78.09801,-20.35961,-0.22526,0.90527,-0.43427,0.14248,-0.03236,0.00375,0.03343,-73.36329,20.20583,-6.58405,1.81789,-0.46854,0.108,-0.01852,0.0016,,,,,,,,,,,,,,,,,,,,,,,High,High,High,High,Low,,,
84,2024-03-17,13:44:24.94,1,1,"Waters, Evan",1000240507,Left,CEN_MIC,"Batusich, Ty",1000297118,Left,MIA_RED,Undefined,3,Bottom,0,0,0,Fastball,Four-Seam,BallinDirt,Undefined,Undefined,Undefined,0,0,,85.44111,-2.925622,2.332663,2146.589392,144.691935,10:45,4.72811,-0.82649,6.67827,-22.24281,15.36729,-9.94237,0.19382,0.47993,77.57548,-7.171388,0.521678,0.441391,,,,,,,,,,,,6.00591,9.42532,0.67427,50,4.52334,-4.69271,-123.93923,-6.9059,9.22741,27.60435,-17.69308,MIA_RED,CEN_MIC,McKieFieldStad,D1,MAC,20240317-McKieFieldStad-1,fefd4ae0-e485-11ee-aea4-b7dfdbffd9f3,85.39465,,,7.86563,,,,,,,b24ae197-db0c-49a0-b090-a6c9874b4f44,2024-03-17,17:44:24.94,2024-03-17T13:44:24.9420652-04:00,2024-03-17T17:44:24.9420652Z,,v3,471355,471268,17 March 2024 13:00-cmichigan@miamioh,"Verburg, Spencer",1000240504,Right,CEN_MIC,9bc19e54-b301-4694-9ff1-e7416be47dd8,53.81899,-124.78691,13.80218,4.72707,-6.36257,-8.84654,0.82273,-4.97607,4.6137,,,,,,,,,,,,,,,,,,,,,,,,,,,,,,,,,,,,,,,,,,,,,,,,,,,High,High,High,,,,,
85,2024-03-17,13:44:44.46,1,2,"Waters, Evan",1000240507,Left,CEN_MIC,"Batusich, Ty",1000297118,Left,MIA_RED,Undefined,3,Bottom,0,1,0,Fastball,Changeup,StrikeCalled,Undefined,Undefined,Undefined,0,0,,84.832,-0.015941,1.007294,1992.287935,156.508769,11:15,4.78323,-0.80738,6.65942,-21.03107,16.72379,-6.74115,3.01605,-0.4473,77.32209,-4.054384,-0.220133,0.44224,,,,,,,,,,,,3.81622,9.17225,0.74201,50,4.77331,-1.91914,-123.33141,-0.55184,5.85853,25.28143,-18.09307,MIA_RED,CEN_MIC,McKieFieldStad,D1,MAC,20240317-McKieFieldStad-1,0ab21e60-e486-11ee-aea4-b7dfdbffd9f3,85.23077,,,7.50991,,,,,,,b24ae197-db0c-49a0-b090-a6c9874b4f44,2024-03-17,17:44:44.46,2024-03-17T13:44:44.4688236-04:00,2024-03-17T17:44:44.4688236Z,,v3,471355,471268,17 March 2024 13:00-cmichigan@miamioh,"Verburg, Spencer",1000240504,Right,CEN_MIC,e2b79877-89ac-4275-9f9f-183c0e181d95,53.83605,-124.11526,12.64072,4.78172,0.00914,-9.04653,0.80433,-2.10078,2.92926,,,,,,,,,,,,,,,,,,,,,,,,,,,,,,,,,,,,,,,,,,,,,,,,,,,High,High,High,,,,,
86,2024-03-17,13:44:59.25,1,3,"Waters, Evan",1000240507,Left,CEN_MIC,"Batusich, Ty",1000297118,Left,MIA_RED,Undefined,3,Bottom,0,1,1,Slider,Curveball,BallCalled,Undefined,Undefined,Undefined,0,0,,75.35263,1.279865,1.46376,2420.350313,300.524743,4:00,4.65028,-0.77092,5.56627,-52.26393,-1.69327,5.92398,1.49113,1.09041,68.31514,-8.309655,2.5212,0.511824,,,,,,,,,,,,-2.50721,-0.71575,0.64076,50,4.7267,-3.01533,-109.22275,0.76846,-2.97906,22.17749,-33.0245,MIA_RED,CEN_MIC,McKieFieldStad,D1,MAC,20240317-McKieFieldStad-1,13ab0630-e486-11ee-aea4-b7dfdbffd9f3,73.64335,,,7.03749,,,,,,,b24ae197-db0c-49a0-b090-a6c9874b4f44,2024-03-17,17:44:59.25,2024-03-17T13:44:59.2576876-04:00,2024-03-17T17:44:59.2576876Z,,v3,471355,471268,17 March 2024 13:00-cmichigan@miamioh,"Verburg, Spencer",1000240504,Right,CEN_MIC,3db09360-6da9-47f1-99ff-f1fe46f0f602,54.93011,-110.21925,11.08874,4.65883,2.25236,-16.51225,0.77324,-2.88148,-1.48953,,,,,,,,,,,,,,,,,,,,,,,,,,,,,,,,,,,,,,,,,,,,,,,,,,,High,High,High,,,,,
87,2024-03-17,13:45:14.79,1,4,"Waters, Evan",1000240507,Left,CEN_MIC,"Batusich, Ty",1000297118,Left,MIA_RED,Undefined,3,Bottom,0,2,1,Slider,Slider,StrikeCalled,Undefined,Undefined,Undefined,0,0,,75.15727,1.375515,1.7354,2283.120897,278.285166,3:15,4.64669,-0.75347,5.62707,-49.22881,1.08646,3.98386,1.8286,1.19829,68.59646,-7.665875,2.446782,0.51053,,,,,,,,,,,,-1.49032,0.66961,0.6031,50,4.73261,-3.45174,-109.01342,1.07317,-1.78007,20.49519,-31.37426,MIA_RED,CEN_MIC,McKieFieldStad,D1,MAC,20240317-McKieFieldStad-1,1cd36270-e486-11ee-aea4-b7dfdbffd9f3,73.83002,,,6.56081,,,,,,,b24ae197-db0c-49a0-b090-a6c9874b4f44,2024-03-17,17:45:14.79,2024-03-17T13:45:14.7944812-04:00,2024-03-17T17:45:14.7944812Z,,v3,471355,471268,17 March 2024 13:00-cmichigan@miamioh,"Verburg, Spencer",1000240504,Right,CEN_MIC,65498309-cb7a-4196-96db-6eed36828e25,54.8696,-109.92512,10.2476,4.65383,2.46881,-15.68713,0.75488,-3.37256,-0.89003,,,,,,,,,,,,,,,,,,,,,,,,,,,,,,,,,,,,,,,,,,,,,,,,,,,High,High,High,,,,,
88,2024-03-17,13:45:29.09,1,5,"Waters, Evan",1000240507,Left,CEN_MIC,"Batusich, Ty",1000297118,Left,MIA_RED,Undefined,3,Bottom,0,2,2,Fastball,Four-Seam,FoulBallNotFieldable,Undefined,Undefined,Undefined,0,0,,87.52125,-0.518207,2.748386,2217.903528,146.592647,11:00,4.83352,-0.48133,6.76697,-16.58158,19.59005,-11.98304,2.97795,1.03181,77.98131,-3.793644,0.565027,0.432868,72.16086,14.736715,-167.708465,2461.985774,,,,,43.88386,,,7.133,10.8389,0.3046,50,4.79236,-5.59889,-126.82625,-1.4767,11.32722,31.9872,-14.96184,MIA_RED,CEN_MIC,McKieFieldStad,D1,MAC,20240317-McKieFieldStad-1,256e4bc0-e486-11ee-aea4-b7dfdbffd9f3,87.07608,10.32689,,9.53993,,,,0.0954,2.68041,-1.00439,b24ae197-db0c-49a0-b090-a6c9874b4f44,2024-03-17,17:45:29.09,2024-03-17T13:45:29.0943852-04:00,2024-03-17T17:45:29.0943852Z,,v3,471355,471268,17 March 2024 13:00-cmichigan@miamioh,"Verburg, Spencer",1000240504,Right,CEN_MIC,baf69912-66ad-4b84-a113-509f98f0407c,53.72216,-127.76158,15.9936,4.82914,-1.0392,-7.48092,0.47316,-5.9301,5.66361,64.73456,0.09707,-100.0591,6.13336,,,,,,,2.68722,26.71729,-21.42519,,,,,,,-1.01224,-21.55323,10.44552,,,,,,,,,,,,,,,,,,,,,,,,,,,,,High,High,High,Medium,Low,,,
89,2024-03-17,13:45:46.96,1,6,"Waters, Evan",1000240507,Left,CEN_MIC,"Batusich, Ty",1000297118,Left,MIA_RED,Undefined,3,Bottom,0,2,2,Curveball,Curveball,InPlay,Undefined,GroundBall,Out,1,0,,71.89698,3.611997,-0.196363,2228.799875,342.596276,5:30,4.85356,-0.4358,5.77005,-77.54792,-21.34391,7.40473,1.757,-0.00147,64.23834,-10.609375,1.132612,0.539579,36.10462,-54.26307,-27.071511,,,,,3.9174,3.9174,-9.140369,0.045457,-3.84418,-11.64237,0.44745,50,5.10582,0.09319,-104.06127,4.17209,-4.06004,23.44401,-44.47021,MIA_RED,CEN_MIC,McKieFieldStad,D1,MAC,20240317-McKieFieldStad-1,300cf450-e486-11ee-aea4-b7dfdbffd9f3,69.85528,1.97542,,7.65864,,,,2.60197,1.97542,0.0246,b24ae197-db0c-49a0-b090-a6c9874b4f44,2024-03-17,17:45:46.96,2024-03-17T13:45:46.9632876-04:00,2024-03-17T17:45:46.9632876Z,GroundBall,v3,471355,471268,17 March 2024 13:00-cmichigan@miamioh,"Verburg, Spencer",1000240504,Right,CEN_MIC,e62465b9-4745-4d34-81c8-a4888359b0ab,54.73095,-105.12171,11.72201,4.87161,6.18359,-22.23511,0.43908,0.27684,-2.03002,,2.59974,27.8438,,,,,,,,1.97889,-43.45731,,,,,,,,0.02573,-14.23093,,,,,,,,,,,,,,,,,,,,,,,,,,,,,,High,High,High,Estimated,Estimated,,,
90,2024-03-17,13:46:17.22,2,1,"Waters, Evan",1000240507,Left,CEN_MIC,"MacDonald, Zach",1000061940,Right,MIA_RED,Undefined,3,Bottom,1,0,0,ChangeUp,Changeup,BallinDirt,Undefined,Undefined,Undefined,0,0,,78.60252,-1.783549,1.767606,1954.794078,111.536372,9:45,4.65019,-0.74074,6.39247,-35.54746,9.57111,-20.04143,0.04621,-0.78463,71.19244,-8.453833,-1.869516,0.483447,,,,,,,,,,,,11.11658,6.05473,0.6228,50,4.50586,-2.82816,-114.05912,-4.52093,14.361,24.76459,-24.35221,MIA_RED,CEN_MIC,McKieFieldStad,D1,MAC,20240317-McKieFieldStad-1,41fe9ce0-e486-11ee-aea4-b7dfdbffd9f3,77.96599,,,7.41008,,,,,,,b24ae197-db0c-49a0-b090-a6c9874b4f44,2024-03-17,17:46:17.22,2024-03-17T13:46:17.2226924-04:00,2024-03-17T17:46:17.2226924Z,,v3,471355,471268,17 March 2024 13:00-cmichigan@miamioh,"Verburg, Spencer",1000240504,Right,CEN_MIC,467189d5-e6e8-47a5-a391-7abb7025e706,54.10526,-114.947,12.3823,4.6523,-3.64783,-12.17611,0.73343,-3.34304,7.1805,,,,,,,,,,,,,,,,,,,,,,,,,,,,,,,,,,,,,,,,,,,,,,,,,,,High,High,High,,,,,
91,2024-03-17,13:46:34.98,2,2,"Waters, Evan",1000240507,Left,CEN_MIC,"MacDonald, Zach",1000061940,Right,MIA_RED,Undefined,3,Bottom,1,1,0,ChangeUp,Changeup,BallinDirt,Undefined,Undefined,Undefined,0,0,,79.93358,-1.272906,3.230625,1893.255929,109.453103,9:45,4.66053,-0.61538,6.3816,-34.93348,8.44504,-19.64363,0.57638,0.72271,72.74743,-7.817324,-0.32739,0.474033,,,,,,,,,,,,11.35914,5.20807,0.39172,50,4.55256,-5.86834,-115.98465,-3.55526,15.29923,23.97237,-25.15947,MIA_RED,CEN_MIC,McKieFieldStad,D1,MAC,20240317-McKieFieldStad-1,4c9d6c80-e486-11ee-aea4-b7dfdbffd9f3,79.51435,,,7.18615,,,,,,,b24ae197-db0c-49a0-b090-a6c9874b4f44,2024-03-17,17:46:34.98,2024-03-17T13:46:34.9821804-04:00,2024-03-17T17:46:34.9821804Z,,v3,471355,471268,17 March 2024 13:00-cmichigan@miamioh,"Verburg, Spencer",1000240504,Right,CEN_MIC,d8f8cb26-f616-4a53-a758-14410846aed9,54.11771,-116.83263,11.98618,4.66258,-2.6653,-12.57973,0.60887,-6.40952,7.64961,,,,,,,,,,,,,,,,,,,,,,,,,,,,,,,,,,,,,,,,,,,,,,,,,,,High,High,High,,,,,
92,2024-03-17,13:46:50.90,2,3,"Waters, Evan",1000240507,Left,CEN_MIC,"MacDonald, Zach",1000061940,Right,MIA_RED,Undefined,3,Bottom,1,2,0,Fastball,Four-Seam,BallCalled,Undefined,Undefined,Undefined,0,0,,87.5615,0.500487,0.27999,2225.083916,157.016958,11:15,4.71836,-0.853,6.74803,-17.67544,18.25013,-7.17335,3.70263,-1.195,78.39281,-2.964321,-1.028329,0.431393,,,,,,,,,,,,3.83776,9.81678,0.83672,50,4.74384,-0.34127,-127.11315,0.72031,6.14483,31.25184,-16.45597,MIA_RED,CEN_MIC,McKieFieldStad,D1,MAC,20240317-McKieFieldStad-1,562303f0-e486-11ee-aea4-b7dfdbffd9f3,87.37378,,,9.16869,,,,,,,b24ae197-db0c-49a0-b090-a6c9874b4f44,2024-03-17,17:46:50.90,2024-03-17T13:46:50.9099884-04:00,2024-03-17T17:46:50.9099884Z,,v3,471355,471268,17 March 2024 13:00-cmichigan@miamioh,"Verburg, Spencer",1000240504,Right,CEN_MIC,c73314c6-2281-4e9a-8b81-3bb8ce07b3ea,53.74429,-128.03041,15.62592,4.71561,1.2033,-8.22799,0.84938,-0.52163,3.07241,,,,,,,,,,,,,,,,,,,,,,,,,,,,,,,,,,,,,,,,,,,,,,,,,,,High,High,High,,,,,
93,2024-03-17,13:47:07.64,2,4,"Waters, Evan",1000240507,Left,CEN_MIC,"MacDonald, Zach",1000061940,Right,MIA_RED,Undefined,3,Bottom,1,3,0,Fastball,Four-Seam,BallCalled,Walk,Undefined,Undefined,0,0,,86.32814,0.896138,-0.48799,2205.207227,167.044773,11:30,4.87522,-0.48052,6.66819,-17.42111,19.56025,-4.19142,4.24345,-1.27629,77.46783,-2.519352,-1.251093,0.437686,,,,,,,,,,,,2.01929,10.35024,0.51452,50,4.92767,1.2298,-125.31726,1.58374,3.15229,29.65455,-16.01642,MIA_RED,CEN_MIC,McKieFieldStad,D1,MAC,20240317-McKieFieldStad-1,600624b0-e486-11ee-aea4-b7dfdbffd9f3,86.11749,,,8.86032,,,,,,,b24ae197-db0c-49a0-b090-a6c9874b4f44,2024-03-17,17:47:07.64,2024-03-17T13:47:07.6427116-04:00,2024-03-17T17:47:07.6427116Z,,v3,471355,471268,17 March 2024 13:00-cmichigan@miamioh,"Verburg, Spencer",1000240504,Right,CEN_MIC,dc5d6683-4f44-4434-b08a-a3ccad1ce418,53.82427,-126.21898,14.82727,4.87211,2.07075,-8.00821,0.47859,1.13394,1.57615,,,,,,,,,,,,,,,,,,,,,,,,,,,,,,,,,,,,,,,,,,,,,,,,,,,High,High,High,,,,,
94,2024-03-17,13:47:34.93,3,1,"Waters, Evan",1000240507,Left,CEN_MIC,"Zaborowski, Ryland",695301,Right,MIA_RED,Undefined,3,Bottom,1,0,0,Fastball,Four-Seam,StrikeSwinging,Undefined,Undefined,Undefined,0,0,,87.53663,0.065284,1.371451,2218.75991,159.155619,11:15,4.80319,-0.80036,6.55169,-13.92398,22.47958,-8.01989,3.70273,-0.21089,77.96244,-2.719434,-0.085325,0.434254,,,,,,,,,,,,4.62721,12.08485,0.70841,50,4.80102,-2.7138,-126.93759,-0.10522,7.35581,32.2072,-12.96293,MIA_RED,CEN_MIC,McKieFieldStad,D1,MAC,20240317-McKieFieldStad-1,70520c80-e486-11ee-aea4-b7dfdbffd9f3,86.79823,,,9.57419,,,,,,,b24ae197-db0c-49a0-b090-a6c9874b4f44,2024-03-17,17:47:34.93,2024-03-17T13:47:34.9395820-04:00,2024-03-17T17:47:34.9395820Z,,v3,471355,471268,17 March 2024 13:00-cmichigan@miamioh,"Verburg, Spencer",1000240504,Right,CEN_MIC,6f2180f4-76ba-471e-bc99-a13c88ffa619,53.93943,-127.93322,16.1036,4.79807,0.29551,-6.48146,0.79582,-2.94119,3.67791,,,,,,,,,,,,,,,,,,,,,,,,,,,,,,,,,,,,,,,,,,,,,,,,,,,High,High,High,,,,,
95,2024-03-17,13:47:51.00,3,2,"Waters, Evan",1000240507,Left,CEN_MIC,"Zaborowski, Ryland",695301,Right,MIA_RED,Undefined,3,Bottom,1,0,1,Fastball,Four-Seam,BallCalled,Undefined,Undefined,Undefined,0,0,,86.58466,-0.164828,-0.537461,2166.670385,172.288718,11:45,4.59915,-1.04113,6.60794,-17.45788,19.91607,-2.4891,2.99334,-1.74086,76.68727,-3.612842,-0.990203,0.440003,,,,,,,,,,,,1.08685,10.89898,1.07849,50,4.58026,1.27683,-125.5061,-0.73129,1.67637,33.20416,-15.36346,MIA_RED,CEN_MIC,McKieFieldStad,D1,MAC,20240317-McKieFieldStad-1,79d77ce0-e486-11ee-aea4-b7dfdbffd9f3,85.66396,,,9.8974,,,,,,,b24ae197-db0c-49a0-b090-a6c9874b4f44,2024-03-17,17:47:51.00,2024-03-17T13:47:51.0054252-04:00,2024-03-17T17:47:51.0054252Z,,v3,471355,471268,17 March 2024 13:00-cmichigan@miamioh,"Verburg, Spencer",1000240504,Right,CEN_MIC,4f82af22-828b-4758-90ff-84a662d71605,53.88188,-126.52893,16.60208,4.5955,-0.25803,-7.68173,1.03996,1.22519,0.83819,,,,,,,,,,,,,,,,,,,,,,,,,,,,,,,,,,,,,,,,,,,,,,,,,,,High,High,High,,,,,
96,2024-03-17,13:48:07.81,3,3,"Waters, Evan",1000240507,Left,CEN_MIC,"Zaborowski, Ryland",695301,Right,MIA_RED,Undefined,3,Bottom,1,1,1,ChangeUp,Changeup,BallinDirt,Undefined,Undefined,Undefined,0,0,,77.06368,-0.245222,1.496559,1857.75344,110.709501,9:45,4.60713,-0.79731,6.20053,-38.65246,11.75308,-23.58986,1.15965,-1.38138,65.43457,-7.692536,-2.766015,0.510988,,,,,,,,,,,,12.68111,7.0015,0.69466,50,4.57099,-1.95997,-111.00098,-1.51451,14.52794,34.89128,-24.15286,MIA_RED,CEN_MIC,McKieFieldStad,D1,MAC,20240317-McKieFieldStad-1,83e9eb00-e486-11ee-aea4-b7dfdbffd9f3,73.76386,,,11.62911,,,,,,,b24ae197-db0c-49a0-b090-a6c9874b4f44,2024-03-17,17:48:07.81,2024-03-17T13:48:07.8190000-04:00,2024-03-17T17:48:07.8190000Z,,v3,471355,471268,17 March 2024 13:00-cmichigan@miamioh,"Verburg, Spencer",1000240504,Right,CEN_MIC,561d0978-9cfe-4dbf-a813-f4e4e6bb03e2,54.27971,-112.33818,17.44564,4.6113,-0.58886,-12.07643,0.78044,-2.51676,7.26397,,,,,,,,,,,,,,,,,,,,,,,,,,,,,82.43365,,0.875469,,-0.16363,0.94216,1.4595,0.32273,6.46625,0.88994,,,,0.37394,120.08897,-8.72523,6.46958,4.00042,-10.87951,0.8774,-2.78342,1.80596,High,High,High,,,High,High,High
97,2024-03-17,13:48:36.40,3,4,"Waters, Evan",1000240507,Left,CEN_MIC,"Zaborowski, Ryland",695301,Right,MIA_RED,Undefined,3,Bottom,1,2,1,Curveball,Curveball,BallCalled,Undefined,Undefined,Undefined,0,0,,70.57895,5.785962,-1.92014,2221.641755,332.552255,5:00,4.81901,-0.6474,5.90427,-83.41969,-24.13694,13.95225,3.25953,-1.26774,61.72342,-9.603203,0.581881,0.554161,,,,,,,,,,,,-7.77351,-13.56745,0.79439,50,5.2411,2.88928,-101.65966,7.71264,-7.71948,24.57022,-45.64719,MIA_RED,CEN_MIC,McKieFieldStad,D1,MAC,20240317-McKieFieldStad-1,95200bc0-e486-11ee-aea4-b7dfdbffd9f3,68.01718,,,8.85553,,,,,,,b24ae197-db0c-49a0-b090-a6c9874b4f44,2024-03-17,17:48:36.40,2024-03-17T13:48:36.4006252-04:00,2024-03-17T17:48:36.4006252Z,,v3,471355,471268,17 March 2024 13:00-cmichigan@miamioh,"Verburg, Spencer",1000240504,Right,CEN_MIC,142f05ba-a166-4275-9dbc-93c5b4643efb,54.59403,-102.764,12.28511,4.84834,9.7643,-22.8236,0.65673,3.23624,-3.85974,,,,,,,,,,,,,,,,,,,,,,,,,,,,,,,,,,,,,,,,,,,,,,,,,,,High,High,High,,,,,
98,2024-03-17,13:48:51.62,3,5,"Waters, Evan",1000240507,Left,CEN_MIC,"Zaborowski, Ryland",695301,Right,MIA_RED,Undefined,3,Bottom,1,3,1,Fastball,Four-Seam,FoulBallNotFieldable,Undefined,Undefined,Undefined,0,0,,87.37764,-0.990116,1.355943,2227.447663,158.358223,11:15,4.75256,-0.81471,6.58781,-14.34194,22.27608,-8.25241,2.6498,-0.25971,77.64349,-3.85635,-0.144247,0.435531,72.82383,31.243981,164.308044,2857.210262,,,,,46.55822,,,4.84453,12.48934,0.72514,50,4.67863,-2.68249,-126.71429,-2.46925,7.63413,33.31761,-12.49309,MIA_RED,CEN_MIC,McKieFieldStad,D1,MAC,20240317-McKieFieldStad-1,9e18f390-e486-11ee-aea4-b7dfdbffd9f3,86.54368,25.14661,,9.73415,,,,2.94682,2.6899,0.21497,b24ae197-db0c-49a0-b090-a6c9874b4f44,2024-03-17,17:48:51.62,2024-03-17T13:48:51.6207468-04:00,2024-03-17T17:48:51.6207468Z,,v3,471355,471268,17 March 2024 13:00-cmichigan@miamioh,"Verburg, Spencer",1000240504,Right,CEN_MIC,542ec77f-842e-4c02-831c-1501275408dc,53.90639,-127.73729,16.65881,4.74855,-2.08566,-6.24655,0.81111,-2.91689,3.81707,352.063987,2.94682,-87.91391,6.97809,0.0602,-0.20242,0.49675,-1.02565,1.19697,-0.56144,2.6899,55.3998,-29.97339,4.25551,-1.89656,4.38151,-9.4741,10.84284,-4.90787,0.21497,24.69812,-3.27984,-0.55091,0.43874,-1.13203,2.43256,-2.80496,1.2857,,,,,,,,,,,,,,,,,,,,,,,High,High,High,High,Low,,,
99,2024-03-17,13:49:11.11,3,6,"Waters, Evan",1000240507,Left,CEN_MIC,"Zaborowski, Ryland",695301,Right,MIA_RED,Undefined,3,Bottom,1,3,2,Curveball,Curveball,BallinDirt,Walk,Undefined,Undefined,0,0,,72.25887,3.696518,-2.237371,2219.703485,332.381439,5:00,4.71194,-0.80184,5.90299,-80.81512,-24.56049,14.18438,1.41611,-1.69776,63.66838,-11.181568,0.314654,0.539822,,,,,,,,,,,,-8.05981,-12.99213,0.97427,50,4.96649,3.54465,-104.37793,4.17655,-8.43434,25.95964,-45.76993,MIA_RED,CEN_MIC,McKieFieldStad,D1,MAC,20240317-McKieFieldStad-1,a9d0fb60-e486-11ee-aea4-b7dfdbffd9f3,69.82383,,,8.59049,,,,,,,b24ae197-db0c-49a0-b090-a6c9874b4f44,2024-03-17,17:49:11.11,2024-03-17T13:49:11.1156588-04:00,2024-03-17T17:49:11.1156588Z,,v3,471355,471268,17 March 2024 13:00-cmichigan@miamioh,"Verburg, Spencer",1000240504,Right,CEN_MIC,71314bae-7e97-4442-9f76-d296b87e207a,54.59561,-105.5147,12.97982,4.73971,6.18082,-22.88497,0.81096,3.91399,-4.21717,,,,,,,,,,,,,,,,,,,,,,,,,,,,,,,,,,,,,,,,,,,,,,,,,,,High,High,High,,,,,
100,2024-03-17,13:49:39.34,4,1,"Waters, Evan",1000240507,Left,CEN_MIC,"Novak, Ryan",10035937,Left,MIA_RED,Undefined,3,Bottom,1,0,0,Fastball,Four-Seam,InPlay,Undefined,FlyBall,Out,1,0,,87.09131,-0.280296,2.035887,2244.569661,169.956926,11:45,4.81279,-0.60202,6.52954,-17.02316,19.55123,-3.2239,3.13691,0.9977,78.17755,-3.607368,1.450909,0.435271,88.43643,47.780029,-25.269555,4542.883715,96.9285,108.64068,-52.00825,240.84237,148.64088,-32.73085,5.550264,2.38776,10.75776,0.46201,50,4.78592,-4.37162,-126.3907,-1.01739,3.78501,30.57342,-15.12103,MIA_RED,CEN_MIC,McKieFieldStad,D1,MAC,20240317-McKieFieldStad-1,ba7a9390-e486-11ee-aea4-b7dfdbffd9f3,86.59528,120.40487,,8.91376,,,,2.36992,3.2626,-0.89826,b24ae197-db0c-49a0-b090-a6c9874b4f44,2024-03-17,17:49:39.34,2024-03-17T13:49:39.3424748-04:00,2024-03-17T17:49:39.3424748Z,FlyBall,v3,471355,471268,17 March 2024 13:00-cmichigan@miamioh,"Verburg, Spencer",1000240504,Right,CEN_MIC,3b76f123-f043-432a-a9f8-e8e278ef5a2d,53.96658,-127.34658,15.28671,4.81033,-0.54463,-7.56052,0.60054,-4.48996,1.89251,,2.37274,78.77375,-21.63685,5.83448,-1.31511,0.26734,-0.04347,0.00446,-0.0002,3.26704,95.96543,-23.34986,1.61224,0.18421,-0.1831,0.04599,-0.00528,0.00023,-0.89919,-37.19138,7.12146,-1.94308,0.44038,-0.08902,0.01428,-0.00144,7E-05,,,,,,,,,,,,,,,,,,,,,,,High,High,High,High,Low,,,
101,2024-03-17,13:50:16.38,5,1,"Waters, Evan",1000240507,Left,CEN_MIC,"Baker, Dillon",1000034148,Right,MIA_RED,Undefined,3,Bottom,2,0,0,Fastball,Four-Seam,StrikeSwinging,Undefined,Undefined,Undefined,0,0,,85.7862,-0.240462,0.750498,2147.29233,167.737465,11:30,4.90289,-0.80101,6.66193,-19.7119,18.12899,-3.6124,3.04018,-0.41529,76.31719,-4.094709,0.092691,0.442744,,,,,,,,,,,,2.14311,10.01355,0.75175,50,4.87845,-1.48727,-124.40043,-0.97036,3.26205,31.62075,-16.93225,MIA_RED,CEN_MIC,McKieFieldStad,D1,MAC,20240317-McKieFieldStad-1,d0a292d0-e486-11ee-aea4-b7dfdbffd9f3,85.1338,,,9.46901,,,,,,,b24ae197-db0c-49a0-b090-a6c9874b4f44,2024-03-17,17:50:16.38,2024-03-17T13:50:16.3854188-04:00,2024-03-17T17:50:16.3854188Z,,v3,471355,471268,17 March 2024 13:00-cmichigan@miamioh,"Verburg, Spencer",1000240504,Right,CEN_MIC,b7fcedb7-1da7-4041-910a-e60f3fa86fb8,53.82815,-125.36972,15.81037,4.90023,-0.45133,-8.46613,0.79887,-1.58726,1.63102,,,,,,,,,,,,,,,,,,,,,,,,,,,,,,,,,,,,,,,,,,,,,,,,,,,High,High,High,,,,,
102,2024-03-17,13:50:31.31,5,2,"Waters, Evan",1000240507,Left,CEN_MIC,"Baker, Dillon",1000034148,Right,MIA_RED,Undefined,3,Bottom,2,0,1,Fastball,Four-Seam,StrikeSwinging,Undefined,Undefined,Undefined,0,0,,87.81703,-0.506971,0.793232,2253.898401,157.228828,11:15,4.70896,-0.75953,6.62762,-16.23706,19.75859,-7.71221,2.89163,-0.67587,78.4319,-3.705508,-0.610252,0.431814,,,,,,,,,,,,4.27701,10.90965,0.70831,50,4.66742,-1.45516,-127.40613,-1.47206,6.85988,32.08292,-14.67613,MIA_RED,CEN_MIC,McKieFieldStad,D1,MAC,20240317-McKieFieldStad-1,d96c7b60-e486-11ee-aea4-b7dfdbffd9f3,87.28864,,,9.38513,,,,,,,b24ae197-db0c-49a0-b090-a6c9874b4f44,2024-03-17,17:50:31.31,2024-03-17T13:50:31.3142636-04:00,2024-03-17T17:50:31.3142636Z,,v3,471355,471268,17 March 2024 13:00-cmichigan@miamioh,"Verburg, Spencer",1000240504,Right,CEN_MIC,72152ffe-a236-42c8-ac27-cfb25cda0193,53.86401,-128.37546,16.04146,4.7052,-1.02865,-7.33806,0.7554,-1.66242,3.42994,,,,,,,,,,,,,,,,,,,,,,,,,,,,,,,,,,,,,,,,,,,,,,,,,,,High,High,High,,,,,
103,2024-03-17,13:50:51.39,5,3,"Waters, Evan",1000240507,Left,CEN_MIC,"Baker, Dillon",1000034148,Right,MIA_RED,Undefined,3,Bottom,2,0,2,Fastball,Four-Seam,BallCalled,Undefined,Undefined,Undefined,0,0,,86.54986,0.679935,-1.266869,2266.366035,145.932307,10:45,4.78857,-0.80095,6.43134,-18.25505,18.93206,-11.88753,3.8924,-2.95609,77.67591,-2.870414,-3.419669,0.438902,,,,,,,,,,,,5.70118,10.00607,0.89554,50,4.82833,3.25507,-125.56145,1.0574,8.92479,30.02863,-16.51025,MIA_RED,CEN_MIC,McKieFieldStad,D1,MAC,20240317-McKieFieldStad-1,e5831df0-e486-11ee-aea4-b7dfdbffd9f3,85.87895,,,8.87395,,,,,,,b24ae197-db0c-49a0-b090-a6c9874b4f44,2024-03-17,17:50:51.39,2024-03-17T13:50:51.3915244-04:00,2024-03-17T17:50:51.3915244Z,,v3,471355,471268,17 March 2024 13:00-cmichigan@miamioh,"Verburg, Spencer",1000240504,Right,CEN_MIC,f8ef3cdd-acb9-4c0c-94a2-60f46e114cc6,54.06114,-126.52896,15.01431,4.78569,1.58935,-8.25512,0.79529,2.96751,4.4624,,,,,,,,,,,,,,,,,,,,,,,,,,,,,,,,,,,,,,,,,,,,,,,,,,,High,High,High,,,,,
104,2024-03-17,13:51:08.58,5,4,"Waters, Evan",1000240507,Left,CEN_MIC,"Baker, Dillon",1000034148,Right,MIA_RED,Undefined,3,Bottom,2,1,2,Fastball,Four-Seam,FoulBallFieldable,Undefined,Undefined,Undefined,0,0,,87.38199,0.074418,0.922412,2276.195294,156.554757,11:15,4.79154,-0.69342,6.54898,-18.82288,17.56903,-7.02363,3.29122,-0.43281,78.18371,-3.588788,-0.353758,0.434184,71.74656,52.883015,41.327359,4417.257025,72.4878,90.01457,82.73758,223.14765,127.67516,49.961323,4.731523,4,9.57894,0.63243,50,4.78852,-1.77032,-126.82161,-0.29499,6.36422,31.51688,-16.93344,MIA_RED,CEN_MIC,McKieFieldStad,D1,MAC,20240317-McKieFieldStad-1,efc379e0-e486-11ee-aea4-b7dfdbffd9f3,86.81214,90.34171,,9.19828,,,,1.35542,3.29375,0.57435,b24ae197-db0c-49a0-b090-a6c9874b4f44,2024-03-17,17:51:08.58,2024-03-17T13:51:08.5843820-04:00,2024-03-17T17:51:08.5843820Z,Popup,v3,471355,471268,17 March 2024 13:00-cmichigan@miamioh,"Verburg, Spencer",1000240504,Right,CEN_MIC,d901d366-05ab-400b-8071-90adeb60589f,53.94547,-127.79835,15.75844,4.78953,0.2298,-8.46672,0.69035,-1.96756,3.18211,,1.32561,48.34287,-15.33891,9.11646,-4.90661,1.79212,-0.3778,0.04175,-0.0019,3.28992,84.05317,-25.23718,4.47932,-2.34246,1.06274,-0.27762,0.03682,-0.00198,0.58076,41.80123,-0.87491,-1.11867,0.79722,-0.28546,0.05512,-0.00529,0.0002,,,,,,,,,,,,,,,,,,,,,,,High,High,High,High,Low,,,
105,2024-03-17,13:51:41.15,5,5,"Waters, Evan",1000240507,Left,CEN_MIC,"Baker, Dillon",1000034148,Right,MIA_RED,Undefined,3,Bottom,2,1,2,Curveball,Curveball,BallCalled,Undefined,Undefined,Undefined,0,0,,72.37071,5.253396,-2.431591,2141.587498,332.525169,5:00,4.78501,-0.62049,5.75722,-82.07544,-25.66462,14.65922,2.85349,-1.66361,63.59711,-9.816699,0.191329,0.540571,,,,,,,,,,,,-8.32422,-14.15855,0.81358,50,5.17423,3.87267,-104.32833,6.94113,-8.74102,25.25967,-47.04153,MIA_RED,CEN_MIC,McKieFieldStad,D1,MAC,20240317-McKieFieldStad-1,032c0b00-e487-11ee-aea4-b7dfdbffd9f3,69.7271,,,8.7736,,,,,,,b24ae197-db0c-49a0-b090-a6c9874b4f44,2024-03-17,17:51:41.15,2024-03-17T13:51:41.1546476-04:00,2024-03-17T17:51:41.1546476Z,,v3,471355,471268,17 March 2024 13:00-cmichigan@miamioh,"Verburg, Spencer",1000240504,Right,CEN_MIC,618a1d6a-11bc-45c3-b679-ace0a472b316,54.74279,-105.47039,12.62983,4.81232,9.068,-23.52077,0.62955,4.26788,-4.37051,,,,,,,,,,,,,,,,,,,,,,,,,,,,,,,,,,,,,,,,,,,,,,,,,,,High,High,High,,,,,
106,2024-03-17,13:52:04.28,5,6,"Waters, Evan",1000240507,Left,CEN_MIC,"Baker, Dillon",1000034148,Right,MIA_RED,Undefined,3,Bottom,2,2,2,Curveball,Curveball,BallCalled,Undefined,Undefined,Undefined,0,0,,73.99797,3.701831,-2.34919,2114.63781,332.135447,5:00,4.62655,-0.74665,5.65335,-76.50736,-22.94663,13.32166,1.71108,-1.82865,65.74953,-10.298707,0.034112,0.526738,,,,,,,,,,,,-7.55552,-12.10997,0.93755,50,4.89407,3.86865,-106.93706,4.36789,-8.40324,25.22049,-45.64272,MIA_RED,CEN_MIC,McKieFieldStad,D1,MAC,20240317-McKieFieldStad-1,10e7ab00-e487-11ee-aea4-b7dfdbffd9f3,71.55821,,,8.24843,,,,,,,b24ae197-db0c-49a0-b090-a6c9874b4f44,2024-03-17,17:52:04.28,2024-03-17T13:52:04.2839916-04:00,2024-03-17T17:52:04.2839916Z,,v3,471355,471268,17 March 2024 13:00-cmichigan@miamioh,"Verburg, Spencer",1000240504,Right,CEN_MIC,53a9f02f-688f-44af-925d-8345b35e63bd,54.84644,-108.07402,12.61025,4.65078,6.4255,-22.82136,0.75461,4.24747,-4.20162,,,,,,,,,,,,,,,,,,,,,,,,,,,,,,,,,,,,,,,,,,,,,,,,,,,High,High,High,,,,,
107,2024-03-17,13:52:22.65,5,7,"Waters, Evan",1000240507,Left,CEN_MIC,"Baker, Dillon",1000034148,Right,MIA_RED,Undefined,3,Bottom,2,3,2,Fastball,Four-Seam,HitByPitch,Walk,Undefined,Undefined,0,0,,88.07794,-0.147786,3.011042,2228.191914,152.117117,11:00,4.7703,-0.67562,6.53516,-17.28091,18.1082,-8.95457,3.19448,1.34254,79.89424,-3.491524,1.38765,0.42816,,,,,,,,,,,,5.67111,9.93753,0.47064,50,4.75255,-6.39747,-127.89475,-0.76393,9.31576,28.40789,-15.85001,MIA_RED,CEN_MIC,McKieFieldStad,D1,MAC,20240317-McKieFieldStad-1,1bc07660-e487-11ee-aea4-b7dfdbffd9f3,88.03351,,,8.18371,,,,,,,b24ae197-db0c-49a0-b090-a6c9874b4f44,2024-03-17,17:52:22.65,2024-03-17T13:52:22.6598764-04:00,2024-03-17T17:52:22.6598764Z,,v3,471355,471268,17 March 2024 13:00-cmichigan@miamioh,"Verburg, Spencer",1000240504,Right,CEN_MIC,25fcaebc-ed0a-461c-ab08-dffb5b030c04,53.96363,-128.77214,14.20394,4.76859,-0.27439,-7.92501,0.67267,-6.68519,4.65788,,,,,,,,,,,,,,,,,,,,,,,,,,,,,,,,,,,,,,,,,,,,,,,,,,,High,High,High,,,,,
108,2024-03-17,13:53:11.07,6,1,"Waters, Evan",1000240507,Left,CEN_MIC,"Zarlingo, Anthony",1000113533,Right,MIA_RED,Undefined,3,Bottom,2,0,0,Fastball,Four-Seam,StrikeCalled,Undefined,Undefined,Undefined,0,0,,87.03251,-0.377957,1.044557,2195.624766,149.412672,11:00,4.68542,-0.85072,6.89619,-20.1032,15.89233,-8.62607,2.6658,-0.61793,78.37413,-4.280681,-0.533425,0.431813,,,,,,,,,,,,4.88985,8.93548,0.78721,50,4.6541,-1.98427,-126.43638,-1.30407,7.78004,29.89448,-17.95715,MIA_RED,CEN_MIC,McKieFieldStad,D1,MAC,20240317-McKieFieldStad-1,389a0580-e487-11ee-aea4-b7dfdbffd9f3,87.2888,,,8.65838,,,,,,,b24ae197-db0c-49a0-b090-a6c9874b4f44,2024-03-17,17:53:11.07,2024-03-17T13:53:11.0721388-04:00,2024-03-17T17:53:11.0721388Z,,v3,471355,471268,17 March 2024 13:00-cmichigan@miamioh,"Verburg, Spencer",1000240504,Right,CEN_MIC,bd463bea-543e-4f9f-bde0-eb1d0bacf1c0,53.59793,-127.28423,14.94724,4.68386,-0.79478,-8.97857,0.84661,-2.20493,3.89002,,,,,,,,,,,,,,,,,,,,,,,,,,,,,,,,,,,,,,,,,,,,,,,,,,,High,High,High,,,,,
109,2024-03-17,13:53:26.41,6,2,"Waters, Evan",1000240507,Left,CEN_MIC,"Zarlingo, Anthony",1000113533,Right,MIA_RED,Undefined,3,Bottom,2,0,1,Fastball,Four-Seam,InPlay,Undefined,FlyBall,Out,1,0,,87.61676,-0.490588,1.566265,2132.138964,152.051239,11:00,4.69522,-0.72941,6.75021,-19.17855,16.128,-7.9489,2.64869,0.03929,79.80514,-4.184776,0.116652,0.42766,80.50295,30.033668,19.320358,4341.141884,100.02654,48.84739,45.76707,288.24782,280.98473,30.691549,3.769926,4.68768,9.03331,0.62955,50,4.65542,-3.19654,-127.40362,-1.56755,7.66524,27.42965,-17.40288,MIA_RED,CEN_MIC,McKieFieldStad,D1,MAC,20240317-McKieFieldStad-1,41cdd370-e487-11ee-aea4-b7dfdbffd9f3,88.13639,53.43257,,7.81162,,,,1.03458,2.61682,-0.09089,b24ae197-db0c-49a0-b090-a6c9874b4f44,2024-03-17,17:53:26.41,2024-03-17T13:53:26.4102764-04:00,2024-03-17T17:53:26.4102764Z,FlyBall,v3,471355,471268,17 March 2024 13:00-cmichigan@miamioh,"Verburg, Spencer",1000240504,Right,CEN_MIC,03747dcd-3b88-4ae9-a004-36528ab5829b,53.74775,-128.20797,13.71482,4.6939,-1.05723,-8.70144,0.72658,-3.42132,3.83262,229.80406,1.03442,96.46742,-18.19841,5.13446,-1.28873,0.34027,-0.0832,0.01332,-0.00092,2.61765,59.06964,-18.39423,0.39349,0.49997,-0.316,0.09869,-0.01546,0.00095,-0.09098,33.82135,3.87565,-1.37065,0.34838,-0.07046,0.01159,-0.00146,0.0001,,,,,,,,,,,,,,,,,,,,,,,High,High,High,High,High,,,
110,2024-03-17,13:55:25.48,1,1,"Vardavas, Nick",1000241952,Left,MIA_RED,"Stengren, Drew",1000099826,Right,CEN_MIC,Undefined,4,Top,0,0,0,Fastball,Changeup,FoulBallNotFieldable,Undefined,Undefined,Undefined,0,0,,83.68087,-0.417208,3.303074,1924.769558,130.018403,10:15,5.30631,-1.65837,5.90456,-23.87734,17.60532,-18.80525,2.92861,-0.15602,73.63692,-5.012301,-0.066982,0.463559,70.41057,69.386807,71.200466,4858.697341,8.27962,86.44439,109.68786,154.46364,59.426,86.102537,4.857092,10.85142,9.64583,1.40335,50,5.25961,-6.19554,-120.90526,-1.54269,15.43674,32.11905,-18.45229,MIA_RED,CEN_MIC,McKieFieldStad,D1,MAC,20240317-McKieFieldStad-1,88d74030-e487-11ee-aea4-b7dfdbffd9f3,81.31103,104.86574,,10.04395,,,,1.05826,2.89704,0.15651,b24ae197-db0c-49a0-b090-a6c9874b4f44,2024-03-17,17:55:25.48,2024-03-17T13:55:25.4897516-04:00,2024-03-17T17:55:25.4897516Z,Popup,v3,471355,471268,17 March 2024 13:00-cmichigan@miamioh,"Novak, David",1000076952,Right,MIA_RED,e9f0ecd2-404a-4e87-b011-5c833ad8715d,54.58684,-122.11769,16.05952,5.3047,-0.84615,-9.22614,1.64822,-6.77825,7.71837,,1.05944,11.66871,-7.52531,2.03335,0.07727,-0.23503,0.0761,-0.01084,0.00059,2.90344,96.51273,-27.61562,2.37345,0.29323,-0.3178,0.08542,-0.01056,0.0005,0.15824,34.3894,-0.04047,-0.38549,0.07501,0.02733,-0.0172,0.00323,-0.00021,,,,,,,,,,,,,,,,,,,,,,,High,High,High,Medium,Low,,,
111,2024-03-17,13:55:45.44,1,2,"Vardavas, Nick",1000241952,Left,MIA_RED,"Stengren, Drew",1000099826,Right,CEN_MIC,Undefined,4,Top,0,0,1,ChangeUp,Changeup,InPlay,Undefined,LineDrive,Out,1,0,,74.84705,1.162776,2.756454,1555.186445,95.43236,9:15,5.30164,-1.77463,5.32948,-48.70176,3.94654,-18.53891,2.33559,-0.73121,66.57973,-7.82661,-0.535503,0.522232,93.00265,19.725242,-11.343241,2157.303867,108.46369,33.44914,-18.32015,324.7632,317.65744,-7.333424,3.552015,10.30638,2.14288,1.53938,50,5.3724,-4.48534,-108.16344,0.64227,11.80758,24.65166,-29.71907,MIA_RED,CEN_MIC,McKieFieldStad,D1,MAC,20240317-McKieFieldStad-1,94bd35d0-e487-11ee-aea4-b7dfdbffd9f3,72.17566,40.61635,,8.26732,,,,1.75498,2.40829,0.74148,b24ae197-db0c-49a0-b090-a6c9874b4f44,2024-03-17,17:55:45.44,2024-03-17T13:55:45.4446956-04:00,2024-03-17T17:55:45.4446956Z,LineDrive,v3,471355,471268,17 March 2024 13:00-cmichigan@miamioh,"Novak, David",1000076952,Right,MIA_RED,314e10da-6bdf-4c2c-9e11-b820674a96ec,55.16487,-109.33423,12.32583,5.30838,2.05373,-14.85953,1.76573,-5.04613,5.90379,201.075015,1.75511,125.88728,-18.07965,3.89633,-0.72337,0.09274,-0.00103,-0.00213,0.00026,2.40815,46.04268,-14.73606,0.66472,-0.15966,0.07477,-0.02787,0.00586,-0.0005,0.74143,-25.25272,6.70734,-1.41653,0.25533,-0.02983,-0.00082,0.00099,-0.00011,,,,,,,,,,,,,,,,,,,,,,,High,High,High,High,High,,,
112,2024-03-17,13:56:16.21,2,1,"Vardavas, Nick",1000241952,Left,MIA_RED,"Verburg, Spencer",1000240504,Right,CEN_MIC,Undefined,4,Top,1,0,0,Fastball,Changeup,FoulBallNotFieldable,Undefined,Undefined,Undefined,0,0,,84.45483,-1.022377,2.38087,2019.067174,115.778125,9:45,5.45134,-1.61782,5.4905,-31.96238,8.0278,-13.86288,1.83048,-0.54455,77.03068,-6.913888,-0.089262,0.455143,,,,,,,,,,,,7.78556,4.70941,1.41932,50,5.34013,-4.52697,-122.49656,-3.28375,11.75831,25.56231,-25.06153,MIA_RED,CEN_MIC,McKieFieldStad,D1,MAC,20240317-McKieFieldStad-1,a70cb5d0-e487-11ee-aea4-b7dfdbffd9f3,82.81445,,,7.42415,,,,,,,b24ae197-db0c-49a0-b090-a6c9874b4f44,2024-03-17,17:56:16.21,2024-03-17T13:56:16.2147692-04:00,2024-03-17T17:56:16.2147692Z,,v3,471355,471268,17 March 2024 13:00-cmichigan@miamioh,"Novak, David",1000076952,Right,MIA_RED,c34932e2-2078-4275-8350-59521b661e9c,55.00859,-123.53732,12.78116,5.45306,-2.26338,-12.53076,1.61338,-5.0057,5.87916,,,,,,,,,,,,,,,,,,,,,,,,,,,,,,,,,,,,,,,,,,,,,,,,,,,High,High,High,,,,,
113,2024-03-17,13:56:57.42,2,2,"Vardavas, Nick",1000241952,Left,MIA_RED,"Verburg, Spencer",1000240504,Right,CEN_MIC,Undefined,4,Top,1,0,1,Fastball,Changeup,FoulBallNotFieldable,Undefined,Undefined,Undefined,0,0,,83.86952,0.846863,3.194592,2035.81288,108.312798,9:30,5.3227,-1.66743,5.89789,-34.54041,6.16851,-13.86552,3.23181,0.14592,74.93171,-5.614616,0.709665,0.459215,67.0208,48.844281,55.626136,4105.126627,47.76256,66.69785,99.08923,198.69057,112.59247,66.965244,3.875974,8.17473,3.32063,1.41809,50,5.37153,-6.20607,-121.38201,0.67922,11.89911,29.15192,-27.34055,MIA_RED,CEN_MIC,McKieFieldStad,D1,MAC,20240317-McKieFieldStad-1,bf9624b0-e487-11ee-aea4-b7dfdbffd9f3,82.08014,66.88402,,8.9378,,,,0.11346,3.02657,0.18112,b24ae197-db0c-49a0-b090-a6c9874b4f44,2024-03-17,17:56:57.42,2024-03-17T13:56:57.4238060-04:00,2024-03-17T17:56:57.4238060Z,Popup,v3,471355,471268,17 March 2024 13:00-cmichigan@miamioh,"Novak, David",1000076952,Right,MIA_RED,eb6b4bc1-74ff-4073-b423-8c5478813717,54.59643,-122.48095,14.57596,5.3265,1.70987,-13.67028,1.6605,-6.65463,5.94955,,0.11916,36.38398,-9.73326,2.09448,0.11153,-0.13535,-0.01795,0.01648,-0.00199,3.02207,74.15076,-25.78622,4.55994,-2.66976,1.43094,-0.4716,0.08085,-0.00552,0.17486,53.57337,-1.71541,1.45309,-2.03136,1.27,-0.40692,0.0644,-0.00399,,,,,,,,,,,,,,,,,,,,,,,High,High,High,High,Low,,,
114,2024-03-17,13:57:17.11,2,3,"Vardavas, Nick",1000241952,Left,MIA_RED,"Verburg, Spencer",1000240504,Right,CEN_MIC,Undefined,4,Top,1,0,2,Fastball,Four-Seam,BallCalled,Undefined,Undefined,Undefined,0,0,,85.42206,-0.749001,1.517812,2151.117531,141.673685,10:45,5.2685,-1.69399,5.59779,-22.47903,17.36985,-12.44457,2.69569,-1.31368,75.88208,-5.033746,-0.703456,0.454339,,,,,,,,,,,,6.75898,9.48323,1.57183,50,5.1903,-2.72163,-123.57013,-2.2886,10.14567,31.31877,-17.93909,MIA_RED,CEN_MIC,McKieFieldStad,D1,MAC,20240317-McKieFieldStad-1,cb4dde60-e487-11ee-aea4-b7dfdbffd9f3,82.96113,,,9.53998,,,,,,,b24ae197-db0c-49a0-b090-a6c9874b4f44,2024-03-17,17:57:17.11,2024-03-17T13:57:17.1193708-04:00,2024-03-17T17:57:17.1193708Z,,v3,471355,471268,17 March 2024 13:00-cmichigan@miamioh,"Novak, David",1000076952,Right,MIA_RED,1ec459a8-99d6-4b77-af80-bffe32cdb1c4,54.8924,-124.80394,15.65938,5.26654,-1.58188,-8.96955,1.68693,-3.12132,5.07283,,,,,,,,,,,,,,,,,,,,,,,,,,,,,,,,,,,,,,,,,,,,,,,,,,,High,High,High,,,,,
115,2024-03-17,13:57:37.88,2,4,"Vardavas, Nick",1000241952,Left,MIA_RED,"Verburg, Spencer",1000240504,Right,CEN_MIC,Undefined,4,Top,1,1,2,Cutter,Changeup,BallCalled,Undefined,Undefined,Undefined,0,0,,80.4322,2.085375,0.883455,2330.375848,118.830629,10:00,5.22999,-1.76512,5.13934,-40.16632,5.71445,-6.95776,3.84748,-1.51302,71.24636,-5.344409,-0.347534,0.487514,,,,,,,,,,,,3.72492,2.6665,1.6878,50,5.39549,-1.48305,-116.17318,2.81825,4.93287,28.0427,-28.64284,MIA_RED,CEN_MIC,McKieFieldStad,D1,MAC,20240317-McKieFieldStad-1,d7c19510-e487-11ee-aea4-b7dfdbffd9f3,77.31567,,,9.18584,,,,,,,b24ae197-db0c-49a0-b090-a6c9874b4f44,2024-03-17,17:57:37.88,2024-03-17T13:57:37.8815852-04:00,2024-03-17T17:57:37.8815852Z,,v3,471355,471268,17 March 2024 13:00-cmichigan@miamioh,"Novak, David",1000076952,Right,MIA_RED,eeb90a16-0add-4202-a384-633fbfc6998e,55.34995,-117.45749,14.02135,5.23638,4.13004,-14.32142,1.7609,-1.70897,2.46643,,,,,,,,,,,,,,,,,,,,,,,,,,,,,,,,,,,,,,,,,,,,,,,,,,,High,High,High,,,,,
116,2024-03-17,13:57:56.42,2,5,"Vardavas, Nick",1000241952,Left,MIA_RED,"Verburg, Spencer",1000240504,Right,CEN_MIC,Undefined,4,Top,1,2,2,Fastball,Sinker,HitByPitch,Undefined,Undefined,Undefined,0,0,,85.30981,0.566604,3.789459,2151.775352,137.028371,10:30,5.41625,-1.57434,5.84914,-25.73332,12.9467,-10.8828,3.79947,1.04511,77.59688,-4.256986,1.844266,0.447625,,,,,,,,,,,,6.62402,6.8276,1.27223,50,5.44742,-7.74012,-123.62618,0.41982,10.22141,25.31895,-21.63855,MIA_RED,CEN_MIC,McKieFieldStad,D1,MAC,20240317-McKieFieldStad-1,e2be1510-e487-11ee-aea4-b7dfdbffd9f3,84.20531,,,7.71293,,,,,,,b24ae197-db0c-49a0-b090-a6c9874b4f44,2024-03-17,17:57:56.42,2024-03-17T13:57:56.4271468-04:00,2024-03-17T17:57:56.4271468Z,,v3,471355,471268,17 March 2024 13:00-cmichigan@miamioh,"Novak, David",1000076952,Right,MIA_RED,e1921799-9ca0-4b49-99e8-106b63dfb65c,54.64708,-124.57428,12.65947,5.41653,1.2301,-10.81928,1.56924,-8.12287,5.11071,,,,,,,,,,,,,,,,,,,,,,,,,,,,,,,,,,,,,,,,,,,,,,,,,,,High,High,High,,,,,
117,2024-03-17,13:58:34.51,3,1,"Vardavas, Nick",1000241952,Left,MIA_RED,"Loikits, Andrew",10048866,Right,CEN_MIC,Undefined,4,Top,1,0,0,Fastball,Changeup,InPlay,Undefined,Bunt,Single,0,0,,84.85095,-0.515286,3.147297,2097.717708,109.983045,9:45,5.33513,-1.74581,5.79703,-31.80403,8.3491,-18.44225,2.20478,-0.35235,75.4766,-6.476865,-0.154572,0.456069,,,,,,,,,,,,10.63178,4.88087,1.49838,50,5.27403,-5.99437,-122.75497,-2.13587,15.7139,31.39629,-24.96007,MIA_RED,CEN_MIC,McKieFieldStad,D1,MAC,20240317-McKieFieldStad-1,f9729ce0-e487-11ee-aea4-b7dfdbffd9f3,82.64627,,,9.37435,,,,,,,b24ae197-db0c-49a0-b090-a6c9874b4f44,2024-03-17,17:58:34.51,2024-03-17T13:58:34.5155436-04:00,2024-03-17T17:58:34.5155436Z,,v3,471355,471268,17 March 2024 13:00-cmichigan@miamioh,"Novak, David",1000076952,Right,MIA_RED,9677c623-4634-4226-b4d9-02d1deb43c40,54.69873,-123.95091,15.69815,5.33728,-1.1851,-12.48003,1.73811,-6.59294,7.85695,,,,,,,,,,,,,,,,,,,,,,,,,,,,,,,,,,,,,,,,,,,,,,,,,,,High,High,High,,,,,
118,2024-03-17,13:59:19.50,4,1,"Vardavas, Nick",1000241952,Left,MIA_RED,"Brill, Jake",1000240505,Right,CEN_MIC,Undefined,4,Top,1,0,0,Fastball,Changeup,StrikeCalled,Undefined,Undefined,Undefined,0,0,,81.18679,-0.472101,2.213033,2261.98136,133.507749,10:30,5.32735,-1.9798,5.40988,-28.74844,14.88985,-14.06627,2.48901,-1.07762,73.51057,-5.829949,-0.288085,0.47545,,,,,,,,,,,,7.69607,8.07595,1.79282,50,5.26574,-3.95627,-117.63027,-1.88661,10.67254,24.45041,-20.97469,MIA_RED,CEN_MIC,McKieFieldStad,D1,MAC,20240317-McKieFieldStad-1,145d2d40-e488-11ee-aea4-b7dfdbffd9f3,79.27732,,,7.67621,,,,,,,b24ae197-db0c-49a0-b090-a6c9874b4f44,2024-03-17,17:59:19.50,2024-03-17T13:59:19.5015532-04:00,2024-03-17T17:59:19.5015532Z,,v3,471355,471268,17 March 2024 13:00-cmichigan@miamioh,"Novak, David",1000076952,Right,MIA_RED,541163ab-09c3-415f-a275-f19be794a265,55.08442,-118.68241,12.22521,5.3275,-0.98405,-10.48735,1.97294,-4.41553,5.33627,,,,,,,,,,,,,,,,,,,,,,,,,,,,,,,,,,,,,,,,,,,,,,,,,,,High,High,High,,,,,
119,2024-03-17,13:59:38.56,4,2,"Vardavas, Nick",1000241952,Left,MIA_RED,"Brill, Jake",1000240505,Right,CEN_MIC,Undefined,4,Top,1,0,1,Fastball,Changeup,StrikeSwinging,Undefined,Undefined,Undefined,0,0,,84.44027,-0.636349,2.221264,2143.04128,111.173096,9:45,5.4448,-1.63841,5.80278,-32.26124,8.35296,-17.1954,2.16408,-1.00451,74.95986,-6.688166,-0.860967,0.458681,,,,,,,,,,,,9.49457,4.99949,1.46588,50,5.37395,-4.00261,-122.15163,-2.40805,13.86825,31.51219,-24.87155,MIA_RED,CEN_MIC,McKieFieldStad,D1,MAC,20240317-McKieFieldStad-1,1fb7abc0-e488-11ee-aea4-b7dfdbffd9f3,82.17579,,,9.4804,,,,,,,b24ae197-db0c-49a0-b090-a6c9874b4f44,2024-03-17,17:59:38.56,2024-03-17T13:59:38.5663852-04:00,2024-03-17T17:59:38.5663852Z,,v3,471355,471268,17 March 2024 13:00-cmichigan@miamioh,"Novak, David",1000076952,Right,MIA_RED,17949f6b-014c-4812-8878-e173ff536a83,54.68885,-123.35532,15.7561,5.44779,-1.45802,-12.43577,1.62888,-4.53235,6.93413,,,,,,,,,,,,,,,,,,,,,,,,,,,,,,,,,,,,,,,,,,,,,,,,,,,High,High,High,,,,,
120,2024-03-17,14:00:18.33,4,3,"Vardavas, Nick",1000241952,Left,MIA_RED,"Brill, Jake",1000240505,Right,CEN_MIC,Undefined,4,Top,1,0,2,Cutter,Slider,FoulBallNotFieldable,Undefined,Undefined,Undefined,0,0,,80.16125,0.54569,1.017994,2482.149258,202.755983,12:45,5.11167,-1.98868,5.06909,-41.14258,4.15421,1.08476,2.19771,-0.9384,72.75948,-6.967821,1.209854,0.484401,,,,,,,,,,,,-0.22358,2.35291,1.89118,50,5.13119,-2.10999,-116.16913,-0.35839,-0.30225,23.93537,-28.99312,MIA_RED,CEN_MIC,McKieFieldStad,D1,MAC,20240317-McKieFieldStad-1,37566c80-e488-11ee-aea4-b7dfdbffd9f3,77.81244,,,7.40178,,,,,,,b24ae197-db0c-49a0-b090-a6c9874b4f44,2024-03-17,18:00:18.33,2024-03-17T14:00:18.3309676-04:00,2024-03-17T18:00:18.3309676Z,,v3,471355,471268,17 March 2024 13:00-cmichigan@miamioh,"Novak, David",1000076952,Right,MIA_RED,42167619-c8da-4e4b-bbef-2ce2a65042ed,55.42674,-117.28192,11.96768,5.11652,0.98955,-14.49656,1.98895,-2.09594,-0.15113,,,,,,,,,,,,,,,,,,,,,,,,,,,,,,,,,,,,,,,,,,,,,,,,,,,High,High,High,,,,,
121,2024-03-17,14:00:49.60,4,4,"Vardavas, Nick",1000241952,Left,MIA_RED,"Brill, Jake",1000240505,Right,CEN_MIC,Undefined,4,Top,1,0,2,Fastball,Four-Seam,FoulBallNotFieldable,Undefined,Undefined,Undefined,0,0,,86.39544,-0.092145,3.203524,2147.592268,142.300253,10:45,5.33605,-1.74427,5.80906,-20.7945,18.57135,-12.95552,3.51736,0.1582,75.37013,-4.133143,0.886882,0.451576,65.76707,33.687805,166.744886,2966.497171,,,,,46.33063,,,7.8917,9.96178,1.48903,50,5.31678,-6.41267,-124.6884,-0.77139,11.84461,35.93657,-17.22249,MIA_RED,CEN_MIC,McKieFieldStad,D1,MAC,20240317-McKieFieldStad-1,4a03eb00-e488-11ee-aea4-b7dfdbffd9f3,83.46859,26.72333,,11.02531,,,,1.37161,3.56004,-0.16275,b24ae197-db0c-49a0-b090-a6c9874b4f44,2024-03-17,18:00:49.60,2024-03-17T14:00:49.6071532-04:00,2024-03-17T18:00:49.6071532Z,,v3,471355,471268,17 March 2024 13:00-cmichigan@miamioh,"Novak, David",1000076952,Right,MIA_RED,6821434a-33bd-4c1a-bd38-48af917e8842,54.68021,-126.03007,17.96828,5.33357,-0.1284,-8.61124,1.7367,-6.85489,5.9223,14.759755,1.37161,-78.12198,6.25295,0.01732,-0.05774,0.0263,0.00507,0.00816,-0.01139,3.56004,53.50222,-28.1113,3.4388,-0.71979,0.13557,-0.05965,0.10506,-0.06678,-0.16275,18.40264,0.56625,-0.44833,0.10716,-0.02131,0.00697,-0.02115,0.01571,,,,,,,,,,,,,,,,,,,,,,,High,High,High,High,Low,,,
122,2024-03-17,14:01:16.63,4,5,"Vardavas, Nick",1000241952,Left,MIA_RED,"Brill, Jake",1000240505,Right,CEN_MIC,Undefined,4,Top,1,0,2,Cutter,Sinker,BallCalled,Undefined,Undefined,Undefined,0,0,,79.50977,1.966898,0.643051,2563.150854,165.231336,11:30,5.25966,-1.91123,4.92496,-32.8397,13.42099,-3.12295,4.38325,-1.56355,71.91424,-4.091233,0.092869,0.489528,,,,,,,,,,,,1.71689,6.49965,1.85127,50,5.42479,-1.15592,-115.11108,2.83026,2.28634,22.86581,-23.51857,MIA_RED,CEN_MIC,McKieFieldStad,D1,MAC,20240317-McKieFieldStad-1,5a01d9e0-e488-11ee-aea4-b7dfdbffd9f3,76.99752,,,7.59553,,,,,,,b24ae197-db0c-49a0-b090-a6c9874b4f44,2024-03-17,18:01:16.63,2024-03-17T14:01:16.6333292-04:00,2024-03-17T18:01:16.6333292Z,,v3,471355,471268,17 March 2024 13:00-cmichigan@miamioh,"Novak, David",1000076952,Right,MIA_RED,645cc9b0-37f8-4624-8c73-f513a2e8db5d,55.56764,-116.21178,11.43291,5.2613,3.96238,-11.75929,1.90956,-1.26597,1.14317,,,,,,,,,,,,,,,,,,,,,,,,,,,,,,,,,,,,,,,,,,,,,,,,,,,High,High,High,,,,,
123,2024-03-17,14:01:40.37,4,6,"Vardavas, Nick",1000241952,Left,MIA_RED,"Brill, Jake",1000240505,Right,CEN_MIC,Undefined,4,Top,1,1,2,Cutter,Changeup,InPlay,Undefined,GroundBall,Error,1,1,,79.9868,-0.406895,2.40239,2372.214752,140.787153,10:45,5.27259,-1.84524,5.29157,-32.3971,12.45363,-8.95508,2.19044,-0.33447,73.0079,-6.381628,0.813972,0.48201,92.79547,0.644627,-31.605228,3195.462494,,,,57.47377,51.93627,-32.425865,0.43566,5.20859,6.77981,1.63342,50,5.21216,-4.50632,-115.97526,-1.88963,7.06813,22.42722,-22.97373,MIA_RED,CEN_MIC,McKieFieldStad,D1,MAC,20240317-McKieFieldStad-1,683a23f0-e488-11ee-aea4-b7dfdbffd9f3,78.19843,2.64412,,6.9789,,,,2.54397,2.6119,0.15422,b24ae197-db0c-49a0-b090-a6c9874b4f44,2024-03-17,18:01:40.37,2024-03-17T14:01:40.3707244-04:00,2024-03-17T18:01:40.3707244Z,GroundBall,v3,471355,471268,17 March 2024 13:00-cmichigan@miamioh,"Novak, David",1000076952,Right,MIA_RED,d9c74f6f-ba09-42b0-ba89-16ebcfd04df5,55.20589,-116.97763,11.21361,5.27367,-0.86282,-11.48686,1.84189,-4.82223,3.53406,,2.561,115.38182,-22.82174,,,,,,,2.61933,1.30236,-16.8271,,,,,,,0.15947,-71.48407,0.84591,,,,,,,,,,,,,,,,,,,,,,,,,,,,,High,High,High,High,High,,,
124,2024-03-17,14:02:29.68,5,1,"Vardavas, Nick",1000241952,Left,MIA_RED,"Stuart, Ely",1000082214,Right,CEN_MIC,Undefined,4,Top,2,0,0,Fastball,Changeup,InPlay,Undefined,GroundBall,Error,0,0,,84.00462,-0.632434,2.752843,1947.846198,123.90996,10:15,5.35004,-1.73156,5.88974,-30.88663,9.32847,-11.70548,2.18824,-0.14903,75.83178,-6.404603,0.65323,0.456421,,,,,,,,,,,,6.90469,5.39256,1.51647,50,5.28143,-5.38719,-121.74727,-2.32304,10.19762,27.47011,-24.20971,MIA_RED,CEN_MIC,McKieFieldStad,D1,MAC,20240317-McKieFieldStad-1,85b4d510-e488-11ee-aea4-b7dfdbffd9f3,82.58255,,,8.17284,,,,,,,b24ae197-db0c-49a0-b090-a6c9874b4f44,2024-03-17,18:02:29.68,2024-03-17T14:02:29.6857452-04:00,2024-03-17T18:02:29.6857452Z,,v3,471355,471268,17 March 2024 13:00-cmichigan@miamioh,"Novak, David",1000076952,Right,MIA_RED,75efc632-16d3-4b19-b5d0-adae62af1b6a,54.60662,-122.78227,13.73506,5.35178,-1.41089,-12.10485,1.72669,-5.77141,5.09881,,,,,,,,,,,,,,,,,,,,,,,,,,,,,,,,,,,,,,,,,,,,,,,,,,,High,High,High,,,,,
125,2024-03-17,14:04:25.81,6,1,"Vardavas, Nick",1000241952,Left,MIA_RED,"Webb, Bryson",10096965,Right,CEN_MIC,Undefined,4,Top,2,0,0,Fastball,Changeup,StrikeCalled,Undefined,Undefined,Undefined,0,0,,84.45736,0.826342,2.678555,2033.3761,110.030276,9:45,5.49955,-1.70147,5.61132,-33.69986,7.09981,-14.92379,3.46341,-0.44324,74.99592,-5.468792,0.016552,0.459727,,,,,,,,,,,,8.40067,3.80477,1.48181,50,5.54927,-5.05301,-122.10562,0.61605,12.31074,30.61731,-26.59835,MIA_RED,CEN_MIC,McKieFieldStad,D1,MAC,20240317-McKieFieldStad-1,cadcd7a0-e488-11ee-aea4-b7dfdbffd9f3,81.98881,,,9.46144,,,,,,,b24ae197-db0c-49a0-b090-a6c9874b4f44,2024-03-17,18:04:25.81,2024-03-17T14:04:25.8173804-04:00,2024-03-17T18:04:25.8173804Z,,v3,471355,471268,17 March 2024 13:00-cmichigan@miamioh,"Novak, David",1000076952,Right,MIA_RED,2c5c2190-4f13-472f-ad90-d63401081f5f,54.87956,-123.32307,15.30866,5.50374,1.6737,-13.29917,1.69247,-5.54253,6.15537,,,,,,,,,,,,,,,,,,,,,,,,,,,,,,,,,,,,,,,,,,,,,,,,,,,High,High,High,,,,,
126,2024-03-17,14:04:43.53,6,2,"Vardavas, Nick",1000241952,Left,MIA_RED,"Webb, Bryson",10096965,Right,CEN_MIC,Undefined,4,Top,2,0,1,Fastball,Changeup,BallCalled,Undefined,Undefined,Undefined,0,0,,85.24069,-1.556807,2.653857,2076.193847,126.335606,10:15,5.33489,-1.54555,5.85951,-28.61824,10.20036,-12.07028,1.50181,-0.08414,77.58961,-6.886154,0.489185,0.448426,,,,,,,,,,,,6.95166,6.07937,1.33719,50,5.19195,-5.23452,-123.58972,-4.2846,10.67269,26.32959,-22.84057,MIA_RED,CEN_MIC,McKieFieldStad,D1,MAC,20240317-McKieFieldStad-1,d55bea40-e488-11ee-aea4-b7dfdbffd9f3,84.05489,,,7.65108,,,,,,,b24ae197-db0c-49a0-b090-a6c9874b4f44,2024-03-17,18:04:43.53,2024-03-17T14:04:43.5318124-04:00,2024-03-17T18:04:43.5318124Z,,v3,471355,471268,17 March 2024 13:00-cmichigan@miamioh,"Novak, David",1000076952,Right,MIA_RED,1404b113-5f78-4356-81c6-62a0d35069d9,54.63685,-124.57364,13.16479,5.33612,-3.43107,-11.42029,1.54026,-5.63336,5.33635,,,,,,,,,,,,,,,,,,,,,,,,,,,,,,,,,,,,,,,,,,,,,,,,,,,High,High,High,,,,,
127,2024-03-17,14:05:01.52,6,3,"Vardavas, Nick",1000241952,Left,MIA_RED,"Webb, Bryson",10096965,Right,CEN_MIC,Undefined,4,Top,2,1,1,Fastball,Changeup,InPlay,Undefined,LineDrive,Double,0,1,,80.80285,-0.053325,2.860281,2394.812596,136.691251,10:30,5.20335,-1.92696,5.38727,-34.06088,10.4278,-8.25453,2.3149,0.06825,72.6501,-6.371309,1.394467,0.480061,101.10419,20.113162,-30.243248,2006.48817,92.27515,31.10219,-59.87634,273.34153,269.84788,-38.56898,2.806747,5.12268,5.71532,1.67736,50,5.17504,-5.50576,-116.93727,-1.2277,6.95504,26.05739,-24.41443,MIA_RED,CEN_MIC,McKieFieldStad,D1,MAC,20240317-McKieFieldStad-1,e02af1a0-e488-11ee-aea4-b7dfdbffd9f3,78.51599,34.03564,,8.15274,,,,1.86699,2.55015,0.00664,b24ae197-db0c-49a0-b090-a6c9874b4f44,2024-03-17,18:05:01.52,2024-03-17T14:05:01.5201644-04:00,2024-03-17T18:05:01.5201644Z,LineDrive,v3,471355,471268,17 March 2024 13:00-cmichigan@miamioh,"Novak, David",1000076952,Right,MIA_RED,69eea77e-aa36-4aa1-b4ee-13871361e8af,55.10808,-118.07003,13.02869,5.20534,-0.16636,-12.20721,1.92328,-5.80811,3.47752,,1.86699,120.29342,-26.21282,6.23422,-1.51837,0.33834,-0.06344,0.00804,-0.00048,2.55016,50.99019,-23.49217,2.87819,-0.64192,0.13829,-0.02509,0.00337,-0.00022,0.00662,-70.12914,3.72736,0.03828,-0.14281,0.04843,-0.00965,0.00117,-7E-05,,,,,,,,,,,,,,,,,,,,,,,High,High,High,High,Medium,,,
128,2024-03-17,14:05:50.49,7,1,"Vardavas, Nick",1000241952,Left,MIA_RED,"Donahue, Jacob",1000099820,Right,CEN_MIC,Undefined,4,Top,2,0,0,Fastball,Changeup,InPlay,Undefined,GroundBall,Out,1,0,,84.41914,-0.774152,2.346495,1955.773614,128.286676,10:15,5.4747,-1.81211,5.68405,-29.25958,10.98654,-12.0128,2.31417,-0.62481,75.9437,-6.243342,0.199251,0.456597,74.06397,-54.865956,-0.590058,,,,,1.96244,1.96244,17.972461,0.024618,6.83764,6.27402,1.62203,50,5.39156,-4.50215,-122.26476,-2.60435,10.15996,28.23815,-22.85155,MIA_RED,CEN_MIC,McKieFieldStad,D1,MAC,20240317-McKieFieldStad-1,fd756b00-e488-11ee-aea4-b7dfdbffd9f3,82.55071,2.19332,,8.47544,,,,0.32332,2.19332,0.62142,b24ae197-db0c-49a0-b090-a6c9874b4f44,2024-03-17,18:05:50.49,2024-03-17T14:05:50.4935276-04:00,2024-03-17T18:05:50.4935276Z,GroundBall,v3,471355,471268,17 March 2024 13:00-cmichigan@miamioh,"Novak, David",1000076952,Right,MIA_RED,02816413-e44a-4a2f-9af0-b3eff63d9f0e,54.80987,-123.37064,14.11907,5.47603,-1.70943,-11.42577,1.80614,-4.90004,5.07998,,0.3226,62.69139,,,,,,,,2.19434,-89.09298,,,,,,,,0.62143,-0.64565,,,,,,,,,,,,,,,,,,,,,,,,,,,,,,High,High,High,Estimated,Estimated,,,
129,2024-03-17,14:07:47.31,1,1,"Waters, Evan",1000240507,Left,CEN_MIC,"Novak, David",1000076952,Right,MIA_RED,Undefined,4,Bottom,0,0,0,Fastball,Four-Seam,FoulBallNotFieldable,Undefined,Undefined,Undefined,0,0,,84.70769,-1.45562,1.707699,2162.234678,159.941227,11:15,4.87959,-0.73277,6.6548,-19.72725,18.38973,-6.23729,1.90267,0.31072,76.90279,-5.260424,0.572363,0.444356,103.29693,22.271567,-35.478611,2779.798382,85.84703,37.75617,-68.77687,300.9275,266.85356,-46.132133,3.449054,3.82567,10.53871,0.62031,50,4.77349,-3.44567,-123.04858,-3.59957,5.80791,26.65258,-16.17487,MIA_RED,CEN_MIC,McKieFieldStad,D1,MAC,20240317-McKieFieldStad-1,430a1210-e489-11ee-aea4-b7dfdbffd9f3,84.82495,45.79166,,7.80491,,,,1.84385,2.27619,-0.4339,b24ae197-db0c-49a0-b090-a6c9874b4f44,2024-03-17,18:07:47.31,2024-03-17T14:07:47.3184108-04:00,2024-03-17T18:07:47.3184108Z,LineDrive,v3,471355,471268,17 March 2024 13:00-cmichigan@miamioh,"Verburg, Spencer",1000240504,Right,CEN_MIC,c1869144-aafa-468a-b8df-7053ad70db5f,53.84217,-123.87801,13.32629,4.87768,-3.09621,-8.08743,0.73035,-3.62641,2.90395,,1.84412,114.1595,-27.92759,6.58573,-1.46052,0.2337,-0.01816,-0.00131,0.00029,2.27604,57.4238,-21.81571,2.47385,-0.58776,0.16577,-0.04215,0.00723,-0.00055,-0.43405,-81.36687,5.89139,0.29249,-0.40035,0.17619,-0.04963,0.00835,-0.00061,,,,,,,,,,,,,,,,,,,,,,,High,High,High,High,Medium,,,
130,2024-03-17,14:08:17.12,1,2,"Waters, Evan",1000240507,Left,CEN_MIC,"Novak, David",1000076952,Right,MIA_RED,Undefined,4,Bottom,0,0,1,ChangeUp,Changeup,BallCalled,Undefined,Undefined,Undefined,0,0,,78.52752,-0.986232,1.807884,1906.653281,110.310679,9:45,4.5877,-0.85142,6.58922,-33.78325,11.4065,-26.0419,0.86821,-1.36447,70.45454,-7.400208,-2.932819,0.483828,,,,,,,,,,,,14.2958,6.85681,0.73739,50,4.50647,-2.69066,-113.94193,-2.8316,18.27399,26.33062,-23.40912,MIA_RED,CEN_MIC,McKieFieldStad,D1,MAC,20240317-McKieFieldStad-1,54cd3090-e489-11ee-aea4-b7dfdbffd9f3,77.90458,,,8.07299,,,,,,,b24ae197-db0c-49a0-b090-a6c9874b4f44,2024-03-17,18:08:17.12,2024-03-17T14:08:17.1273068-04:00,2024-03-17T18:08:17.1273068Z,,v3,471355,471268,17 March 2024 13:00-cmichigan@miamioh,"Verburg, Spencer",1000240504,Right,CEN_MIC,0b297f5a-06fd-40cd-8438-0362614687e8,53.907,-114.84124,13.16531,4.58953,-2.03207,-11.70456,0.83994,-3.3148,9.137,,,,,,,,,,,,,,,,,,,,,,,,,,,,,,,,,,,,,,,,,,,,,,,,,,,High,High,High,,,,,
131,2024-03-17,14:08:30.73,1,3,"Waters, Evan",1000240507,Left,CEN_MIC,"Novak, David",1000076952,Right,MIA_RED,Undefined,4,Bottom,0,1,1,Fastball,Four-Seam,FoulBallNotFieldable,Undefined,Undefined,Undefined,0,0,,88.11082,-0.960159,1.518817,2261.563611,151.971461,11:00,4.75734,-0.71816,6.84054,-15.99284,18.97682,-9.46607,2.54864,-0.12165,79.8461,-4.087658,-0.210455,0.425615,70.39642,64.17352,84.054534,4726.856723,,,,,58.08872,,,5.49705,10.72532,0.62397,50,4.68957,-3.04956,-128.06427,-2.49563,9.03471,28.99878,-14.54641,MIA_RED,CEN_MIC,McKieFieldStad,D1,MAC,20240317-McKieFieldStad-1,5cdb4330-e489-11ee-aea4-b7dfdbffd9f3,88.55992,81.83533,,8.26472,,,,1.57696,2.56007,0.12107,b24ae197-db0c-49a0-b090-a6c9874b4f44,2024-03-17,18:08:30.73,2024-03-17T14:08:30.7381612-04:00,2024-03-17T18:08:30.7381612Z,,v3,471355,471268,17 March 2024 13:00-cmichigan@miamioh,"Verburg, Spencer",1000240504,Right,CEN_MIC,6262eb2e-ca04-40ec-aea3-12b354b00f34,53.65626,-128.88953,14.49939,4.7547,-2.08166,-7.27321,0.71442,-3.30668,4.51735,,1.57696,4.65907,-5.12029,1.27543,-0.28109,0.06459,-0.01298,0.00174,-7E-05,2.56007,92.93525,-31.17793,4.77488,-1.11358,0.25509,-0.05758,0.01031,-0.00101,0.12107,44.73771,-3.72653,0.94606,-0.21038,0.04794,-0.00936,0.00113,-2E-05,,,,,,,,,,,,,,,,,,,,,,,High,High,High,Medium,Low,,,
132,2024-03-17,14:08:49.10,1,4,"Waters, Evan",1000240507,Left,CEN_MIC,"Novak, David",1000076952,Right,MIA_RED,Undefined,4,Bottom,0,1,2,Fastball,Four-Seam,FoulBallNotFieldable,Undefined,Undefined,Undefined,0,0,,88.44661,0.0454,1.434518,2218.031301,153.166163,11:00,4.87257,-0.49185,6.74584,-15.1982,20.29714,-9.55331,3.64754,0.02283,78.57117,-2.980918,-0.307287,0.428802,72.1126,52.316736,164.864553,4514.560249,,,,,40.80917,,,5.56012,11.0906,0.4008,50,4.86927,-2.84508,-128.3127,-0.20158,8.99002,34.00888,-14.24193,MIA_RED,CEN_MIC,McKieFieldStad,D1,MAC,20240317-McKieFieldStad-1,67d7c330-e489-11ee-aea4-b7dfdbffd9f3,87.90167,44.65485,,9.87544,,,,1.22932,3.71002,0.0169,b24ae197-db0c-49a0-b090-a6c9874b4f44,2024-03-17,18:08:49.10,2024-03-17T14:08:49.1045228-04:00,2024-03-17T18:08:49.1045228Z,,v3,471355,471268,17 March 2024 13:00-cmichigan@miamioh,"Verburg, Spencer",1000240504,Right,CEN_MIC,2232ce36-5265-46be-9827-915403575cc2,53.74768,-129.3022,17.00444,4.86911,0.2128,-7.12096,0.48739,-3.10665,4.49501,16.254981,1.22932,-62.41094,1.662,0.89297,-0.44175,0.15506,-0.04517,0.01345,-0.00369,3.71002,83.70263,-36.118,6.10263,-1.30267,0.25633,-0.06077,0.01452,0.00123,0.0169,16.88119,4.74038,-3.73053,1.30019,-0.39237,0.11153,-0.03167,0.00635,,,,,,,,,,,,,,,,,,,,,,,High,High,High,High,Low,,,
133,2024-03-17,14:09:09.33,1,5,"Waters, Evan",1000240507,Left,CEN_MIC,"Novak, David",1000076952,Right,MIA_RED,Undefined,4,Bottom,0,1,2,Fastball,Four-Seam,BallCalled,Undefined,Undefined,Undefined,0,0,,87.84081,0.886518,-0.240019,2265.379152,150.215218,11:00,4.82941,-0.57703,6.74201,-17.53095,17.92757,-9.55504,4.17851,-1.59257,79.187,-2.534063,-1.982161,0.42858,,,,,,,,,,,,4.91374,9.51686,0.59562,50,4.8803,0.90502,-127.60077,1.57869,7.98734,29.70413,-16.70425,MIA_RED,CEN_MIC,McKieFieldStad,D1,MAC,20240317-McKieFieldStad-1,73eda270-e489-11ee-aea4-b7dfdbffd9f3,87.94727,,,8.65381,,,,,,,b24ae197-db0c-49a0-b090-a6c9874b4f44,2024-03-17,18:09:09.33,2024-03-17T14:09:09.3377388-04:00,2024-03-17T18:09:09.3377388Z,,v3,471355,471268,17 March 2024 13:00-cmichigan@miamioh,"Verburg, Spencer",1000240504,Right,CEN_MIC,fb301401-04dc-44f9-be9b-456c9d1a0e28,53.75167,-128.47115,14.85206,4.82687,2.06816,-8.35213,0.57253,0.67098,3.99367,,,,,,,,,,,,,,,,,,,,,,,,,,,,,,,,,,,,,,,,,,,,,,,,,,,High,High,High,,,,,
134,2024-03-17,14:09:23.85,1,6,"Waters, Evan",1000240507,Left,CEN_MIC,"Novak, David",1000076952,Right,MIA_RED,Undefined,4,Bottom,0,2,2,ChangeUp,Changeup,FoulBallNotFieldable,Undefined,Undefined,Undefined,0,0,,80.39164,-0.046933,1.164458,2062.207467,135.176276,10:30,4.62894,-0.66434,6.43835,-26.18249,17.19741,-15.39729,2.40393,-0.87725,71.76104,-5.085099,-1.627694,0.474041,,,,,,,,,,,,8.46449,9.47894,0.58813,50,4.61394,-1.81341,-116.60505,-0.74637,11.32927,27.61784,-19.48699,MIA_RED,CEN_MIC,McKieFieldStad,D1,MAC,20240317-McKieFieldStad-1,7c7244a0-e489-11ee-aea4-b7dfdbffd9f3,79.51305,,,8.6306,,,,,,,b24ae197-db0c-49a0-b090-a6c9874b4f44,2024-03-17,18:09:23.85,2024-03-17T14:09:23.8592364-04:00,2024-03-17T18:09:23.8592364Z,,v3,471355,471268,17 March 2024 13:00-cmichigan@miamioh,"Verburg, Spencer",1000240504,Right,CEN_MIC,7a356720-be3f-4296-8eb6-7c403c8371c7,54.05605,-117.5618,13.80892,4.6281,-0.0713,-9.74349,0.65775,-2.20588,5.66464,,,,,,,,,,,,,,,,,,,,,,,,,,,,,,,,,,,,,,,,,,,,,,,,,,,High,High,High,,,,,
135,2024-03-17,14:09:45.93,1,7,"Waters, Evan",1000240507,Left,CEN_MIC,"Novak, David",1000076952,Right,MIA_RED,Undefined,4,Bottom,0,2,2,Curveball,Curveball,BallCalled,Undefined,Undefined,Undefined,0,0,,72.8127,6.178316,-4.893354,2132.560654,322.81033,4:45,4.78459,-0.64194,5.89174,-69.78705,-15.18028,13.09831,4.74877,-4.10481,64.90427,-6.62929,-2.562251,0.531857,,,,,,,,,,,,-8.17776,-8.86792,1.03017,50,5.24808,8.46875,-104.70469,9.18033,-8.88771,21.14024,-41.81184,MIA_RED,CEN_MIC,McKieFieldStad,D1,MAC,20240317-McKieFieldStad-1,89b7ca40-e489-11ee-aea4-b7dfdbffd9f3,70.86956,,,7.90843,,,,,,,b24ae197-db0c-49a0-b090-a6c9874b4f44,2024-03-17,18:09:45.93,2024-03-17T14:09:45.9338604-04:00,2024-03-17T18:09:45.9338604Z,,v3,471355,471268,17 March 2024 13:00-cmichigan@miamioh,"Verburg, Spencer",1000240504,Right,CEN_MIC,2953d3b6-163c-433e-b03e-0cd4ac14807c,54.60709,-105.63078,10.57012,4.8058,11.01198,-20.90592,0.65065,8.85809,-4.44386,,,,,,,,,,,,,,,,,,,,,,,,,,,,,,,,,,,,,,,,,,,,,,,,,,,High,High,High,,,,,
136,2024-03-17,14:10:04.31,1,8,"Waters, Evan",1000240507,Left,CEN_MIC,"Novak, David",1000076952,Right,MIA_RED,Undefined,4,Bottom,0,3,2,Fastball,Four-Seam,HitByPitch,Walk,Undefined,Undefined,0,0,,86.95094,-0.589527,3.01601,2145.728251,168.4612,11:30,4.69178,-0.4916,7.02555,-18.20269,17.92595,-3.3826,2.63844,1.96963,77.93826,-4.160842,2.397185,0.432611,,,,,,,,,,,,2.88225,10.21504,0.30927,50,4.64968,-6.534,-126.20049,-1.69296,4.53803,31.3596,-16.09062,MIA_RED,CEN_MIC,McKieFieldStad,D1,MAC,20240317-McKieFieldStad-1,94b47150-e489-11ee-aea4-b7dfdbffd9f3,87.12786,,,9.01268,,,,,,,b24ae197-db0c-49a0-b090-a6c9874b4f44,2024-03-17,18:10:04.31,2024-03-17T14:10:04.3197292-04:00,2024-03-17T18:10:04.3197292Z,,v3,471355,471268,17 March 2024 13:00-cmichigan@miamioh,"Verburg, Spencer",1000240504,Right,CEN_MIC,24da4861-9b68-4ef3-a90e-a765cb335d7f,53.47169,-127.06024,15.6798,4.69004,-1.25182,-8.04531,0.49011,-6.65841,2.26902,,,,,,,,,,,,,,,,,,,,,,,,,,,,,,,,,,,,,,,,,,,,,,,,,,,High,High,High,,,,,
137,2024-03-17,14:10:40.89,2,1,"Waters, Evan",1000240507,Left,CEN_MIC,"Keels, Tre",702606,Right,MIA_RED,Undefined,4,Bottom,0,0,0,Fastball,Four-Seam,StrikeSwinging,Undefined,Undefined,Undefined,0,0,,86.5944,0.008952,0.488145,2215.209475,157.796328,11:15,4.64534,-1.02774,6.63546,-20.52426,16.3754,-6.11902,2.94319,-1.09075,77.58305,-3.969499,-0.625644,0.437202,,,,,,,,,,,,3.34063,8.98276,0.9967,50,4.6373,-0.82989,-125.67579,-0.48245,5.22906,30.52586,-18.11336,MIA_RED,CEN_MIC,McKieFieldStad,D1,MAC,20240317-McKieFieldStad-1,aa7ec030-e489-11ee-aea4-b7dfdbffd9f3,86.21277,,,9.01135,,,,,,,b24ae197-db0c-49a0-b090-a6c9874b4f44,2024-03-17,18:10:40.89,2024-03-17T14:10:40.8968556-04:00,2024-03-17T18:10:40.8968556Z,,v3,471355,471268,17 March 2024 13:00-cmichigan@miamioh,"Verburg, Spencer",1000240504,Right,CEN_MIC,b571685a-d54f-46e8-889c-fe278e88367d,53.85641,-126.60902,15.26293,4.64359,0.07131,-9.05668,1.02452,-0.98975,2.61453,,,,,,,,,,,,,,,,,,,,,,,,,,,,,,,,,,,,,,,,,,,,,,,,,,,High,High,High,,,,,
138,2024-03-17,14:10:55.49,2,2,"Waters, Evan",1000240507,Left,CEN_MIC,"Keels, Tre",702606,Right,MIA_RED,Undefined,4,Bottom,0,0,1,Fastball,Four-Seam,StrikeSwinging,Undefined,Undefined,Undefined,0,0,,87.17036,0.235695,0.471996,2260.82847,154.127045,11:15,4.66786,-0.89703,6.69314,-19.23596,16.34843,-7.39504,3.28041,-1.08164,79.67146,-3.461879,-0.875475,0.42934,,,,,,,,,,,,4.00414,8.88473,0.86802,50,4.67547,-0.76556,-126.79415,0.04496,6.51948,25.88745,-17.70805,MIA_RED,CEN_MIC,McKieFieldStad,D1,MAC,20240317-McKieFieldStad-1,b3198270-e489-11ee-aea4-b7dfdbffd9f3,87.79164,,,7.49891,,,,,,,b24ae197-db0c-49a0-b090-a6c9874b4f44,2024-03-17,18:10:55.49,2024-03-17T14:10:55.4971500-04:00,2024-03-17T18:10:55.4971500Z,,v3,471355,471268,17 March 2024 13:00-cmichigan@miamioh,"Verburg, Spencer",1000240504,Right,CEN_MIC,3d70cffb-1adc-4205-800a-353c08224737,53.80286,-127.56822,12.94373,4.66621,0.57445,-8.85403,0.89383,-0.9605,3.25974,,,,,,,,,,,,,,,,,,,,,,,,,,,,,,,,,,,,,,,,,,,,,,,,,,,High,High,High,,,,,
139,2024-03-17,14:11:08.74,2,3,"Waters, Evan",1000240507,Left,CEN_MIC,"Keels, Tre",702606,Right,MIA_RED,Undefined,4,Bottom,0,0,2,Fastball,Four-Seam,FoulBallNotFieldable,Undefined,Undefined,Undefined,0,0,,86.86517,1.826681,0.091434,2301.104006,157.245649,11:15,4.72629,-0.77663,6.57575,-16.73025,20.15229,-7.87067,5.00688,-1.34872,77.45129,-1.471605,-1.338963,0.437101,,,,,,,,,,,,4.09839,10.27225,0.77295,50,4.84398,0.11461,-125.95849,3.66474,6.42826,31.23599,-16.06226,MIA_RED,CEN_MIC,McKieFieldStad,D1,MAC,20240317-McKieFieldStad-1,baf93210-e489-11ee-aea4-b7dfdbffd9f3,86.23279,,,9.41388,,,,,,,b24ae197-db0c-49a0-b090-a6c9874b4f44,2024-03-17,18:11:08.74,2024-03-17T14:11:08.7405932-04:00,2024-03-17T18:11:08.7405932Z,,v3,471355,471268,17 March 2024 13:00-cmichigan@miamioh,"Verburg, Spencer",1000240504,Right,CEN_MIC,c8834025-fc2d-45c8-91bc-c65853729132,53.91536,-126.92573,15.618,4.7228,4.16212,-8.03113,0.77248,-0.08444,3.21413,,,,,,,,,,,,,,,,,,,,,,,,,,,,,,,,,,,,,,,,,,,,,,,,,,,High,High,High,,,,,
140,2024-03-17,14:11:23.96,2,4,"Waters, Evan",1000240507,Left,CEN_MIC,"Keels, Tre",702606,Right,MIA_RED,Undefined,4,Bottom,0,0,2,Fastball,Four-Seam,BallCalled,Undefined,Undefined,Undefined,0,0,,85.9728,1.650791,-1.176755,2233.955042,157.854073,11:15,4.69955,-0.90316,6.60601,-19.36017,18.19918,-6.83953,4.59906,-2.55117,76.84017,-2.125859,-2.419654,0.441093,,,,,,,,,,,,3.13925,9.35445,0.98548,50,4.80352,2.82973,-124.6775,3.14741,4.83158,30.25706,-17.77677,MIA_RED,CEN_MIC,McKieFieldStad,D1,MAC,20240317-McKieFieldStad-1,c420f210-e489-11ee-aea4-b7dfdbffd9f3,85.4523,,,9.13263,,,,,,,b24ae197-db0c-49a0-b090-a6c9874b4f44,2024-03-17,18:11:23.96,2024-03-17T14:11:23.9675756-04:00,2024-03-17T18:11:23.9675756Z,,v3,471355,471268,17 March 2024 13:00-cmichigan@miamioh,"Verburg, Spencer",1000240504,Right,CEN_MIC,d7be29bc-b158-4114-8af7-d9aaea21a4c9,53.88553,-125.61691,15.12853,4.69723,3.69934,-8.88839,0.89995,2.67972,2.41579,,,,,,,,,,,,,,,,,,,,,,,,,,,,,,,,,,,,,,,,,,,,,,,,,,,High,High,High,,,,,
141,2024-03-17,14:11:44.18,2,5,"Waters, Evan",1000240507,Left,CEN_MIC,"Keels, Tre",702606,Right,MIA_RED,Undefined,4,Bottom,0,1,2,Fastball,Four-Seam,StrikeSwinging,Strikeout,Undefined,Undefined,0,0,,87.58713,-0.236995,-0.127124,2306.674693,162.936955,11:30,4.82286,-0.57588,6.57155,-17.22383,18.92044,-5.39209,3.17031,-1.14174,78.47346,-3.605869,-1.107322,0.432704,,,,,,,,,,,,2.75236,10.35823,0.58645,50,4.79888,0.49737,-127.11327,-0.91709,4.4087,31.15876,-15.58247,MIA_RED,CEN_MIC,McKieFieldStad,D1,MAC,20240317-McKieFieldStad-1,d0365c20-e489-11ee-aea4-b7dfdbffd9f3,87.10903,,,9.11367,,,,,,,b24ae197-db0c-49a0-b090-a6c9874b4f44,2024-03-17,18:11:44.18,2024-03-17T14:11:44.1850732-04:00,2024-03-17T18:11:44.1850732Z,,v3,471355,471268,17 March 2024 13:00-cmichigan@miamioh,"Verburg, Spencer",1000240504,Right,CEN_MIC,0004631f-943f-4910-92ac-86843360100d,53.92065,-128.07072,15.57938,4.81971,-0.43827,-7.79124,0.57324,0.3619,2.20435,,,,,,,,,,,,,,,,,,,,,,,,,,,,,,,,,,,,,,,,,,,,,,,,,,,High,High,High,,,,,
142,2024-03-17,14:12:11.71,3,1,"Waters, Evan",1000240507,Left,CEN_MIC,"Gordon, Tyler",1000297119,Left,MIA_RED,Undefined,4,Bottom,1,0,0,Fastball,Four-Seam,BallCalled,Undefined,Undefined,Undefined,0,0,,85.69801,0.822305,0.707402,2133.198412,150.602804,11:00,4.71653,-0.76922,6.68406,-20.95174,16.67339,-8.60189,3.72277,-0.839,76.69329,-3.24727,-0.859437,0.441479,,,,,,,,,,,,4.71268,8.88154,0.72465,50,4.76274,-1.20265,-124.36805,1.28545,7.22108,29.98566,-18.56511,MIA_RED,CEN_MIC,McKieFieldStad,D1,MAC,20240317-McKieFieldStad-1,e07b3f10-e489-11ee-aea4-b7dfdbffd9f3,85.37758,,,9.00471,,,,,,,b24ae197-db0c-49a0-b090-a6c9874b4f44,2024-03-17,18:12:11.71,2024-03-17T14:12:11.7145452-04:00,2024-03-17T18:12:11.7145452Z,,v3,471355,471268,17 March 2024 13:00-cmichigan@miamioh,"Verburg, Spencer",1000240504,Right,CEN_MIC,fe69dace-c94b-4795-aa64-f24d9b7dbc5a,53.80793,-125.28279,14.99283,4.71488,1.85179,-9.28256,0.7647,-1.42294,3.61054,,,,,,,,,,,,,,,,,,,,,,,,,,,,,,,,,,,,,,,,,,,,,,,,,,,High,High,High,,,,,
143,2024-03-17,14:12:29.97,3,2,"Waters, Evan",1000240507,Left,CEN_MIC,"Gordon, Tyler",1000297119,Left,MIA_RED,Undefined,4,Bottom,1,1,0,Fastball,Four-Seam,StrikeSwinging,Undefined,Undefined,Undefined,0,0,,85.60507,-0.497395,2.36716,2203.804144,156.37888,11:15,4.6229,-0.87552,6.66778,-19.27064,18.24194,-7.39166,2.56154,0.6755,77.1932,-4.236573,1.022472,0.440819,,,,,,,,,,,,4.61268,10.13434,0.71926,50,4.58139,-4.85474,-124.23603,-1.5266,7.10576,28.22223,-16.56225,MIA_RED,CEN_MIC,McKieFieldStad,D1,MAC,20240317-McKieFieldStad-1,eb7f3920-e489-11ee-aea4-b7dfdbffd9f3,85.50556,,,8.41187,,,,,,,b24ae197-db0c-49a0-b090-a6c9874b4f44,2024-03-17,18:12:29.97,2024-03-17T14:12:29.9714924-04:00,2024-03-17T18:12:29.9714924Z,,v3,471355,471268,17 March 2024 13:00-cmichigan@miamioh,"Verburg, Spencer",1000240504,Right,CEN_MIC,6fbd2a87-27ae-4415-ba6c-70f1e343b7e6,53.8259,-125.10212,14.11112,4.62044,-1.01833,-8.28113,0.87159,-5.07281,3.55288,,,,,,,,,,,,,,,,,,,,,,,,,,,,,,,,,,,,,,,,,,,,,,,,,,,High,High,High,,,,,
144,2024-03-17,14:13:03.49,3,3,"Waters, Evan",1000240507,Left,CEN_MIC,"Gordon, Tyler",1000297119,Left,MIA_RED,Undefined,4,Bottom,1,1,1,Fastball,Four-Seam,InPlay,Undefined,Popup,Out,1,0,,85.57671,-0.649023,1.05203,2161.356202,144.46821,10:45,4.72814,-0.83472,6.69535,-18.7508,18.98277,-12.53343,2.57196,-0.91705,76.64534,-4.313268,-1.231883,0.442115,51.13273,60.258752,-23.45856,,,,,101.10524,45.07456,-22.569248,3.849559,6.97126,10.64512,0.76909,50,4.67729,-1.81711,-124.23422,-1.83039,10.64039,30.31326,-15.92615,MIA_RED,CEN_MIC,McKieFieldStad,D1,MAC,20240317-McKieFieldStad-1,ff7479e0-e489-11ee-aea4-b7dfdbffd9f3,85.25482,60.22867,,8.93137,,,,1.52324,2.66383,0.90767,b24ae197-db0c-49a0-b090-a6c9874b4f44,2024-03-17,18:13:03.49,2024-03-17T14:13:03.4938220-04:00,2024-03-17T18:13:03.4938220Z,Popup,v3,471355,471268,17 March 2024 13:00-cmichigan@miamioh,"Verburg, Spencer",1000240504,Right,CEN_MIC,afad5fbc-12bb-4bae-ab29-ff9bbdc50711,53.79955,-125.15788,15.15663,4.72567,-1.34512,-7.96307,0.8294,-2.14133,5.3202,176.605391,1.52397,34.10206,-7.37893,2.1032,-0.03966,-0.24277,0.10225,-0.01809,0.0012,2.66256,65.14916,-20.79497,1.88754,-0.45436,0.07764,0.00366,-0.00406,0.00042,0.90707,-14.792,2.58837,-0.49116,-0.1125,0.11979,-0.03884,0.00583,-0.00034,,,,,,,,,,,,,,,,,,,,,,,High,High,High,High,Low,,,
145,2024-03-17,14:13:35.46,4,1,"Waters, Evan",1000240507,Left,CEN_MIC,"Batusich, Ty",1000297118,Left,MIA_RED,Undefined,4,Bottom,2,0,0,Fastball,Four-Seam,FoulBallNotFieldable,Undefined,Undefined,Undefined,0,0,,85.12135,-1.018443,1.830833,2220.741746,149.96998,11:00,4.75295,-0.78582,6.63068,-20.08773,17.48001,-9.3989,2.14595,0.10776,77.64782,-4.875801,0.120847,0.441143,83.62421,50.865455,-44.652642,4927.266263,,,,,110.77925,,,5.49051,9.8739,0.6655,50,4.67554,-3.61558,-123.71915,-2.69605,8.47764,25.55719,-16.92821,MIA_RED,CEN_MIC,McKieFieldStad,D1,MAC,20240317-McKieFieldStad-1,127ff6e0-e48a-11ee-aea4-b7dfdbffd9f3,85.44275,108.73194,,7.47352,,,,0.85453,1.90903,0.03963,b24ae197-db0c-49a0-b090-a6c9874b4f44,2024-03-17,18:13:35.46,2024-03-17T14:13:35.4682732-04:00,2024-03-17T18:13:35.4682732Z,,v3,471355,471268,17 March 2024 13:00-cmichigan@miamioh,"Verburg, Spencer",1000240504,Right,CEN_MIC,56256252-3034-4e18-8239-a9dc2f4e71a2,53.86678,-124.51537,12.77859,4.75132,-2.16866,-8.4641,0.78226,-3.87969,4.23882,157.981452,0.85453,55.06695,-19.68919,6.53131,-1.77235,0.40997,-0.07818,0.00978,-0.00057,1.90903,95.13443,-25.50439,2.54177,-0.28953,-0.00742,0.01324,-0.00317,0.00035,0.03963,-54.40348,9.50391,-1.38944,0.07635,0.04516,-0.02111,0.005,-0.00051,,,,,,,,,,,,,,,,,,,,,,,High,High,High,High,Low,,,
146,2024-03-17,14:14:06.60,4,2,"Waters, Evan",1000240507,Left,CEN_MIC,"Batusich, Ty",1000297118,Left,MIA_RED,Undefined,4,Bottom,2,0,1,Fastball,Four-Seam,BallCalled,Undefined,Undefined,Undefined,0,0,,85.4406,-0.301781,2.487801,2221.094647,161.561836,11:30,4.79153,-0.61995,6.35284,-19.92521,18.15568,-5.60398,2.85306,1.2043,77.11684,-4.138234,1.474738,0.444145,,,,,,,,,,,,3.67851,9.91973,0.44187,50,4.7601,-5.16407,-123.93558,-1.15891,5.64797,27.73607,-16.94329,MIA_RED,CEN_MIC,McKieFieldStad,D1,MAC,20240317-McKieFieldStad-1,24fdd9e0-e48a-11ee-aea4-b7dfdbffd9f3,84.86513,,,8.32375,,,,,,,b24ae197-db0c-49a0-b090-a6c9874b4f44,2024-03-17,18:14:06.60,2024-03-17T14:14:06.6093420-04:00,2024-03-17T18:14:06.6093420Z,,v3,471355,471268,17 March 2024 13:00-cmichigan@miamioh,"Verburg, Spencer",1000240504,Right,CEN_MIC,2e97e78b-3ff2-484c-9d0a-73e002299835,54.14103,-124.85889,13.86804,4.78929,-0.59489,-8.47164,0.61691,-5.35208,2.82398,,,,,,,,,,,,,,,,,,,,,,,,,,,,,,,,,,,,,,,,,,,,,,,,,,,High,High,High,,,,,
147,2024-03-17,14:14:23.37,4,3,"Waters, Evan",1000240507,Left,CEN_MIC,"Batusich, Ty",1000297118,Left,MIA_RED,Undefined,4,Bottom,2,1,1,Slider,Curveball,BallCalled,Undefined,Undefined,Undefined,0,0,,73.73148,2.46428,-0.765635,2285.188604,299.229043,4:00,4.66955,-0.868,5.84333,-53.27991,-1.33862,5.51256,2.52126,-1.12018,67.08385,-7.36649,0.223175,0.518714,,,,,,,,,,,,-3.05,-0.92803,0.92703,50,4.83905,1.23427,-106.9635,3.01113,-3.49978,20.09786,-33.23893,MIA_RED,CEN_MIC,McKieFieldStad,D1,MAC,20240317-McKieFieldStad-1,2f106f10-e48a-11ee-aea4-b7dfdbffd9f3,72.66521,,,6.64763,,,,,,,b24ae197-db0c-49a0-b090-a6c9874b4f44,2024-03-17,18:14:23.37,2024-03-17T14:14:23.3772396-04:00,2024-03-17T18:14:23.3772396Z,,v3,471355,471268,17 March 2024 13:00-cmichigan@miamioh,"Verburg, Spencer",1000240504,Right,CEN_MIC,6461c3c5-a712-4485-bb97-1b247f6bfdae,54.65464,-107.83453,10.04893,4.67733,4.45169,-16.61947,0.87026,1.38595,-1.74989,,,,,,,,,,,,,,,,,,,,,,,,,,,,,,,,,,,,,,,,,,,,,,,,,,,High,High,High,,,,,
148,2024-03-17,14:14:39.84,4,4,"Waters, Evan",1000240507,Left,CEN_MIC,"Batusich, Ty",1000297118,Left,MIA_RED,Undefined,4,Bottom,2,2,1,Fastball,Four-Seam,FoulBallNotFieldable,Undefined,Undefined,Undefined,0,0,,85.63561,0.004918,1.832492,2251.14332,147.983957,11:00,4.72677,-0.5218,6.64389,-16.25225,21.35178,-12.49205,3.37691,0.11512,76.91104,-3.197158,-0.440153,0.441356,,,,,,,,,,,,6.96933,11.49682,0.40127,50,4.71917,-3.46356,-124.23143,-0.29806,10.71713,28.60776,-14.4947,MIA_RED,CEN_MIC,McKieFieldStad,D1,MAC,20240317-McKieFieldStad-1,38d22520-e48a-11ee-aea4-b7dfdbffd9f3,85.40154,,,8.72458,,,,,,,b24ae197-db0c-49a0-b090-a6c9874b4f44,2024-03-17,18:14:39.84,2024-03-17T14:14:39.8483820-04:00,2024-03-17T18:14:39.8483820Z,,v3,471355,471268,17 March 2024 13:00-cmichigan@miamioh,"Verburg, Spencer",1000240504,Right,CEN_MIC,8a12ab79-99f8-4e08-a8c7-afdb108c8e82,53.84531,-125.11379,14.30388,4.72147,0.149,-7.24735,0.5132,-3.79411,5.35857,,,,,,,,,,,,,,,,,,,,,,,,,,,,,,,,,,,,,,,,,,,,,,,,,,,High,High,High,,,,,
149,2024-03-17,14:15:01.53,4,5,"Waters, Evan",1000240507,Left,CEN_MIC,"Batusich, Ty",1000297118,Left,MIA_RED,Undefined,4,Bottom,2,2,2,Curveball,Curveball,BallinDirt,Undefined,Undefined,Undefined,0,0,,72.3908,1.029897,1.155629,2552.09283,313.300921,4:30,4.56813,-0.73114,5.61084,-67.91783,-12.66627,15.66028,-0.13011,1.65265,65.54442,-11.35166,3.960504,0.534988,,,,,,,,,,,,-7.58378,-6.34126,0.6218,50,4.61207,-2.6688,-104.94879,-0.20862,-8.20732,22.66897,-39.0367,MIA_RED,CEN_MIC,McKieFieldStad,D1,MAC,20240317-McKieFieldStad-1,45c51df0-e48a-11ee-aea4-b7dfdbffd9f3,70.4548,,,6.84638,,,,,,,b24ae197-db0c-49a0-b090-a6c9874b4f44,2024-03-17,18:15:01.53,2024-03-17T14:15:01.5362924-04:00,2024-03-17T18:15:01.5362924Z,,v3,471355,471268,17 March 2024 13:00-cmichigan@miamioh,"Verburg, Spencer",1000240504,Right,CEN_MIC,eb47c3f4-df11-46ed-8088-e76698e98da6,54.88966,-105.99969,11.33449,4.57979,1.60107,-19.51835,0.73671,-2.28832,-4.10366,,,,,,,,,,,,,,,,,,,,,,,,,,,,,,,,,,,,,,,,,,,,,,,,,,,High,High,High,,,,,
150,2024-03-17,14:15:21.93,4,6,"Waters, Evan",1000240507,Left,CEN_MIC,"Batusich, Ty",1000297118,Left,MIA_RED,Undefined,4,Bottom,2,3,2,Fastball,Four-Seam,BallCalled,Walk,Undefined,Undefined,0,0,,86.33159,-2.03874,2.674809,2271.253562,152.290543,11:00,4.7336,-0.55144,6.74333,-18.75973,17.84269,-8.7128,1.30487,1.16799,78.44139,-5.659817,1.087511,0.435438,,,,,,,,,,,,5.3802,10.4039,0.37841,50,4.59183,-5.52912,-125.29239,-4.90416,8.48389,27.20748,-15.76837,MIA_RED,CEN_MIC,McKieFieldStad,D1,MAC,20240317-McKieFieldStad-1,52096030-e48a-11ee-aea4-b7dfdbffd9f3,86.56217,,,7.8902,,,,,,,b24ae197-db0c-49a0-b090-a6c9874b4f44,2024-03-17,18:15:21.93,2024-03-17T14:15:21.9379564-04:00,2024-03-17T18:15:21.9379564Z,,v3,471355,471268,17 March 2024 13:00-cmichigan@miamioh,"Verburg, Spencer",1000240504,Right,CEN_MIC,442623fd-4218-49ad-bff4-0f8bcd50d062,53.75204,-126.10452,13.60374,4.73119,-4.43348,-7.88419,0.54723,-5.78236,4.24195,,,,,,,,,,,,,,,,,,,,,,,,,,,,,,,,,,,,,,,,,,,,,,,,,,,High,High,High,,,,,
151,2024-03-17,14:16:56.04,5,1,"Waters, Evan",1000240507,Left,CEN_MIC,"MacDonald, Zach",1000061940,Right,MIA_RED,Undefined,4,Bottom,2,0,0,Fastball,Four-Seam,BallCalled,Undefined,Undefined,Undefined,0,0,,86.15221,-1.790332,1.388251,2209.437228,144.667799,10:45,4.65783,-0.92652,6.67006,-18.27906,18.6858,-12.31552,1.49562,-0.68248,77.92733,-5.333702,-0.855075,0.437589,,,,,,,,,,,,6.88918,10.78292,0.8377,50,4.53016,-2.56723,-125.08847,-4.33334,10.77212,28.32414,-15.31357,MIA_RED,CEN_MIC,McKieFieldStad,D1,MAC,20240317-McKieFieldStad-1,8a113f70-e48a-11ee-aea4-b7dfdbffd9f3,86.13672,,,8.22488,,,,,,,b24ae197-db0c-49a0-b090-a6c9874b4f44,2024-03-17,18:16:56.04,2024-03-17T14:16:56.0464236-04:00,2024-03-17T18:16:56.0464236Z,,v3,471355,471268,17 March 2024 13:00-cmichigan@miamioh,"Verburg, Spencer",1000240504,Right,CEN_MIC,965d394a-377f-4c61-9e09-6152f9dc9c89,53.82506,-125.95161,14.16207,4.65511,-3.86668,-7.65679,0.92093,-2.89549,5.38606,,,,,,,,,,,,,,,,,,,,,,,,,,,,,,,,,,,,,,,,,,,,,,,,,,,High,High,High,,,,,
152,2024-03-17,14:17:13.13,5,2,"Waters, Evan",1000240507,Left,CEN_MIC,"MacDonald, Zach",1000061940,Right,MIA_RED,Undefined,4,Bottom,2,1,0,Fastball,Four-Seam,BallCalled,Undefined,Undefined,Undefined,0,0,,85.56855,-0.430348,-0.229462,2243.571041,144.497087,10:45,4.67061,-0.93787,6.67505,-19.17332,18.54241,-12.22398,2.67915,-2.16644,76.76972,-4.165504,-2.455765,0.442011,,,,,,,,,,,,6.28807,10.29016,0.95704,50,4.63374,0.96656,-124.21911,-1.36791,9.61601,29.81859,-16.43789,MIA_RED,CEN_MIC,McKieFieldStad,D1,MAC,20240317-McKieFieldStad-1,94292bd0-e48a-11ee-aea4-b7dfdbffd9f3,85.27496,,,8.79883,,,,,,,b24ae197-db0c-49a0-b090-a6c9874b4f44,2024-03-17,18:17:13.13,2024-03-17T14:17:13.1310444-04:00,2024-03-17T18:17:13.1310444Z,,v3,471355,471268,17 March 2024 13:00-cmichigan@miamioh,"Verburg, Spencer",1000240504,Right,CEN_MIC,bbe04957-0b4d-4db0-98a9-352e32f16cad,53.81776,-125.1322,14.90929,4.66792,-0.86456,-8.21894,0.93195,0.6721,4.80801,,,,,,,,,,,,,,,,,,,,,,,,,,,,,,,,,,,,,,,,,,,,,,,,,,,High,High,High,,,,,
153,2024-03-17,14:17:31.54,5,3,"Waters, Evan",1000240507,Left,CEN_MIC,"MacDonald, Zach",1000061940,Right,MIA_RED,Undefined,4,Bottom,2,2,0,Fastball,Four-Seam,StrikeCalled,Undefined,Undefined,Undefined,0,0,,86.76497,-0.514314,1.237948,2285.896762,145.26454,10:45,4.77005,-0.73626,6.5763,-15.86379,20.73025,-13.47103,2.97657,-0.72407,78.22644,-3.625347,-1.210818,0.435388,,,,,,,,,,,,7.39804,11.38678,0.65604,50,4.72752,-2.19674,-125.99557,-1.46915,11.72188,29.02339,-14.13219,MIA_RED,CEN_MIC,McKieFieldStad,D1,MAC,20240317-McKieFieldStad-1,9f1e31c0-e48a-11ee-aea4-b7dfdbffd9f3,86.57205,,,8.53853,,,,,,,b24ae197-db0c-49a0-b090-a6c9874b4f44,2024-03-17,18:17:31.54,2024-03-17T14:17:31.5498860-04:00,2024-03-17T18:17:31.5498860Z,,v3,471355,471268,17 March 2024 13:00-cmichigan@miamioh,"Verburg, Spencer",1000240504,Right,CEN_MIC,d06dbcec-690c-4fe7-bc7d-603b47ee438f,53.91799,-126.89488,14.51169,4.76625,-1.03126,-7.0661,0.72974,-2.55995,5.86094,,,,,,,,,,,,,,,,,,,,,,,,,,,,,,,,,,,,,,,,,,,,,,,,,,,High,High,High,,,,,
154,2024-03-17,14:17:49.94,5,4,"Waters, Evan",1000240507,Left,CEN_MIC,"MacDonald, Zach",1000061940,Right,MIA_RED,Undefined,4,Bottom,2,2,1,Fastball,Sinker,BallCalled,Undefined,Undefined,Undefined,0,0,,85.29604,-0.965538,0.09232,2167.860385,143.752326,10:45,4.76014,-0.69244,6.6185,-16.35422,22.42627,-15.20918,2.51299,-1.87532,75.10941,-4.233412,-2.674661,0.448206,,,,,,,,,,,,7.88378,12.54587,0.69083,50,4.68722,0.40905,-123.55276,-2.38121,11.6936,33.87692,-13.56541,MIA_RED,CEN_MIC,McKieFieldStad,D1,MAC,20240317-McKieFieldStad-1,aa177d70-e48a-11ee-aea4-b7dfdbffd9f3,84.09616,,,10.18663,,,,,,,b24ae197-db0c-49a0-b090-a6c9874b4f44,2024-03-17,18:17:49.94,2024-03-17T14:17:49.9472748-04:00,2024-03-17T18:17:49.9472748Z,,v3,471355,471268,17 March 2024 13:00-cmichigan@miamioh,"Verburg, Spencer",1000240504,Right,CEN_MIC,2900781e-6a49-4173-b45e-39685dd44a10,53.87026,-124.60942,16.93846,4.7549,-1.95808,-6.7827,0.68376,0.04431,5.8468,,,,,,,,,,,,,,,,,,,,,,,,,,,,,,,,,,,,,,,,,,,,,,,,,,,High,High,High,,,,,
155,2024-03-17,14:18:08.92,5,5,"Waters, Evan",1000240507,Left,CEN_MIC,"MacDonald, Zach",1000061940,Right,MIA_RED,Undefined,4,Bottom,2,3,1,Fastball,Four-Seam,StrikeSwinging,Undefined,Undefined,Undefined,0,0,,87.99664,-1.606178,1.066092,2318.781519,154.513969,11:15,4.78318,-0.71182,6.70622,-13.54776,22.15454,-9.9076,2.18511,-0.56267,78.76276,-4.309843,-0.739456,0.43005,,,,,,,,,,,,5.53126,12.57107,0.64414,50,4.67048,-1.98551,-127.66779,-3.81901,8.92252,31.82645,-11.89548,MIA_RED,CEN_MIC,McKieFieldStad,D1,MAC,20240317-McKieFieldStad-1,b5768fd0-e48a-11ee-aea4-b7dfdbffd9f3,87.64655,,,9.23388,,,,,,,b24ae197-db0c-49a0-b090-a6c9874b4f44,2024-03-17,18:18:08.92,2024-03-17T14:18:08.9253228-04:00,2024-03-17T18:18:08.9253228Z,,v3,471355,471268,17 March 2024 13:00-cmichigan@miamioh,"Verburg, Spencer",1000240504,Right,CEN_MIC,df508e39-312b-4274-a4c0-5520d06ea9a0,53.78642,-128.60825,15.91323,4.77813,-3.46751,-5.94774,0.70671,-2.24916,4.46126,,,,,,,,,,,,,,,,,,,,,,,,,,,,,,,,,,,,,,,,,,,,,,,,,,,High,High,High,,,,,
156,2024-03-17,14:18:26.13,5,6,"Waters, Evan",1000240507,Left,CEN_MIC,"MacDonald, Zach",1000061940,Right,MIA_RED,Undefined,4,Bottom,2,3,2,Fastball,Four-Seam,FoulBallNotFieldable,Undefined,Undefined,Undefined,0,0,,87.17599,-1.738783,0.661653,2314.034782,149.706055,11:00,4.76176,-0.61438,6.67962,-16.10584,19.98411,-10.9252,1.82852,-0.91956,78.79086,-4.885138,-1.328863,0.432379,70.11695,40.641497,146.220636,3364.18126,,,,,42.15623,,,5.993,11.48615,0.57417,50,4.63887,-1.05846,-126.62874,-4.20156,9.59002,29.34809,-13.79386,MIA_RED,CEN_MIC,McKieFieldStad,D1,MAC,20240317-McKieFieldStad-1,bfb7af10-e48a-11ee-aea4-b7dfdbffd9f3,87.17454,30.36509,,8.38514,,,,1.60755,1.81992,1.05833,b24ae197-db0c-49a0-b090-a6c9874b4f44,2024-03-17,18:18:26.13,2024-03-17T14:18:26.1347692-04:00,2024-03-17T18:18:26.1347692Z,,v3,471355,471268,17 March 2024 13:00-cmichigan@miamioh,"Verburg, Spencer",1000240504,Right,CEN_MIC,e4cf1cb7-ae53-4f6f-ab2c-95e0dc2dc964,53.81706,-127.51034,14.67404,4.75886,-3.78721,-6.89693,0.6103,-1.34654,4.79501,,1.60755,-64.86024,3.19494,0.61307,-0.28973,0.10001,-0.02782,0.00869,-0.00192,1.81992,66.98087,-32.13874,4.5532,-1.00549,0.20587,-0.04259,0.00716,-0.00029,1.05833,43.38632,-5.24812,1.83788,-0.47953,0.11882,-0.02803,0.00588,-0.00067,,,,,,,,,,,,,,,,,,,,,,,High,High,High,High,Low,,,
157,2024-03-17,14:18:48.02,5,7,"Waters, Evan",1000240507,Left,CEN_MIC,"MacDonald, Zach",1000061940,Right,MIA_RED,Undefined,4,Bottom,2,3,2,Fastball,Four-Seam,BallCalled,Walk,Undefined,Undefined,0,0,,87.88353,0.06252,0.065686,2320.291292,149.568362,11:00,4.71331,-0.5245,6.73037,-17.69481,17.66969,-9.66308,3.29588,-1.26973,79.42795,-3.379288,-1.696196,0.428011,,,,,,,,,,,,5.06878,9.64312,0.52308,50,4.71002,0.22761,-127.70205,-0.2685,8.26867,29.27669,-16.44329,MIA_RED,CEN_MIC,McKieFieldStad,D1,MAC,20240317-McKieFieldStad-1,ccb7c740-e48a-11ee-aea4-b7dfdbffd9f3,88.06415,,,8.45558,,,,,,,b24ae197-db0c-49a0-b090-a6c9874b4f44,2024-03-17,18:18:48.02,2024-03-17T14:18:48.0217964-04:00,2024-03-17T18:18:48.0217964Z,,v3,471355,471268,17 March 2024 13:00-cmichigan@miamioh,"Verburg, Spencer",1000240504,Right,CEN_MIC,260fd6ef-5398-45d4-974b-464dbef58ffa,53.76373,-128.56202,14.63835,4.71081,0.2145,-8.22165,0.51997,-0.01527,4.13434,,,,,,,,,,,,,,,,,,,,,,,,,,,,,,,,,,,,,,,,,,,,,,,,,,,High,High,High,,,,,
158,2024-03-17,14:19:51.96,6,1,"Waters, Evan",1000240507,Left,CEN_MIC,"Zaborowski, Ryland",695301,Right,MIA_RED,Undefined,4,Bottom,2,0,0,ChangeUp,Changeup,BallinDirt,Undefined,Undefined,Undefined,0,0,,80.00739,-2.48323,2.564662,2011.922649,123.644405,10:00,4.53961,-0.9265,6.25867,-30.32848,13.90457,-18.22883,-0.28118,-0.07921,71.73229,-8.217055,-0.731519,0.47868,,,,,,,,,,,,10.45571,8.60497,0.74517,50,4.34064,-4.5319,-115.84539,-5.85132,13.81198,27.26889,-20.80692,MIA_RED,CEN_MIC,McKieFieldStad,D1,MAC,20240317-McKieFieldStad-1,f2fcaf10-e48a-11ee-aea4-b7dfdbffd9f3,78.74253,,,8.27509,,,,,,,b24ae197-db0c-49a0-b090-a6c9874b4f44,2024-03-17,18:19:51.96,2024-03-17T14:19:51.9678828-04:00,2024-03-17T18:19:51.9678828Z,,v3,471355,471268,17 March 2024 13:00-cmichigan@miamioh,"Verburg, Spencer",1000240504,Right,CEN_MIC,cc683780-b23d-40f6-ac02-a20f77d5f24b,54.23751,-116.8386,13.63445,4.53996,-5.09347,-10.40346,0.91939,-5.03497,6.90599,,,,,,,,,,,,,,,,,,,,,,,,,,,,,,,,,,,,,,,,,,,,,,,,,,,High,High,High,,,,,
159,2024-03-17,14:20:12.26,6,2,"Waters, Evan",1000240507,Left,CEN_MIC,"Zaborowski, Ryland",695301,Right,MIA_RED,Undefined,4,Bottom,2,1,0,Fastball,Four-Seam,InPlay,Undefined,FlyBall,Out,1,0,,87.04325,-1.018095,2.223489,2280.62551,142.593119,10:45,4.7054,-0.73924,6.62333,-18.17714,18.28662,-12.9543,2.25757,0.21831,78.24366,-4.555235,-0.132345,0.434612,96.05443,61.996425,0.474494,4436.098162,106.19302,160.6695,28.68791,203.08744,99.32095,15.271737,6.193354,7.58745,10.36154,0.59344,50,4.62873,-4.4211,-126.33041,-2.67904,12.02733,30.32356,-15.74933,MIA_RED,CEN_MIC,McKieFieldStad,D1,MAC,20240317-McKieFieldStad-1,ff12b560-e48a-11ee-aea4-b7dfdbffd9f3,86.72655,163.06312,,8.79959,,,,2.90644,2.45722,-0.19336,b24ae197-db0c-49a0-b090-a6c9874b4f44,2024-03-17,18:20:12.26,2024-03-17T14:20:12.2632556-04:00,2024-03-17T18:20:12.2632556Z,Popup,v3,471355,471268,17 March 2024 13:00-cmichigan@miamioh,"Verburg, Spencer",1000240504,Right,CEN_MIC,a014bf40-63b7-4305-a998-4c7ef61cef4e,53.87311,-127.25669,15.16178,4.70322,-2.19795,-7.87467,0.7341,-4.78849,6.01366,,2.84235,67.1209,-21.49587,9.19256,-3.40239,0.84326,-0.12137,0.00915,-0.00028,2.42309,124.81466,-33.0602,5.06007,-0.75229,-0.04594,0.04358,-0.00681,0.00034,-0.12207,-0.68106,16.16023,-11.66346,5.73759,-1.78163,0.31719,-0.02962,0.00114,,,,,,,,,,,,,,,,,,,,,,,High,High,High,Medium,Low,,,
160,2024-03-17,14:22:35.71,1,1,"Vardavas, Nick",1000241952,Left,MIA_RED,"Wuestenfeld, Danny",1000061943,Right,CEN_MIC,Undefined,5,Top,0,0,0,ChangeUp,Changeup,StrikeCalled,Undefined,Undefined,Undefined,0,0,,75.202,1.19396,4.023209,1469.191416,91.48656,9:00,5.25926,-1.70429,5.38592,-48.8266,2.1839,-15.85009,2.31239,0.75201,68.31571,-7.744528,1.211781,0.514045,,,,,,,,,,,,9.18052,1.25118,1.3558,50,5.33195,-7.04726,-108.82322,0.69786,10.9024,20.8243,-30.68819,MIA_RED,CEN_MIC,McKieFieldStad,D1,MAC,20240317-McKieFieldStad-1,54956cd0-e48b-11ee-aea4-b7dfdbffd9f3,73.32516,,,6.88629,,,,,,,b24ae197-db0c-49a0-b090-a6c9874b4f44,2024-03-17,18:22:35.71,2024-03-17T14:22:35.7131116-04:00,2024-03-17T18:22:35.7131116Z,,v3,471355,471268,17 March 2024 13:00-cmichigan@miamioh,"Novak, David",1000076952,Right,MIA_RED,73b55620-670e-4c4b-8c4b-a25f0a093929,55.11171,-109.79703,10.41215,5.26576,2.13295,-15.34409,1.69728,-7.55709,5.4512,,,,,,,,,,,,,,,,,,,,,,,,,,,,,,,,,,,,,,,,,,,,,,,,,,,High,High,High,,,,,
161,2024-03-17,14:22:50.05,1,2,"Vardavas, Nick",1000241952,Left,MIA_RED,"Wuestenfeld, Danny",1000061943,Right,CEN_MIC,Undefined,5,Top,0,0,1,Fastball,Changeup,BallCalled,Undefined,Undefined,Undefined,0,0,,84.00535,1.164585,0.489456,2046.189411,132.244663,10:30,5.34947,-1.76187,5.73052,-29.51289,11.03103,-10.49989,3.97481,-2.18103,75.37491,-4.375059,-1.389173,0.458284,,,,,,,,,,,,5.44233,5.6624,1.72736,50,5.42884,-0.59448,-121.73134,1.52897,8.01376,28.06119,-23.83624,MIA_RED,CEN_MIC,McKieFieldStad,D1,MAC,20240317-McKieFieldStad-1,5d01a500-e48b-11ee-aea4-b7dfdbffd9f3,82.24699,,,8.63044,,,,,,,b24ae197-db0c-49a0-b090-a6c9874b4f44,2024-03-17,18:22:50.05,2024-03-17T14:22:50.0551532-04:00,2024-03-17T18:22:50.0551532Z,,v3,471355,471268,17 March 2024 13:00-cmichigan@miamioh,"Novak, David",1000076952,Right,MIA_RED,0d4c3c63-1443-4ae8-9f48-1f7d2c41fb95,54.76219,-122.8242,14.0306,5.35122,2.45728,-11.91812,1.75659,-0.90658,4.00688,,,,,,,,,,,,,,,,,,,,,,,,,,,,,,,,,,,,,,,,,,,,,,,,,,,High,High,High,,,,,
162,2024-03-17,14:23:06.13,1,3,"Vardavas, Nick",1000241952,Left,MIA_RED,"Wuestenfeld, Danny",1000061943,Right,CEN_MIC,Undefined,5,Top,0,1,1,ChangeUp,Changeup,BallinDirt,Undefined,Undefined,Undefined,0,0,,74.37494,-0.683619,4.359338,1416.236157,94.103774,9:15,5.30003,-1.63861,5.44512,-49.11007,3.14126,-17.49044,0.56559,0.99323,67.64856,-9.659392,1.250139,0.52026,,,,,,,,,,,,10.30268,2.25732,1.2657,50,5.20549,-7.56436,-107.58958,-2.81944,11.90287,21.1664,-29.56613,MIA_RED,CEN_MIC,McKieFieldStad,D1,MAC,20240317-McKieFieldStad-1,66b662c0-e48b-11ee-aea4-b7dfdbffd9f3,72.44928,,,6.72639,,,,,,,b24ae197-db0c-49a0-b090-a6c9874b4f44,2024-03-17,18:23:06.13,2024-03-17T14:23:06.1345644-04:00,2024-03-17T18:23:06.1345644Z,,v3,471355,471268,17 March 2024 13:00-cmichigan@miamioh,"Novak, David",1000076952,Right,MIA_RED,a24945fb-1f16-4ca5-bf93-04fb62a9ef22,55.05388,-108.57929,10.5832,5.305,-1.43697,-14.78306,1.63241,-8.12093,5.95144,,,,,,,,,,,,,,,,,,,,,,,,,,,,,,,,,,,,,,,,,,,,,,,,,,,High,High,High,,,,,
163,2024-03-17,14:23:23.41,1,4,"Vardavas, Nick",1000241952,Left,MIA_RED,"Wuestenfeld, Danny",1000061943,Right,CEN_MIC,Undefined,5,Top,0,2,1,Curveball,Curveball,StrikeCalled,Undefined,Undefined,Undefined,0,0,,72.08915,2.359063,0.134415,2042.40259,314.897052,4:30,5.36423,-1.74508,5.03764,-64.42484,-7.69835,9.85709,2.22223,-0.79686,65.04341,-9.332805,1.878273,0.542081,,,,,,,,,,,,-4.79252,-3.90229,1.7241,50,5.53847,-0.63046,-104.32891,2.13551,-5.16469,21.19144,-36.37936,MIA_RED,CEN_MIC,McKieFieldStad,D1,MAC,20240317-McKieFieldStad-1,70f75af0-e48b-11ee-aea4-b7dfdbffd9f3,69.53283,,,7.04574,,,,,,,b24ae197-db0c-49a0-b090-a6c9874b4f44,2024-03-17,18:23:23.41,2024-03-17T14:23:23.4107244-04:00,2024-03-17T18:23:23.4107244Z,,v3,471355,471268,17 March 2024 13:00-cmichigan@miamioh,"Novak, David",1000076952,Right,MIA_RED,bf5ee513-6768-43bc-b9d3-7b3030a18c72,55.45907,-105.43193,10.59572,5.37803,4.02907,-18.18968,1.74992,-0.36164,-2.58235,,,,,,,,,,,,,,,,,,,,,,,,,,,,,,,,,,,,,,,,,,,,,,,,,,,High,High,High,,,,,
164,2024-03-17,14:23:38.91,1,5,"Vardavas, Nick",1000241952,Left,MIA_RED,"Wuestenfeld, Danny",1000061943,Right,CEN_MIC,Undefined,5,Top,0,2,2,Curveball,Curveball,FoulBallNotFieldable,Undefined,Undefined,Undefined,0,0,,72.85397,2.413411,0.420456,2075.189558,328.161864,5:00,5.46521,-1.67586,4.84989,-69.68134,-13.87099,9.88044,1.9445,-0.45447,65.99175,-10.136917,2.163875,0.537686,,,,,,,,,,,,-4.73689,-7.12445,1.62535,50,5.64353,-1.16052,-105.48059,2.02913,-5.22458,21.4586,-40.032,MIA_RED,CEN_MIC,McKieFieldStad,D1,MAC,20240317-McKieFieldStad-1,7a4dcc10-e48b-11ee-aea4-b7dfdbffd9f3,70.10121,,,6.86222,,,,,,,b24ae197-db0c-49a0-b090-a6c9874b4f44,2024-03-17,18:23:38.91,2024-03-17T14:23:38.9128556-04:00,2024-03-17T18:23:38.9128556Z,,v3,471355,471268,17 March 2024 13:00-cmichigan@miamioh,"Novak, David",1000076952,Right,MIA_RED,968d4a4f-f4fd-4bb7-99c4-4c8e8cf029ae,55.65054,-106.62392,10.7293,5.4786,4.16206,-20.016,1.67976,-0.88215,-2.61229,,,,,,,,,,,,,,,,,,,,,,,,,,,,,,,,,,,,,,,,,,,,,,,,,,,High,High,High,,,,,
165,2024-03-17,14:24:03.25,1,6,"Vardavas, Nick",1000241952,Left,MIA_RED,"Wuestenfeld, Danny",1000061943,Right,CEN_MIC,Undefined,5,Top,0,2,2,Curveball,Curveball,FoulBallNotFieldable,Undefined,Undefined,Undefined,0,0,,74.05846,2.591994,0.605213,2036.36022,327.481185,5:00,5.36725,-1.69578,4.99409,-59.23267,-6.22205,5.0702,2.88019,-0.70184,67.65663,-8.122825,1.500721,0.524026,97.96941,19.530233,29.602203,4839.684808,89.89108,34.55052,63.39977,332.40712,306.65381,44.548977,3.636968,-2.33551,-3.36067,1.63319,50,5.56828,-1.33166,-107.34597,2.83084,-2.70899,19.61319,-36.07212,MIA_RED,CEN_MIC,McKieFieldStad,D1,MAC,20240317-McKieFieldStad-1,88c4f3e0-e48b-11ee-aea4-b7dfdbffd9f3,71.92856,42.44614,,6.40184,,,,0.37945,2.66874,0.829,b24ae197-db0c-49a0-b090-a6c9874b4f44,2024-03-17,18:24:03.25,2024-03-17T14:24:03.2542572-04:00,2024-03-17T18:24:03.2542572Z,LineDrive,v3,471355,471268,17 March 2024 13:00-cmichigan@miamioh,"Novak, David",1000076952,Right,MIA_RED,3741d8f8-7ec4-4fbc-a695-8ba75c1ee5a7,55.5054,-108.3472,9.80659,5.37677,4.67227,-18.03606,1.69764,-1.19337,-1.3545,,0.37894,117.76112,-28.85153,7.63461,-1.95562,0.49561,-0.11024,0.0161,-0.00101,2.66921,48.02204,-14.78312,-0.38242,0.61047,-0.25365,0.06494,-0.0085,0.00041,0.82883,66.90049,1.89634,-2.19978,0.81906,-0.19928,0.03226,-0.0029,0.0001,,,,,,,,,,,,,,,,,,,,,,,High,High,High,High,Medium,,,
166,2024-03-17,14:24:46.77,1,7,"Vardavas, Nick",1000241952,Left,MIA_RED,"Wuestenfeld, Danny",1000061943,Right,CEN_MIC,Undefined,5,Top,0,2,2,Fastball,Changeup,BallCalled,Undefined,Undefined,Undefined,0,0,,85.04566,1.201119,2.819817,2095.215173,115.045019,9:45,5.3627,-1.54338,5.84573,-32.57108,6.06311,-10.45099,3.76612,0.20819,77.88412,-4.833567,0.948582,0.44736,,,,,,,,,,,,6.07142,3.15252,1.31988,50,5.4415,-5.6508,-123.43077,1.50256,9.39604,23.84272,-27.29526,MIA_RED,CEN_MIC,McKieFieldStad,D1,MAC,20240317-McKieFieldStad-1,a2964c10-e48b-11ee-aea4-b7dfdbffd9f3,84.25527,,,7.16154,,,,,,,b24ae197-db0c-49a0-b090-a6c9874b4f44,2024-03-17,18:24:46.77,2024-03-17T14:24:46.7702636-04:00,2024-03-17T18:24:46.7702636Z,,v3,471355,471268,17 March 2024 13:00-cmichigan@miamioh,"Novak, David",1000076952,Right,MIA_RED,dbef5f2a-7ecd-49e9-b31c-8caee1997680,54.65166,-124.32606,11.92136,5.36584,2.5275,-13.64763,1.5387,-6.00363,4.69802,,,,,,,,,,,,,,,,,,,,,,,,,,,,,,,,,,,,,,,,,,,,,,,,,,,High,High,High,,,,,
167,2024-03-17,14:25:03.09,1,8,"Vardavas, Nick",1000241952,Left,MIA_RED,"Wuestenfeld, Danny",1000061943,Right,CEN_MIC,Undefined,5,Top,0,3,2,Fastball,Changeup,BallCalled,Walk,Undefined,Undefined,0,0,,83.70244,-2.116035,2.681893,1922.002475,116.006888,9:45,5.32251,-1.55163,5.74071,-30.68931,9.43189,-16.7371,0.79176,-0.44744,76.94115,-7.778729,-0.314977,0.455888,,,,,,,,,,,,9.30784,5.7613,1.33903,50,5.12742,-5.02507,-121.43785,-5.49377,13.91477,23.53432,-23.56119,MIA_RED,CEN_MIC,McKieFieldStad,D1,MAC,20240317-McKieFieldStad-1,ac4a94a0-e48b-11ee-aea4-b7dfdbffd9f3,82.67912,,,6.76129,,,,,,,b24ae197-db0c-49a0-b090-a6c9874b4f44,2024-03-17,18:25:03.09,2024-03-17T14:25:03.0944620-04:00,2024-03-17T18:25:03.0944620Z,,v3,471355,471268,17 March 2024 13:00-cmichigan@miamioh,"Novak, David",1000076952,Right,MIA_RED,c64bafd9-7a5d-4c04-80c1-a68a2f6ffd35,54.75844,-122.35655,11.76716,5.32393,-4.57403,-11.7806,1.54579,-5.56825,6.95739,,,,,,,,,,,,,,,,,,,,,,,,,,,,,,,,,,,,,,,,,,,,,,,,,,,High,High,High,,,,,
168,2024-03-17,14:25:30.07,2,1,"Vardavas, Nick",1000241952,Left,MIA_RED,"Murphy, Mikey",1000114856,Right,CEN_MIC,Undefined,5,Top,0,0,0,Fastball,Changeup,BallCalled,Undefined,Undefined,Undefined,0,0,,83.39127,0.990889,2.498881,2002.786403,119.875315,10:00,5.33506,-1.80407,5.80399,-32.41419,8.13646,-11.82575,3.55638,-0.46412,75.7968,-5.040038,0.382135,0.458321,,,,,,,,,,,,6.72555,4.27457,1.60582,50,5.39733,-4.79531,-120.95091,1.04094,9.9098,24.76431,-25.87562,MIA_RED,CEN_MIC,McKieFieldStad,D1,MAC,20240317-McKieFieldStad-1,bc67f260-e48b-11ee-aea4-b7dfdbffd9f3,82.24018,,,7.59447,,,,,,,b24ae197-db0c-49a0-b090-a6c9874b4f44,2024-03-17,18:25:30.07,2024-03-17T14:25:30.0792684-04:00,2024-03-17T18:25:30.0792684Z,,v3,471355,471268,17 March 2024 13:00-cmichigan@miamioh,"Novak, David",1000076952,Right,MIA_RED,356b8e79-c4a0-440d-9068-7abe3ce8e28d,54.69197,-121.90779,12.38216,5.33779,2.04076,-12.93781,1.7985,-5.17822,4.9549,,,,,,,,,,,,,,,,,,,,,,,,,,,,,,,,,,,,,,,,,,,,,,,,,,,High,High,High,,,,,
169,2024-03-17,14:25:47.40,2,2,"Vardavas, Nick",1000241952,Left,MIA_RED,"Murphy, Mikey",1000114856,Right,CEN_MIC,Undefined,5,Top,0,1,0,Fastball,Changeup,InPlay,Undefined,FlyBall,Out,1,0,,83.52742,0.604856,2.420182,2060.698861,120.636036,10:00,5.33563,-1.7248,5.90107,-32.76541,7.71378,-10.64477,3.16719,-0.36386,75.58471,-5.508632,0.510774,0.457918,97.44964,21.904749,28.965352,4037.320348,91.52822,38.56518,61.01256,329.96298,320.62249,41.230781,3.618944,6.18611,4.18004,1.53622,50,5.36573,-4.69144,-121.12402,0.23203,9.08457,26.19223,-26.03547,MIA_RED,CEN_MIC,McKieFieldStad,D1,MAC,20240317-McKieFieldStad-1,c6d79bb0-e48b-11ee-aea4-b7dfdbffd9f3,82.31273,46.83041,,7.94272,,,,-0.09542,3.00782,0.51961,b24ae197-db0c-49a0-b090-a6c9874b4f44,2024-03-17,18:25:47.40,2024-03-17T14:25:47.4026860-04:00,2024-03-17T18:25:47.4026860Z,LineDrive,v3,471355,471268,17 March 2024 13:00-cmichigan@miamioh,"Novak, David",1000076952,Right,MIA_RED,00d5a64e-d625-4b0b-b1ed-43d89744f344,54.59477,-122.11357,13.09611,5.33838,1.21565,-13.01773,1.71995,-5.03466,4.54228,,-0.09581,116.03492,-25.43513,6.43542,-1.49756,0.31425,-0.05587,0.00648,-0.0003,3.00805,53.31124,-17.21619,0.49106,0.12518,-0.04313,0.00222,0.00182,-0.00028,0.51964,64.21517,0.55639,-1.45761,0.54381,-0.12572,0.01878,-0.00156,6E-05,,,,,,,,,,,,,,,,,,,,,,,High,High,High,High,Medium,,,
170,2024-03-17,14:26:37.08,3,1,"Vardavas, Nick",1000241952,Left,MIA_RED,"Stengren, Drew",1000099826,Right,CEN_MIC,Undefined,5,Top,1,0,0,Cutter,Slider,InPlay,Undefined,LineDrive,Out,2,0,,79.91815,0.073097,1.414987,2268.038601,170.402629,11:45,5.15791,-1.86261,5.16333,-36.32537,9.26481,-1.28925,2.19961,-0.63802,72.23757,-6.613643,1.186667,0.485967,85.19742,22.696202,25.559763,4506.459536,93.83665,32.85978,57.39929,254.67425,173.3965,38.335641,2.998421,1.09504,5.06268,1.73169,50,5.13743,-2.80568,-115.75908,-1.08962,1.46444,24.51868,-25.4036,MIA_RED,CEN_MIC,McKieFieldStad,D1,MAC,20240317-McKieFieldStad-1,e4529af0-e48b-11ee-aea4-b7dfdbffd9f3,77.56167,34.52177,,7.68058,,,,0.44026,2.03762,0.80725,b24ae197-db0c-49a0-b090-a6c9874b4f44,2024-03-17,18:26:37.08,2024-03-17T14:26:37.0800492-04:00,2024-03-17T18:26:37.0800492Z,LineDrive,v3,471355,471268,17 March 2024 13:00-cmichigan@miamioh,"Novak, David",1000076952,Right,MIA_RED,a75b26c3-4f1f-4dae-8ebe-5b64d39a3e8f,55.33144,-116.88287,12.25934,5.16069,0.07472,-12.7018,1.86182,-2.8728,0.73222,,0.44014,104.00215,-20.17801,4.4053,-0.9745,0.18559,-0.02815,0.00141,0.0002,2.03766,48.21254,-19.71303,1.56024,-0.20384,0.03145,-0.01004,0.00369,-0.00051,0.80723,49.73851,4.29411,-2.4676,0.80937,-0.20161,0.03931,-0.00525,0.00034,,,,,,,,,,,,,,,,,,,,,,,High,High,High,High,High,,,
171,2024-03-17,14:29:06.48,1,1,"Waters, Evan",1000240507,Left,CEN_MIC,"Novak, Ryan",10035937,Left,MIA_RED,Undefined,5,Bottom,0,0,0,Fastball,Four-Seam,StrikeCalled,Undefined,Undefined,Undefined,0,0,,84.56065,-0.542863,2.206353,2105.484513,160.530065,11:15,4.84429,-0.67191,6.54644,-22.64919,16.02434,-5.17111,2.45865,0.92148,76.22447,-4.892517,1.267576,0.447588,,,,,,,,,,,,3.39469,8.97142,0.5212,50,4.79692,-4.52813,-122.68233,-1.73831,5.0934,27.78676,-18.71327,MIA_RED,CEN_MIC,McKieFieldStad,D1,MAC,20240317-McKieFieldStad-1,3d7ed260-e48c-11ee-aea4-b7dfdbffd9f3,84.21237,,,8.33618,,,,,,,b24ae197-db0c-49a0-b090-a6c9874b4f44,2024-03-17,18:29:06.48,2024-03-17T14:29:06.4825708-04:00,2024-03-17T18:29:06.4825708Z,,v3,471355,471268,17 March 2024 13:00-cmichigan@miamioh,"Verburg, Spencer",1000240504,Right,CEN_MIC,bc3e5fdd-f865-4944-8324-2d91b6fccde3,53.94656,-123.57297,13.89338,4.84303,-1.1385,-9.35664,0.66895,-4.69139,2.5467,,,,,,,,,,,,,,,,,,,,,,,,,,,,,,,,,,,,,,,,,,,,,,,,,,,High,High,High,,,,,
172,2024-03-17,14:29:21.13,1,2,"Waters, Evan",1000240507,Left,CEN_MIC,"Novak, Ryan",10035937,Left,MIA_RED,Undefined,5,Bottom,0,0,1,Fastball,Four-Seam,StrikeCalled,Undefined,Undefined,Undefined,0,0,,85.04243,-0.461623,2.207263,2192.045116,152.326158,11:00,4.75662,-0.29146,6.62237,-18.40151,19.82229,-9.65272,2.80013,0.92636,76.35693,-4.055108,0.45243,0.444978,,,,,,,,,,,,5.75244,10.94615,0.14499,50,4.71726,-4.38541,-123.37535,-1.40117,8.7021,28.78852,-15.61504,MIA_RED,CEN_MIC,McKieFieldStad,D1,MAC,20240317-McKieFieldStad-1,4619e2c0-e48c-11ee-aea4-b7dfdbffd9f3,84.70633,,,8.68551,,,,,,,b24ae197-db0c-49a0-b090-a6c9874b4f44,2024-03-17,18:29:21.13,2024-03-17T14:29:21.1314028-04:00,2024-03-17T18:29:21.1314028Z,,v3,471355,471268,17 March 2024 13:00-cmichigan@miamioh,"Verburg, Spencer",1000240504,Right,CEN_MIC,468499ce-25af-4187-9dd1-61250c6997a3,53.87062,-124.27524,14.39426,4.75344,-0.91307,-7.80752,0.28633,-4.65743,4.35105,,,,,,,,,,,,,,,,,,,,,,,,,,,,,,,,,,,,,,,,,,,,,,,,,,,High,High,High,,,,,
173,2024-03-17,14:29:36.44,1,3,"Waters, Evan",1000240507,Left,CEN_MIC,"Novak, Ryan",10035937,Left,MIA_RED,Undefined,5,Bottom,0,0,2,Fastball,Four-Seam,BallCalled,Undefined,Undefined,Undefined,0,0,,86.67055,-0.809329,4.081372,2278.085529,147.587114,11:00,4.83464,-0.41412,6.48716,-18.06418,18.77245,-11.0993,2.58433,2.41429,78.34789,-4.304154,2.074518,0.436829,,,,,,,,,,,,6.9928,10.41197,0.13148,50,4.76935,-8.52098,-125.57431,-2.21076,11.05423,27.8022,-15.71477,MIA_RED,CEN_MIC,McKieFieldStad,D1,MAC,20240317-McKieFieldStad-1,4f41a2c0-e48c-11ee-aea4-b7dfdbffd9f3,86.28653,,,8.32266,,,,,,,b24ae197-db0c-49a0-b090-a6c9874b4f44,2024-03-17,18:29:36.44,2024-03-17T14:29:36.4452204-04:00,2024-03-17T18:29:36.4452204Z,,v3,471355,471268,17 March 2024 13:00-cmichigan@miamioh,"Verburg, Spencer",1000240504,Right,CEN_MIC,c37a78ff-edaa-4632-8782-30f06ddedd5a,54.00701,-126.45835,13.9011,4.8317,-1.71108,-7.85738,0.40801,-8.87247,5.52712,,,,,,,,,,,,,,,,,,,,,,,,,,,,,,,,,,,,,,,,,,,,,,,,,,,High,High,High,,,,,
174,2024-03-17,14:29:52.48,1,4,"Waters, Evan",1000240507,Left,CEN_MIC,"Novak, Ryan",10035937,Left,MIA_RED,Undefined,5,Bottom,0,1,2,Fastball,Four-Seam,BallCalled,Undefined,Undefined,Undefined,0,0,,86.50035,0.290099,2.202381,2187.119409,166.22732,11:30,4.98945,-0.37819,6.59398,-16.96686,20.25568,-4.6126,3.84154,1.25626,77.12354,-3.051623,1.364604,0.439111,,,,,,,,,,,,3.15614,10.8804,0.22925,50,5.00161,-4.63802,-125.38646,0.27806,4.90073,31.17678,-15.27948,MIA_RED,CEN_MIC,McKieFieldStad,D1,MAC,20240317-McKieFieldStad-1,58c71320-e48c-11ee-aea4-b7dfdbffd9f3,85.83807,,,9.37681,,,,,,,b24ae197-db0c-49a0-b090-a6c9874b4f44,2024-03-17,18:29:52.48,2024-03-17T14:29:52.4813676-04:00,2024-03-17T18:29:52.4813676Z,,v3,471355,471268,17 March 2024 13:00-cmichigan@miamioh,"Verburg, Spencer",1000240504,Right,CEN_MIC,9da9d9f1-8df8-4be4-b7fc-f96095507235,53.89679,-126.35166,15.58839,4.98568,0.7511,-7.63974,0.37519,-4.78974,2.45036,,,,,,,,,,,,,,,,,,,,,,,,,,,,,,,,,,,,,,,,,,,,,,,,,,,High,High,High,,,,,
175,2024-03-17,14:30:11.57,1,5,"Waters, Evan",1000240507,Left,CEN_MIC,"Novak, Ryan",10035937,Left,MIA_RED,Undefined,5,Bottom,0,2,2,Slider,Curveball,FoulBallNotFieldable,Undefined,Undefined,Undefined,0,0,,77.06464,1.890775,1.760599,2486.909041,290.304397,3:45,4.70014,-0.5951,5.83879,-48.99066,-0.67154,6.80992,2.37632,1.6092,69.09184,-7.187906,2.980829,0.500301,,,,,,,,,,,,-2.88016,-0.57744,0.44747,50,4.82551,-3.68057,-111.62495,2.17757,-3.53666,25.10615,-32.88309,MIA_RED,CEN_MIC,McKieFieldStad,D1,MAC,20240317-McKieFieldStad-1,64227c00-e48c-11ee-aea4-b7dfdbffd9f3,75.33958,,,7.9728,,,,,,,b24ae197-db0c-49a0-b090-a6c9874b4f44,2024-03-17,18:30:11.57,2024-03-17T14:30:11.5764076-04:00,2024-03-17T18:30:11.5764076Z,,v3,471355,471268,17 March 2024 13:00-cmichigan@miamioh,"Verburg, Spencer",1000240504,Right,CEN_MIC,cb15aae4-d55a-46ad-a4dd-07c98000710d,54.65818,-112.66777,12.55308,4.70669,3.54342,-16.44155,0.5973,-3.53367,-1.76833,,,,,,,,,,,,,,,,,,,,,,,,,,,,,,,,,,,,,,,,,,,,,,,,,,,High,High,High,,,,,
176,2024-03-17,14:30:30.31,1,6,"Waters, Evan",1000240507,Left,CEN_MIC,"Novak, Ryan",10035937,Left,MIA_RED,Undefined,5,Bottom,0,2,2,Slider,Curveball,InPlay,Undefined,Popup,Single,0,0,,76.45586,1.505248,1.54721,2340.590591,302.08367,4:00,4.7676,-0.60164,5.70532,-50.75511,-2.1915,6.09489,1.94131,1.34819,69.6718,-7.817316,2.637504,0.501565,69.78828,38.261941,-11.909225,4440.50639,106.30696,59.62601,-28.26337,218.74832,218.74832,-16.566782,4.008144,-2.6539,-1.2048,0.46798,50,4.86189,-3.21754,-110.93953,1.32336,-3.27168,21.85143,-33.65932,MIA_RED,CEN_MIC,McKieFieldStad,D1,MAC,20240317-McKieFieldStad-1,6f7bc200-e48c-11ee-aea4-b7dfdbffd9f3,75.14973,60.53495,,6.78405,,,,3.45559,2.24977,-1.2553,b24ae197-db0c-49a0-b090-a6c9874b4f44,2024-03-17,18:30:30.31,2024-03-17T14:30:30.3190380-04:00,2024-03-17T18:30:30.3190380Z,FlyBall,v3,471355,471268,17 March 2024 13:00-cmichigan@miamioh,"Verburg, Spencer",1000240504,Right,CEN_MIC,017c8946-2f2c-402b-a84d-9c0ad230e7fb,54.79405,-111.87982,10.92572,4.77378,2.77175,-16.82966,0.60341,-3.07676,-1.63584,161.224695,3.45596,78.63152,-14.91039,3.7106,-0.71966,0.15016,-0.03834,0.00694,-0.00052,2.25042,63.36313,-18.91547,0.97554,0.14296,-0.19481,0.07212,-0.01206,0.00076,-1.25511,-16.59032,0.09175,0.12909,0.00362,-0.02344,0.00893,-0.00144,9E-05,,,,,,,,,,,,,,,,,,,,,,,High,High,High,High,High,,,
177,2024-03-17,14:31:02.80,2,1,"Waters, Evan",1000240507,Left,CEN_MIC,"Baker, Dillon",1000034148,Right,MIA_RED,Undefined,5,Bottom,0,0,0,Fastball,Four-Seam,FoulBallNotFieldable,Undefined,Undefined,Undefined,0,0,,85.08023,0.328957,1.31803,2234.058857,151.958588,11:00,4.78015,-0.77386,6.3639,-20.18064,18.16017,-8.95544,3.40123,-0.30705,76.75299,-3.561362,-0.303055,0.445658,,,,,,,,,,,,5.12213,9.76843,0.6827,50,4.79453,-2.50724,-123.54631,0.19201,7.80322,27.90968,-17.29256,MIA_RED,CEN_MIC,McKieFieldStad,D1,MAC,20240317-McKieFieldStad-1,82b5c910-e48c-11ee-aea4-b7dfdbffd9f3,84.57699,,,8.32724,,,,,,,b24ae197-db0c-49a0-b090-a6c9874b4f44,2024-03-17,18:31:02.80,2024-03-17T14:31:02.8005740-04:00,2024-03-17T18:31:02.8005740Z,,v3,471355,471268,17 March 2024 13:00-cmichigan@miamioh,"Verburg, Spencer",1000240504,Right,CEN_MIC,1cb094c6-a58b-48a3-a590-54e050a7c98b,54.13297,-124.47647,13.95484,4.77853,0.76833,-8.64628,0.77059,-2.76731,3.90161,,,,,,,,,,,,,,,,,,,,,,,,,,,,,,,,,,,,,,,,,,,,,,,,,,,High,High,High,,,,,
178,2024-03-17,14:31:36.48,2,2,"Waters, Evan",1000240507,Left,CEN_MIC,"Baker, Dillon",1000034148,Right,MIA_RED,Undefined,5,Bottom,0,0,1,Fastball,Four-Seam,InPlay,Undefined,LineDrive,Out,1,0,,84.5549,-0.617983,1.259107,2123.584055,150.543871,11:00,4.72114,-0.72228,6.65527,-19.74694,19.82946,-10.19879,2.50986,-0.41973,74.12856,-4.523801,-0.597732,0.452782,99.50186,10.967447,-13.583779,1057.537468,106.93372,9.06664,-25.78893,162.2508,141.95764,-13.888113,1.307849,5.86977,11.16016,0.64116,50,4.67152,-2.30392,-122.45641,-1.7462,8.50581,34.44936,-16.00201,MIA_RED,CEN_MIC,McKieFieldStad,D1,MAC,20240317-McKieFieldStad-1,96d9e200-e48c-11ee-aea4-b7dfdbffd9f3,83.24628,10.38353,,10.42634,,,,1.91882,2.57972,0.42421,b24ae197-db0c-49a0-b090-a6c9874b4f44,2024-03-17,18:31:36.48,2024-03-17T14:31:36.4851052-04:00,2024-03-17T18:31:36.4851052Z,LineDrive,v3,471355,471268,17 March 2024 13:00-cmichigan@miamioh,"Verburg, Spencer",1000240504,Right,CEN_MIC,c602e581-8225-44e7-9e28-99b1b94393be,53.83554,-123.53071,17.22468,4.71819,-1.24718,-8.001,0.71715,-2.56918,4.2529,12.745547,1.91882,139.26274,-17.89926,2.34624,-0.50153,0.09405,-0.0178,0.00319,-0.00032,2.57972,27.76447,-26.63415,3.81272,-0.84852,0.20759,-0.04388,0.0078,-0.00081,0.42421,-33.64947,2.74682,-0.02744,-0.00873,0.01081,-0.00329,0.0006,-7E-05,,,,,,,,,,,,,,,,,,,,,,,High,High,High,High,High,,,
179,2024-03-17,14:32:05.61,3,1,"Waters, Evan",1000240507,Left,CEN_MIC,"Zarlingo, Anthony",1000113533,Right,MIA_RED,Undefined,5,Bottom,1,0,0,Fastball,Sinker,StrikeCalled,Undefined,Undefined,Undefined,0,0,,85.60955,-1.141829,1.195562,2189.424489,141.900514,10:45,4.70886,-0.76401,6.7807,-18.45875,19.77599,-14.2078,2.12783,-0.85635,75.45458,-4.796828,-1.397833,0.445042,,,,,,,,,,,,7.86209,11.30792,0.69006,50,4.62708,-2.03353,-124.03346,-2.84676,11.76099,33.97877,-15.25841,MIA_RED,CEN_MIC,McKieFieldStad,D1,MAC,20240317-McKieFieldStad-1,a83f2910-e48c-11ee-aea4-b7dfdbffd9f3,84.6942,,,10.15497,,,,,,,b24ae197-db0c-49a0-b090-a6c9874b4f44,2024-03-17,18:32:05.61,2024-03-17T14:32:05.6175980-04:00,2024-03-17T18:32:05.6175980Z,,v3,471355,471268,17 March 2024 13:00-cmichigan@miamioh,"Verburg, Spencer",1000240504,Right,CEN_MIC,80d088a0-a069-49bb-b9fa-dad00c896770,53.7087,-125.04532,16.98939,4.70509,-2.39238,-7.6292,0.75583,-2.38376,5.8805,,,,,,,,,,,,,,,,,,,,,,,,,,,,,,,,,,,,,,,,,,,,,,,,,,,High,High,High,,,,,
180,2024-03-17,14:32:22.67,3,2,"Waters, Evan",1000240507,Left,CEN_MIC,"Zarlingo, Anthony",1000113533,Right,MIA_RED,Undefined,5,Bottom,1,0,1,ChangeUp,Changeup,BallinDirt,Undefined,Undefined,Undefined,0,0,,78.07279,-2.369161,1.794603,1979.615414,126.55924,10:15,4.54987,-0.71736,6.45871,-29.48293,17.27997,-20.48182,-0.08559,-0.77517,68.9872,-8.029666,-1.924588,0.492178,,,,,,,,,,,,11.49158,10.57709,0.59921,50,4.36957,-2.82249,-112.97676,-5.39237,14.19716,29.02401,-19.10666,MIA_RED,CEN_MIC,McKieFieldStad,D1,MAC,20240317-McKieFieldStad-1,b2517020-e48c-11ee-aea4-b7dfdbffd9f3,76.58295,,,9.08558,,,,,,,b24ae197-db0c-49a0-b090-a6c9874b4f44,2024-03-17,18:32:22.67,2024-03-17T14:32:22.6788716-04:00,2024-03-17T18:32:22.6788716Z,,v3,471355,471268,17 March 2024 13:00-cmichigan@miamioh,"Verburg, Spencer",1000240504,Right,CEN_MIC,cd55fb99-7f6f-4d0a-85f5-eeea64e33c57,54.03492,-114.00862,14.51201,4.54921,-4.71308,-9.55333,0.70852,-3.32723,7.09858,,,,,,,,,,,,,,,,,,,,,,,,,,,,,,,,,,,,,,,,,,,,,,,,,,,High,High,High,,,,,
181,2024-03-17,14:32:43.06,3,3,"Waters, Evan",1000240507,Left,CEN_MIC,"Zarlingo, Anthony",1000113533,Right,MIA_RED,Undefined,5,Bottom,1,1,1,Fastball,Four-Seam,BallCalled,Undefined,Undefined,Undefined,0,0,,86.36361,-2.24022,0.941591,2281.852994,148.938944,11:00,4.74512,-0.66904,6.75171,-18.19962,18.73595,-10.44524,1.18082,-0.6793,77.64068,-5.784569,-0.964421,0.437415,,,,,,,,,,,,5.80201,11.04461,0.61059,50,4.59084,-1.66631,-125.31083,-5.3088,9.03596,30.17664,-14.97342,MIA_RED,CEN_MIC,McKieFieldStad,D1,MAC,20240317-McKieFieldStad-1,be95d970-e48c-11ee-aea4-b7dfdbffd9f3,86.17086,,,8.72294,,,,,,,b24ae197-db0c-49a0-b090-a6c9874b4f44,2024-03-17,18:32:43.06,2024-03-17T14:32:43.0669164-04:00,2024-03-17T18:32:43.0669164Z,,v3,471355,471268,17 March 2024 13:00-cmichigan@miamioh,"Verburg, Spencer",1000240504,Right,CEN_MIC,cfe942f5-060d-4b20-b6d3-e9294ef51e49,53.74224,-126.2088,15.08832,4.74219,-4.86324,-7.48671,0.66417,-1.9352,4.51798,,,,,,,,,,,,,,,,,,,,,,,,,,,,,,,,,,,,,,,,,,,,,,,,,,,High,High,High,,,,,
182,2024-03-17,14:33:00.37,3,4,"Waters, Evan",1000240507,Left,CEN_MIC,"Zarlingo, Anthony",1000113533,Right,MIA_RED,Undefined,5,Bottom,1,2,1,Fastball,Four-Seam,StrikeCalled,Undefined,Undefined,Undefined,0,0,,84.95252,-0.355902,-0.007085,2174.67983,157.127467,11:15,4.72599,-0.73205,6.66282,-21.52926,16.62647,-6.4278,2.60623,-1.27419,76.45961,-4.514775,-1.177811,0.444581,,,,,,,,,,,,3.34831,9.26146,0.7346,50,4.6932,0.25886,-123.35459,-1.28897,5.06786,28.58638,-18.15627,MIA_RED,CEN_MIC,McKieFieldStad,D1,MAC,20240317-McKieFieldStad-1,c8d6f8b0-e48c-11ee-aea4-b7dfdbffd9f3,84.78188,,,8.49291,,,,,,,b24ae197-db0c-49a0-b090-a6c9874b4f44,2024-03-17,18:33:00.37,2024-03-17T14:33:00.3721068-04:00,2024-03-17T18:33:00.3721068Z,,v3,471355,471268,17 March 2024 13:00-cmichigan@miamioh,"Verburg, Spencer",1000240504,Right,CEN_MIC,8468e7b3-1a41-41cb-ad11-b41b44dcafb1,53.83024,-124.23905,14.29319,4.72439,-0.72722,-9.07814,0.72901,0.10206,2.53393,,,,,,,,,,,,,,,,,,,,,,,,,,,,,,,,,,,,,,,,,,,,,,,,,,,High,High,High,,,,,
183,2024-03-17,14:33:21.27,3,5,"Waters, Evan",1000240507,Left,CEN_MIC,"Zarlingo, Anthony",1000113533,Right,MIA_RED,Undefined,5,Bottom,1,2,2,Curveball,Curveball,InPlay,Undefined,GroundBall,Out,1,0,,69.55,2.846583,-1.779832,2184.789677,321.673943,4:45,4.70891,-0.63687,6.01694,-75.48429,-16.08993,14.61501,1.05874,-1.0681,62.35544,-11.069964,0.856233,0.554682,,,,,,,,,,,,-8.19619,-8.71012,0.7684,50,4.89172,2.64421,-100.73753,2.86397,-8.12224,21.79128,-40.80561,MIA_RED,CEN_MIC,McKieFieldStad,D1,MAC,20240317-McKieFieldStad-1,d54a6140-e48c-11ee-aea4-b7dfdbffd9f3,67.95326,,,7.19456,,,,,,,b24ae197-db0c-49a0-b090-a6c9874b4f44,2024-03-17,18:33:21.27,2024-03-17T14:33:21.2733292-04:00,2024-03-17T18:33:21.2733292Z,,v3,471355,471268,17 March 2024 13:00-cmichigan@miamioh,"Verburg, Spencer",1000240504,Right,CEN_MIC,1c119cf0-1f41-44a6-b40e-d4f84697b32e,54.48347,-101.70276,10.89564,4.72483,4.67142,-20.40281,0.64331,3.00398,-4.06112,,,,,,,,,,,,,,,,,,,,,,,,,,,,,,,,,,,,,,,,,,,,,,,,,,,High,High,High,,,,,
184,2024-03-17,14:34:04.90,4,1,"Waters, Evan",1000240507,Left,CEN_MIC,"Novak, David",1000076952,Right,MIA_RED,Undefined,5,Bottom,2,0,0,ChangeUp,Changeup,BallinDirt,Undefined,Undefined,Undefined,0,0,,77.69202,-3.414231,4.109778,1891.612203,116.809887,10:00,4.56692,-0.877,6.29555,-33.54443,13.11509,-22.42808,-1.38624,1.04733,70.34909,-9.697965,0.05626,0.491634,,,,,,,,,,,,13.41194,8.43308,0.58618,50,4.29889,-7.34615,-112.38515,-7.61042,16.79834,24.29832,-21.61172,MIA_RED,CEN_MIC,McKieFieldStad,D1,MAC,20240317-McKieFieldStad-1,ef4a91a0-e48c-11ee-aea4-b7dfdbffd9f3,76.66774,,,7.34292,,,,,,,b24ae197-db0c-49a0-b090-a6c9874b4f44,2024-03-17,18:34:04.90,2024-03-17T14:34:04.9095020-04:00,2024-03-17T18:34:04.9095020Z,,v3,471355,471268,17 March 2024 13:00-cmichigan@miamioh,"Verburg, Spencer",1000240504,Right,CEN_MIC,bd9026c4-a0fe-4068-bd9a-52bd42b6b288,54.20514,-113.29068,12.14916,4.5675,-6.80502,-10.80586,0.87161,-7.97217,8.39917,,,,,,,,,,,,,,,,,,,,,,,,,,,,,,,,,,,,,,,,,,,,,,,,,,,High,High,High,,,,,
185,2024-03-17,14:34:25.59,4,2,"Waters, Evan",1000240507,Left,CEN_MIC,"Novak, David",1000076952,Right,MIA_RED,Undefined,5,Bottom,2,1,0,Fastball,Four-Seam,BallCalled,Undefined,Undefined,Undefined,0,0,,85.58895,0.266023,0.376345,2208.211135,147.647327,11:00,4.78195,-0.72489,6.47586,-20.95596,17.04465,-9.89733,3.27991,-1.20408,76.68165,-3.786633,-1.419604,0.443677,,,,,,,,,,,,5.22681,9.19926,0.70198,50,4.79119,-0.42123,-124.1832,0.05367,7.9912,29.72405,-18.10948,MIA_RED,CEN_MIC,McKieFieldStad,D1,MAC,20240317-McKieFieldStad-1,fb8f4910-e48c-11ee-aea4-b7dfdbffd9f3,84.9547,,,8.9073,,,,,,,b24ae197-db0c-49a0-b090-a6c9874b4f44,2024-03-17,18:34:25.59,2024-03-17T14:34:25.5983468-04:00,2024-03-17T18:34:25.5983468Z,,v3,471355,471268,17 March 2024 13:00-cmichigan@miamioh,"Verburg, Spencer",1000240504,Right,CEN_MIC,71c2c161-5f81-43c4-a47b-ca44075d22ad,54.01593,-125.14074,14.86203,4.78006,0.63706,-9.05474,0.7197,-0.67866,3.9956,,,,,,,,,,,,,,,,,,,,,,,,,,,,,,,,,,,,,,,,,,,,,,,,,,,High,High,High,,,,,
186,2024-03-17,14:34:44.57,4,3,"Waters, Evan",1000240507,Left,CEN_MIC,"Novak, David",1000076952,Right,MIA_RED,Undefined,5,Bottom,2,2,0,Fastball,Four-Seam,BallCalled,Undefined,Undefined,Undefined,0,0,,83.65361,0.68296,-0.456058,2146.785249,147.998647,11:00,4.75656,-0.73067,6.55874,-22.13926,16.92938,-9.78599,3.53783,-1.9643,76.07469,-3.563096,-2.233983,0.449868,,,,,,,,,,,,4.95335,9.05056,0.76554,50,4.79389,1.3334,-121.57296,0.89845,7.37152,25.0886,-18.70511,MIA_RED,CEN_MIC,McKieFieldStad,D1,MAC,20240317-McKieFieldStad-1,06e97970-e48d-11ee-aea4-b7dfdbffd9f3,83.78548,,,7.57892,,,,,,,b24ae197-db0c-49a0-b090-a6c9874b4f44,2024-03-17,18:34:44.57,2024-03-17T14:34:44.5721452-04:00,2024-03-17T18:34:44.5721452Z,,v3,471355,471268,17 March 2024 13:00-cmichigan@miamioh,"Verburg, Spencer",1000240504,Right,CEN_MIC,13af3856-9510-482f-bbb1-e6ecd20d2b1c,53.93604,-122.38253,12.5443,4.75516,1.50204,-9.35255,0.72636,1.09553,3.68576,,,,,,,,,,,,,,,,,,,,,,,,,,,,,,,,,,,,,,,,,,,,,,,,,,,High,High,High,,,,,
187,2024-03-17,14:35:04.43,4,4,"Waters, Evan",1000240507,Left,CEN_MIC,"Novak, David",1000076952,Right,MIA_RED,Undefined,5,Bottom,2,3,0,Fastball,Four-Seam,BallCalled,Walk,Undefined,Undefined,0,0,,84.01348,1.268044,1.450194,2119.982889,154.42189,11:15,4.80975,-0.72152,6.52158,-18.91812,20.22568,-9.02292,4.3972,-0.14263,75.62583,-2.416324,-0.187445,0.450301,,,,,,,,,,,,5.12209,10.54107,0.62382,50,4.88924,-2.73828,-121.91958,2.27646,7.60312,27.06014,-16.52707,MIA_RED,CEN_MIC,McKieFieldStad,D1,MAC,20240317-McKieFieldStad-1,12d05970-e48d-11ee-aea4-b7dfdbffd9f3,83.70498,,,8.38765,,,,,,,b24ae197-db0c-49a0-b090-a6c9874b4f44,2024-03-17,18:35:04.43,2024-03-17T14:35:04.4379500-04:00,2024-03-17T18:35:04.4379500Z,,v3,471355,471268,17 March 2024 13:00-cmichigan@miamioh,"Verburg, Spencer",1000240504,Right,CEN_MIC,7461d785-b62d-456c-b431-1f8da7d0df45,53.97111,-122.79781,13.53007,4.80665,2.81284,-8.26353,0.71669,-2.98504,3.80156,,,,,,,,,,,,,,,,,,,,,,,,,,,,,,,,,,,,,,,,,,,,,,,,,,,High,High,High,,,,,
188,2024-03-17,14:35:39.41,5,1,"Waters, Evan",1000240507,Left,CEN_MIC,"Keels, Tre",702606,Right,MIA_RED,Undefined,5,Bottom,2,0,0,Fastball,Four-Seam,FoulBallNotFieldable,Undefined,Undefined,Undefined,0,0,,85.44687,0.216273,0.85423,2043.177686,145.964263,10:45,4.78803,-0.69888,6.51543,-21.52497,15.95973,-9.95371,3.19276,-0.74448,77.73134,-3.904469,-0.953327,0.440655,71.88739,21.972446,171.14283,2519.034628,,,,,44.99613,,,5.42,8.65445,0.64306,50,4.7935,-1.47028,-124.18298,-0.0888,8.42133,26.03311,-18.72721,MIA_RED,CEN_MIC,McKieFieldStad,D1,MAC,20240317-McKieFieldStad-1,27b04850-e48d-11ee-aea4-b7dfdbffd9f3,85.53735,16.50406,,7.71553,,,,1.53168,3.16041,0.66821,b24ae197-db0c-49a0-b090-a6c9874b4f44,2024-03-17,18:35:39.41,2024-03-17T14:35:39.4154860-04:00,2024-03-17T18:35:39.4154860Z,,v3,471355,471268,17 March 2024 13:00-cmichigan@miamioh,"Verburg, Spencer",1000240504,Right,CEN_MIC,e50b3e45-a61f-479b-b213-228f244bb785,53.97977,-125.01449,13.01656,4.78678,0.50936,-9.36361,0.69432,-1.73926,4.21066,334.263687,1.52983,-96.56124,8.02754,,,,,,,3.17716,38.99597,-24.54616,,,,,,,0.67343,14.91321,-4.15461,,,,,,,,,,,,,,,,,,,,,,,,,,,,,High,High,High,High,Low,,,
189,2024-03-17,14:35:59.33,5,2,"Waters, Evan",1000240507,Left,CEN_MIC,"Keels, Tre",702606,Right,MIA_RED,Undefined,5,Bottom,2,0,1,Fastball,Four-Seam,StrikeCalled,Undefined,Undefined,Undefined,0,0,,85.5585,0.18013,0.001841,2196.014375,160.817768,11:15,4.82876,-0.5781,6.4372,-21.34352,16.73934,-5.3278,3.21567,-1.02039,76.66342,-3.93959,-0.964267,0.444157,,,,,,,,,,,,2.74992,9.06587,0.58,50,4.83181,0.20743,-124.13504,-0.15358,4.20076,29.71597,-18.32505,MIA_RED,CEN_MIC,McKieFieldStad,D1,MAC,20240317-McKieFieldStad-1,33972850-e48d-11ee-aea4-b7dfdbffd9f3,84.86292,,,8.89508,,,,,,,b24ae197-db0c-49a0-b090-a6c9874b4f44,2024-03-17,18:35:59.33,2024-03-17T14:35:59.3390956-04:00,2024-03-17T18:35:59.3390956Z,,v3,471355,471268,17 March 2024 13:00-cmichigan@miamioh,"Verburg, Spencer",1000240504,Right,CEN_MIC,be26c7a4-6afa-4793-87a3-c189f2e8bd27,54.05488,-125.10195,14.85799,4.82711,0.44268,-9.16252,0.57547,0.07074,2.10038,,,,,,,,,,,,,,,,,,,,,,,,,,,,,,,,,,,,,,,,,,,,,,,,,,,High,High,High,,,,,
190,2024-03-17,14:36:18.57,5,3,"Waters, Evan",1000240507,Left,CEN_MIC,"Keels, Tre",702606,Right,MIA_RED,Undefined,5,Bottom,2,0,2,ChangeUp,Changeup,BallinDirt,Undefined,Undefined,Undefined,0,0,,78.72262,-2.634491,3.065004,1955.216376,120.773929,10:00,4.53723,-0.76894,6.37298,-33.30829,12.25292,-17.49198,-0.66755,0.5961,70.63401,-8.916946,-0.104273,0.485813,,,,,,,,,,,,10.42485,7.82953,0.55609,50,4.33145,-5.51221,-113.97205,-6.13381,13.30553,26.7324,-22.18099,MIA_RED,CEN_MIC,McKieFieldStad,D1,MAC,20240317-McKieFieldStad-1,3ef1a6d0-e48d-11ee-aea4-b7dfdbffd9f3,77.58634,,,8.08862,,,,,,,b24ae197-db0c-49a0-b090-a6c9874b4f44,2024-03-17,18:36:18.57,2024-03-17T14:36:18.5732972-04:00,2024-03-17T18:36:18.5732972Z,,v3,471355,471268,17 March 2024 13:00-cmichigan@miamioh,"Verburg, Spencer",1000240504,Right,CEN_MIC,2741f898-8422-411f-a8fa-33205ec3f303,54.12507,-114.93552,13.3662,4.53812,-5.33438,-11.0905,0.7634,-5.99176,6.65277,,,,,,,,,,,,,,,,,,,,,,,,,,,,,,,,,,,,,,,,,,,,,,,,,,,High,High,High,,,,,
191,2024-03-17,14:36:41.14,5,4,"Waters, Evan",1000240507,Left,CEN_MIC,"Keels, Tre",702606,Right,MIA_RED,Undefined,5,Bottom,2,1,2,Fastball,Four-Seam,StrikeSwinging,Strikeout,Undefined,Undefined,0,0,,86.37992,-0.50035,0.990191,2295.455013,151.177326,11:00,4.79397,-0.70352,6.53161,-16.43273,21.25619,-10.83816,2.96553,-0.69831,76.45891,-3.760557,-0.978385,0.441853,,,,,,,,,,,,5.97524,11.69855,0.63862,50,4.75175,-1.72806,-125.1835,-1.42743,9.16284,33.18308,-14.23469,MIA_RED,CEN_MIC,McKieFieldStad,D1,MAC,20240317-McKieFieldStad-1,4c7e2080-e48d-11ee-aea4-b7dfdbffd9f3,85.30531,,,9.92101,,,,,,,b24ae197-db0c-49a0-b090-a6c9874b4f44,2024-03-17,18:36:41.14,2024-03-17T14:36:41.1430000-04:00,2024-03-17T18:36:41.1430000Z,,v3,471355,471268,17 March 2024 13:00-cmichigan@miamioh,"Verburg, Spencer",1000240504,Right,CEN_MIC,2b7bda19-ec89-4faf-8dd6-c75b8a519c62,53.95883,-126.22852,16.59154,4.78964,-0.97914,-7.11734,0.69759,-2.01663,4.58142,,,,,,,,,,,,,,,,,,,,,,,,,,,,,63.72487,,,,,,,0.05467,6.53606,5.97978,,,,0.07012,72.65995,-3.82789,6.5599,6.75995,-12.92595,5.90883,-57.15011,8.65706,High,High,High,,,High,High,Medium
192,2024-03-17,14:38:50.23,1,1,"Vardavas, Nick",1000241952,Left,MIA_RED,"Verburg, Spencer",1000240504,Right,CEN_MIC,Undefined,6,Top,0,0,0,Fastball,Changeup,StrikeSwinging,Undefined,Undefined,Undefined,0,0,,84.43737,-0.636576,2.921328,2030.400983,112.512521,9:45,5.21536,-1.79869,5.77343,-32.37053,7.26855,-14.32339,1.92467,-0.27156,76.89139,-6.636343,0.357474,0.453141,,,,,,,,,,,,8.13792,4.30032,1.56583,50,5.14333,-5.65919,-122.44186,-2.43799,12.27725,25.58115,-25.68637,MIA_RED,CEN_MIC,McKieFieldStad,D1,MAC,20240317-McKieFieldStad-1,99657970-e48d-11ee-aea4-b7dfdbffd9f3,83.18041,,,7.54597,,,,,,,b24ae197-db0c-49a0-b090-a6c9874b4f44,2024-03-17,18:38:50.23,2024-03-17T14:38:50.2339436-04:00,2024-03-17T18:38:50.2339436Z,,v3,471355,471268,17 March 2024 13:00-cmichigan@miamioh,"Novak, David",1000076952,Right,MIA_RED,93bdfe7f-c537-4739-b462-458a48686083,54.72338,-123.42474,12.79057,5.21804,-1.45106,-12.84318,1.79233,-6.13091,6.13863,,,,,,,,,,,,,,,,,,,,,,,,,,,,,,,,,,,,,,,,,,,,,,,,,,,High,High,High,,,,,
193,2024-03-17,14:39:08.30,1,2,"Vardavas, Nick",1000241952,Left,MIA_RED,"Verburg, Spencer",1000240504,Right,CEN_MIC,Undefined,6,Top,0,0,1,Fastball,Changeup,FoulBallNotFieldable,Undefined,Undefined,Undefined,0,0,,84.42459,-0.387035,3.365429,2148.131631,116.110045,9:45,5.44584,-1.51757,5.74284,-31.15954,8.8354,-15.10343,2.48823,0.36086,76.28451,-6.189364,0.666075,0.45517,,,,,,,,,,,,8.79012,5.02142,1.24705,50,5.3947,-6.57713,-122.29913,-1.84687,13.13005,27.21515,-24.67343,MIA_RED,CEN_MIC,McKieFieldStad,D1,MAC,20240317-McKieFieldStad-1,a411b690-e48d-11ee-aea4-b7dfdbffd9f3,82.80953,,,8.14009,,,,,,,b24ae197-db0c-49a0-b090-a6c9874b4f44,2024-03-17,18:39:08.30,2024-03-17T14:39:08.3038060-04:00,2024-03-17T18:39:08.3038060Z,,v3,471355,471268,17 March 2024 13:00-cmichigan@miamioh,"Novak, David",1000076952,Right,MIA_RED,de612b44-0978-4bd5-9aee-8a97fa7cff61,54.75428,-123.35256,13.60758,5.44771,-0.89182,-12.33672,1.51147,-7.08536,6.56502,,,,,,,,,,,,,,,,,,,,,,,,,,,,,,,,,,,,,,,,,,,,,,,,,,,High,High,High,,,,,
194,2024-03-17,14:39:37.08,1,3,"Vardavas, Nick",1000241952,Left,MIA_RED,"Verburg, Spencer",1000240504,Right,CEN_MIC,Undefined,6,Top,0,0,2,Curveball,Curveball,BallinDirt,Undefined,Undefined,Undefined,0,0,,75.08108,0.809026,0.505474,2399.706618,332.11068,5:00,5.37156,-1.77352,4.92058,-69.09197,-16.45383,9.76158,0.37885,-0.48216,67.98268,-11.610019,2.234282,0.522182,,,,,,,,,,,,-4.65831,-7.91674,1.71561,50,5.3924,-1.34918,-108.74356,-0.92355,-5.42483,23.94667,-41.39345,MIA_RED,CEN_MIC,McKieFieldStad,D1,MAC,20240317-McKieFieldStad-1,b5423200-e48d-11ee-aea4-b7dfdbffd9f3,72.18262,,,7.09839,,,,,,,b24ae197-db0c-49a0-b090-a6c9874b4f44,2024-03-17,18:39:37.08,2024-03-17T14:39:37.0884972-04:00,2024-03-17T18:39:37.0884972Z,,v3,471355,471268,17 March 2024 13:00-cmichigan@miamioh,"Novak, David",1000076952,Right,MIA_RED,1bb59ebb-bdce-4313-9851-39f92e6b7d1a,55.57972,-109.96542,11.97333,5.38563,1.18852,-20.69673,1.77739,-1.07238,-2.71241,,,,,,,,,,,,,,,,,,,,,,,,,,,,,,,,,,,,,,,,,,,,,,,,,,,High,High,High,,,,,
195,2024-03-17,14:39:56.59,1,4,"Vardavas, Nick",1000241952,Left,MIA_RED,"Verburg, Spencer",1000240504,Right,CEN_MIC,Undefined,6,Top,0,1,2,Fastball,Changeup,FoulBallNotFieldable,Undefined,Undefined,Undefined,0,0,,85.17775,-0.526392,2.259753,2169.972844,107.821319,9:30,5.30985,-1.6212,5.80941,-31.58384,7.29107,-18.61855,2.18798,-1.0703,77.53073,-6.389514,-1.077803,0.448752,,,,,,,,,,,,10.22504,4.25059,1.44729,50,5.2479,-4.12518,-123.61758,-2.18178,15.70259,26.38125,-25.64644,MIA_RED,CEN_MIC,McKieFieldStad,D1,MAC,20240317-McKieFieldStad-1,c0d41430-e48d-11ee-aea4-b7dfdbffd9f3,83.99399,,,7.64702,,,,,,,b24ae197-db0c-49a0-b090-a6c9874b4f44,2024-03-17,18:39:56.59,2024-03-17T14:39:56.5991276-04:00,2024-03-17T18:39:56.5991276Z,,v3,471355,471268,17 March 2024 13:00-cmichigan@miamioh,"Novak, David",1000076952,Right,MIA_RED,c689bea0-0420-476c-9d2a-15ba4f57523e,54.68919,-124.61429,13.19062,5.31202,-1.21284,-12.82322,1.61435,-4.71844,7.85129,,,,,,,,,,,,,,,,,,,,,,,,,,,,,,,,,,,,,,,,,,,,,,,,,,,High,High,High,,,,,
196,2024-03-17,14:40:17.87,1,5,"Vardavas, Nick",1000241952,Left,MIA_RED,"Verburg, Spencer",1000240504,Right,CEN_MIC,Undefined,6,Top,0,1,2,Fastball,Changeup,BallCalled,Undefined,Undefined,Undefined,0,0,,86.00688,1.791496,2.429595,2125.305894,125.446882,10:15,5.46679,-1.59563,5.76618,-25.61797,13.47347,-16.72288,5.00128,-0.72673,76.2108,-3.074034,-0.560623,0.45,,,,,,,,,,,,9.21249,6.635,1.40396,50,5.60014,-4.52911,-124.35126,3.09724,14.01795,31.49153,-22.07809,MIA_RED,CEN_MIC,McKieFieldStad,D1,MAC,20240317-McKieFieldStad-1,cd88cb80-e48d-11ee-aea4-b7dfdbffd9f3,83.76101,,,9.79608,,,,,,,b24ae197-db0c-49a0-b090-a6c9874b4f44,2024-03-17,18:40:17.87,2024-03-17T14:40:17.8776940-04:00,2024-03-17T18:40:17.8776940Z,,v3,471355,471268,17 March 2024 13:00-cmichigan@miamioh,"Novak, David",1000076952,Right,MIA_RED,cf117059-b23b-4ee1-9523-0e947e559e98,54.72376,-125.54184,15.74577,5.46727,3.93194,-11.03905,1.58521,-5.05908,7.00898,,,,,,,,,,,,,,,,,,,,,,,,,,,,,,,,,,,,,,,,,,,,,,,,,,,High,High,High,,,,,
197,2024-03-17,14:40:34.64,1,6,"Vardavas, Nick",1000241952,Left,MIA_RED,"Verburg, Spencer",1000240504,Right,CEN_MIC,Undefined,6,Top,0,2,2,ChangeUp,Changeup,StrikeSwinging,Strikeout,Undefined,Undefined,0,0,,76.77833,0.324276,2.67028,1507.400886,99.732066,9:15,5.34146,-1.79379,5.37956,-44.42664,3.8604,-13.73009,1.94355,-0.43301,70.58816,-7.78774,0.229283,0.500134,,,,,,,,,,,,7.6367,2.29996,1.56479,50,5.33907,-4.66671,-111.40065,-0.82817,9.61046,19.74278,-29.27965,MIA_RED,CEN_MIC,McKieFieldStad,D1,MAC,20240317-McKieFieldStad-1,d7a2dac0-e48d-11ee-aea4-b7dfdbffd9f3,75.36462,,,6.19017,,,,,,,b24ae197-db0c-49a0-b090-a6c9874b4f44,2024-03-17,18:40:34.64,2024-03-17T14:40:34.6490000-04:00,2024-03-17T18:40:34.6490000Z,,v3,471355,471268,17 March 2024 13:00-cmichigan@miamioh,"Novak, David",1000076952,Right,MIA_RED,2347741b-25c1-4322-9261-ae1aa537bc00,55.11912,-112.30422,9.87139,5.34631,0.51187,-14.63983,1.78844,-5.10655,4.80523,,,,,,,,,,,,,,,,,,,,,,,,,,,,,55.71293,2.424642,1.088461,1.336182,-0.57948,1.66472,0.42661,-4.69458,6.49738,0.39746,63.89971,10.88685,-60.87605,-4.56705,55.66914,-3.28315,6.68255,22.17719,-14.1902,0.1577,-52.11889,4.76179,High,High,High,,,High,High,High
198,2024-03-17,14:41:00.75,2,1,"Vardavas, Nick",1000241952,Left,MIA_RED,"Loikits, Andrew",10048866,Right,CEN_MIC,Undefined,6,Top,1,0,0,Fastball,Changeup,BallCalled,Undefined,Undefined,Undefined,0,0,,83.88819,1.466777,0.19085,2024.525321,102.880321,9:30,5.32048,-1.79525,5.62397,-35.26116,4.87492,-15.81245,3.75107,-2.93486,76.62995,-5.040886,-2.632868,0.455973,33.16501,-15.997794,171.513969,,,,,12.07074,12.07074,162.966494,0.181045,7.99374,2.47658,1.78896,50,5.42312,0.26107,-121.79496,1.90197,11.9899,24.24595,-28.45942,MIA_RED,CEN_MIC,McKieFieldStad,D1,MAC,20240317-McKieFieldStad-1,e7192310-e48d-11ee-aea4-b7dfdbffd9f3,82.66379,2.90717,,7.25824,,,,,,,b24ae197-db0c-49a0-b090-a6c9874b4f44,2024-03-17,18:41:00.75,2024-03-17T14:41:00.7576428-04:00,2024-03-17T18:41:00.7576428Z,GroundBall,v3,471355,471268,17 March 2024 13:00-cmichigan@miamioh,"Novak, David",1000076952,Right,MIA_RED,c8f6dcbf-17ad-4745-877b-28c3f9effac5,54.8729,-122.76118,12.12297,5.32473,3.0361,-14.22971,1.78807,-0.21674,5.99495,,-3.19537,-46.24624,0.81669,,,,,,,2.90724,-13.41093,-14.62439,,,,,,,2.16637,6.89234,3.70961,,,,,,,,,,,,,,,,,,,,,,,,,,,,,High,High,High,Low,Medium,,,
199,2024-03-17,14:41:20.15,2,2,"Vardavas, Nick",1000241952,Left,MIA_RED,"Loikits, Andrew",10048866,Right,CEN_MIC,Undefined,6,Top,1,1,0,Fastball,Changeup,FoulBallNotFieldable,Undefined,Undefined,Undefined,0,0,,84.63131,-0.552204,3.711328,2056.078725,120.11025,10:00,5.39526,-1.66992,5.8889,-31.55588,8.53126,-11.98245,2.25178,0.7824,75.62537,-6.464429,1.56534,0.455695,,,,,,,,,,,,7.44185,5.00425,1.37738,50,5.33285,-7.44956,-122.40724,-2.19092,10.99824,30.00157,-24.77833,MIA_RED,CEN_MIC,McKieFieldStad,D1,MAC,20240317-McKieFieldStad-1,f2aa41f0-e48d-11ee-aea4-b7dfdbffd9f3,82.71425,,,9.00594,,,,,,,b24ae197-db0c-49a0-b090-a6c9874b4f44,2024-03-17,18:41:20.15,2024-03-17T14:41:20.1584492-04:00,2024-03-17T18:41:20.1584492Z,,v3,471355,471268,17 March 2024 13:00-cmichigan@miamioh,"Novak, David",1000076952,Right,MIA_RED,26dd2cc6-3da8-4092-9678-e14341cbde45,54.60558,-123.53089,15.00079,5.39753,-1.26289,-12.38916,1.66411,-7.86148,5.49912,,,,,,,,,,,,,,,,,,,,,,,,,,,,,,,,,,,,,,,,,,,,,,,,,,,High,High,High,,,,,
200,2024-03-17,14:41:41.91,2,3,"Vardavas, Nick",1000241952,Left,MIA_RED,"Loikits, Andrew",10048866,Right,CEN_MIC,Undefined,6,Top,1,1,1,ChangeUp,Changeup,BallinDirt,Undefined,Undefined,Undefined,0,0,,76.43243,-1.579486,4.700419,1600.726813,98.370136,9:15,5.26911,-1.81597,5.52871,-44.70664,4.19146,-17.47064,0.06169,1.13199,70.19902,-9.732172,1.591557,0.503289,,,,,,,,,,,,10.33552,2.95252,1.41928,50,5.1012,-8.46184,-110.62062,-4.46848,12.75607,20.46471,-28.53004,MIA_RED,CEN_MIC,McKieFieldStad,D1,MAC,20240317-McKieFieldStad-1,ff9c2950-e48d-11ee-aea4-b7dfdbffd9f3,74.89225,,,6.23341,,,,,,,b24ae197-db0c-49a0-b090-a6c9874b4f44,2024-03-17,18:41:41.91,2024-03-17T14:41:41.9192684-04:00,2024-03-17T18:41:41.9192684Z,,v3,471355,471268,17 March 2024 13:00-cmichigan@miamioh,"Novak, David",1000076952,Right,MIA_RED,9f7671e3-9ac8-4430-ad25-66496014be29,54.97189,-111.53663,10.23236,5.27263,-3.19147,-14.26502,1.81082,-9.0328,6.37803,,,,,,,,,,,,,,,,,,,,,,,,,,,,,,,,,,,,,,,,,,,,,,,,,,,High,High,High,,,,,
201,2024-03-17,14:42:01.22,2,4,"Vardavas, Nick",1000241952,Left,MIA_RED,"Loikits, Andrew",10048866,Right,CEN_MIC,Undefined,6,Top,1,2,1,Fastball,Changeup,InPlay,Undefined,GroundBall,Out,1,0,,83.94726,0.138824,1.94381,2005.751264,131.844718,10:30,5.34838,-1.69552,5.75138,-25.86497,14.77674,-14.78769,3.32228,-1.11761,75.23142,-4.750847,-0.702224,0.458836,65.89998,-50.015498,-53.300173,,,,,3.85661,3.85661,-15.544646,0.045306,8.19871,7.90705,1.54341,50,5.34453,-3.52226,-121.63661,-0.49307,12.02481,28.53973,-20.577,MIA_RED,CEN_MIC,McKieFieldStad,D1,MAC,20240317-McKieFieldStad-1,0b183990-e48e-11ee-aea4-b7dfdbffd9f3,82.14798,3.37407,,8.71585,,,,2.02449,3.37407,1.2352,b24ae197-db0c-49a0-b090-a6c9874b4f44,2024-03-17,18:42:01.22,2024-03-17T14:42:01.2291436-04:00,2024-03-17T18:42:01.2291436Z,GroundBall,v3,471355,471268,17 March 2024 13:00-cmichigan@miamioh,"Novak, David",1000076952,Right,MIA_RED,51fc8080-444b-41e0-bdbe-667ec1cb9840,54.74381,-122.74461,14.26987,5.34816,0.30579,-10.2885,1.68922,-3.9891,6.01241,180,2.02297,37.32517,,,,,,,,3.3771,-74.47316,,,,,,,,1.23724,-50.07587,,,,,,,,,,,,,,,,,,,,,,,,,,,,,,High,High,High,High,High,,,
202,2024-03-17,14:42:38.60,3,1,"Vardavas, Nick",1000241952,Left,MIA_RED,"Brill, Jake",1000240505,Right,CEN_MIC,Undefined,6,Top,2,0,0,Fastball,Changeup,FoulBallNotFieldable,Undefined,Undefined,Undefined,0,0,,84.83053,-0.249924,3.562028,2088.925412,124.780037,10:15,5.33916,-1.61428,5.86356,-24.71757,14.79217,-19.2193,3.04674,0.09736,76.35109,-4.923715,0.121519,0.452401,67.54473,40.815928,164.29717,3627.680392,,,,,53.53813,,,11.00371,8.05363,1.33676,50,5.30473,-6.86918,-122.86811,-1.28213,16.55936,27.87991,-20.05421,MIA_RED,CEN_MIC,McKieFieldStad,D1,MAC,20240317-McKieFieldStad-1,216525f0-e48e-11ee-aea4-b7dfdbffd9f3,83.31648,39.3373,,8.47945,,,,1.8874,3.15439,-0.07093,b24ae197-db0c-49a0-b090-a6c9874b4f44,2024-03-17,18:42:38.60,2024-03-17T14:42:38.6033004-04:00,2024-03-17T18:42:38.6033004Z,,v3,471355,471268,17 March 2024 13:00-cmichigan@miamioh,"Novak, David",1000076952,Right,MIA_RED,127770eb-c9f8-4df8-8523-339b06662be4,54.63333,-123.915,13.93996,5.33873,-0.5291,-10.02711,1.60637,-7.49098,8.27968,138.047237,1.88739,-72.17597,30.63455,-4.25753,1.02699,-0.47638,0.25928,-0.08654,0.01201,3.15441,64.75054,-36.53632,8.34797,-2.48431,1.22125,-0.66162,0.22676,-0.03265,-0.07094,20.29234,-2.30677,-1.22288,0.49646,-0.29639,0.1786,-0.06443,0.00956,,,,,,,,,,,,,,,,,,,,,,,High,High,High,High,Low,,,
203,2024-03-17,14:42:58.21,3,2,"Vardavas, Nick",1000241952,Left,MIA_RED,"Brill, Jake",1000240505,Right,CEN_MIC,Undefined,6,Top,2,0,1,Fastball,Changeup,FoulBallNotFieldable,Undefined,Undefined,Undefined,0,0,,85.00386,0.451082,3.393661,1961.980737,136.545861,10:30,5.3279,-1.61276,5.89643,-20.17548,19.18383,-16.80233,4.06614,0.14136,76.25526,-3.421429,0.384777,0.451539,,,,,,,,,,,,9.46863,10.00347,1.3478,50,5.35253,-6.55983,-123.0288,0.43148,14.29273,27.85619,-17.07401,MIA_RED,CEN_MIC,McKieFieldStad,D1,MAC,20240317-McKieFieldStad-1,2d2013f0-e48e-11ee-aea4-b7dfdbffd9f3,83.4755,,,8.7486,,,,,,,b24ae197-db0c-49a0-b090-a6c9874b4f44,2024-03-17,18:42:58.21,2024-03-17T14:42:58.2179180-04:00,2024-03-17T18:42:58.2179180Z,,v3,471355,471268,17 March 2024 13:00-cmichigan@miamioh,"Novak, David",1000076952,Right,MIA_RED,5166a75b-d5d3-4c65-b3d4-b7d4bd334248,54.59418,-124.06465,13.9281,5.32468,1.06639,-8.537,1.60161,-7.09132,7.14637,,,,,,,,,,,,,,,,,,,,,,,,,,,,,,,,,,,,,,,,,,,,,,,,,,,High,High,High,,,,,
204,2024-03-17,14:43:23.36,3,3,"Vardavas, Nick",1000241952,Left,MIA_RED,"Brill, Jake",1000240505,Right,CEN_MIC,Undefined,6,Top,2,0,2,Fastball,Changeup,BallCalled,Undefined,Undefined,Undefined,0,0,,85.87554,1.323979,1.214892,2172.82852,121.738014,10:00,5.25855,-1.77312,5.54689,-28.76836,9.74642,-13.73887,4.09893,-1.78256,78.09922,-4.020642,-1.23433,0.446668,,,,,,,,,,,,7.24898,4.92181,1.67711,50,5.35437,-2.04738,-124.59942,1.89476,11.35434,25.88783,-24.46485,MIA_RED,CEN_MIC,McKieFieldStad,D1,MAC,20240317-McKieFieldStad-1,3c1e9430-e48e-11ee-aea4-b7dfdbffd9f3,84.38577,,,7.77633,,,,,,,b24ae197-db0c-49a0-b090-a6c9874b4f44,2024-03-17,18:43:23.36,2024-03-17T14:43:23.3692524-04:00,2024-03-17T18:43:23.3692524Z,,v3,471355,471268,17 March 2024 13:00-cmichigan@miamioh,"Novak, David",1000076952,Right,MIA_RED,12c84c62-91f5-4958-857b-0993955fc8f8,54.94926,-125.62351,12.94391,5.26028,2.86256,-12.23242,1.76698,-2.49654,5.67717,,,,,,,,,,,,,,,,,,,,,,,,,,,,,,,,,,,,,,,,,,,,,,,,,,,High,High,High,,,,,
205,2024-03-17,14:43:41.38,3,4,"Vardavas, Nick",1000241952,Left,MIA_RED,"Brill, Jake",1000240505,Right,CEN_MIC,Undefined,6,Top,2,1,2,Curveball,Curveball,BallCalled,Undefined,Undefined,Undefined,0,0,,72.80193,2.763244,-0.662624,2067.195512,320.687663,4:45,5.25967,-1.84831,5.11266,-67.44984,-12.04654,11.5419,2.2442,-1.51074,65.75712,-9.468674,1.38268,0.535722,,,,,,,,,,,,-5.90107,-6.19067,1.90144,50,5.46788,0.7654,-105.38903,2.79354,-6.49671,21.43632,-38.98961,MIA_RED,CEN_MIC,McKieFieldStad,D1,MAC,20240317-McKieFieldStad-1,46fb7e40-e48e-11ee-aea4-b7dfdbffd9f3,70.35825,,,7.04481,,,,,,,b24ae197-db0c-49a0-b090-a6c9874b4f44,2024-03-17,18:43:41.38,2024-03-17T14:43:41.3805932-04:00,2024-03-17T18:43:41.3805932Z,,v3,471355,471268,17 March 2024 13:00-cmichigan@miamioh,"Novak, David",1000076952,Right,MIA_RED,31d8a7a3-fbb8-49b1-920e-58acf1e78e57,55.38592,-106.4789,10.71816,5.27546,4.77586,-19.49481,1.85412,1.09571,-3.24836,,,,,,,,,,,,,,,,,,,,,,,,,,,,,,,,,,,,,,,,,,,,,,,,,,,High,High,High,,,,,
206,2024-03-17,14:44:00.89,3,5,"Vardavas, Nick",1000241952,Left,MIA_RED,"Brill, Jake",1000240505,Right,CEN_MIC,Undefined,6,Top,2,2,2,Cutter,Slider,FoulBallNotFieldable,Undefined,Undefined,Undefined,0,0,,79.54358,-0.34606,1.965174,2329.163514,148.789827,11:00,5.13354,-1.87189,5.11488,-39.05876,6.26937,-2.95988,1.55245,-0.26658,73.25714,-7.450143,1.441378,0.484569,,,,,,,,,,,,2.0189,3.58284,1.68939,50,5.07044,-3.8424,-115.43902,-2.05404,2.73273,20.86807,-27.32438,MIA_RED,CEN_MIC,McKieFieldStad,D1,MAC,20240317-McKieFieldStad-1,5284d4f0-e48e-11ee-aea4-b7dfdbffd9f3,77.78555,,,6.28644,,,,,,,b24ae197-db0c-49a0-b090-a6c9874b4f44,2024-03-17,18:44:00.89,2024-03-17T14:44:00.8917868-04:00,2024-03-17T18:44:00.8917868Z,,v3,471355,471268,17 March 2024 13:00-cmichigan@miamioh,"Novak, David",1000076952,Right,MIA_RED,9e913293-c774-4d7e-a428-f60703dd52d3,55.38427,-116.40827,10.43404,5.13636,-0.78491,-13.66219,1.87081,-3.96933,1.36636,,,,,,,,,,,,,,,,,,,,,,,,,,,,,,,,,,,,,,,,,,,,,,,,,,,High,High,High,,,,,
207,2024-03-17,14:44:25.38,3,6,"Vardavas, Nick",1000241952,Left,MIA_RED,"Brill, Jake",1000240505,Right,CEN_MIC,Undefined,6,Top,2,2,2,Fastball,Changeup,FoulBallNotFieldable,Undefined,Undefined,Undefined,0,0,,85.76712,0.327346,2.984752,2128.268215,120.751782,10:00,5.30874,-1.68866,5.83468,-30.20954,8.22823,-11.61359,3.09595,0.12027,77.72309,-5.304091,0.905514,0.446222,,,,,,,,,,,,6.86004,4.47996,1.45211,50,5.31777,-6.00863,-124.35008,-0.2818,10.63908,27.1514,-25.22619,MIA_RED,CEN_MIC,McKieFieldStad,D1,MAC,20240317-McKieFieldStad-1,612aade0-e48e-11ee-aea4-b7dfdbffd9f3,84.47024,,,8.04403,,,,,,,b24ae197-db0c-49a0-b090-a6c9874b4f44,2024-03-17,18:44:25.38,2024-03-17T14:44:25.3839212-04:00,2024-03-17T18:44:25.3839212Z,,v3,471355,471268,17 March 2024 13:00-cmichigan@miamioh,"Novak, David",1000076952,Right,MIA_RED,395830e4-cddd-4edc-858d-6ea3023230c3,54.66244,-125.36398,13.5757,5.31071,0.66021,-12.61309,1.6839,-6.40592,5.31954,,,,,,,,,,,,,,,,,,,,,,,,,,,,,,,,,,,,,,,,,,,,,,,,,,,High,High,High,,,,,
208,2024-03-17,14:44:49.16,3,7,"Vardavas, Nick",1000241952,Left,MIA_RED,"Brill, Jake",1000240505,Right,CEN_MIC,Undefined,6,Top,2,2,2,Curveball,Curveball,BallCalled,Undefined,Undefined,Undefined,0,0,,74.56093,1.242673,1.930953,2315.934631,329.540258,5:00,5.35345,-1.49701,5.13357,-63.137,-10.05949,7.11528,1.2631,0.91499,67.20329,-10.202683,3.192036,0.524356,,,,,,,,,,,,-2.86831,-4.98138,1.31003,50,5.42093,-3.91254,-107.90686,0.2049,-3.28668,23.70324,-37.88198,MIA_RED,CEN_MIC,McKieFieldStad,D1,MAC,20240317-McKieFieldStad-1,6f413f20-e48e-11ee-aea4-b7dfdbffd9f3,71.88323,,,7.35763,,,,,,,b24ae197-db0c-49a0-b090-a6c9874b4f44,2024-03-17,18:44:49.16,2024-03-17T14:44:49.1667308-04:00,2024-03-17T18:44:49.1667308Z,,v3,471355,471268,17 March 2024 13:00-cmichigan@miamioh,"Novak, David",1000076952,Right,MIA_RED,fb5b6fcf-dbeb-4121-85dd-35a8a2e54592,55.36493,-109.07897,11.85162,5.36449,2.07815,-18.94099,1.49948,-3.75001,-1.64334,,,,,,,,,,,,,,,,,,,,,,,,,,,,,,,,,,,,,,,,,,,,,,,,,,,High,High,High,,,,,
209,2024-03-17,14:45:09.85,3,8,"Vardavas, Nick",1000241952,Left,MIA_RED,"Brill, Jake",1000240505,Right,CEN_MIC,Undefined,6,Top,2,3,2,Cutter,Slider,BallinDirt,Walk,Undefined,Undefined,0,0,,79.74299,-1.695013,2.731494,2354.297708,154.899901,11:15,5.07741,-1.84022,5.31845,-36.52301,9.14016,-3.5011,0.44084,0.4334,72.28143,-8.402389,2.109904,0.486356,,,,,,,,,,,,2.65571,5.58528,1.59543,50,4.89766,-5.36607,-115.40677,-4.62952,3.5247,24.66242,-24.76111,MIA_RED,CEN_MIC,McKieFieldStad,D1,MAC,20240317-McKieFieldStad-1,7bb78de0-e48e-11ee-aea4-b7dfdbffd9f3,77.49965,,,7.46156,,,,,,,b24ae197-db0c-49a0-b090-a6c9874b4f44,2024-03-17,18:45:09.85,2024-03-17T14:45:09.8582892-04:00,2024-03-17T18:45:09.8582892Z,,v3,471355,471268,17 March 2024 13:00-cmichigan@miamioh,"Novak, David",1000076952,Right,MIA_RED,f456a161-507b-4074-834e-b7769fc73948,55.17789,-116.50803,12.33121,5.0797,-3.52385,-12.38056,1.83855,-5.52346,1.76235,,,,,,,,,,,,,,,,,,,,,,,,,,,,,,,,,,,,,,,,,,,,,,,,,,,High,High,High,,,,,
210,2024-03-17,14:46:36.56,4,1,"Vardavas, Nick",1000241952,Left,MIA_RED,"Stuart, Ely",1000082214,Right,CEN_MIC,Undefined,6,Top,2,0,0,Fastball,Changeup,BallCalled,Undefined,Undefined,Undefined,0,0,,84.10611,1.64441,1.905004,2158.651528,107.276946,9:30,5.32701,-1.71969,5.79545,-35.30246,4.72547,-10.79611,3.91595,-0.84678,76.12641,-4.911769,-0.028003,0.455358,,,,,,,,,,,,6.02674,2.35284,1.56927,50,5.44157,-3.60422,-121.94802,2.31513,8.9899,26.09404,-28.6644,MIA_RED,CEN_MIC,McKieFieldStad,D1,MAC,20240317-McKieFieldStad-1,af5ab370-e48e-11ee-aea4-b7dfdbffd9f3,82.77539,,,7.9797,,,,,,,b24ae197-db0c-49a0-b090-a6c9874b4f44,2024-03-17,18:46:36.56,2024-03-17T14:46:36.5634924-04:00,2024-03-17T18:46:36.5634924Z,,v3,471355,471268,17 March 2024 13:00-cmichigan@miamioh,"Novak, David",1000076952,Right,MIA_RED,90e11068-c7b6-4726-aae7-ba411255bf46,54.69961,-122.94951,13.04702,5.33161,3.41527,-14.3322,1.71422,-3.94925,4.49495,,,,,,,,,,,,,,,,,,,,,,,,,,,,,,,,,,,,,,,,,,,,,,,,,,,High,High,High,,,,,
211,2024-03-17,14:47:12.33,4,2,"Vardavas, Nick",1000241952,Left,MIA_RED,"Stuart, Ely",1000082214,Right,CEN_MIC,Undefined,6,Top,2,1,0,Fastball,Changeup,InPlay,Undefined,FlyBall,Double,0,1,,83.81996,-0.537882,2.917931,2140.562823,122.287629,10:00,5.31711,-1.6277,5.7683,-32.47431,8.25595,-10.65831,2.10969,0.20195,75.42845,-6.589998,1.010993,0.459335,88.88473,23.068364,-17.014209,1870.340596,105.70966,38.86769,-30.42111,307.8332,307.8332,-14.67624,3.678089,6.42044,4.81142,1.39285,50,5.25316,-5.75486,-121.39203,-2.19571,9.39475,28.05735,-25.13367,MIA_RED,CEN_MIC,McKieFieldStad,D1,MAC,20240317-McKieFieldStad-1,c4982ba0-e48e-11ee-aea4-b7dfdbffd9f3,82.05864,46.16609,,8.39151,,,,2.20305,2.24272,-0.21104,b24ae197-db0c-49a0-b090-a6c9874b4f44,2024-03-17,18:47:12.33,2024-03-17T14:47:12.3393388-04:00,2024-03-17T18:47:12.3393388Z,LineDrive,v3,471355,471268,17 March 2024 13:00-cmichigan@miamioh,"Novak, David",1000076952,Right,MIA_RED,27a196b0-0ec6-4b66-ad9e-d5488d47fb60,54.72744,-122.47981,14.02867,5.3194,-1.22128,-12.56684,1.62302,-6.11909,4.69738,191.379564,2.20282,114.69783,-17.8745,4.13041,-0.81556,0.13199,-0.01439,0.00044,6E-05,2.24304,51.06927,-15.79253,0.69253,-0.15639,0.0738,-0.02745,0.00568,-0.00047,-0.21097,-35.09745,7.11335,-1.58782,0.30741,-0.04985,0.00553,-0.00015,-3E-05,,,,,,,,,,,,,,,,,,,,,,,High,High,High,High,High,,,
212,2024-03-17,14:51:03.40,5,1,"Byers, Carson ",1000133996,Left,MIA_RED,"Webb, Bryson",10096965,Right,CEN_MIC,Undefined,6,Top,2,0,0,Fastball,Four-Seam,BallCalled,Undefined,Undefined,Undefined,0,0,,88.13464,-1.148914,0.996847,2190.228585,144.194438,10:45,4.84321,-1.1259,5.58159,-16.8293,20.57324,-13.74859,2.36751,-1.34058,78.3375,-4.407666,-1.456372,0.440171,,,,,,,,,,,,7.22134,11.1854,1.04905,50,4.73394,-1.59038,-127.53042,-3.01751,11.55861,33.09256,-14.27048,MIA_RED,CEN_MIC,McKieFieldStad,D1,MAC,20240317-McKieFieldStad-1,4e7c76a0-e48f-11ee-aea4-b7dfdbffd9f3,85.63126,,,9.79714,,,,,,,b24ae197-db0c-49a0-b090-a6c9874b4f44,2024-03-17,18:51:03.40,2024-03-17T14:51:03.4076524-04:00,2024-03-17T18:51:03.4076524Z,,v3,471355,471268,17 March 2024 13:00-cmichigan@miamioh,"Novak, David",1000076952,Right,MIA_RED,a06560c7-e232-4791-b8a7-399ec8636742,54.90935,-128.79804,16.54628,4.83906,-2.47088,-7.13524,1.11845,-2.03313,5.7793,,,,,,,,,,,,,,,,,,,,,,,,,,,,,,,,,,,,,,,,,,,,,,,,,,,High,High,High,,,,,
213,2024-03-17,14:51:19.41,5,2,"Byers, Carson ",1000133996,Left,MIA_RED,"Webb, Bryson",10096965,Right,CEN_MIC,Undefined,6,Top,2,1,0,Fastball,Sinker,BallCalled,Undefined,Undefined,Undefined,0,0,,87.24545,0.294925,1.963427,2064.855762,140.23811,10:45,4.9083,-1.43675,5.75393,-19.04485,18.63308,-14.30898,3.59593,-0.80075,77.9451,-3.365645,-0.596338,0.441789,,,,,,,,,,,,7.87245,9.75252,1.28234,50,4.92147,-3.70214,-126.35705,0.11162,12.45421,30.90429,-16.74558,MIA_RED,CEN_MIC,McKieFieldStad,D1,MAC,20240317-McKieFieldStad-1,5801e700-e48f-11ee-aea4-b7dfdbffd9f3,85.31771,,,9.30035,,,,,,,b24ae197-db0c-49a0-b090-a6c9874b4f44,2024-03-17,18:51:19.41,2024-03-17T14:51:19.4136428-04:00,2024-03-17T18:51:19.4136428Z,,v3,471355,471268,17 March 2024 13:00-cmichigan@miamioh,"Novak, David",1000076952,Right,MIA_RED,344670c0-2f6e-4c0d-acfe-2c2c5ffbd717,54.73867,-127.51077,15.45215,4.90563,0.73676,-8.37279,1.42922,-4.16708,6.2271,,,,,,,,,,,,,,,,,,,,,,,,,,,,,,,,,,,,,,,,,,,,,,,,,,,High,High,High,,,,,
214,2024-03-17,14:51:36.36,5,3,"Byers, Carson ",1000133996,Left,MIA_RED,"Webb, Bryson",10096965,Right,CEN_MIC,Undefined,6,Top,2,2,0,Cutter,Changeup,BallCalled,Undefined,Undefined,Undefined,0,0,,81.25184,-0.920185,2.632016,2403.102826,145.768167,10:45,4.74458,-1.64535,5.30006,-33.44246,10.99028,-6.27811,1.09286,0.30413,72.69792,-7.123333,1.518263,0.479759,,,,,,,,,,,,4.07449,6.31855,1.41083,50,4.63721,-5.13655,-117.47234,-3.00179,5.54674,27.60039,-23.5724,MIA_RED,CEN_MIC,McKieFieldStad,D1,MAC,20240317-McKieFieldStad-1,62145520-e48f-11ee-aea4-b7dfdbffd9f3,78.5654,,,8.55392,,,,,,,b24ae197-db0c-49a0-b090-a6c9874b4f44,2024-03-17,18:51:36.36,2024-03-17T14:51:36.3640684-04:00,2024-03-17T18:51:36.3640684Z,,v3,471355,471268,17 March 2024 13:00-cmichigan@miamioh,"Novak, David",1000076952,Right,MIA_RED,d214cca0-4332-4954-93ff-17f55b524349,55.19335,-118.68625,13.8002,4.74644,-1.96503,-11.7862,1.64211,-5.38051,2.77337,,,,,,,,,,,,,,,,,,,,,,,,,,,,,,,,,,,,,,,,,,,,,,,,,,,High,High,High,,,,,
215,2024-03-17,14:51:54.38,5,4,"Byers, Carson ",1000133996,Left,MIA_RED,"Webb, Bryson",10096965,Right,CEN_MIC,Undefined,6,Top,2,3,0,Fastball,Sinker,StrikeCalled,Undefined,Undefined,Undefined,0,0,,87.26511,-0.302577,2.509689,2141.199015,138.196783,10:30,4.93575,-1.25809,5.67342,-16.54336,21.11647,-17.62651,3.27478,-0.38575,78.22349,-3.502507,-0.637653,0.441683,,,,,,,,,,,,9.66906,11.16327,1.05717,50,4.90006,-4.75728,-126.3838,-1.10874,15.36385,29.98399,-14.43594,MIA_RED,CEN_MIC,McKieFieldStad,D1,MAC,20240317-McKieFieldStad-1,6ce11290-e48f-11ee-aea4-b7dfdbffd9f3,85.33827,,,9.04162,,,,,,,b24ae197-db0c-49a0-b090-a6c9874b4f44,2024-03-17,18:51:54.38,2024-03-17T14:51:54.3823212-04:00,2024-03-17T18:51:54.3823212Z,,v3,471355,471268,17 March 2024 13:00-cmichigan@miamioh,"Novak, David",1000076952,Right,MIA_RED,3d9a48a4-5258-49c2-82c0-f15e08cfecaf,54.82012,-127.52223,14.99199,4.93175,-0.56064,-7.21797,1.24886,-5.34061,7.68192,,,,,,,,,,,,,,,,,,,,,,,,,,,,,,,,,,,,,,,,,,,,,,,,,,,High,High,High,,,,,
216,2024-03-17,14:52:11.54,5,5,"Byers, Carson ",1000133996,Left,MIA_RED,"Webb, Bryson",10096965,Right,CEN_MIC,Undefined,6,Top,2,3,1,Fastball,Sinker,StrikeCalled,Undefined,Undefined,Undefined,0,0,,86.58258,-1.505141,3.033084,2033.724206,139.400886,10:45,4.89032,-1.39859,5.80689,-18.16879,20.08729,-15.94135,1.97427,0.09621,77.44202,-5.007242,0.180836,0.445166,,,,,,,,,,,,9.07878,11.13729,1.15885,50,4.7561,-5.94776,-125.27718,-3.78629,14.1193,30.35976,-14.85338,MIA_RED,CEN_MIC,McKieFieldStad,D1,MAC,20240317-McKieFieldStad-1,76f3ced0-e48f-11ee-aea4-b7dfdbffd9f3,84.67057,,,9.14055,,,,,,,b24ae197-db0c-49a0-b090-a6c9874b4f44,2024-03-17,18:52:11.54,2024-03-17T14:52:11.5455852-04:00,2024-03-17T18:52:11.5455852Z,,v3,471355,471268,17 March 2024 13:00-cmichigan@miamioh,"Novak, David",1000076952,Right,MIA_RED,01826315-5401-4dee-be8c-94a022f687cb,54.68614,-126.40772,15.17988,4.88679,-3.23318,-7.42669,1.39012,-6.47354,7.05965,,,,,,,,,,,,,,,,,,,,,,,,,,,,,,,,,,,,,,,,,,,,,,,,,,,High,High,High,,,,,
217,2024-03-17,14:52:30.33,5,6,"Byers, Carson ",1000133996,Left,MIA_RED,"Webb, Bryson",10096965,Right,CEN_MIC,Undefined,6,Top,2,3,2,Cutter,Slider,InPlay,Undefined,Popup,Out,1,0,,81.88503,1.07409,1.276876,2427.209914,262.31121,2:45,4.80814,-1.6066,5.38652,-40.28884,2.96646,10.22209,2.45783,0.44223,73.7209,-6.343239,3.093886,0.473359,24.11896,-26.854393,-79.187809,,,,,6.37475,6.37468,-57.530129,0.156135,-4.72638,1.55453,1.48493,50,4.87595,-3.0666,-118.62412,0.82709,-6.5999,26.92491,-30.0033,MIA_RED,CEN_MIC,McKieFieldStad,D1,MAC,20240317-McKieFieldStad-1,821f4e10-e48f-11ee-aea4-b7dfdbffd9f3,79.62752,2.57346,,8.16413,,,,2.46885,2.57346,-0.38569,b24ae197-db0c-49a0-b090-a6c9874b4f44,2024-03-17,18:52:30.33,2024-03-17T14:52:30.3300972-04:00,2024-03-17T18:52:30.3300972Z,GroundBall,v3,471355,471268,17 March 2024 13:00-cmichigan@miamioh,"Novak, David",1000076952,Right,MIA_RED,969c914c-68fa-467d-8f00-c394334a46bb,55.10978,-119.77831,13.46246,4.81293,2.11323,-15.00165,1.61032,-2.78368,-3.29995,,2.46416,6.10672,,,,,,,,2.58611,-16.48277,,,,,,,,-0.36116,-31.97559,,,,,,,,,,,,,,,,,,,,,,,,,,,,,,High,High,High,Estimated,Estimated,,,
218,2024-03-17,14:55:25.81,1,1,"Hanson, Jared",10065903,Right,CEN_MIC,"Gordon, Tyler",1000297119,Left,MIA_RED,Undefined,6,Bottom,0,0,0,Fastball,Changeup,StrikeCalled,Undefined,Undefined,Undefined,0,0,,87.30944,0.28362,-1.643355,1797.967626,231.027024,1:45,5.46101,1.6296,6.10795,-27.75352,9.02918,9.55989,3.41058,0.90624,78.84992,-4.936586,0.079285,0.436509,,,,,,,,,,,,-5.40776,4.96201,-1.5081,50,5.4685,3.23626,-126.6768,-0.25274,-8.67211,29.04095,-24.2168,MIA_RED,CEN_MIC,McKieFieldStad,D1,MAC,20240317-McKieFieldStad-1,eadc0c90-e48f-11ee-aea4-b7dfdbffd9f3,86.34974,,,8.45952,,,,,,,b24ae197-db0c-49a0-b090-a6c9874b4f44,2024-03-17,18:55:25.81,2024-03-17T14:55:25.8103660-04:00,2024-03-17T18:55:25.8103660Z,,v3,471355,471268,17 March 2024 13:00-cmichigan@miamioh,"Verburg, Spencer",1000240504,Right,CEN_MIC,e8aaf459-8722-4b92-aa08-c8257be5d160,54.38653,-127.67846,14.52048,5.46281,0.58253,-12.1084,-1.62488,3.53537,-4.33605,,,,,,,,,,,,,,,,,,,,,,,,,,,,,,,,,,,,,,,,,,,,,,,,,,,High,High,High,,,,,
219,2024-03-17,14:55:40.20,1,2,"Hanson, Jared",10065903,Right,CEN_MIC,"Gordon, Tyler",1000297119,Left,MIA_RED,Undefined,6,Bottom,0,0,1,Fastball,Sinker,StrikeCalled,Undefined,Undefined,Undefined,0,0,,86.61676,-1.68135,-1.67503,1965.455503,223.07058,1:30,5.48322,1.63003,6.09949,-23.33033,14.42599,12.12607,1.98293,1.09096,77.6618,-6.116678,0.510544,0.442248,,,,,,,,,,,,-6.77079,8.4252,-1.50712,50,5.34175,3.16493,-125.49455,-4.36583,-10.5559,30.69688,-19.03884,MIA_RED,CEN_MIC,McKieFieldStad,D1,MAC,20240317-McKieFieldStad-1,f3774400-e48f-11ee-aea4-b7dfdbffd9f3,85.2291,,,8.95496,,,,,,,b24ae197-db0c-49a0-b090-a6c9874b4f44,2024-03-17,18:55:40.20,2024-03-17T14:55:40.2003308-04:00,2024-03-17T18:55:40.2003308Z,,v3,471355,471268,17 March 2024 13:00-cmichigan@miamioh,"Verburg, Spencer",1000240504,Right,CEN_MIC,43d7affc-463e-4d0c-8086-9f6d12efd9ab,54.39349,-126.56467,15.34844,5.48238,-3.70213,-9.51942,-1.62386,3.53291,-5.27795,,,,,,,,,,,,,,,,,,,,,,,,,,,,,,,,,,,,,,,,,,,,,,,,,,,High,High,High,,,,,
220,2024-03-17,14:55:56.34,1,3,"Hanson, Jared",10065903,Right,CEN_MIC,"Gordon, Tyler",1000297119,Left,MIA_RED,Undefined,6,Bottom,0,0,2,Fastball,Changeup,BallCalled,Undefined,Undefined,Undefined,0,0,,87.28715,0.781339,-1.344664,1890.864218,217.620643,1:15,5.50961,1.69561,6.16452,-24.39769,12.46737,8.57642,4.19844,1.16801,78.42544,-3.854556,0.202044,0.436997,,,,,,,,,,,,-4.81886,6.57335,-1.59767,50,5.55653,2.61223,-126.5921,0.99881,-7.68741,29.92442,-21.68772,MIA_RED,CEN_MIC,McKieFieldStad,D1,MAC,20240317-McKieFieldStad-1,fcfcdb70-e48f-11ee-aea4-b7dfdbffd9f3,86.25323,,,8.86171,,,,,,,b24ae197-db0c-49a0-b090-a6c9874b4f44,2024-03-17,18:55:56.34,2024-03-17T14:55:56.3482476-04:00,2024-03-17T18:55:56.3482476Z,,v3,471355,471268,17 March 2024 13:00-cmichigan@miamioh,"Verburg, Spencer",1000240504,Right,CEN_MIC,78384590-5502-42fb-bb9d-ce38018cfb8d,54.32836,-127.61115,14.96221,5.50994,1.73737,-10.84386,-1.69108,2.87402,-3.84371,,,,,,,,,,,,,,,,,,,,,,,,,,,,,,,,,,,,,,,,,,,,,,,,,,,High,High,High,,,,,
221,2024-03-17,14:56:14.25,1,4,"Hanson, Jared",10065903,Right,CEN_MIC,"Gordon, Tyler",1000297119,Left,MIA_RED,Undefined,6,Bottom,0,1,2,ChangeUp,Changeup,InPlay,Undefined,LineDrive,Single,0,0,,77.65801,-0.090615,-3.342634,1681.635882,270.534679,3:00,5.34951,1.69166,6.48262,-45.584,2.06791,16.80792,1.4675,0.01978,68.07676,-8.705412,-0.291731,0.496834,66.8051,19.548154,8.599484,1750.260768,109.09429,16.87953,14.0864,170.2568,170.14259,6.94917,2.134714,-10.26725,1.70398,-1.46354,50,5.32402,5.963,-112.26784,-1.43874,-12.41064,30.31079,-30.11435,MIA_RED,CEN_MIC,McKieFieldStad,D1,MAC,20240317-McKieFieldStad-1,0798ebf0-e490-11ee-aea4-b7dfdbffd9f3,75.86519,18.01531,,9.58125,,,,3.01402,1.71349,-0.00223,b24ae197-db0c-49a0-b090-a6c9874b4f44,2024-03-17,18:56:14.25,2024-03-17T14:56:14.2505836-04:00,2024-03-17T18:56:14.2505836Z,LineDrive,v3,471355,471268,17 March 2024 13:00-cmichigan@miamioh,"Verburg, Spencer",1000240504,Right,CEN_MIC,fec105b7-8d90-41ab-bb9c-6e853a2f1740,54.01034,-113.34541,15.1554,5.35614,-0.36816,-15.05718,-1.68337,6.4042,-6.20532,142.345269,3.01402,91.29509,-9.28947,1.96017,-0.36851,0.06382,-0.01168,0.00172,-0.00012,1.71349,32.7842,-17.38899,1.05998,-0.1849,0.02911,-0.00381,0.00096,-0.00012,-0.00223,13.80626,-2.97555,0.70333,-0.14743,0.02862,-0.00521,0.00077,-6E-05,,,,,,,,,,,,,,,,,,,,,,,High,High,High,High,High,,,
222,2024-03-17,14:56:50.65,2,1,"Hanson, Jared",10065903,Right,CEN_MIC,"Batusich, Ty",1000297118,Left,MIA_RED,Undefined,6,Bottom,0,0,0,Fastball,Changeup,StrikeCalled,Undefined,Undefined,Undefined,0,0,,85.07934,0.001593,-2.111311,1769.643181,224.945583,1:30,5.35605,1.83591,6.31453,-27.06824,11.81134,10.28343,3.10184,0.74728,76.02356,-5.150909,-0.251755,0.448779,,,,,,,,,,,,-5.99209,6.57788,-1.68553,50,5.34359,4.12554,-123.28634,-0.77498,-8.99893,30.04733,-22.29533,MIA_RED,CEN_MIC,McKieFieldStad,D1,MAC,20240317-McKieFieldStad-1,1d65abd0-e490-11ee-aea4-b7dfdbffd9f3,83.98893,,,9.05577,,,,,,,b24ae197-db0c-49a0-b090-a6c9874b4f44,2024-03-17,18:56:50.65,2024-03-17T14:56:50.6577260-04:00,2024-03-17T18:56:50.6577260Z,,v3,471355,471268,17 March 2024 13:00-cmichigan@miamioh,"Verburg, Spencer",1000240504,Right,CEN_MIC,91281e8e-2fbb-4fc0-bf61-4593b8f3ef8b,54.17661,-124.3001,15.02366,5.35705,-0.02276,-11.14767,-1.82984,4.42915,-4.49947,,,,,,,,,,,,,,,,,,,,,,,,,,,,,,,,,,,,,,,,,,,,,,,,,,,High,High,High,,,,,
223,2024-03-17,14:57:08.07,2,2,"Hanson, Jared",10065903,Right,CEN_MIC,"Batusich, Ty",1000297118,Left,MIA_RED,Undefined,6,Bottom,0,0,1,Fastball,Changeup,InPlay,Undefined,FlyBall,Out,1,0,,84.87583,-0.926724,-3.208023,1661.829951,233.313634,1:45,5.2932,1.67763,6.15058,-28.66226,11.1391,12.68662,2.04702,-0.2323,75.1559,-6.368788,-0.92272,0.454068,85.33683,46.296885,-10.832458,4886.25749,,,,,67.11112,,,-7.77559,6.57591,-1.43983,50,5.20833,6.3702,-122.74981,-2.83815,-11.43641,32.43901,-22.50213,MIA_RED,CEN_MIC,McKieFieldStad,D1,MAC,20240317-McKieFieldStad-1,27d5f160-e490-11ee-aea4-b7dfdbffd9f3,83.01064,64.78647,,9.71993,,,,1.82211,2.0773,0.23544,b24ae197-db0c-49a0-b090-a6c9874b4f44,2024-03-17,18:57:08.07,2024-03-17T14:57:08.0778604-04:00,2024-03-17T18:57:08.0778604Z,,v3,471355,471268,17 March 2024 13:00-cmichigan@miamioh,"Verburg, Spencer",1000240504,Right,CEN_MIC,7d82b683-e3bb-4dfd-83fc-6d55f36c7fff,54.34228,-123.89202,16.21951,5.29432,-2.04582,-11.25107,-1.67122,6.77289,-5.71821,167.654692,1.82211,84.93517,-21.47907,6.97136,-1.83216,0.4546,-0.1087,0.02226,-0.00277,2.0773,90.48222,-25.79645,2.27912,-0.1369,-0.06882,0.03439,-0.00969,0.0014,0.23544,-16.25212,1.22658,0.04908,-0.10017,0.04209,-0.01337,0.00324,-0.00044,,,,,,,,,,,,,,,,,,,,,,,High,High,High,High,Low,,,
224,2024-03-17,14:57:45.79,3,1,"Hanson, Jared",10065903,Right,CEN_MIC,"MacDonald, Zach",1000061940,Right,MIA_RED,Undefined,6,Bottom,1,0,0,Fastball,Changeup,InPlay,Undefined,LineDrive,Out,1,0,,85.38192,-0.265132,-2.500832,1738.376106,222.976524,1:30,5.55889,1.41499,6.30792,-26.90541,11.56871,9.43174,3.0723,-0.10427,76.62248,-5.372573,-0.796102,0.446432,102.11816,23.872445,0.408238,2055.750636,109.76269,43.5142,7.21584,377.79422,372.88691,9.568486,4.140318,-5.77654,6.51288,-1.23607,50,5.52672,5.04437,-123.80202,-1.35038,-8.7719,29.68519,-22.28394,MIA_RED,CEN_MIC,McKieFieldStad,D1,MAC,20240317-McKieFieldStad-1,3e2c7ab0-e490-11ee-aea4-b7dfdbffd9f3,84.43032,58.07799,,8.75945,,,,2.07657,3.14897,0.11342,b24ae197-db0c-49a0-b090-a6c9874b4f44,2024-03-17,18:57:45.79,2024-03-17T14:57:45.7977708-04:00,2024-03-17T18:57:45.7977708Z,FlyBall,v3,471355,471268,17 March 2024 13:00-cmichigan@miamioh,"Verburg, Spencer",1000240504,Right,CEN_MIC,c209bf4d-03d7-4687-ba05-d02860d904c1,54.18783,-124.80214,14.84259,5.55957,-0.59962,-11.14197,-1.41099,5.3399,-4.38595,232.773434,2.07667,136.95864,-23.65233,5.82374,-1.41858,0.37742,-0.09706,0.01631,-0.00114,3.15013,60.5797,-18.08226,0.28745,0.63966,-0.3682,0.11171,-0.01691,0.00099,0.11376,0.96661,10.76396,-4.46487,1.45241,-0.39964,0.08599,-0.01146,0.00065,,,,,,,,,,,,,,,,,,,,,,,High,High,High,High,High,,,
225,2024-03-17,14:58:22.73,4,1,"Hanson, Jared",10065903,Right,CEN_MIC,"Zaborowski, Ryland",695301,Right,MIA_RED,Undefined,6,Bottom,2,0,0,Fastball,Changeup,StrikeCalled,Undefined,Undefined,Undefined,0,0,,85.78044,0.15613,-1.94028,1885.103124,210.793491,1:00,5.54586,1.36603,6.36705,-24.95639,13.22367,6.99729,3.60991,0.16307,76.57757,-4.618502,-0.673889,0.444723,,,,,,,,,,,,-4.27008,7.24898,-1.22857,50,5.54571,3.92703,-124.31822,-0.35673,-6.51685,30.68408,-21.11092,MIA_RED,CEN_MIC,McKieFieldStad,D1,MAC,20240317-McKieFieldStad-1,54553d40-e490-11ee-aea4-b7dfdbffd9f3,84.75484,,,9.20287,,,,,,,b24ae197-db0c-49a0-b090-a6c9874b4f44,2024-03-17,18:58:22.73,2024-03-17T14:58:22.7382124-04:00,2024-03-17T18:58:22.7382124Z,,v3,471355,471268,17 March 2024 13:00-cmichigan@miamioh,"Verburg, Spencer",1000240504,Right,CEN_MIC,41e8c277-abd9-405b-b451-6b31ddd3c89a,54.12407,-125.33199,15.34204,5.54597,0.34075,-10.55546,-1.36187,4.14234,-3.25843,,,,,,,,,,,,,,,,,,,,,,,,,,,,,,,,,,,,,,,,,,,,,,,,,,,High,High,High,,,,,
226,2024-03-17,14:58:39.59,4,2,"Hanson, Jared",10065903,Right,CEN_MIC,"Zaborowski, Ryland",695301,Right,MIA_RED,Undefined,6,Bottom,2,0,1,Fastball,Changeup,BallCalled,Undefined,Undefined,Undefined,0,0,,85.11264,-0.790825,-4.971345,1715.606552,201.600059,12:45,5.51721,1.4007,6.29561,-27.37785,11.58288,4.00465,2.50425,-2.85779,76.4505,-5.96513,-4.251619,0.449247,,,,,,,,,,,,-3.72512,6.71937,-1.03616,50,5.446,10.5367,-122.98916,-2.49874,-5.59258,28.90544,-22.08616,MIA_RED,CEN_MIC,McKieFieldStad,D1,MAC,20240317-McKieFieldStad-1,5e6699f0-e490-11ee-aea4-b7dfdbffd9f3,83.90143,,,8.66214,,,,,,,b24ae197-db0c-49a0-b090-a6c9874b4f44,2024-03-17,18:58:39.59,2024-03-17T14:58:39.5931500-04:00,2024-03-17T18:58:39.5931500Z,,v3,471355,471268,17 March 2024 13:00-cmichigan@miamioh,"Verburg, Spencer",1000240504,Right,CEN_MIC,be34bfc9-255c-49be-a1e0-1ddc0cca211e,54.19626,-123.97146,14.45272,5.51816,-1.74818,-11.04308,-1.39746,10.72676,-2.79629,,,,,,,,,,,,,,,,,,,,,,,,,,,,,,,,,,,,,,,,,,,,,,,,,,,High,High,High,,,,,
227,2024-03-17,14:59:00.85,4,3,"Hanson, Jared",10065903,Right,CEN_MIC,"Zaborowski, Ryland",695301,Right,MIA_RED,Undefined,6,Bottom,2,1,1,Fastball,Changeup,BallCalled,Undefined,Undefined,Undefined,0,0,,85.55671,-0.417819,-4.21823,1667.573062,215.693637,1:15,5.51829,1.32284,6.293,-25.78765,12.52237,7.99158,2.98326,-1.90517,77.04851,-5.305896,-2.778893,0.445479,,,,,,,,,,,,-5.47122,7.04768,-1.01555,50,5.47521,8.8126,-123.83583,-1.64779,-8.3628,28.34836,-21.40165,MIA_RED,CEN_MIC,McKieFieldStad,D1,MAC,20240317-McKieFieldStad-1,6b0901c0-e490-11ee-aea4-b7dfdbffd9f3,84.61094,,,8.5082,,,,,,,b24ae197-db0c-49a0-b090-a6c9874b4f44,2024-03-17,18:59:00.85,2024-03-17T14:59:00.8500588-04:00,2024-03-17T18:59:00.8500588Z,,v3,471355,471268,17 March 2024 13:00-cmichigan@miamioh,"Verburg, Spencer",1000240504,Right,CEN_MIC,19eceb6d-20f5-4eb3-be90-025267e37a9f,54.20028,-124.79365,14.17418,5.51867,-0.92468,-10.70083,-1.31808,9.09516,-4.1814,,,,,,,,,,,,,,,,,,,,,,,,,,,,,,,,,,,,,,,,,,,,,,,,,,,High,High,High,,,,,
228,2024-03-17,14:59:19.80,4,4,"Hanson, Jared",10065903,Right,CEN_MIC,"Zaborowski, Ryland",695301,Right,MIA_RED,Undefined,6,Bottom,2,2,1,Fastball,Changeup,StrikeSwinging,Undefined,Undefined,Undefined,0,0,,86.22106,-0.588464,-3.706271,1769.765056,204.752691,12:45,5.55656,1.51369,6.35019,-24.03749,13.76552,5.68296,3.01062,-1.42899,77.25679,-5.175499,-2.680776,0.442522,,,,,,,,,,,,-4.18248,7.77083,-1.24681,50,5.50262,7.85402,-124.80491,-1.95448,-6.45625,30.10959,-20.17865,MIA_RED,CEN_MIC,McKieFieldStad,D1,MAC,20240317-McKieFieldStad-1,76348100-e490-11ee-aea4-b7dfdbffd9f3,85.17645,,,8.96426,,,,,,,b24ae197-db0c-49a0-b090-a6c9874b4f44,2024-03-17,18:59:19.80,2024-03-17T14:59:19.8030000-04:00,2024-03-17T18:59:19.8030000Z,,v3,471355,471268,17 March 2024 13:00-cmichigan@miamioh,"Verburg, Spencer",1000240504,Right,CEN_MIC,5e87dc5a-1e44-4fda-a52d-4e74d6ebbe15,54.14177,-125.80016,15.05479,5.5562,-1.28749,-10.08932,-1.50994,8.06742,-3.22812,,,,,,,,,,,,,,,,,,,,,,,,,,,,,79.72388,,0.768205,,-1.95909,2.6943,1.58511,-3.02926,6.27533,4.18646,,,,-3.00795,91.99465,-9.23906,6.2745,-2.20775,-9.87317,4.19425,71.45968,-3.97897,High,High,High,,,High,High,High
229,2024-03-17,14:59:49.46,4,5,"Hanson, Jared",10065903,Right,CEN_MIC,"Zaborowski, Ryland",695301,Right,MIA_RED,Undefined,6,Bottom,2,2,2,Fastball,Changeup,StrikeSwinging,Strikeout,Undefined,Undefined,0,0,,85.97501,-0.605213,-3.0415,1613.679911,203.13732,12:45,5.52429,1.47491,6.17894,-27.11994,10.91347,4.07173,2.70461,-0.9971,77.49326,-5.720332,-2.308078,0.443868,,,,,,,,,,,,-3.07851,6.25465,-1.24692,50,5.46501,6.45328,-124.57098,-2.13723,-4.75824,28.84373,-22.50662,MIA_RED,CEN_MIC,McKieFieldStad,D1,MAC,20240317-McKieFieldStad-1,87f75160-e490-11ee-aea4-b7dfdbffd9f3,84.91809,,,8.48175,,,,,,,b24ae197-db0c-49a0-b090-a6c9874b4f44,2024-03-17,18:59:49.46,2024-03-17T14:59:49.4635884-04:00,2024-03-17T18:59:49.4635884Z,,v3,471355,471268,17 March 2024 13:00-cmichigan@miamioh,"Verburg, Spencer",1000240504,Right,CEN_MIC,3fecf1d5-0011-4ffb-aef7-a70244269cf0,54.31452,-125.56601,14.42186,5.52534,-1.36081,-11.25331,-1.47237,6.61743,-2.37912,,,,,,,,,,,,,,,,,,,,,,,,,,,,,,,,,,,,,,,,,,,,,,,,,,,High,High,High,,,,,
230,2024-03-17,15:01:54.41,1,1,"Byers, Carson ",1000133996,Left,MIA_RED,"Donahue, Jacob",1000099820,Right,CEN_MIC,Undefined,7,Top,0,0,0,Fastball,Sinker,StrikeCalled,Undefined,Undefined,Undefined,0,0,,87.322,-1.095473,2.917419,2081.002028,141.207415,10:45,4.87676,-1.26404,5.62173,-16.42221,22.08997,-16.39312,2.48451,0.0947,76.73646,-4.318909,-0.005589,0.446653,,,,,,,,,,,,9.27788,11.97753,1.02526,50,4.77319,-5.66848,-126.06617,-2.82044,14.36534,34.65976,-13.62875,MIA_RED,CEN_MIC,McKieFieldStad,D1,MAC,20240317-McKieFieldStad-1,d27dfe00-e490-11ee-aea4-b7dfdbffd9f3,84.38859,,,10.58554,,,,,,,b24ae197-db0c-49a0-b090-a6c9874b4f44,2024-03-17,19:01:54.41,2024-03-17T15:01:54.4104300-04:00,2024-03-17T19:01:54.4104300Z,,v3,471355,471268,17 March 2024 13:00-cmichigan@miamioh,"Novak, David",1000076952,Right,MIA_RED,3f36918d-7d84-4631-943b-cbcfc3fc5497,54.86655,-127.39712,17.32988,4.87144,-2.29709,-6.81437,1.25352,-6.22012,7.18267,,,,,,,,,,,,,,,,,,,,,,,,,,,,,,,,,,,,,,,,,,,,,,,,,,,High,High,High,,,,,
231,2024-03-17,15:02:08.76,1,2,"Byers, Carson ",1000133996,Left,MIA_RED,"Donahue, Jacob",1000099820,Right,CEN_MIC,Undefined,7,Top,0,0,1,ChangeUp,Changeup,StrikeCalled,Undefined,Undefined,Undefined,0,0,,75.64215,1.443449,4.369859,1837.585145,88.28474,9:00,4.53556,-1.70868,5.70821,-49.28459,1.37406,-21.57954,1.77754,0.5722,67.57571,-7.67937,0.520285,0.512269,,,,,,,,,,,,12.44324,0.79201,1.35551,50,4.6268,-7.52887,-109.28297,1.22951,14.64623,24.04936,-31.24183,MIA_RED,CEN_MIC,McKieFieldStad,D1,MAC,20240317-McKieFieldStad-1,db19d1b0-e490-11ee-aea4-b7dfdbffd9f3,73.57937,,,8.06643,,,,,,,b24ae197-db0c-49a0-b090-a6c9874b4f44,2024-03-17,19:02:08.76,2024-03-17T15:02:08.7641964-04:00,2024-03-17T19:02:08.7641964Z,,v3,471355,471268,17 March 2024 13:00-cmichigan@miamioh,"Novak, David",1000076952,Right,MIA_RED,e04921f6-7deb-4df0-9d99-39ea2eb4c206,54.78752,-110.3315,12.02468,4.5435,2.59164,-15.62092,1.69769,-8.16744,7.32311,,,,,,,,,,,,,,,,,,,,,,,,,,,,,,,,,,,,,,,,,,,,,,,,,,,High,High,High,,,,,
232,2024-03-17,15:02:26.02,1,3,"Byers, Carson ",1000133996,Left,MIA_RED,"Donahue, Jacob",1000099820,Right,CEN_MIC,Undefined,7,Top,0,0,2,Fastball,Four-Seam,InPlay,Undefined,Popup,Out,1,0,,88.5235,-0.34809,2.476739,2074.432489,152.610626,11:00,5.11563,-1.10301,5.58327,-14.4758,22.71505,-10.97682,3.58395,0.2966,78.36126,-3.198331,0.520653,0.438924,,,,,,,,,,,,6.45737,12.02323,0.89747,50,5.07702,-5.04578,-128.01683,-1.14108,10.38349,34.0611,-12.84052,MIA_RED,CEN_MIC,McKieFieldStad,D1,MAC,20240317-McKieFieldStad-1,e52a9220-e490-11ee-aea4-b7dfdbffd9f3,85.87465,,,10.16224,,,,,,,b24ae197-db0c-49a0-b090-a6c9874b4f44,2024-03-17,19:02:26.02,2024-03-17T15:02:26.0249964-04:00,2024-03-17T19:02:26.0249964Z,,v3,471355,471268,17 March 2024 13:00-cmichigan@miamioh,"Novak, David",1000076952,Right,MIA_RED,346cfce4-d287-4202-9dab-82a9f15af7c4,54.90949,-129.31649,17.03055,5.11121,-0.65113,-6.42026,1.09756,-5.44198,5.19175,,,,,,,,,,,,,,,,,,,,,,,,,,,,,,,,,,,,,,,,,,,,,,,,,,,High,High,High,,,,,
233,2024-03-17,15:03:01.76,2,1,"Byers, Carson ",1000133996,Left,MIA_RED,"Wuestenfeld, Danny",1000061943,Right,CEN_MIC,Undefined,7,Top,1,0,0,Cutter,Slider,StrikeCalled,Undefined,Undefined,Undefined,0,0,,80.96528,1.317426,0.079497,2450.653728,240.780103,2:00,4.81269,-1.4477,5.20365,-36.51337,8.70792,12.20469,3.00913,-0.35588,71.67083,-5.470447,2.241826,0.483997,,,,,,,,,,,,-5.95552,4.40851,1.43106,50,4.90817,-0.70167,-116.99267,1.43874,-7.9785,28.93507,-26.26803,MIA_RED,CEN_MIC,McKieFieldStad,D1,MAC,20240317-McKieFieldStad-1,fa78ac20-e490-11ee-aea4-b7dfdbffd9f3,77.87739,,,9.29446,,,,,,,b24ae197-db0c-49a0-b090-a6c9874b4f44,2024-03-17,19:03:01.76,2024-03-17T15:03:01.7657708-04:00,2024-03-17T19:03:01.7657708Z,,v3,471355,471268,17 March 2024 13:00-cmichigan@miamioh,"Novak, David",1000076952,Right,MIA_RED,1d99aaf3-6f30-4920-b420-49374982a8cb,55.28561,-118.2927,14.46754,4.81701,2.61894,-13.13402,1.45453,-0.3432,-3.98925,,,,,,,,,,,,,,,,,,,,,,,,,,,,,,,,,,,,,,,,,,,,,,,,,,,High,High,High,,,,,
234,2024-03-17,15:03:17.31,2,2,"Byers, Carson ",1000133996,Left,MIA_RED,"Wuestenfeld, Danny",1000061943,Right,CEN_MIC,Undefined,7,Top,1,0,1,Cutter,Slider,InPlay,Undefined,FlyBall,Out,1,0,,80.40392,1.495137,0.671481,2391.546419,257.951215,2:30,4.74348,-1.61253,5.26167,-42.39739,5.55374,13.56981,2.61541,0.14915,68.1502,-6.480196,3.078122,0.498392,89.58375,50.481457,-9.853533,4683.04131,109.77923,115.54279,-6.96547,254.32152,178.83027,2.799237,5.645243,-6.35874,2.70374,1.54066,50,4.85079,-1.95275,-115.56554,1.58481,-7.90981,37.51016,-28.81079,MIA_RED,CEN_MIC,McKieFieldStad,D1,MAC,20240317-McKieFieldStad-1,03ee16f0-e491-11ee-aea4-b7dfdbffd9f3,75.62816,127.68055,,12.25372,,,,2.07856,2.54635,-0.06027,b24ae197-db0c-49a0-b090-a6c9874b4f44,2024-03-17,19:03:17.31,2024-03-17T15:03:17.3193068-04:00,2024-03-17T19:03:17.3193068Z,FlyBall,v3,471355,471268,17 March 2024 13:00-cmichigan@miamioh,"Novak, David",1000076952,Right,MIA_RED,e231f047-55fc-459a-9864-3b83272d5d13,55.22122,-117.248,18.75508,4.75073,2.87707,-14.4054,1.62029,-1.59797,-3.9549,201.06904,2.08405,82.28203,-19.29697,5.08076,-1.05192,0.19604,-0.03096,0.00322,-0.00015,2.54962,101.28223,-24.86513,2.04128,0.08308,-0.16967,0.04552,-0.00538,0.00024,-0.06305,-14.26016,9.0255,-2.52346,0.53584,-0.09626,0.01388,-0.00133,6E-05,,,,,,,,,,,,,,,,,,,,,,,High,High,High,High,Low,,,
235,2024-03-17,15:03:52.18,3,1,"Byers, Carson ",1000133996,Left,MIA_RED,"Murphy, Mikey",1000114856,Right,CEN_MIC,Undefined,7,Top,2,0,0,Fastball,Sinker,StrikeSwinging,Undefined,Undefined,Undefined,0,0,,87.61625,-0.135647,3.645471,2035.064406,141.79489,10:45,4.78778,-1.5716,5.67412,-14.94013,23.45556,-17.09257,3.41606,0.40716,76.50909,-3.113133,0.598585,0.445977,,,,,,,,,,,,9.93705,12.28288,1.27387,50,4.76727,-7.25282,-126.35708,-0.62365,15.38681,35.86095,-13.15487,MIA_RED,CEN_MIC,McKieFieldStad,D1,MAC,20240317-McKieFieldStad-1,189f0690-e491-11ee-aea4-b7dfdbffd9f3,84.51654,,,11.10716,,,,,,,b24ae197-db0c-49a0-b090-a6c9874b4f44,2024-03-17,19:03:52.18,2024-03-17T15:03:52.1801068-04:00,2024-03-17T19:03:52.1801068Z,,v3,471355,471268,17 March 2024 13:00-cmichigan@miamioh,"Novak, David",1000076952,Right,MIA_RED,9a8d62f3-76eb-4faf-bc94-4fea52f85f8d,54.81252,-127.7156,17.93047,4.78146,-0.1253,-6.57743,1.55967,-7.83572,7.69341,,,,,,,,,,,,,,,,,,,,,,,,,,,,,,,,,,,,,,,,,,,,,,,,,,,High,High,High,,,,,
236,2024-03-17,15:04:08.14,3,2,"Byers, Carson ",1000133996,Left,MIA_RED,"Murphy, Mikey",1000114856,Right,CEN_MIC,Undefined,7,Top,2,0,1,Fastball,Sinker,FoulBallNotFieldable,Undefined,Undefined,Undefined,0,0,,88.58554,-0.257601,2.501391,2187.516076,130.781045,10:15,4.86724,-1.33265,5.50474,-20.32411,16.29639,-17.36682,2.93242,-0.43904,79.79008,-4.101994,-0.590533,0.435546,85.6999,41.641775,50.685663,4847.525824,58.77877,81.75337,92.97874,,157.19896,,,9.50827,8.66705,1.12609,50,4.83148,-4.82456,-128.34053,-1.22938,15.64669,29.87593,-17.91168,MIA_RED,CEN_MIC,McKieFieldStad,D1,MAC,20240317-McKieFieldStad-1,22088a80-e491-11ee-aea4-b7dfdbffd9f3,86.54073,95.68818,,8.79546,,,,-0.25576,2.94967,0.47279,b24ae197-db0c-49a0-b090-a6c9874b4f44,2024-03-17,19:04:08.14,2024-03-17T15:04:08.1451884-04:00,2024-03-17T19:04:08.1451884Z,,v3,471355,471268,17 March 2024 13:00-cmichigan@miamioh,"Novak, David",1000076952,Right,MIA_RED,b5b92ae3-3ee4-49c8-acc2-bf2d1e9288f6,54.99059,-129.49706,14.93797,4.86565,-0.536,-8.95584,1.32457,-5.43026,7.82335,,-0.25576,59.51287,-18.76823,5.92849,-1.53876,0.34632,-0.06448,0.00666,-3E-05,2.94967,83.51962,-21.99078,1.72907,-0.10661,-0.02117,0.00485,0.00083,-0.00011,0.47279,72.6737,-6.51795,0.84018,-0.01142,-0.02935,0.00868,-0.00161,0.00022,,,,,,,,,,,,,,,,,,,,,,,High,High,High,High,Low,,,
237,2024-03-17,15:04:26.18,3,3,"Byers, Carson ",1000133996,Left,MIA_RED,"Murphy, Mikey",1000114856,Right,CEN_MIC,Undefined,7,Top,2,0,2,Fastball,Four-Seam,FoulBallNotFieldable,Undefined,Undefined,Undefined,0,0,,89.43095,-1.153717,2.98003,2079.165442,153.623944,11:00,5.05641,-1.20169,5.58796,-13.14544,23.14399,-10.75894,2.88205,0.6869,79.57293,-3.747546,1.063828,0.433572,,,,,,,,,,,,6.45221,12.47217,0.95275,50,4.94923,-6.24066,-129.31149,-2.92049,10.64883,33.3174,-11.58977,MIA_RED,CEN_MIC,McKieFieldStad,D1,MAC,20240317-McKieFieldStad-1,2cf1f7b0-e491-11ee-aea4-b7dfdbffd9f3,86.93459,,,9.85802,,,,,,,b24ae197-db0c-49a0-b090-a6c9874b4f44,2024-03-17,19:04:26.18,2024-03-17T15:04:26.1826412-04:00,2024-03-17T19:04:26.1826412Z,,v3,471355,471268,17 March 2024 13:00-cmichigan@miamioh,"Novak, David",1000076952,Right,MIA_RED,fb47ee71-6598-406f-8db0-0517778ebc88,54.90454,-130.56904,16.6587,5.0512,-2.48304,-5.79489,1.19588,-6.6426,5.32442,,,,,,,,,,,,,,,,,,,,,,,,,,,,,,,,,,,,,,,,,,,,,,,,,,,High,High,High,,,,,
238,2024-03-17,15:04:46.21,3,4,"Byers, Carson ",1000133996,Left,MIA_RED,"Murphy, Mikey",1000114856,Right,CEN_MIC,Undefined,7,Top,2,0,2,Fastball,Four-Seam,BallCalled,Undefined,Undefined,Undefined,0,0,,88.07342,1.186851,1.716907,2119.953215,151.84942,11:00,5.08613,-1.15979,5.59989,-14.70524,22.996,-11.46095,4.96934,-0.51156,77.5455,-1.723178,-0.32732,0.441926,,,,,,,,,,,,6.31882,11.49343,1.01978,50,5.1786,-3.27774,-127.2714,2.30175,10.01266,34.36897,-13.96183,MIA_RED,CEN_MIC,McKieFieldStad,D1,MAC,20240317-McKieFieldStad-1,39082510-e491-11ee-aea4-b7dfdbffd9f3,85.29136,,,10.52792,,,,,,,b24ae197-db0c-49a0-b090-a6c9874b4f44,2024-03-17,19:04:46.21,2024-03-17T15:04:46.2143340-04:00,2024-03-17T19:04:46.2143340Z,,v3,471355,471268,17 March 2024 13:00-cmichigan@miamioh,"Novak, David",1000076952,Right,MIA_RED,84110ad8-f03f-4672-80b1-2ef22ccaff6c,54.88754,-128.58449,17.18449,5.08047,2.83517,-6.98092,1.15231,-3.66028,5.00633,,,,,,,,,,,,,,,,,,,,,,,,,,,,,,,,,,,,,,,,,,,,,,,,,,,High,High,High,,,,,
239,2024-03-17,15:05:05.67,3,5,"Byers, Carson ",1000133996,Left,MIA_RED,"Murphy, Mikey",1000114856,Right,CEN_MIC,Undefined,7,Top,2,1,2,Fastball,Sinker,StrikeSwinging,Strikeout,Undefined,Undefined,0,0,,88.98891,-0.631359,3.339862,2146.206107,146.488195,11:00,4.9857,-1.38212,5.67697,-14.27174,21.85072,-13.60115,3.2068,0.60145,80.02953,-3.407471,0.914398,0.432574,,,,,,,,,,,,7.86701,11.59835,1.10862,50,4.92355,-6.90105,-128.8197,-1.78236,13.04609,30.03568,-12.94018,MIA_RED,CEN_MIC,McKieFieldStad,D1,MAC,20240317-McKieFieldStad-1,44622e60-e491-11ee-aea4-b7dfdbffd9f3,87.13528,,,8.95939,,,,,,,b24ae197-db0c-49a0-b090-a6c9874b4f44,2024-03-17,19:05:05.67,2024-03-17T15:05:05.6770412-04:00,2024-03-17T19:05:05.6770412Z,,v3,471355,471268,17 March 2024 13:00-cmichigan@miamioh,"Novak, David",1000076952,Right,MIA_RED,5a481a32-4859-4bd5-9f1e-5133eda7633f,54.81634,-129.93782,15.01784,4.98094,-1.30064,-6.47009,1.37456,-7.38671,6.52304,,,,,,,,,,,,,,,,,,,,,,,,,,,,,,,,,,,,,,,,,,,,,,,,,,,High,High,High,,,,,
240,2024-03-17,15:07:00.52,1,1,"Hanson, Jared",10065903,Right,CEN_MIC,"Novak, Ryan",10035937,Left,MIA_RED,Undefined,7,Bottom,0,0,0,Fastball,Changeup,BallCalled,Undefined,Undefined,Undefined,0,0,,84.06548,0.290581,0.391749,1583.192385,221.698369,1:30,5.55662,1.76374,6.20224,-31.90147,7.73552,5.62048,3.1664,2.59373,75.82072,-5.705241,1.406904,0.453129,,,,,,,,,,,,-2.74138,4.36847,-1.79565,50,5.56295,-1.06044,-121.97524,-0.36066,-4.06278,27.6352,-25.69986,MIA_RED,CEN_MIC,McKieFieldStad,D1,MAC,20240317-McKieFieldStad-1,88ddeb60-e491-11ee-aea4-b7dfdbffd9f3,83.18261,,,8.24477,,,,,,,b24ae197-db0c-49a0-b090-a6c9874b4f44,2024-03-17,19:07:00.52,2024-03-17T15:07:00.5204332-04:00,2024-03-17T19:07:00.5204332Z,,v3,471355,471268,17 March 2024 13:00-cmichigan@miamioh,"Verburg, Spencer",1000240504,Right,CEN_MIC,fed9c328-4a7c-447a-8eff-c6eadfaa6e62,54.29052,-122.94348,13.8176,5.55981,0.53976,-12.84993,-1.76099,-0.91809,-2.03139,,,,,,,,,,,,,,,,,,,,,,,,,,,,,,,,,,,,,,,,,,,,,,,,,,,High,High,High,,,,,
241,2024-03-17,15:07:14.98,1,2,"Hanson, Jared",10065903,Right,CEN_MIC,"Novak, Ryan",10035937,Left,MIA_RED,Undefined,7,Bottom,0,1,0,Fastball,Changeup,InPlay,Undefined,FlyBall,Out,1,0,,84.42609,-0.654672,-2.398377,1699.298332,225.588239,1:30,5.47037,1.72525,6.0588,-27.34549,12.06623,10.8969,2.58509,0.4122,76.39876,-5.801409,-0.437451,0.451839,91.53573,47.867825,0.918708,4374.210443,109.99089,110.25626,-1.41074,272.34118,163.14935,-0.431262,5.764352,-6.39977,6.82311,-1.5449,50,5.40498,4.70538,-122.46577,-2.22275,-9.59347,27.10595,-21.94595,MIA_RED,CEN_MIC,McKieFieldStad,D1,MAC,20240317-McKieFieldStad-1,9178ada0-e491-11ee-aea4-b7dfdbffd9f3,83.41998,128.91309,,8.02733,,,,2.68789,2.64732,-0.43166,b24ae197-db0c-49a0-b090-a6c9874b4f44,2024-03-17,19:07:14.98,2024-03-17T15:07:14.9854060-04:00,2024-03-17T19:07:14.9854060Z,FlyBall,v3,471355,471268,17 March 2024 13:00-cmichigan@miamioh,"Verburg, Spencer",1000240504,Right,CEN_MIC,9588ff1f-7892-4381-984f-da7a3688ceee,54.43809,-123.44417,13.55298,5.47092,-1.4306,-10.97297,-1.72099,5.05166,-4.79674,173.333922,2.69593,89.89263,-21.84507,5.12129,-0.56428,-0.05188,0.02638,-0.00325,0.00014,2.64448,99.60275,-23.71115,2.28759,-0.35937,0.01868,0.00783,-0.00167,0.0001,-0.43093,1.42367,-2.28349,0.83716,-0.11063,-0.01523,0.00811,-0.00113,6E-05,,,,,,,,,,,,,,,,,,,,,,,High,High,High,High,Low,,,
242,2024-03-17,15:07:48.81,2,1,"Hanson, Jared",10065903,Right,CEN_MIC,"Baker, Dillon",1000034148,Right,MIA_RED,Undefined,7,Bottom,1,0,0,Fastball,Changeup,BallCalled,Undefined,Undefined,Undefined,0,0,,83.91873,0.659364,-3.559291,1666.599748,206.817022,1:00,5.37743,1.64064,6.36499,-24.92627,15.28505,6.90422,3.9082,-1.06351,74.45662,-4.134591,-2.313104,0.4564,,,,,,,,,,,,-4.84449,8.15355,-1.38581,50,5.41372,7.27402,-121.37883,0.74201,-7.01123,30.37154,-20.37373,MIA_RED,CEN_MIC,McKieFieldStad,D1,MAC,20240317-McKieFieldStad-1,a59d14b0-e491-11ee-aea4-b7dfdbffd9f3,82.58641,,,9.46211,,,,,,,b24ae197-db0c-49a0-b090-a6c9874b4f44,2024-03-17,19:07:48.81,2024-03-17T15:07:48.8145772-04:00,2024-03-17T19:07:48.8145772Z,,v3,471355,471268,17 March 2024 13:00-cmichigan@miamioh,"Verburg, Spencer",1000240504,Right,CEN_MIC,f9681eb2-bd43-4465-beab-50bc4f46cf05,54.12513,-122.40667,15.18577,5.37694,1.4315,-10.18687,-1.636,7.51129,-3.50562,,,,,,,,,,,,,,,,,,,,,,,,,,,,,,,,,,,,,,,,,,,,,,,,,,,High,High,High,,,,,
243,2024-03-17,15:08:04.41,2,2,"Hanson, Jared",10065903,Right,CEN_MIC,"Baker, Dillon",1000034148,Right,MIA_RED,Undefined,7,Bottom,1,1,0,Fastball,Changeup,InPlay,Undefined,FlyBall,Out,1,0,,83.4326,0.024205,-2.43238,1680.07859,202.782298,12:45,5.51718,1.54264,6.1949,-25.47718,14.67013,5.56992,3.41645,-0.24006,75.41859,-4.809641,-1.428248,0.456037,87.91145,52.436995,2.498227,4443.20245,107.79553,121.85999,21.91134,248.24361,149.94218,18.865212,5.773058,-3.66201,7.99957,-1.36231,50,5.50624,4.93035,-121.03897,-0.66468,-5.3626,26.46683,-20.45958,MIA_RED,CEN_MIC,McKieFieldStad,D1,MAC,20240317-McKieFieldStad-1,aef3fb00-e491-11ee-aea4-b7dfdbffd9f3,82.65224,131.76905,,8.01401,,,,1.83921,3.54586,0.22245,b24ae197-db0c-49a0-b090-a6c9874b4f44,2024-03-17,19:08:04.41,2024-03-17T15:08:04.4137324-04:00,2024-03-17T19:08:04.4137324Z,FlyBall,v3,471355,471268,17 March 2024 13:00-cmichigan@miamioh,"Verburg, Spencer",1000240504,Right,CEN_MIC,968991dd-d206-4173-a128-c7ae2b4977bd,54.30125,-121.97587,13.23342,5.51695,0.05957,-10.22979,-1.5402,5.12019,-2.6813,205.931912,1.84959,78.3329,-18.50232,4.06412,-0.35528,-0.07954,0.02913,-0.00347,0.00015,3.53988,102.29661,-25.28703,2.87923,-0.51498,0.0426,0.00631,-0.00174,0.0001,0.21686,3.53573,6.57324,-1.71088,0.12825,0.05983,-0.02043,0.00253,-0.00011,,,,,,,,,,,,,,,,,,,,,,,High,High,High,High,Low,,,
244,2024-03-17,15:08:38.94,3,1,"Hanson, Jared",10065903,Right,CEN_MIC,"Zarlingo, Anthony",1000113533,Left,MIA_RED,Undefined,7,Bottom,2,0,0,ChangeUp,Changeup,StrikeCalled,Undefined,Undefined,Undefined,0,0,,75.13335,1.308045,-3.313695,1443.251779,284.033491,3:30,5.29931,1.74584,6.39041,-51.47306,-2.45961,16.44969,2.21521,0.06543,68.51317,-8.259655,-0.334784,0.503882,,,,,,,,,,,,-9.52812,-1.12146,-1.51436,50,5.37063,5.75047,-109.0277,1.04017,-11.36369,20.81036,-33.51157,MIA_RED,CEN_MIC,McKieFieldStad,D1,MAC,20240317-McKieFieldStad-1,c379bbf0-e491-11ee-aea4-b7dfdbffd9f3,74.80409,,,6.62017,,,,,,,b24ae197-db0c-49a0-b090-a6c9874b4f44,2024-03-17,19:08:38.94,2024-03-17T15:08:38.9449068-04:00,2024-03-17T19:08:38.9449068Z,,v3,471355,471268,17 March 2024 13:00-cmichigan@miamioh,"Verburg, Spencer",1000240504,Right,CEN_MIC,ed888764-cded-4595-bc2d-aee199c8d8f6,54.1083,-109.80906,10.40518,5.30796,2.29842,-16.75578,-1.73828,6.17714,-5.68185,,,,,,,,,,,,,,,,,,,,,,,,,,,,,,,,,,,,,,,,,,,,,,,,,,,High,High,High,,,,,
245,2024-03-17,15:08:54.06,3,2,"Hanson, Jared",10065903,Right,CEN_MIC,"Zarlingo, Anthony",1000113533,Left,MIA_RED,Undefined,7,Bottom,2,0,1,ChangeUp,Changeup,StrikeSwinging,Undefined,Undefined,Undefined,0,0,,76.32857,0.505901,-3.164479,1496.36198,289.491549,3:45,5.33048,1.73978,6.3639,-52.61912,-4.86292,18.48489,1.41182,0.36519,69.42306,-9.255606,0.185991,0.497378,,,,,,,,,,,,-10.62934,-2.17658,-1.51881,50,5.34333,5.48656,-110.76851,-0.5417,-13.00351,22.61965,-34.83677,MIA_RED,CEN_MIC,McKieFieldStad,D1,MAC,20240317-McKieFieldStad-1,cc795a80-e491-11ee-aea4-b7dfdbffd9f3,75.78231,,,6.90552,,,,,,,b24ae197-db0c-49a0-b090-a6c9874b4f44,2024-03-17,19:08:54.06,2024-03-17T15:08:54.0631404-04:00,2024-03-17T19:08:54.0631404Z,,v3,471355,471268,17 March 2024 13:00-cmichigan@miamioh,"Verburg, Spencer",1000240504,Right,CEN_MIC,93e07dad-cd44-450b-9573-43513d437247,54.13549,-111.60981,11.30983,5.33938,0.75399,-17.41839,-1.73187,5.9702,-6.50175,,,,,,,,,,,,,,,,,,,,,,,,,,,,,,,,,,,,,,,,,,,,,,,,,,,High,High,High,,,,,
246,2024-03-17,15:09:10.53,3,3,"Hanson, Jared",10065903,Right,CEN_MIC,"Zarlingo, Anthony",1000113533,Left,MIA_RED,Undefined,7,Bottom,2,0,2,ChangeUp,Changeup,StrikeCalled,Strikeout,Undefined,Undefined,0,0,,76.53683,0.314224,-3.02618,1585.354562,276.762992,3:15,5.37004,1.70393,6.42075,-47.20995,0.06988,13.20064,1.72513,0.01963,69.67763,-8.478439,-0.632749,0.494891,,,,,,,,,,,,-7.81871,0.45283,-1.49345,50,5.37172,5.41889,-111.07618,-0.72064,-9.64789,22.18402,-31.61528,MIA_RED,CEN_MIC,McKieFieldStad,D1,MAC,20240317-McKieFieldStad-1,d651f3f0-e491-11ee-aea4-b7dfdbffd9f3,76.16315,,,6.85921,,,,,,,b24ae197-db0c-49a0-b090-a6c9874b4f44,2024-03-17,19:09:10.53,2024-03-17T15:09:10.5360000-04:00,2024-03-17T19:09:10.5360000Z,,v3,471355,471268,17 March 2024 13:00-cmichigan@miamioh,"Verburg, Spencer",1000240504,Right,CEN_MIC,b22179d6-a5c5-4df5-85a8-c44a73963edd,54.07691,-111.88746,11.09201,5.37693,0.43554,-15.80764,-1.69807,5.77172,-4.82394,,,,,,,,,,,,,,,,,,,,,,,,,,,,,54.60701,2.907867,1.539898,1.367969,-0.14898,1.48775,-0.00332,-3.07297,5.49728,0.70498,82.61907,4.93943,-42.16063,-3.04337,66.50773,-2.84005,5.60304,20.01135,-14.97238,0.57647,-37.81944,4.79905,High,High,High,,,High,High,High
247,2024-03-17,15:11:29.35,1,1,"Byers, Carson ",1000133996,Left,MIA_RED,"Stengren, Drew",1000099826,Right,CEN_MIC,Undefined,8,Top,0,0,0,Cutter,Slider,BallCalled,Undefined,Undefined,Undefined,0,0,,81.04825,2.085348,0.003351,2339.554027,249.554615,2:15,4.82215,-1.50824,5.33935,-38.70026,5.30721,10.08816,3.55427,-0.66442,73.12822,-5.051406,1.794914,0.477457,,,,,,,,,,,,-4.99532,2.50162,1.50068,50,4.98308,-0.43753,-117.39891,2.93402,-6.88213,24.88697,-28.72756,MIA_RED,CEN_MIC,McKieFieldStad,D1,MAC,20240317-McKieFieldStad-1,2915b270-e492-11ee-aea4-b7dfdbffd9f3,78.94407,,,7.92002,,,,,,,b24ae197-db0c-49a0-b090-a6c9874b4f44,2024-03-17,19:11:29.35,2024-03-17T15:11:29.3571436-04:00,2024-03-17T19:11:29.3571436Z,,v3,471355,471268,17 March 2024 13:00-cmichigan@miamioh,"Novak, David",1000076952,Right,MIA_RED,b055a3e5-5879-44fd-9014-a292f42b0ac1,55.15448,-118.48655,12.44348,4.82742,4.18951,-14.36378,1.51323,-0.13676,-3.44107,,,,,,,,,,,,,,,,,,,,,,,,,,,,,,,,,,,,,,,,,,,,,,,,,,,High,High,High,,,,,
248,2024-03-17,15:11:45.21,1,2,"Byers, Carson ",1000133996,Left,MIA_RED,"Stengren, Drew",1000099826,Right,CEN_MIC,Undefined,8,Top,0,1,0,Fastball,Sinker,FoulBallNotFieldable,Undefined,Undefined,Undefined,0,0,,87.17749,-0.58068,2.906557,2059.710695,144.548696,10:45,4.90778,-1.29542,5.55928,-16.41973,21.1156,-14.11942,2.99624,0.2458,78.94294,-3.726822,0.39234,0.440952,60.89611,64.805159,101.622012,2944.409548,,,,,7.91617,,,8.03599,11.23697,1.054,50,4.84726,-5.80992,-126.35828,-1.75301,12.89456,27.55619,-14.14323,MIA_RED,CEN_MIC,McKieFieldStad,D1,MAC,20240317-McKieFieldStad-1,329b49e0-e492-11ee-aea4-b7dfdbffd9f3,85.47964,19.55731,,8.23455,,,,0.76821,2.81278,-0.31973,b24ae197-db0c-49a0-b090-a6c9874b4f44,2024-03-17,19:11:45.21,2024-03-17T15:11:45.2192108-04:00,2024-03-17T19:11:45.2192108Z,,v3,471355,471268,17 March 2024 13:00-cmichigan@miamioh,"Novak, David",1000076952,Right,MIA_RED,746c144e-c10c-4cfa-ae8c-1b9bc32ccca2,54.93783,-127.43057,13.77809,4.90477,-1.20266,-7.07161,1.28984,-6.31168,6.44728,336.05125,0.76958,-7.74161,-5.74222,,,,,,,2.81432,80.72555,-24.93224,,,,,,,-0.31952,37.22856,-3.08399,,,,,,,,,,,,,,,,,,,,,,,,,,,,,High,High,High,High,Low,,,
249,2024-03-17,15:12:04.66,1,3,"Byers, Carson ",1000133996,Left,MIA_RED,"Stengren, Drew",1000099826,Right,CEN_MIC,Undefined,8,Top,0,1,1,Fastball,Sinker,StrikeSwinging,Undefined,Undefined,Undefined,0,0,,88.17888,-0.701459,2.925606,2061.802487,143.366881,10:45,4.93109,-1.29806,5.58491,-17.06666,20.49883,-14.07383,2.85294,0.26349,77.97397,-4.016998,0.41825,0.441129,,,,,,,,,,,,8.07989,10.98579,1.05551,50,4.86012,-5.85946,-127.40297,-2.02254,12.86467,33.80086,-14.68267,MIA_RED,CEN_MIC,McKieFieldStad,D1,MAC,20240317-McKieFieldStad-1,3e247980-e492-11ee-aea4-b7dfdbffd9f3,85.4453,,,10.2049,,,,,,,b24ae197-db0c-49a0-b090-a6c9874b4f44,2024-03-17,19:12:04.66,2024-03-17T15:12:04.6643052-04:00,2024-03-17T19:12:04.6643052Z,,v3,471355,471268,17 March 2024 13:00-cmichigan@miamioh,"Novak, David",1000076952,Right,MIA_RED,bf7e5c83-3539-41af-be9e-8db398f96797,54.90472,-128.69765,16.90043,4.92682,-1.46015,-7.34134,1.28938,-6.35221,6.43234,,,,,,,,,,,,,,,,,,,,,,,,,,,,,,,,,,,,,,,,,,,,,,,,,,,High,High,High,,,,,
250,2024-03-17,15:12:22.02,1,4,"Byers, Carson ",1000133996,Left,MIA_RED,"Stengren, Drew",1000099826,Right,CEN_MIC,Undefined,8,Top,0,1,2,ChangeUp,Changeup,BallCalled,Undefined,Undefined,Undefined,0,0,,74.95879,4.659292,0.221174,1601.45526,78.96604,8:45,4.48856,-1.74828,5.61242,-54.17145,-2.76398,-23.71604,4.33263,-3.51819,67.25227,-5.326746,-4.004385,0.516041,,,,,,,,,,,,11.88095,-2.28087,1.74426,50,4.85336,0.50473,-108.36627,7.09743,13.85733,22.3197,-34.83434,MIA_RED,CEN_MIC,McKieFieldStad,D1,MAC,20240317-McKieFieldStad-1,489449e0-e492-11ee-aea4-b7dfdbffd9f3,73.0415,,,7.70653,,,,,,,b24ae197-db0c-49a0-b090-a6c9874b4f44,2024-03-17,19:12:22.02,2024-03-17T15:12:22.0200812-04:00,2024-03-17T19:12:22.0200812Z,,v3,471355,471268,17 March 2024 13:00-cmichigan@miamioh,"Novak, David",1000076952,Right,MIA_RED,e1109ec8-afe2-4895-bf64-465d8b5cadfd,54.88449,-109.36767,11.15985,4.49986,8.66033,-17.41717,1.73556,-0.117,6.92866,,,,,,,,,,,,,,,,,,,,,,,,,,,,,,,,,,,,,,,,,,,,,,,,,,,High,High,High,,,,,
251,2024-03-17,15:12:43.21,1,5,"Byers, Carson ",1000133996,Left,MIA_RED,"Stengren, Drew",1000099826,Right,CEN_MIC,Undefined,8,Top,0,2,2,Fastball,Four-Seam,BallCalled,Undefined,Undefined,Undefined,0,0,,88.89296,-2.337611,4.25579,2141.408352,144.023538,10:45,4.96071,-1.16416,5.60524,-17.41623,19.24655,-12.93509,1.32003,1.73787,79.58886,-5.674018,1.955477,0.435797,,,,,,,,,,,,8.00855,10.94371,0.80821,50,4.74942,-8.9848,-128.38376,-5.76788,13.08877,31.72682,-14.28824,MIA_RED,CEN_MIC,McKieFieldStad,D1,MAC,20240317-McKieFieldStad-1,55368aa0-e492-11ee-aea4-b7dfdbffd9f3,86.49086,,,9.30409,,,,,,,b24ae197-db0c-49a0-b090-a6c9874b4f44,2024-03-17,19:12:43.21,2024-03-17T15:12:43.2190828-04:00,2024-03-17T19:12:43.2190828Z,,v3,471355,471268,17 March 2024 13:00-cmichigan@miamioh,"Novak, David",1000076952,Right,MIA_RED,d291df6c-78bf-4311-bf89-26ccd80a7528,54.89005,-129.58658,15.86341,4.95782,-5.22619,-7.14412,1.15825,-9.48102,6.54438,,,,,,,,,,,,,,,,,,,,,,,,,,,,,,,,,,,,,,,,,,,,,,,,,,,High,High,High,,,,,
252,2024-03-17,15:13:01.57,1,6,"Byers, Carson ",1000133996,Left,MIA_RED,"Stengren, Drew",1000099826,Right,CEN_MIC,Undefined,8,Top,0,3,2,Fastball,Sinker,FoulBallNotFieldable,Undefined,Undefined,Undefined,0,0,,88.52061,-1.786442,2.759076,2097.393835,141.120079,10:45,4.98561,-1.2178,5.63668,-17.10438,19.59509,-14.68206,1.89116,0.13468,79.45996,-5.068742,0.1396,0.436015,66.72699,22.629697,163.11595,1345.97651,,,,100.33156,67.43364,159.946175,2.017811,8.3702,10.92249,0.99285,50,4.82315,-5.53383,-128.13682,-4.49664,13.66006,31.02404,-14.34867,MIA_RED,CEN_MIC,McKieFieldStad,D1,MAC,20240317-McKieFieldStad-1,60045980-e492-11ee-aea4-b7dfdbffd9f3,86.44762,17.96583,,9.06065,,,,1.41368,1.83736,-0.15394,b24ae197-db0c-49a0-b090-a6c9874b4f44,2024-03-17,19:13:01.57,2024-03-17T15:13:01.5723884-04:00,2024-03-17T19:13:01.5723884Z,LineDrive,v3,471355,471268,17 March 2024 13:00-cmichigan@miamioh,"Novak, David",1000076952,Right,MIA_RED,0c6226c9-8e13-4825-9a34-f8d5c209eb49,54.85894,-129.30789,15.51202,4.98266,-3.95501,-7.17434,1.21147,-6.04946,6.83003,110.285354,1.41367,-86.43746,24.3567,-3.52601,0.81622,-0.29889,0.13223,-0.03779,0.00451,1.83737,37.65563,-25.08491,4.20788,-1.02197,0.37037,-0.1445,0.0391,-0.00464,-0.15395,26.2362,-3.03812,-1.16166,0.39472,-0.18523,0.08413,-0.02436,0.003,,,,,,,,,,,,,,,,,,,,,,,High,High,High,High,Medium,,,
253,2024-03-17,15:13:23.91,1,7,"Byers, Carson ",1000133996,Left,MIA_RED,"Stengren, Drew",1000099826,Right,CEN_MIC,Undefined,8,Top,0,3,2,Fastball,Four-Seam,BallCalled,Walk,Undefined,Undefined,0,0,,88.27084,-1.070204,3.725949,2071.243666,148.275985,11:00,4.85983,-1.16252,5.70926,-16.32993,20.74328,-11.91764,2.49972,1.32052,78.67636,-4.238285,1.600867,0.438229,,,,,,,,,,,,7.31603,11.29276,0.85758,50,4.76034,-7.78198,-127.59578,-2.82552,11.77278,32.10458,-14.00207,MIA_RED,CEN_MIC,McKieFieldStad,D1,MAC,20240317-McKieFieldStad-1,6d629740-e492-11ee-aea4-b7dfdbffd9f3,86.01075,,,9.59447,,,,,,,b24ae197-db0c-49a0-b090-a6c9874b4f44,2024-03-17,19:13:23.91,2024-03-17T15:13:23.9112556-04:00,2024-03-17T19:13:23.9112556Z,,v3,471355,471268,17 March 2024 13:00-cmichigan@miamioh,"Novak, David",1000076952,Right,MIA_RED,680a33fd-0675-45dd-ad55-d9508b60f3b7,54.78379,-128.79381,16.05229,4.85603,-2.30302,-7.00103,1.15617,-8.2213,5.88639,,,,,,,,,,,,,,,,,,,,,,,,,,,,,,,,,,,,,,,,,,,,,,,,,,,High,High,High,,,,,
254,2024-03-17,15:14:40.79,2,1,"Byers, Carson ",1000133996,Left,MIA_RED,"Verburg, Spencer",1000240504,Right,CEN_MIC,Undefined,8,Top,0,0,0,Cutter,Slider,InPlay,Undefined,Bunt,Out,1,0,,80.8767,0.41426,2.499756,2513.97614,263.7594,2:45,4.81978,-1.57865,5.36047,-42.05711,2.34106,6.61284,1.70387,1.31802,73.01909,-7.299561,3.673694,0.479572,,,,,,,,,,,,-2.52087,1.41957,1.349,50,4.82709,-5.37824,-117.11938,-0.59362,-3.43247,26.18262,-30.24114,MIA_RED,CEN_MIC,McKieFieldStad,D1,MAC,20240317-McKieFieldStad-1,9b267110-e492-11ee-aea4-b7dfdbffd9f3,78.59596,,,7.8576,,,,,,,b24ae197-db0c-49a0-b090-a6c9874b4f44,2024-03-17,19:14:40.79,2024-03-17T15:14:40.7952236-04:00,2024-03-17T19:14:40.7952236Z,,v3,471355,471268,17 March 2024 13:00-cmichigan@miamioh,"Novak, David",1000076952,Right,MIA_RED,000fd3af-5049-40dd-89b6-4bcbb80ba6a3,55.13706,-118.26222,13.09131,4.82419,0.72637,-15.12057,1.58048,-5.22841,-1.71624,,,,,,,,,,,,,,,,,,,,,,,,,,,,,,,,,,,,,,,,,,,,,,,,,,,High,High,High,,,,,
255,2024-03-17,15:15:28.22,3,1,"Byers, Carson ",1000133996,Left,MIA_RED,"Eichler, Jack",1000078971,Right,CEN_MIC,Undefined,8,Top,1,0,0,Cutter,Slider,StrikeCalled,Undefined,Undefined,Undefined,0,0,,80.80118,0.99225,1.729205,2424.605429,274.672018,3:15,4.74516,-1.48479,5.33649,-43.47282,0.80118,9.0943,2.05383,0.89583,73.23442,-6.966557,3.344038,0.478901,,,,,,,,,,,,-4.02044,0.51445,1.3219,50,4.80362,-3.90786,-117.0996,0.51137,-5.50376,25.02038,-31.46982,MIA_RED,CEN_MIC,McKieFieldStad,D1,MAC,20240317-McKieFieldStad-1,b7885f30-e492-11ee-aea4-b7dfdbffd9f3,78.70613,,,7.56676,,,,,,,b24ae197-db0c-49a0-b090-a6c9874b4f44,2024-03-17,19:15:28.22,2024-03-17T15:15:28.2279788-04:00,2024-03-17T19:15:28.2279788Z,,v3,471355,471268,17 March 2024 13:00-cmichigan@miamioh,"Novak, David",1000076952,Right,MIA_RED,547a4dee-8244-4637-a10d-c9807aa60488,55.16056,-118.1971,12.51019,4.75091,1.89177,-15.73491,1.48802,-3.66644,-2.75188,,,,,,,,,,,,,,,,,,,,,,,,,,,,,,,,,,,,,,,,,,,,,,,,,,,High,High,High,,,,,
256,2024-03-17,15:15:46.47,3,2,"Byers, Carson ",1000133996,Left,MIA_RED,"Eichler, Jack",1000078971,Right,CEN_MIC,Undefined,8,Top,1,0,1,Fastball,Sinker,InPlay,Undefined,FlyBall,Out,1,0,,88.04447,-0.128524,3.002896,2000.57609,140.022109,10:45,4.95959,-1.27618,5.72935,-18.11729,19.52568,-15.01304,3.32996,0.27189,77.48252,-3.653231,0.321283,0.441584,92.76564,26.76791,1.412495,2205.345909,109.68502,49.41679,8.31517,350.47074,350.0796,10.187835,4.292662,8.75221,10.38985,1.0349,50,4.93832,-6.0064,-127.21979,-0.7811,13.81177,35.10904,-15.77797,MIA_RED,CEN_MIC,McKieFieldStad,D1,MAC,20240317-McKieFieldStad-1,c2565520-e492-11ee-aea4-b7dfdbffd9f3,85.35732,63.15247,,10.56195,,,,0.39176,3.23146,-0.26821,b24ae197-db0c-49a0-b090-a6c9874b4f44,2024-03-17,19:15:46.47,2024-03-17T15:15:46.4733036-04:00,2024-03-17T19:15:46.4733036Z,FlyBall,v3,471355,471268,17 March 2024 13:00-cmichigan@miamioh,"Novak, David",1000076952,Right,MIA_RED,c5aa03a3-7ede-4be6-9d6d-bfdf03440005,54.76211,-128.52728,17.55452,4.95646,-0.19352,-7.88898,1.26816,-6.52076,6.90589,218.380364,0.39101,121.45986,-19.94751,4.82466,-1.20139,0.32171,-0.07264,0.01009,-0.00059,3.23318,61.23072,-16.82637,0.32176,0.44065,-0.2688,0.07795,-0.0111,0.00062,-0.26802,2.98863,6.69881,-2.06891,0.57673,-0.1478,0.0297,-0.00374,0.00021,,,,,,,,,,,,,,,,,,,,,,,High,High,High,High,High,,,
257,2024-03-17,15:16:58.32,4,1,"Byers, Carson ",1000133996,Left,MIA_RED,"Brill, Jake",1000240505,Right,CEN_MIC,Undefined,8,Top,2,0,0,Fastball,Four-Seam,BallinDirt,Undefined,Undefined,Undefined,0,1,,87.83877,-1.344094,4.657803,1943.196861,152.318783,11:00,4.94013,-1.06899,5.79935,-19.15985,17.75249,-8.62701,2.089,2.55378,79.40031,-4.984544,3.120292,0.437278,,,,,,,,,,,,5.76874,9.81123,0.69048,50,4.81797,-9.96761,-126.98341,-3.54852,9.32949,28.31511,-16.30688,MIA_RED,CEN_MIC,McKieFieldStad,D1,MAC,20240317-McKieFieldStad-1,ed2f1cf0-e492-11ee-aea4-b7dfdbffd9f3,86.19797,,,8.43846,,,,,,,b24ae197-db0c-49a0-b090-a6c9874b4f44,2024-03-17,19:16:58.32,2024-03-17T15:16:58.3231340-04:00,2024-03-17T19:16:58.3231340Z,,v3,471355,471268,17 March 2024 13:00-cmichigan@miamioh,"Novak, David",1000076952,Right,MIA_RED,f2413b08-61bd-4771-96b5-3fafaf3997b8,54.69398,-128.02581,14.15756,4.93755,-2.94819,-8.15344,1.06375,-10.31107,4.66475,,,,,,,,,,,,,,,,,,,,,,,,,,,,,,,,,,,,,,,,,,,,,,,,,,,High,High,High,,,,,
258,2024-03-17,15:17:38.80,4,2,"Byers, Carson ",1000133996,Left,MIA_RED,"Brill, Jake",1000240505,Right,CEN_MIC,Undefined,8,Top,2,1,0,Fastball,Sinker,FoulBallNotFieldable,Undefined,Undefined,Undefined,0,0,,88.21108,-1.105353,2.837764,2214.247019,148.81681,11:00,4.92068,-1.25614,5.58244,-11.87863,25.78261,-14.62505,2.89715,0.17736,77.71087,-3.506374,0.232393,0.441691,,,,,,,,,,,,8.50032,13.90709,1.02204,50,4.81881,-5.66804,-127.46244,-2.70342,13.47879,35.01153,-10.12182,MIA_RED,CEN_MIC,McKieFieldStad,D1,MAC,20240317-McKieFieldStad-1,055a6640-e493-11ee-aea4-b7dfdbffd9f3,85.33662,,,10.50022,,,,,,,b24ae197-db0c-49a0-b090-a6c9874b4f44,2024-03-17,19:17:38.80,2024-03-17T15:17:38.8094828-04:00,2024-03-17T19:17:38.8094828Z,,v3,471355,471268,17 March 2024 13:00-cmichigan@miamioh,"Novak, David",1000076952,Right,MIA_RED,0abc94d9-51c3-4389-bd7c-122d7d889fb2,54.9107,-128.80425,17.50576,4.91498,-2.3155,-5.06091,1.24917,-6.18462,6.73939,,,,,,,,,,,,,,,,,,,,,,,,,,,,,,,,,,,,,,,,,,,,,,,,,,,High,High,High,,,,,
259,2024-03-17,15:17:59.78,4,3,"Byers, Carson ",1000133996,Left,MIA_RED,"Brill, Jake",1000240505,Right,CEN_MIC,Undefined,8,Top,2,1,1,Cutter,Slider,StrikeCalled,Undefined,Undefined,Undefined,0,0,,80.41625,0.825742,0.838483,2471.759457,282.054777,3:30,4.84791,-1.58596,5.2466,-44.11695,0.69736,4.1115,1.94761,-0.45533,72.86622,-7.240909,1.568244,0.481814,,,,,,,,,,,,-1.77276,0.60319,1.50588,50,4.89142,-1.87955,-116.54019,0.10944,-2.40609,24.58039,-31.35537,MIA_RED,CEN_MIC,McKieFieldStad,D1,MAC,20240317-McKieFieldStad-1,11cdced0-e493-11ee-aea4-b7dfdbffd9f3,78.2302,,,7.55003,,,,,,,b24ae197-db0c-49a0-b090-a6c9874b4f44,2024-03-17,19:17:59.78,2024-03-17T15:17:59.7820780-04:00,2024-03-17T19:17:59.7820780Z,,v3,471355,471268,17 March 2024 13:00-cmichigan@miamioh,"Novak, David",1000076952,Right,MIA_RED,be7d056e-b237-4985-b367-07f098ee1eca,55.2484,-117.64196,12.29019,4.85502,1.51489,-15.67769,1.58771,-1.7717,-1.20304,,,,,,,,,,,,,,,,,,,,,,,,,,,,,,,,,,,,,,,,,,,,,,,,,,,High,High,High,,,,,
260,2024-03-17,15:18:17.74,4,4,"Byers, Carson ",1000133996,Left,MIA_RED,"Brill, Jake",1000240505,Right,CEN_MIC,Undefined,8,Top,2,1,2,Cutter,Slider,FoulBallNotFieldable,Undefined,Undefined,Undefined,0,0,,80.94981,1.282708,0.633524,2429.682188,300.641717,4:00,4.80135,-1.44914,5.30213,-47.42211,-2.76217,7.57347,2.05393,-0.22327,72.52554,-7.40806,1.979212,0.480984,,,,,,,,,,,,-3.59142,-1.42059,1.38575,50,4.88338,-1.60831,-117.20984,0.94659,-4.86307,27.65077,-34.09764,MIA_RED,CEN_MIC,McKieFieldStad,D1,MAC,20240317-McKieFieldStad-1,1c6cc580-e493-11ee-aea4-b7dfdbffd9f3,78.36529,,,8.42426,,,,,,,b24ae197-db0c-49a0-b090-a6c9874b4f44,2024-03-17,19:18:17.74,2024-03-17T15:18:17.7452908-04:00,2024-03-17T19:18:17.7452908Z,,v3,471355,471268,17 March 2024 13:00-cmichigan@miamioh,"Novak, David",1000076952,Right,MIA_RED,d99df041-0ac1-474a-9c7f-cd063d865b68,55.19452,-118.42892,13.82539,4.8085,2.44991,-17.04882,1.45193,-1.3939,-2.43154,,,,,,,,,,,,,,,,,,,,,,,,,,,,,,,,,,,,,,,,,,,,,,,,,,,High,High,High,,,,,
261,2024-03-17,15:18:44.55,4,5,"Byers, Carson ",1000133996,Left,MIA_RED,"Brill, Jake",1000240505,Right,CEN_MIC,Undefined,8,Top,2,1,2,Fastball,Sinker,FoulBallNotFieldable,Undefined,Undefined,Undefined,0,0,,88.12851,-1.256339,1.790617,2032.948249,145.44859,10:45,4.89527,-1.31515,5.66113,-16.46981,20.89993,-13.33481,2.3505,-0.7561,78.19668,-4.459578,-0.5914,0.439978,71.94691,10.718164,170.58703,7605.586591,,,,,40.99104,,,7.27331,11.39323,1.17164,50,4.77882,-3.36774,-127.44953,-3.22417,11.61811,33.23221,-13.97494,MIA_RED,CEN_MIC,McKieFieldStad,D1,MAC,20240317-McKieFieldStad-1,2c8a2340-e493-11ee-aea4-b7dfdbffd9f3,85.66885,8.17589,,9.93184,,,,2.81899,2.54016,0.56705,b24ae197-db0c-49a0-b090-a6c9874b4f44,2024-03-17,19:18:44.55,2024-03-17T15:18:44.5515116-04:00,2024-03-17T19:18:44.5515116Z,,v3,471355,471268,17 March 2024 13:00-cmichigan@miamioh,"Novak, David",1000076952,Right,MIA_RED,de51ace3-1780-450c-ae02-fa69c5f8995a,54.82796,-128.70225,16.61611,4.89042,-2.69738,-6.98747,1.30685,-3.8057,5.80906,122.939195,2.81256,-102.08948,10.25837,,,,,,,2.5432,19.53307,-15.3164,,,,,,,0.56526,17.01168,1.49301,,,,,,,,,,,,,,,,,,,,,,,,,,,,,High,High,High,Medium,Low,,,
262,2024-03-17,15:21:40.63,4,6,"Zimmer, Ryan",800682,Right,MIA_RED,"Brill, Jake",1000240505,Right,CEN_MIC,Undefined,8,Top,2,1,2,Fastball,Four-Seam,BallCalled,Undefined,Undefined,Undefined,0,0,,92.09711,-2.305978,-4.394625,2290.011801,217.370161,1:15,5.76882,1.77929,6.88758,-14.78143,17.6158,12.52792,2.42876,-1.18846,82.76003,-5.210349,-2.11284,0.409661,,,,,,,,,,,,-8.0241,10.42823,-1.50446,50,5.61675,9.74564,-133.31761,-5.69932,-14.18889,33.3365,-13.73393,MIA_RED,CEN_MIC,McKieFieldStad,D1,MAC,20240317-McKieFieldStad-1,95751db0-e493-11ee-aea4-b7dfdbffd9f3,92.00876,,,9.33708,,,,,,,b24ae197-db0c-49a0-b090-a6c9874b4f44,2024-03-17,19:21:40.63,2024-03-17T15:21:40.6373740-04:00,2024-03-17T19:21:40.6373740Z,,v3,471355,471268,17 March 2024 13:00-cmichigan@miamioh,"Novak, David",1000076952,Right,MIA_RED,3d31948f-543a-4f24-a02d-8b40559b0054,53.6065,-134.21639,16.66825,5.76542,-5.32904,-6.86697,-1.77237,10.12819,-7.09444,,,,,,,,,,,,,,,,,,,,,,,,,,,,,,,,,,,,,,,,,,,,,,,,,,,High,High,High,,,,,
263,2024-03-17,15:21:59.37,4,7,"Zimmer, Ryan",800682,Right,MIA_RED,"Brill, Jake",1000240505,Right,CEN_MIC,Undefined,8,Top,2,2,2,Fastball,Four-Seam,FoulBallNotFieldable,Undefined,Undefined,Undefined,0,0,,93.49941,-0.830953,-2.437961,2303.312811,223.57103,1:30,5.74926,1.95985,7.09567,-14.76532,16.56217,14.57308,3.76403,0.9606,83.18675,-3.763197,0.235732,0.402842,59.89657,57.166147,-73.136592,2877.016724,,,,,30.14153,,,-8.66272,9.50934,-1.81801,50,5.69454,5.2128,-135.68195,-2.27425,-15.67475,37.80264,-14.96736,MIA_RED,CEN_MIC,McKieFieldStad,D1,MAC,20240317-McKieFieldStad-1,a0a0c400-e493-11ee-aea4-b7dfdbffd9f3,93.56641,43.7868,,10.31266,,,,1.57247,3.77427,-0.95997,b24ae197-db0c-49a0-b090-a6c9874b4f44,2024-03-17,19:21:59.37,2024-03-17T15:21:59.3747308-04:00,2024-03-17T19:21:59.3747308Z,,v3,471355,471268,17 March 2024 13:00-cmichigan@miamioh,"Novak, David",1000076952,Right,MIA_RED,5628bd4f-5e33-40c4-aca3-d80657122b4e,53.39885,-136.62563,18.90132,5.74665,-1.90061,-7.48368,-1.95302,5.60409,-7.83738,,1.57247,13.81748,-4.60417,1.55577,0.38488,-3.31628,7.34262,-7.55263,2.9808,3.77427,73.81411,-22.76267,2.13565,-0.66146,1.4288,-3.04386,3.14976,-1.25163,-0.95997,-45.58343,8.04129,-2.29983,-0.35368,3.66928,-8.12827,8.35035,-3.29229,,,,,,,,,,,,,,,,,,,,,,,High,High,High,Medium,Low,,,
264,2024-03-17,15:22:26.46,4,8,"Zimmer, Ryan",800682,Right,MIA_RED,"Brill, Jake",1000240505,Right,CEN_MIC,Undefined,8,Top,2,2,2,Fastball,Four-Seam,FoulBallNotFieldable,Undefined,Undefined,Undefined,0,0,,94.74866,-1.814421,-3.740202,2409.46288,206.945951,1:00,5.92702,1.8397,6.20374,-11.53579,19.97651,9.53556,3.28683,-0.82286,84.66529,-4.104901,-2.024392,0.404028,88.8328,38.867376,52.465377,4345.277301,,,,,126.35273,,,-6.19973,11.28729,-1.56303,50,5.78459,8.53917,-137.09055,-4.60764,-11.53729,36.56144,-11.16905,MIA_RED,CEN_MIC,McKieFieldStad,D1,MAC,20240317-McKieFieldStad-1,b0a65400-e493-11ee-aea4-b7dfdbffd9f3,93.29167,80.67986,,10.08337,,,,0.52573,3.26711,0.79683,b24ae197-db0c-49a0-b090-a6c9874b4f44,2024-03-17,19:22:26.46,2024-03-17T15:22:26.4679788-04:00,2024-03-17T19:22:26.4679788Z,,v3,471355,471268,17 March 2024 13:00-cmichigan@miamioh,"Novak, David",1000076952,Right,MIA_RED,3a0d2efa-ab8d-479a-a0bf-8733b158000b,54.29054,-138.23008,18.28072,5.92277,-4.25952,-5.58453,-1.83478,8.89876,-5.76865,,0.52573,61.80272,-17.36516,4.63895,-1.16507,0.2232,-0.02948,-0.00093,0.00092,3.26711,81.75824,-23.37841,2.81235,-0.52838,0.08696,-0.0088,-0.00031,0.00019,0.79683,80.44219,-5.67119,-0.55734,0.46139,-0.18855,0.05747,-0.01407,0.00166,,,,,,,,,,,,,,,,,,,,,,,High,High,High,High,Low,,,
265,2024-03-17,15:22:49.56,4,9,"Zimmer, Ryan",800682,Right,MIA_RED,"Brill, Jake",1000240505,Right,CEN_MIC,Undefined,8,Top,2,2,2,Fastball,Four-Seam,BallCalled,Undefined,Undefined,Undefined,0,0,,93.32634,-0.514005,-4.736273,2340.717305,211.342576,1:00,5.84407,1.89102,6.52732,-14.71272,17.24025,9.78666,4.14485,-1.64828,83.79128,-3.387167,-2.968464,0.406843,,,,,,,,,,,,-6.59571,9.48997,-1.56483,50,5.80145,10.76913,-135.04127,-1.56708,-11.98525,33.78595,-14.92954,MIA_RED,CEN_MIC,McKieFieldStad,D1,MAC,20240317-McKieFieldStad-1,be792580-e493-11ee-aea4-b7dfdbffd9f3,92.64612,,,9.53506,,,,,,,b24ae197-db0c-49a0-b090-a6c9874b4f44,2024-03-17,19:22:49.56,2024-03-17T15:22:49.5606636-04:00,2024-03-17T19:22:49.5606636Z,,v3,471355,471268,17 March 2024 13:00-cmichigan@miamioh,"Novak, David",1000076952,Right,MIA_RED,94c58a1c-9165-4a9d-963c-d1a5ce067d6e,53.96592,-136.02989,16.89298,5.84091,-1.13023,-7.46477,-1.88508,11.11984,-5.99262,,,,,,,,,,,,,,,,,,,,,,,,,,,,,,,,,,,,,,,,,,,,,,,,,,,High,High,High,,,,,
266,2024-03-17,15:23:11.91,4,10,"Zimmer, Ryan",800682,Right,MIA_RED,"Brill, Jake",1000240505,Right,CEN_MIC,Undefined,8,Top,2,3,2,Fastball,Four-Seam,FoulBallNotFieldable,Undefined,Undefined,Undefined,0,0,,91.20697,-0.342,-2.533606,2219.363212,218.979755,1:15,5.67575,2.10724,6.7281,-17.12977,15.84564,11.8693,3.93541,0.77946,82.15112,-3.67143,-0.371787,0.413301,,,,,,,,,,,,-7.09965,8.82646,-1.9442,50,5.64627,5.39981,-132.42153,-1.21629,-12.40887,32.41351,-16.7471,MIA_RED,CEN_MIC,McKieFieldStad,D1,MAC,20240317-McKieFieldStad-1,cbd73c30-e493-11ee-aea4-b7dfdbffd9f3,91.19847,,,9.05585,,,,,,,b24ae197-db0c-49a0-b090-a6c9874b4f44,2024-03-17,19:23:11.91,2024-03-17T15:23:11.9168876-04:00,2024-03-17T19:23:11.9168876Z,,v3,471355,471268,17 March 2024 13:00-cmichigan@miamioh,"Novak, David",1000076952,Right,MIA_RED,9f1aa0f3-5f4c-4b99-93de-493ebc5bf8f4,53.76843,-133.34076,16.20675,5.67403,-0.74136,-8.37355,-2.10233,5.75172,-6.20444,,,,,,,,,,,,,,,,,,,,,,,,,,,,,,,,,,,,,,,,,,,,,,,,,,,High,High,High,,,,,
267,2024-03-17,15:23:53.37,4,11,"Zimmer, Ryan",800682,Right,MIA_RED,"Brill, Jake",1000240505,Right,CEN_MIC,Undefined,8,Top,2,3,2,Fastball,Four-Seam,StrikeSwinging,Strikeout,Undefined,Undefined,0,0,,93.92406,-3.501583,-4.294391,2377.924517,209.905664,1:00,5.67591,1.89691,6.9416,-10.04662,21.46997,11.59536,1.63879,-1.05266,83.39132,-5.561672,-2.180657,0.404056,,,,,,,,,,,,-7.65248,12.99229,-1.63194,50,5.45256,9.71085,-135.69207,-8.4438,-13.84093,37.96147,-8.67511,MIA_RED,CEN_MIC,McKieFieldStad,D1,MAC,20240317-McKieFieldStad-1,e48f3520-e493-11ee-aea4-b7dfdbffd9f3,93.28529,,,10.53273,,,,,,,b24ae197-db0c-49a0-b090-a6c9874b4f44,2024-03-17,19:23:53.37,2024-03-17T15:23:53.3786988-04:00,2024-03-17T19:23:53.3786988Z,,v3,471355,471268,17 March 2024 13:00-cmichigan@miamioh,"Novak, David",1000076952,Right,MIA_RED,0b2b0b3a-fdc1-4a9b-bc1d-91649d6d0920,53.55027,-136.68169,18.98074,5.66973,-8.21765,-4.33756,-1.8898,10.07167,-6.92047,,,,,,,,,,,,,,,,,,,,,,,,,,,,,,,,,,,,,,,,,,,,,,,,,,,High,High,High,,,,,
268,2024-03-17,15:25:49.53,1,1,"Hanson, Jared",10065903,Right,CEN_MIC,"Novak, David",1000076952,Right,MIA_RED,Undefined,8,Bottom,0,0,0,Fastball,Changeup,BallCalled,Undefined,Undefined,Undefined,0,0,,82.30337,1.077757,-1.604817,1635.522334,227.077072,1:30,5.45312,1.59827,6.1137,-32.64301,8.98063,8.0093,3.72986,0.78153,73.94106,-5.066707,-0.161809,0.464346,,,,,,,,,,,,-4.6115,4.74725,-1.47904,50,5.51919,3.0236,-119.31303,1.26071,-6.52509,26.89925,-25.4569,MIA_RED,CEN_MIC,McKieFieldStad,D1,MAC,20240317-McKieFieldStad-1,29c62bd0-e494-11ee-aea4-b7dfdbffd9f3,81.1732,,,8.36231,,,,,,,b24ae197-db0c-49a0-b090-a6c9874b4f44,2024-03-17,19:25:49.53,2024-03-17T15:25:49.5394156-04:00,2024-03-17T19:25:49.5394156Z,,v3,471355,471268,17 March 2024 13:00-cmichigan@miamioh,"Verburg, Spencer",1000240504,Right,CEN_MIC,70b33c05-d8a7-4ebd-9dd5-ab350284065b,54.37901,-120.29623,13.44962,5.4561,2.19119,-12.72845,-1.59391,3.2621,-3.26254,,,,,,,,,,,,,,,,,,,,,,,,,,,,,,,,,,,,,,,,,,,,,,,,,,,High,High,High,,,,,
269,2024-03-17,15:26:03.24,1,2,"Hanson, Jared",10065903,Right,CEN_MIC,"Novak, David",1000076952,Right,MIA_RED,Undefined,8,Bottom,0,1,0,Fastball,Changeup,StrikeCalled,Undefined,Undefined,Undefined,0,0,,81.96184,0.207446,-2.347874,1662.831224,231.304247,1:45,5.53047,1.44152,6.08928,-34.17392,7.60504,7.66197,2.8747,-0.09303,74.2009,-6.183876,-0.96832,0.465211,,,,,,,,,,,,-4.65666,4.31284,-1.26424,50,5.52879,4.57474,-118.87182,-0.61465,-6.57994,25.43821,-26.07994,MIA_RED,CEN_MIC,McKieFieldStad,D1,MAC,20240317-McKieFieldStad-1,32038bd0-e494-11ee-aea4-b7dfdbffd9f3,81.02218,,,7.76094,,,,,,,b24ae197-db0c-49a0-b090-a6c9874b4f44,2024-03-17,19:26:03.24,2024-03-17T15:26:03.2425836-04:00,2024-03-17T19:26:03.2425836Z,,v3,471355,471268,17 March 2024 13:00-cmichigan@miamioh,"Verburg, Spencer",1000240504,Right,CEN_MIC,85f4448c-14a2-407a-b09d-992e5c19500d,54.40536,-119.81084,12.7191,5.53371,0.34806,-13.03997,-1.4376,4.81763,-3.28997,,,,,,,,,,,,,,,,,,,,,,,,,,,,,,,,,,,,,,,,,,,,,,,,,,,High,High,High,,,,,
270,2024-03-17,15:26:17.75,1,3,"Hanson, Jared",10065903,Right,CEN_MIC,"Novak, David",1000076952,Right,MIA_RED,Undefined,8,Bottom,0,1,1,Fastball,Changeup,InPlay,Undefined,LineDrive,Single,0,0,,82.05916,0.217831,-2.866176,1641.507778,230.041413,1:45,5.48253,1.64315,6.0903,-32.16864,9.33288,9.46961,3.00356,-0.22114,74.58595,-5.801473,-1.162377,0.463664,88.73824,18.632377,6.208421,2681.423286,108.41285,28.31269,18.61797,278.73215,278.73215,14.444322,2.868007,-5.75583,5.15583,-1.42707,50,5.48242,5.60205,-119.04947,-0.51353,-8.19567,24.52757,-24.83273,MIA_RED,CEN_MIC,McKieFieldStad,D1,MAC,20240317-McKieFieldStad-1,3a9e9c30-e494-11ee-aea4-b7dfdbffd9f3,81.29258,30.28315,,7.47321,,,,0.88469,2.9662,0.23478,b24ae197-db0c-49a0-b090-a6c9874b4f44,2024-03-17,19:26:17.75,2024-03-17T15:26:17.7594220-04:00,2024-03-17T19:26:17.7594220Z,LineDrive,v3,471355,471268,17 March 2024 13:00-cmichigan@miamioh,"Verburg, Spencer",1000240504,Right,CEN_MIC,13af4a89-7a98-49e9-912a-e169fd1d4a71,54.40668,-119.95393,12.26379,5.48448,0.40219,-12.41637,-1.63922,5.90427,-4.09783,241.716222,0.88472,122.60284,-16.23916,3.3948,-0.61771,0.07632,-0.00061,-0.00182,0.00025,2.96614,41.58487,-16.88776,0.96412,-0.19428,0.08415,-0.03182,0.00716,-0.00065,0.23473,13.33922,7.01805,-1.95424,0.42714,-0.05422,-0.00166,0.0018,-0.0002,,,,,,,,,,,,,,,,,,,,,,,High,High,High,High,High,,,
271,2024-03-17,15:27:06.84,2,1,"Hanson, Jared",10065903,Right,CEN_MIC,"Appelwick, Evan",695485,Right,MIA_RED,Undefined,8,Bottom,0,0,0,Fastball,Changeup,StrikeCalled,Undefined,Undefined,Undefined,0,0,,82.70557,-0.70276,-2.519585,1636.725324,235.139343,1:45,5.5166,1.50214,6.10918,-33.53707,7.47071,8.65213,2.07136,-0.10814,74.98776,-6.966129,-0.960597,0.460898,,,,,,,,,,,,-5.21709,4.53083,-1.31289,50,5.44545,4.93746,-119.93498,-2.50605,-7.50564,25.85782,-25.6557,MIA_RED,CEN_MIC,McKieFieldStad,D1,MAC,20240317-McKieFieldStad-1,57ea4e10-e494-11ee-aea4-b7dfdbffd9f3,81.78049,,,7.71781,,,,,,,b24ae197-db0c-49a0-b090-a6c9874b4f44,2024-03-17,19:27:06.84,2024-03-17T15:27:06.8453740-04:00,2024-03-17T19:27:06.8453740Z,,v3,471355,471268,17 March 2024 13:00-cmichigan@miamioh,"Verburg, Spencer",1000240504,Right,CEN_MIC,ffdd693b-48f5-450a-9465-8b30efb22ef5,54.38548,-120.87679,12.92891,5.5197,-1.5716,-12.82785,-1.49771,5.21084,-3.75282,,,,,,,,,,,,,,,,,,,,,,,,,,,,,,,,,,,,,,,,,,,,,,,,,,,High,High,High,,,,,
272,2024-03-17,15:27:25.42,2,2,"Hanson, Jared",10065903,Right,CEN_MIC,"Appelwick, Evan",695485,Right,MIA_RED,Undefined,8,Bottom,0,0,1,Slider,Curveball,BallCalled,Undefined,Undefined,Undefined,0,0,,71.82855,0.417881,-3.347998,1794.205193,95.259001,9:15,5.3097,1.65157,6.08113,-50.51302,3.57418,-20.7647,1.48756,-3.17979,66.30774,-8.869143,-7.073667,0.52932,,,,,,,,,,,,9.66792,2.29595,-1.38247,50,5.31586,6.79316,-104.21901,-0.63736,10.57604,18.3955,-29.66246,MIA_RED,CEN_MIC,McKieFieldStad,D1,MAC,20240317-McKieFieldStad-1,63166990-e494-11ee-aea4-b7dfdbffd9f3,71.20914,,,5.5208,,,,,,,b24ae197-db0c-49a0-b090-a6c9874b4f44,2024-03-17,19:27:25.42,2024-03-17T15:27:25.4242668-04:00,2024-03-17T19:27:25.4242668Z,,v3,471355,471268,17 March 2024 13:00-cmichigan@miamioh,"Verburg, Spencer",1000240504,Right,CEN_MIC,b9396e9b-af31-461d-9191-f00230e87b1a,54.41716,-104.99577,9.19775,5.31633,0.61517,-14.83123,-1.65989,6.34658,5.28802,,,,,,,,,,,,,,,,,,,,,,,,,,,,,,,,,,,,,,,,,,,,,,,,,,,High,High,High,,,,,
273,2024-03-17,15:27:54.63,2,3,"Hanson, Jared",10065903,Right,CEN_MIC,"Appelwick, Evan",695485,Right,MIA_RED,Undefined,8,Bottom,0,1,1,Fastball,Changeup,FoulBallFieldable,Undefined,Undefined,Undefined,0,0,,82.58453,0.056091,-2.302775,1542.504539,234.10314,1:45,5.50816,1.59294,6.09577,-33.84191,7.30575,8.0926,2.73992,0.13633,74.75792,-6.27221,-0.845178,0.461683,65.30807,55.22492,32.672009,,80.76864,73.29906,74.67546,164.90616,90.55952,42.744123,4.493318,-4.90673,4.1711,-1.41981,50,5.49483,4.5071,-119.8025,-0.91946,-7.03559,26.04244,-26.19326,MIA_RED,CEN_MIC,McKieFieldStad,D1,MAC,20240317-McKieFieldStad-1,744bee10-e494-11ee-aea4-b7dfdbffd9f3,81.64138,79.26407,,7.82661,,,,1.25973,2.72539,-0.16042,b24ae197-db0c-49a0-b090-a6c9874b4f44,2024-03-17,19:27:54.63,2024-03-17T15:27:54.6343276-04:00,2024-03-17T19:27:54.6343276Z,Popup,v3,471355,471268,17 March 2024 13:00-cmichigan@miamioh,"Verburg, Spencer",1000240504,Right,CEN_MIC,c66f1109-bab2-4bc4-8b58-6ea2a46464d7,54.40044,-120.75528,13.02122,5.51094,0.03883,-13.09663,-1.58941,4.7645,-3.5178,210.788426,1.23322,46.54667,-15.21701,7.72007,-3.4367,0.95229,-0.12014,0.00206,0.00052,2.7112,79.05814,-26.02409,6.36204,-4.05106,1.87976,-0.49059,0.06558,-0.00354,-0.15549,29.41273,0.33718,-1.00216,0.09771,0.19971,-0.10245,0.01947,-0.00132,,,,,,,,,,,,,,,,,,,,,,,High,High,High,High,Low,,,
274,2024-03-17,15:28:40.13,2,4,"Hanson, Jared",10065903,Right,CEN_MIC,"Appelwick, Evan",695485,Right,MIA_RED,Undefined,8,Bottom,0,1,2,ChangeUp,Changeup,BallinDirt,Undefined,Undefined,Undefined,0,0,,75.31493,-0.223645,-3.491554,1487.981455,294.094125,3:45,5.26704,1.54526,6.20918,-54.0218,-4.27996,13.73426,0.55844,-0.53666,68.19577,-10.214988,-1.009327,0.507612,,,,,,,,,,,,-8.31426,-1.59398,-1.28972,50,5.22385,6.18242,-109.14049,-1.9997,-9.80079,23.27389,-34.05301,MIA_RED,CEN_MIC,McKieFieldStad,D1,MAC,20240317-McKieFieldStad-1,8f951930-e494-11ee-aea4-b7dfdbffd9f3,74.25436,,,7.11916,,,,,,,b24ae197-db0c-49a0-b090-a6c9874b4f44,2024-03-17,19:28:40.13,2024-03-17T15:28:40.1390444-04:00,2024-03-17T19:28:40.1390444Z,,v3,471355,471268,17 March 2024 13:00-cmichigan@miamioh,"Verburg, Spencer",1000240504,Right,CEN_MIC,cde97b41-9343-4f0d-aec6-98f1fe84ec59,54.28865,-110.05123,11.63695,5.27603,-0.66716,-17.02651,-1.53915,6.56594,-4.90039,,,,,,,,,,,,,,,,,,,,,,,,,,,,,,,,,,,,,,,,,,,,,,,,,,,High,High,High,,,,,
275,2024-03-17,15:29:00.36,2,5,"Hanson, Jared",10065903,Right,CEN_MIC,"Appelwick, Evan",695485,Right,MIA_RED,Undefined,8,Bottom,0,2,2,Fastball,Changeup,BallCalled,Undefined,Undefined,Undefined,0,0,,83.79786,-1.759615,-4.585641,1538.795565,243.316742,2:00,5.39922,1.55917,6.30342,-33.09262,6.78524,10.65843,1.01469,-1.78634,75.98153,-7.93975,-2.664123,0.454504,,,,,,,,,,,,-6.96126,4.53095,-1.22679,50,5.25422,9.3145,-121.24809,-4.73616,-10.22407,26.66844,-25.51939,MIA_RED,CEN_MIC,McKieFieldStad,D1,MAC,20240317-McKieFieldStad-1,9baaaa50-e494-11ee-aea4-b7dfdbffd9f3,82.931,,,7.81633,,,,,,,b24ae197-db0c-49a0-b090-a6c9874b4f44,2024-03-17,19:29:00.36,2024-03-17T15:29:00.3656044-04:00,2024-03-17T19:29:00.3656044Z,,v3,471355,471268,17 March 2024 13:00-cmichigan@miamioh,"Verburg, Spencer",1000240504,Right,CEN_MIC,ec45625b-1c41-43b8-a6a6-60ea9c87c51d,54.19201,-122.16664,13.33422,5.40221,-3.85718,-12.7597,-1.55368,9.66665,-5.11204,,,,,,,,,,,,,,,,,,,,,,,,,,,,,,,,,,,,,,,,,,,,,,,,,,,High,High,High,,,,,
276,2024-03-17,15:29:20.37,2,6,"Hanson, Jared",10065903,Right,CEN_MIC,"Appelwick, Evan",695485,Right,MIA_RED,Undefined,8,Bottom,0,3,2,Fastball,Changeup,BallCalled,Walk,Undefined,Undefined,0,0,,84.68269,-1.431573,-3.948224,1805.897618,205.559573,12:45,5.51274,1.54556,6.19398,-26.80427,12.05221,5.14299,1.95402,-1.6766,77.19897,-6.460124,-3.022962,0.448645,,,,,,,,,,,,-3.80843,7.0563,-1.2504,50,5.39129,8.26683,-122.69363,-3.86664,-5.77455,25.47897,-21.47493,MIA_RED,CEN_MIC,McKieFieldStad,D1,MAC,20240317-McKieFieldStad-1,a7916340-e494-11ee-aea4-b7dfdbffd9f3,84.01391,,,7.48372,,,,,,,b24ae197-db0c-49a0-b090-a6c9874b4f44,2024-03-17,19:29:20.37,2024-03-17T15:29:20.3761004-04:00,2024-03-17T19:29:20.3761004Z,,v3,471355,471268,17 March 2024 13:00-cmichigan@miamioh,"Verburg, Spencer",1000240504,Right,CEN_MIC,91211de2-8d7a-4ed7-9efa-d946184ba40e,54.30154,-123.58367,12.73949,5.51325,-3.11646,-10.73747,-1.54271,8.46855,-2.88727,,,,,,,,,,,,,,,,,,,,,,,,,,,,,,,,,,,,,,,,,,,,,,,,,,,High,High,High,,,,,
277,2024-03-17,15:30:53.95,3,1,"Hanson, Jared",10065903,Right,CEN_MIC,"Gorski, Justin",1000092396,Right,MIA_RED,Undefined,8,Bottom,0,0,0,Fastball,Changeup,BallCalled,Undefined,Undefined,Undefined,0,0,,83.08662,-0.761378,-1.597425,1848.084606,239.939766,2:00,5.45185,1.77698,6.10745,-31.62262,8.60717,12.62131,2.11227,1.35123,75.97821,-6.658635,0.67868,0.456505,,,,,,,,,,,,-6.92886,5.07634,-1.66053,50,5.377,2.87284,-120.67511,-2.57682,-10.18523,24.17198,-24.71197,MIA_RED,CEN_MIC,McKieFieldStad,D1,MAC,20240317-McKieFieldStad-1,df396f40-e494-11ee-aea4-b7dfdbffd9f3,82.56746,,,7.10841,,,,,,,b24ae197-db0c-49a0-b090-a6c9874b4f44,2024-03-17,19:30:53.95,2024-03-17T15:30:53.9506540-04:00,2024-03-17T19:30:53.9506540Z,,v3,471355,471268,17 March 2024 13:00-cmichigan@miamioh,"Verburg, Spencer",1000240504,Right,CEN_MIC,ab1378a0-224b-41d6-9240-456ad5097f8a,54.38894,-121.55106,12.08599,5.45415,-1.6813,-12.35598,-1.77132,3.24194,-5.09261,,,,,,,,,,,,,,,,,,,,,,,,,,,,,,,,,,,,,,,,,,,,,,,,,,,High,High,High,,,,,
278,2024-03-17,15:31:10.33,3,2,"Hanson, Jared",10065903,Right,CEN_MIC,"Gorski, Justin",1000092396,Right,MIA_RED,Undefined,8,Bottom,0,1,0,Fastball,Changeup,InPlay,Undefined,FlyBall,Out,1,0,,83.06517,-0.681801,-3.346813,1802.378379,234.155817,1:45,5.48453,1.85771,6.13643,-30.85872,9.64788,11.43575,2.28175,-0.28594,75.49169,-6.458806,-1.28794,0.458072,97.60913,46.391956,29.840068,3760.183002,90.80659,109.25262,62.08152,337.88746,164.87139,38.653756,6.456181,-6.95563,5.59103,-1.60813,50,5.41652,6.61234,-120.45688,-2.36171,-10.12711,25.37881,-24.03377,MIA_RED,CEN_MIC,McKieFieldStad,D1,MAC,20240317-McKieFieldStad-1,e8f001c0-e494-11ee-aea4-b7dfdbffd9f3,82.28489,146.5394,,7.57347,,,,2.10212,2.68534,0.26508,b24ae197-db0c-49a0-b090-a6c9874b4f44,2024-03-17,19:31:10.33,2024-03-17T15:31:10.3354732-04:00,2024-03-17T19:31:10.3354732Z,FlyBall,v3,471355,471268,17 March 2024 13:00-cmichigan@miamioh,"Verburg, Spencer",1000240504,Right,CEN_MIC,4eb5c294-87f8-4c05-af02-71a7999b6903,54.36107,-121.37223,12.68941,5.48607,-1.49488,-12.01689,-1.85321,6.9776,-5.06355,,2.07517,85.99679,-24.95567,8.01499,-1.98316,0.30741,-0.02052,-0.00031,7E-05,2.65933,104.1114,-24.0269,3.80544,-1.5827,0.5121,-0.09326,0.00863,-0.00032,0.257,49.2661,-4.986,0.75584,-0.24066,0.08448,-0.01671,0.00165,-6E-05,,,,,,,,,,,,,,,,,,,,,,,High,High,High,Medium,Low,,,
279,2024-03-17,15:32:12.74,4,1,"Hanson, Jared",10065903,Right,CEN_MIC,"Batusich, Ty",1000297118,Left,MIA_RED,Undefined,8,Bottom,1,0,0,Fastball,Changeup,StrikeCalled,Undefined,Undefined,Undefined,0,0,,83.9337,-0.126134,-1.544954,1782.664368,206.515184,1:00,5.39625,1.82573,6.20974,-25.46001,14.23076,6.39292,3.15813,0.93227,75.74232,-4.960861,-0.390922,0.453436,,,,,,,,,,,,-3.77788,7.82016,-1.71281,50,5.37414,3.03231,-121.77639,-0.98721,-5.59202,27.09921,-20.59862,MIA_RED,CEN_MIC,McKieFieldStad,D1,MAC,20240317-McKieFieldStad-1,0e544d90-e495-11ee-aea4-b7dfdbffd9f3,83.12622,,,8.19137,,,,,,,b24ae197-db0c-49a0-b090-a6c9874b4f44,2024-03-17,19:32:12.74,2024-03-17T15:32:12.7477612-04:00,2024-03-17T19:32:12.7477612Z,,v3,471355,471268,17 March 2024 13:00-cmichigan@miamioh,"Verburg, Spencer",1000240504,Right,CEN_MIC,ba5adc8a-808e-43b2-b824-496b2aba7293,54.28401,-122.72602,13.5496,5.39609,-0.26538,-10.29931,-1.82251,3.22827,-2.79601,,,,,,,,,,,,,,,,,,,,,,,,,,,,,,,,,,,,,,,,,,,,,,,,,,,High,High,High,,,,,
280,2024-03-17,15:32:29.46,4,2,"Hanson, Jared",10065903,Right,CEN_MIC,"Batusich, Ty",1000297118,Left,MIA_RED,Undefined,8,Bottom,1,0,1,Fastball,Changeup,StrikeSwinging,Undefined,Undefined,Undefined,0,0,,83.77306,-0.760739,-2.292622,1675.478936,215.444601,1:15,5.36693,1.60318,6.15527,-24.56706,15.20209,9.84449,2.61625,0.30435,75.97799,-5.414392,-0.51815,0.453884,,,,,,,,,,,,-5.74886,8.48914,-1.43372,50,5.29654,4.47789,-121.53667,-2.30907,-8.52057,25.84151,-19.59201,MIA_RED,CEN_MIC,McKieFieldStad,D1,MAC,20240317-McKieFieldStad-1,182daa50-e495-11ee-aea4-b7dfdbffd9f3,83.04429,,,7.79507,,,,,,,b24ae197-db0c-49a0-b090-a6c9874b4f44,2024-03-17,19:32:29.46,2024-03-17T15:32:29.4648684-04:00,2024-03-17T19:32:29.4648684Z,,v3,471355,471268,17 March 2024 13:00-cmichigan@miamioh,"Verburg, Spencer",1000240504,Right,CEN_MIC,7085a189-0bc3-4cc9-9f2b-d0c024366fda,54.33945,-122.45586,12.92076,5.36628,-1.61217,-9.79601,-1.59839,4.78097,-4.26029,,,,,,,,,,,,,,,,,,,,,,,,,,,,,,,,,,,,,,,,,,,,,,,,,,,High,High,High,,,,,
281,2024-03-17,15:32:46.56,4,3,"Hanson, Jared",10065903,Right,CEN_MIC,"Batusich, Ty",1000297118,Left,MIA_RED,Undefined,8,Bottom,1,0,2,ChangeUp,Changeup,BallinDirt,Undefined,Undefined,Undefined,0,0,,75.89896,-2.035213,-4.435268,1657.779321,272.666188,3:00,5.29209,1.87548,6.27104,-47.59731,0.85532,17.43032,-0.55693,-0.76881,69.58042,-10.810031,-1.284538,0.500991,,,,,,,,,,,,-10.58008,1.43811,-1.55582,50,5.11769,7.95985,-109.94938,-5.24964,-12.81024,21.47664,-30.43279,MIA_RED,CEN_MIC,McKieFieldStad,D1,MAC,20240317-McKieFieldStad-1,229dc8d0-e495-11ee-aea4-b7dfdbffd9f3,75.23575,,,6.31854,,,,,,,b24ae197-db0c-49a0-b090-a6c9874b4f44,2024-03-17,19:32:46.56,2024-03-17T15:32:46.5673580-04:00,2024-03-17T19:32:46.5673580Z,,v3,471355,471268,17 March 2024 13:00-cmichigan@miamioh,"Verburg, Spencer",1000240504,Right,CEN_MIC,09c5dd4d-b7a2-4b56-8332-e56bbe70f624,54.22969,-110.77249,10.73832,5.29654,-4.08327,-15.21639,-1.8703,8.45082,-6.40512,,,,,,,,,,,,,,,,,,,,,,,,,,,,,,,,,,,,,,,,,,,,,,,,,,,High,High,High,,,,,
282,2024-03-17,15:33:07.89,4,4,"Hanson, Jared",10065903,Right,CEN_MIC,"Batusich, Ty",1000297118,Left,MIA_RED,Undefined,8,Bottom,1,1,2,ChangeUp,Changeup,BallCalled,Undefined,Undefined,Undefined,0,0,,75.37367,0.329575,-3.560774,1670.47378,278.25141,3:15,5.38542,1.61362,6.24986,-49.45554,0.1865,11.69434,1.56865,-0.69989,67.96366,-8.873752,-1.449048,0.507103,,,,,,,,,,,,-7.30969,0.50705,-1.35437,50,5.38612,6.39173,-109.18972,-0.77307,-8.61867,23.4104,-31.57621,MIA_RED,CEN_MIC,McKieFieldStad,D1,MAC,20240317-McKieFieldStad-1,2f113160-e495-11ee-aea4-b7dfdbffd9f3,74.32895,,,7.41,,,,,,,b24ae197-db0c-49a0-b090-a6c9874b4f44,2024-03-17,19:33:07.89,2024-03-17T15:33:07.8930796-04:00,2024-03-17T19:33:07.8930796Z,,v3,471355,471268,17 March 2024 13:00-cmichigan@miamioh,"Verburg, Spencer",1000240504,Right,CEN_MIC,c7a69ee1-29ca-4431-841e-a8513159a4db,54.24694,-110.0965,11.7052,5.39237,0.45001,-15.78811,-1.60842,6.72556,-4.30933,,,,,,,,,,,,,,,,,,,,,,,,,,,,,,,,,,,,,,,,,,,,,,,,,,,High,High,High,,,,,
283,2024-03-17,15:33:29.37,4,5,"Hanson, Jared",10065903,Right,CEN_MIC,"Batusich, Ty",1000297118,Left,MIA_RED,Undefined,8,Bottom,1,2,2,ChangeUp,Changeup,BallCalled,Undefined,Undefined,Undefined,0,0,,74.72499,2.696533,-1.213674,1632.398599,270.61888,3:00,5.24338,1.74538,6.28113,-48.34278,1.55827,15.02875,3.70253,1.87901,67.66892,-6.330225,1.502726,0.508424,,,,,,,,,,,,-8.08142,0.56417,-1.66228,50,5.41996,1.76592,-108.39712,3.74063,-9.49643,21.13371,-31.51111,MIA_RED,CEN_MIC,McKieFieldStad,D1,MAC,20240317-McKieFieldStad-1,3be04e80-e495-11ee-aea4-b7dfdbffd9f3,74.13581,,,7.05608,,,,,,,b24ae197-db0c-49a0-b090-a6c9874b4f44,2024-03-17,19:33:29.37,2024-03-17T15:33:29.3792620-04:00,2024-03-17T19:33:29.3792620Z,,v3,471355,471268,17 March 2024 13:00-cmichigan@miamioh,"Verburg, Spencer",1000240504,Right,CEN_MIC,6874c6f2-c7de-4f93-88be-0eefb7361040,54.21482,-109.21577,10.56686,5.25142,4.96127,-15.75555,-1.73781,2.13378,-4.74822,,,,,,,,,,,,,,,,,,,,,,,,,,,,,,,,,,,,,,,,,,,,,,,,,,,High,High,High,,,,,
284,2024-03-17,15:33:47.23,4,6,"Hanson, Jared",10065903,Right,CEN_MIC,"Batusich, Ty",1000297118,Left,MIA_RED,Undefined,8,Bottom,1,3,2,Fastball,Changeup,InPlay,Undefined,GroundBall,Out,1,1,,86.02783,-0.532539,-2.064225,1720.390347,239.820876,2:00,5.38875,1.82235,6.24247,-29.22057,8.37587,12.17615,2.46219,0.93228,78.04356,-6.019284,0.13597,0.441311,98.37697,-14.828531,-37.642985,,,,,9.00032,9.00032,-34.408417,0.054732,-6.94654,4.89453,-1.67444,50,5.33483,4.02277,-124.88044,-2.0591,-10.85174,27.67422,-24.52789,MIA_RED,CEN_MIC,McKieFieldStad,D1,MAC,20240317-McKieFieldStad-1,467de5a0-e495-11ee-aea4-b7dfdbffd9f3,85.41015,2.02384,,7.98427,,,,1.37237,2.02384,-0.41717,b24ae197-db0c-49a0-b090-a6c9874b4f44,2024-03-17,19:33:47.23,2024-03-17T15:33:47.2370540-04:00,2024-03-17T19:33:47.2370540Z,GroundBall,v3,471355,471268,17 March 2024 13:00-cmichigan@miamioh,"Verburg, Spencer",1000240504,Right,CEN_MIC,470392d9-96f6-4c38-8599-072c8ef1a8ed,54.25415,-125.81966,13.83711,5.39058,-1.22667,-12.26395,-1.81721,4.39105,-5.42587,180,1.37104,110.59592,,,,,,,,2.02428,-36.97708,,,,,,,,-0.41615,-85.30258,,,,,,,,,,,,,,,,,,,,,,,,,,,,,,High,High,High,High,High,,,
285,2024-03-17,15:34:28.46,5,1,"Hanson, Jared",10065903,Right,CEN_MIC,"MacDonald, Zach",1000061940,Right,MIA_RED,Undefined,8,Bottom,2,0,0,Slider,Curveball,StrikeCalled,Undefined,Undefined,Undefined,0,0,,72.20457,1.118691,-0.431409,1707.555498,135.854254,10:30,5.31374,1.97679,5.88535,-44.14707,11.37721,-8.76249,2.67377,0.84598,64.02967,-7.184238,-2.004107,0.536306,,,,,,,,,,,,4.26512,6.0687,-1.93715,50,5.37946,1.10346,-104.45487,0.83189,4.53879,23.6215,-25.71595,MIA_RED,CEN_MIC,McKieFieldStad,D1,MAC,20240317-McKieFieldStad-1,5f35de90-e495-11ee-aea4-b7dfdbffd9f3,70.28157,,,8.1749,,,,,,,b24ae197-db0c-49a0-b090-a6c9874b4f44,2024-03-17,19:34:28.46,2024-03-17T15:34:28.4654956-04:00,2024-03-17T19:34:28.4654956Z,,v3,471355,471268,17 March 2024 13:00-cmichigan@miamioh,"Verburg, Spencer",1000240504,Right,CEN_MIC,6782bd65-20ac-410f-85d4-48d8ec4c855e,54.60436,-105.49096,11.81075,5.31824,1.95985,-12.85798,-1.98118,0.90438,2.26939,,,,,,,,,,,,,,,,,,,,,,,,,,,,,,,,,,,,,,,,,,,,,,,,,,,High,High,High,,,,,
286,2024-03-17,15:34:43.67,5,2,"Hanson, Jared",10065903,Right,CEN_MIC,"MacDonald, Zach",1000061940,Right,MIA_RED,Undefined,8,Bottom,2,0,1,Fastball,Changeup,InPlay,Undefined,FlyBall,Triple,0,1,,85.06511,-1.329308,-2.834478,1848.581943,222.960484,1:30,5.51544,1.36306,6.0807,-23.65253,15.52631,13.05721,2.31283,-0.17335,76.27077,-5.832184,-0.485063,0.450503,97.26632,35.224861,9.289189,4410.583596,107.03889,71.25792,25.35079,368.78111,368.78111,21.076985,5.131495,-7.71926,8.88619,-1.15089,50,5.40031,5.58213,-123.21211,-3.53772,-11.6038,29.53332,-18.81612,MIA_RED,CEN_MIC,McKieFieldStad,D1,MAC,20240317-McKieFieldStad-1,682e7840-e495-11ee-aea4-b7dfdbffd9f3,83.66753,97.98072,,8.79434,,,,1.51843,2.30358,0.16142,b24ae197-db0c-49a0-b090-a6c9874b4f44,2024-03-17,19:34:43.67,2024-03-17T15:34:43.6757868-04:00,2024-03-17T19:34:43.6757868Z,FlyBall,v3,471355,471268,17 March 2024 13:00-cmichigan@miamioh,"Verburg, Spencer",1000240504,Right,CEN_MIC,6cf9973e-34d2-40fb-8074-658a45f3ebd5,54.41467,-124.26578,14.76666,5.51455,-2.86641,-9.40806,-1.35743,5.99612,-5.8019,211.010034,1.52061,114.96483,-24.69823,6.30652,-1.19093,0.18398,-0.02602,0.00289,-0.00015,2.30541,82.24101,-19.64662,0.79559,0.19111,-0.14171,0.03865,-0.00498,0.00025,0.16079,18.8246,4.31556,-1.26845,0.23091,-0.02273,0.00029,0.00014,-1E-05,,,,,,,,,,,,,,,,,,,,,,,High,High,High,High,Medium,,,
287,2024-03-17,15:35:31.34,6,1,"Hanson, Jared",10065903,Right,CEN_MIC,"Zaborowski, Ryland",695301,Right,MIA_RED,Undefined,8,Bottom,2,0,0,Slider,Curveball,InPlay,Undefined,FlyBall,Out,1,0,,71.69819,2.480243,-0.961578,1842.674637,106.61209,9:30,5.29985,1.76836,5.89633,-48.05987,7.65922,-18.5819,3.59926,-0.67293,64.27689,-6.494112,-4.292283,0.537246,87.47798,39.763693,-14.39616,3147.444445,,,,,94.10457,,,9.22268,3.59418,-1.68002,50,5.47228,2.3762,-103.84119,3.17814,9.80108,21.71768,-28.35449,MIA_RED,CEN_MIC,McKieFieldStad,D1,MAC,20240317-McKieFieldStad-1,84903f50-e495-11ee-aea4-b7dfdbffd9f3,70.15859,71.99856,,7.42131,,,,2.86465,3.6905,0.57828,b24ae197-db0c-49a0-b090-a6c9874b4f44,2024-03-17,19:35:31.34,2024-03-17T15:35:31.3482092-04:00,2024-03-17T19:35:31.3482092Z,,v3,471355,471268,17 March 2024 13:00-cmichigan@miamioh,"Verburg, Spencer",1000240504,Right,CEN_MIC,6cb5726d-fc5b-4ff7-8b5d-afc9b2517f06,54.59986,-104.7988,10.85884,5.30458,4.4284,-14.17724,-1.77527,1.94403,4.90054,190.568888,2.86465,95.52664,-20.72949,6.18262,-1.51686,0.34553,-0.07025,0.00951,-0.00031,3.6905,82.06413,-20.61944,0.9585,0.15176,-0.12309,0.04299,-0.01046,0.00141,0.57828,-24.52025,7.79832,-2.04505,0.44347,-0.0883,0.01475,-0.00094,-0.00022,,,,,,,,,,,,,,,,,,,,,,,High,High,High,High,Low,,,
288,2024-03-17,15:38:19.54,1,1,"DeMonica, Nick",1000121586,Left,MIA_RED,"Stuart, Ely",1000082214,Right,CEN_MIC,Undefined,9,Top,0,0,0,Fastball,Four-Seam,FoulBallNotFieldable,Undefined,Undefined,Undefined,0,0,,87.15658,-0.950153,3.109228,2411.821634,143.862652,10:45,5.59106,-2.20366,5.99215,-19.56422,17.81489,-11.97886,3.07881,-0.31771,78.1628,-4.703855,0.959165,0.440034,70.96401,31.905386,165.405742,2729.645109,,,,,57.72592,,,7.1852,9.86386,1.96503,50,5.50551,-6.35858,-126.21858,-2.64278,11.36541,30.35543,-16.57156,MIA_RED,CEN_MIC,McKieFieldStad,D1,MAC,20240317-McKieFieldStad-1,e8e7cef0-e495-11ee-aea4-b7dfdbffd9f3,85.65807,27.86913,,8.99378,,,,1.32708,3.07613,0.31058,b24ae197-db0c-49a0-b090-a6c9874b4f44,2024-03-17,19:38:19.54,2024-03-17T15:38:19.5456876-04:00,2024-03-17T19:38:19.5456876Z,,v3,471355,471268,17 March 2024 13:00-cmichigan@miamioh,"Novak, David",1000076952,Right,MIA_RED,a2dce133-15f4-451b-bf3a-438b9a7dec17,54.50263,-127.29685,15.17772,5.58893,-2.05413,-8.28578,2.19807,-6.7623,5.68271,129.48941,1.32708,-85.50623,39.21903,-6.18471,1.80304,-1.15305,0.76493,-0.29881,0.04865,3.07613,55.00979,-38.51186,10.89818,-4.36294,3.27939,-2.31666,0.94722,-0.16024,0.31058,22.26335,-6.76697,0.38767,0.05022,-0.12053,0.10763,-0.04873,0.00879,,,,,,,,,,,,,,,,,,,,,,,High,High,High,High,Low,,,
289,2024-03-17,15:38:39.36,1,2,"DeMonica, Nick",1000121586,Left,MIA_RED,"Stuart, Ely",1000082214,Right,CEN_MIC,Undefined,9,Top,0,0,1,Fastball,Four-Seam,BallinDirt,Undefined,Undefined,Undefined,0,0,,86.87477,-4.014126,3.402147,2371.973232,144.637679,10:45,5.59136,-2.24827,5.97824,-19.89568,17.91619,-11.68249,0.19979,-0.06446,78.22831,-7.795448,1.305429,0.442574,,,,,,,,,,,,7.1504,10.9641,1.98565,50,5.2623,-6.98378,-125.50158,-9.38575,11.18711,29.90988,-15.02018,MIA_RED,CEN_MIC,McKieFieldStad,D1,MAC,20240317-McKieFieldStad-1,f49fafb0-e495-11ee-aea4-b7dfdbffd9f3,85.1665,,,8.64646,,,,,,,b24ae197-db0c-49a0-b090-a6c9874b4f44,2024-03-17,19:38:39.36,2024-03-17T15:38:39.3654124-04:00,2024-03-17T19:38:39.3654124Z,,v3,471355,471268,17 March 2024 13:00-cmichigan@miamioh,"Novak, David",1000076952,Right,MIA_RED,d7075cbb-52fe-4acf-9280-c83dea9cd583,54.51739,-126.57359,14.95494,5.58905,-8.84741,-7.51009,2.24315,-7.38475,5.59355,,,,,,,,,,,,,,,,,,,,,,,,,,,,,,,,,,,,,,,,,,,,,,,,,,,High,High,High,,,,,
290,2024-03-17,15:38:56.23,1,3,"DeMonica, Nick",1000121586,Left,MIA_RED,"Stuart, Ely",1000082214,Right,CEN_MIC,Undefined,9,Top,0,1,1,Curveball,Curveball,InPlay,Undefined,GroundBall,Out,1,0,,74.10867,2.11593,0.795273,2491.26086,305.648456,4:15,5.45833,-2.2113,5.39346,-63.44358,-10.68875,17.53131,2.15543,-0.00501,67.22833,-9.432069,3.91692,0.52276,,,,,,,,,,,,-8.60859,-5.65654,2.12729,50,5.6022,-2.14026,-107.43421,1.90515,-9.85634,22.14919,-38.65047,MIA_RED,CEN_MIC,McKieFieldStad,D1,MAC,20240317-McKieFieldStad-1,feb1cfb0-e495-11ee-aea4-b7dfdbffd9f3,72.10272,,,6.88033,,,,,,,b24ae197-db0c-49a0-b090-a6c9874b4f44,2024-03-17,19:38:56.23,2024-03-17T15:38:56.2317676-04:00,2024-03-17T19:38:56.2317676Z,,v3,471355,471268,17 March 2024 13:00-cmichigan@miamioh,"Novak, David",1000076952,Right,MIA_RED,e1d4db07-3fd3-448e-8eaf-334547b858bc,55.10741,-108.48206,11.0746,5.46882,3.73367,-19.32524,2.21752,-1.67397,-4.92817,,,,,,,,,,,,,,,,,,,,,,,,,,,,,,,,,,,,,,,,,,,,,,,,,,,High,High,High,,,,,
291,2024-03-17,15:39:28.73,2,1,"DeMonica, Nick",1000121586,Left,MIA_RED,"Webb, Bryson",10096965,Right,CEN_MIC,Undefined,9,Top,1,0,0,Fastball,Four-Seam,StrikeCalled,Undefined,Undefined,Undefined,0,0,,87.3846,-1.660268,4.1984,2462.26173,142.103167,10:45,5.53716,-2.15417,5.80955,-18.90036,19.2034,-13.68024,2.41366,0.61691,77.2344,-5.315831,1.755857,0.444279,,,,,,,,,,,,8.47532,10.82241,1.81733,50,5.38983,-8.65166,-126.09245,-4.1797,13.19045,33.59052,-15.33078,MIA_RED,CEN_MIC,McKieFieldStad,D1,MAC,20240317-McKieFieldStad-1,121a87e0-e496-11ee-aea4-b7dfdbffd9f3,84.83966,,,10.1502,,,,,,,b24ae197-db0c-49a0-b090-a6c9874b4f44,2024-03-17,19:39:28.73,2024-03-17T15:39:28.7367020-04:00,2024-03-17T19:39:28.7367020Z,,v3,471355,471268,17 March 2024 13:00-cmichigan@miamioh,"Novak, David",1000076952,Right,MIA_RED,398a2b0f-3711-4080-b621-77fe14bcbc3e,54.68113,-127.33338,16.79526,5.53378,-3.61334,-7.66539,2.14595,-9.13895,6.59523,,,,,,,,,,,,,,,,,,,,,,,,,,,,,,,,,,,,,,,,,,,,,,,,,,,High,High,High,,,,,
292,2024-03-17,15:39:46.61,2,2,"DeMonica, Nick",1000121586,Left,MIA_RED,"Webb, Bryson",10096965,Right,CEN_MIC,Undefined,9,Top,1,0,1,Curveball,Curveball,BallinDirt,Undefined,Undefined,Undefined,0,0,,74.91332,0.024416,1.879318,2577.192939,310.547167,4:15,5.48413,-2.21303,5.43265,-63.5507,-11.35008,15.64867,0.21112,0.8516,67.62111,-11.511928,4.671847,0.520007,,,,,,,,,,,,-7.21949,-5.23941,2.03524,50,5.44231,-4.14557,-108.47763,-2.0356,-8.31231,24.93548,-38.20654,MIA_RED,CEN_MIC,McKieFieldStad,D1,MAC,20240317-McKieFieldStad-1,1cb95780-e496-11ee-aea4-b7dfdbffd9f3,72.48449,,,7.29221,,,,,,,b24ae197-db0c-49a0-b090-a6c9874b4f44,2024-03-17,19:39:46.61,2024-03-17T15:39:46.6199404-04:00,2024-03-17T19:39:46.6199404Z,,v3,471355,471268,17 March 2024 13:00-cmichigan@miamioh,"Novak, David",1000076952,Right,MIA_RED,4dc545b8-8497-48f0-8b55-a7fc04c003e7,55.0663,-109.63602,12.46774,5.49565,-0.26069,-19.10327,2.21886,-3.75942,-4.15615,,,,,,,,,,,,,,,,,,,,,,,,,,,,,,,,,,,,,,,,,,,,,,,,,,,High,High,High,,,,,
293,2024-03-17,15:40:06.83,2,3,"DeMonica, Nick",1000121586,Left,MIA_RED,"Webb, Bryson",10096965,Right,CEN_MIC,Undefined,9,Top,1,1,1,Curveball,Curveball,StrikeCalled,Undefined,Undefined,Undefined,0,0,,75.2729,2.363447,1.109295,2676.219793,301.898607,4:00,5.53187,-2.25024,5.27367,-62.14251,-9.15091,18.54095,2.57488,0.33688,66.21258,-9.027656,4.400516,0.523932,,,,,,,,,,,,-8.64445,-4.73126,2.13521,50,5.70361,-2.86399,-108.63136,2.35343,-9.81749,27.795,-37.54733,MIA_RED,CEN_MIC,McKieFieldStad,D1,MAC,20240317-McKieFieldStad-1,28cf36c0-e496-11ee-aea4-b7dfdbffd9f3,71.94146,,,9.06032,,,,,,,b24ae197-db0c-49a0-b090-a6c9874b4f44,2024-03-17,19:40:06.83,2024-03-17T15:40:06.8337004-04:00,2024-03-17T19:40:06.8337004Z,,v3,471355,471268,17 March 2024 13:00-cmichigan@miamioh,"Novak, David",1000076952,Right,MIA_RED,0adf32ee-ed39-427f-9a5c-fa09b2704631,55.21859,-109.95851,13.8975,5.54844,4.14623,-18.77367,2.26077,-2.39523,-4.90875,,,,,,,,,,,,,,,,,,,,,,,,,,,,,,,,,,,,,,,,,,,,,,,,,,,High,High,High,,,,,
294,2024-03-17,15:40:22.51,2,4,"DeMonica, Nick",1000121586,Left,MIA_RED,"Webb, Bryson",10096965,Right,CEN_MIC,Undefined,9,Top,1,1,2,Fastball,Four-Seam,StrikeCalled,Strikeout,Undefined,Undefined,0,0,,87.2569,-2.133412,4.039662,2531.349789,153.544215,11:00,5.66146,-2.13105,5.60703,-14.84895,23.47631,-10.89351,2.42677,0.73819,77.47512,-5.044957,2.102377,0.445568,,,,,,,,,,,,6.9537,13.06682,1.79228,50,5.4696,-8.41296,-125.93463,-5.06808,10.84961,32.35271,-11.78641,MIA_RED,CEN_MIC,McKieFieldStad,D1,MAC,20240317-McKieFieldStad-1,3225a7e0-e496-11ee-aea4-b7dfdbffd9f3,84.59416,,,9.78178,,,,,,,b24ae197-db0c-49a0-b090-a6c9874b4f44,2024-03-17,19:40:22.51,2024-03-17T15:40:22.5100000-04:00,2024-03-17T19:40:22.5100000Z,,v3,471355,471268,17 March 2024 13:00-cmichigan@miamioh,"Novak, David",1000076952,Right,MIA_RED,6898fd67-157d-412e-9bba-ad7043f95204,54.88558,-127.18354,16.17636,5.65646,-4.61309,-5.89321,2.12513,-8.83179,5.42481,,,,,,,,,,,,,,,,,,,,,,,,,,,,,55.4192,2.782883,1.496115,1.286768,1.49495,2.43367,-0.73531,-3.30867,6.39251,-0.16406,69.53733,14.04427,-55.239,-3.23089,59.2384,-2.0688,6.53777,24.21342,-14.24344,-0.35863,-47.55536,3.76342,High,High,High,,,High,High,High
295,2024-03-17,15:40:50.83,3,1,"DeMonica, Nick",1000121586,Left,MIA_RED,"Donahue, Jacob",1000099820,Right,CEN_MIC,Undefined,9,Top,2,0,0,Curveball,Curveball,StrikeSwinging,Undefined,Undefined,Undefined,0,0,,74.90266,1.451686,1.681086,2587.825089,296.909957,4:00,5.46593,-2.20462,5.53152,-60.46476,-8.07626,20.17422,1.78505,1.04842,66.82872,-9.630299,5.279331,0.520942,,,,,,,,,,,,-9.51469,-4.05233,2.04482,50,5.55231,-3.94605,-108.3588,0.79377,-10.8592,25.99242,-36.79899,MIA_RED,CEN_MIC,McKieFieldStad,D1,MAC,20240317-McKieFieldStad-1,42fe3f50-e496-11ee-aea4-b7dfdbffd9f3,72.35439,,,8.07394,,,,,,,b24ae197-db0c-49a0-b090-a6c9874b4f44,2024-03-17,19:40:50.83,2024-03-17T15:40:50.8354412-04:00,2024-03-17T19:40:50.8354412Z,,v3,471355,471268,17 March 2024 13:00-cmichigan@miamioh,"Novak, David",1000076952,Right,MIA_RED,71088d13-bda3-476a-9815-d156fde8efbf,54.9652,-109.54334,12.99621,5.47792,2.4708,-18.3995,2.21338,-3.45116,-5.4296,,,,,,,,,,,,,,,,,,,,,,,,,,,,,,,,,,,,,,,,,,,,,,,,,,,High,High,High,,,,,
296,2024-03-17,15:41:11.50,3,2,"DeMonica, Nick",1000121586,Left,MIA_RED,"Donahue, Jacob",1000099820,Right,CEN_MIC,Undefined,9,Top,2,0,1,Curveball,Curveball,StrikeCalled,Undefined,Undefined,Undefined,0,0,,75.05283,2.43616,0.281288,2501.562067,308.246514,4:15,5.48054,-2.10406,4.79696,-65.7661,-12.50804,18.55198,2.3099,-0.29152,67.20304,-9.439727,3.549372,0.525248,,,,,,,,,,,,-8.91319,-6.30796,2.05918,50,5.66671,-1.31113,-108.49882,2.22108,-10.29281,24.50778,-39.45839,MIA_RED,CEN_MIC,McKieFieldStad,D1,MAC,20240317-McKieFieldStad-1,4f71a7e0-e496-11ee-aea4-b7dfdbffd9f3,71.76128,,,7.84979,,,,,,,b24ae197-db0c-49a0-b090-a6c9874b4f44,2024-03-17,19:41:11.50,2024-03-17T15:41:11.5064172-04:00,2024-03-17T19:41:11.5064172Z,,v3,471355,471268,17 March 2024 13:00-cmichigan@miamioh,"Novak, David",1000076952,Right,MIA_RED,07bc5893-07a3-4c13-9939-370dbf34a613,55.70051,-109.7789,12.25389,5.49687,4.28206,-19.7292,2.11363,-0.77352,-5.1464,,,,,,,,,,,,,,,,,,,,,,,,,,,,,,,,,,,,,,,,,,,,,,,,,,,High,High,High,,,,,
297,2024-03-17,15:41:29.74,3,3,"DeMonica, Nick",1000121586,Left,MIA_RED,"Donahue, Jacob",1000099820,Right,CEN_MIC,Undefined,9,Top,2,0,2,Fastball,Four-Seam,FoulBallNotFieldable,Undefined,Undefined,Undefined,0,0,,88.41106,-2.060357,3.546006,2490.673904,148.380328,11:00,5.67449,-2.16301,5.77666,-16.64182,19.69265,-11.33808,2.36606,0.19584,80.05907,-5.244918,1.520767,0.433841,,,,,,,,,,,,6.69536,10.93595,1.87603,50,5.49374,-7.40947,-127.93043,-5.06283,11.01733,28.13663,-14.1788,MIA_RED,CEN_MIC,McKieFieldStad,D1,MAC,20240317-McKieFieldStad-1,5a3f4fb0-e496-11ee-aea4-b7dfdbffd9f3,86.88069,,,8.35199,,,,,,,b24ae197-db0c-49a0-b090-a6c9874b4f44,2024-03-17,19:41:29.74,2024-03-17T15:41:29.7402732-04:00,2024-03-17T19:41:29.7402732Z,,v3,471355,471268,17 March 2024 13:00-cmichigan@miamioh,"Novak, David",1000076952,Right,MIA_RED,fdd27e18-3ea0-4c18-8a5e-f5a8ebe052c8,54.71471,-128.9632,14.06831,5.67002,-4.54239,-7.0894,2.15542,-7.81387,5.50866,,,,,,,,,,,,,,,,,,,,,,,,,,,,,,,,,,,,,,,,,,,,,,,,,,,High,High,High,,,,,
298,2024-03-17,15:41:52.06,3,4,"DeMonica, Nick",1000121586,Left,MIA_RED,"Donahue, Jacob",1000099820,Right,CEN_MIC,Undefined,9,Top,2,0,2,Curveball,Curveball,BallinDirt,Undefined,Undefined,Undefined,0,0,,76.33576,-0.760235,1.495624,2755.673276,301.677468,4:00,5.5541,-2.12469,5.33678,-56.61066,-6.01949,13.07044,0.12304,0.36795,68.58449,-11.05449,3.824486,0.511928,,,,,,,,,,,,-6.04296,-2.26323,1.9798,50,5.44491,-3.38644,-110.45752,-3.35212,-7.19702,26.26837,-34.86949,MIA_RED,CEN_MIC,McKieFieldStad,D1,MAC,20240317-McKieFieldStad-1,676c6b50-e496-11ee-aea4-b7dfdbffd9f3,73.62842,,,7.75127,,,,,,,b24ae197-db0c-49a0-b090-a6c9874b4f44,2024-03-17,19:41:52.06,2024-03-17T15:41:52.0698732-04:00,2024-03-17T19:41:52.0698732Z,,v3,471355,471268,17 March 2024 13:00-cmichigan@miamioh,"Novak, David",1000076952,Right,MIA_RED,96d1d976-4d70-45cb-8381-5c0e3cb52257,55.1604,-111.678,13.13419,5.56302,-1.73203,-17.43475,2.12938,-3.05205,-3.59851,,,,,,,,,,,,,,,,,,,,,,,,,,,,,,,,,,,,,,,,,,,,,,,,,,,High,High,High,,,,,
299,2024-03-17,15:42:10.61,3,5,"DeMonica, Nick",1000121586,Left,MIA_RED,"Donahue, Jacob",1000099820,Right,CEN_MIC,Undefined,9,Top,2,1,2,Fastball,Four-Seam,InPlay,Undefined,FlyBall,Out,1,0,,87.21867,-1.929512,3.422467,2447.63199,150.655891,11:00,5.76584,-2.1063,5.58824,-17.35828,20.31686,-10.66241,2.51371,0.20474,78.81094,-5.242969,1.524359,0.441773,91.624,35.113447,-2.432318,,109.91525,68.88809,4.31676,328.62002,204.36817,13.250091,4.984224,6.48398,11.28638,1.81948,50,5.58907,-7.09357,-126.23848,-4.76639,10.34398,28.43124,-14.16868,MIA_RED,CEN_MIC,McKieFieldStad,D1,MAC,20240317-McKieFieldStad-1,7299bf50-e496-11ee-aea4-b7dfdbffd9f3,85.32091,88.56048,,8.40773,,,,1.36908,2.44441,-0.20573,b24ae197-db0c-49a0-b090-a6c9874b4f44,2024-03-17,19:42:10.61,2024-03-17T15:42:10.6124140-04:00,2024-03-17T19:42:10.6124140Z,FlyBall,v3,471355,471268,17 March 2024 13:00-cmichigan@miamioh,"Novak, David",1000076952,Right,MIA_RED,d872a4a2-da8b-4592-88a5-2ed90361d479,54.9082,-127.3391,14.21562,5.76297,-4.2179,-7.08434,2.10183,-7.494,5.17199,216.042853,1.36848,109.84259,-21.69098,5.5527,-1.38086,0.33207,-0.06269,0.00716,-0.00035,2.44732,77.22969,-19.8809,1.19833,0.17593,-0.17384,0.04793,-0.00605,0.0003,-0.20544,-4.67245,9.04584,-2.22059,0.54202,-0.13227,0.02583,-0.00303,0.00015,,,,,,,,,,,,,,,,,,,,,,,High,High,High,High,Low,,,
300,2024-03-17,15:44:15.57,1,1,"Hanson, Jared",10065903,Right,CEN_MIC,"Novak, Ryan",10035937,Left,MIA_RED,Undefined,9,Bottom,0,0,0,Fastball,Changeup,BallCalled,Undefined,Undefined,Undefined,0,0,,83.54022,-0.632559,-0.642428,1722.825491,232.657971,1:45,5.73769,1.4306,5.8736,-27.34037,13.67792,15.82477,2.87176,2.15263,74.70004,-5.799292,2.198189,0.460957,,,,,,,,,,,,-8.20953,7.67182,-1.38731,50,5.67114,0.69488,-121.02712,-2.15974,-11.86803,29.19685,-21.08333,MIA_RED,CEN_MIC,McKieFieldStad,D1,MAC,20240317-McKieFieldStad-1,bcef70e0-e496-11ee-aea4-b7dfdbffd9f3,81.77001,,,8.84018,,,,,,,b24ae197-db0c-49a0-b090-a6c9874b4f44,2024-03-17,19:44:15.57,2024-03-17T15:44:15.5717484-04:00,2024-03-17T19:44:15.5717484Z,,v3,471355,471268,17 March 2024 13:00-cmichigan@miamioh,"Verburg, Spencer",1000240504,Right,CEN_MIC,f22a7fd8-4e54-4593-bbd3-02f9e9d1cf31,54.61823,-122.13616,14.59843,5.73797,-1.3589,-10.54166,-1.42227,1.14568,-5.93402,,,,,,,,,,,,,,,,,,,,,,,,,,,,,,,,,,,,,,,,,,,,,,,,,,,High,High,High,,,,,
301,2024-03-17,15:44:30.33,1,2,"Hanson, Jared",10065903,Right,CEN_MIC,"Novak, Ryan",10035937,Left,MIA_RED,Undefined,9,Bottom,0,1,0,Fastball,Changeup,BallCalled,Undefined,Undefined,Undefined,0,0,,84.12702,0.558925,-2.32952,1801.124522,227.785604,1:30,5.47964,1.62797,6.19239,-27.23009,12.37831,12.07213,3.72692,0.48214,75.75802,-4.599449,-0.152489,0.452965,,,,,,,,,,,,-6.93504,6.6417,-1.45806,50,5.5082,4.48062,-121.98965,0.39907,-10.291,27.41418,-22.31836,MIA_RED,CEN_MIC,McKieFieldStad,D1,MAC,20240317-McKieFieldStad-1,c5b75da0-e496-11ee-aea4-b7dfdbffd9f3,83.21263,,,8.36901,,,,,,,b24ae197-db0c-49a0-b090-a6c9874b4f44,2024-03-17,19:44:30.33,2024-03-17T15:44:30.3301996-04:00,2024-03-17T19:44:30.3301996Z,,v3,471355,471268,17 March 2024 13:00-cmichigan@miamioh,"Verburg, Spencer",1000240504,Right,CEN_MIC,965329c8-f112-429f-b7ae-435e368e5374,54.30149,-122.9525,13.70709,5.48041,1.18295,-11.15918,-1.62178,4.84207,-5.1455,,,,,,,,,,,,,,,,,,,,,,,,,,,,,,,,,,,,,,,,,,,,,,,,,,,High,High,High,,,,,
302,2024-03-17,15:44:51.70,1,3,"Hanson, Jared",10065903,Right,CEN_MIC,"Novak, Ryan",10035937,Left,MIA_RED,Undefined,9,Bottom,0,2,0,Fastball,Changeup,BallCalled,Undefined,Undefined,Undefined,0,0,,84.48557,-0.171969,-1.336755,1781.190838,227.481015,1:30,5.626,1.52128,6.1309,-25.62336,13.67414,13.37772,3.33174,1.40031,76.22124,-5.027424,1.075295,0.451184,,,,,,,,,,,,-7.26158,7.52319,-1.42555,50,5.59973,2.31934,-122.57644,-1.11211,-10.88686,27.52691,-20.89497,MIA_RED,CEN_MIC,McKieFieldStad,D1,MAC,20240317-McKieFieldStad-1,d277d4c0-e496-11ee-aea4-b7dfdbffd9f3,83.54116,,,8.26433,,,,,,,b24ae197-db0c-49a0-b090-a6c9874b4f44,2024-03-17,19:44:51.70,2024-03-17T15:44:51.7085036-04:00,2024-03-17T19:44:51.7085036Z,,v3,471355,471268,17 March 2024 13:00-cmichigan@miamioh,"Verburg, Spencer",1000240504,Right,CEN_MIC,64857c79-1dd1-482c-b7d8-c114ecda9c8a,54.36294,-123.55234,13.76346,5.62602,-0.37133,-10.44748,-1.51462,2.70531,-5.44343,,,,,,,,,,,,,,,,,,,,,,,,,,,,,,,,,,,,,,,,,,,,,,,,,,,High,High,High,,,,,
303,2024-03-17,15:45:08.28,1,4,"Hanson, Jared",10065903,Right,CEN_MIC,"Novak, Ryan",10035937,Left,MIA_RED,Undefined,9,Bottom,0,3,0,Fastball,Changeup,BallCalled,Walk,Undefined,Undefined,0,0,,84.80092,0.03551,-3.48879,1869.081711,225.451709,1:30,5.64739,1.35882,6.03101,-24.49663,14.46237,13.35713,3.63894,-0.76282,76.95276,-4.590478,-1.090936,0.449237,,,,,,,,,,,,-7.85745,7.81229,-1.09295,50,5.63693,6.95506,-122.93206,-0.64582,-11.95019,25.76819,-20.29254,MIA_RED,CEN_MIC,McKieFieldStad,D1,MAC,20240317-McKieFieldStad-1,dc6f67e0-e496-11ee-aea4-b7dfdbffd9f3,83.90329,,,7.84816,,,,,,,b24ae197-db0c-49a0-b090-a6c9874b4f44,2024-03-17,19:45:08.28,2024-03-17T15:45:08.2894700-04:00,2024-03-17T19:45:08.2894700Z,,v3,471355,471268,17 March 2024 13:00-cmichigan@miamioh,"Verburg, Spencer",1000240504,Right,CEN_MIC,9ac32fd2-53fa-4274-b56b-d24da68259cf,54.46463,-123.86437,12.8841,5.64702,0.08837,-10.14627,-1.3524,7.38742,-5.9751,,,,,,,,,,,,,,,,,,,,,,,,,,,,,,,,,,,,,,,,,,,,,,,,,,,High,High,High,,,,,
304,2024-03-17,15:48:10.45,2,1,"Hellgeth, Bryce",1000054023,Right,CEN_MIC,"Baker, Dillon",1000034148,Right,MIA_RED,Undefined,9,Bottom,0,0,0,Fastball,Sinker,StrikeCalled,Undefined,Undefined,Undefined,0,0,,90.41167,0.293027,-1.780334,2336.217265,238.887818,2:00,5.27939,1.11595,5.98487,-26.78958,7.36193,10.36745,3.31865,0.32928,82.35024,-4.709094,0.083356,0.420607,,,,,,,,,,,,-5.79307,4.04709,-0.98087,50,5.28788,3.63015,-131.27523,-0.24204,-10.0751,28.66468,-25.13552,MIA_RED,CEN_MIC,McKieFieldStad,D1,MAC,20240317-McKieFieldStad-1,48ec62b0-e497-11ee-aea4-b7dfdbffd9f3,89.6144,,,8.06143,,,,,,,b24ae197-db0c-49a0-b090-a6c9874b4f44,2024-03-17,19:48:10.45,2024-03-17T15:48:10.4581996-04:00,2024-03-17T19:48:10.4581996Z,,v3,471355,471268,17 March 2024 13:00-cmichigan@miamioh,"Verburg, Spencer",1000240504,Right,CEN_MIC,863add85-8da8-4b9e-93c8-78fd421df418,54.51117,-132.25661,14.33234,5.28144,0.6185,-12.56776,-1.11106,3.97508,-5.03755,,,,,,,,,,,,,,,,,,,,,,,,,,,,,,,,,,,,,,,,,,,,,,,,,,,High,High,High,,,,,
305,2024-03-17,15:48:23.92,2,2,"Hellgeth, Bryce",1000054023,Right,CEN_MIC,"Baker, Dillon",1000034148,Right,MIA_RED,Undefined,9,Bottom,0,0,1,Fastball,Four-Seam,BallCalled,Undefined,Undefined,Undefined,0,0,,92.37226,-0.351593,-0.40652,2430.157434,220.235284,1:15,5.25203,1.12485,5.81226,-24.43171,8.42119,6.24205,2.88912,1.267,84.33439,-4.902128,0.712731,0.412532,,,,,,,,,,,,-3.35043,4.69465,-1.09549,50,5.20866,0.68665,-134.21738,-1.68115,-6.09347,29.85667,-23.63584,MIA_RED,CEN_MIC,McKieFieldStad,D1,MAC,20240317-McKieFieldStad-1,51028ba0-e497-11ee-aea4-b7dfdbffd9f3,91.36843,,,8.03788,,,,,,,b24ae197-db0c-49a0-b090-a6c9874b4f44,2024-03-17,19:48:23.92,2024-03-17T15:48:23.9255404-04:00,2024-03-17T19:48:23.9255404Z,,v3,471355,471268,17 March 2024 13:00-cmichigan@miamioh,"Verburg, Spencer",1000240504,Right,CEN_MIC,19d6fa14-423e-45a4-bd38-5b73f0f840cb,54.6871,-135.25601,14.92833,5.25284,-0.85893,-11.81792,-1.12306,0.89863,-3.04674,,,,,,,,,,,,,,,,,,,,,,,,,,,,,,,,,,,,,,,,,,,,,,,,,,,High,High,High,,,,,
306,2024-03-17,15:48:38.78,2,3,"Hellgeth, Bryce",1000054023,Right,CEN_MIC,"Baker, Dillon",1000034148,Right,MIA_RED,Undefined,9,Bottom,0,1,1,Slider,Slider,BallCalled,Undefined,Undefined,Undefined,0,0,,81.39156,0.881409,-2.787495,2475.681426,97.971677,9:15,5.26832,1.15994,5.81235,-40.26652,2.76835,-8.83874,2.7334,-2.17062,73.57122,-6.569278,-4.367886,0.472152,,,,,,,,,,,,3.56079,1.62102,-0.92634,50,5.31722,6.09569,-117.90015,0.49674,4.92808,25.91766,-29.93058,MIA_RED,CEN_MIC,McKieFieldStad,D1,MAC,20240317-McKieFieldStad-1,59d1a450-e497-11ee-aea4-b7dfdbffd9f3,79.83118,,,7.82034,,,,,,,b24ae197-db0c-49a0-b090-a6c9874b4f44,2024-03-17,19:48:38.78,2024-03-17T15:48:38.7821420-04:00,2024-03-17T19:48:38.7821420Z,,v3,471355,471268,17 March 2024 13:00-cmichigan@miamioh,"Verburg, Spencer",1000240504,Right,CEN_MIC,d05c7077-ea72-4496-8a10-404928825bf4,54.68227,-118.92499,12.95883,5.27418,1.68025,-14.96529,-1.16352,5.90082,2.46404,,,,,,,,,,,,,,,,,,,,,,,,,,,,,,,,,,,,,,,,,,,,,,,,,,,High,High,High,,,,,
307,2024-03-17,15:48:53.68,2,4,"Hellgeth, Bryce",1000054023,Right,CEN_MIC,"Baker, Dillon",1000034148,Right,MIA_RED,Undefined,9,Bottom,0,2,1,Fastball,Changeup,HitByPitch,Undefined,Undefined,Undefined,0,0,,86.6707,0.393681,-0.43652,2135.663162,239.586876,2:00,5.25658,1.034,6.0475,-30.12147,7.2267,10.10516,3.11093,1.47198,78.42934,-5.245356,1.383331,0.439851,,,,,,,,,,,,-5.39949,3.94358,-1.00566,50,5.27101,0.56055,-125.85374,-0.10054,-8.54286,28.76978,-25.93466,MIA_RED,CEN_MIC,McKieFieldStad,D1,MAC,20240317-McKieFieldStad-1,62af8a10-e497-11ee-aea4-b7dfdbffd9f3,85.69357,,,8.24136,,,,,,,b24ae197-db0c-49a0-b090-a6c9874b4f44,2024-03-17,19:48:53.68,2024-03-17T15:48:53.6820588-04:00,2024-03-17T19:48:53.6820588Z,,v3,471355,471268,17 March 2024 13:00-cmichigan@miamioh,"Verburg, Spencer",1000240504,Right,CEN_MIC,d031932f-f266-455f-9d63-2e96defe8daa,54.45057,-126.86705,14.38489,5.25847,0.81291,-12.96733,-1.03071,0.86144,-4.27143,,,,,,,,,,,,,,,,,,,,,,,,,,,,,,,,,,,,,,,,,,,,,,,,,,,High,High,High,,,,,
308,2024-03-17,15:49:29.38,3,1,"Hellgeth, Bryce",1000054023,Right,CEN_MIC,"Zarlingo, Anthony",1000113533,Left,MIA_RED,Undefined,9,Bottom,0,0,0,Fastball,Four-Seam,BallCalled,Undefined,Undefined,Undefined,0,0,,90.16689,-1.173871,0.093606,2252.600109,221.291512,1:30,5.22305,1.04149,6.10551,-25.74639,8.63579,6.54855,1.99184,1.67377,81.83376,-5.999353,1.274723,0.422025,,,,,,,,,,,,-3.33071,5.17894,-1.05193,50,5.11957,-0.49192,-130.89291,-3.52579,-5.71848,30.30191,-23.28232,MIA_RED,CEN_MIC,McKieFieldStad,D1,MAC,20240317-McKieFieldStad-1,77fb3310-e497-11ee-aea4-b7dfdbffd9f3,89.3133,,,8.33313,,,,,,,b24ae197-db0c-49a0-b090-a6c9874b4f44,2024-03-17,19:49:29.38,2024-03-17T15:49:29.3869932-04:00,2024-03-17T19:49:29.3869932Z,,v3,471355,471268,17 March 2024 13:00-cmichigan@miamioh,"Verburg, Spencer",1000240504,Right,CEN_MIC,81af9ffa-43a4-4988-9965-48b33fde9c44,54.38972,-131.90523,15.15096,5.22436,-2.74799,-11.64116,-1.03868,-0.30088,-2.85924,,,,,,,,,,,,,,,,,,,,,,,,,,,,,,,,,,,,,,,,,,,,,,,,,,,High,High,High,,,,,
309,2024-03-17,15:49:42.61,3,2,"Hellgeth, Bryce",1000054023,Right,CEN_MIC,"Zarlingo, Anthony",1000113533,Left,MIA_RED,Undefined,9,Bottom,0,1,0,Fastball,Slider,StrikeCalled,Undefined,Undefined,Undefined,0,0,,87.48045,-0.930161,-1.489225,2202.634689,188.650674,12:15,5.28583,1.072,6.05974,-27.46785,9.03347,1.18847,2.13558,-0.2076,79.6225,-6.066766,-1.275186,0.434836,,,,,,,,,,,,-1.05323,5.30882,-0.95702,50,5.19909,3.25212,-126.98179,-2.94555,-1.70752,27.71852,-23.56728,MIA_RED,CEN_MIC,McKieFieldStad,D1,MAC,20240317-McKieFieldStad-1,7fdeda50-e497-11ee-aea4-b7dfdbffd9f3,86.68189,,,7.85795,,,,,,,b24ae197-db0c-49a0-b090-a6c9874b4f44,2024-03-17,19:49:42.61,2024-03-17T15:49:42.6166124-04:00,2024-03-17T19:49:42.6166124Z,,v3,471355,471268,17 March 2024 13:00-cmichigan@miamioh,"Verburg, Spencer",1000240504,Right,CEN_MIC,efcaefa7-8ba5-449b-96c4-63f4af901ba2,54.43559,-127.94636,13.85926,5.28732,-2.12544,-11.78364,-1.07122,3.31154,-0.85376,,,,,,,,,,,,,,,,,,,,,,,,,,,,,,,,,,,,,,,,,,,,,,,,,,,High,High,High,,,,,
310,2024-03-17,15:49:56.91,3,3,"Hellgeth, Bryce",1000054023,Right,CEN_MIC,"Zarlingo, Anthony",1000113533,Left,MIA_RED,Undefined,9,Bottom,0,1,1,Fastball,Slider,FoulBallNotFieldable,Undefined,Undefined,Undefined,0,0,,88.86466,-0.81467,-1.382503,2243.632563,188.483172,12:15,5.15425,1.10865,6.24372,-28.61545,6.52843,0.79791,2.01797,-0.10022,80.8461,-6.169846,-1.238276,0.426674,,,,,,,,,,,,-0.83398,3.98303,-1.00617,50,5.07962,3.08268,-129.05906,-2.75415,-1.3943,29.05114,-25.51489,MIA_RED,CEN_MIC,McKieFieldStad,D1,MAC,20240317-McKieFieldStad-1,88635570-e497-11ee-aea4-b7dfdbffd9f3,88.34012,,,8.01856,,,,,,,b24ae197-db0c-49a0-b090-a6c9874b4f44,2024-03-17,19:49:56.91,2024-03-17T15:49:56.9122156-04:00,2024-03-17T19:49:56.9122156Z,,v3,471355,471268,17 March 2024 13:00-cmichigan@miamioh,"Verburg, Spencer",1000240504,Right,CEN_MIC,dbbb7ce7-b62d-4eed-91c6-81fe74dcbc9a,54.25318,-130.01292,14.52557,5.1563,-1.9164,-12.75744,-1.10814,3.12846,-0.69715,,,,,,,,,,,,,,,,,,,,,,,,,,,,,,,,,,,,,,,,,,,,,,,,,,,High,High,High,,,,,
311,2024-03-17,15:50:16.70,3,4,"Hellgeth, Bryce",1000054023,Right,CEN_MIC,"Zarlingo, Anthony",1000113533,Left,MIA_RED,Undefined,9,Bottom,0,1,2,Fastball,Slider,InPlay,Undefined,LineDrive,Out,1,0,,90.20658,-0.378385,-1.374551,2328.385434,182.825847,12:00,5.18917,1.13245,5.9095,-27.21998,7.34524,0.30492,2.56953,-0.11818,81.90094,-5.454989,-1.3198,0.423147,99.12728,7.766197,-7.626595,2436.685885,108.02577,9.55761,-20.74649,188.42201,144.4707,-13.518678,1.616821,-0.57516,4.21799,-1.02235,50,5.14335,3.12885,-130.93619,-1.79632,-0.98937,30.00462,-24.91836,MIA_RED,CEN_MIC,McKieFieldStad,D1,MAC,20240317-McKieFieldStad-1,94463dd0-e497-11ee-aea4-b7dfdbffd9f3,89.07651,9.73507,,8.30564,,,,1.366,2.54253,0.131,b24ae197-db0c-49a0-b090-a6c9874b4f44,2024-03-17,19:50:16.70,2024-03-17T15:50:16.7037804-04:00,2024-03-17T19:50:16.7037804Z,LineDrive,v3,471355,471268,17 March 2024 13:00-cmichigan@miamioh,"Verburg, Spencer",1000240504,Right,CEN_MIC,c22778e6-7e88-4f4c-99c0-9e0e6bb576db,54.58727,-131.9832,15.00231,5.19086,-0.9268,-12.45918,-1.13213,3.16337,-0.49469,117.629891,1.366,142.77902,-25.12682,5.3179,-1.1299,0.22531,-0.03863,0.00433,-0.00016,2.54253,19.64518,-13.61594,0.23919,0.05595,-4E-05,-0.01444,0.00717,-0.00115,0.13099,-19.11698,-7.94529,2.61329,-0.71329,0.1462,-0.01273,-0.00344,0.00091,,,,,,,,,,,,,,,,,,,,,,,High,High,High,High,Medium,,,
312,2024-03-17,15:50:50.91,4,1,"Hellgeth, Bryce",1000054023,Right,CEN_MIC,"Novak, David",1000076952,Right,MIA_RED,Undefined,9,Bottom,1,0,0,Fastball,Slider,FoulBallNotFieldable,Undefined,Undefined,Undefined,0,0,,89.92361,-0.734023,-1.614894,2360.721666,202.968945,12:45,5.34169,0.88203,5.91516,-27.45124,7.15827,2.56036,2.37256,-0.40372,82.09074,-5.838949,-1.155059,0.423418,79.72697,43.010502,76.46758,5986.420087,,,,,81.3582,,,-1.78225,4.2115,-0.75409,50,5.26724,3.57335,-130.57503,-2.6135,-3.06552,28.45314,-24.93013,MIA_RED,CEN_MIC,McKieFieldStad,D1,MAC,20240317-McKieFieldStad-1,a8958570-e497-11ee-aea4-b7dfdbffd9f3,89.01954,64.53238,,7.83287,,,,1.09109,2.33915,0.41028,b24ae197-db0c-49a0-b090-a6c9874b4f44,2024-03-17,19:50:50.91,2024-03-17T15:50:50.9172588-04:00,2024-03-17T19:50:50.9172588Z,,v3,471355,471268,17 March 2024 13:00-cmichigan@miamioh,"Verburg, Spencer",1000240504,Right,CEN_MIC,885fe44f-d6d4-4991-9d77-55166b8d7800,54.58229,-131.56975,14.22657,5.34337,-1.74195,-12.46506,-0.88089,3.68052,-1.53276,,1.09109,20.00768,-8.49905,2.27838,-0.54028,0.12523,-0.02852,0.00542,-0.00059,2.33915,79.76358,-23.00179,2.40099,-0.47837,0.08936,-0.01741,0.00312,-0.00031,0.41028,83.13073,-11.81008,2.74402,-0.58229,0.12566,-0.02751,0.005,-0.00053,,,,,,,,,,,,,,,,,,,,,,,High,High,High,Medium,Low,,,
313,2024-03-17,15:51:08.26,4,2,"Hellgeth, Bryce",1000054023,Right,CEN_MIC,"Novak, David",1000076952,Right,MIA_RED,Undefined,9,Bottom,1,0,1,Fastball,Cutter,BallCalled,Undefined,Undefined,Undefined,0,0,,92.66637,-2.333386,-2.637103,2436.33782,191.309661,12:30,5.33258,0.94733,5.98952,-25.57478,7.42906,1.24579,1.03537,-1.39454,83.70136,-7.104179,-2.413215,0.413479,,,,,,,,,,,,-1.50134,4.93587,-0.74,50,5.13447,6.12619,-134.19725,-6.35646,-2.69196,33.58239,-23.32394,MIA_RED,CEN_MIC,McKieFieldStad,D1,MAC,20240317-McKieFieldStad-1,b2ea05a0-e497-11ee-aea4-b7dfdbffd9f3,91.15924,,,8.96501,,,,,,,b24ae197-db0c-49a0-b090-a6c9874b4f44,2024-03-17,19:51:08.26,2024-03-17T15:51:08.2607980-04:00,2024-03-17T19:51:08.2607980Z,,v3,471355,471268,17 March 2024 13:00-cmichigan@miamioh,"Verburg, Spencer",1000240504,Right,CEN_MIC,0d92e95b-818a-4968-a7c3-64f0e16cfa23,54.50553,-135.32004,16.7912,5.33396,-5.57665,-11.66197,-0.94633,6.21619,-1.34598,,,,,,,,,,,,,,,,,,,,,,,,,,,,,,,,,,,,,,,,,,,,,,,,,,,High,High,High,,,,,
314,2024-03-17,15:51:23.81,4,3,"Hellgeth, Bryce",1000054023,Right,CEN_MIC,"Novak, David",1000076952,Right,MIA_RED,Undefined,9,Bottom,1,1,1,Fastball,Cutter,BallCalled,Undefined,Undefined,Undefined,0,0,,88.96792,1.346056,-0.878532,2293.224197,177.867336,12:00,5.37595,1.11162,6.07769,-24.26297,11.37859,-0.37543,4.59981,0.26744,79.81495,-3.254387,-0.946119,0.429685,,,,,,,,,,,,-0.09874,5.79453,-1.04354,50,5.46736,1.99415,-128.98102,2.27388,-0.16337,31.23491,-22.58466,MIA_RED,CEN_MIC,McKieFieldStad,D1,MAC,20240317-McKieFieldStad-1,bc26d440-e497-11ee-aea4-b7dfdbffd9f3,87.72119,,,9.15296,,,,,,,b24ae197-db0c-49a0-b090-a6c9874b4f44,2024-03-17,19:51:23.81,2024-03-17T15:51:23.8197612-04:00,2024-03-17T19:51:23.8197612Z,,v3,471355,471268,17 March 2024 13:00-cmichigan@miamioh,"Verburg, Spencer",1000240504,Right,CEN_MIC,470a690e-cf08-4d1b-815b-5b9de2425ef0,54.41439,-130.04565,15.61745,5.37673,3.04367,-11.29233,-1.11161,1.99972,-0.08169,,,,,,,,,,,,,,,,,,,,,,,,,,,,,,,,,,,,,,,,,,,,,,,,,,,High,High,High,,,,,
315,2024-03-17,15:51:42.42,4,4,"Hellgeth, Bryce",1000054023,Right,CEN_MIC,"Novak, David",1000076952,Right,MIA_RED,Undefined,9,Bottom,1,2,1,Slider,Slider,BallinDirt,Undefined,Undefined,Undefined,0,0,,80.79082,-0.952943,-2.896249,2376.927306,60.41133,8:00,5.33824,1.25677,5.89359,-45.19034,-2.1989,-6.25441,0.68642,-1.9557,74.37454,-9.21846,-4.018757,0.471913,,,,,,,,,,,,2.37602,-0.46717,-1.0198,50,5.23542,6.16651,-117.24146,-3.4209,3.29241,23.08877,-32.82141,MIA_RED,CEN_MIC,McKieFieldStad,D1,MAC,20240317-McKieFieldStad-1,c75c1780-e497-11ee-aea4-b7dfdbffd9f3,79.87152,,,6.41628,,,,,,,b24ae197-db0c-49a0-b090-a6c9874b4f44,2024-03-17,19:51:42.42,2024-03-17T15:51:42.4212844-04:00,2024-03-17T19:51:42.4212844Z,,v3,471355,471268,17 March 2024 13:00-cmichigan@miamioh,"Verburg, Spencer",1000240504,Right,CEN_MIC,9df15403-aafd-4799-b9b5-840c063b5d1d,54.60559,-118.14497,11.54438,5.34415,-2.13652,-16.41071,-1.25859,6.03767,1.64621,,,,,,,,,,,,,,,,,,,,,,,,,,,,,,,,,,,,,,,,,,,,,,,,,,,High,High,High,,,,,
316,2024-03-17,15:52:10.73,4,5,"Hellgeth, Bryce",1000054023,Right,CEN_MIC,"Novak, David",1000076952,Right,MIA_RED,Undefined,9,Bottom,1,3,1,Fastball,Four-Seam,FoulBallNotFieldable,Undefined,Undefined,Undefined,0,0,,89.36049,-0.99953,-1.045102,2300.874571,212.173399,1:00,5.32165,1.09966,6.14628,-25.22348,9.60544,5.3137,2.29586,0.57667,81.33885,-5.733365,-0.086238,0.424758,,,,,,,,,,,,-3.06803,5.60709,-1.02285,50,5.23262,2.15158,-129.78733,-3.06858,-5.19591,28.97011,-22.67812,MIA_RED,CEN_MIC,McKieFieldStad,D1,MAC,20240317-McKieFieldStad-1,d834aef0-e497-11ee-aea4-b7dfdbffd9f3,88.73866,,,8.02164,,,,,,,b24ae197-db0c-49a0-b090-a6c9874b4f44,2024-03-17,19:52:10.73,2024-03-17T15:52:10.7318636-04:00,2024-03-17T19:52:10.7318636Z,,v3,471355,471268,17 March 2024 13:00-cmichigan@miamioh,"Verburg, Spencer",1000240504,Right,CEN_MIC,d028e9ca-2be3-4011-87dc-7f792d26d8bf,54.3509,-130.7549,14.48505,5.32246,-2.31115,-11.33906,-1.09761,2.32512,-2.59795,,,,,,,,,,,,,,,,,,,,,,,,,,,,,,,,,,,,,,,,,,,,,,,,,,,High,High,High,,,,,
317,2024-03-17,15:52:33.16,4,6,"Hellgeth, Bryce",1000054023,Right,CEN_MIC,"Novak, David",1000076952,Right,MIA_RED,Undefined,9,Bottom,1,3,2,Fastball,Cutter,BallCalled,Walk,Undefined,Undefined,0,0,,89.36264,-1.345645,-0.296493,2318.623464,189.8362,12:15,5.31778,1.10978,6.11328,-24.25812,10.74103,1.65307,2.05184,0.9734,81.07485,-5.908612,0.001672,0.425795,,,,,,,,,,,,-0.94587,6.31796,-1.0879,50,5.20201,0.60313,-129.72765,-3.81423,-1.59452,29.86751,-21.5233,MIA_RED,CEN_MIC,McKieFieldStad,D1,MAC,20240317-McKieFieldStad-1,e592c5a0-e497-11ee-aea4-b7dfdbffd9f3,88.52257,,,8.28778,,,,,,,b24ae197-db0c-49a0-b090-a6c9874b4f44,2024-03-17,19:52:33.16,2024-03-17T15:52:33.1666796-04:00,2024-03-17T19:52:33.1666796Z,,v3,471355,471268,17 March 2024 13:00-cmichigan@miamioh,"Verburg, Spencer",1000240504,Right,CEN_MIC,493c9dd5-cb42-4921-bddf-d694bf504891,54.38286,-130.73283,14.93376,5.31819,-3.08987,-10.76165,-1.1091,0.6568,-0.79726,,,,,,,,,,,,,,,,,,,,,,,,,,,,,,,,,,,,,,,,,,,,,,,,,,,High,High,High,,,,,
318,2024-03-17,15:53:07.04,5,1,"Hellgeth, Bryce",1000054023,Right,CEN_MIC,"Appelwick, Evan",695485,Right,MIA_RED,Undefined,9,Bottom,1,0,0,Slider,Slider,BallCalled,Undefined,Undefined,Undefined,0,0,,81.96237,-0.629691,-2.341307,2555.042921,90.369041,9:00,5.25302,1.10017,5.75969,-40.93632,1.56311,-5.95048,1.25505,-1.57614,74.27452,-8.169304,-3.406716,0.469205,,,,,,,,,,,,2.25177,1.47315,-0.90253,50,5.17633,5.095,-118.77553,-2.67217,3.16101,26.42881,-30.10605,MIA_RED,CEN_MIC,McKieFieldStad,D1,MAC,20240317-McKieFieldStad-1,f9e5b6c0-e497-11ee-aea4-b7dfdbffd9f3,80.33249,,,7.68785,,,,,,,b24ae197-db0c-49a0-b090-a6c9874b4f44,2024-03-17,19:53:07.04,2024-03-17T15:53:07.0444396-04:00,2024-03-17T19:53:07.0444396Z,,v3,471355,471268,17 March 2024 13:00-cmichigan@miamioh,"Verburg, Spencer",1000240504,Right,CEN_MIC,5a0c428e-0671-46d0-b0b2-3497663d34c5,54.73581,-119.82466,13.2144,5.25868,-1.47706,-15.05303,-1.10229,4.96952,1.58051,,,,,,,,,,,,,,,,,,,,,,,,,,,,,,,,,,,,,,,,,,,,,,,,,,,High,High,High,,,,,
319,2024-03-17,15:53:21.22,5,2,"Hellgeth, Bryce",1000054023,Right,CEN_MIC,"Appelwick, Evan",695485,Right,MIA_RED,Undefined,9,Bottom,1,1,0,Fastball,Slider,StrikeCalled,Undefined,Undefined,Undefined,0,0,,88.00989,-0.171428,-2.162218,2284.399848,163.537746,11:30,5.2956,1.20831,5.99419,-30.21895,6.16209,-1.44453,2.61838,-0.9167,79.63383,-5.80899,-2.421804,0.434119,,,,,,,,,,,,0.05358,3.61355,-1.03721,50,5.26575,4.87988,-127.63602,-1.39314,0.08722,29.5016,-26.2916,MIA_RED,CEN_MIC,McKieFieldStad,D1,MAC,20240317-McKieFieldStad-1,0251c7e0-e498-11ee-aea4-b7dfdbffd9f3,86.82511,,,8.37605,,,,,,,b24ae197-db0c-49a0-b090-a6c9874b4f44,2024-03-17,19:53:21.22,2024-03-17T15:53:21.2227948-04:00,2024-03-17T19:53:21.2227948Z,,v3,471355,471268,17 March 2024 13:00-cmichigan@miamioh,"Verburg, Spencer",1000240504,Right,CEN_MIC,2c06c32b-7199-42af-8748-60fc983e3b3b,54.50064,-128.67209,14.7508,5.29846,-0.46981,-13.1458,-1.20854,4.87681,0.04361,,,,,,,,,,,,,,,,,,,,,,,,,,,,,,,,,,,,,,,,,,,,,,,,,,,High,High,High,,,,,
320,2024-03-17,15:53:36.29,5,3,"Hellgeth, Bryce",1000054023,Right,CEN_MIC,"Appelwick, Evan",695485,Right,MIA_RED,Undefined,9,Bottom,1,1,1,Fastball,Slider,FoulBallNotFieldable,Undefined,Undefined,Undefined,0,0,,89.85949,0.561181,-1.289477,2342.690669,184.89289,12:15,5.31539,1.1379,5.92191,-27.14427,7.73225,0.55972,3.57426,-0.01221,81.32962,-4.516481,-1.188988,0.425048,,,,,,,,,,,,-0.68602,4.13685,-1.03504,50,5.34501,2.91148,-130.40554,0.3581,-1.16856,30.19635,-25.12754,MIA_RED,CEN_MIC,McKieFieldStad,D1,MAC,20240317-McKieFieldStad-1,0b4ad6c0-e498-11ee-aea4-b7dfdbffd9f3,88.67808,,,8.52988,,,,,,,b24ae197-db0c-49a0-b090-a6c9874b4f44,2024-03-17,19:53:36.29,2024-03-17T15:53:36.2904940-04:00,2024-03-17T19:53:36.2904940Z,,v3,471355,471268,17 March 2024 13:00-cmichigan@miamioh,"Verburg, Spencer",1000240504,Right,CEN_MIC,268a4f3f-1cff-4015-8a33-42643787bd6e,54.57428,-131.46048,15.09817,5.31717,1.23596,-12.56377,-1.13747,2.95231,-0.58428,,,,,,,,,,,,,,,,,,,,,,,,,,,,,,,,,,,,,,,,,,,,,,,,,,,High,High,High,,,,,
321,2024-03-17,15:53:55.28,5,4,"Hellgeth, Bryce",1000054023,Right,CEN_MIC,"Appelwick, Evan",695485,Right,MIA_RED,Undefined,9,Bottom,1,1,2,Curveball,Slider,StrikeCalled,Strikeout,Undefined,Undefined,0,0,,85.44043,1.041566,-1.620726,2645.660998,42.385254,7:30,5.36054,0.94794,5.87018,-44.36416,-5.74323,-6.41559,2.63147,-1.09249,77.77013,-7.116018,-2.772072,0.447283,,,,,,,,,,,,2.76638,-2.82189,-0.81315,50,5.41952,3.7744,-124.0112,0.68345,4.26518,27.10055,-36.52482,MIA_RED,CEN_MIC,McKieFieldStad,D1,MAC,20240317-McKieFieldStad-1,167ac2d0-e498-11ee-aea4-b7dfdbffd9f3,84.2697,,,7.6703,,,,,,,b24ae197-db0c-49a0-b090-a6c9874b4f44,2024-03-17,19:53:55.28,2024-03-17T15:53:55.2865644-04:00,2024-03-17T19:53:55.2865644Z,,v3,471355,471268,17 March 2024 13:00-cmichigan@miamioh,"Verburg, Spencer",1000240504,Right,CEN_MIC,9e89e657-8c3e-4241-9a9e-389b286227bc,54.62754,-125.01838,13.55028,5.3689,2.04088,-18.26241,-0.95048,3.61588,2.13259,,,,,,,,,,,,,,,,,,,,,,,,,,,,,,,,,,,,,,,,,,,,,,,,,,,High,High,High,,,,,
322,2024-03-17,15:54:22.90,6,1,"Hellgeth, Bryce",1000054023,Right,CEN_MIC,"Gorski, Justin",1000092396,Right,MIA_RED,Undefined,9,Bottom,2,0,0,Fastball,Four-Seam,InPlay,Undefined,GroundBall,Out,1,0,,91.0621,-1.282074,-1.39431,2383.20812,196.349114,12:30,5.32251,1.00381,5.95736,-24.47462,9.18941,2.37894,2.09351,-0.09118,83.21468,-5.848094,-0.966658,0.417594,,,,,,,,,,,,-1.62441,5.40685,-0.89445,50,5.20701,3.11824,-132.24184,-3.7859,-2.86884,28.90473,-22.62505,MIA_RED,CEN_MIC,McKieFieldStad,D1,MAC,20240317-McKieFieldStad-1,26f0eef0-e498-11ee-aea4-b7dfdbffd9f3,90.26095,,,7.84742,,,,,,,b24ae197-db0c-49a0-b090-a6c9874b4f44,2024-03-17,19:54:22.90,2024-03-17T15:54:22.9029228-04:00,2024-03-17T19:54:22.9029228Z,,v3,471355,471268,17 March 2024 13:00-cmichigan@miamioh,"Verburg, Spencer",1000240504,Right,CEN_MIC,de8b4700-c2fc-4299-bb47-89c4d7eac754,54.54027,-133.23053,14.45237,5.32327,-3.012,-11.31253,-1.00279,3.21636,-1.43442,,,,,,,,,,,,,,,,,,,,,,,,,,,,,,,,,,,,,,,,,,,,,,,,,,,High,High,High,,,,,