pitches,player_id,player_name,total_pitches,pitch_percent,ba,iso,babip,slg,woba,xwoba,xba,hits,abs,launch_speed,launch_angle,spin_rate,velocity,effective_speed,whiffs,swings,takes,eff_min_vel,release_extension,pos3_int_start_distance,pos4_int_start_distance,pos5_int_start_distance,pos6_int_start_distance,pos7_int_start_distance,pos8_int_start_distance,pos9_int_start_distance,pitcher_run_exp,run_exp,bat_speed,swing_length,pa,bip,singles,doubles,triples,hrs,so,k_percent,bb,bb_percent,api_break_z_with_gravity,api_break_z_induced,api_break_x_arm,api_break_x_batter_in,hyper_speed,bbdist,hardhit_percent,barrels_per_bbe_percent,barrels_per_pa_percent,release_pos_z,release_pos_x,plate_x,plate_z,obp,barrels_total,batter_run_value_per_100,xobp,xslg,pitcher_run_value_per_100,xbadiff,xobpdiff,xslgdiff,wobadiff,swing_miss_percent,arm_angle,pitcher_break_z_induced,pitcher_break_x
701,681911,"Vesia, Alex",1109,63.2,0.149,0.206,0.163,0.355,0.286,0.307,0.164,21,141,88.9,35.3,2399,93.4,93.45,104,367,334,0.1,6.39,112,151,123,150,295,313,292,8.1,-8.1,70.2,6.9,171,94,7,6,1,7,49,28.7,26,15.2,0.93087,1.69047,0.51856,-0.09779,90.8,197,40.42553191489361,17.02127659574468,9.356725146,5.85,0.53,0.17,3.15,0.284,16,-1.14935806,0.297,0.4,1.14935806,-0.015,-0.013,-0.045,-0.021,28.3,60.4,20.3,6.2
224,664299,"Javier, Cristian",570,39.3,0.256,0.279,0.31,0.535,0.402,0.377,0.211,11,43,92.4,32,2301,91.7,90.75,27,100,124,-0.9,6,110,150,117,149,291,320,291,-0.8,0.8,69.7,6.9,56,31,4,4,1,2,13,23.2,12,21.4,1.07612,1.66433,0.48107,0.05857,91.4,215,48.38709677419355,16.129032258064516,8.928571428571429,5.78,1.41,0.07,3.23,0.411,5,0.348660714,0.381,0.471,-0.348660714,0.045,0.03,0.064,0.025,27,38,20,5.8
1160,601713,"Pivetta, Nick",2387,48.6,0.239,0.16,0.311,0.399,0.303,0.307,0.231,64,268,91.7,19.6,2311,93.9,94.74,131,600,560,0.7999999999999972,6.83,113,149,120,149,286,322,300,7.3,-7.3,69.3,6.7,292,188,40,13,3,8,81,27.7,23,7.9,0.93118,1.6596,0.33763,-0.03468,91.3,188,46.808510638297875,9.042553191489365,5.821917808219178,6.84,1.45,-0.11,3.01,0.298,17,-0.633103448,0.292,0.414,0.633103448,0.008,0.006,-0.015,-0.004,21.8,57.2,19.9,4
431,673513,"Matsui, Yuki",1049,41.1,0.223,0.223,0.222,0.447,0.336,0.327,0.234,21,94,91.4,27.5,2439,92.2,91.36,45,236,195,-0.8,5.95,111,150,117,150,296,323,297,2.8,-2.8,69.4,7,112,77,11,4,1,5,19,17,16,14.3,1.04784,1.65165,0.35542,-0.10807,91.2,185,40.25974025974026,7.792207792207792,5.357142857142857,6.01,2.01,0.11,2.88,0.33,6,-0.641299304,0.34,0.405,0.641299304,-0.011,-0.01,0.042,0.009,19.1,57.6,19.8,4.3
683,663474,"McKenzie, Triston",1304,52.4,0.303,0.348,0.263,0.652,0.46,0.464,0.307,47,155,92.4,20.6,2229,91.1,92.02,30,292,391,0.9000000000000057,6.83,111,149,122,149,296,318,298,-15.9,15.9,70.6,7.1,198,134,25,6,0,16,22,11.1,40,20.2,1.10318,1.64362,0.13468,-0.014,92.6,200,48.507462686567166,17.16417910447761,11.616161616161616,6.48,1.64,0.04,2.56,0.447,23,2.322693997,0.45,0.659,-2.322693997,-0.004,-0.003,-0.007,-0.004,10.3,55.3,19.7,1.6
549,670950,"Richards, Trevor",1182,46.4,0.234,0.108,0.28,0.342,0.335,0.375,0.251,26,111,92.5,22.3,2249,92.3,92.26,39,263,286,0,6.36,109,147,115,146,291,321,294,-0.5,0.5,68.4,6.7,143,86,20,3,0,3,28,19.6,28,19.6,1.04233,1.6431,0.60107,0.0959,91.5,204,52.32558139534884,9.302325581,5.594405594405594,6.29,2.13,0.05,2.81,0.387,8,0.083970856,0.406,0.429,-0.083970856,-0.017,-0.019,-0.087,-0.04,14.8,55.3,19.7,7.2
1154,542881,"Anderson, Tyler",2914,39.6,0.272,0.222,0.292,0.494,0.365,0.367,0.272,70,257,90.8,23.1,2196,89.4,88.97,100,547,607,-0.4,6.11,108,151,115,149,306,326,298,-12.1,12.1,70.9,6.9,289,213,38,18,3,11,44,15.2,30,10.4,1.22102,1.64161,0.34462,-0.22377,91.7,195,42.25352112676056,10.328638497652582,7.612456747404845,6.42,1.31,0.03,2.9,0.353,22,1.052686308,0.353,0.498,-1.052686308,0,0,-0.004,-0.002,18.3,58.1,19.7,4.1
952,676710,"Crawford, Kutter",2823,33.7,0.255,0.245,0.291,0.5,0.347,0.336,0.24,56,220,92.7,25.3,2504,92.6,92.01,97,489,463,-0.6,6.1,114,150,118,149,288,322,300,-3.9,3.9,70.1,6.8,244,161,28,15,0,13,62,25.4,19,7.8,1.03514,1.64039,0.63206,-0.05288,91.6,205,50.931677018633536,12.422360248447204,8.196721311,6.05,1.14,0.03,2.95,0.316,20,0.408193277,0.305,0.48,-0.408193277,0.015,0.011,0.02,0.011,19.8,47.7,19.7,7.6
567,669093,"Estrada, Jeremiah",1003,56.5,0.191,0.113,0.26,0.304,0.26,0.273,0.197,22,115,90.9,23,2224,97.2,97.86,105,322,245,0.7000000000000028,6.75,114,149,118,149,298,325,298,5.7,-5.7,69.6,6.7,132,76,15,4,0,3,41,31.1,14,10.6,0.796,1.62601,0.12293,-0.01363,91.2,196,39.473684210526315,6.578947368421052,3.787878787878788,5.92,0.5,0.06,2.97,0.275,5,-1.003527337,0.284,0.311,1.003527337,-0.006,-0.009,-0.007,-0.013,32.6,67.3,19.5,1.5
1088,686752,"Pepiot, Ryan",2149,50.6,0.181,0.149,0.228,0.33,0.289,0.291,0.172,40,221,91.6,27,2379,94.9,95.47,157,497,591,0.5999999999999943,6.79,106,148,116,149,297,330,301,10.4,-10.4,70.2,6.8,262,145,25,6,0,9,77,29.4,36,13.7,0.93028,1.61722,0.73479,-0.13475,91.5,198,43.44827586206896,12.413793103448276,6.870229007633588,5.95,1,-0.12,2.85,0.305,18,-0.951378676,0.297,0.347,0.951378676,0.009,0.008,-0.017,-0.002,31.6,43.6,19.4,8.8
769,434378,"Verlander, Justin",1580,48.7,0.299,0.198,0.324,0.497,0.37,0.321,0.239,56,187,90.6,24.9,2395,93.5,92.51,82,405,364,-1,5.94,109,149,113,149,294,320,294,-10.4,10.4,69.8,6.9,213,154,38,8,1,9,37,17.4,20,9.4,1.02419,1.60679,0.71901,-0.00684,91.5,201,41.55844155844156,8.441558441558442,6.103286384976526,7.13,1.43,0.06,2.96,0.366,13,1.349414824,0.315,0.423,-1.349414824,0.06,0.051,0.074,0.049,20.2,56.6,19.3,8.6
1259,641482,"Cortes, Nestor",2849,44.2,0.235,0.208,0.268,0.443,0.316,0.311,0.227,60,255,92.6,25.9,2309,92.1,91.33,138,642,617,-0.8,5.93,110,151,117,150,292,325,286,6.8,-6.8,70.4,6.9,277,192,31,17,0,12,65,23.5,17,6.1,1.1021,1.59714,0.40436,-0.21907,91.4,198,52.604166666666664,11.979166666666668,8.303249097472925,5.9,0.88,0.08,2.73,0.29,23,-0.542811755,0.284,0.433,0.542811755,0.008,0.006,0.01,0.005,21.5,52.9,19.2,4.8
237,686580,"Slaten, Justin",811,29.2,0.151,0.019,0.229,0.17,0.189,0.212,0.158,8,53,87.2,19.7,2394,96.4,97.01,33,124,113,0.5999999999999943,6.78,112,149,118,148,286,321,299,4.4,-4.4,67.3,6.5,58,35,7,1,0,0,18,31,3,5.2,0.87034,1.59532,0.45339,-0.07822,89.8,174,22.857142857142858,0,0,6.13,0.67,-0.11,2.71,0.224,0,-1.855274262,0.231,0.224,1.855274262,-0.007,-0.007,-0.054,-0.023,26.6,54.5,19.1,5.4
863,668964,"Myers, Tobias",2152,40.1,0.239,0.197,0.274,0.436,0.322,0.338,0.245,56,234,90.9,20,2223,92.9,93.62,88,453,410,0.6999999999999886,6.7,111,149,121,148,303,322,297,5.7,-5.7,69.5,6.8,258,170,36,7,0,13,65,25.2,22,8.5,1.04663,1.59446,0.41619,0.00799,92,197,44.70588235294118,11.176470588235295,7.3643410852713185,5.89,0.92,0.01,2.78,0.306,19,-0.660950174,0.313,0.468,0.660950174,-0.006,-0.007,-0.032,-0.016,19.4,60.7,19.1,5
532,689017,"Knack, Landon",1149,46.3,0.228,0.298,0.225,0.526,0.358,0.33,0.203,26,114,93.3,27.4,2448,93.5,92.76,53,261,271,-0.7,5.86,116,150,125,151,296,315,295,4.3,-4.3,69.3,6.8,128,81,13,2,1,10,33,25.8,12,9.4,1.01613,1.59323,0.63122,-0.07566,91.6,207,53.086419753086425,14.814814814814811,9.375,5.79,0.77,-0.1,2.93,0.313,12,-0.811654135,0.29,0.48,0.811654135,0.025,0.023,0.046,0.028,20.3,53.5,19.1,7.6
285,669276,"Lee, Dylan",859,33.2,0.257,0.186,0.32,0.443,0.323,0.288,0.208,18,70,90,22.2,2251,92.4,92.33,28,145,140,-0.1,6.3,111,151,121,148,301,322,293,3.2,-3.2,70.9,7.1,76,53,10,5,1,2,18,23.7,5,6.6,1.08572,1.59067,0.65582,-0.23337,91.7,196,41.509433962264154,11.320754716981131,7.894736842105263,6.49,1.7,0.26,2.74,0.307,6,-1.122105263,0.261,0.406,1.122105263,0.049,0.04599999999999998,0.037,0.035,19.3,46.3,19.1,7.9
370,621363,"Poche, Colin",543,68.1,0.227,0.182,0.214,0.409,0.304,0.326,0.248,20,88,90.8,18.8,2226,91.2,92.57,29,174,196,1.3999999999999917,7.23,102,149,115,147,297,328,296,2.2,-2.2,69.8,6.9,99,75,14,1,0,5,15,15.2,9,9.1,1.17646,1.57662,-0.18366,0.05055,92.3,168,41.333333333333336,8,6.0606060606060606,6.28,1.19,-0.27,2.82,0.293,6,-0.582702703,0.312,0.442,0.582702703,-0.021,-0.019,-0.033,-0.022,16.7,63.4,18.9,2.2
822,605483,"Snell, Blake",1773,46.4,0.2,0.103,0.26,0.303,0.276,0.286,0.194,29,145,88.3,21.4,2434,95.9,96.7,87,357,465,0.7999999999999972,6.84,109,150,122,147,301,321,293,4.7,-4.7,68,6.5,166,103,21,4,1,3,42,25.3,21,12.7,0.92572,1.56204,0.48315,-0.32084,90.6,188,33.00970873786408,6.796116504854369,4.216867469879518,6.68,1.95,-0.03,3.06,0.301,7,-0.5743309,0.296,0.341,0.5743309,0.006,0.005,-0.038,-0.01,24.4,56.7,18.7,5.8
333,680897,"Nastrini, Nick",734,45.4,0.189,0.226,0.146,0.415,0.37,0.427,0.238,10,53,89.7,27.2,2370,93.7,93.99,23,113,220,0.29999999999999716,6.55,110,148,117,149,296,325,294,-5.3,5.3,71.8,7.1,72,45,6,0,0,4,8,11.1,18,25,1.0452,1.56051,0.3467,-0.01144,91.9,180,42.22222222222222,17.77777777777778,11.11111111111111,5.96,2.06,0.09,2.36,0.403,8,1.601801802,0.439,0.551,-1.601801802,-0.049,-0.036,-0.136,-0.057,20.4,45.4,18.7,4.2
957,671737,"Bradley, Taj",2294,41.7,0.269,0.231,0.284,0.5,0.372,0.391,0.274,56,208,92.5,22.1,2304,96.4,96.38,112,534,423,0,6.5,106,148,115,149,298,330,301,-0.4,0.4,69.3,6.7,240,168,33,10,1,12,41,17.1,30,12.5,0.91468,1.55901,0.47586,-0.02631,91.8,207,48.80952380952381,14.88095238095238,10.416666666666668,6.12,1.44,0.02,3.03,0.361,25,0.036886102,0.366,0.55,-0.036886102,-0.005,-0.005,-0.05,-0.019,21,54.1,18.7,5.7
666,596133,"Weaver, Luke",1374,48.5,0.177,0.153,0.23,0.331,0.271,0.303,0.193,22,124,92.5,24.7,2462,95.7,94.84,94,313,353,-0.9,5.98,112,150,119,151,291,324,288,7.8,-7.8,69.7,6.8,142,79,13,4,0,5,46,32.4,15,10.6,0.96149,1.54574,0.53383,0.01974,91.1,195,49.36708860759494,10.126582278481012,5.633802816901409,5.75,1.66,0.09,2.89,0.275,8,-1.174624625,0.29,0.395,1.174624625,-0.016,-0.015,-0.064,-0.032,30,47.1,18.6,6.4
402,656641,"Latz, Jacob",813,49.4,0.228,0.152,0.263,0.38,0.34,0.372,0.235,18,79,90.7,26.2,2337,94.9,95.24,45,201,201,0.29999999999999716,6.64,114,149,119,149,299,323,296,-7.7,7.7,69.5,6.8,99,60,12,3,0,3,20,20.2,18,18.2,1.00017,1.54515,0.4786,-0.01621,91.5,195,46.666666666666664,10,6.0606060606060606,5.98,1.61,-0.22,3.15,0.374,6,1.926119403,0.382,0.465,-1.926119403,-0.007,-0.008,-0.085,-0.032,22.4,50.9,18.5,5.7
1055,669854,"Blanco, Ronel",2751,38.3,0.232,0.265,0.228,0.497,0.366,0.406,0.269,43,185,92.2,24.6,2228,93.4,94.19,88,458,597,0.7999999999999972,6.85,108,149,113,149,292,322,295,-3,3,69.4,6.8,219,148,19,11,1,12,37,16.9,32,14.6,1.07873,1.54476,0.60603,-0.08057,91.4,198,45.94594594594595,17.56756756756757,11.87214611872146,6.17,0.88,0.01,2.97,0.352,26,0.286066351,0.383,0.57,-0.286066351,-0.037,-0.031,-0.073,-0.04,19.2,47.5,18.5,7.3
415,592094,"Adam, Jason",1109,37.4,0.167,0.119,0.176,0.286,0.233,0.306,0.228,14,84,92.4,24.7,2648,95.5,95.93,58,219,196,0.4000000000000057,6.66,109,149,114,148,296,326,298,6.4,-6.4,69.5,6.8,93,70,8,4,0,2,15,16.1,7,7.5,0.97289,1.53836,0.62511,0.06463,92,198,47.14285714285714,5.714285714285714,4.301075268817205,6.19,1.06,0.01,3.18,0.237,4,-1.549638554,0.293,0.417,1.549638554,-0.061,-0.056,-0.131,-0.073,26.5,37.5,18.5,7.5
1388,656302,"Cease, Dylan",3188,43.5,0.235,0.154,0.276,0.39,0.331,0.352,0.245,64,272,89.8,17.6,2557,96.9,96.8,141,695,693,-0.1,6.29,114,149,118,151,298,325,299,-3,3,69.1,6.8,325,210,40,15,0,9,64,19.7,47,14.5,0.90236,1.53148,0.20871,-0.03173,91.2,190,43.80952380952381,10.476190476190476,6.769230769230769,6.2,1.17,0.16,2.98,0.352,22,0.217507205,0.361,0.435,-0.217507205,-0.01,-0.009,-0.045,-0.021,20.3,54.9,18.4,2.5
695,669211,"Akin, Keegan",1241,56,0.215,0.177,0.282,0.392,0.29,0.271,0.189,34,158,88.3,25.1,2419,93.9,92.88,99,352,343,-1,5.85,112,148,121,148,301,325,296,2.6,-2.6,68.5,6.7,180,110,18,9,2,5,54,30,14,7.8,1.07337,1.52846,0.8278,-0.14463,91.4,199,41.81818181818181,10.909090909090908,6.666666666666667,5.98,2.12,-0.05,2.78,0.281,12,-0.377841727,0.263,0.34,0.377841727,0.026,0.01800000000000001,0.052,0.019,28.1,44.1,18.3,9.9
614,674003,"Bradford, Cody",1175,52.3,0.185,0.159,0.204,0.344,0.246,0.28,0.218,28,151,89.3,23.2,2100,89.8,91,66,310,304,1.2000000000000028,7.1,112,150,117,149,301,324,298,10.6,-10.6,69.1,6.6,160,114,17,4,1,6,38,23.8,8,5,1.30906,1.52805,0.49842,-0.24591,91.2,192,37.719298245614034,7.894736842105263,5.625,6.28,0.47,-0.07,2.83,0.225,9,-1.733387622,0.256,0.391,1.733387622,-0.033,-0.031,-0.047,-0.034,21.3,58.6,18.3,6
343,641941,"Pagán, Emilio",593,57.8,0.259,0.176,0.31,0.435,0.33,0.342,0.247,22,85,91.9,28.2,2553,94.6,95.13,52,201,142,0.5,6.71,111,147,121,148,296,322,291,-1,1,70.8,7,95,62,15,3,0,4,24,25.3,9,9.5,1.03087,1.52778,0.5795,0.04195,91.8,207,56.451612903225815,11.29032258064516,7.368421052631578,5.68,1.65,0.05,2.79,0.326,7,0.280174927,0.322,0.463,-0.280174927,0.012,0.004,-0.028,-0.012,25.9,41,18.3,7
266,650644,"Civale, Aaron",2699,9.9,0.294,0.196,0.333,0.49,0.366,0.286,0.205,15,51,91.2,31.3,2386,92,90.94,12,126,140,-1.1,5.67,108,150,121,149,300,325,296,-7.8,7.8,68.8,6.8,56,41,9,4,0,2,10,17.9,5,8.9,1.16902,1.52767,0.41566,5.7e-4,90.8,190,43.90243902439025,4.878048780487805,3.571428571428571,6.41,0.85,0.03,3.24,0.357,2,2.930451128,0.276,0.374,-2.930451128,0.089,0.081,0.116,0.08,9.5,46.2,18.3,5
385,573204,"Thielbar, Caleb",887,43.4,0.32,0.175,0.37,0.495,0.38,0.363,0.273,31,97,91,16.5,2275,93.2,93.3,41,229,156,0.1,6.29,110,146,116,147,295,321,294,-3.4,3.4,68.1,6.7,111,77,22,5,0,4,22,19.8,12,10.8,1.09252,1.52613,0.28846,-0.02763,91.6,187,44.15584415584416,12.987012987012983,9.009009009,6.07,0.34,0.02,2.99,0.387,10,0.878961039,0.353,0.479,-0.878961039,0.047,0.034,0.016,0.017,17.9,53.6,18.3,3.5
1341,669194,"Nelson, Ryne",2406,55.7,0.249,0.168,0.327,0.418,0.315,0.307,0.249,74,297,93.2,13.9,2216,95.2,96.1,137,704,637,0.8999999999999915,6.82,112,149,119,149,297,319,297,6.6,-6.6,68.7,6.6,328,208,44,19,2,9,92,28,23,7,0.99276,1.52512,0.47746,-0.03543,91.3,188,51.92307692307693,7.6923076923076925,4.878048780487805,6.12,1.48,-0.08,2.78,0.309,16,-0.493288591,0.309,0.389,0.493288591,0,0,0.029,0.008,19.5,49.4,18.3,5.7
1162,682243,"Miller, Bryce",2749,42.3,0.184,0.164,0.207,0.348,0.261,0.322,0.224,46,250,92.3,28.3,2484,95.2,95.11,173,650,512,-0.1,6.31,114,149,115,149,291,320,293,13.9,-13.9,70.4,6.9,271,184,25,11,0,10,66,24.4,20,7.4,0.99686,1.52503,0.52868,-0.11078,91.3,205,45.108695652173914,15.217391304347828,10.33210332103321,5.7,1.25,0.05,2.89,0.247,28,-1.195697074,0.285,0.463,1.195697074,-0.04,-0.038,-0.115,-0.061,26.6,45.8,18.3,6.3
1347,684007,"Imanaga, Shota",2590,52,0.229,0.241,0.221,0.47,0.319,0.316,0.237,76,332,91.2,27.2,2442,91.7,91.47,130,739,608,-0.2,6.29,111,152,116,151,301,322,290,6.6,-6.6,70.8,6.9,354,266,41,12,1,22,66,18.6,21,5.9,1.20079,1.52472,0.84987,-0.53958,91.6,198,45.11278195488722,10.526315789473683,7.909604519774012,5.45,2.48,-0.13,2.92,0.277,28,-0.48908686,0.285,0.448,0.48908686,-0.008,-0.008,0.022,0.003,17.6,40.4,18.3,10.2
289,543518,"McGough, Scott",577,50.1,0.361,0.361,0.375,0.721,0.497,0.49,0.338,22,61,97,13.1,2356,93.1,92.26,23,132,157,-0.8,5.86,114,148,120,148,300,318,294,-12.3,12.3,69.4,6.9,78,52,10,6,2,4,10,12.8,16,20.5,1.11332,1.52419,0.67779,0.09772,93.1,211,61.53846153846154,21.153846153846153,14.102564102564102,6,1.41,0.01,2.63,0.487,11,4.271280277,0.47,0.724,-4.271280277,0.023,0.01700000000000001,-0.003,0.007,17.4,46.2,18.3,8.1
666,663432,"Rainey, Tanner",939,70.9,0.255,0.235,0.263,0.49,0.365,0.369,0.237,38,149,91.8,27.7,2399,94,93.86,69,351,315,-0.1,6.3,114,148,120,147,300,322,296,-3.9,3.9,70.7,7.1,174,122,20,9,1,8,28,16.1,22,12.6,1.0655,1.5238,0.84967,0.06315,91.6,193,44.26229508196721,16.39344262295082,11.494252873563218,6.13,2.7,0,2.6,0.356,20,0.579429429,0.343,0.516,-0.579429429,0.018,0.01299999999999995,-0.026,-0.004,19.7,38.1,18.3,10.2
363,664126,"Fairbanks, Pete",696,52.2,0.28,0.061,0.328,0.341,0.32,0.363,0.287,23,82,90.6,15.3,2341,97.3,97.37,30,162,201,0.10000000000000853,6.48,108,148,114,149,294,327,297,0.5,-0.5,70.9,7.1,93,68,20,2,0,1,14,15.1,11,11.8,0.89986,1.52113,0.22149,-0.02077,92.2,180,41.17647058823529,7.352941176470589,5.376344086021505,6.88,0.4,-0.07,2.45,0.366,5,-0.14600551,0.371,0.456,0.14600551,-0.007,-0.005,-0.115,-0.043,18.5,52.7,18.3,2.7
248,621051,"Wilson, Steven",623,39.8,0.245,0.265,0.229,0.51,0.391,0.419,0.265,12,49,88,21.5,2439,93.5,94.44,19,115,133,0.9000000000000057,6.87,112,147,115,147,295,321,294,-2.3,2.3,68.9,6.7,64,40,7,1,0,4,11,17.2,11,17.2,1.0902,1.5206,0.53262,-0.09069,91,189,37.5,15,9.375,5.72,1.88,-0.08,2.74,0.397,6,0.934677419,0.421,0.532,-0.934677419,-0.02,-0.024,-0.022,-0.028,16.5,46.1,18.3,6.4
1034,623167,"Flexen, Chris",2797,37,0.261,0.212,0.267,0.473,0.36,0.37,0.259,64,245,92,22.6,2144,91.3,91.3,59,448,586,0,6.29,111,149,118,149,296,325,296,-6.4,6.4,70.3,6.9,283,209,37,14,1,12,38,13.4,34,12,1.21573,1.52029,0.13372,-0.00322,92.5,204,47.84688995215311,10.526315789473683,7.773851590106007,6.87,0.12,0,2.85,0.356,22,0.616731141,0.354,0.505,-0.616731141,0.002,0.002,-0.032,-0.01,13.2,70.6,18.2,1.6
568,670280,"Bednar, David",1023,55.5,0.256,0.203,0.283,0.459,0.358,0.363,0.244,34,133,89.9,26.6,2468,97.2,97.78,77,320,248,0.5999999999999943,6.7,111,147,110,147,305,323,294,-5.6,5.6,70,6.9,158,106,19,9,0,6,29,18.4,22,13.9,0.90243,1.51854,0.63722,0.0668,91.5,194,42.45283018867924,12.264150943396226,8.227848101265822,5.98,1.78,0.21,3,0.363,13,0.984507042,0.355,0.478,-0.984507042,0.012,0.008,-0.019,-0.005,24.1,43,18.2,7.6
316,675540,"Curry, Xzavion",639,49.5,0.262,0.23,0.28,0.492,0.347,0.369,0.283,16,61,91.6,27.9,2090,92.1,92.02,27,138,178,-0.1,6.25,114,149,124,150,300,318,300,-0.9,0.9,71,6.9,66,52,6,8,0,2,9,13.6,5,7.6,1.17095,1.51766,0.32641,-0.03879,91.8,204,42.30769230769231,13.461538461538462,10.606060606060606,6.06,1.34,0.11,2.77,0.318,7,0.275949367,0.338,0.522,-0.275949367,-0.021,-0.02,-0.03,-0.022,19.6,61.5,18.2,3.9
896,656629,"Kopech, Michael",1143,78.4,0.183,0.143,0.253,0.326,0.285,0.288,0.184,32,175,88.4,18.6,2620,98.7,99.55,144,424,472,0.7999999999999972,6.89,113,148,118,150,296,321,297,6.2,-6.2,68.5,6.6,209,107,21,4,0,7,71,34,27,12.9,0.83559,1.51665,0.80749,-0.13184,90.8,194,42.05607476635514,9.345794392523365,4.784688995215311,5.73,2.3,-0.11,3.02,0.303,10,-0.688504464,0.304,0.333,0.688504464,-0.001,-0.001,-0.007,-0.003,34,45.1,18.2,9.7
411,548389,"Stripling, Ross",1358,30.3,0.244,0.178,0.284,0.422,0.328,0.304,0.213,22,90,89.2,22.6,2143,91.7,91.13,30,171,240,-0.6,6.07,112,148,116,150,296,319,295,-3,3,69,6.8,103,70,12,7,0,3,21,20.4,12,11.7,1.21562,1.50871,0.39924,-0.01202,91.7,192,37.142857142857146,10,6.796116504854369,6.84,1.1,0.12,3.06,0.33,7,0.71946472,0.303,0.388,-0.71946472,0.031,0.02700000000000002,0.034,0.024,17.5,61.2,18.1,4.8
619,683232,"Mears, Nick",1028,60.2,0.24,0.16,0.281,0.4,0.319,0.321,0.238,30,125,89.8,14.7,2318,96.7,97.88,64,320,299,1.2000000000000028,6.86,111,148,120,147,302,329,301,0.8,-0.8,69,6.8,146,94,20,5,0,5,34,23.3,18,12.3,0.92244,1.50725,0.23376,-0.00803,90.7,196,38.297872340425535,7.446808510638298,4.794520547945205,6.2,1.45,0.31,2.7,0.329,7,-0.131017771,0.328,0.402,0.131017771,0.002,0.001,-0.002,-0.002,20,61.1,18.1,2.8
442,701581,"Festa, David",1099,40.2,0.304,0.241,0.385,0.544,0.41,0.384,0.272,24,79,91.3,17.9,2349,94.7,95.92,39,201,241,1.2000000000000028,6.96,111,148,113,147,293,321,298,-4.2,4.2,68.6,6.7,93,56,13,7,0,4,23,24.7,12,12.9,1.03887,1.50154,0.12744,0.00716,91.6,187,50,12.5,7.526881720430108,6.24,1.88,0.06,2.86,0.409,7,0.954072398,0.382,0.503,-0.954072398,0.032,0.027,0.041,0.026,19.4,60.2,18,1.5
698,663158,"Suarez, Robert",977,71.4,0.223,0.12,0.279,0.343,0.271,0.264,0.208,39,175,88.9,20.1,2422,99.1,99.52,105,417,281,0.4000000000000057,6.68,117,149,119,151,296,322,298,5.4,-5.4,69,6.8,188,128,28,6,0,5,48,25.5,12,6.4,0.8341,1.50142,0.6085,-0.08446,90.8,192,39.84375,7.03125,4.787234042553192,6.26,1.08,0.02,2.82,0.273,9,-0.773495702,0.259,0.338,0.773495702,0.015,0.01400000000000001,0.005,0.007,25.2,46.1,18,7.3
465,689225,"Brieske, Beau",1152,40.4,0.222,0.049,0.34,0.272,0.303,0.302,0.188,18,81,91.6,18.6,2504,95.9,95.59,47,222,243,-0.3,6.14,115,148,118,149,291,329,299,1.8,-1.8,70.3,7,104,54,14,4,0,0,30,28.8,19,18.3,0.98232,1.49994,0.49039,-0.15348,90.7,191,46.2962963,5.555555555555555,2.8846153846153846,6.03,1.36,-0.16,2.51,0.369,3,-0.39311828,0.345,0.302,0.39311828,0.034,0.024,-0.03,0.001,21.2,51.4,18,5.9
515,571946,"Miller, Shelby",850,60.6,0.183,0.147,0.205,0.33,0.273,0.303,0.201,20,109,93.8,22.4,2418,93.5,94.62,59,249,266,1.0999999999999943,7,114,147,114,147,294,327,295,9.5,-9.5,67.6,6.6,128,82,12,4,0,4,30,23.4,11,8.6,1.1125,1.49905,0.7527,0.01841,91.9,198,43.90243902439025,7.317073170731707,4.6875,5.34,1.5,-0.07,2.74,0.281,6,-1.83961165,0.305,0.349,1.83961165,-0.018,-0.024,-0.019,-0.03,23.7,45.7,18,9
432,657508,"Baumann, Mike",1067,40.5,0.289,0.329,0.254,0.618,0.422,0.399,0.262,22,76,93.4,20,2284,96.5,97.08,42,215,217,0.5999999999999943,6.7,110,147,120,147,299,325,297,-2.8,2.8,70.7,6.9,95,69,11,3,2,6,10,10.5,13,13.7,0.95725,1.49884,0.68053,0.02442,91.8,206,55.072463768115945,14.492753623188406,10.526315789473683,6.13,1.62,0.05,2.9,0.4,10,0.647222222,0.388,0.511,-0.647222222,0.027,0.012,0.107,0.023,19.5,49.9,18,8.2
504,643338,"Green, Chad",840,60,0.198,0.165,0.202,0.364,0.257,0.322,0.25,24,121,93.6,21.4,2459,95.5,95.6,54,298,206,0.1,6.53,113,147,117,149,290,322,297,12.1,-12.1,69.9,6.8,131,99,14,5,0,5,25,19.1,7,5.3,1.0175399999999999,1.49845,0.66002,-0.11696,91.7,203,50.505050505050505,8.080808080808081,6.106870229007633,6.12,1.79,0.02,2.97,0.237,8,-2.402777778,0.285,0.475,2.402777778,-0.052,-0.048,-0.111,-0.065,18.1,44.7,18,7.9
347,683004,"Leiter, Jack",669,51.9,0.35,0.275,0.381,0.625,0.443,0.419,0.302,28,80,94.3,19.9,2348,96.4,97.01,55,190,157,0.5999999999999943,6.87,110,148,114,148,297,320,298,-16.2,16.2,70.3,6.8,100,68,16,6,2,4,16,16,12,12,0.97709,1.49761,0.62862,0.0519,92.9,201,54.41176470588235,13.23529411764706,9,5.61,2,0.1,2.9,0.439,9,4.674063401,0.405,0.58,-4.674063401,0.048,0.03399999999999997,0.045,0.024,28.9,48.8,18,7.5
301,592662,"Ray, Robbie",568,53,0.167,0.2,0.171,0.367,0.309,0.307,0.177,10,60,89.1,33.7,2320,94.1,93.8,39,148,153,-0.3,6.15,110,149,124,147,298,318,290,1.6,-1.6,68,6.6,75,39,6,0,0,4,22,29.3,12,16,1.08133,1.49738,0.73465,-0.4993,90.5,194,35.8974359,7.6923076923076925,4,6.3,2.58,-0.18,3.2,0.32,3,-0.527574751,0.328,0.35,0.527574751,-0.01,-0.008,0.017,0.002,26.4,48,18,8.8
476,656730,"Megill, Trevor",668,71.3,0.209,0.07,0.26,0.279,0.247,0.282,0.217,27,129,91.2,19,2456,98.8,99.38,60,270,206,0.6000000000000085,6.67,113,149,120,148,303,324,299,12.2,-12.2,68.9,6.8,142,99,22,3,0,2,32,22.5,10,7,0.84584,1.49403,0.46939,0.00724,92,197,44.44444444444444,7.070707071,4.929577464788732,6.6,0.22,-0.01,2.82,0.27,7,-2.571008403,0.28,0.345,2.571008403,-0.008,-0.01,-0.066,-0.035,22.2,54.5,17.9,5.6
291,592426,"Jackson, Luke",917,31.7,0.245,0.113,0.324,0.358,0.33,0.314,0.198,13,53,92.9,23.3,2295,94.7,95.66,28,112,179,1,6.87,112,149,123,149,297,322,295,0,0,68.7,6.8,67,38,9,3,0,1,17,25.4,10,14.9,1.05096,1.49388,0.42663,0.039,91.7,204,39.473684210526315,7.894736842105263,4.477611940298507,6.59,1.96,-0.01,2.97,0.373,3,0.01443299,0.343,0.318,-0.01443299,0.047,0.03,0.04,0.016,25,55.7,17.9,5.1
618,608379,"Wacha, Michael",2602,23.8,0.279,0.169,0.327,0.449,0.346,0.371,0.3,38,136,88.8,20.4,2129,93.6,94.46,52,307,311,0.9000000000000057,6.77,114,148,117,150,296,323,297,1.2,-1.2,68.4,6.6,152,110,25,7,2,4,28,18.4,14,9.2,1.10739,1.49324,0.55362,-0.15971,91.3,190,41.81818181818181,11.818181818181818,8.552631578947368,6.54,1.54,0.08,2.68,0.347,13,-0.192556634,0.365,0.488,0.192556634,-0.021,-0.018,-0.039,-0.025,16.9,52.1,17.9,6.6
697,665152,"Kremer, Dean",2171,32.1,0.245,0.259,0.27,0.503,0.366,0.372,0.24,35,143,90.9,24,2274,93.4,93.1,81,349,348,-0.3,6.21,113,147,117,150,298,327,301,0,0,69.2,6.7,167,100,20,4,0,11,44,26.3,21,12.6,1.13092,1.49218,0.64885,-0.25341,91.1,203,46,17,10.179640718562874,6.02,1.99,-0.11,3.01,0.347,17,-0.004591105,0.344,0.527,0.004591105,0.005,0.003,-0.024,-0.006,23.2,39.9,17.9,7.8
477,607259,"Martinez, Nick",2125,22.4,0.219,0.132,0.274,0.351,0.27,0.272,0.22,25,114,86.8,22.3,2342,92.6,91.76,55,259,218,-0.8,5.83,114,146,119,149,293,321,292,1.3,-1.3,68.6,6.6,126,89,15,7,1,2,29,23,7,5.6,1.1734,1.49002,0.38361,-0.06749,90.7,185,34.831460674157306,4.494382022,3.1746031746031744,6.21,1.68,0.02,3.13,0.268,4,-0.28197065,0.269,0.355,0.28197065,-0.001,-0.001,-0.004,-0.002,21.2,57,17.9,4.6
800,670102,"Francis, Bowden",1559,51.3,0.174,0.197,0.168,0.371,0.263,0.301,0.215,37,213,90.9,26.6,2362,92.9,93.65,88,476,324,0.6999999999999886,6.81,112,148,119,149,288,320,295,12.9,-12.9,70.8,6.9,231,167,17,9,0,11,47,20.3,15,6.5,1.16199,1.48907,0.50118,-0.00566,91.3,202,39.52095808383233,10.179640718562874,7.359307359,5.9,2.15,0.05,2.87,0.235,17,-1.617,0.273,0.423,1.617,-0.041,-0.038,-0.052,-0.038,18.5,38.9,17.9,6
586,592773,"Stanek, Ryne",977,60,0.236,0.171,0.276,0.407,0.327,0.31,0.203,29,123,90.5,26.4,2329,97.7,97.12,88,318,268,-0.6,6.02,112,149,117,148,295,323,295,-0.8,0.8,69.5,6.9,143,92,19,4,1,5,32,22.4,18,12.6,0.90585,1.48881,0.77343,-0.05824,91.2,208,43.47826086956522,13.043478260869565,8.391608391608392,6.37,0.87,-0.03,2.73,0.336,12,0.139590444,0.308,0.393,-0.139590444,0.033,0.02800000000000002,0.014,0.017,27.7,45.8,17.9,9.3
1531,607074,"Rodón, Carlos",3102,49.4,0.262,0.252,0.263,0.514,0.364,0.389,0.278,83,317,93,23.8,2383,95.4,94.88,174,814,717,-0.5,6.12,108,151,118,150,295,326,287,5.4,-5.4,70.6,7,354,257,48,11,3,21,61,17.2,36,10.2,1.03137,1.48677,0.73566,-0.4895,91.8,205,50.58365758754864,14.785992217898832,10.734463276836156,6.41,1.89,0.16,2.89,0.336,38,-0.353363815,0.351,0.562,0.353363815,-0.016,-0.015,-0.048,-0.025,21.4,47.5,17.8,8.8
335,673929,"Leasure, Jordan",560,59.8,0.169,0.138,0.176,0.308,0.295,0.323,0.194,11,65,86.8,20.3,2274,96.1,97.26,43,167,168,1.2000000000000028,6.98,112,148,114,149,295,321,296,1.6,-1.6,69.7,6.8,83,54,6,3,0,2,13,15.7,15,18.1,0.9923,1.47967,0.42594,-0.02475,90,192,25.925925925925924,5.555555555555555,3.614457831325301,5.88,1.4,0.01,2.95,0.329,3,-0.474029851,0.349,0.363,0.474029851,-0.025,-0.02,-0.055,-0.028,25.7,51.3,17.8,5.1
1036,663559,"Falter, Bailey",2138,48.5,0.255,0.155,0.277,0.41,0.314,0.321,0.255,69,271,87.5,18.7,2031,91.8,93.71,90,543,493,1.9000000000000057,7.35,107,148,111,146,311,326,291,0.6,-0.6,69.5,6.7,306,230,43,18,0,8,48,15.7,26,8.5,1.22358,1.47491,0.22442,-0.14442,91.3,172,34.34782608695652,7.826086957,5.882352941,5.78,1.15,-0.17,2.87,0.315,18,-0.062644788,0.32,0.411,0.062644788,0,-0.005,-0.001,-0.007,16.6,55.9,17.7,2.7
382,696136,"Wicks, Jordan",852,44.8,0.264,0.161,0.297,0.425,0.347,0.335,0.245,23,87,88.9,23.4,2315,92.6,92.56,35,215,167,0,6.29,111,150,117,150,301,320,292,1.5,-1.5,68.9,6.7,101,69,17,2,0,4,19,18.8,13,12.9,1.18796,1.47448,0.35233,-0.14992,91.1,196,42.028985507246375,8.695652173913043,5.9405940594059405,5.98,2.16,-0.08,3,0.36,6,-0.389528796,0.343,0.414,0.389528796,0.019,0.017,0.011,0.012,16.3,50.4,17.7,4.2
394,660761,"Suarez, José",987,39.9,0.286,0.204,0.333,0.49,0.404,0.396,0.27,14,49,89.4,19,2341,93,92.23,35,155,239,-0.8,5.98,107,149,116,147,304,326,298,-2.8,2.8,70.1,6.8,64,38,8,4,0,2,12,18.8,12,18.8,1.17668,1.47393,0.64048,-0.26668,90.5,191,52.63157894736842,13.157894736842104,7.8125,5.63,1.56,-0.19,2.74,0.438,5,0.719543147,0.433,0.448,-0.719543147,0.016,0.005,0.042,0.008,22.6,39.6,17.7,7.7
729,672282,"Detmers, Reid",1559,46.8,0.278,0.23,0.326,0.508,0.385,0.357,0.241,35,126,91.5,22.3,2125,93.8,93.39,91,360,369,-0.4,6.15,108,149,117,149,303,326,298,-6.8,6.8,69.9,6.8,147,93,20,8,0,7,33,22.4,19,12.9,1.12874,1.47305,0.73373,-0.22048,91.1,191,41.935483870967744,13.978494623655912,8.843537414965986,6.1,1.45,0.12,2.97,0.381,13,0.937037037,0.349,0.471,-0.937037037,0.037,0.032,0.037,0.028,25.3,43.9,17.7,8.8
332,657024,"Swanson, Erik",667,49.8,0.197,0.155,0.216,0.352,0.285,0.345,0.274,14,71,94.6,14.4,2271,93.9,94.49,35,161,171,0.5999999999999943,6.75,114,149,118,148,290,320,292,5.4,-5.4,69.4,6.7,80,54,9,2,0,3,17,21.3,9,11.3,1.12581,1.47157,0.82066,0.02355,91.9,185,51.85185185185185,11.11111111111111,7.5,6.21,0.73,-0.12,3.14,0.287,6,-1.640361446,0.356,0.432,1.640361446,-0.077,-0.069,-0.08,-0.06,21.7,54,17.7,9.9
699,543037,"Cole, Gerrit",1534,45.6,0.189,0.176,0.237,0.365,0.292,0.298,0.196,30,159,90.8,24.6,2361,95.9,95.7,80,342,357,-0.2,6.29,113,149,120,152,295,327,292,6.9,-6.9,68.8,6.6,182,104,17,5,1,7,55,30.2,20,11,1.02155,1.4689,0.55391,-0.13465,90.9,201,38.46153846153847,8.653846153846153,4.945054945054945,6.01,2.26,-0.09,3.02,0.291,9,-0.985693848,0.298,0.371,0.985693848,-0.007,-0.007,-0.006,-0.006,23.4,42.6,17.6,6.6
404,458677,"Wilson, Justin",816,49.5,0.333,0.309,0.435,0.642,0.435,0.383,0.262,27,81,87.8,18.7,2213,95.5,95.09,61,221,183,-0.4,6.05,111,146,118,148,294,321,292,-6.1,6.1,69.9,6.6,93,53,16,4,0,7,30,32.3,8,8.6,1.03196,1.46827,0.55005,0.01545,90.8,197,45.28301886792453,20.754716981132077,11.827956989247312,6.4,1.39,-0.03,2.83,0.398,11,1.515841584,0.341,0.563,-1.515841584,0.071,0.05699999999999999,0.079,0.052,27.6,49.1,17.6,6.6
1657,669022,"Gore, MacKenzie",2994,55.3,0.281,0.137,0.34,0.418,0.346,0.347,0.274,96,342,88.2,18.8,2309,96,97.14,201,890,767,1.0999999999999943,6.96,109,149,118,146,300,321,294,-2.2,2.2,69.9,6.7,392,266,68,18,1,9,78,19.9,42,10.7,1.01145,1.46575,0.49314,-0.26284,90.8,192,40.60150376,7.142857142857142,4.846938775510204,5.85,1.94,-0.03,2.79,0.367,19,0.129993965,0.361,0.424,-0.129993965,0.007,0.006,-0.006,-0.001,22.6,45,17.6,5.9
1168,680730,"Parker, Mitchell",2404,48.6,0.276,0.15,0.3,0.425,0.329,0.357,0.281,83,301,90.4,20.7,2191,92.5,93.41,75,626,542,0.9000000000000057,6.81,109,149,117,146,303,326,296,-10.6,10.6,70.1,6.8,333,256,58,14,2,9,49,14.7,28,8.4,1.19955,1.4643,0.43533,-0.23751,91.9,194,41.40625,8.984375,6.906906906906906,6.13,1.67,0.01,2.82,0.333,23,0.906421233,0.341,0.487,-0.906421233,-0.005,-0.008,-0.062,-0.028,12,54.8,17.6,5.2
476,605154,"Brebbia, John",994,47.9,0.172,0.121,0.259,0.293,0.244,0.29,0.212,17,99,90.7,21.4,2284,93.8,94.26,62,241,235,0.5,6.59,113,148,120,149,296,323,296,6.6,-6.6,68.6,6.6,109,57,11,3,0,3,42,38.5,8,7.3,1.1304,1.46424,0.80252,-0.15462,91,202,49.122807017543856,10.526315789473683,5.5045871559633035,5.85,1.92,-0.13,3,0.248,6,-1.382352941,0.285,0.375,1.382352941,-0.04,-0.037,-0.082,-0.046,25.7,38.1,17.6,9.6
372,641302,"Alexander, Tyler",1668,22.3,0.232,0.263,0.242,0.495,0.333,0.327,0.239,22,95,91.4,27,2295,89.6,89.25,50,205,167,-0.3,6.21,102,151,117,147,302,327,294,-1.6,1.6,70.3,6.8,106,69,11,4,0,7,28,26.4,7,6.6,1.39086,1.46315,0.74065,-0.50892,91.5,201,44.927536231884055,11.594202898550725,7.547169811320755,5.72,1.42,-0.13,2.97,0.292,8,0.419623656,0.305,0.449,-0.419623656,-0.007,-0.013,0.046,0.006,24.4,37.2,17.6,8.9
578,669358,"Baz, Shane",1206,47.9,0.252,0.118,0.286,0.37,0.321,0.315,0.226,32,127,92.7,26.7,2419,95.6,95.78,64,290,288,0.20000000000000284,6.58,107,149,113,150,300,329,300,4.3,-4.3,70.1,6.8,149,102,25,3,0,4,27,18.1,18,12.1,1.05189,1.46093,0.85209,-0.1278,91.7,196,47.05882352941176,7.84313725490196,5.369127516778524,5.8,1.51,-0.03,2.96,0.349,8,-0.752249135,0.327,0.384,0.752249135,0.026,0.02199999999999996,-0.014,0.006,22.1,37.8,17.5,10.2
423,664854,"Helsley, Ryan",931,45.4,0.276,0.092,0.287,0.367,0.321,0.338,0.259,27,98,92.3,19.4,2551,99.6,100.05,41,223,200,0.5,6.57,115,147,113,148,303,321,301,4,-4,69.9,6.9,116,90,22,3,0,2,12,10.3,14,12.1,0.84104,1.46017,0.28464,-0.10502,92.7,185,50,5.555555555555555,4.310344827586207,6.12,0.31,-0.04,2.72,0.357,5,-0.941607565,0.348,0.419,0.941607565,0.017,0.009,-0.052,-0.017,18.4,59.1,17.5,3.4
232,614179,"Ruiz, José",835,27.8,0.26,0.26,0.3,0.52,0.356,0.344,0.25,13,50,92.9,26.7,2316,96.4,95.88,37,124,108,-0.5,6.06,110,148,117,148,295,324,292,1.3,-1.3,68.9,6.8,58,34,8,1,0,4,18,31,5,8.6,1.00047,1.4597,0.48466,0.00629,91.7,210,47.05882352941176,11.76470588235294,6.896551724137931,6.34,1.1,0.05,2.91,0.328,4,-0.545689655,0.327,0.462,0.545689655,0.01,0.001,0.058,0.012,29.8,45.8,17.5,5.9
412,660896,"Alcala, Jorge",931,44.3,0.224,0.289,0.216,0.513,0.362,0.339,0.211,17,76,90.8,33.4,2470,98,97.1,61,205,207,-0.9,5.88,114,148,116,150,297,323,295,1.6,-1.6,70.1,7,88,57,7,4,0,6,19,21.6,10,11.4,0.9258,1.45772,0.81886,-0.04197,91.2,218,49.122807017543856,14.035087719298245,9.090909090909092,6.56,1.92,0.06,2.82,0.33,8,-0.388592233,0.319,0.461,0.388592233,0.013,0.011,0.052,0.023,29.8,49.9,17.5,9.8
278,608371,"Sims, Lucas",885,31.4,0.281,0.281,0.316,0.561,0.426,0.354,0.201,16,57,85.7,20.8,2613,94.2,93.55,30,139,139,-0.6,5.84,110,148,120,148,294,320,290,-4.4,4.4,68.5,7,76,43,9,2,1,4,16,21.1,16,21.1,1.10619,1.45745,0.39112,0.07112,90.5,195,32.55813953488372,13.953488372093023,7.894736842105263,5.73,1.46,0.32,2.89,0.44,6,1.598920863,0.379,0.412,-1.598920863,0.08,0.061,0.149,0.072,21.6,39.4,17.5,4.7
1004,686613,"Brown, Hunter",2889,34.8,0.244,0.169,0.361,0.413,0.319,0.282,0.217,52,213,91.7,21.8,2296,96,96.37,140,486,518,0.4000000000000057,6.62,111,149,114,149,292,320,297,4.7,-4.7,68.6,6.6,235,128,35,7,1,9,85,36.2,21,8.9,1.02857,1.45675,0.42345,-0.16523,91,194,42.96875,6.25,3.404255319148936,6.3,1.48,-0.13,3.06,0.315,8,-0.472808765,0.29,0.342,0.472808765,0.027,0.02500000000000002,0.071,0.037,28.8,59.7,17.5,5.1
924,680573,"Woods Richardson, Simeon",2295,40.3,0.258,0.098,0.326,0.356,0.317,0.318,0.229,50,194,90.5,18.9,2186,93.1,93.78,104,475,449,0.7000000000000028,6.71,111,148,118,149,297,323,293,9.5,-9.5,69.3,6.7,224,146,39,7,0,4,50,22.3,26,11.6,1.17872,1.45502,0.4846,0.05706,91.3,201,41.78082191780822,8.904109589041095,5.803571428571429,6.43,1.06,0.01,2.92,0.35,13,-1.026082251,0.325,0.394,1.026082251,0.029,0.02499999999999996,-0.038,-0.001,21.9,46.6,17.5,5.8
427,519043,"Moore, Matt",854,50,0.195,0.169,0.177,0.364,0.327,0.376,0.235,15,77,88.9,28.8,2249,92.7,92.19,45,214,213,-0.5,6.12,110,148,114,149,305,325,299,3.1,-3.1,69.8,6.8,97,67,10,1,0,4,11,11.3,19,19.6,1.21234,1.45391,0.84834,-0.13752,91.3,187,38.80597014925373,10.44776119402985,7.216494845360824,6.33,1.03,-0.24,2.87,0.354,7,-0.728571429,0.387,0.469,0.728571429,-0.04,-0.033,-0.105,-0.049,21,40.9,17.4,10.2
190,650893,"Cabrera, Génesis",1030,18.4,0.392,0.392,0.412,0.784,0.521,0.38,0.274,20,51,91.5,22.6,2264,95.9,95.14,20,112,78,-0.8,5.98,109,148,119,147,292,317,289,-7.7,7.7,69.4,6.8,58,40,12,2,0,6,11,19,7,12.1,1.04153,1.44963,0.81463,-0.24653,91.9,199,55.00000000000001,12.5,8.620689655172415,6.07,1.52,0.32,3.02,0.466,5,4.028421053,0.361,0.522,-4.028421053,0.118,0.10500000000000004,0.262,0.141,17.9,48.2,17.4,9.8
447,666214,"Wentz, Joey",1224,36.5,0.316,0.153,0.351,0.469,0.397,0.379,0.268,31,98,91.1,21.9,2236,93.7,93.84,38,217,230,0.1,6.47,112,149,116,147,296,325,295,-1.6,1.6,69.4,6.8,128,82,24,3,0,4,21,16.4,22,17.2,1.15834,1.44754,0.66027,-0.16224,91.6,183,45.12195122,9.756097561,6.25,6.48,0.95,-0.14,2.69,0.441,8,0.362639821,0.408,0.444,-0.362639821,0.048,0.033,0.025,0.018,17.5,51.3,17.4,7.9
404,672710,"Contreras, Roansy",1075,37.6,0.231,0.115,0.275,0.346,0.287,0.359,0.279,24,104,91.9,11.1,2328,94.7,94.96,33,206,198,0.29999999999999716,6.49,110,148,115,149,307,324,298,2.3,-2.3,69.2,6.8,116,82,16,6,0,2,23,19.8,10,8.6,1.09983,1.44668,0.42527,0.01785,92.1,185,52.43902439,9.756097561,6.896551724137931,5.93,1.06,-0.02,2.68,0.302,8,-0.579950495,0.347,0.477,0.579950495,-0.048,-0.045,-0.131,-0.072,16,48.2,17.4,5.1
165,606965,"Devenski, Chris",533,31,0.289,0.684,0.154,0.974,0.548,0.448,0.255,11,38,92.4,30.1,2371,93,92.49,14,93,72,-0.5,6.16,105,147,119,148,297,330,300,-8.8,8.8,70.5,6.9,46,33,0,3,1,7,5,10.9,8,17.4,1.20758,1.44527,0.90842,-0.09218,91.9,216,48.48484848484848,15.151515151515152,10.869565217391305,6.45,0.07,0.17,3.05,0.413,5,5.341818182,0.384,0.705,-5.341818182,0.034,0.029,0.269,0.1,15.1,42.7,17.3,10.9
419,600917,"Leclerc, José",1204,34.8,0.176,0.118,0.233,0.294,0.305,0.337,0.197,12,68,89.7,26,2534,95.3,94.05,64,200,219,-1.3,5.58,111,149,116,148,300,324,296,1.4,-1.4,69.3,6.9,89,46,8,2,0,2,24,27,17,19.1,1.06737,1.4452,0.21489,0.07814,90.3,185,32.608695652173914,8.695652173913043,4.494382022,5.94,1.62,-0.04,2.88,0.352,4,-0.336038186,0.371,0.368,0.336038186,-0.021,-0.019,-0.074,-0.032,32,41.7,17.3,2.5
1303,666142,"Ragans, Cole",3118,41.8,0.213,0.149,0.276,0.361,0.3,0.311,0.222,63,296,90.6,18.7,2553,95.4,94.99,153,661,642,-0.4,6.13,110,150,117,148,304,324,293,16,-16,70.1,6.8,343,210,37,16,2,8,90,26.2,39,11.4,1.07107,1.44225,1.05063,-0.59336,91.3,189,40.95238095238095,8.095238095238095,4.956268221574344,6.42,0.99,-0.09,2.79,0.312,17,-1.224865695,0.321,0.37,1.224865695,-0.009,-0.009,-0.009,-0.011,23.1,46.4,17.3,12.6
551,677053,"Nardi, Andrew",906,60.8,0.224,0.155,0.333,0.379,0.307,0.269,0.193,26,116,89.4,22,2294,94,94.62,81,275,276,0.5999999999999943,6.8,108,148,116,147,297,320,294,-3.7,3.7,68.8,6.6,133,72,15,7,1,3,45,33.8,15,11.3,1.15675,1.43797,0.68751,-0.23713,91.1,199,40.27777777777778,8.333333333333332,4.511278195488721,5.83,2.84,-0.11,3.17,0.316,6,0.675499093,0.289,0.302,-0.675499093,0.031,0.02700000000000002,0.077,0.038,29.5,46.8,17.3,8.3
1299,661563,"Gil, Luis",2664,48.8,0.205,0.19,0.265,0.395,0.318,0.314,0.21,54,263,91.2,21.2,2438,96.6,97.23,171,599,700,0.6000000000000085,6.73,113,149,117,151,291,325,289,1.3,-1.3,68.9,6.8,310,176,26,16,2,10,88,28.4,44,14.2,1.01497,1.43707,0.4675,-0.02978,91.1,194,42.04545454545455,11.363636363636363,6.451612903225806,5.82,2.77,0.06,2.91,0.323,20,-0.098537336,0.328,0.37,0.098537336,-0.005,-0.005,0.025,0.004,28.5,39.4,17.2,5.6
386,547973,"Chapman, Aroldis",1128,34.2,0.224,0.121,0.3,0.345,0.366,0.375,0.23,13,58,93.8,16.3,2368,97.8,99.72,42,155,231,1.9000000000000057,7.33,110,149,112,148,310,326,293,-1,1,69.4,6.8,80,41,8,4,0,1,17,21.3,22,27.5,0.94738,1.43692,0.33199,-0.12795,91.9,172,53.65853658536586,2.4390243902439024,1.25,6.08,0.48,0,2.41,0.438,1,0.25,0.444,0.36,-0.25,-0.006,-0.006,-0.015,-0.009,27.1,50.9,17.2,4
229,800049,"Mazur, Adam",584,39.2,0.333,0.333,0.319,0.667,0.467,0.425,0.325,19,57,93.5,24.6,2107,94.6,93.77,15,112,117,-0.8,5.94,112,148,116,151,299,324,302,-7.2,7.2,70.6,6.9,72,51,9,5,1,4,7,9.7,14,19.4,1.12686,1.43467,0.42271,-0.10376,92.9,197,54.90196078431373,5.882352941,4.166666666666666,6.1,0.63,0.09,3.17,0.458,3,3.137117904,0.456,0.52,-3.137117904,0.008,0.002,0.147,0.042,13.4,49.1,17.2,5.1
448,572143,"Smith, Burch",896,50,0.226,0.132,0.313,0.358,0.286,0.306,0.23,24,106,90.9,13.6,2283,94.9,95.61,57,244,204,0.6999999999999886,6.81,110,148,119,147,297,321,293,4.7,-4.7,68,6.6,118,71,16,5,0,3,37,31.4,8,6.8,1.10806,1.43467,0.3596,0.04223,91.5,190,50.70422535211267,12.676056338028168,7.627118644067797,5.72,2.23,-0.34,2.93,0.291,9,-1.053571429,0.298,0.396,1.053571429,-0.004,-0.007,-0.038,-0.02,23.4,39.5,17.2,4.3
261,687134,"Blalock, Bradley",552,47.3,0.321,0.179,0.348,0.5,0.427,0.456,0.342,18,56,92.2,18.4,2022,93.5,93.85,19,124,137,0.4000000000000057,6.41,113,149,120,149,301,331,302,-3.9,3.9,69.9,6.9,72,48,12,4,0,2,8,11.1,15,20.8,1.16556,1.43456,0.34563,-0.07881,92.6,209,62.5,12.5,8.333333333333332,6.46,2.08,-0.08,2.77,0.472,6,1.488505747,0.491,0.564,-1.488505747,-0.021,-0.019,-0.064,-0.029,15.3,64,17.2,4.1
177,477132,"Kershaw, Clayton",504,35.1,0.429,0.086,0.441,0.514,0.435,0.459,0.414,15,35,93.4,20,2268,89.9,90.34,6,77,100,0.3999999999999915,6.46,109,151,117,148,297,314,289,-6.1,6.1,70.2,7.1,41,34,12,3,0,0,2,4.9,3,7.3,1.37864,1.43373,0.00616,0.01497,92.5,169,44.11764705882353,5.882352941,4.878048780487805,6.08,1.61,-0.03,2.75,0.488,2,3.418079096,0.492,0.557,-3.418079096,0.015,-0.004,-0.043,-0.024,7.8,55.3,17.2,0.1
503,641729,"Jiménez, Joe",1089,46.2,0.216,0.045,0.291,0.261,0.26,0.277,0.2,24,111,90.7,17.4,2398,94.5,96.09,68,254,249,1.5999999999999943,7.23,113,149,121,148,299,322,294,8.5,-8.5,69.9,6.9,126,80,21,2,0,1,32,25.4,13,10.3,1.12634,1.42986,0.75342,-0.0199,91.6,182,45,5,3.1746031746031744,5.74,2.41,0.01,2.9,0.302,4,-1.68389662,0.29,0.321,1.68389662,0.016,0.012,-0.06,-0.017,26.8,33.1,17.2,9
942,683003,"Jones, Jared",1912,49.3,0.224,0.201,0.26,0.425,0.318,0.338,0.238,48,214,91.1,17.9,2536,97.3,98.27,128,498,444,1,6.86,111,148,110,149,307,323,295,5.9,-5.9,70.3,6.8,246,159,25,12,2,9,59,24,25,10.2,0.983,1.42834,0.70021,-0.04221,91.5,200,46.540880503144656,11.320754716981131,7.317073170731707,5.5,1.34,0.06,2.79,0.309,18,-0.623354565,0.327,0.438,0.623354565,-0.014,-0.018,-0.013,-0.02,25.7,43.2,17.1,8.4
347,676282,"Cantillo, Joey",711,48.8,0.292,0.292,0.326,0.585,0.411,0.409,0.282,19,65,90.6,15.8,1881,92.2,94.43,31,141,206,2.200000000000003,7.47,112,151,122,148,299,322,299,-3.2,3.2,69.9,6.8,77,50,8,7,0,4,16,20.8,11,14.3,1.24669,1.4247,0.39455,-0.17646,92,189,48,12,7.792207792207792,5.93,0.22,-0.2,2.75,0.39,6,0.919884726,0.383,0.577,-0.919884726,0.01,0.007,0.008,0.002,22,55.3,17.1,4.7
391,656546,"Hoffman, Jeff",1001,39.1,0.204,0.165,0.262,0.369,0.28,0.317,0.237,21,103,92.8,23.8,2593,96.6,96.87,65,211,180,0.30000000000001137,6.58,110,148,116,149,296,324,292,5.3,-5.3,69.5,7,114,69,13,3,1,4,35,30.7,10,8.8,1.03215,1.42386,1.01673,0.22829,92.4,206,52.17391304347826,10.144927536231885,6.140350877192982,6.04,2.65,-0.03,2.74,0.272,7,-1.35370844,0.303,0.427,1.35370844,-0.033,-0.031,-0.058,-0.037,30.8,39.6,17.1,12.2
249,621345,"Minter, A.J.",522,47.7,0.208,0.188,0.179,0.396,0.297,0.343,0.243,10,48,89.8,19.7,2421,94.5,94.61,25,125,124,0.1,6.33,113,151,120,148,300,324,292,3.9,-3.9,69.9,6.9,53,42,7,0,0,3,6,11.3,5,9.4,1.12743,1.42317,0.44197,-0.19329,91.1,168,35.714285714285715,9.523809523809524,7.547169811320755,5.77,2.36,0.11,2.79,0.283,4,-1.551807229,0.314,0.483,1.551807229,-0.035,-0.031,-0.087,-0.046,20,42.8,17.1,5.3
195,519293,"Smith, Will",673,29,0.375,0.179,0.396,0.554,0.433,0.422,0.348,21,56,87.2,15.6,2215,91.2,90.92,10,98,97,-0.3,6.09,112,149,118,148,299,324,295,-8.1,8.1,68.7,6.8,68,52,15,4,0,2,7,10.3,8,11.8,1.31677,1.42251,0.60385,-0.21236,92.2,191,36.53846153846153,7.6923076923076925,5.882352941,6.55,1.26,0.02,2.79,0.455,4,4.153846154,0.434,0.541,-4.153846154,0.027,0.021,0.013,0.011,10.2,46.9,17.1,7.2
502,608032,"Estévez, Carlos",821,61.1,0.198,0.115,0.234,0.313,0.24,0.308,0.235,26,131,92.1,23.7,2124,96.8,96.79,62,270,232,0,6.39,112,147,118,148,302,326,295,5.8,-5.8,70.3,6.9,137,98,20,1,1,4,33,24.1,6,4.4,1.02125,1.42199,0.65775,-0.03066,92.1,202,45.91836734693878,13.26530612244898,9.489051095,5.98,1.84,-0.08,2.93,0.234,13,-1.164342629,0.269,0.45,1.164342629,-0.037,-0.035,-0.137,-0.068,23,41.2,17.1,7.9
523,693312,"Nicolas, Kyle",950,55.1,0.23,0.097,0.256,0.327,0.318,0.353,0.239,26,113,92.1,17.6,2377,97.4,98.42,49,254,269,1,6.92,111,148,112,147,307,325,293,6.1,-6.1,68.1,6.7,142,93,21,2,0,3,23,16.2,25,17.6,0.9886,1.42017,0.76977,0.13444,91.9,197,47.31182795698925,11.827956989247312,7.746478873239436,6.15,1.27,0.29,2.8,0.366,11,-1.159847036,0.381,0.395,1.159847036,-0.009,-0.015,-0.068,-0.035,19.3,44.5,17,9.2
1057,596295,"Gomber, Austin",2622,40.3,0.305,0.295,0.292,0.6,0.411,0.411,0.307,67,220,92.6,16.6,2180,90.4,91.25,43,449,608,0.7999999999999972,6.7,113,151,123,147,304,331,299,-8.8,8.8,70.4,7,243,193,35,14,3,15,27,11.1,22,9.1,1.36266,1.41826,0.63298,-0.36833,92.3,204,51.813471502590666,13.471502590673577,10.699588477366255,6.57,2.19,-0.01,2.62,0.37,26,0.835572375,0.372,0.597,-0.835572375,-0.002,-0.002,0.003,0,9.6,52.2,17,7.6
180,592836,"Walker, Taijuan",1435,12.5,0.346,0.269,0.467,0.615,0.463,0.448,0.34,9,26,98.3,21.9,2065,91.5,90.95,13,56,124,-0.6,5.98,112,148,114,149,295,325,294,-4.5,4.5,69.9,6.7,32,17,6,1,0,2,9,28.1,5,15.6,1.3155,1.41544,0.77111,-0.11911,93.1,200,76.47058823529412,17.647058823529413,9.375,6.52,1.78,-0.09,3.07,0.469,3,2.497777778,0.464,0.576,-2.497777778,0.006,0.005,0.039,0.015,23.2,42,16.9,9.3
270,669674,"Long, Sam",702,38.5,0.209,0.164,0.239,0.373,0.31,0.339,0.236,14,67,89.5,14,2346,94.3,94.21,32,143,127,-0.1,6.19,111,150,117,150,300,324,296,1.4,-1.4,70.6,6.7,79,50,9,2,0,3,18,22.8,11,13.9,1.14437,1.41522,0.44226,-0.0433,91.8,177,42,12,7.594936709,5.98,1.5,-0.05,2.7,0.321,6,-0.532222222,0.344,0.426,0.532222222,-0.027,-0.023,-0.053,-0.029,22.4,54.3,17,5.3
626,663978,"Paddack, Chris",1460,42.9,0.277,0.123,0.371,0.4,0.314,0.294,0.245,43,155,92,17.3,2214,93.3,94.29,76,313,313,1,6.98,112,148,118,150,300,324,293,5.3,-5.3,68.2,6.5,166,109,32,7,0,4,47,28.3,10,6,1.21701,1.41473,0.88176,0.04617,92.3,184,48.62385321100918,7.339449541284404,4.819277108433735,6.26,2.29,0.13,2.89,0.319,8,-0.843450479,0.293,0.375,0.843450479,0.032,0.02600000000000002,0.025,0.02,24.3,49,17,10.6
303,672578,"Hernández, Carlos",560,54.1,0.193,0.07,0.234,0.263,0.269,0.316,0.203,11,57,91.8,25.5,2411,97.9,98.67,25,161,142,0.7999999999999972,6.77,110,148,117,149,300,322,293,8.5,-8.5,69.1,6.8,70,47,7,4,0,0,12,17.1,10,14.3,0.97122,1.41307,0.68627,0.08851,90.5,196,44.680851063829785,10.638297872340424,7.142857142857142,6,1.35,0.1,2.89,0.314,5,-2.808910891,0.324,0.389,2.808910891,-0.01,-0.01,-0.126,-0.047,15.5,36.3,17,8.2
1513,592332,"Gausman, Kevin",2958,51.1,0.277,0.19,0.306,0.466,0.346,0.381,0.288,99,358,92.7,21.3,2287,93.9,94.24,140,799,714,0.29999999999999716,6.6,112,148,115,149,292,320,296,4.5,-4.5,70.4,6.8,395,295,60,23,3,13,66,16.7,31,7.8,1.1858900000000001,1.41257,0.89896,-0.12032,92.3,200,51.186440677966104,13.559322033898304,10.126582278481012,5.73,2.48,-0.15,2.46,0.336,40,-0.297818903,0.349,0.534,0.297818903,-0.011,-0.013,-0.068,-0.035,17.5,37.5,17,10.8
370,518585,"Cruz, Fernando",1138,32.5,0.295,0.218,0.339,0.513,0.374,0.407,0.324,23,78,91.8,17.9,2281,94.6,95.44,22,155,215,0.8000000000000114,6.81,114,147,119,149,294,321,291,1.3,-1.3,69.4,6.8,88,62,13,6,1,3,17,19.3,9,10.2,1.13914,1.41181,0.56335,0.02762,92.6,199,56.451612903225815,8.064516129032258,5.681818181818182,6.01,1.15,0.08,2.91,0.364,5,-0.353243243,0.39,0.564,0.353243243,-0.029,-0.026,-0.051,-0.033,14.2,44,16.9,6.8
1161,668678,"Gallen, Zac",2506,46.3,0.28,0.18,0.335,0.46,0.364,0.366,0.279,67,239,92.6,14.3,2291,93.7,94.22,60,450,711,0.5,6.64,112,149,116,149,300,322,297,-1.8,1.8,69.5,6.8,277,186,40,18,2,7,54,19.5,35,12.6,1.19134,1.41149,0.39033,0.01622,92.5,186,48.38709677419355,11.29032258064516,7.581227436823104,5.92,2.76,0,2.61,0.375,21,0.15245478,0.375,0.461,-0.15245478,0.001,0,-0.001,-0.002,13.3,43.3,16.9,4.7
1374,579328,"Kikuchi, Yusei",2923,47,0.274,0.231,0.324,0.505,0.348,0.325,0.252,77,281,90.4,20.2,2289,95.5,96.45,194,694,680,0.9000000000000057,6.98,106,150,115,146,298,321,290,0.6,-0.6,69.8,6.7,303,204,49,9,1,18,83,27.4,15,5,1.10245,1.41084,0.65609,-0.42844,91.5,201,49.01960784313725,13.725490196078432,9.240924092,5.37,2.58,0.14,2.73,0.311,28,-0.045778748,0.291,0.463,0.045778748,0.022,0.02000000000000001,0.042,0.023,28,39,16.9,7.9
244,669721,"Daniel, Davis",508,48,0.328,0.259,0.381,0.586,0.398,0.316,0.268,19,58,90.2,15.5,2122,91.5,92.26,16,109,135,0.7999999999999972,6.77,111,148,117,150,307,329,301,-2.2,2.2,69.6,6.6,60,45,10,6,0,3,13,21.7,2,3.3,1.31697,1.40922,0.61525,-0.00443,92.4,188,55.55555555555556,11.11111111111111,8.333333333333332,5.57,1.41,0.04,2.75,0.35,5,0.90204918,0.292,0.448,-0.90204918,0.06,0.05799999999999999,0.138,0.082,14.7,49.1,16.9,7.4
683,663687,"Harris, Hogan",1213,56.3,0.261,0.148,0.294,0.408,0.355,0.416,0.305,37,142,90.4,16.3,2256,92.9,93.26,52,308,375,0.3999999999999915,6.74,111,149,119,149,300,321,295,2.1,-2.1,68.7,6.6,173,114,26,6,0,5,29,16.8,28,16.2,1.256,1.40895,0.83707,-0.38878,91.9,191,47.368421052631575,10.526315789473683,6.9364161849710975,5.95,2.35,-0.21,2.72,0.387,12,-0.304685212,0.425,0.536,0.304685212,-0.044,-0.038,-0.128,-0.061,16.9,51.4,16.9,10
307,805673,"Matthews, Zebby",717,42.8,0.288,0.339,0.324,0.627,0.417,0.397,0.266,17,59,94.3,18.7,2230,94.9,95.25,27,152,155,0.29999999999999716,6.51,111,147,114,149,293,322,298,-3.4,3.4,68.8,6.7,66,42,7,5,0,5,17,25.8,6,9.1,1.12498,1.40801,0.78961,-0.21195,91.3,211,54.761904761904766,16.666666666666664,10.606060606060606,5.94,2.03,-0.21,2.87,0.364,7,1.115309446,0.344,0.594,-1.115309446,0.022,0.02000000000000001,0.033,0.02,17.8,41.5,16.9,9.5
549,641793,"Littell, Zack",2486,22.1,0.245,0.113,0.316,0.358,0.29,0.316,0.253,26,106,90.9,24.6,2024,92.4,92.34,51,267,282,-0.1,6.29,109,148,115,150,297,331,301,3.6,-3.6,69.2,6.7,115,79,18,6,0,2,28,24.3,7,6.1,1.26962,1.40523,0.58803,-0.17335,90.6,195,44.303797468354425,8.860759493670885,6.086956521739131,6.15,0.54,-0.13,3.04,0.298,7,-0.650455373,0.306,0.419,0.650455373,-0.008,-0.008,-0.061,-0.026,19.1,42,16.9,7.1
467,593576,"Neris, Héctor",1008,46.3,0.21,0.2,0.246,0.41,0.302,0.318,0.224,21,100,92.4,23.8,2402,93,92.52,46,241,226,-0.5,6.14,113,148,112,150,297,323,296,8.9,-8.9,69.8,6.9,116,74,9,8,0,4,29,25,11,9.5,1.24715,1.40218,0.79358,-0.10026,91.7,199,50,10.81081081081081,6.896551724137931,6.02,1.48,-0.31,2.8,0.289,8,-1.896359743,0.303,0.431,1.896359743,-0.014,-0.014,-0.021,-0.016,19.1,38.2,16.8,9.5
1028,641927,"Ober, Bailey",2696,38.1,0.258,0.249,0.289,0.506,0.355,0.35,0.247,60,233,91.6,24.3,2303,91.7,93.45,115,519,509,1.7999999999999972,7.28,113,149,118,149,298,324,295,0.9,-0.9,70,6.7,262,178,30,14,4,12,58,22.1,24,9.2,1.3072,1.39928,0.66038,0.04402,91.8,200,47.19101123595505,12.359550561797752,8.396946564885496,5.96,1.44,0.05,3.04,0.328,22,-0.089007782,0.322,0.484,0.089007782,0.011,0.006,0.022,0.005,22.2,35.2,16.8,7.9
689,656945,"Scott, Tanner",1163,59.2,0.134,0.045,0.198,0.179,0.217,0.263,0.184,18,134,79.5,13.3,2566,97,97.02,107,371,318,0,6.38,110,148,116,146,296,320,293,17.2,-17.2,69.3,6.7,162,90,14,3,0,1,47,29,23,14.2,1.03151,1.39853,0.41426,-0.17903,89.9,168,28.88888888888889,3.3333333333333335,1.8518518518518516,5.28,2.45,-0.23,2.6,0.261,3,-2.492017417,0.304,0.252,2.492017417,-0.05,-0.043,-0.073,-0.046,28.8,35.8,16.8,5
232,689672,"Thorpe, Drew",721,32.2,0.245,0.321,0.196,0.566,0.374,0.426,0.306,13,53,93.5,17.2,2190,91,91.1,7,91,141,0.1,6.34,110,150,114,149,299,324,297,-4.7,4.7,69.9,6.7,61,50,4,5,0,4,4,6.6,7,11.5,1.35457,1.39741,0.40455,0.07,93.5,195,54,12,9.836065573770492,6.21,1.01,-0.09,2.89,0.328,6,2.045258621,0.383,0.628,-2.045258621,-0.061,-0.055,-0.062,-0.052,7.7,52.7,16.8,4.8
225,621114,"Burr, Ryan",570,39.5,0.256,0.209,0.345,0.465,0.372,0.326,0.201,11,43,95.5,26.3,2179,94.1,95.19,22,98,127,1.1000000000000083,6.98,110,147,117,148,291,320,294,-0.7,0.7,69.7,6.8,52,30,4,6,0,1,13,25,8,15.4,1.18311,1.39684,0.08658,-0.00155,91.8,216,53.333333333333336,10,5.769230769230769,6.43,1.81,-0.14,2.95,0.385,3,0.328888889,0.339,0.389,-0.328888889,0.055,0.04599999999999998,0.076,0.046,22.4,58.7,16.8,1
451,607179,"Weems, Jordan",733,61.5,0.27,0.14,0.3,0.41,0.352,0.35,0.262,27,100,90,16.3,2102,96,96.48,38,223,228,0.5,6.58,111,147,117,146,302,323,295,-5.5,5.5,69.8,6.9,118,83,20,3,1,3,17,14.4,17,14.4,1.0796,1.39594,0.71849,0.17084,91.9,190,45.78313253012048,4.819277108433735,3.389830508474576,6.02,2,-0.06,2.86,0.381,4,1.211086475,0.375,0.41,-1.211086475,0.008,0.006,0,0.002,17,49.1,16.8,8.6
239,506433,"Darvish, Yu",1261,19,0.21,0.194,0.244,0.403,0.278,0.272,0.221,13,62,94,17,2319,94,94.28,19,126,113,0.29999999999999716,6.61,118,150,120,150,299,328,294,1.8,-1.8,70,7.2,66,48,6,4,1,2,15,22.7,3,4.5,1.20151,1.39531,0.61109,0.0351,92.7,167,56.25,8.333333333333332,6.0606060606060606,5.64,1.91,0.16,2.72,0.246,4,-0.771548117,0.257,0.372,0.771548117,-0.011,-0.011,0.031,0.006,15.1,39.8,16.7,7.3
570,640451,"Harvey, Hunter",906,62.9,0.254,0.149,0.346,0.404,0.328,0.349,0.274,29,114,90.8,13.3,2045,97.8,97.98,68,300,270,0.20000000000000284,6.37,111,148,117,147,304,326,300,7.6,-7.6,69.1,6.7,130,83,15,12,1,1,32,24.6,12,9.2,0.98809,1.39377,0.5996,0.03514,91.4,190,53.01204819277109,9.638554217,6.153846153846154,5.86,1.94,0.1,2.76,0.341,8,-1.332807018,0.358,0.439,1.332807018,-0.02,-0.017,-0.035,-0.021,22.7,45.9,16.7,7.2
603,650556,"Abreu, Bryan",1300,46.4,0.262,0.238,0.309,0.5,0.367,0.34,0.239,32,122,92.6,22.1,2356,96.7,97.08,82,290,313,0.3999999999999915,6.63,107,149,113,148,295,323,297,-1.2,1.2,70.1,6.9,140,89,18,6,1,7,34,24.3,16,11.4,1.05725,1.39317,0.50192,0.0535,92.2,204,47.19101123595505,13.48314606741573,8.571428571428571,5.65,2.12,0.04,2.76,0.353,12,0.193366501,0.332,0.448,-0.193366501,0.023,0.02099999999999996,0.052,0.027,28.3,43.1,16.7,6
231,608723,"Voth, Austin",974,23.7,0.157,0.098,0.2,0.255,0.268,0.303,0.199,8,51,86.1,17.7,2303,93.6,93.75,27,108,123,0.10000000000000853,6.39,110,150,119,148,294,320,291,4.5,-4.5,68.9,6.6,63,37,5,2,0,1,15,23.8,9,14.3,1.21082,1.39316,0.43511,0.09043,90.8,187,32.432432432432435,5.405405405405405,3.1746031746031744,5.74,2.38,0.04,2.87,0.306,2,-1.950649351,0.341,0.312,1.950649351,-0.042,-0.035,-0.057,-0.035,25,38.6,16.7,5.2
239,605488,"Springs, Jeffrey",565,42.3,0.216,0.275,0.2,0.49,0.338,0.337,0.211,11,51,92.8,19.4,2127,89.8,89.96,18,106,133,0.20000000000000284,6.52,102,152,115,147,306,328,296,-1.2,1.2,69.2,6.8,59,39,5,2,0,4,13,22,6,10.2,1.44866,1.39276,0.78385,-0.60243,92,202,61.53846153846154,15.384615384615383,10.16949152542373,5.84,2.57,0.36,3.09,0.305,6,0.514225941,0.311,0.435,-0.514225941,0.005,-0.006,0.055,0.001,17,40.4,16.7,9.4
566,700249,"Povich, Cade",1389,40.7,0.223,0.155,0.226,0.379,0.316,0.32,0.215,23,103,89,27,2321,92.4,92.36,50,271,295,0,6.35,110,151,121,147,304,326,296,2.8,-2.8,69.4,6.9,121,88,15,4,0,4,16,13.2,16,13.2,1.28751,1.39196,0.77617,-0.44963,91,196,36.36363636363637,7.954545454545454,5.785123966942149,5.85,1.83,-0.1,3.05,0.331,7,-0.488162544,0.324,0.392,0.488162544,0.008,0.007,-0.013,-0.004,18.5,41.4,16.7,9.3
236,621112,"Blackburn, Paul",1212,19.5,0.286,0.408,0.229,0.694,0.45,0.426,0.267,14,49,95.5,27,2181,91.9,91.89,11,88,148,0,6.27,113,149,116,151,295,322,296,-4.1,4.1,70.6,7,60,41,6,2,0,6,9,15,10,16.7,1.30915,1.38907,0.43722,-0.0685,93.2,233,65.85365853658537,17.073170731707318,11.666666666666666,6.07,2.02,-0.05,2.73,0.4,7,1.739830508,0.388,0.628,-1.739830508,0.019,0.012,0.066,0.024,12.5,50.6,16.7,5.2
416,678495,"Rodríguez, Randy",879,47.3,0.258,0.191,0.317,0.449,0.351,0.313,0.224,23,89,88.8,15.7,2521,97.6,98.33,49,197,219,0.7000000000000028,6.66,112,148,120,149,297,323,295,-5.4,5.4,68.5,6.8,104,64,14,5,0,4,26,25,12,11.5,1.00125,1.38897,0.59019,-0.01721,91.6,200,42.1875,7.8125,4.807692307692308,5.49,1.63,-0.16,2.65,0.356,5,1.308894231,0.327,0.375,-1.308894231,0.034,0.029,0.074,0.038,24.9,38.3,16.7,7.1
527,606930,"Barnes, Jacob",1117,47.2,0.267,0.233,0.284,0.5,0.351,0.374,0.281,31,116,90.9,20.3,2465,95.4,96.43,54,276,251,1,6.75,110,148,118,146,301,324,296,-2.8,2.8,69.9,6.9,129,94,17,7,1,6,24,18.6,11,8.5,1.10539,1.38846,0.18189,0.05547,91.4,206,52.12765957446809,9.574468085106384,6.976744186046512,5.77,1.13,0.09,2.89,0.326,9,0.525237192,0.339,0.544,-0.525237192,-0.014,-0.013,-0.044,-0.023,19.6,43.9,16.7,2.2
1652,642547,"Peralta, Freddy",3066,53.9,0.239,0.184,0.293,0.424,0.331,0.33,0.233,83,347,89.5,19.9,2436,94.3,94.87,205,815,837,0.6000000000000085,6.7,111,149,121,148,303,322,297,5.5,-5.5,68.7,6.6,405,245,54,11,1,17,109,26.9,44,10.9,1.18473,1.38814,0.56457,-0.02772,91.2,198,44.08163265306123,11.020408163265309,6.666666666666667,5.37,2.73,-0.14,2.95,0.333,27,-0.335532688,0.33,0.419,0.335532688,0.006,0.003,0.005,0.001,25.2,39.3,16.7,6.8
388,621111,"Buehler, Walker",1336,29,0.342,0.354,0.302,0.696,0.462,0.451,0.336,27,79,92.3,16.3,2280,95,95.51,27,160,228,0.5,6.49,112,150,121,151,298,315,296,-8,8,68.4,6.6,90,71,15,4,0,8,9,10,9,10,1.13088,1.38753,0.35492,-0.08147,92.7,202,50.70422535211267,11.267605633802818,8.888888889,5.6,1.1,0.17,2.83,0.411,8,2.059793814,0.411,0.654,-2.059793814,0.006,0,0.042,0.011,16.9,46.6,16.6,4.3
646,695243,"Miller, Mason",1024,63.1,0.178,0.141,0.253,0.319,0.254,0.249,0.182,24,135,87.7,20.1,2508,100.9,101.5,135,364,282,0.5999999999999943,6.78,113,148,117,150,298,323,299,10.5,-10.5,69.5,6.7,150,80,15,4,0,5,56,37.3,14,9.3,0.86793,1.385,0.80455,-0.01254,90.3,193,37.5,7.5,4,6.11,2.03,0.15,2.81,0.253,6,-1.623374613,0.26,0.28,1.623374613,-0.004,-0.007,0.039,0.005,37.1,35,16.6,9.7
365,670124,"Oller, Adam",710,51.4,0.314,0.302,0.308,0.616,0.443,0.395,0.26,27,86,91.9,25.6,2180,93.7,93.7,26,169,196,0,6.46,111,148,119,148,298,322,296,-8.4,8.4,70.2,6.9,103,72,15,5,0,7,14,13.6,15,14.6,1.22901,1.38433,1.02888,0.00581,92.7,191,50,12.5,8.737864077669903,5.8,2.76,-0.22,2.84,0.427,9,2.309589041,0.383,0.531,-2.309589041,0.054,0.04399999999999998,0.085,0.048,15.4,40.2,16.6,12.3
247,671305,"Otañez, Michel",601,41.1,0.182,0.068,0.368,0.25,0.305,0.287,0.131,8,44,85.6,26.7,2443,98,97.97,47,120,127,0,6.44,111,145,119,148,294,322,300,1.4,-1.4,68.9,6.7,61,20,7,0,0,1,26,42.6,13,21.3,1.00453,1.3836,0.82105,-0.06947,89.8,198,30,10,3.278688524590164,5.56,2.47,0.37,2.8,0.377,2,-0.576923077,0.352,0.188,0.576923077,0.051,0.02500000000000002,0.062,0.018,39.2,30.3,16.6,9.9
262,664076,"Cleavinger, Garrett",1056,24.8,0.089,0.111,0.125,0.2,0.24,0.291,0.151,4,45,85.6,28.6,2342,96.4,95.78,29,119,143,-0.6,6.06,101,150,116,145,302,326,295,2.9,-2.9,68,6.5,57,25,2,0,1,1,20,35.1,11,19.3,1.08317,1.3824,0.64523,-0.49324,89.4,206,24,8,3.508771929824561,5.45,0.89,0.32,2.96,0.281,2,-1.111832061,0.33,0.278,1.111832061,-0.062,-0.049,-0.078,-0.051,24.4,39.1,16.6,7.7
479,681676,"Fernandez, Ryan",1191,40.2,0.306,0.082,0.371,0.388,0.358,0.381,0.289,26,85,89.7,9.1,2173,95.5,95.75,42,205,274,0.29999999999999716,6.46,110,147,113,148,304,320,299,0.2,-0.2,68.2,6.7,104,72,21,3,2,0,16,15.4,14,13.5,1.12154,1.38154,0.56816,0.03443,91.9,179,44.44444444444444,8.333333333333332,5.769230769230769,5.79,2.03,-0.03,2.84,0.412,6,-0.037787056,0.403,0.442,0.037787056,0.017,0.009,-0.054,-0.023,20.5,54.1,16.6,6.8
354,656412,"Faedo, Alex",1007,35.2,0.218,0.218,0.237,0.437,0.341,0.335,0.237,19,87,89.2,24.6,2459,94,93.53,45,182,172,-0.5,6.08,112,148,117,148,294,327,296,1.4,-1.4,70,7,108,65,10,4,0,5,25,23.1,17,15.7,1.20624,1.38133,0.65811,0.01195,91.5,207,36.92307692307693,6.153846153846154,3.7037037037037033,6.11,2,0.18,2.83,0.346,4,-0.400282486,0.363,0.385,0.400282486,-0.019,-0.017,0.052,0.006,24.7,34.3,16.6,7.9
1416,668881,"Greene, Hunter",2563,55.2,0.184,0.089,0.255,0.273,0.262,0.282,0.195,56,304,89.5,20.4,2379,97.6,97.78,192,773,643,0.20000000000000284,6.47,114,147,121,149,296,322,292,19.7,-19.7,69.5,6.7,358,208,40,10,1,5,102,28.5,41,11.5,1.01982,1.38127,0.73998,-0.05681,90.8,191,39.42307692307692,5.769230769230769,3.351955307,6.03,2.04,-0.01,2.93,0.293,12,-1.393926554,0.303,0.318,1.393926554,-0.011,-0.01,-0.045,-0.02,24.8,33,16.6,8.9
1048,683155,"Estes, Joey",2027,51.7,0.257,0.212,0.257,0.469,0.341,0.362,0.261,58,226,91.5,27.1,2373,92.4,91.81,102,584,464,-0.6,6.03,113,148,117,149,299,324,298,2.3,-2.3,70,6.8,253,197,31,16,1,10,32,12.6,20,7.9,1.29907,1.3808,0.7996,-0.0021,91.7,198,47.71573604060914,11.16751269035533,8.695652173913043,5.91,2.05,-0.08,3.03,0.324,22,-0.214790076,0.329,0.517,0.214790076,-0.004,-0.005,-0.048,-0.021,17.5,36.6,16.6,9.6
186,571882,"Law, Derek",1368,13.6,0.25,0.159,0.303,0.409,0.3,0.312,0.258,11,44,92.7,15.7,2112,95.1,95.55,18,98,88,0.5,6.48,111,149,118,146,302,323,294,-0.8,0.8,68.6,6.8,48,34,7,2,1,1,11,22.9,3,6.3,1.13468,1.38027,0.32801,0.16565,90.7,187,44.11764705882353,8.823529411764707,6.25,6.53,0.84,0.13,3.06,0.292,3,0.425268817,0.301,0.418,-0.425268817,-0.008,-0.009,-0.009,-0.012,18.4,52,16.6,3.9
260,669212,"Morgan, Eli",646,40.2,0.176,0.137,0.179,0.314,0.267,0.241,0.161,9,51,87.3,29.3,2252,92.2,92.81,24,129,131,0.5999999999999943,6.62,112,149,120,148,296,318,299,1.6,-1.6,70.2,6.8,59,42,6,1,0,2,10,16.9,6,10.2,1.30169,1.37777,0.8525,0.02227,91,199,33.33333333333333,2.380952380952381,1.694915254237288,5.66,0.44,0.1,3.09,0.276,1,-0.625769231,0.262,0.257,0.625769231,0.015,0.01400000000000001,0.057,0.026,18.6,45.5,16.5,10.2
402,665871,"Assad, Javier",2538,15.8,0.319,0.153,0.412,0.472,0.374,0.355,0.291,23,72,90.4,17.9,2034,91.5,91.89,35,174,228,0.4000000000000057,6.52,115,148,111,153,294,324,299,0.1,-0.1,68.9,6.5,84,55,16,5,0,2,20,23.8,9,10.7,1.34739,1.37751,0.46965,-0.3204,91.6,200,49.09090909090909,5.454545454545454,3.571428571428571,5.99,1.6,-0.12,2.84,0.39,3,-0.027114428,0.366,0.446,0.027114428,0.028,0.024,0.026,0.019,20.1,52.1,16.5,5.6
487,663878,"Pearson, Nate",1059,46,0.31,0.198,0.354,0.508,0.384,0.352,0.249,39,126,92,18.3,2254,97.7,98.6,51,255,232,0.8999999999999915,6.9,112,148,117,149,293,321,293,-5.2,5.2,69.9,6.9,145,101,24,10,0,5,27,18.6,16,11,1.02214,1.37704,0.61273,-0.07043,92.8,197,46.53465346534654,10.891089108910892,7.586206896551724,5.49,1.75,-0.12,2.79,0.386,11,1.066324435,0.337,0.47,-1.066324435,0.061,0.049,0.038,0.032,20,40.6,16.5,7.4
413,657097,"Webb, Jacob",934,44.2,0.2,0.165,0.259,0.365,0.332,0.361,0.223,17,85,92.1,24.5,2466,93.5,93.24,55,206,207,-0.3,6.28,113,149,120,149,303,325,295,0.8,-0.8,68.3,6.6,107,57,9,5,0,3,28,26.2,21,19.6,1.2476,1.37475,0.79993,0.09286,91.4,211,47.368421052631575,14.035087719298245,7.476635514018691,5.53,2.6,0.12,3.17,0.364,8,-0.188861985,0.383,0.43,0.188861985,-0.023,-0.019,-0.065,-0.029,26.7,32.1,16.5,9.6
162,657585,"Garrett, Reed",980,16.5,0.4,0.286,0.5,0.686,0.514,0.388,0.254,14,35,95.2,19.6,2340,96.8,96.36,20,73,89,-0.4,6.24,112,148,118,149,294,321,297,-10.1,10.1,70.8,7,45,25,10,1,0,3,10,22.2,10,22.2,1.07765,1.37463,0.71605,-0.06642,92.3,175,48,12,6.666666666666667,5.7,1.98,0,2.69,0.533,3,6.247530864,0.419,0.457,-6.247530864,0.146,0.11400000000000005,0.229,0.126,27.4,40.4,16.5,8.6
570,671212,"Boyle, Joe",966,59,0.27,0.12,0.329,0.39,0.378,0.379,0.256,27,100,90.7,17.6,2506,97.7,98.18,57,225,345,0.5,6.62,109,146,114,149,294,319,297,-8.6,8.6,69.7,6.8,133,77,21,3,0,3,25,18.8,29,21.8,1.02468,1.37046,0.37257,-0.02533,92.3,186,46.75324675324675,6.493506493506493,3.7593984962406015,6.23,0.86,0.05,2.72,0.439,5,1.500175439,0.429,0.407,-1.500175439,0.014,0.01,-0.017,-0.001,25.3,48.1,16.4,4.5
412,683769,"Gaddis, Hunter",1075,38.3,0.219,0.198,0.24,0.417,0.296,0.301,0.228,21,96,90.4,26.3,2327,95.4,96.41,42,235,177,1,6.88,114,150,124,150,298,318,299,6.3,-6.3,70,6.9,103,78,10,6,2,3,18,17.5,6,5.8,1.139,1.36769,0.57694,0.02835,91.1,187,43.58974358974359,8.974358974358974,6.796116504854369,6.2,2.68,0.14,2.98,0.272,7,-1.522330097,0.281,0.413,1.522330097,-0.009,-0.009,0.004,-0.005,17.9,33.5,16.4,6.9
1116,544150,"Suárez, Albert",2234,50,0.276,0.192,0.32,0.469,0.351,0.324,0.249,66,239,90.3,20.9,2385,94.8,95.38,134,587,529,0.6000000000000085,6.68,113,148,120,149,301,327,299,2.9,-2.9,69.8,6.7,266,188,39,17,1,9,53,19.9,22,8.3,1.17554,1.36737,0.58603,-0.00467,91.2,197,45.21276595744681,7.97872340425532,5.639097744360902,6.37,1.32,0.12,3.24,0.343,15,-0.260842294,0.319,0.425,0.260842294,0.027,0.024,0.044,0.027,22.8,42.8,16.4,7
1164,625643,"López, Reynaldo",2110,55.2,0.266,0.103,0.332,0.369,0.316,0.333,0.263,67,252,91.4,15.5,2073,95.5,95.95,96,582,582,0.4000000000000057,6.53,115,150,120,150,297,323,296,19.1,-19.1,69.7,6.7,287,199,46,18,1,2,57,19.9,29,10.1,1.13335,1.36635,0.61586,-0.06359,91.3,190,47.73869346733669,8.040201005025125,5.574912891986063,5.83,1.74,-0.2,2.59,0.343,16,-1.6395189,0.343,0.409,1.6395189,0.003,0,-0.04,-0.017,16.5,41.6,16.4,7.4
350,680736,"Wrobleski, Justin",592,59.1,0.205,0.182,0.209,0.386,0.307,0.301,0.214,18,88,86.9,26.5,2367,95.1,93.44,41,178,172,-1.7,5.31,110,152,122,150,300,319,291,0.3,-0.3,69.5,6.7,101,71,10,4,0,4,17,16.8,12,11.9,1.1568,1.36629,0.65854,-0.297,91.2,200,29.577464788732392,5.633802816901409,3.96039603960396,5.71,1.87,-0.16,2.77,0.307,4,-0.082285714,0.315,0.36,0.082285714,-0.009,-0.008,0.026,0.006,23,41.4,16.4,7.9
619,806185,"Birdsong, Hayden",1388,44.6,0.216,0.224,0.221,0.44,0.363,0.412,0.271,25,116,92.4,20.7,2291,95.8,96.11,48,264,355,0.29999999999999716,6.51,110,148,117,150,297,324,299,2.8,-2.8,68.2,6.6,151,94,12,6,1,6,25,16.6,31,20.5,1.12189,1.36619,0.78997,-0.1574,92.3,215,54.25531914893617,10.638297872340424,6.622516556291391,6.4,1.17,-0.11,3.17,0.383,10,-0.459127625,0.426,0.529,0.459127625,-0.055,-0.043,-0.089,-0.049,18.2,42.4,16.4,9.5
532,676962,"Brown, Ben",849,62.7,0.25,0.102,0.289,0.352,0.307,0.401,0.296,27,108,92.2,17.6,2222,96.4,97.17,43,232,300,0.7999999999999972,6.76,114,149,114,152,297,324,297,2,-2,69.5,6.8,128,92,18,8,0,1,20,15.6,15,11.7,1.09103,1.36504,0.73214,-0.13538,92.6,186,56.52173913043478,13.043478260869565,9.375,6.32,1.57,-0.08,2.69,0.339,12,-0.383834586,0.388,0.511,0.383834586,-0.046,-0.049,-0.159,-0.094,18.5,41.4,16.4,8.8
249,670970,"Morejon, Adrian",1064,23.4,0.333,0.204,0.472,0.537,0.386,0.343,0.281,18,54,90.5,20.5,2487,96.9,97.09,36,140,109,0.19999999999998863,6.44,111,148,118,148,295,325,295,-3.2,3.2,68.4,6.7,59,37,10,6,1,1,18,30.5,3,5.1,1.06867,1.36458,0.52414,-0.08205,91.1,195,40.54054054054054,13.513513513513514,8.474576271,5.92,2.1,-0.07,3.09,0.373,5,1.275100402,0.325,0.476,-1.275100402,0.052,0.048,0.061,0.043,25.7,46.5,16.4,6.3
323,519151,"Pressly, Ryan",969,33.3,0.313,0.188,0.391,0.5,0.371,0.365,0.288,20,64,94,11,2556,93.8,94,25,140,183,0.20000000000000284,6.34,109,148,113,147,296,324,298,-0.8,0.8,70.3,7,71,48,12,6,0,2,17,23.9,6,8.5,1.2226,1.36307,0.02709,0.00778,92,186,52.083333333333336,10.416666666666668,7.042253521126761,5.96,0.39,-0.16,2.66,0.366,5,0.239318885,0.345,0.505,-0.239318885,0.025,0.021,-0.005,0.006,17.9,57.7,16.4,0.3
167,600986,"Vieira, Thyago",737,22.7,0.211,0.289,0.261,0.5,0.349,0.331,0.203,8,38,93.4,11.7,2283,97.8,98.67,21,84,83,0.9000000000000057,6.88,114,150,122,150,298,310,288,-1.2,1.2,68.9,6.8,46,25,2,3,1,2,14,30.4,7,15.2,1.03257,1.3609,0.81605,0.11246,92.2,184,60,16,8.695652173913043,6.07,2.23,-0.29,2.73,0.326,4,0.698802395,0.322,0.437,-0.698802395,0.008,0.004,0.063,0.018,25,46.6,16.3,9.8
204,663947,"Holton, Tyler",1339,15.2,0.105,0.035,0.154,0.14,0.126,0.165,0.141,6,57,86.5,14.9,2292,92.1,92.46,26,101,103,0.4000000000000057,6.46,109,150,116,147,296,325,292,9.6,-9.6,67.7,6.6,59,39,4,2,0,0,18,30.5,2,3.4,1.32368,1.3601,0.48049,-0.21921,90.9,162,30.76923076923077,0,0,5.98,1.47,-0.02,2.6,0.136,0,-4.72254902,0.171,0.201,4.72254902,-0.036,-0.035,-0.061,-0.039,25.7,44.9,16.3,5.7
532,694813,"Stone, Gavin",2152,24.7,0.246,0.164,0.305,0.41,0.333,0.322,0.235,30,122,92.4,15,2234,94.9,95.45,38,235,297,0.5999999999999943,6.64,116,149,119,151,294,317,296,2.1,-2.1,69.5,6.8,140,87,20,5,0,5,35,25,17,12.1,1.17566,1.35908,0.69876,-0.13951,91.5,197,43.67816091954023,9.195402298850574,5.714285714285714,5.64,1.83,-0.01,2.64,0.343,8,-0.39943609,0.333,0.391,0.39943609,0.011,0.01,0.019,0.011,16.2,48.1,16.3,8.4
161,605177,"Chafin, Andrew",967,16.6,0.176,0.176,0.174,0.353,0.322,0.399,0.245,6,34,93.2,26.8,2165,91.7,92,13,63,98,0.29999999999999716,6.64,107,148,116,146,288,323,298,2.8,-2.8,68.6,6.8,43,25,4,0,0,2,9,20.9,8,18.6,1.36913,1.35845,0.71099,-0.03994,92.6,184,48,12,6.976744186046512,6.38,1.94,-0.21,2.65,0.349,3,-1.744720497,0.403,0.513,1.744720497,-0.069,-0.054,-0.16,-0.077,20.6,52.7,16.3,8.5
193,642520,"Garabito, Gerson",492,39.2,0.333,0.367,0.318,0.7,0.478,0.577,0.408,10,30,92.1,13.7,2389,93.3,94.11,15,92,101,0.7999999999999972,6.7,113,149,119,150,297,324,298,-2.9,2.9,69.2,6.7,40,26,5,2,0,3,6,15,6,15,1.25585,1.35793,0.45849,-0.01755,91.8,194,53.84615384615385,19.230769230769234,12.5,5.77,2.18,0.08,2.67,0.462,5,1.500518135,0.531,0.883,-1.500518135,-0.075,-0.069,-0.183,-0.099,16.3,44.7,16.3,5.5
399,676272,"Miller, Bobby",1053,37.9,0.327,0.307,0.308,0.634,0.447,0.46,0.34,33,101,93.9,14.3,2294,97.6,98.7,36,216,183,1.1000000000000083,6.85,113,149,123,151,297,318,296,-9.6,9.6,69.9,6.8,118,87,21,2,1,9,14,11.9,17,14.4,1.0317,1.35767,0.64331,-0.02316,92.4,184,50.57471264367817,14.942528735632186,11.016949152542372,6.02,1.25,0.19,2.51,0.424,13,2.412280702,0.437,0.651,-2.412280702,-0.013,-0.013,-0.017,-0.013,16.7,46.6,16.3,7.7
274,675921,"Howard, Spencer",537,51,0.353,0.147,0.451,0.5,0.396,0.377,0.299,24,68,93.6,16.2,2096,93.8,94.41,28,149,125,0.6000000000000085,6.65,107,146,119,149,297,323,298,-4.7,4.7,68.8,6.5,76,53,17,5,1,1,16,21.1,7,9.2,1.23434,1.35752,0.65993,-0.0727,92.7,199,58.490566037735846,7.547169811320755,5.263157894736842,6.09,2.38,0,2.89,0.413,4,1.704379562,0.364,0.507,-1.704379562,0.054,0.049,-0.007,0.019,18.8,40.9,16.3,7.9
384,669461,"Liberatore, Matthew",1358,28.3,0.262,0.354,0.216,0.615,0.385,0.386,0.272,17,65,90.7,20.5,2115,94.7,94.8,33,169,215,0.1,6.27,112,149,114,147,306,319,299,-1.2,1.2,69.7,6.9,72,58,6,5,0,6,9,12.5,5,6.9,1.17974,1.35674,0.58589,-0.19089,91.9,201,43.103448275862064,12.06896551724138,9.722222222222223,6.49,0.65,0.14,3,0.31,7,0.302604167,0.319,0.605,-0.302604167,-0.01,-0.009,0.01,-0.001,19.5,46.2,16.3,7
905,607192,"Glasnow, Tyler",2011,45,0.215,0.206,0.248,0.421,0.313,0.296,0.207,46,214,90.3,15,2559,96.3,98.64,96,451,454,2.299999999999997,7.49,117,150,121,151,295,315,295,6.9,-6.9,70,6.8,243,155,22,14,0,10,60,24.7,26,10.7,1.0896,1.35591,0.02254,-0.00603,91.8,172,42.58064516129032,10.32258064516129,6.584362139917696,6.06,1.52,0.13,2.68,0.299,16,-0.763314917,0.292,0.379,0.763314917,0.008,0.007,0.042,0.017,21.3,58.6,16.3,0.3
469,647336,"Soroka, Michael",1442,32.5,0.195,0.159,0.233,0.354,0.311,0.324,0.202,16,82,84.6,26.6,2527,93.5,92.91,45,214,255,-0.6,6.02,112,148,117,149,298,325,295,3.9,-3.9,68.9,6.6,105,64,9,3,2,2,22,21,19,18.1,1.26066,1.35571,0.69991,-0.0948,90.2,188,31.25,9.375,5.714285714285714,5.96,2.69,0.1,2.97,0.34,6,-0.835394456,0.35,0.356,0.835394456,-0.007,-0.01,-0.002,-0.013,21,35.8,16.3,8.4
1249,671096,"Abbott, Andrew",2333,53.5,0.254,0.198,0.273,0.451,0.355,0.366,0.266,68,268,90.8,14.6,2254,92.8,93.35,113,583,666,0.6000000000000085,6.63,110,148,119,148,299,322,286,1.4,-1.4,69.2,6.7,317,213,44,9,1,14,58,18.3,44,13.9,1.29352,1.35519,0.74308,-0.41641,91.6,189,43.19248826,11.267605633802818,7.570977917981073,5.83,1.7,0.29,2.8,0.361,24,-0.111609287,0.372,0.463,0.111609287,-0.012,-0.011,-0.012,-0.011,19.4,44.9,16.3,8.9
344,608334,"Fulmer, Carson",1472,23.4,0.224,0.224,0.271,0.447,0.331,0.332,0.22,17,76,95.7,22.7,2273,93.1,93.09,29,149,195,0,6.34,111,148,117,149,304,328,302,-0.1,0.1,70.2,6.9,86,52,8,5,0,4,24,27.9,8,9.3,1.2811,1.35459,0.66113,-0.12294,93,211,63.46153846153846,13.461538461538462,8.139534884,5.68,2.46,-0.09,2.44,0.314,7,0.039534884,0.311,0.454,-0.039534884,0.004,0.003,-0.007,-0.001,19.5,38.7,16.3,7.9
943,669373,"Skubal, Tarik",2866,32.9,0.197,0.089,0.289,0.286,0.248,0.261,0.198,42,213,87.4,18.6,2226,96.8,96.96,138,499,444,0.20000000000000284,6.37,109,151,116,146,302,330,290,18.8,-18.8,68.5,6.6,233,139,30,8,1,3,75,32.2,15,6.4,1.07976,1.35439,0.54067,-0.5009,90.7,186,36.69064748201439,7.1942446043165464,4.291845493562231,6.22,1.59,0.13,2.88,0.263,10,-1.993637328,0.264,0.319,1.993637328,-0.001,-0.001,-0.033,-0.013,27.7,49.8,16.2,6.5
691,663554,"Mize, Casey",1789,38.6,0.306,0.121,0.361,0.428,0.339,0.333,0.276,53,173,92.5,13.9,2259,95.5,96.84,75,366,325,1.2999999999999972,7.05,112,148,115,148,293,329,296,-0.9,0.9,68.8,6.6,186,138,42,6,0,5,36,19.4,12,6.5,1.14797,1.35334,0.65695,-0.09041,92.1,188,46.37681159,11.594202898550725,8.602150538,5.76,1.61,0.02,2.95,0.349,16,0.126049204,0.323,0.445,-0.126049204,0.03,0.02599999999999996,-0.017,0.006,20.5,45.8,16.2,7.9
319,643377,"Jax, Griffin",1068,29.9,0.156,0.143,0.192,0.299,0.216,0.299,0.224,12,77,93.2,19.9,2487,97.1,97.42,52,177,142,0.30000000000001137,6.42,112,148,115,149,298,323,294,8.1,-8.1,69,6.7,81,54,7,1,2,2,23,28.4,4,4.9,1.06116,1.3516,0.48897,1.3e-4,91.7,199,51.85185185185185,14.814814814814811,9.876543209876544,5.54,0.68,0.19,3.01,0.198,8,-2.531974922,0.263,0.43,2.531974922,-0.068,-0.065,-0.131,-0.083,29.4,46,16.2,5.9
369,681869,"Dubin, Shawn",840,43.9,0.188,0.029,0.283,0.217,0.289,0.311,0.189,13,69,88.8,18.7,2343,95,95.14,27,147,222,0.1,6.54,109,148,114,147,292,321,297,2.6,-2.6,69,6.8,90,46,11,2,0,0,24,26.7,19,21.1,1.19214,1.34986,0.81038,-0.11396,90.9,184,39.130434782608695,4.3478260869565215,2.2222222222222223,5.82,1.91,-0.13,2.7,0.367,2,-0.698915989,0.372,0.261,0.698915989,-0.001,-0.005,-0.044,-0.022,18.4,40.9,16.2,9.7
308,681517,"Leahy, Kyle",695,44.3,0.286,0.238,0.283,0.524,0.372,0.422,0.331,18,63,93.2,19.7,2273,95.5,97.15,29,152,156,1.7000000000000028,7.22,112,148,115,148,303,321,300,1.4,-1.4,68.3,6.6,73,56,9,6,0,3,9,12.3,8,11,1.14968,1.34984,0.38511,-0.00733,92.3,206,58.92857142857143,8.928571428571429,6.8493150684931505,5.87,1.3,-0.01,2.9,0.356,5,-0.457467532,0.404,0.589,0.457467532,-0.045,-0.048,-0.065,-0.05,19.1,47.2,16.2,4.6
635,500779,"Quintana, Jose",2819,22.5,0.227,0.2,0.216,0.427,0.332,0.341,0.232,25,110,87.1,23.1,2074,90.7,90.94,49,290,345,0.20000000000000284,6.54,107,150,121,148,300,326,294,-1.2,1.2,67.5,6.5,130,94,15,4,0,6,18,13.8,10,7.7,1.43233,1.34976,0.32251,-0.25979,91.2,180,36.17021276595745,10.638297872340424,7.6923076923076925,5.8,2.19,-0.41,3.27,0.331,10,0.193385827,0.339,0.429,-0.193385827,-0.005,-0.008,-0.002,-0.009,16.9,45.5,16.2,3.9
228,663423,"Thornton, Trent",1139,20,0.26,0.2,0.379,0.46,0.347,0.313,0.23,13,50,88.3,23.1,2501,95.5,95.73,34,111,117,0.20000000000000284,6.34,114,149,117,148,289,319,293,-5,5,68.6,6.6,57,32,7,4,0,2,19,33.3,5,8.8,1.14399,1.34956,0.34863,-0.03982,91.2,200,50,9.375,5.263157894736842,5.38,2.03,0.02,2.89,0.339,3,2.210087719,0.313,0.393,-2.210087719,0.03,0.02600000000000002,0.067,0.034,30.6,42.3,16.2,4.2
937,669302,"Gilbert, Logan",3042,30.8,0.204,0.178,0.208,0.383,0.274,0.33,0.258,47,230,92.6,17.9,2034,96.6,99.05,87,450,487,2.4000000000000057,7.63,113,150,114,148,291,319,291,6.4,-6.4,70.4,6.9,246,188,27,9,1,10,43,17.5,15,6.1,1.09386,1.3481,0.5876,0.05225,92.4,185,47.87234042553192,9.042553191489365,6.910569105691057,5.87,1.03,-0.02,2.67,0.252,17,-0.685378869,0.305,0.453,0.685378869,-0.054,-0.053,-0.07,-0.056,19.3,45.2,16.2,7.1
638,656731,"Megill, Tylor",1365,46.7,0.228,0.122,0.317,0.35,0.32,0.337,0.229,28,123,91.5,23.2,2218,95.7,97.53,90,308,330,1.7999999999999972,7.42,114,149,121,150,295,325,297,1.9,-1.9,69.2,6.7,148,84,17,9,0,2,39,26.4,21,14.2,1.1519,1.34688,0.56572,-0.08886,91.4,203,48.80952380952381,10.714285714285714,6.081081081081082,5.81,1.8,-0.06,2.7,0.354,9,-0.299373041,0.355,0.4,0.299373041,-0.001,-0.001,-0.05,-0.017,29.2,37.1,16.2,6.8
1079,656288,"Canning, Griffin",2869,37.6,0.251,0.278,0.224,0.529,0.363,0.376,0.273,57,227,91.9,22.6,2116,93.4,92.98,69,469,610,-0.4,6.06,110,148,117,150,305,327,301,-11.5,11.5,70.3,6.9,263,200,28,11,2,16,33,12.5,28,10.6,1.26907,1.34648,0.67484,-0.06322,92.2,196,44.5,11.5,8.745247148288973,5.94,1.43,0.01,2.96,0.332,23,1.066450417,0.354,0.523,-1.066450417,-0.022,-0.022,0.006,-0.013,14.7,47.8,16.2,8.1
231,663776,"Sandoval, Patrick",1444,16,0.381,0.143,0.455,0.524,0.433,0.362,0.26,16,42,91.6,13.9,2035,93.7,93.4,16,100,131,-0.3,6.18,106,151,116,147,310,327,297,-5.7,5.7,69.6,6.8,49,34,12,3,0,1,8,16.3,7,14.3,1.25762,1.34602,0.56874,-0.48978,91.5,189,41.17647058823529,8.823529411764707,6.122448979591836,6.1,0.94,-0.12,2.8,0.469,3,2.450649351,0.366,0.456,-2.450649351,0.121,0.10299999999999998,0.068,0.071,16,52.8,16.1,6.8
248,673380,"Núñez, Dedniel",521,47.6,0.235,0.137,0.25,0.373,0.269,0.314,0.269,12,51,88.7,11.9,2520,96.3,96.46,37,147,101,0.20000000000000284,6.38,113,149,120,149,299,322,296,6.6,-6.6,70.5,7,52,42,9,1,0,2,9,17.3,1,1.9,1.11536,1.345,0.27809,0.10639,91.5,165,33.33333333333333,9.523809523809524,7.6923076923076925,5.51,2.26,0.12,2.79,0.25,4,-2.661693548,0.283,0.451,2.661693548,-0.034,-0.033,-0.078,-0.045,25.2,39.8,16.1,3.4
285,592155,"Booser, Cam",695,41,0.244,0.179,0.302,0.423,0.321,0.332,0.253,19,78,91.9,26.3,2087,95.3,95.45,43,171,114,0.20000000000000284,6.36,107,151,119,146,289,323,297,-1.8,1.8,69.4,6.9,86,56,12,3,1,3,22,25.6,8,9.3,1.16439,1.34498,0.61165,-0.25361,92,211,44.642857142857146,10.714285714285714,6.976744186046512,5.88,2.54,0.05,2.89,0.314,6,0.635789474,0.323,0.439,-0.635789474,-0.009,-0.009,-0.016,-0.011,25.1,42.5,16.1,7.3
415,674370,"Bido, Osvaldo",1056,39.3,0.203,0.095,0.271,0.297,0.305,0.288,0.172,15,74,88.9,26.1,2386,94.8,94.72,51,178,237,-0.1,6.35,113,147,116,150,299,322,299,0.7,-0.7,69.3,6.8,91,50,12,1,0,2,24,26.4,15,16.5,1.20188,1.34494,0.86434,-0.07677,90.9,188,36,6,3.296703296703297,5.83,2.27,0.07,2.97,0.352,3,-0.158313253,0.327,0.282,0.158313253,0.031,0.02499999999999996,0.015,0.017,28.7,33.4,16.1,10.4
400,663567,"Lambert, Peter",1039,38.5,0.315,0.213,0.342,0.528,0.402,0.362,0.282,28,89,89.1,21.9,2236,94.5,95,22,188,212,0.5,6.44,112,149,121,149,303,329,301,-3.2,3.2,69.2,6.8,106,76,17,6,2,3,14,13.2,14,13.2,1.1976,1.34253,0.57183,0.02792,90.9,195,36.84210526315789,6.578947368421052,4.716981132075472,6.14,1.67,0.01,2.58,0.41,5,0.8035,0.384,0.438,-0.8035,0.033,0.02599999999999996,0.09,0.04,11.7,54,16.1,6.9
631,669062,"Miller, Erik",1269,49.7,0.184,0.126,0.246,0.311,0.289,0.283,0.183,19,103,92.7,15.1,2272,96.9,97.25,81,278,353,0.3999999999999915,6.55,110,149,120,148,294,320,295,6.2,-6.2,67.6,6.6,123,65,14,1,0,4,38,30.9,20,16.3,1.09236,1.34206,0.70994,-0.13691,91,182,49.23076923076923,7.6923076923076925,4.0650406504065035,6.62,0.91,-0.14,3.11,0.317,5,-0.983518225,0.316,0.292,0.983518225,0.001,0.001,0.019,0.006,29.1,45,16.1,8.5
531,621381,"Strahm, Matt",981,54.1,0.159,0.127,0.236,0.286,0.203,0.229,0.18,20,126,91.6,24.3,2496,93.4,92.94,80,298,233,-0.5,6.21,107,149,118,147,298,323,289,12.7,-12.7,70.3,6.8,134,75,10,7,0,3,54,40.3,5,3.7,1.28996,1.34177,1.20529,-0.56608,91.4,190,44,10.666666666666668,5.970149253731343,5.37,2.28,0,2.81,0.187,8,-2.400564972,0.207,0.328,2.400564972,-0.021,-0.02,-0.042,-0.026,26.8,30,16.1,14.5
368,542888,"Armstrong, Shawn",1109,33.2,0.198,0.143,0.306,0.341,0.275,0.317,0.225,18,91,92.5,26,2311,93.3,93.8,68,204,164,0.5,6.61,107,148,117,148,297,326,298,2.3,-2.3,70.2,6.8,101,52,11,4,0,3,39,38.6,10,9.9,1.28236,1.33992,0.55446,0.02761,91,210,44.230769230769226,15.384615384615383,7.920792079207921,5.78,1.6,-0.01,2.94,0.277,8,-0.617663043,0.302,0.422,0.617663043,-0.027,-0.025,-0.081,-0.042,33.3,39.1,16.1,6.7
304,641703,"Honeywell, Brent",595,51.1,0.254,0.164,0.268,0.418,0.339,0.351,0.283,17,67,89.5,13.1,2163,94.7,94.57,20,144,160,-0.1,6.12,115,149,125,151,296,318,297,2.5,-2.5,68.1,6.6,81,60,10,5,0,2,10,12.3,10,12.3,1.19457,1.33941,0.46464,-0.1453,91.6,190,45,3.3333333333333335,2.4691358024691357,6.2,0.83,-0.18,2.71,0.354,2,-0.831578947,0.381,0.405,0.831578947,-0.029,-0.027,0.013,-0.012,13.9,45.7,16.1,5.6
735,592791,"Taillon, Jameson",2483,29.6,0.287,0.21,0.297,0.497,0.353,0.379,0.298,48,167,92.7,17,2282,92.3,93.1,51,346,389,0.7999999999999972,6.69,114,149,115,153,298,326,298,0.4,-0.4,70.1,6.8,179,139,33,5,0,10,30,16.8,10,5.6,1.33,1.3394,0.57158,-0.21536,92.6,192,50.35971223021583,11.510791366906476,8.938547486033519,6.12,1.34,-0.24,2.81,0.326,16,-0.057006803,0.336,0.552,0.057006803,-0.011,-0.01,-0.055,-0.026,14.7,43.9,16.1,6.9
806,671922,"Smith, Cade",1166,69.1,0.174,0.079,0.294,0.253,0.212,0.247,0.191,33,190,91.5,14.3,2280,96,97.8,130,427,379,1.7999999999999972,7.36,113,150,125,149,298,319,299,28.4,-28.4,67.7,6.5,203,110,21,10,1,1,81,39.9,10,4.9,1.14169,1.3371,0.70932,-0.00473,91.4,189,46.36363636363636,10,5.418719212,5.79,2.58,-0.12,2.88,0.222,11,-3.52146402,0.241,0.311,3.52146402,-0.017,-0.019,-0.058,-0.035,30.4,38.3,16,8.5
254,663436,"Martin, Davis",892,28.5,0.389,0.083,0.538,0.472,0.449,0.38,0.275,14,36,82.4,12.9,2384,93.6,94.04,21,104,150,0.4000000000000057,6.56,110,149,117,149,293,327,298,-6.7,6.7,68,6.5,47,26,11,3,0,0,10,21.3,9,19.1,1.26866,1.3361,0.50118,-0.04236,89.9,172,34.61538461538461,11.538461538461538,6.382978723404255,6.03,1.88,0.09,2.91,0.532,3,2.639370079,0.445,0.373,-2.639370079,0.114,0.087,0.099,0.069,20.2,41.3,16,6
302,656271,"Burke, Brock",575,52.5,0.284,0.328,0.375,0.612,0.409,0.31,0.228,19,67,92.9,20.4,2238,95.7,96.68,35,163,139,1,6.94,111,148,117,148,303,327,297,-4.4,4.4,69.8,6.8,75,44,6,8,1,4,23,30.7,6,8,1.1648,1.33474,0.77477,-0.09497,91,194,43.18181818181818,9.090909090909092,5.333333333333334,6.27,1.73,0.06,2.7,0.36,4,1.458609272,0.311,0.392,-1.458609272,0.056,0.049,0.22,0.099,21.5,42.9,16,9.3
366,502043,"Gibson, Kyle",2764,13.2,0.268,0.296,0.246,0.563,0.401,0.433,0.299,19,71,93.5,20,2232,91.4,92.58,7,107,259,1.1999999999999886,6.96,117,147,108,151,299,322,302,-6.4,6.4,70.1,6.9,86,62,9,4,1,5,10,11.6,12,14,1.39421,1.33153,0.37172,-0.23937,92.5,191,43.54838709677419,14.516129032258066,10.465116279069768,6.35,2.02,0.15,2.76,0.384,9,1.755191257,0.412,0.612,-1.755191257,-0.031,-0.028,-0.049,-0.032,6.5,47.9,16,4.5
409,678368,"Bellozo, Valente",1094,37.4,0.247,0.206,0.237,0.454,0.331,0.368,0.27,24,97,90.8,21,2090,89.2,88.82,26,195,214,-0.4,6.02,109,149,120,149,302,327,299,3.5,-3.5,69.9,6.8,108,85,14,5,0,5,13,12,9,8.3,1.53645,1.32819,0.3558,0.05914,92.1,187,45.88235294117647,10.588235294117649,8.333333333333332,6.14,0.94,-0.01,2.91,0.315,9,-0.852811736,0.34,0.506,0.852811736,-0.023,-0.025,-0.052,-0.037,13.3,47.1,15.9,4.2
383,686973,"Varland, Louie",901,42.5,0.306,0.247,0.357,0.553,0.39,0.338,0.257,26,85,88.3,12.6,2157,96.3,97.52,50,207,176,1.2000000000000028,7,110,146,115,148,297,323,294,-3.4,3.4,68.7,6.5,93,63,17,3,0,6,23,24.7,6,6.5,1.13209,1.32815,0.57256,-0.10614,90.8,196,38.095238095238095,11.11111111111111,7.526881720430108,5.53,2.07,-0.02,2.86,0.359,7,0.893733681,0.314,0.47,-0.893733681,0.049,0.04499999999999998,0.083,0.052,24.2,42.7,15.9,6.9
480,681190,"Vásquez, Randy",1687,28.5,0.301,0.161,0.352,0.462,0.378,0.429,0.332,28,93,91.6,16.8,2418,94.3,94.21,56,252,228,-0.1,6.24,112,149,119,150,297,324,296,-1.3,1.3,70.3,6.8,110,76,19,6,0,3,19,17.3,12,10.9,1.23706,1.3274,0.61504,0.07608,91.6,197,50,13.157894736842104,9.090909090909092,5.98,2.03,0.07,2.89,0.398,10,0.277291667,0.424,0.573,-0.277291667,-0.031,-0.026,-0.111,-0.051,22.2,36.9,15.9,7.4
294,453286,"Scherzer, Max",669,43.9,0.262,0.23,0.283,0.492,0.353,0.335,0.264,16,61,89.5,27.8,2299,92.5,92.09,36,162,132,-0.4,6.21,114,149,116,150,301,326,296,0.6,-0.6,69.2,6.8,67,49,8,5,0,3,12,17.9,5,7.5,1.35446,1.32701,0.84163,-0.00109,90.7,190,36.734693877551024,8.163265306,5.970149253731343,5.57,3.09,0.05,2.71,0.328,4,-0.198979592,0.33,0.435,0.198979592,-0.002,-0.002,0.057,0.018,22.2,29.3,15.9,10.1
221,572955,"Johnson, Pierce",916,24.1,0.194,0.056,0.318,0.25,0.309,0.309,0.198,7,36,88.7,20.2,2329,95.5,94.7,21,79,142,-0.8,5.93,114,149,121,149,298,321,294,2.1,-2.1,69.2,6.7,47,22,5,2,0,0,14,29.8,10,21.3,1.18511,1.32412,0.86385,-0.02593,89.9,183,31.818181818181817,0,0,6.05,2.17,-0.11,3.05,0.383,0,-0.947963801,0.386,0.245,0.947963801,-0.004,-0.003,0.005,0,26.6,37.2,15.9,10.4
874,680570,"Rodriguez, Grayson",1879,46.5,0.291,0.122,0.373,0.413,0.349,0.325,0.247,55,189,90.5,14.9,2285,96.1,97.62,118,439,435,1.5,7.28,112,149,119,150,301,327,299,-0.8,0.8,69.8,6.6,214,139,42,8,0,5,50,23.4,21,9.8,1.15894,1.3223800000000001,1.05367,-0.0415,91.3,186,41.726618705035975,5.755395683453238,3.7383177570093458,5.61,2.34,-0.21,3.03,0.374,8,0.093249428,0.335,0.398,-0.093249428,0.044,0.039,0.015,0.024,26.9,38.2,15.9,12.6
860,687792,"Herz, DJ",1586,54.2,0.222,0.096,0.33,0.317,0.288,0.279,0.194,37,167,90.6,20.2,2325,93.5,94.25,130,426,434,0.7000000000000028,6.72,110,149,119,147,305,326,300,8.9,-8.9,69.6,6.7,193,106,28,5,1,3,62,32.1,22,11.4,1.28617,1.32198,1.02943,-0.50078,91,189,41.509433962264154,10.37735849056604,5.699481865284974,5.8,2,0.15,2.75,0.318,11,-1.033139535,0.294,0.322,1.033139535,0.028,0.024,-0.005,0.009,30.5,37.4,15.9,12.4
387,666205,"Muller, Kyle",725,53.4,0.279,0.115,0.333,0.394,0.302,0.307,0.262,29,104,91,15.2,2371,92.6,93.09,46,215,172,0.5,6.62,110,149,118,149,297,322,297,3.1,-3.1,70.3,6.8,109,83,21,6,0,2,22,20.2,3,2.8,1.34331,1.32111,0.13438,-0.03011,91.7,171,43.373493975903614,8.433734939759036,6.422018348623854,6.59,1.41,0.13,2.66,0.303,7,-0.812403101,0.293,0.398,0.812403101,0.017,0.01,-0.004,-0.005,21.4,53,15.9,1.6
190,605288,"Houser, Adrian",1131,16.8,0.179,0.154,0.231,0.333,0.297,0.364,0.242,7,39,90.7,16.4,2213,93.6,94.04,16,83,107,0.4000000000000057,6.7,115,149,123,151,296,323,298,0.4,-0.4,67.9,6.7,47,27,3,3,0,1,12,25.5,8,17,1.29695,1.31879,0.77,-0.25947,90.9,207,48.148148148148145,18.51851851851852,10.638297872340424,6.06,1.24,-0.01,2.68,0.319,5,-0.21315789499999999,0.371,0.46,0.21315789499999999,-0.063,-0.052,-0.127,-0.067,19.3,45,15.8,9.2
1237,676440,"Bibee, Tanner",2851,43.4,0.282,0.194,0.319,0.476,0.344,0.341,0.283,77,273,90.6,16.2,2361,94.6,95.31,137,644,593,0.7000000000000028,6.63,114,149,122,150,298,320,299,-10.4,10.4,69.2,6.6,292,218,50,12,4,11,56,19.2,14,4.8,1.22369,1.3185,0.35314,-0.07258,91.6,179,46.330275229357795,6.8807339449541285,5.136986301369863,6.23,2.21,-0.04,3,0.325,15,0.844462409,0.327,0.461,-0.844462409,-0.001,-0.002,0.015,0.003,21.3,52.8,15.8,4.2
721,640448,"Finnegan, Kyle",1067,67.6,0.286,0.143,0.339,0.429,0.339,0.34,0.286,46,161,91.3,9.1,2085,97.2,97.91,78,391,330,0.7000000000000028,6.62,113,147,118,147,304,327,300,-1.3,1.3,69.2,6.6,176,126,35,4,2,5,35,19.9,15,8.5,1.0891,1.31798,0.85548,0.10513,91.8,178,48.41269841269841,6.349206349206349,4.545454545454546,5.76,1.71,0.07,2.72,0.347,8,0.181414702,0.346,0.427,-0.181414702,0,0.001,0.002,-0.001,19.9,51.6,15.8,10.3
1007,669923,"Kirby, George",2967,33.9,0.221,0.237,0.266,0.458,0.301,0.292,0.217,56,253,90.1,25.6,2231,96,96.36,178,612,395,0.4000000000000057,6.54,112,149,117,148,293,320,292,10.8,-10.8,68.6,6.6,267,173,25,16,1,14,83,31.1,11,4.1,1.16214,1.31673,0.77908,-0.03312,91.2,201,37.57225433526011,15.028901734104046,9.737827715355806,5.92,1.74,0.15,3.19,0.252,26,-1.073982125,0.248,0.437,1.073982125,0.004,0.004,0.021,0.009,29.1,37.1,15.8,9.3
465,686730,"Spiers, Carson",1554,29.9,0.256,0.205,0.304,0.462,0.359,0.327,0.225,30,117,88.6,27.1,2325,92.4,93.1,43,210,255,0.6999999999999886,6.64,114,146,119,150,293,321,294,-5.1,5.1,69,6.7,136,85,20,2,2,6,32,23.5,17,12.5,1.35101,1.31297,0.53589,-0.18927,92,194,43.52941176470589,8.235294117647058,5.147058823529411,5.47,1.48,-0.11,2.99,0.36,7,1.100645161,0.333,0.403,-1.100645161,0.031,0.027,0.059,0.032,20.5,33.8,15.8,6.4
313,606160,"Montero, Rafael",683,45.8,0.227,0.364,0.161,0.591,0.389,0.35,0.229,10,44,91.4,25.7,2423,95.4,94.91,33,134,179,-0.5,6.18,111,149,115,148,291,318,295,-1.1,1.1,69.1,6.8,51,36,4,1,0,5,8,15.7,7,13.7,1.21233,1.3085,0.91684,-0.1001,90.8,203,47.22222222222222,11.11111111111111,7.84313725490196,5.13,1.58,0.2,3.02,0.333,4,0.343450479,0.335,0.471,-0.343450479,-0.002,-0.002,0.12,0.039,24.6,34.7,15.7,11
110,693821,"Elder, Bryce",864,12.7,0.32,0.36,0.375,0.68,0.457,0.355,0.243,8,25,89.6,26.4,2149,91.5,91.1,16,56,54,-0.4,5.96,118,149,119,150,296,323,301,-3.5,3.5,69.5,6.7,29,18,4,1,1,2,7,24.1,3,10.3,1.407,1.30809,0.31569,-0.18064,91,192,44.44444444444444,16.666666666666664,10.344827586206897,6.63,0.96,0.1,3.15,0.414,3,3.202727273,0.347,0.472,-3.202727273,0.077,0.067,0.208,0.102,28.6,54.4,15.7,3.8
1025,622663,"Severino, Luis",2890,35.5,0.243,0.149,0.294,0.392,0.316,0.292,0.223,54,222,88.8,19.3,2219,96.2,96.16,129,593,432,0,6.3,116,148,121,151,295,325,298,5.5,-5.5,70,6.8,251,163,41,2,2,9,61,24.3,24,9.6,1.1597,1.30808,0.53943,-0.18153,90.5,187,39.87730061349693,5.521472392638037,3.5856573705179287,6.03,1.87,0.12,2.93,0.324,9,-0.534146341,0.307,0.346,0.534146341,0.02,0.01700000000000001,0.046,0.024,21.8,43.6,15.7,6.5
363,621383,"Banks, Tanner",1174,30.9,0.207,0.098,0.357,0.305,0.279,0.298,0.207,17,82,90.5,9.7,2257,93.6,93.01,49,174,189,-0.6,5.97,109,149,118,148,297,323,293,1.5,-1.5,66.9,6.3,97,44,13,2,0,2,40,41.2,13,13.4,1.29777,1.3065,0.22134,-0.09448,91.2,178,47.72727272727273,9.090909090909092,4.123711340206185,6.37,2.55,0.11,2.96,0.309,4,-0.40330578500000003,0.309,0.359,0.40330578500000003,0,0,-0.054,-0.019,28.2,50.9,15.7,2.6
228,674072,"Henry, Tommy",706,32.3,0.261,0.37,0.212,0.63,0.411,0.402,0.259,12,46,90.4,18.6,2158,89.8,90.55,14,104,124,0.7999999999999972,6.71,110,149,119,146,303,319,293,-4.4,4.4,70.5,6.9,58,39,5,2,0,5,10,17.2,8,13.8,1.51991,1.30434,0.65943,-0.31382,92,202,46.15384615384615,17.94871794871795,12.06896551724138,5.77,1.74,-0.12,2.93,0.368,7,1.927192982,0.374,0.573,-1.927192982,0.002,-0.006,0.057,0.009,13.5,41.9,15.7,7.9
136,655889,"Rodríguez, Manuel",605,22.5,0.103,0,0.15,0.103,0.175,0.242,0.175,3,29,89.5,19.8,2343,96.7,97.21,18,61,75,0.5,6.54,106,144,111,148,292,325,301,2.7,-2.7,69.1,6.6,37,20,3,0,0,0,10,27,4,10.8,1.13059,1.30426,0.33104,-0.24407,90.7,179,25,0,0,5.58,1.03,-0.35,2.88,0.229,0,-2.014705882,0.288,0.217,2.014705882,-0.072,-0.059,-0.114,-0.067,29.5,47.8,15.7,3.9
568,547179,"Lorenzen, Michael",2092,27.2,0.155,0.155,0.16,0.309,0.286,0.339,0.211,17,110,91.9,23,2385,93.8,92.92,45,244,324,-0.9,5.84,115,149,117,150,301,324,298,5.3,-5.3,70.1,6.8,136,80,10,2,0,5,31,22.8,24,17.6,1.29618,1.30231,0.88007,-0.0969,91.7,210,47.5,10,5.882352941,5.81,1.45,0.09,2.84,0.309,8,-0.928873239,0.355,0.406,0.928873239,-0.056,-0.046,-0.097,-0.053,18.4,42.4,15.6,10.6
317,689147,"Kerkering, Orion",1087,29.2,0.224,0.103,0.353,0.328,0.293,0.257,0.184,13,58,88.8,8.7,2355,97.6,97.69,42,151,166,0.10000000000000853,6.36,112,148,120,149,294,325,295,4.3,-4.3,67.8,6.6,68,35,9,3,0,1,24,35.3,9,13.2,1.09252,1.30183,0.89962,-0.16196,90.5,177,37.142857142857146,2.857142857142857,1.4705882352941175,5.85,1.13,-0.23,2.87,0.324,1,-1.361198738,0.291,0.261,1.361198738,0.04,0.033,0.067,0.036,27.8,37.1,15.6,10.8
308,605121,"Anderson, Justin",945,32.6,0.188,0.094,0.224,0.281,0.285,0.339,0.226,12,64,89.2,21.9,2270,96,96.81,40,156,152,0.7999999999999972,6.78,110,149,117,149,294,323,296,3.2,-3.2,68.2,6.7,79,50,8,3,0,1,15,19,13,16.5,1.17549,1.30097,0.73503,0.0251,91.2,215,40,8,5.063291139240507,5.67,2.52,0.1,2.9,0.329,4,-1.033116883,0.361,0.401,1.033116883,-0.038,-0.032,-0.12,-0.054,25.6,35.8,15.6,8.8
594,808967,"Yamamoto, Yoshinobu",1469,40.4,0.262,0.151,0.303,0.413,0.326,0.358,0.277,33,126,89.9,14.1,2157,95.5,95.99,49,279,315,0.5,6.56,115,150,121,151,296,316,295,5,-5,69.6,6.7,144,103,21,8,1,3,26,18.1,15,10.4,1.20306,1.29682,0.60455,0.02114,91.7,194,45.63106796116505,10.679611650485436,7.638888888888889,5.49,1.23,0.01,2.54,0.336,11,-0.842929293,0.356,0.443,0.842929293,-0.015,-0.02,-0.03,-0.032,17.6,44.2,15.6,7.2
151,502624,"Anderson, Chase",1016,14.9,0.367,0.233,0.45,0.6,0.473,0.443,0.316,11,30,95.6,24.4,2243,93.6,93.05,16,72,79,-0.5,5.9,113,149,122,148,292,323,300,-7.7,7.7,68.6,6.5,38,22,8,1,0,2,8,21.1,6,15.8,1.29914,1.29669,0.62517,-0.05126,92.6,216,72.72727272727273,9.090909090909092,5.263157894736842,5.82,1.31,-0.11,3.1,0.5,2,5.074172185,0.46,0.568,-5.074172185,0.051,0.04,0.032,0.03,22.2,44.5,15.6,7.5
1287,676979,"Crochet, Garrett",2395,53.7,0.198,0.097,0.293,0.295,0.257,0.272,0.202,53,268,88,16,2500,97.2,98.4,214,682,605,1.2000000000000028,7.06,108,150,116,148,298,323,293,15.5,-15.5,68.6,6.7,298,169,37,11,0,5,100,33.6,27,9.1,1.12522,1.2966,0.67765,-0.46695,90.8,182,39.64497041420118,8.875739644970414,5.033557046979865,6.05,2.56,0.03,2.83,0.275,15,-1.200699301,0.279,0.328,1.200699301,-0.004,-0.004,-0.033,-0.015,31.4,35.7,15.5,8.1
264,628452,"Iglesias, Raisel",928,28.4,0.179,0.149,0.244,0.328,0.219,0.218,0.191,12,67,88.2,20.6,2294,95.5,95.22,43,131,133,-0.3,6.17,116,148,122,148,299,323,296,5.9,-5.9,67.5,6.6,70,44,6,4,0,2,25,35.7,1,1.4,1.20875,1.29561,0.67992,-0.16955,91.2,207,38.63636363636363,6.8181818181818175,4.285714285714286,5.6,1.75,-0.1,2.73,0.188,3,-2.221212121,0.2,0.312,2.221212121,-0.012,-0.012,0.016,0.001,32.8,34.8,15.5,8.2
641,672456,"Montero, Keider",1539,41.7,0.27,0.216,0.282,0.486,0.364,0.393,0.315,40,148,93.2,13.8,2164,94.7,94.92,53,295,346,0.20000000000000284,6.39,112,148,115,149,293,328,298,-2.1,2.1,69,6.6,167,119,26,5,0,9,29,17.4,19,11.4,1.24618,1.29446,0.497,-0.0854,92.3,191,48.739495798319325,9.243697478991598,6.586826347,5.83,2.51,-0.02,2.73,0.353,11,0.329641186,0.393,0.515,-0.329641186,-0.045,-0.04,-0.029,-0.029,18,42.2,15.5,6
633,518886,"Kimbrel, Craig",963,65.7,0.203,0.218,0.274,0.421,0.34,0.339,0.209,27,133,92.2,25.7,2316,93.9,94.61,86,298,335,0.6999999999999886,6.83,112,147,118,149,300,326,299,-0.5,0.5,69.4,6.8,167,81,13,6,1,7,55,32.9,28,16.8,1.30419,1.29374,0.79976,-0.01477,91.5,204,46.913580246913575,13.580246913580249,6.586826347,4.75,2.83,0.06,2.89,0.349,11,0.07614534,0.355,0.408,-0.07614534,-0.006,-0.006,0.013,0.001,28.9,24.7,15.5,9.6
204,455119,"Martin, Chris",657,31.1,0.246,0.14,0.353,0.386,0.281,0.304,0.259,14,57,89,5,2172,94.7,95.08,20,107,97,0.3999999999999915,6.57,113,150,122,149,286,322,299,0.6,-0.6,68.3,6.6,60,36,10,2,0,2,22,36.7,1,1.7,1.25407,1.29363,0.76917,0.00495,91.7,182,47.22222222222222,8.333333333333332,5,6.17,2.73,-0.25,2.7,0.267,3,-0.30245098,0.289,0.402,0.30245098,-0.013,-0.022,-0.016,-0.023,18.7,42.4,15.5,9.2
441,628317,"Maeda, Kenta",1958,22.5,0.359,0.308,0.423,0.667,0.474,0.412,0.307,28,78,92.4,22,2284,90.8,90.54,23,177,264,-0.3,6.1,111,148,116,149,292,330,297,-15.7,15.7,69.2,6.8,92,58,16,6,0,6,20,21.7,13,14.1,1.47415,1.28914,0.60497,-0.06714,91,205,41.37931034482759,12.06896551724138,7.608695652173914,5.68,2.15,-0.07,2.61,0.457,7,3.569614512,0.412,0.546,-3.569614512,0.052,0.045,0.121,0.062,13,38.1,15.5,7.3
746,607625,"Lugo, Seth",3112,24,0.234,0.158,0.286,0.392,0.304,0.329,0.25,40,171,88.9,16.5,2367,92.2,92.11,54,307,439,-0.1,6.12,113,148,116,150,298,323,297,4.7,-4.7,68.4,6.7,188,130,24,9,3,4,41,21.8,17,9,1.38564,1.2868,0.56082,-0.14034,91.7,181,43.07692307692308,10,6.914893617021277,5.52,1.22,-0.12,2.57,0.303,13,-0.635924933,0.318,0.438,0.635924933,-0.016,-0.015,-0.046,-0.025,17.6,33.8,15.4,6.7
806,671106,"Allen, Logan",1665,48.4,0.342,0.266,0.361,0.609,0.428,0.406,0.313,63,184,90.7,11.4,2119,91.2,91.36,53,361,445,0.20000000000000284,6.37,106,151,120,147,301,320,297,-10.9,10.9,69.5,6.7,207,156,38,12,2,11,31,15,18,8.7,1.45306,1.28669,0.7101,-0.43236,92.6,176,49.358974358974365,14.102564102564102,10.628019323671497,5.39,1.78,0.05,2.72,0.403,22,1.355210918,0.379,0.566,-1.355210918,0.029,0.024,0.043,0.022,14.7,45.3,15.4,8.5
651,676684,"Vest, Will",1162,56,0.183,0.031,0.253,0.214,0.207,0.289,0.236,24,131,91.9,14.4,2161,96.1,95.9,72,315,336,-0.2,6.2,110,148,117,147,295,328,296,11.5,-11.5,68.3,6.5,147,96,20,4,0,0,40,27.2,11,7.5,1.18694,1.28501,0.76664,0.07327,91.3,191,44.79166666666667,4.166666666666666,2.7210884353741496,5.61,2.3,-0.01,2.74,0.24,4,-1.762211982,0.292,0.363,1.762211982,-0.053,-0.052,-0.149,-0.082,22.9,48.2,15.4,9.2
475,665795,"Cabrera, Edward",1734,27.4,0.304,0.239,0.328,0.543,0.425,0.423,0.298,28,92,93.3,20,2247,96.3,96.86,36,219,256,0.6000000000000085,6.66,112,148,118,149,299,324,301,-8,8,70.3,6.9,117,73,18,4,0,6,20,17.1,23,19.7,1.17996,1.28419,0.76594,-0.17688,92.2,193,58.90410959,10.95890410958904,6.837606837606838,6.13,1.31,-0.06,2.7,0.444,8,1.692421053,0.439,0.546,-1.692421053,0.006,0.005,-0.003,0.002,16.4,39.6,15.4,9.2
129,623433,"Anderson, Nick",573,22.5,0.4,0.467,0.381,0.867,0.556,0.518,0.369,12,30,95.5,12.8,2175,94.7,94.45,12,64,65,-0.2,6.02,114,150,119,149,298,324,294,-3.7,3.7,70.9,6.8,35,25,6,2,0,4,5,14.3,5,14.3,1.2476,1.28333,0.47488,0.10093,93.5,207,64,20,14.285714285714285,6.45,0.82,0.26,2.76,0.486,5,2.860465116,0.459,0.8,-2.860465116,0.031,0.027,0.067,0.038,18.8,47.1,15.4,5.7
1138,656427,"Flaherty, Jack",2646,43,0.245,0.156,0.32,0.401,0.309,0.328,0.254,66,269,88.9,14.5,2257,93.3,94.05,125,526,612,0.7000000000000028,6.64,113,149,120,150,294,322,296,4.7,-4.7,69.8,6.8,293,186,46,8,2,10,84,28.7,20,6.8,1.32946,1.2824,0.3462,-0.02569,91.5,185,39.784946236559136,10.21505376344086,6.484641638225256,5.47,2.35,-0.17,2.55,0.305,19,-0.415377856,0.313,0.439,0.415377856,-0.009,-0.008,-0.038,-0.019,23.8,30.9,15.4,4.2
495,543339,"Hudson, Daniel",999,49.5,0.226,0.179,0.244,0.406,0.305,0.341,0.253,24,106,93.2,22,2493,95.1,95.35,67,256,239,0.20000000000000284,6.4,115,149,122,151,295,315,297,2.7,-2.7,70.8,6.9,116,83,15,4,0,5,23,19.8,10,8.6,1.2381,1.28113,0.63194,-0.19606,92.3,189,59.036144578313255,10.843373493975903,7.758620689655173,5.45,2.94,-0.11,2.83,0.293,9,-0.542828283,0.317,0.473,0.542828283,-0.027,-0.024,-0.067,-0.036,26.2,28.6,15.4,7.6
335,623465,"Phillips, Evan",917,36.5,0.212,0.077,0.345,0.288,0.28,0.26,0.178,11,52,88.2,13.2,2401,96.2,96.54,55,156,179,0.29999999999999716,6.54,117,150,124,150,298,315,294,2.7,-2.7,68.1,6.6,60,30,9,1,0,1,22,36.7,7,11.7,1.18964,1.28036,0.8003,0.0763,89.7,193,33.33333333333333,6.666666666666667,3.3333333333333335,5.32,2.4,0.05,2.68,0.317,2,-0.809253731,0.288,0.271,0.809253731,0.034,0.02900000000000002,0.017,0.02,35.3,27.2,15.4,9.6
407,657571,"Ferguson, Caleb",940,43.3,0.309,0.278,0.375,0.588,0.421,0.387,0.284,30,97,93.2,14.7,2219,93.8,94.1,43,199,208,0.29999999999999716,6.54,109,150,114,150,289,320,286,-7.2,7.2,69.7,6.6,112,70,15,9,0,6,27,24.1,14,12.5,1.31781,1.28017,0.71432,-0.25634,92.2,190,52.85714285714286,12.857142857142856,8.035714285714286,5.65,2.35,0.01,2.82,0.402,9,1.758968059,0.38,0.519,-1.758968059,0.025,0.022,0.069,0.034,21.6,38.8,15.4,8.6
416,681035,"Scott, Christian",787,52.9,0.265,0.122,0.338,0.388,0.308,0.307,0.243,26,98,93.2,20.8,2235,94.2,95.11,48,218,198,0.8999999999999915,6.95,114,149,120,150,298,325,301,1.1,-1.1,70.3,6.8,108,74,19,4,1,2,26,24.1,8,7.4,1.30209,1.28007,0.79959,-0.05401,92.1,198,50,9.459459459,6.481481481481481,5.24,2.86,-0.04,2.94,0.318,7,-0.263221154,0.3,0.403,0.263221154,0.022,0.01800000000000001,-0.015,0.001,22,31.9,15.4,9.6
247,669060,"Wilson, Bryse",1643,15,0.288,0.205,0.381,0.493,0.369,0.34,0.261,21,73,92.6,23.7,2101,93.6,93.84,30,131,116,0.20000000000000284,6.47,113,149,124,148,301,321,300,-6.8,6.8,69.2,6.7,81,47,16,0,0,5,26,32.1,7,8.6,1.327,1.27939,0.4402,-0.09646,92.1,202,48.93617021276596,8.510638298,4.938271604938271,5.92,2.71,-0.19,3.05,0.358,4,2.768016194,0.334,0.447,-2.768016194,0.027,0.02399999999999996,0.046,0.029,22.9,49,15.4,5.3
172,594835,"Gonzales, Marco",546,31.5,0.324,0.135,0.367,0.459,0.38,0.438,0.315,12,37,89.4,17.1,2090,89.7,90.07,11,81,91,0.3999999999999915,6.48,108,149,111,147,308,327,294,-1.1,1.1,68.5,6.6,43,32,9,2,0,1,6,14,5,11.6,1.55099,1.27924,0.93564,-0.34797,92.8,192,53.125,18.75,13.953488372093023,5.62,1.57,0.1,3.07,0.405,6,0.65,0.397,0.642,-0.65,0.009,0.008,-0.183,-0.058,13.6,42.1,15.4,11.2
290,642701,"Santana, Dennis",1106,26.2,0.196,0.071,0.282,0.268,0.258,0.291,0.228,11,56,87.5,21.2,2509,95.7,95.14,30,147,143,-0.6,6.06,112,148,113,148,302,324,291,3.3,-3.3,68.5,6.8,65,39,8,2,1,0,18,27.7,5,7.7,1.2191,1.27862,0.95134,0.19866,90,198,30.76923076923077,2.564102564102564,1.5384615384615383,5.77,2.27,-0.07,2.59,0.292,1,-1.137586207,0.32,0.318,1.137586207,-0.032,-0.028,-0.05,-0.033,20.4,31.9,15.3,11.4
660,656222,"Beeks, Jalen",1186,55.6,0.287,0.096,0.331,0.382,0.332,0.312,0.241,51,178,88.7,14.8,2177,94.5,95.48,55,341,319,1,6.68,110,148,118,147,304,328,299,-3.4,3.4,69.1,6.7,203,150,40,8,0,3,31,15.3,20,9.9,1.25844,1.27853,0.4135,-0.12944,91.8,169,40,5.333333333333334,3.940886699507389,5.97,0.76,-0.21,2.66,0.363,8,0.511666667,0.323,0.382,-0.511666667,0.046,0.04,0,0.02,16.1,50.7,15.3,5
704,668909,"Williams, Gavin",1368,51.5,0.286,0.136,0.339,0.421,0.348,0.359,0.279,40,140,90.7,15.9,2311,96.6,98.2,85,386,318,1.6000000000000083,7.22,110,149,122,149,299,324,301,-0.6,0.6,68.3,6.5,161,113,28,8,1,3,29,18,16,9.9,1.16974,1.27716,0.9351,0.01149,91.2,192,41.59292035,8.849557522123893,6.211180124223603,5.85,2.92,-0.02,3.02,0.369,10,0.089630682,0.363,0.456,-0.089630682,0.007,0.006,-0.035,-0.011,22,34.6,15.3,11.2
145,592454,"Kahnle, Tommy",750,19.3,0.286,0.25,0.368,0.536,0.416,0.395,0.267,8,28,94.2,10.4,2146,94.2,95.04,14,55,90,0.7999999999999972,6.74,114,149,117,152,289,324,288,-5.7,5.7,67.2,6.5,35,20,3,4,0,1,8,22.9,6,17.1,1.29076,1.2769,0.46766,-0.09897,92.4,181,55.00000000000001,15,8.571428571428571,5.98,1.94,0.2,2.74,0.429,3,3.935862069,0.413,0.489,-3.935862069,0.019,0.01600000000000001,0.047,0.021,25.5,44.5,15.3,5.6
873,593423,"Montas, Frankie",2633,33.2,0.206,0.161,0.259,0.367,0.294,0.319,0.225,45,218,90.4,21.5,2386,95.6,95.28,111,481,392,-0.3,5.99,115,148,122,149,297,321,294,-5.3,5.3,70.3,6.9,251,148,28,8,0,9,73,29.1,28,11.2,1.20983,1.27591,0.42532,-0.10023,91.3,191,47.97297297297297,9.459459459,5.577689243027888,5.94,1.06,0.07,2.76,0.299,14,0.611798396,0.317,0.404,-0.611798396,-0.019,-0.018,-0.037,-0.025,23.1,42.2,15.3,5.1
466,608344,"Irvin, Cole",1767,26.4,0.296,0.296,0.315,0.592,0.408,0.43,0.314,29,98,94.7,21.6,2029,91.9,91.96,38,233,233,0.1,6.38,110,150,119,147,309,325,294,-5.6,5.6,70.1,6.9,112,79,13,9,1,6,20,17.9,11,9.8,1.43167,1.27491,0.99092,-0.72367,92.6,207,59.49367088607595,20.253164556962027,14.285714285714285,6.22,0.98,0.03,2.98,0.375,16,1.1972103,0.391,0.63,-1.1972103,-0.018,-0.016,-0.038,-0.022,16.3,43.1,15.3,11.9
296,606303,"Payamps, Joel",899,32.9,0.169,0.215,0.259,0.385,0.271,0.261,0.17,11,65,89.4,26.4,2448,94.8,94.89,51,148,148,0.10000000000000853,6.32,113,150,123,148,303,322,299,2.9,-2.9,70.7,7,72,32,5,2,0,4,34,47.2,6,8.3,1.26081,1.27446,0.74568,-0.0177,91.1,183,50,15.625,6.944444444444445,5.59,2.48,0.06,2.83,0.239,5,-0.964864865,0.24,0.35,0.964864865,-0.001,-0.001,0.035,0.01,34.5,30,15.3,8.9
756,594902,"Lively, Ben",2406,31.4,0.268,0.236,0.255,0.504,0.393,0.393,0.266,34,127,94,14.7,2005,89.9,91,49,295,461,1.0999999999999943,6.9,113,149,119,151,298,319,301,-1.6,1.6,69.3,6.6,155,110,21,4,1,8,17,11,26,16.8,1.54147,1.27406,0.70659,-0.16167,92.4,196,56.36363636363636,10,7.096774193548387,5.29,1.33,-0.06,2.85,0.4,11,0.208994709,0.399,0.505,-0.208994709,0.002,0.001,-0.001,0,16.6,39.4,15.3,8.5
1028,681293,"Arrighetti, Spencer",2505,41,0.303,0.225,0.353,0.528,0.395,0.37,0.274,66,218,92.9,20,2306,94.1,95.41,99,500,528,1.3000000000000114,7.17,108,149,114,149,292,321,296,-10.5,10.5,69.2,6.8,253,167,39,16,0,11,53,20.9,30,11.9,1.31326,1.27325,0.99055,-0.13744,91.8,193,52.09580838323353,9.580838323353294,6.324110671936759,5.14,1.56,-0.18,2.69,0.391,16,1.020817121,0.368,0.483,-1.020817121,0.029,0.023,0.045,0.025,19.8,26.6,15.3,11.9
385,676130,"Buttó, José",1222,31.5,0.157,0.043,0.256,0.2,0.236,0.267,0.172,11,70,88.9,29.7,2403,94.2,94.04,51,160,225,-0.2,6.25,117,150,118,150,295,324,299,7.8,-7.8,70.1,7,85,44,8,3,0,0,28,32.9,12,14.1,1.3019,1.27317,0.41898,-0.07112,90.7,185,34.090909090909086,6.8181818181818175,3.5294117647058822,5.37,2.41,-0.11,2.95,0.286,3,-2.030909091,0.299,0.279,2.030909091,-0.015,-0.013,-0.079,-0.031,31.9,34.8,15.3,5
506,683627,"Molina, Anthony",1048,48.3,0.374,0.187,0.416,0.561,0.435,0.446,0.372,40,107,93.4,10,2114,94.8,94.85,37,237,269,0.10000000000000853,6.2,114,148,123,148,303,331,301,-9.8,9.8,69.9,6.9,124,92,27,9,1,3,16,12.9,14,11.3,1.25348,1.27269,0.61229,-0.01439,92.6,203,54.34782608695651,9.782608695652174,7.258064516129033,6.34,1.65,-0.08,2.6,0.452,9,1.946442688,0.456,0.565,-1.946442688,0.002,-0.004,-0.004,-0.011,15.6,51.2,15.3,7.3
840,693433,"Woo, Bryan",1716,49,0.218,0.137,0.261,0.355,0.262,0.276,0.225,43,197,90.5,26.8,2280,94.8,95.33,135,494,346,0.5,6.59,113,149,115,148,290,318,290,9.4,-9.4,69,6.6,208,145,30,6,0,7,54,26,9,4.3,1.2649,1.2721,0.7876,-0.17669,90.7,205,38.62068965517241,5.517241379310345,3.8461538461538463,5.06,1.52,0.04,2.96,0.25,8,-1.123690476,0.259,0.373,1.123690476,-0.007,-0.009,-0.018,-0.014,27.3,26.6,15.3,9.4
427,666200,"Luzardo, Jesús",1083,39.4,0.28,0.204,0.259,0.484,0.367,0.39,0.301,26,93,91,22.7,2208,95.2,93.77,22,198,229,-1.4,5.69,107,150,117,146,298,321,293,-1.4,1.4,69.8,6.9,107,86,17,4,0,5,8,7.5,12,11.2,1.26775,1.27117,1.0883100000000001,-0.67356,92,192,45.34883720930232,11.627906976744184,9.345794392523365,6.03,2.27,-0.25,2.63,0.364,10,0.318969555,0.385,0.517,-0.318969555,-0.021,-0.021,-0.033,-0.023,11.1,39.8,15.3,13.1
223,676775,"Winn, Keaton",877,25.4,0.214,0.286,0.259,0.5,0.339,0.304,0.189,9,42,93.5,21.2,2303,95.7,95.33,28,103,120,-0.4,6.17,113,147,115,150,291,324,298,-3,3,69.4,6.7,51,29,3,2,2,2,15,29.4,6,11.8,1.23511,1.26511,0.83605,-0.21928,91.1,203,51.72413793103448,6.896551724137931,3.92156862745098,6.31,1.38,0.2,3,0.314,2,1.347533632,0.297,0.383,-1.347533632,0.025,0.01700000000000001,0.117,0.035,27.2,41.6,15.2,10
306,665622,"Medina, Luis",720,42.5,0.238,0.127,0.25,0.365,0.324,0.357,0.255,15,63,89.9,18,2370,95.9,95.91,18,147,159,0,6.3,112,145,117,150,299,320,300,-1,1,70.4,6.8,78,57,9,5,0,1,8,10.3,12,15.4,1.21706,1.26369,0.55918,-0.13787,91.9,184,40.35087719298245,5.263157894736842,3.8461538461538463,6.27,2.23,0.09,2.82,0.359,3,0.335620915,0.379,0.405,-0.335620915,-0.017,-0.02,-0.04,-0.033,12.2,43,15.2,6.7
296,685299,"Gordon, Tanner",607,48.8,0.338,0.235,0.339,0.574,0.402,0.402,0.342,23,68,89.1,15.3,2186,92,92.21,19,159,137,0.20000000000000284,6.34,116,150,120,149,300,328,301,-5.4,5.4,67.5,6.5,72,61,16,2,1,4,8,11.1,1,1.4,1.42723,1.26,0.98132,7.1e-4,91.2,191,39.34426229508197,8.196721311,6.944444444444445,6.21,2.47,-0.04,2.77,0.366,5,1.825337838,0.37,0.561,-1.825337838,-0.004,-0.004,0.013,0,11.9,47.1,15.1,11.8
381,676974,"Meyer, Max",968,39.4,0.33,0.319,0.316,0.648,0.43,0.42,0.321,30,91,94.9,19.2,2387,94.1,94.37,25,180,201,0.30000000000001137,6.43,111,148,116,149,297,324,299,-5,5,70.4,7.1,100,82,14,9,1,6,10,10,8,8,1.31396,1.25982,0.34464,-0.00707,93.6,190,57.31707317,14.634146341463412,12,5.86,1.09,0.04,2.68,0.38,12,1.299212598,0.375,0.612,-1.299212598,0.009,0.005,0.036,0.01,13.9,46.2,15.1,4.1
225,663738,"Lynch IV, Daniel",631,35.7,0.222,0.254,0.192,0.476,0.334,0.34,0.237,14,63,93.2,16.3,2207,93,93.67,14,105,120,0.7000000000000028,6.64,110,150,119,149,305,326,291,0.2,-0.2,70.3,7,72,56,6,4,0,4,8,11.1,8,11.1,1.37458,1.2584,0.69951,-0.39827,94.2,189,51.78571428571429,12.5,9.722222222222223,6.07,1.04,0.03,2.67,0.306,7,-0.074222222,0.322,0.461,0.074222222,-0.015,-0.016,0.015,-0.006,13.3,41.5,15.1,8.4
334,656756,"Montgomery, Jordan",1929,17.3,0.284,0.091,0.316,0.375,0.308,0.313,0.265,25,88,88.6,15.7,2290,92.1,92.9,35,190,144,0.8000000000000114,6.69,110,150,120,147,304,317,294,1,-1,69.3,6.8,96,77,19,5,0,1,12,12.5,5,5.2,1.4226,1.25814,0.44284,-0.33668,91.7,160,40.25974025974026,5.194805194805195,4.166666666666666,6.59,1.62,-0.28,2.97,0.326,4,-0.297005988,0.312,0.394,0.297005988,0.019,0.01400000000000001,-0.019,-0.005,18.4,43.6,15.1,5.3
699,650633,"King, Michael",2895,24.1,0.265,0.136,0.352,0.402,0.33,0.317,0.229,35,132,88.9,21.1,2287,93.7,93.32,88,337,362,-0.4,6.09,114,149,119,151,296,323,298,-2.2,2.2,67,6.5,150,92,25,6,0,4,41,27.3,15,10,1.34627,1.25515,0.50107,-0.05629,90.6,188,42.391304347826086,7.608695652173914,4.666666666666667,5.75,2.88,-0.06,3.14,0.347,7,0.321459227,0.316,0.402,-0.321459227,0.036,0.03099999999999997,0,0.013,26.1,36.3,15.1,6
561,677960,"Weathers, Ryan",1413,39.7,0.319,0.133,0.347,0.451,0.375,0.383,0.303,36,113,90.3,16.2,2317,95.9,94.75,36,256,305,-1.2,5.83,107,150,118,147,301,317,291,0.6,-0.6,68.7,6.6,132,101,25,9,0,2,14,10.6,16,12.1,1.24328,1.25508,1.02451,-0.68722,91.6,186,40.59405941,7.920792079207921,6.0606060606060606,5.8,2.76,-0.22,2.69,0.405,8,-0.100713012,0.394,0.478,0.100713012,0.016,0.011,-0.027,-0.008,14.1,37.7,15.1,12.3
614,656464,"Ginkel, Kevin",1184,51.9,0.269,0.142,0.32,0.41,0.322,0.308,0.24,36,134,91.9,17.5,2420,96,96.98,61,301,313,1,6.86,113,148,117,149,296,317,294,3.9,-3.9,68.4,6.6,148,105,25,7,0,4,31,20.9,11,7.4,1.22052,1.25476,0.83173,-0.17664,91.6,189,47.61904761904761,5.714285714285714,4.054054054054054,6.4,2.13,-0.05,2.9,0.327,6,-0.641530945,0.301,0.404,0.641530945,0.029,0.02600000000000002,0.006,0.014,20.3,39.3,15.1,10
293,668674,"Erceg, Lucas",947,30.9,0.23,0.162,0.341,0.392,0.316,0.333,0.237,17,74,91.6,17.1,2172,98.6,98.95,39,137,156,0.4000000000000057,6.56,115,148,117,151,299,323,300,0.2,-0.2,68.3,6.5,84,46,10,4,1,2,28,33.3,7,8.3,1.09683,1.25437,0.8386,-0.15696,92.1,197,45.65217391304348,15.217391304347828,8.333333333333332,6.05,2.09,0.09,2.96,0.321,7,-0.082935154,0.327,0.432,0.082935154,-0.007,-0.006,-0.04,-0.017,28.5,43,15.1,10.1
117,656232,"Bielak, Brandon",510,22.9,0.333,0.074,0.36,0.407,0.422,0.478,0.294,9,27,94.6,16.4,2430,91.9,90.79,5,48,69,-1.1,5.55,111,148,125,149,295,319,295,-2.6,2.6,70.4,7,37,25,7,2,0,0,2,5.4,9,24.3,1.44419,1.25427,0.43521,-0.17111,93.1,207,48,16,10.81081081081081,6.29,0.98,0.04,3.05,0.514,4,2.254700855,0.485,0.645,-2.254700855,0.039,0.02900000000000002,-0.238,-0.056,10.4,48.6,15.1,5.2
380,608717,"Stratton, Chris",995,38.2,0.284,0.119,0.327,0.403,0.365,0.409,0.278,19,67,90.3,16.8,2403,91.8,92.24,31,146,234,0.4000000000000057,6.47,113,147,117,149,296,322,295,-2.4,2.4,69.8,6.7,92,56,14,3,1,1,16,17.4,18,19.6,1.44424,1.25411,0.54911,-0.07047,91.7,199,44.642857142857146,12.5,7.608695652173914,5.83,1.86,-0.15,2.65,0.424,7,0.63,0.438,0.467,-0.63,0.006,-0.014,-0.064,-0.044,21.2,34,15,6.6
216,676702,"Stratton, Hunter",587,36.8,0.263,0.105,0.333,0.368,0.313,0.297,0.229,15,57,87.9,20.8,2608,95.5,95.61,26,111,105,0.1,6.34,111,147,113,147,305,322,292,-4.7,4.7,69,6.8,66,46,11,3,0,1,14,21.2,4,6.1,1.24792,1.25181,0.18789,-0.00225,91.7,172,36.95652173913043,6.521739130434782,4.545454545454546,6.04,1.26,0.11,2.73,0.333,3,2.189351852,0.302,0.366,-2.189351852,0.034,0.03100000000000002,0.002,0.016,23.4,38.1,15,2.2
227,554340,"García, Yimi",619,36.7,0.143,0.222,0.172,0.365,0.247,0.256,0.151,9,63,88.2,26.6,2593,96.5,95.56,44,139,88,-0.9,5.86,112,149,117,150,286,315,292,0.9,-0.9,69.8,6.8,69,34,3,2,0,4,30,43.5,5,7.2,1.20789,1.25088,0.86476,-0.11445,90.8,212,44.11764705882353,23.52941176470588,11.594202898550725,5.14,2.5,-0.22,3.14,0.206,8,-0.395594714,0.213,0.38,0.395594714,-0.008,-0.007,-0.015,-0.009,31.7,26.6,15,10.4
369,519326,"Strickland, Hunter",1157,31.9,0.205,0.192,0.222,0.397,0.313,0.309,0.192,16,78,92.2,29.7,2316,94.2,93.45,33,172,197,-0.8,5.98,111,149,118,151,305,327,300,-1,1,71.3,7.1,90,58,9,3,0,4,20,22.2,11,12.2,1.33065,1.25079,0.67576,0.01913,91.6,201,50,12.06896551724138,7.777777777777778,5.94,2.95,-0.08,2.75,0.311,7,0.266124661,0.3,0.4,-0.266124661,0.013,0.011,-0.003,0.004,19.2,33.3,15,8.1
399,682610,"Muñoz, Roddery",1485,26.9,0.325,0.39,0.298,0.714,0.473,0.44,0.285,25,77,93.1,23.7,2270,95.4,94.8,33,189,210,-0.6,6.07,109,148,116,148,297,324,299,-13.8,13.8,70.5,6.9,93,65,11,6,0,8,13,14,13,14,1.26729,1.24965,0.85419,-0.06326,91.8,213,55.38461538461539,16.923076923076923,11.827956989247312,5.63,1.6,0.06,3.03,0.43,11,3.469172932,0.401,0.651,-3.469172932,0.04,0.029,0.063,0.033,17.5,34.2,15,10.3
83,666129,"Garrett, Braxton",588,14.1,0.263,0.053,0.417,0.316,0.252,0.238,0.228,5,19,90,22.4,2238,90.7,91.4,7,32,51,0.7000000000000028,6.81,103,151,116,145,299,325,295,0.7,-0.7,69.2,6.7,19,12,4,1,0,0,7,36.8,0,0,1.53349,1.24771,0.54241,-0.33205,91.5,164,41.66666666666667,8.333333333333332,5.263157894736842,5.83,2.62,-0.3,2.89,0.263,1,-0.807228916,0.228,0.329,0.807228916,0.035,0.035,-0.013,0.014,21.9,43.2,15,6.5
799,679525,"Marsh, Alec",2161,37,0.208,0.175,0.265,0.383,0.303,0.31,0.211,32,154,88.3,24.9,2498,94.2,94.1,81,364,435,-0.1,6.19,113,148,117,150,297,324,298,2.8,-2.8,69.4,6.7,175,104,18,7,1,6,50,28.6,18,10.3,1.32011,1.24661,0.80393,-0.19472,90.9,195,38.46153846153847,11.538461538461538,6.857142857142858,5.67,1.91,0.16,2.79,0.303,12,-0.344931164,0.306,0.395,0.344931164,-0.003,-0.003,-0.012,-0.007,22.3,32.2,15,9.6
286,677161,"Kelly, Zack",957,29.9,0.25,0.094,0.349,0.344,0.347,0.4,0.277,16,64,90.6,5.7,2168,96.5,97.57,29,126,160,1.0999999999999943,7.01,113,150,120,148,284,321,298,-2.6,2.6,68.1,6.5,81,44,12,3,0,1,20,24.7,16,19.8,1.21388,1.245,0.8092,0.08598,91.3,179,38.63636363636363,13.636363636363637,7.4074074074074066,5.56,3.01,-0.01,2.65,0.407,6,0.896853147,0.429,0.481,-0.896853147,-0.027,-0.022,-0.137,-0.053,23,38,14.9,9.7
533,621244,"Berríos, José",2914,18.3,0.305,0.253,0.333,0.558,0.403,0.399,0.292,29,95,91.1,20.7,2160,94.1,94.16,43,228,305,0.10000000000000853,6.43,112,147,114,151,287,322,298,-5.4,5.4,68.6,6.7,108,76,19,2,2,6,20,18.5,10,9.3,1.34184,1.24362,0.79165,-0.39724,91.4,202,47.368421052631575,11.842105263157894,8.333333333333332,5.65,1.94,-0.21,2.96,0.383,9,1.014821764,0.371,0.562,-1.014821764,0.013,0.012,-0.004,0.004,18.9,40.1,14.9,9.5
398,641755,"Kinley, Tyler",1185,33.6,0.349,0.157,0.36,0.506,0.42,0.441,0.353,29,83,93.3,19.6,2365,95.9,94.98,20,175,223,-0.9,5.54,112,149,120,149,303,331,302,-8,8,70.1,7.2,99,77,20,7,0,2,6,6.1,16,16.2,1.2201,1.24259,0.3865,0.01834,92.9,179,42.857142857142854,10.38961038961039,8.080808080808081,6.47,0.96,-0.02,2.53,0.455,8,2.010552764,0.458,0.564,-2.010552764,-0.004,-0.003,-0.058,-0.021,11.4,44.6,14.9,4.6
116,527048,"Pérez, Martín",2204,5.3,0.458,0.458,0.45,0.917,0.606,0.561,0.365,11,24,92,19.1,2061,91.3,90.66,2,47,69,-0.6,5.91,106,150,115,147,307,325,292,-8.8,8.8,70.3,6.9,31,22,4,5,0,2,2,6.5,5,16.1,1.50103,1.23664,0.90164,-0.52922,93.8,200,50,22.727272727272727,16.129032258064516,5.76,0.89,-0.3,2.88,0.581,5,7.615517241,0.508,0.879,-7.615517241,0.093,0.073,0.038,0.045,4.3,47.9,14.8,10.8
139,641656,"Hamilton, Ian",619,22.5,0.154,0.115,0.167,0.269,0.234,0.264,0.187,4,26,90.3,26.3,2263,96.4,95.63,15,60,79,-0.8,5.88,112,150,114,152,292,323,289,3,-3,66.5,6.4,32,19,3,0,0,1,9,28.1,3,9.4,1.21957,1.23662,0.81209,-0.0459,90.4,187,31.57894736842105,5.263157894736842,3.125,6.01,2.59,0,2.82,0.25,1,-2.176258993,0.288,0.284,2.176258993,-0.033,-0.038,-0.015,-0.03,25,41.9,14.8,9.7
932,694297,"Pfaadt, Brandon",2793,33.4,0.265,0.201,0.292,0.466,0.346,0.369,0.278,54,204,90.4,21,2557,93.8,94.79,104,464,468,1,6.72,114,149,115,150,299,320,296,2.4,-2.4,69.9,6.8,227,163,32,12,1,9,42,18.5,22,9.7,1.34259,1.23548,0.46707,-0.09661,92,197,49.079754601226995,12.883435582822086,9.251101321585905,5.61,1.88,0.06,2.84,0.335,21,-0.261480687,0.348,0.51,0.261480687,-0.013,-0.013,-0.044,-0.023,22.4,29.8,14.8,5.6
710,669432,"Rogers, Trevor",2243,31.7,0.252,0.215,0.309,0.467,0.346,0.357,0.239,34,135,92.2,29.4,2432,91.9,92.22,81,346,364,0.29999999999999716,6.69,108,148,115,146,299,321,292,-1.3,1.3,69.3,6.7,163,102,15,13,2,4,39,23.9,21,12.9,1.48596,1.23525,0.98758,-0.59634,91.4,202,49.01960784313725,14.705882352941178,9.202453987730062,5.78,2.49,-0.06,3.02,0.346,15,0.18084507,0.338,0.499,-0.18084507,0.013,0.008,-0.032,-0.011,23.4,23,14.8,11.9
382,656550,"Holmes, Grant",1024,37.3,0.238,0.129,0.269,0.366,0.287,0.299,0.251,24,101,89.6,16,2308,94.6,94.14,40,197,185,-0.5,5.96,111,150,120,149,299,321,295,3.8,-3.8,70.2,6.9,108,81,17,4,0,3,20,18.5,6,5.6,1.30688,1.23458,0.54445,0.00435,91.6,186,39.50617283950617,3.7037037037037033,2.7777777777777777,5.99,2.19,-0.1,2.85,0.287,3,-0.995811518,0.3,0.378,0.995811518,-0.013,-0.013,-0.012,-0.012,20.3,41,14.8,6.5
623,489446,"Yates, Kirby",1027,60.7,0.113,0.097,0.175,0.21,0.208,0.216,0.128,14,124,88,21.3,2357,93.2,92.41,111,315,308,-0.8,6.03,115,150,117,150,298,324,298,17.6,-17.6,69.6,6.7,146,66,8,3,0,3,60,41.1,18,12.3,1.41157,1.23326,1.14358,0.09918,90,175,33.33333333333333,6.0606060606060606,2.739726027,5.28,2.45,0.14,2.62,0.228,4,-2.828892456,0.241,0.213,2.828892456,-0.015,-0.013,-0.003,-0.008,35.2,21.6,14.8,13.7
136,695076,"Lowder, Rhett",498,27.3,0.222,0,0.267,0.222,0.334,0.364,0.233,4,18,83,30.8,2349,93.5,93.19,15,54,82,-0.3,6.1,111,146,119,150,292,323,295,1.6,-1.6,68.3,6.5,25,15,4,0,0,0,3,12,7,28,1.37493,1.23235,0.86912,-0.33691,90.3,214,26.666666666666668,0,0,5.9,2.2,0.02,3.1,0.44,0,-1.173529412,0.447,0.316,1.173529412,-0.011,-0.007,-0.094,-0.03,27.8,35.7,14.8,10.4
1037,676664,"Sears, JP",2857,36.3,0.23,0.246,0.273,0.476,0.342,0.33,0.219,57,248,91.1,27.9,2087,91.9,92,139,542,495,0.1,6.41,109,150,119,148,299,323,295,-9,9,70.6,6.8,285,169,28,12,2,15,81,28.4,29,10.2,1.47526,1.23066,0.96799,-0.73743,91.5,193,48.52071006,14.792899408284024,8.771929824561402,4.94,1.15,-0.03,2.94,0.32,25,0.868659595,0.311,0.449,-0.868659595,0.011,0.009,0.027,0.012,25.6,28.7,14.8,11.6
484,694363,"Shuster, Jared",1290,37.5,0.274,0.212,0.294,0.487,0.358,0.357,0.267,31,113,90.8,18.8,2194,92.5,92.77,38,235,249,0.29999999999999716,6.45,109,149,116,148,296,324,294,-0.7,0.7,69.1,6.7,129,91,19,6,0,6,24,18.6,14,10.9,1.43529,1.23035,0.87601,-0.32469,91.5,193,41.75824175824176,10.989010989010987,7.751937984496124,5.53,1.44,0.19,2.63,0.349,10,0.147933884,0.343,0.489,-0.147933884,0.007,0.006,-0.002,0.001,16.2,37.7,14.8,10.5
708,677944,"Cecconi, Slade",1291,54.8,0.329,0.253,0.365,0.582,0.405,0.352,0.271,56,170,90.3,20.5,2356,94.4,94.78,59,359,349,0.3999999999999915,6.62,112,149,117,149,301,317,292,-11.1,11.1,69.4,6.8,185,136,33,13,0,10,36,19.5,11,5.9,1.34359,1.22634,1.16322,0.04121,91.5,195,41.17647058823529,13.970588235294118,10.27027027027027,5.64,1.87,0.04,2.82,0.373,19,1.563841808,0.324,0.488,-1.563841808,0.058,0.049,0.094,0.053,16.4,36.3,14.7,14
63,670174,"Winckowski, Josh",1240,5.1,0.167,0,0.333,0.167,0.147,0.166,0.174,3,18,87.5,5.2,2140,95.1,95.4,9,31,32,0.30000000000001137,6.43,115,149,127,149,280,318,300,-0.4,0.4,66.4,6.1,18,9,3,0,0,0,9,50,0,0,1.29508,1.2219,0.47397,-0.28952,90.3,180,44.44444444444444,0,0,6.1,1.47,-0.07,3.6,0.167,0,0.687301587,0.174,0.206,-0.687301587,-0.007,-0.007,-0.039,-0.019,29,52.9,14.7,5.7
1299,554430,"Wheeler, Zack",3134,41.4,0.209,0.186,0.259,0.395,0.306,0.3,0.204,53,253,89.9,22.4,2431,95.3,96.92,201,679,620,1.6000000000000083,7.24,111,148,115,149,292,324,294,16.4,-16.4,69.6,6.6,288,173,31,8,3,11,81,28.1,32,11.1,1.29381,1.21932,0.79502,-0.17884,90.8,194,41.61849710982659,11.560693641618498,6.944444444444445,5.26,2.1,0,2.93,0.302,20,-1.260662048,0.297,0.382,1.260662048,0.005,0.005,0.013,0.006,29.6,25.1,14.6,9.5
887,605400,"Nola, Aaron",3189,27.8,0.168,0.15,0.192,0.318,0.27,0.284,0.19,29,173,89.8,26.8,2307,92.5,93.57,87,389,498,1.0999999999999943,6.98,112,148,116,150,295,326,295,8.7,-8.7,70,6.9,201,126,15,8,0,6,48,23.9,26,12.9,1.45262,1.21908,0.99439,-0.1722,91.2,193,39.68253968253968,7.936507936507936,4.975124378109453,5.05,1.78,0.16,2.96,0.279,10,-0.981285231,0.3,0.321,0.981285231,-0.022,-0.021,-0.003,-0.014,22.4,20.2,14.6,11.9
85,630023,"Chirinos, Yonny",515,16.5,0.333,0.5,0.333,0.833,0.482,0.398,0.282,8,24,92.9,24,2192,93,92.61,13,45,40,-0.4,6.07,115,148,119,148,298,326,300,-4.9,4.9,68.1,6.4,27,18,3,1,1,3,7,25.9,2,7.4,1.41918,1.218,0.75388,-0.13671,92.1,229,38.88888888888889,22.22222222222222,14.814814814814811,6.62,1.55,0.12,3.57,0.37,4,5.804705882,0.331,0.629,-5.804705882,0.051,0.039,0.204,0.084,28.9,43.2,14.6,9
430,622554,"Domínguez, Seranthony",1064,40.4,0.222,0.235,0.231,0.457,0.339,0.323,0.213,18,81,84.1,25.3,2397,97.7,98.18,42,193,237,0.5,6.55,113,147,118,148,295,326,296,2.1,-2.1,70.4,6.9,93,58,11,1,0,6,23,24.7,11,11.8,1.17279,1.21584,0.38531,-0.09643,90.3,189,25.86206896551724,12.06896551724138,7.526881720430108,5.42,1.81,0.2,2.61,0.323,7,-0.49372093,0.314,0.421,0.49372093,0.009,0.009,0.036,0.016,21.8,28.4,14.6,4.6
224,518876,"Kelly, Merrill",1142,19.6,0.26,0.28,0.294,0.54,0.35,0.385,0.255,13,50,93.8,27.5,2387,91.9,91.66,20,98,126,-0.2,6.06,116,149,114,150,300,325,301,-1.5,1.5,68.7,6.9,52,37,5,5,0,3,13,25,2,3.8,1.48094,1.21138,0.68777,-0.1625,92.8,219,59.45945945945946,21.62162162162162,15.384615384615383,5.42,1.86,-0.21,2.47,0.288,8,0.679910714,0.284,0.638,-0.679910714,0.005,0.004,-0.098,-0.035,20.4,23.4,14.5,8.3
209,672335,"Pérez, Cionel",864,24.2,0.289,0.067,0.342,0.356,0.371,0.353,0.259,13,45,86.8,9.4,2134,96.5,95.96,20,98,111,-0.5,5.92,109,150,120,148,303,324,296,-3.2,3.2,67.4,6.5,58,38,10,3,0,0,7,12.1,13,22.4,1.23182,1.21038,0.52617,-0.22234,90.5,159,28.947368421052634,2.631578947368421,1.7241379310344829,5.55,1.47,-0.19,2.71,0.448,1,1.536363636,0.425,0.328,-1.536363636,0.03,0.023,0.028,0.018,20.4,36.6,14.5,6.3
139,670766,"McCaughan, Darren",714,19.5,0.243,0.162,0.286,0.405,0.326,0.326,0.22,9,37,89.3,26.6,2147,89.4,90.07,11,61,78,0.6999999999999886,6.68,111,146,123,149,298,319,299,1.8,-1.8,70.2,6.9,42,29,5,3,0,1,8,19,4,9.5,1.64144,1.2095,0.67302,-0.05921,92.8,204,44.827586206896555,10.344827586206897,7.142857142857142,5.35,2.49,-0.31,3.05,0.333,3,-1.291366906,0.313,0.427,1.291366906,0.023,0.02000000000000001,-0.022,0,18,31.1,14.5,8.1
146,595345,"Okert, Steven",616,23.7,0.424,0.212,0.448,0.636,0.479,0.454,0.371,14,33,92,19.5,2199,93,93.1,5,61,85,0.1,6.44,107,150,121,148,301,324,295,-5.9,5.9,69.2,6.8,37,30,10,2,1,1,3,8.1,4,10.8,1.43719,1.20719,0.6463,-0.36849,92.1,217,46.666666666666664,13.333333333333334,10.81081081081081,5.78,2.99,-0.12,2.77,0.486,4,4.038356164,0.439,0.623,-4.038356164,0.053,0.04699999999999998,0.013,0.025,8.2,32.7,14.5,7.7
128,552640,"Kittredge, Andrew",1029,12.4,0.211,0.132,0.25,0.342,0.263,0.24,0.204,8,38,85.3,23.7,2520,94,94.94,15,78,50,0.9000000000000057,6.7,116,145,110,148,299,318,299,3.7,-3.7,67.8,6.6,42,29,5,2,0,1,10,23.8,3,7.1,1.36047,1.20664,0.06008,-0.02732,91.1,189,24.13793103448276,3.4482758620689653,2.380952380952381,5.85,1.69,0.32,2.95,0.262,1,-2.8921875,0.256,0.288,2.8921875,0.007,0.006,0.054,0.023,19.2,42.6,14.5,0.7
270,670955,"Uceta, Edwin",672,40.2,0.133,0.044,0.273,0.178,0.19,0.187,0.122,6,45,84.2,35.3,2390,94.2,93.44,48,131,139,-0.8,6.13,107,148,116,149,298,328,298,6.4,-6.4,69.1,6.7,51,23,4,2,0,0,23,45.1,4,7.8,1.39126,1.20511,1.05663,-0.0133,90.2,193,34.78260869565217,4.3478260869565215,1.96078431372549,4.61,1.79,0,2.91,0.22,1,-2.371111111,0.21,0.182,2.371111111,0.011,0.01,-0.004,0.003,36.6,15,14.5,12.7
1217,641154,"López, Pablo",2986,40.8,0.208,0.144,0.251,0.352,0.271,0.308,0.241,55,264,90.2,18.5,2205,95,96.64,171,660,557,1.5999999999999943,7.14,111,148,117,150,296,324,296,15.1,-15.1,69.5,6.6,290,193,35,11,0,9,74,25.5,18,6.2,1.31586,1.20356,0.46786,-0.04146,91.3,192,46.11398964,8.808290155440414,5.862068965517241,5.57,1.69,-0.11,2.81,0.265,17,-1.238126541,0.296,0.411,1.238126541,-0.033,-0.031,-0.059,-0.037,25.9,37.5,14.4,5.6
865,656605,"Keller, Mitch",2851,30.3,0.257,0.143,0.344,0.4,0.321,0.327,0.246,45,175,89.8,17.4,2406,94.4,94.87,103,429,436,0.5,6.5,112,147,110,148,303,323,296,8.6,-8.6,68,6.5,196,125,28,12,2,3,51,26,18,9.2,1.35221,1.20132,0.75866,-0.18289,90.7,200,40,8.799999999999999,5.612244897959184,5.73,1.98,0.13,2.93,0.332,11,-0.992023121,0.326,0.407,0.992023121,0.011,0.006,-0.007,-0.006,24,33.4,14.4,9.1
54,472610,"García, Luis",898,6,0.286,0.143,0.364,0.429,0.353,0.315,0.265,4,14,90.7,10.4,2190,96.1,96.59,5,27,27,0.5,6.66,112,147,119,149,300,325,301,-1.7,1.7,64.1,6.5,16,11,2,2,0,0,3,18.8,2,12.5,1.27796,1.2013,0.48574,-0.11833,91.6,165,45.45454545454545,0,0,6.28,2.32,-0.06,3.2,0.375,0,3.155555556,0.357,0.335,-3.155555556,0.021,0.01800000000000001,0.094,0.038,18.5,46.3,14.4,5.8
213,696131,"Black, Mason",663,32.1,0.333,0.214,0.423,0.548,0.425,0.438,0.316,14,42,94.7,21,2131,92.4,93.33,26,110,103,0.8999999999999915,6.8,109,148,120,150,294,322,298,-6.2,6.2,69,6.7,52,29,11,0,0,3,14,26.9,8,15.4,1.46808,1.19986,1.03404,-0.18502,91.2,202,48.27586206896552,10.344827586206897,5.769230769230769,5.19,1.97,0.15,3.16,0.442,3,2.891549296,0.435,0.588,-2.891549296,0.017,0.007,-0.04,-0.013,23.6,24.7,14.4,12.4
271,543294,"Hendricks, Kyle",2135,12.7,0.237,0.316,0.261,0.553,0.412,0.412,0.239,9,38,93.5,21.3,2087,87.7,86.82,18,86,185,-0.9,5.61,118,149,112,153,297,325,298,-3.9,3.9,68.5,6.6,49,26,3,3,0,3,12,24.5,10,20.4,1.75347,1.19823,0.49978,-0.26546,91.6,198,53.84615384615385,23.076923076923077,12.244897959183673,5.9,2.78,-0.28,2.98,0.408,6,1.421771218,0.41,0.557,-1.421771218,-0.002,-0.002,-0.004,0,20.9,40.8,14.4,6
185,664350,"Sánchez, Sixto",621,29.8,0.267,0.167,0.292,0.433,0.404,0.372,0.236,8,30,95.1,9.6,2119,93.8,93.17,8,77,108,-0.6,6.01,110,148,115,147,295,317,294,-2,2,68.3,6.7,41,25,5,2,0,1,5,12.2,10,24.4,1.40789,1.19768,0.60897,-0.08897,91.8,182,64,4,2.4390243902439024,5.98,2.38,0.1,2.77,0.463,1,1.096756757,0.441,0.362,-1.096756757,0.031,0.022,0.071,0.032,10.4,37.7,14.4,7.3
393,687863,"Hodge, Porter",642,61.2,0.174,0.116,0.213,0.291,0.275,0.298,0.199,15,86,91.3,12.2,2409,95.5,97.52,37,178,215,2,7.27,114,151,117,152,302,325,294,1.9,-1.9,69.8,6.8,102,63,10,2,1,2,23,22.5,15,14.7,1.28827,1.19718,-0.03891,-0.01391,91.4,166,41.269841269841265,4.761904761904762,2.941176470588235,5.76,2.66,-0.08,2.53,0.304,3,-0.473791349,0.324,0.323,0.473791349,-0.025,-0.02,-0.032,-0.023,20.8,43,14.4,0.5
503,640462,"Puk, A.J.",1173,42.9,0.145,0.051,0.239,0.197,0.19,0.192,0.147,17,117,84.9,22.9,2265,95.6,96.6,83,264,239,1,7.06,108,148,116,147,298,319,294,9,-9,69.5,6.8,127,71,11,6,0,0,46,36.2,10,7.9,1.31781,1.19716,0.89044,-0.38169,90.3,186,30.985915492957744,1.4084507042253522,0.7874015748031495,5.54,3.13,-0.16,2.85,0.213,1,-1.789264414,0.214,0.2,1.789264414,-0.002,-0.001,-0.003,-0.002,31.4,27.6,14.4,10.7
381,593958,"Rodriguez, Eduardo",866,44,0.257,0.23,0.314,0.486,0.367,0.377,0.266,19,74,91,20.2,2267,92,92.28,49,183,198,0.29999999999999716,6.29,110,151,117,148,304,327,298,0.7,-0.7,68.8,6.6,87,55,8,8,0,3,20,23,11,12.6,1.48286,1.19472,0.49869,-0.30955,91.5,185,52.72727272727272,16.363636363636363,10.344827586206897,5.87,1.4,-0.05,2.68,0.36,9,-0.186614173,0.368,0.503,0.186614173,-0.009,-0.008,-0.017,-0.01,26.8,39.4,14.3,6
437,681857,"Olson, Reese",1853,23.6,0.277,0.109,0.301,0.386,0.324,0.357,0.289,28,101,92.3,13.4,2228,94.2,93.38,20,199,238,-0.8,5.89,116,146,118,150,288,328,303,-0.2,0.2,69.5,6.9,117,86,23,2,0,3,18,15.4,12,10.3,1.38297,1.19432,0.85002,-0.67112,91.8,178,47.674418604651166,6.976744186046512,5.128205128205128,6.05,2.68,-0.21,2.43,0.35,6,0.053318078,0.365,0.452,-0.053318078,-0.012,-0.015,-0.066,-0.033,10.1,39.1,14.3,10.2
1153,663623,"Irvin, Jake",3046,37.9,0.204,0.177,0.244,0.381,0.279,0.294,0.217,54,265,90.6,19.3,2377,93.9,95.39,137,583,570,1.5,7.06,116,147,117,148,302,326,300,-2.9,2.9,68.9,6.6,287,189,30,12,1,11,78,27.2,20,7,1.38394,1.19391,0.83914,-0.17302,91.5,199,44.97354497354497,11.64021164021164,7.665505226480835,5.77,2.16,0.11,3.03,0.26,22,0.247701648,0.272,0.406,-0.247701648,-0.013,-0.012,-0.025,-0.015,23.5,29.7,14.3,10.1
358,607536,"Freeland, Kyle",1769,20.2,0.322,0.2,0.316,0.522,0.374,0.348,0.298,29,90,88.9,22.4,2355,91.6,92.42,12,179,179,0.8000000000000114,6.67,114,150,123,147,305,331,300,-5.9,5.9,70.5,6.9,94,83,20,4,1,4,7,7.4,4,4.3,1.51651,1.19101,0.62972,-0.41106,91.5,170,38.55421686746988,7.228915662650602,6.382978723404255,5.9,2.36,-0.34,2.7,0.351,6,1.650837989,0.328,0.479,-1.650837989,0.024,0.02299999999999996,0.043,0.026,6.7,30.8,14.3,7.6
354,669084,"Hall, DL",782,45.3,0.395,0.158,0.429,0.553,0.45,0.376,0.279,30,76,85.1,14.1,2133,93.3,94.33,20,161,193,1,6.88,108,151,120,147,302,320,296,-5.5,5.5,67.8,6.7,93,66,24,3,0,3,11,11.8,14,15.1,1.42822,1.19056,0.54444,-0.27669,91.8,151,39.39393939393939,9.090909090909092,6.451612903225806,5.48,2.8,-0.14,2.63,0.489,6,1.558474576,0.395,0.458,-1.558474576,0.116,0.094,0.095,0.074,12.4,41.5,14.3,6.5
272,607455,"Banda, Anthony",774,35.1,0.231,0.185,0.24,0.415,0.31,0.331,0.243,15,65,90.4,18.9,2184,96.1,96.21,32,151,121,0.10000000000000853,6.36,109,151,120,147,300,315,290,3.1,-3.1,70.2,6.7,73,53,10,1,1,3,13,17.8,7,9.6,1.27938,1.19015,0.81077,-0.50055,91.3,191,47.16981132075472,9.433962264150944,6.8493150684931505,5.5,2.69,-0.01,3.05,0.301,5,-1.151102941,0.313,0.454,1.151102941,-0.012,-0.012,-0.039,-0.021,21.2,35.8,14.3,9.7
346,686826,"Jarvis, Bryce",1006,34.4,0.214,0.071,0.25,0.286,0.313,0.397,0.29,15,70,94.1,10.5,2107,95.7,95.07,26,173,173,-0.6,5.99,113,147,122,148,296,315,290,7.1,-7.1,69.4,6.6,88,57,12,2,0,1,13,14.8,17,19.3,1.30517,1.19009,0.72653,-0.03445,91.6,182,47.368421052631575,5.263157894736842,3.4090909090909087,5.79,2.11,0.07,2.74,0.375,3,-2.053757225,0.435,0.458,2.053757225,-0.076,-0.06,-0.172,-0.084,15,40.2,14.3,8.7
56,593974,"Peralta, Wandy",613,9.1,0.417,0.583,0.429,1,0.607,0.495,0.324,5,12,93.2,22.4,2162,95.4,94.06,4,26,30,-1.3,5.58,112,151,121,149,299,325,288,-3.3,3.3,69.3,6.9,14,9,2,1,0,2,3,21.4,2,14.3,1.32625,1.18821,0.9675,-0.67179,91.9,227,44.44444444444444,33.33333333333333,21.428571428571427,6.21,0.21,-0.25,2.9,0.5,3,5.876785714,0.421,0.786,-5.876785714,0.093,0.079,0.214,0.112,15.4,45.8,14.3,11.6
232,571656,"Farmer, Buck",1170,19.8,0.208,0.188,0.211,0.396,0.311,0.354,0.249,10,48,90.9,26.3,2362,92.7,92.32,16,106,126,-0.4,6.07,115,146,122,149,291,320,294,1.8,-1.8,69.1,6.8,55,40,5,3,0,2,8,14.5,7,12.7,1.46922,1.18509,0.97198,-0.51009,92.1,201,47.5,10,7.272727272727272,5.82,1,0,3.12,0.309,4,-0.783189655,0.345,0.473,0.783189655,-0.041,-0.036,-0.077,-0.043,15.1,32.7,14.2,11.7
99,493603,"Ottavino, Adam",1003,9.9,0.118,0.029,0.308,0.147,0.132,0.131,0.105,4,34,89.2,16,2368,93.2,94.44,16,46,53,1.2000000000000028,7,115,148,126,150,298,325,298,1.8,-1.8,69.8,6.7,35,13,3,1,0,0,21,60,0,0,1.4399,1.18495,0.75333,-0.13253,91.2,180,46.15384615384615,7.6923076923076925,2.857142857142857,5.49,2.67,0.26,2.65,0.143,1,-1.818181818,0.13,0.161,1.818181818,0.013,0.01299999999999998,-0.014,0.001,34.8,27,14.2,9
467,663362,"Waldron, Matt",2450,19.1,0.265,0.248,0.325,0.513,0.357,0.327,0.247,31,117,89.8,19.2,2061,90.7,91.27,53,237,230,0.5999999999999943,6.69,116,149,117,151,295,324,298,-7.2,7.2,68.7,6.7,128,84,15,9,1,6,34,26.6,9,7,1.5931,1.18475,0.75856,-0.11942,91.6,189,45.23809523809524,10.714285714285714,7.03125,5.51,1.41,-0.02,2.88,0.323,9,1.548179872,0.307,0.449,-1.548179872,0.018,0.01600000000000001,0.064,0.03,22.4,28.5,14.2,9.1
194,624522,"Thompson, Keegan",538,36.1,0.195,0.244,0.222,0.439,0.326,0.343,0.211,8,41,93.9,21.4,2515,93.5,93.58,27,100,94,0.1,6.19,113,150,117,151,299,323,295,0.4,-0.4,68.8,6.7,49,29,3,2,1,2,12,24.5,7,14.3,1.40933,1.18474,0.1681,-0.00429,91.8,207,41.37931034482759,17.24137931034483,10.20408163265306,5.82,2.64,-0.12,2.84,0.313,5,-0.214948454,0.326,0.463,0.214948454,-0.016,-0.013,-0.024,-0.017,27,37.1,14.2,2
316,621053,"Ferguson, Tyler",819,38.6,0.205,0.154,0.361,0.359,0.3,0.281,0.166,16,78,88.2,29.3,2350,95.9,95.32,53,165,151,-0.6,6.04,114,147,120,149,297,324,298,-1.6,1.6,69.6,6.8,90,39,10,3,0,3,39,43.3,11,12.2,1.3143,1.17247,0.82991,0.00155,90.6,200,38.46153846153847,15.384615384615383,6.666666666666667,5.93,3.33,-0.33,2.76,0.311,6,0.509493671,0.277,0.349,-0.509493671,0.039,0.03399999999999997,0.01,0.019,32.1,28.5,14.1,10
82,622786,"Tinoco, Jesus",644,12.7,0.316,0.421,0.364,0.737,0.476,0.506,0.341,6,19,95.6,14.6,2359,96.4,96.03,10,48,34,-0.4,6.19,113,146,119,149,293,321,301,-3,3,69.6,6.8,22,13,2,2,0,2,6,27.3,2,9.1,1.29183,1.17207,0.89512,-0.42659,91.9,209,46.15384615384615,30.76923076923077,18.181818181818183,5.35,1.85,-0.02,2.75,0.409,4,3.603658537,0.43,0.795,-3.603658537,-0.025,-0.021,-0.058,-0.03,20.8,26.2,14.1,10.7
219,571578,"Corbin, Patrick",2888,7.6,0.311,0.267,0.297,0.578,0.394,0.409,0.346,14,45,91.9,13.9,2128,91.3,92.17,12,90,129,0.9000000000000057,6.77,110,150,117,146,302,323,297,-4.8,4.8,69.7,6.8,50,40,8,3,0,3,6,12,4,8,1.56274,1.16913,0.68895,-0.341,92.5,185,45,10,8,6.34,2.32,-0.15,2.91,0.36,4,2.17260274,0.393,0.565,-2.17260274,-0.035,-0.033,0.013,-0.015,13.3,41.4,14,8.3
849,680767,"Vodnik, Victor",1341,63.3,0.291,0.16,0.338,0.451,0.369,0.382,0.289,51,175,92,7.6,2279,97.9,99.15,70,385,464,1.1999999999999886,6.76,113,149,121,148,304,331,303,-4.4,4.4,67.4,6.6,203,139,38,4,3,6,36,17.7,28,13.8,1.19344,1.16673,0.54025,0.06522,92.1,181,51.07913669064749,10.071942446043163,6.896551724137931,5.42,2.07,0,2.8,0.389,14,0.516489988,0.387,0.486,-0.516489988,0.002,0.002,-0.035,-0.013,18.2,46.4,14,6.5
104,663992,"Lovelady, Richard",528,19.7,0.4,0.28,0.444,0.68,0.478,0.505,0.41,10,25,93.6,10.9,2344,92.4,93.9,13,54,50,1.5,7.23,105,152,117,148,305,329,297,-0.8,0.8,71.5,6.9,27,20,7,1,0,2,5,18.5,2,7.4,1.51385,1.16337,0.80462,-0.55635,93.2,181,70,20,14.814814814814811,5.28,2.42,0.17,2.72,0.444,4,0.7875,0.454,0.741,-0.7875,-0.01,-0.01,-0.061,-0.027,24.1,20.3,14,9.6
249,686563,"Cannon, Jonathan",2028,12.3,0.25,0.161,0.343,0.411,0.309,0.27,0.202,14,56,90,30.3,2195,94.3,93.87,30,119,130,-0.4,6.09,113,148,119,150,294,327,299,-5.9,5.9,68.1,6.4,60,37,10,1,1,2,19,31.7,3,5,1.40727,1.16245,0.75831,-0.41012,90.5,196,32.432432432432435,10.81081081081081,6.666666666666667,5.95,2.21,-0.04,3.38,0.3,4,2.378714859,0.255,0.361,-2.378714859,0.048,0.04499999999999998,0.05,0.039,25.2,28.4,13.9,9.1
88,680694,"Bradish, Kyle",674,13.1,0.364,0.182,0.571,0.545,0.41,0.371,0.294,4,11,89.4,28.4,2413,94.5,95.27,6,22,66,0.7999999999999972,6.6,121,150,116,151,298,327,299,-0.8,0.8,67.2,6.6,12,7,3,0,1,0,4,33.3,1,8.3,1.3808,1.16045,-0.25149,0.07816,90.2,235,57.14285714285714,14.285714285714285,8.333333333333332,6.37,0.99,0.17,3,0.417,1,0.944318182,0.353,0.507,-0.944318182,0.07,0.064,0.038,0.039,27.3,58.9,13.9,3
1368,571760,"Heaney, Andrew",2731,50.1,0.23,0.182,0.275,0.412,0.317,0.33,0.236,63,274,90.5,24.5,2401,91.5,91.45,135,634,734,-0.1,6.49,110,151,118,148,301,325,297,3.4,-3.4,70,6.7,311,201,36,15,1,11,76,24.4,30,9.6,1.58879,1.15735,1.30458,-0.73433,91.1,196,43.78109452736319,8.955223880597014,5.787781350482315,4.99,2.97,-0.03,2.85,0.313,18,-0.248172515,0.32,0.43,0.248172515,-0.006,-0.007,-0.018,-0.013,21.3,28.8,13.9,15.7
256,571510,"Boyd, Matthew",669,38.3,0.15,0.1,0.2,0.25,0.243,0.27,0.192,6,40,91.4,30.1,2342,92,92.1,31,126,130,0.1,6.36,109,152,124,148,299,323,301,2.7,-2.7,69.2,6.7,48,26,4,1,0,1,15,31.3,6,12.5,1.53926,1.15566,0.9541,-0.71637,90.3,186,46.15384615384615,3.8461538461538463,2.083333333333333,5.49,2.17,0.06,2.93,0.271,1,-1.0671875,0.306,0.281,1.0671875,-0.042,-0.035,-0.031,-0.027,24.6,26.3,13.9,11.4
161,571670,"Floro, Dylan",1018,15.8,0.186,0.093,0.226,0.279,0.242,0.31,0.248,8,43,90.3,20,2154,89.8,90.11,15,77,84,0.29999999999999716,6.5,112,148,121,148,301,324,297,1.1,-1.1,66.9,6.6,47,32,6,1,0,1,11,23.4,4,8.5,1.6741,1.15565,0.74752,0.02876,92.5,175,46.875,6.25,4.255319149,6.02,3.36,0.15,3.18,0.255,2,-0.710559006,0.312,0.392,0.710559006,-0.062,-0.057,-0.113,-0.068,19.5,37.6,13.9,9
105,663568,"Kolek, Stephen",797,13.2,0.2,0.05,0.364,0.25,0.195,0.211,0.225,4,20,79.1,10.5,2257,95.8,95.83,17,63,42,0,6.33,114,148,121,150,296,326,298,2.1,-2.1,66.9,6.4,20,11,3,1,0,0,9,45,0,0,1.3319,1.15533,0.49552,-0.00352,89.5,194,18.181818181818183,0,0,5.53,1.88,0.21,3.06,0.2,0,-1.99047619,0.225,0.255,1.99047619,-0.025,-0.025,-0.005,-0.016,27,38.9,13.9,5.9
304,663574,"Santillan, Tony",504,60.3,0.203,0.203,0.278,0.406,0.297,0.265,0.181,14,69,87.4,22.9,2362,97.2,96.79,52,171,133,-0.4,6.07,112,147,122,148,295,323,291,4.4,-4.4,69.3,6.6,76,40,8,2,0,4,29,38.2,7,9.2,1.25859,1.15516,0.83546,0.13572,90.7,201,42.5,10,5.263157894736842,5.45,2.35,0.06,2.88,0.276,4,-1.458881579,0.257,0.34,1.458881579,0.022,0.01900000000000001,0.066,0.032,30.4,27.8,13.9,10
1021,657746,"Ryan, Joe",2106,48.5,0.194,0.185,0.252,0.379,0.271,0.265,0.191,45,232,89.3,29.7,2276,94,94.81,148,539,482,0.7999999999999972,6.84,113,148,118,149,296,324,294,13.8,-13.8,69.2,6.7,253,155,22,11,4,8,80,31.6,15,5.9,1.43465,1.15402,0.98178,0.0497,91.3,197,41.935483870967744,10.967741935483872,6.719367588932807,4.74,2.48,0.18,2.9,0.249,17,-1.348383937,0.249,0.354,1.348383937,0.003,0,0.025,0.006,27.5,25.6,13.8,11.8
196,623211,"Brazobán, Huascar",899,21.8,0.147,0.029,0.185,0.176,0.224,0.301,0.234,5,34,82.2,13.7,2199,96.6,95.85,14,92,104,-0.7,5.91,116,149,122,150,299,327,298,0.6,-0.6,69.4,7,40,27,4,1,0,0,7,17.5,5,12.5,1.2949,1.15342,0.7827,-0.05046,90.5,172,29.629629629629623,0,0,5.81,1.6,-0.04,2.55,0.275,0,-0.281122449,0.349,0.293,0.281122449,-0.087,-0.074,-0.117,-0.077,15.2,37.7,13.8,9.4
325,663485,"Sands, Cole",1154,28.2,0.198,0.111,0.286,0.309,0.242,0.266,0.186,16,81,93,23.4,2296,95.7,94.6,54,173,152,-1.1,5.72,111,148,117,148,297,323,294,3,-3,69.3,6.7,87,51,11,3,0,2,31,35.6,4,4.6,1.34169,1.15329,0.95388,0.13252,91.5,215,43.13725490196079,11.76470588235294,6.896551724137931,5.8,2.61,-0.01,2.77,0.241,6,-0.922461538,0.232,0.387,0.922461538,0.012,0.009,-0.078,-0.024,31.2,27.3,13.8,11.5
941,572020,"Paxton, James",1708,55.1,0.264,0.167,0.272,0.431,0.35,0.368,0.269,57,216,91.1,17,2089,93.2,93.74,68,472,469,0.5,6.54,110,152,121,148,301,318,291,-0.8,0.8,70,6.6,260,190,38,10,1,8,32,12.3,37,14.2,1.4686,1.15003,0.87923,-0.60852,92,184,46.31578947368421,9.473684210526317,6.923076923076923,6.06,2.26,-0.12,3.13,0.368,18,0.084165781,0.379,0.443,-0.084165781,-0.005,-0.011,-0.012,-0.018,14.4,41.8,13.8,10.5
511,607067,"Rea, Colin",2650,19.3,0.207,0.107,0.308,0.314,0.27,0.297,0.234,29,140,89.2,20.3,2173,92.9,93.65,70,282,229,0.6999999999999886,6.64,111,148,122,148,304,322,298,1.4,-1.4,70.4,6.7,157,92,17,10,1,1,49,31.2,11,7,1.48409,1.14933,0.54149,-0.0669,91,190,38.04347826086957,7.608695652173914,4.458598726,5.57,1.99,0.05,2.9,0.287,7,-0.278082192,0.311,0.351,0.278082192,-0.027,-0.024,-0.037,-0.027,24.8,33.7,13.8,6.5
165,666745,"Brito, Jhony",628,26.3,0.211,0.184,0.194,0.395,0.268,0.299,0.235,8,38,91.8,20.5,2139,96.3,96.3,11,72,93,0,6.29,114,149,118,150,297,327,294,-3.9,3.9,69.8,6.8,39,33,5,1,0,2,5,12.8,1,2.6,1.31738,1.14527,0.92867,0.00212,92.6,190,48.48484848484848,15.151515151515152,12.82051282051282,6.19,1.25,0.28,3.04,0.231,5,2.35030303,0.255,0.447,-2.35030303,-0.024,-0.024,-0.052,-0.031,15.3,53.6,13.7,11.1
117,682990,"Priester, Quinn",811,14.4,0.4,0,0.5,0.4,0.376,0.362,0.338,10,25,91.2,12.5,2233,93,93.49,11,59,58,0.5,6.41,110,147,105,148,298,321,294,-0.7,0.7,69.7,6.8,29,20,10,0,0,0,6,20.7,2,6.9,1.4753,1.14462,0.45838,-0.09393,91.3,167,35,0,0,5.96,1.15,0.06,2.92,0.448,0,0.599145299,0.409,0.399,-0.599145299,0.062,0.03900000000000003,0.001,0.014,18.6,42.9,13.7,5.5
331,676106,"Hancock, Emerson",1014,32.6,0.253,0.19,0.262,0.443,0.337,0.402,0.319,20,79,92.8,24.6,2387,93.4,93.62,42,186,145,0.19999999999998863,6.44,112,148,117,149,292,324,293,2.4,-2.4,70.5,6.8,88,65,13,3,0,4,14,15.9,8,9.1,1.47284,1.14414,1.07169,-0.19713,91.8,206,56.92307692307692,10.76923076923077,7.954545454545454,5.64,1.7,-0.03,2.88,0.33,7,-0.713293051,0.388,0.545,0.713293051,-0.066,-0.058,-0.102,-0.065,22.6,29,13.7,12.9
192,605452,"Ross, Joe",1197,16,0.288,0.212,0.4,0.5,0.367,0.324,0.231,15,52,93.5,21,2121,94.8,95.56,28,102,90,0.7999999999999972,6.73,111,147,120,148,302,322,300,-4.7,4.7,69.9,6.7,57,33,10,2,0,3,19,33.3,5,8.8,1.39302,1.14406,0.49057,-0.14151,91.9,191,54.54545454545454,15.151515151515152,8.771929824561402,5.73,2.19,0.12,3.14,0.351,5,2.465625,0.299,0.45,-2.465625,0.057,0.052,0.05,0.043,27.5,34.9,13.7,5.9
753,571945,"Mikolas, Miles",2705,27.8,0.287,0.159,0.313,0.446,0.332,0.334,0.269,45,157,90.8,20.5,2253,93.2,93.27,72,405,348,0.1,6.32,114,148,112,149,302,321,301,0.8,-0.8,70.1,6.8,169,135,28,13,0,4,24,14.2,9,5.3,1.48122,1.14262,0.5192,-0.04467,91.6,186,51.85185185185185,7.4074074074074066,5.9171597633136095,6.41,2.68,0.05,2.8,0.325,10,-0.1124834,0.312,0.463,0.1124834,0.018,0.01300000000000001,-0.017,-0.002,17.8,41.8,13.7,6.2
160,605347,"López, Jorge",802,20,0.217,0.217,0.233,0.435,0.309,0.319,0.225,10,46,94.9,15.4,2022,95.6,95.89,14,84,76,0.30000000000001137,6.45,116,149,115,152,292,322,298,3,-3,70.5,6.9,50,33,6,1,0,3,13,26,4,8,1.35275,1.14238,0.91062,-0.48037,93.2,176,54.54545454545454,15.151515151515152,10,5.76,1.74,0.01,2.61,0.28,5,-1.845,0.287,0.453,1.845,-0.008,-0.007,-0.018,-0.01,16.7,35.9,13.7,10.9
134,679885,"Martinez, Justin",1177,11.4,0.217,0.13,0.308,0.348,0.309,0.304,0.228,5,23,82.9,15.7,2230,100.5,100.46,19,72,62,0,6.32,115,147,120,148,294,317,296,0.1,-0.1,64.8,6.2,28,15,4,0,0,1,9,32.1,4,14.3,1.12075,1.14142,0.73022,-0.17664,90.5,184,53.333333333333336,0,0,6.24,2.75,-0.1,3.03,0.333,0,-0.069402985,0.342,0.324,0.069402985,-0.011,-0.009,0.024,0.005,26.4,40,13.7,8.8
280,641745,"Keller, Brad",743,37.7,0.295,0.128,0.313,0.423,0.349,0.329,0.25,23,78,84.9,6.6,2242,93.8,93.75,18,137,143,-0.1,6.11,111,149,120,149,291,321,296,-0.5,0.5,69.1,6.8,87,69,17,4,0,2,9,10.3,8,9.2,1.43807,1.14118,-0.07344,0.00409,91.4,149,34.78260869565217,5.797101449275362,4.597701149425287,6.33,1.3,-0.13,2.6,0.368,4,0.191071429,0.328,0.41,-0.191071429,0.045,0.04,0.013,0.02,13.1,48.6,13.7,0.9
79,686539,"Cronin, Declan",1096,7.2,0.08,0.04,0.2,0.12,0.13,0.122,0.077,2,25,88.4,16.9,2650,93.9,93.16,16,38,41,-0.7,5.9,109,146,117,147,298,326,299,1.5,-1.5,66.2,6.3,27,10,1,1,0,0,15,55.6,2,7.4,1.45228,1.13797,0.80215,-0.0538,89.8,183,30,0,0,5.29,1.88,-0.31,3.33,0.148,0,-1.887341772,0.145,0.097,1.887341772,0.003,0.003,0.023,0.008,42.1,22,13.7,9.6
500,676395,"Garcia, Robert",946,52.9,0.254,0.119,0.375,0.373,0.309,0.268,0.208,30,118,88.6,19.9,2226,94.5,95.01,64,254,246,0.5,6.65,112,148,117,148,299,323,298,-3.5,3.5,69.1,6.7,131,76,22,5,0,3,43,32.8,11,8.4,1.42408,1.13558,0.88226,0.05906,91,188,40.78947368421053,5.263157894736842,3.0534351145038165,5.61,3.71,0.2,2.63,0.323,4,0.6904,0.281,0.314,-0.6904,0.046,0.042,0.059,0.041,25.2,24.3,13.6,10.6
129,670990,"Ramírez, Yohan",768,16.8,0.226,0.097,0.292,0.323,0.329,0.295,0.197,7,31,83.2,13.1,2338,94.8,96.18,14,68,61,1.4000000000000057,7.11,109,144,113,149,289,317,298,2.8,-2.8,67.1,6.5,40,25,5,1,1,0,7,17.5,6,15,1.40628,1.1338,0.87845,-0.67829,90.2,160,24,4,2.5,5.05,2.55,0.18,2.66,0.385,1,-2.206976744,0.361,0.243,2.206976744,0.029,0.024,0.08,0.034,20.6,22.9,13.6,10.5
94,596001,"Junis, Jakob",943,10,0.1,0,0.143,0.1,0.108,0.174,0.162,3,30,87.3,20.3,2218,92.5,92.42,12,51,43,-0.1,6.16,117,149,126,150,295,322,294,2.9,-2.9,71.1,6.9,31,21,3,0,0,0,9,29,1,3.2,1.5267,1.13117,0.46479,-7.4e-4,91.2,187,19.047619047619047,0,0,5.61,2.15,-0.02,3.16,0.129,0,-3.035106383,0.189,0.197,3.035106383,-0.062,-0.06,-0.097,-0.066,23.5,28.7,13.6,5.6
376,623149,"Sewald, Paul",629,59.8,0.253,0.232,0.306,0.484,0.342,0.325,0.237,24,95,92.3,31.5,2515,91.4,91.61,52,214,162,0.19999999999998863,6.48,116,149,122,150,299,315,293,-2.3,2.3,70.1,6.8,105,67,12,7,0,5,29,27.6,7,6.7,1.61146,1.12481,0.8833,-0.1117,91.7,206,47.76119402985074,11.940298507462686,7.6190476190476195,4.43,3.6,-0.05,3.08,0.314,8,0.618085106,0.3,0.454,-0.618085106,0.016,0.01400000000000001,0.03,0.017,24.3,14.5,13.5,10.6
81,663704,"McArthur, James",904,9,0.167,0.167,0.143,0.333,0.237,0.302,0.225,3,18,87.8,15.8,2404,94.7,95.75,7,41,40,1,6.83,115,146,114,150,292,322,301,-0.1,0.1,67.6,6.4,19,15,2,0,0,1,3,15.8,1,5.3,1.41222,1.12407,0.82926,-0.60778,90.5,185,26.666666666666668,6.666666666666667,5.263157894736842,5.8,2.41,0.04,3.12,0.211,1,0.166666667,0.265,0.433,-0.166666667,-0.058,-0.054,-0.1,-0.065,17.1,32.3,13.5,10
306,662253,"Muñoz, Andrés",951,32.2,0.172,0.172,0.171,0.345,0.311,0.338,0.21,10,58,87.7,0.5,2258,98.4,99.14,32,139,167,0.6999999999999886,6.7,113,149,114,148,291,319,293,0.6,-0.6,66.7,6.6,72,44,6,1,0,3,14,19.4,12,16.7,1.23039,1.12405,0.9732,-0.02013,90.4,178,31.818181818181817,9.090909090909092,5.555555555555555,5.23,1.95,-0.19,2.9,0.333,4,-0.191503268,0.364,0.379,0.191503268,-0.038,-0.031,-0.034,-0.027,23,28.2,13.5,11.7
496,656849,"Peterson, David",1871,26.5,0.22,0.046,0.316,0.266,0.267,0.321,0.246,24,109,86.2,17,2143,93.1,94.55,72,251,245,1.4000000000000057,7.11,110,151,125,149,303,325,294,2.3,-2.3,68.2,6.4,125,76,19,5,0,0,34,27.2,14,11.2,1.50665,1.12177,0.5501,-0.38053,90.2,190,34.21052631578947,10.526315789473683,6.4,6.1,2.35,-0.01,3.29,0.312,8,-0.461491935,0.338,0.37,0.461491935,-0.026,-0.026,-0.104,-0.054,28.7,39.8,13.5,6.6
720,592351,"Gray, Jon",1620,44.4,0.311,0.131,0.365,0.443,0.356,0.372,0.305,57,183,92.3,10.8,2029,94.9,95.35,57,381,339,0.3999999999999915,6.6,113,149,117,150,299,326,299,-7.2,7.2,70,6.7,201,151,42,9,3,3,32,15.9,18,9,1.41651,1.12033,0.85521,-0.09118,92.7,174,50.99337748344371,9.933774834437086,7.462686567164178,5.51,1.7,-0.02,2.6,0.373,15,0.993472222,0.368,0.491,-0.993472222,0.006,0.005,-0.048,-0.016,15,30.3,13.4,10.3
335,663903,"Singer, Brady",2967,11.3,0.326,0.283,0.316,0.609,0.409,0.431,0.344,15,46,90.8,12.5,2361,91.6,93.19,23,117,218,1.6000000000000083,7,116,147,118,150,294,323,298,-5.2,5.2,67.6,6.5,49,42,8,4,0,3,5,10.2,1,2,1.57779,1.11755,0.48985,-0.24937,91.7,178,45.23809523809524,11.904761904761903,10.20408163265306,5.31,1.36,0.04,3.08,0.354,5,1.546268657,0.371,0.645,-1.546268657,-0.018,-0.017,-0.036,-0.022,19.7,29.9,13.4,5.9
549,680885,"Schwellenbach, Spencer",1887,29.1,0.24,0.208,0.291,0.448,0.309,0.329,0.273,30,125,90,15.5,2264,96.1,97.1,57,278,271,1,6.71,114,150,123,149,300,321,295,1.2,-1.2,69.5,6.7,132,92,16,7,2,5,34,25.8,6,4.5,1.33929,1.11709,0.47672,0.0016,91.6,191,47.82608695652174,7.608695652173914,5.303030303030303,5.5,2.55,0.14,2.65,0.275,7,-0.21712204,0.307,0.452,0.21712204,-0.033,-0.032,-0.004,-0.02,20.5,31.8,13.4,5.7
34,674285,"Salazar, Eduardo",494,6.9,0.167,0,0.25,0.167,0.147,0.303,0.314,1,6,89.1,5,2224,95.4,96.26,4,16,18,0.8999999999999915,6.78,120,148,122,150,299,322,298,0.7,-0.7,68.8,6.3,6,4,1,0,0,0,2,33.3,0,0,1.38824,1.11706,0.88382,-0.44735,91.3,203,50,0,0,5.7,1.78,0.17,3.13,0.167,0,-2.035294118,0.314,0.389,2.035294118,-0.147,-0.147,-0.222,-0.156,25,39.1,13.4,10.6
345,669387,"Mlodzinski, Carmen",866,39.8,0.174,0.13,0.217,0.304,0.279,0.287,0.189,12,69,89.6,12.3,2289,96.2,96.62,41,161,184,0.3999999999999915,6.5,111,148,114,148,308,327,297,5.8,-5.8,68.9,6.6,85,48,7,3,0,2,23,27.1,13,15.3,1.34464,1.11667,0.81014,0.04406,91,178,41.66666666666667,4.166666666666666,2.3529411764705883,5.24,2.55,-0.02,2.91,0.306,2,-1.690724638,0.321,0.304,1.690724638,-0.015,-0.015,0,-0.008,25.5,29.9,13.4,9.7
247,690829,"Joyce, Ben",541,45.7,0.194,0.075,0.3,0.269,0.275,0.269,0.184,13,67,86.5,7,2291,102.1,102.88,42,141,106,0.8000000000000114,6.75,111,148,117,148,304,324,300,1.3,-1.3,68.7,6.6,79,41,10,2,0,1,26,32.9,10,12.7,1.08417,1.10704,0.99709,0.04405,90.9,192,39.02439024390244,4.878048780487805,2.5316455696202533,5.23,1.82,0.07,2.53,0.316,2,-0.531983806,0.308,0.265,0.531983806,0.01,0.008,0.004,0.006,29.8,27.8,13.3,12
53,686799,"Kochanowicz, Jack",859,6.2,0.167,0.333,0.2,0.5,0.31,0.313,0.17,2,12,86.8,36,2165,96.3,96.6,8,22,31,0.29999999999999716,6.44,110,148,118,152,299,325,303,-1,1,68.6,6.5,13,6,0,1,0,1,6,46.2,0,0,1.35132,1.10604,0.79019,-0.4883,91.6,237,50,33.33333333333333,15.384615384615383,6.07,2.09,-0.25,3.62,0.231,2,1.975471698,0.233,0.502,-1.975471698,-0.003,-0.002,-0.002,-0.003,36.4,31,13.3,9.5
953,663372,"Feltner, Ryan",2578,37,0.24,0.136,0.279,0.376,0.3,0.325,0.258,58,242,89.8,11.2,2351,94.6,95.28,78,440,513,0.7000000000000028,6.42,115,149,120,149,301,331,302,4.4,-4.4,68.4,6.6,266,191,41,8,2,7,52,19.5,21,7.9,1.41884,1.10448,0.44358,-0.08759,92.2,177,41.88481675,8.376963351,6.015037593984962,5.53,1.32,0.13,2.76,0.306,16,-0.458971668,0.323,0.418,0.458971668,-0.018,-0.017,-0.042,-0.025,17.7,40.8,13.3,5.3
1218,657006,"Steele, Justin",2046,59.5,0.253,0.142,0.31,0.396,0.319,0.29,0.233,73,288,86.8,14,2419,91.6,91.95,140,629,589,0.30000000000001137,6.35,108,151,117,149,304,325,291,4.6,-4.6,69.8,6.7,323,221,48,17,0,8,70,21.7,31,9.6,1.60247,1.10153,0.02116,-0.01354,91.1,168,38.009049773755656,5.429864253393665,3.7151702786377703,6.1,2.19,-0.1,2.73,0.328,12,-0.3772578,0.309,0.338,0.3772578,0.02,0.01900000000000001,0.058,0.029,22.3,45.2,13.2,0.2
475,621242,"Díaz, Edwin",912,52.1,0.19,0.114,0.333,0.304,0.276,0.274,0.173,15,79,89.8,20.6,2349,97.5,99.31,75,205,270,1.7999999999999972,7.42,119,149,119,150,296,325,298,0.9,-0.9,68.9,6.7,93,41,11,1,1,2,39,41.9,10,10.8,1.30998,1.09994,1.12682,-0.15789,90.1,189,39.02439024390244,12.195121951219512,5.376344086021505,4.8,2.11,-0.21,2.94,0.301,5,-0.187368421,0.287,0.315,0.187368421,0.017,0.01400000000000001,-0.011,0.002,36.6,17.7,13.2,13.6
136,523260,"Kelly, Joe",552,24.6,0.258,0.194,0.35,0.452,0.355,0.378,0.261,8,31,88,8.7,2176,98.1,97.96,11,69,67,-0.1,6.26,117,148,118,151,294,316,298,0,0,65.7,6.5,37,22,4,3,0,1,10,27,5,13.5,1.27419,1.09934,0.9336,-0.3286,90.9,197,50,13.636363636363637,8.108108108108109,5.21,1.73,0.07,2.73,0.361,3,-0.008823529,0.364,0.511,0.008823529,-0.003,-0.003,-0.059,-0.023,15.9,27.2,13.2,11.2
106,663855,"Hicks, Jordan",1958,5.4,0.238,0.143,0.357,0.381,0.369,0.412,0.269,5,21,90.4,19,2121,95.5,95.81,13,42,64,0.29999999999999716,6.53,113,147,120,151,291,321,298,-2,2,65.6,6.3,30,14,3,1,1,0,8,26.7,6,20,1.41009,1.09887,0.86726,-0.41953,93.1,186,57.14285714285714,14.285714285714285,6.666666666666667,5.85,1.62,0.5,3.32,0.433,2,1.882075472,0.46,0.467,-1.882075472,-0.031,-0.027,-0.086,-0.043,31,34.2,13.2,10.4
91,668941,"Romero, JoJo",919,9.9,0.389,0.056,0.438,0.444,0.404,0.445,0.42,7,18,90,18.9,2257,95.1,93.71,6,44,47,-1.4,5.48,109,149,115,147,305,320,300,-1.1,1.1,68,6.6,23,16,6,1,0,0,3,13,4,17.4,1.42692,1.09582,0.84341,-0.30187,90.8,170,43.75,0,0,5.57,1.52,-0.37,3.06,0.478,0,1.153846154,0.503,0.528,-1.153846154,-0.031,-0.025,-0.084,-0.041,13.6,35.3,13.2,10.1
82,595014,"Treinen, Blake",737,11.1,0.25,0.188,0.4,0.438,0.29,0.161,0.122,4,16,88,37.9,2437,94.3,93.34,5,44,38,-1,5.61,118,149,128,152,291,315,295,0.1,-0.1,69.6,6.7,16,10,1,3,0,0,6,37.5,0,0,1.45854,1.09427,0.66976,-0.37439,89.5,201,30,10,6.25,6.2,2.8,0.03,3.35,0.25,1,-0.095121951,0.122,0.258,0.095121951,0.128,0.128,0.18,0.129,11.4,31.7,13.1,8
339,640455,"Manaea, Sean",2996,11.3,0.167,0.128,0.222,0.295,0.258,0.322,0.225,13,78,89.7,24.5,2004,92.3,93.71,55,177,162,1.4000000000000057,7.22,110,151,121,150,300,325,294,4.2,-4.2,68.5,6.5,89,48,9,1,0,3,30,33.7,9,10.1,1.5944,1.09333,1.02139,-0.66581,91.1,200,43.75,10.416666666666668,5.617977528089887,5.44,2.7,0.07,3.12,0.27,5,-1.228318584,0.321,0.412,1.228318584,-0.058,-0.051,-0.117,-0.064,31.1,23.7,13.1,12.2
235,669711,"Weissert, Greg",1029,22.8,0.173,0.107,0.256,0.28,0.204,0.199,0.171,13,75,85.7,21,2296,93.9,93.51,29,145,90,-0.4,6.06,112,148,121,147,284,320,300,4.9,-4.9,67.5,6.6,79,46,9,2,0,2,31,39.2,2,2.5,1.49336,1.09277,0.69281,-0.07145,90.3,195,32.608695652173914,6.521739130434782,3.797468354,5.16,3.33,-0.06,2.83,0.192,3,-2.095744681,0.191,0.264,2.095744681,0.002,0.001,0.016,0.005,20,23.6,13.1,8.3
566,664747,"Díaz, Alexis",977,57.9,0.196,0.087,0.243,0.283,0.326,0.318,0.179,18,92,87.6,24.7,2613,93.9,96.5,56,236,330,2.5999999999999943,7.68,115,147,119,149,295,320,290,-1.9,1.9,68.9,6.8,124,71,12,5,0,1,22,17.7,26,21,1.48654,1.09122,0.86369,0.00362,90.7,180,35.21126761,5.633802816901409,3.225806451612903,4.54,2.07,-0.2,3.03,0.395,4,0.340282686,0.383,0.275,-0.340282686,0.017,0.012,0.008,0.008,23.7,8.6,13.1,10.3
556,658648,"Avila, Pedro",1419,39.2,0.246,0.175,0.273,0.421,0.326,0.358,0.271,28,114,90.7,11.8,2250,93.4,93.71,47,253,303,0.29999999999999716,6.34,111,149,125,149,299,320,297,3.9,-3.9,70.6,6.8,135,92,17,6,1,4,26,19.3,17,12.6,1.51263,1.08885,0.23911,0.00986,91.8,177,46.73913043478261,7.608695652173914,5.185185185185185,5.8,1.2,-0.03,2.57,0.333,7,-0.697841727,0.363,0.454,0.697841727,-0.025,-0.03,-0.033,-0.032,18.6,44.6,13.1,2.9
963,458681,"Lynn, Lance",2039,47.2,0.199,0.194,0.23,0.393,0.273,0.331,0.243,41,206,91.6,22.1,2454,92.3,92.55,141,491,472,0.20000000000000284,6.42,114,148,113,149,306,320,301,15.6,-15.6,70.3,6.8,219,145,21,10,0,10,62,28.3,12,5.5,1.58875,1.08693,0.34151,-0.00803,91.8,197,48.96551724137931,15.862068965517242,10.50228310502283,5.62,3.11,0.07,2.91,0.242,23,-1.621910696,0.284,0.493,1.621910696,-0.044,-0.042,-0.1,-0.058,28.7,32.5,13,4.1
557,660853,"De Los Santos, Enyel",1127,49.4,0.311,0.311,0.333,0.622,0.431,0.389,0.272,42,135,91.6,21.5,2203,95.5,95.15,67,329,228,-0.4,6.16,114,149,120,149,294,326,294,-4.5,4.5,69.4,6.7,154,106,20,12,0,10,29,18.8,14,9.1,1.42816,1.08217,0.9686,0.20745,91.5,185,47.16981132075472,14.150943396226417,9.740259740259742,5.48,1.92,-0.13,2.76,0.396,15,0.804667864,0.362,0.544,-0.804667864,0.039,0.034,0.078,0.042,20.4,24.6,13,11.6
438,608718,"Suter, Brent",1022,42.9,0.273,0.127,0.31,0.4,0.311,0.307,0.261,30,110,86.3,16.1,2223,85.8,87.66,39,228,210,1.9000000000000057,7.29,111,149,120,149,297,321,290,1.9,-1.9,68.6,6.6,118,90,22,5,0,3,21,17.8,7,5.9,2.00731,1.07308,-0.366,0.13763,91.1,164,31.11111111111111,5.555555555555555,4.237288136,6.25,3.24,-0.01,2.97,0.314,5,-0.440182648,0.304,0.395,0.440182648,0.012,0.01,0.005,0.004,17.1,57.8,12.9,4.4
111,570632,"Ureña, José",1760,6.3,0.385,0.385,0.333,0.769,0.528,0.621,0.436,5,13,92.7,21.6,2161,96.4,96.18,9,54,57,-0.2,6.22,113,150,117,149,299,325,296,-2,2,70.4,7,16,13,2,2,0,1,0,0,1,6.3,1.39009,1.0682,1.0645,0.35622,91.9,185,61.53846153846154,30.76923076923077,25,5.67,2.84,0.18,2.65,0.5,4,1.815315315,0.542,0.991,-1.815315315,-0.051,-0.042,-0.222,-0.093,16.7,30,12.8,12.8
74,671345,"Foley, Jason",905,8.2,0.091,0.273,0,0.364,0.228,0.232,0.123,2,22,93.5,24.8,2195,97.2,97.78,16,41,33,0.5999999999999943,6.59,113,147,121,151,287,332,304,0.3,-0.3,67.5,6.5,24,10,0,0,0,2,12,50,2,8.3,1.3427,1.06811,1.00973,-0.69,91.3,211,60,20,8.333333333333332,5.69,1.78,-0.29,3.28,0.167,2,-0.347297297,0.196,0.336,0.347297297,-0.032,-0.029,0.028,-0.004,39,31.2,12.8,12.1
117,642397,"Soto, Gregory",960,12.2,0.333,0.048,0.636,0.381,0.434,0.393,0.253,7,21,86.1,3.9,2279,97.9,98.45,17,49,68,0.5,6.6,110,147,119,146,295,323,291,-4,4,69.7,6.8,31,11,6,1,0,0,10,32.3,9,29,1.32205,1.05812,0.94564,-0.21641,90.5,181,45.45454545454545,9.090909090909092,3.225806451612903,5.77,1.87,-0.12,2.8,0.548,1,3.38034188,0.494,0.327,-3.38034188,0.08,0.054,0.054,0.041,34.7,36.9,12.7,11.3
248,682120,"Herrin, Tim",1011,24.5,0.204,0.037,0.256,0.241,0.284,0.339,0.247,11,54,91.1,3.4,2405,95.5,96.28,19,115,133,0.7999999999999972,6.58,109,150,120,147,296,318,296,2.8,-2.8,69.3,6.8,66,43,9,2,0,0,11,16.7,12,18.2,1.43093,1.05552,0.66855,-0.30669,91.5,150,48.837209302325576,6.976744186046512,4.545454545454546,5.64,1.97,-0.01,2.58,0.348,3,-1.114112903,0.384,0.361,1.114112903,-0.043,-0.036,-0.12,-0.055,16.5,28.8,12.7,8
218,621107,"Eflin, Zach",2447,8.9,0.236,0.182,0.314,0.418,0.301,0.276,0.197,13,55,87.5,17.3,2197,92.4,93.03,29,117,101,0.5999999999999943,6.64,109,149,119,150,296,327,301,1.3,-1.3,68.4,6.6,60,37,8,2,1,2,19,31.7,2,3.3,1.61991,1.04839,0.72454,-0.13693,90.9,187,37.83783783783784,10.81081081081081,6.666666666666667,5.73,2.25,-0.21,2.95,0.283,4,-0.58440367,0.25,0.382,0.58440367,0.039,0.03299999999999997,0.036,0.025,24.8,27,12.6,8.7
389,605397,"Musgrove, Joe",1582,24.6,0.253,0.241,0.276,0.494,0.348,0.37,0.272,22,87,92.6,19.6,2634,93,92.69,46,199,190,-0.3,6.03,114,150,120,150,298,324,298,-4.8,4.8,68.4,6.7,95,64,13,3,0,6,23,24.2,6,6.3,1.58347,1.04828,0.30554,0.06751,91.6,193,48.4375,15.625,10.526315789473683,6.35,1.38,0.02,3.15,0.316,10,1.236760925,0.334,0.529,-1.236760925,-0.019,-0.018,-0.035,-0.022,23.1,34,12.6,3.6
392,669713,"Wesneski, Hayden",1075,36.5,0.254,0.211,0.253,0.465,0.339,0.384,0.29,29,114,90.1,6.3,2115,94.6,96.11,27,189,203,1.5,7.02,114,150,116,152,298,324,297,-4,4,69.3,6.9,125,97,17,6,0,6,17,13.6,11,8.8,1.49737,1.0388,0.40259,-0.01038,92.7,157,41.23711340206185,10.309278350515465,8,5.97,1.2,0.07,2.73,0.32,10,1.022193878,0.352,0.542,-1.022193878,-0.036,-0.032,-0.077,-0.045,14.3,50.9,12.5,4.8
254,667755,"Soriano, José",1737,14.6,0.356,0.267,0.382,0.622,0.453,0.39,0.287,16,45,94.2,18.8,2180,98.8,99.04,12,116,138,0.20000000000000284,6.55,111,147,118,150,303,327,299,-7.4,7.4,70.3,7,52,37,10,3,0,3,8,15.4,7,13.5,1.31547,1.03122,0.94157,-0.21087,92,197,59.45945945945946,13.513513513513514,9.615384615384617,5.96,1.58,-0.02,2.58,0.442,5,2.92519685,0.383,0.526,-2.92519685,0.069,0.059,0.096,0.063,10.3,33.1,12.4,11.3
459,624133,"Suárez, Ranger",2354,19.5,0.224,0.102,0.286,0.327,0.275,0.292,0.251,22,98,85.7,8.6,2006,91.8,92.05,35,194,265,0.29999999999999716,6.33,107,150,117,147,302,325,289,5,-5,69.5,6.6,107,72,16,4,0,2,26,24.3,8,7.5,1.66584,1.02978,0.44094,-0.31124,91.1,166,31.944444444444443,2.7777777777777777,1.8691588785046729,5.83,1.89,-0.18,2.79,0.29,2,-1.080610022,0.314,0.339,1.080610022,-0.027,-0.024,-0.012,-0.017,18,40.3,12.4,5.3
359,661395,"Duran, Jhoan",881,40.7,0.296,0.113,0.477,0.408,0.347,0.282,0.205,21,71,85.3,12.5,2035,100.5,100.54,65,180,179,0,6.36,114,147,111,149,295,320,293,-2.8,2.8,67.6,6.3,83,45,13,8,0,0,28,33.7,9,10.8,1.24053,1.02081,1.02543,-0.13819,90.6,189,33.33333333333333,4.444444444444445,2.4096385542168677,5.96,2.15,0.11,3.03,0.378,2,0.768245125,0.305,0.301,-0.768245125,0.091,0.073,0.107,0.065,36.1,33.8,12.2,12.3
483,663542,"Hudson, Bryan",927,52.1,0.15,0.131,0.167,0.28,0.223,0.268,0.2,16,107,87,17.3,2287,91.3,93.22,45,250,233,1.9000000000000057,7.39,108,150,119,147,303,322,298,14.7,-14.7,68.9,6.6,119,81,8,5,0,3,27,22.7,10,8.4,1.71174,1.02077,0.59259,-0.21851,90.5,168,33.33333333333333,6.172839506172839,4.201680672268908,5.16,3.2,-0.15,2.65,0.22,5,-3.051759834,0.27,0.329,3.051759834,-0.05,-0.05,-0.049,-0.045,18,15.4,12.2,7.1
1296,622491,"Castillo, Luis",2859,45.3,0.203,0.162,0.268,0.365,0.278,0.285,0.203,55,271,91,30.5,2153,95.6,93.89,183,671,625,-1.7,5.34,112,149,117,147,293,320,293,18.1,-18.1,70.1,6.8,298,179,32,12,1,10,94,31.5,25,8.4,1.48278,1.01681,1.03973,0.01839,91.2,210,44.134078212290504,11.731843575418994,7.046979865771812,5.14,2.2,0.07,3.01,0.269,21,-1.394367284,0.27,0.382,1.394367284,0,-0.001,-0.017,-0.007,27.3,17.2,12.2,12.5
296,680704,"Sandlin, Nick",1003,29.5,0.294,0.314,0.333,0.608,0.436,0.415,0.255,15,51,90.7,27,2356,92.6,93.09,23,129,167,0.5,6.64,111,149,123,148,298,318,296,-10.3,10.3,69.8,7,65,40,7,4,0,4,14,21.5,9,13.8,1.65966,1.00537,1.03655,0.14797,91.7,205,52.5,20,12.307692307692308,4.65,3,0.02,3.05,0.419,8,3.469256757,0.387,0.586,-3.469256757,0.039,0.032,0.022,0.021,17.8,15,12.1,12.4
594,543243,"Gray, Sonny",2483,23.9,0.333,0.233,0.33,0.567,0.41,0.398,0.318,40,120,88.3,10.4,2514,92.4,93.3,50,275,319,0.8999999999999915,6.61,116,147,109,149,301,320,302,-5.9,5.9,69.4,6.9,134,109,25,8,1,6,12,9,13,9.7,1.64833,1.0016,-0.10062,0.0341,91.5,165,35.77981651376147,11.009174311926609,8.955223880597014,5.5,0.84,0.35,2.6,0.396,12,0.989057239,0.384,0.541,-0.989057239,0.015,0.012,0.026,0.012,18.2,47.8,12,1.2
47,702352,"Bivens, Spencer",768,6.1,0.25,0.375,0.2,0.625,0.454,0.487,0.295,2,8,84.9,24.7,1968,94.2,94.35,4,17,30,0.1,6.33,114,148,122,151,294,322,299,-0.7,0.7,69.6,6.6,11,6,1,0,0,1,2,18.2,3,27.3,1.57426,0.99149,0.8517,-0.27809,90.5,229,33.33333333333333,16.666666666666664,9.090909090909092,6.02,1.87,-0.14,3.15,0.455,1,1.525531915,0.487,0.701,-1.525531915,-0.045,-0.032,-0.076,-0.033,23.5,31.7,11.9,10.2
191,672582,"Zerpa, Angel",951,20.1,0.286,0.171,0.31,0.457,0.354,0.368,0.297,10,35,88,17,2037,95.8,94.73,10,69,122,-1.1,5.61,110,150,119,148,304,323,293,0.1,-0.1,64.5,6.3,39,30,7,1,1,1,5,12.8,4,10.3,1.49571,0.98508,0.81974,-0.53911,91.8,167,50,13.333333333333334,10.256410256410255,5.43,2.51,-0.26,2.9,0.359,4,-0.038219895,0.369,0.477,0.038219895,-0.011,-0.01,-0.02,-0.014,14.5,31.9,11.8,9.8
84,667725,"Tyler, Kyle",580,14.5,0.238,0.19,0.235,0.429,0.303,0.267,0.227,5,21,79.4,-1.4,2109,90.6,92.03,7,44,40,1.4000000000000057,6.97,107,145,113,145,300,322,295,0.4,-0.4,65.9,6.5,22,18,3,1,0,1,3,13.6,0,0,1.77905,0.98167,0.60464,0.17321,90.1,90,33.33333333333333,5.555555555555555,4.545454545454546,5.91,2.1,-0.86,2.63,0.273,1,-0.45,0.262,0.334,0.45,0.011,0.011,0.095,0.036,15.9,60.1,11.8,7.3
614,684320,"Rodríguez, Yariel",1502,40.9,0.255,0.184,0.278,0.439,0.356,0.328,0.234,25,98,88.7,20.4,2361,93.9,94.49,54,246,368,0.5999999999999943,6.58,111,149,112,149,290,321,297,-5,5,70.1,6.8,116,82,14,7,1,3,16,13.8,17,14.7,1.60241,0.98,0.18644,-0.02371,91.2,184,35.36585365853659,4.878048780487805,3.4482758620689653,5.8,1.74,-0.05,2.85,0.371,4,0.820358306,0.354,0.372,-0.820358306,0.021,0.01700000000000001,0.067,0.028,22,39.6,11.8,2.2
980,543135,"Eovaldi, Nathan",2622,37.4,0.212,0.123,0.245,0.335,0.283,0.314,0.237,55,260,90.8,8.4,2188,95.4,95.68,88,493,487,0.29999999999999716,6.57,113,149,117,149,300,324,298,7.1,-7.1,68.9,6.6,294,197,41,5,0,9,65,22.1,27,9.2,1.54328,0.97358,1.15333,0.12655,92.1,169,46.192893401015226,8.121827411167512,5.442176870748299,5.4,2.4,-0.02,2.72,0.296,16,-0.725816327,0.319,0.387,0.725816327,-0.025,-0.023,-0.052,-0.031,17.8,30.1,11.7,13.8
237,594580,"Moll, Sam",624,38,0.255,0.2,0.333,0.455,0.327,0.24,0.172,14,55,85.3,15.8,2567,93.3,91.01,30,118,119,-2.3,4.83,112,148,120,148,294,320,290,-0.4,0.4,68.6,6.6,59,38,8,3,1,2,17,28.8,3,5.1,1.66945,0.94485,0.86903,-0.20549,90.7,170,31.57894736842105,7.894736842105263,5.084745762711865,5.16,2.29,-0.18,2.95,0.305,3,0.187763713,0.228,0.309,-0.187763713,0.083,0.077,0.146,0.087,25.4,20,11.3,10.4
574,682847,"Ortiz, Luis L.",2143,26.8,0.187,0.144,0.233,0.331,0.266,0.306,0.207,26,139,90,20.8,2278,95.9,96.74,58,279,295,0.7999999999999972,6.77,113,148,111,149,308,326,297,5.9,-5.9,70,6.8,154,95,16,5,0,5,44,28.6,14,9.1,1.53575,0.94317,0.94632,-0.13239,91.1,192,41.05263157894737,11.578947368421051,7.142857142857142,4.96,1.79,0.12,2.69,0.266,11,-1.032055749,0.284,0.42,1.032055749,-0.02,-0.018,-0.089,-0.04,20.8,19.7,11.3,11.4
536,543859,"Tonkin, Michael",1419,37.8,0.211,0.146,0.284,0.358,0.317,0.349,0.233,26,123,91.1,22.6,2344,93.2,92.75,66,280,256,-0.5,6.22,111,149,119,150,293,323,289,0.7,-0.7,69.8,6.9,151,79,18,3,0,5,46,30.5,22,14.6,1.70489,0.93935,1.14379,0.10185,90.9,197,37.97468354,10.126582278481012,5.298013245033113,5.22,3.78,-0.23,2.79,0.344,8,-0.127985075,0.363,0.423,0.127985075,-0.022,-0.019,-0.065,-0.032,23.6,13.6,11.3,13.7
223,666277,"Soriano, George",519,43,0.167,0.119,0.176,0.286,0.284,0.321,0.22,7,42,87.5,21.5,2124,94.1,94.3,18,92,131,0.20000000000000284,6.38,110,147,120,146,299,320,297,1.4,-1.4,68.9,6.9,53,35,4,2,0,1,8,15.1,7,13.2,1.63628,0.93614,0.74592,0.16807,90.9,194,42.857142857142854,5.714285714285714,3.7735849056603774,5.12,1.68,0.1,2.84,0.321,2,-0.639461883,0.363,0.337,0.639461883,-0.053,-0.042,-0.051,-0.037,19.6,19.9,11.2,8.9
384,518617,"Diekman, Jake",627,61.2,0.208,0.236,0.217,0.444,0.347,0.337,0.224,15,72,85.6,8.9,2273,94.6,94.4,43,167,217,-0.2,6.47,111,148,118,149,296,322,295,-2.6,2.6,68.4,6.7,92,52,8,2,0,5,23,25,15,16.3,1.65326,0.92315,1.43924,-0.03299,91.1,173,40.38461538461539,7.6923076923076925,4.3478260869565215,5.63,4.03,0.14,2.55,0.352,4,0.670833333,0.369,0.366,-0.670833333,-0.016,-0.017,0.078,0.01,25.7,20.4,11.1,17.3
927,608331,"Fried, Max",2762,33.6,0.266,0.093,0.299,0.36,0.327,0.339,0.271,57,214,84.1,4.3,2221,93.9,94.64,83,456,471,0.6999999999999886,6.56,108,151,119,147,301,322,293,2.7,-2.7,69.4,6.7,253,179,47,5,0,5,38,15,34,13.4,1.65689,0.91503,-0.00539,0.00606,91.1,136,29.608938547486037,4.4692737430167595,3.1620553359683794,6.01,1.17,-0.37,2.84,0.368,8,-0.286839266,0.372,0.381,0.286839266,-0.005,-0.004,-0.021,-0.012,18.2,50.6,11,0.1
273,661527,"Martinez, Seth",838,32.6,0.271,0.153,0.304,0.424,0.35,0.362,0.271,16,59,87.3,18.9,2112,90.8,91.93,22,118,155,1.1000000000000083,7.08,109,149,116,149,293,322,297,4.2,-4.2,69.1,6.8,68,48,11,3,0,2,11,16.2,8,11.8,1.86524,0.91114,0.96967,-0.04901,91.4,183,43.75,10.416666666666668,7.352941176470589,4.44,2.39,0.07,2.74,0.368,5,-1.534432234,0.368,0.457,1.534432234,0,0,-0.033,-0.012,18.6,10.9,10.9,11.6
57,657053,"Toussaint, Touki",491,11.6,0.5,0.125,0.667,0.625,0.542,0.39,0.284,4,8,89.9,15.2,2210,91.6,93.03,3,12,45,1.4000000000000057,7.05,106,148,122,147,294,325,294,-1.5,1.5,70.7,7.2,11,6,3,1,0,0,2,18.2,3,27.3,1.80351,0.90702,0.76439,0.08193,91.8,195,33.33333333333333,0,0,5.47,2.09,-0.37,2.76,0.636,0,2.60877193,0.479,0.356,-2.60877193,0.216,0.15700000000000003,0.269,0.152,25,29,10.9,9.2
89,641771,"Kuhl, Chad",980,9.1,0.231,0.154,0.6,0.385,0.261,0.17,0.119,3,13,92.5,19.2,2203,95,95.15,10,32,57,0.1,6.42,110,148,119,149,292,324,297,-3,3,69.5,6.6,13,5,1,2,0,0,8,61.5,0,0,1.62506,0.90652,1.16528,-0.39202,91,225,40,20,7.6923076923076925,5.33,2.63,-0.19,3.08,0.231,1,3.314606742,0.119,0.287,-3.314606742,0.112,0.11200000000000002,0.098,0.091,31.3,22.4,10.9,14
387,592866,"Williams, Trevor",1064,36.4,0.196,0.075,0.253,0.271,0.231,0.259,0.192,21,107,91,17.6,2189,88.9,90.06,40,225,162,1.1999999999999886,6.81,112,147,118,148,302,326,297,12.3,-12.3,70.3,6.7,117,80,16,3,1,1,29,24.8,8,6.8,1.96049,0.90501,0.39972,-0.05407,91.3,180,43.75,8.75,5.982905982905983,5.02,2.24,0.03,2.52,0.248,7,-3.186821705,0.252,0.315,3.186821705,0.004,-0.004,-0.044,-0.028,17.8,17.8,10.9,4.8
1198,690986,"Harrison, Kyle",2078,57.7,0.249,0.175,0.305,0.425,0.328,0.327,0.241,71,285,91.7,18.1,2203,92.5,93.15,136,591,607,0.5999999999999943,6.75,108,149,122,148,296,321,293,7.3,-7.3,69.4,6.7,321,208,44,15,1,11,79,24.6,29,9,1.77602,0.89619,1.22424,-0.76865000000000006,92,188,49.519230769230774,11.057692307692308,7.165109034267912,4.91,1.87,0.35,3.03,0.327,23,-0.60951586,0.321,0.424,0.60951586,0.008,0.006,0.001,0.001,23,26,10.8,14.7
436,471911,"Carrasco, Carlos",1693,25.8,0.337,0.217,0.342,0.554,0.41,0.377,0.318,31,92,89,14.1,2179,91.6,92.33,29,198,238,0.7000000000000028,6.59,113,148,120,149,297,318,299,-8.1,8.1,70.6,6.9,102,83,20,6,1,4,9,8.8,10,9.8,1.81706,0.88814,0.28072,-0.05678,91.6,164,37.34939759036144,7.228915662650602,5.882352941,5.95,1.23,0.02,2.49,0.402,6,1.850458716,0.385,0.484,-1.850458716,0.019,0.01700000000000001,0.07,0.033,14.6,37,10.7,3.3
834,694973,"Skenes, Paul",2125,39.2,0.23,0.12,0.361,0.351,0.286,0.269,0.201,44,191,91,13.5,2244,98.8,99,102,422,412,0.20000000000000284,6.43,113,148,112,149,305,325,296,5.9,-5.9,68.4,6.7,210,113,31,8,0,5,79,37.6,16,7.6,1.45312,0.88613,1.19748,-0.12403,91.4,185,48.67256637168141,8.849557522123893,4.761904761904762,5.7,2.26,0.1,2.64,0.295,10,-0.705395683,0.271,0.331,0.705395683,0.029,0.02399999999999996,0.02,0.017,24.2,24.5,10.6,14.4
46,676428,"Hurter, Brant",645,7.1,0,0,0,0,0.069,0.256,0.179,0,8,88.6,10.4,2081,92.1,91.94,8,23,23,-0.2,6.07,112,149,118,143,301,330,286,1.4,-1.4,66.5,6.4,10,5,0,0,0,0,4,40,1,10,1.79348,0.8837,0.52587,-0.43804,92,157,40,20,10,5.91,3.11,0.53,3.33,0.1,1,-3.045652174,0.259,0.287,3.045652174,-0.179,-0.159,-0.287,-0.187,34.8,30.8,10.6,6.3
192,613534,"Adams, Austin",805,23.9,0.263,0.579,0.125,0.842,0.477,0.39,0.21,5,19,88.9,27.1,2666,93.4,92.74,17,71,121,-0.7,5.84,111,147,116,150,299,321,299,0.4,-0.4,70,6.7,24,19,0,2,0,3,1,4.2,3,12.5,1.72677,0.88109,0.62401,0.05703,90.5,186,42.10526315789473,10.526315789473683,8.333333333333332,5.22,3.47,0.04,2.9,0.375,2,-0.2140625,0.349,0.566,0.2140625,0.053,0.02600000000000002,0.276,0.087,23.9,11.5,10.6,7.5
806,450203,"Morton, Charlie",2791,28.9,0.281,0.236,0.344,0.517,0.379,0.371,0.274,50,178,92.1,17.4,2249,94.1,93.9,72,374,432,-0.2,6.17,115,149,121,149,299,322,297,-11.1,11.1,69.7,6.8,204,130,25,16,1,8,49,24,23,11.3,1.70177,0.87395,1.13522,-0.17897,92.1,207,49.23076923076923,13.846153846153848,8.823529411764707,5.51,2.5,0.07,2.75,0.368,18,1.373573201,0.362,0.498,-1.373573201,0.007,0.006,0.019,0.008,19.3,21.6,10.5,13.6
97,607481,"Bummer, Aaron",974,10,0.192,0.038,0.313,0.231,0.252,0.255,0.186,5,26,85.1,19.2,2302,93.6,93.78,12,49,48,0.20000000000000284,6.3,113,150,118,146,302,322,292,2.2,-2.2,66.5,6.4,30,16,4,1,0,0,10,33.3,3,10,1.72464,0.86866,0.9268,-0.42825,90.8,194,25,6.25,3.3333333333333335,5.06,2.23,-0.26,2.62,0.3,1,-2.292783505,0.294,0.25,2.292783505,0.006,0.006,-0.019,-0.003,24.5,5.3,10.4,11.1
584,605463,"Scott, Tayler",1203,48.5,0.144,0.154,0.172,0.298,0.26,0.269,0.171,15,104,89,21.5,2128,92.7,91.41,72,254,330,-1.3,5.81,109,149,114,149,293,321,295,10.3,-10.3,68.8,6.8,125,68,8,2,1,4,38,30.4,18,14.4,1.81455,0.86836,1.32606,0.10055,90.9,186,42.64705882352941,4.411764705882353,2.4,4.85,3.63,-0.11,3.23,0.272,3,-1.763184932,0.298,0.282,1.763184932,-0.027,-0.026,0.016,-0.009,28.3,14.1,10.4,15.9
209,605130,"Barlow, Scott",1022,20.5,0.308,0.103,0.324,0.41,0.362,0.4,0.362,12,39,93,2.3,2388,91.4,92.74,15,85,124,1.2999999999999972,6.91,112,149,120,148,297,318,297,-0.6,0.6,70.6,7,45,35,10,1,0,1,4,8.9,5,11.1,1.85211,0.86029,0.19015,0.00741,93,141,51.42857142857142,2.857142857142857,2.2222222222222223,5.3,1.81,0.07,2.65,0.4,1,0.280382775,0.447,0.459,-0.280382775,-0.054,-0.047,-0.049,-0.038,17.6,28.7,10.3,2.2
47,663773,"Hoeing, Bryan",782,6,0.2,0.2,0.231,0.4,0.322,0.409,0.31,3,15,95.9,7.5,2038,94.3,94.93,5,25,22,0.6000000000000085,6.65,107,149,119,147,298,320,295,-0.2,0.2,70.3,6.7,18,13,1,1,1,0,2,11.1,3,16.7,1.70383,0.85957,0.91128,0.5883,93.8,179,69.23076923076923,7.6923076923076925,5.555555555555555,6.06,2.18,0.14,2.91,0.333,1,0.361702128,0.425,0.522,-0.361702128,-0.11,-0.092,-0.122,-0.087,20,33,10.3,10.9
442,668338,"Miller, Tyson",934,47.3,0.218,0.138,0.288,0.356,0.283,0.318,0.244,19,87,92.8,17.8,2169,89.6,91.32,62,220,222,1.7000000000000028,7.28,114,151,117,151,300,325,293,6.4,-6.4,68.8,6.6,95,61,11,6,0,2,26,27.4,6,6.3,1.98296,0.85267,0.17034,0.02405,91.5,188,49.18032786885246,11.475409836065571,7.368421052631578,4.68,3.73,0.08,3.02,0.284,7,-1.448190045,0.308,0.424,1.448190045,-0.026,-0.024,-0.068,-0.035,28.2,19.1,10.2,2
1064,519242,"Sale, Chris",2815,37.8,0.281,0.162,0.415,0.443,0.336,0.301,0.24,59,210,91.8,12.8,2240,94.8,95.06,124,515,549,0.29999999999999716,6.55,109,152,118,147,302,322,292,3.8,-3.8,68.4,6.6,229,136,37,15,2,5,76,33.2,15,6.6,1.70175,0.84764,1.24029,-0.86965,91.2,195,45.588235294117645,10.294117647058822,6.113537118,5.21,3.05,0.1,2.98,0.333,14,-0.354323308,0.297,0.387,0.354323308,0.041,0.036,0.056,0.035,24.1,12.6,10.2,14.9
278,676092,"Snider, Collin",676,41.1,0.211,0.088,0.314,0.298,0.283,0.291,0.211,12,57,84.6,15.3,2577,94.2,94.1,46,146,132,-0.1,6.05,111,149,115,148,287,315,289,0.3,-0.3,67.2,6.3,66,36,9,2,0,1,21,31.8,9,13.6,1.70568,0.84629,0.21088,0.01912,90.4,184,33.33333333333333,5.555555555555555,3.0303030303030303,5.22,3.23,0.16,3.13,0.318,2,-0.11294964,0.319,0.315,0.11294964,0,-0.001,-0.017,-0.008,31.5,18.4,10.2,2.5
170,657277,"Webb, Logan",3201,5.3,0.179,0.051,0.389,0.231,0.214,0.252,0.211,7,39,92,19.1,2071,92.6,93.92,24,73,97,1.3000000000000114,6.94,113,147,123,152,292,324,301,-1.3,1.3,66.7,6.3,42,18,5,2,0,0,21,50,3,7.1,1.807,0.83941,0.68571,-0.409,91.6,198,50,0,0,5.08,1.35,-0.4,3.47,0.238,0,0.788235294,0.267,0.295,-0.788235294,-0.032,-0.029,-0.064,-0.038,32.9,24.6,10.1,8.2
801,666157,"Lodolo, Nick",1864,43,0.241,0.167,0.289,0.407,0.33,0.316,0.23,39,162,88.7,17.5,2347,94.1,93.65,80,348,453,-0.4,6.21,109,149,119,147,298,320,286,-3.4,3.4,70.1,6.8,186,120,24,9,0,6,42,22.6,22,11.8,1.77247,0.81965,1.44169,-0.95931,91,185,36.666666666666664,8.333333333333332,5.376344086021505,5.55,3.55,-0.17,2.73,0.339,10,0.429213483,0.329,0.382,-0.429213483,0.011,0.01,0.025,0.014,23,18.4,9.8,17.3
319,605513,"Turnbull, Spencer",916,34.8,0.28,0.173,0.316,0.453,0.365,0.39,0.291,21,75,89,10.8,2499,92,92.13,25,154,165,0.1,6.22,112,148,114,150,292,323,292,0,0,70,6.9,87,60,14,4,0,3,15,17.2,12,13.8,1.88034,0.80088,0.03204,0.00431,91.5,161,45,8.333333333333332,5.747126436781609,5.78,1.59,0.26,2.61,0.379,5,0.011598746,0.389,0.509,-0.011598746,-0.011,-0.01,-0.056,-0.025,16.2,25.5,9.6,0.4
108,663969,"Phillips, Tyler",578,18.7,0.219,0.094,0.222,0.313,0.229,0.343,0.302,7,32,81.8,20.1,2313,92.7,92.87,15,70,38,0.20000000000000284,6.28,112,148,115,150,294,324,295,3.2,-3.2,71.3,7,32,28,6,0,0,1,4,12.5,0,0,1.84759,0.79509,0.25617,-0.04364,91,148,21.428571428571427,7.142857142857142,6.25,5.97,1.2,0.66,2.62,0.219,2,-2.940740741,0.302,0.496,2.940740741,-0.083,-0.083,-0.183,-0.114,21.4,30.4,9.5,3
989,669467,"Pallante, Andre",1978,50,0.23,0.067,0.246,0.297,0.294,0.329,0.257,48,209,89.6,-5.7,2246,94.5,95.33,75,464,525,0.7999999999999972,6.63,114,146,111,149,300,319,302,8,-8,70.4,6.7,245,187,40,5,0,3,23,9.4,35,14.3,1.75211,0.78902,0.00773,0.00769,92.4,101,43.85026737967914,2.6737967914438503,2.0408163265306123,6.01,1.79,0.21,2.31,0.34,5,-0.805763397,0.365,0.357,0.805763397,-0.027,-0.025,-0.06,-0.035,16.2,58.2,9.5,0.1
193,688297,"Roycroft, Chris",596,32.4,0.158,0.026,0.261,0.184,0.23,0.217,0.133,6,38,80.3,17.5,2209,95,96.58,29,88,105,1.5999999999999943,7.01,113,144,112,149,298,315,298,1.7,-1.7,66.9,6.4,49,23,5,1,0,0,18,36.7,5,10.2,1.72492,0.78487,0.3885,-0.19824,89.4,171,13.043478260869565,0,0,5.32,2.87,0.1,3.18,0.286,0,-0.862694301,0.268,0.164,0.862694301,0.025,0.018,0.02,0.013,33,22,9.4,4.7
326,642232,"Yarbrough, Ryan",1514,21.5,0.196,0.179,0.19,0.375,0.305,0.342,0.24,11,56,86.3,8.5,1876,86.5,86.39,21,128,198,-0.1,6.34,111,149,118,150,287,313,292,5.4,-5.4,66.4,6.4,66,46,7,1,0,3,11,16.7,8,12.1,2.2808,0.78242,1.26025,0.06331,90.8,172,34.78260869565217,13.043478260869565,9.090909090909092,5.21,3.13,-0.1,2.94,0.308,6,-1.667791411,0.345,0.431,1.667791411,-0.044,-0.037,-0.056,-0.037,16.4,16.5,9.4,15.1
219,670167,"Schreiber, John",895,24.5,0.243,0.135,0.391,0.378,0.349,0.33,0.238,9,37,87.8,16.2,2108,92.9,93.5,17,85,134,0.5999999999999943,6.56,110,147,116,148,298,322,293,0.5,-0.5,65.9,6.4,46,23,4,5,0,0,14,30.4,8,17.4,1.91699,0.71763,0.95799,0.16904,90.9,184,34.78260869565217,8.695652173913043,4.3478260869565215,4.39,2.48,0.15,2.76,0.391,2,-0.245205479,0.387,0.317,0.245205479,0.005,0.004,0.061,0.019,20,11.7,8.6,11.5
111,666974,"Cano, Yennier",1008,11,0.125,0,0.2,0.125,0.165,0.238,0.182,2,16,96.6,26.5,2284,96.6,95.93,16,52,59,-0.7,6.04,116,148,119,149,298,325,299,2.5,-2.5,68.8,6.6,19,10,2,0,0,0,7,36.8,2,10.5,1.78027,0.6755,1.2282,-0.2318,90.8,209,50,0,0,5.4,2.21,0.32,3.03,0.211,0,-2.221621622,0.275,0.23,2.221621622,-0.057,-0.064,-0.105,-0.073,30.8,15.8,8.1,14.7
231,641712,"Hudson, Dakota",1512,15.3,0.302,0.208,0.289,0.509,0.423,0.408,0.297,16,53,89.7,15,2115,89.9,90.35,7,89,142,0.5,6.28,112,148,118,148,302,332,302,-8.2,8.2,69.9,6.7,68,48,11,2,0,3,5,7.4,13,19.1,2.13035,0.66221,0.45182,-0.04333,92,187,33.33333333333333,8.333333333333332,5.882352941,6.14,2.25,-0.19,2.83,0.456,4,3.551948052,0.452,0.465,-3.551948052,0.005,0.004,0.044,0.015,7.9,35.8,7.9,5.4
100,657044,"Thompson, Ryan",977,10.2,0.2,0.08,0.385,0.28,0.224,0.275,0.228,5,25,89,17.7,2183,92.5,93.37,12,49,51,0.9000000000000057,6.89,112,148,126,150,295,317,296,-1.2,1.2,69.2,6.5,26,13,4,0,1,0,12,46.2,0,0,2.0787,0.5955,0.9786,-0.4122,90.9,183,38.46153846153847,7.6923076923076925,3.8461538461538463,4.07,3.55,-0.09,3.25,0.231,1,1.202,0.258,0.375,-1.202,-0.028,-0.027,-0.095,-0.051,24.5,-0.5,7.1,11.7
223,571948,"Milner, Hoby",1043,21.4,0.059,0.078,0.083,0.137,0.116,0.17,0.128,3,51,81.5,19.2,2017,88.8,89.37,29,109,114,0.6000000000000085,6.81,110,150,124,147,301,319,297,7.8,-7.8,66.4,6.3,54,25,1,1,0,1,26,48.1,3,5.6,2.31771,0.59143,1.25709,-0.42578,89.3,165,20,4,1.8518518518518516,4.37,4.12,-0.1,3.17,0.111,1,-3.495067265,0.176,0.195,3.495067265,-0.069,-0.065,-0.058,-0.054,26.6,-1.8,7.1,15.1
391,621389,"Blach, Ty",1133,34.5,0.371,0.2,0.378,0.571,0.432,0.423,0.34,39,105,89.9,9.9,2016,89.1,87.84,13,180,211,-1.3,5.15,110,150,124,147,306,336,303,-6.1,6.1,70,6.7,117,96,28,6,0,5,10,8.5,9,7.7,2.33744,0.4988,1.09072,-0.60836,93.2,174,40.625,13.541666666666666,11.11111111111111,5.73,2.99,0.09,2.47,0.431,13,1.571355499,0.403,0.586,-1.571355499,0.031,0.028,-0.015,0.009,7.2,21.1,6,13.1
256,657612,"Hill, Tim",982,26.1,0.266,0.109,0.34,0.375,0.29,0.254,0.232,17,64,85.7,4.9,2157,90.7,91.19,24,122,134,0.5,6.87,109,150,118,149,294,323,291,-5.4,5.4,68,6.5,68,48,12,4,0,1,17,25,3,4.4,2.46211,0.33813,1.46371,-0.4466,90.9,157,39.58333333333333,2.083333333333333,1.4705882352941175,3.4,3.71,0.15,3.03,0.294,1,2.11015625,0.269,0.283,-2.11015625,0.034,0.02499999999999996,0.092,0.036,19.7,-15,4.1,17.6
NA,NA,"Harajli, Ahmad",NA,NA,NA,NA,NA,NA,NA,NA,NA,NA,NA,NA,NA,2144.8736433780487,94.7,NA,NA,NA,NA,NA,6.7404586585365855,NA,NA,NA,NA,NA,NA,NA,NA,NA,NA,NA,NA,NA,NA,NA,NA,NA,NA,NA,NA,NA,NA,NA,NA,NA,NA,NA,NA,NA,NA,5.617801707317073,1.5495879268292683,NA,NA,NA,NA,NA,NA,NA,NA,NA,NA,NA,NA,NA,NA,15.535078888888888,11.547675802469136
