pitches,player_id,player_name,total_pitches,pitch_percent,ba,iso,babip,slg,woba,xwoba,xba,hits,abs,launch_speed,launch_angle,spin_rate,velocity,effective_speed,whiffs,swings,takes,eff_min_vel,release_extension,pos3_int_start_distance,pos4_int_start_distance,pos5_int_start_distance,pos6_int_start_distance,pos7_int_start_distance,pos8_int_start_distance,pos9_int_start_distance,pitcher_run_exp,run_exp,bat_speed,swing_length,pa,bip,singles,doubles,triples,hrs,so,k_percent,bb,bb_percent,api_break_z_with_gravity,api_break_z_induced,api_break_x_arm,api_break_x_batter_in,hyper_speed,bbdist,hardhit_percent,barrels_per_bbe_percent,barrels_per_pa_percent,release_pos_z,release_pos_x,plate_x,plate_z,obp,barrels_total,batter_run_value_per_100,xobp,xslg,pitcher_run_value_per_100,xbadiff,xobpdiff,xslgdiff,wobadiff,swing_miss_percent,arm_angle
701,681911,"Vesia, Alex",1109,63.2,0.149,0.206,0.163,0.355,0.286,0.307,0.164,21,141,88.9,35.3,2399,93.4,93.45,104,367,334,0.1,6.39,112,151,123,150,295,313,292,8.1,-8.1,70.2,6.9,171,94,7,6,1,7,49,28.7,26,15.2,0.93087,1.69047,0.51856,-0.09779,90.8,197,40.42553191489361,17.02127659574468,9.356725146,5.85,0.53,0.17,3.15,0.284,16,-1.14935806,0.297,0.4,1.14935806,-0.015,-0.013,-0.045,-0.021,28.3,60.4
114,681870,"Sabrowski, Erik",198,57.6,0.143,0,0.273,0.143,0.196,0.216,0.152,3,21,91.6,29.7,2577,92.6,93.64,19,56,58,1,6.92,113,151,126,148,300,322,298,2.8,-2.8,69.9,6.9,24,11,3,0,0,0,10,41.7,3,12.5,0.98614,1.67465,0.61439,-0.40614,90.1,199,36.36363636363637,0,0,5.98,1.21,-0.06,2.86,0.25,0,-2.45877193,0.258,0.19,2.45877193,-0.009,-0.008,-0.047,-0.02,33.9,49.5
28,686751,"Johnson, Seth",58,48.3,0.429,0.143,0.429,0.571,0.463,0.406,0.354,3,7,92.9,25.4,2319,95.2,94.1,2,11,17,-1.1,5.8,115,145,114,143,294,315,285,-1.8,1.8,72.8,6.9,8,7,2,1,0,0,0,0,1,12.5,0.86071,1.66821,0.61107,0.20536,93.4,199,28.57142857142857,0,0,6.09,-0.6,0.09,2.84,0.5,0,6.55,0.435,0.49,-6.55,0.075,0.065,0.081,0.057,18.2,54.4
224,664299,"Javier, Cristian",570,39.3,0.256,0.279,0.31,0.535,0.402,0.377,0.211,11,43,92.4,32,2301,91.7,90.75,27,100,124,-0.9,6,110,150,117,149,291,320,291,-0.8,0.8,69.7,6.9,56,31,4,4,1,2,13,23.2,12,21.4,1.07612,1.66433,0.48107,0.05857,91.4,215,48.38709677419355,16.129032258064516,8.928571428571429,5.78,-1.41,0.07,3.23,0.411,5,0.348660714,0.381,0.471,-0.348660714,0.045,0.03,0.064,0.025,27,38
1160,601713,"Pivetta, Nick",2387,48.6,0.239,0.16,0.311,0.399,0.303,0.307,0.231,64,268,91.7,19.6,2311,93.9,94.74,131,600,560,0.7999999999999972,6.83,113,149,120,149,286,322,300,7.3,-7.3,69.3,6.7,292,188,40,13,3,8,81,27.7,23,7.9,0.93118,1.6596,0.33763,-0.03468,91.3,188,46.808510638297875,9.042553191489363,5.821917808219178,6.84,-1.45,-0.11,3.01,0.298,17,-0.633103448,0.292,0.414,0.633103448,0.008,0.006,-0.015,-0.004,21.8,57.2
431,673513,"Matsui, Yuki",1049,41.1,0.223,0.223,0.222,0.447,0.336,0.327,0.234,21,94,91.4,27.5,2439,92.2,91.36,45,236,195,-0.8,5.95,111,150,117,150,296,323,297,2.8,-2.8,69.4,7,112,77,11,4,1,5,19,17,16,14.3,1.04784,1.65165,0.35542,-0.10807,91.2,185,40.25974025974026,7.792207792207792,5.357142857142857,6.01,2.01,0.11,2.88,0.33,6,-0.641299304,0.34,0.405,0.641299304,-0.011,-0.01,0.042,0.009,19.1,57.6
683,663474,"McKenzie, Triston",1304,52.4,0.303,0.348,0.263,0.652,0.46,0.464,0.307,47,155,92.4,20.6,2229,91.1,92.02,30,292,391,0.9000000000000057,6.83,111,149,122,149,296,318,298,-15.9,15.9,70.6,7.1,198,134,25,6,0,16,22,11.1,40,20.2,1.10318,1.64362,0.13468,-0.014,92.6,200,48.507462686567166,17.16417910447761,11.616161616161616,6.48,-1.64,0.04,2.56,0.447,23,2.322693997,0.45,0.659,-2.322693997,-0.004,-0.003,-0.007,-0.004,10.3,55.3
549,670950,"Richards, Trevor",1182,46.4,0.234,0.108,0.28,0.342,0.335,0.375,0.251,26,111,92.5,22.3,2249,92.3,92.26,39,263,286,0,6.36,109,147,115,146,291,321,294,-0.5,0.5,68.4,6.7,143,86,20,3,0,3,28,19.6,28,19.6,1.04233,1.6431,0.60107,0.0959,91.5,204,52.32558139534884,9.302325581,5.594405594405594,6.29,-2.13,0.05,2.81,0.387,8,0.083970856,0.406,0.429,-0.083970856,-0.017,-0.019,-0.087,-0.04,14.8,55.3
1154,542881,"Anderson, Tyler",2914,39.6,0.272,0.222,0.292,0.494,0.365,0.367,0.272,70,257,90.8,23.1,2196,89.4,88.97,100,547,607,-0.4,6.11,108,151,115,149,306,326,298,-12.1,12.1,70.9,6.9,289,213,38,18,3,11,44,15.2,30,10.4,1.22102,1.64161,0.34462,-0.22377,91.7,195,42.25352112676056,10.328638497652582,7.612456747404845,6.42,1.31,0.03,2.9,0.353,22,1.052686308,0.353,0.498,-1.052686308,0,0,-0.004,-0.002,18.3,58.1
952,676710,"Crawford, Kutter",2823,33.7,0.255,0.245,0.291,0.5,0.347,0.336,0.24,56,220,92.7,25.3,2504,92.6,92.01,97,489,463,-0.6,6.1,114,150,118,149,288,322,300,-3.9,3.9,70.1,6.8,244,161,28,15,0,13,62,25.4,19,7.8,1.03514,1.64039,0.63206,-0.05288,91.6,205,50.931677018633536,12.422360248447205,8.196721311,6.05,-1.14,0.03,2.95,0.316,20,0.408193277,0.305,0.48,-0.408193277,0.015,0.011,0.02,0.011,19.8,47.7
120,607644,"Means, John",320,37.5,0.231,0.269,0.208,0.5,0.32,0.409,0.281,6,26,93.3,38.2,2378,90.5,90.19,12,66,54,-0.2,6.21,112,151,119,149,307,328,293,3.2,-3.2,72.2,7.1,29,25,2,2,1,1,2,6.9,2,6.9,1.16433,1.63142,0.60433,-0.38333,92.4,223,60,12,10.344827586206897,6.47,0.92,-0.22,3.14,0.276,3,-2.6925,0.339,0.624,2.6925,-0.05,-0.063,-0.124,-0.089,18.2,46.8
567,669093,"Estrada, Jeremiah",1003,56.5,0.191,0.113,0.26,0.304,0.26,0.273,0.197,22,115,90.9,23,2224,97.2,97.86,105,322,245,0.7000000000000028,6.75,114,149,118,149,298,325,298,5.7,-5.7,69.6,6.7,132,76,15,4,0,3,41,31.1,14,10.6,0.796,1.62601,0.12293,-0.01363,91.2,196,39.473684210526315,6.578947368421052,3.787878787878788,5.92,-0.5,0.06,2.97,0.275,5,-1.003527337,0.284,0.311,1.003527337,-0.006,-0.009,-0.007,-0.013,32.6,67.3
1088,686752,"Pepiot, Ryan",2149,50.6,0.181,0.149,0.228,0.33,0.289,0.291,0.172,40,221,91.6,27,2379,94.9,95.47,157,497,591,0.5999999999999943,6.79,106,148,116,149,297,330,301,10.4,-10.4,70.2,6.8,262,145,25,6,0,9,77,29.4,36,13.7,0.93028,1.61722,0.73479,-0.13475,91.5,198,43.44827586206896,12.413793103448276,6.870229007633588,5.95,-1,-0.12,2.85,0.305,18,-0.951378676,0.297,0.347,0.951378676,0.009,0.008,-0.017,-0.002,31.6,43.6
70,676755,"Mattson, Isaac",100,70,0.083,0,0.125,0.083,0.28,0.387,0.243,1,12,86.4,1.5,2357,94,94.41,5,32,38,0.4000000000000057,6.68,107,147,113,146,306,329,291,-0.6,0.6,67,6.6,18,8,1,0,0,0,4,22.2,5,27.8,0.98257,1.61286,0.788,0.17686,90.8,191,25,0,0,6.03,-1.63,-0.17,2.93,0.389,0,0.862857143,0.495,0.289,-0.862857143,-0.16,-0.106,-0.206,-0.107,15.6,49.4
769,434378,"Verlander, Justin",1580,48.7,0.299,0.198,0.324,0.497,0.37,0.321,0.239,56,187,90.6,24.9,2395,93.5,92.51,82,405,364,-1,5.94,109,149,113,149,294,320,294,-10.4,10.4,69.8,6.9,213,154,38,8,1,9,37,17.4,20,9.4,1.02419,1.60679,0.71901,-0.00684,91.5,201,41.55844155844156,8.441558441558442,6.103286384976526,7.13,-1.43,0.06,2.96,0.366,13,1.349414824,0.315,0.423,-1.349414824,0.06,0.051,0.074,0.049,20.2,56.6
130,622250,"Sborz, Josh",284,45.8,0.214,0.071,0.3,0.286,0.261,0.349,0.276,6,28,93.8,17.9,2394,95.1,94.57,14,72,58,-0.5,6.1,113,148,118,150,301,325,299,0.6,-0.6,70.4,6.9,31,20,4,2,0,0,8,25.8,3,9.7,0.92877,1.60331,0.44238,-0.05115,91.6,195,55.00000000000001,10,6.451612903225806,6.35,-0.64,0.02,2.89,0.29,2,-0.428461538,0.346,0.454,0.428461538,-0.062,-0.056,-0.168,-0.088,19.4,53.1
1259,641482,"Cortes, Nestor",2849,44.2,0.235,0.208,0.268,0.443,0.316,0.311,0.227,60,255,92.6,25.9,2309,92.1,91.33,138,642,617,-0.8,5.93,110,151,117,150,292,325,286,6.8,-6.8,70.4,6.9,277,192,31,17,0,12,65,23.5,17,6.1,1.1021,1.59714,0.40436,-0.21907,91.4,198,52.604166666666664,11.979166666666668,8.303249097472925,5.9,0.88,0.08,2.73,0.29,23,-0.542811755,0.284,0.433,0.542811755,0.008,0.006,0.01,0.005,21.5,52.9
237,686580,"Slaten, Justin",811,29.2,0.151,0.019,0.229,0.17,0.189,0.212,0.158,8,53,87.2,19.7,2394,96.4,97.01,33,124,113,0.5999999999999943,6.78,112,149,118,148,286,321,299,4.4,-4.4,67.3,6.5,58,35,7,1,0,0,18,31,3,5.2,0.87034,1.59532,0.45339,-0.07822,89.8,174,22.857142857142858,0,0,6.13,-0.67,-0.11,2.71,0.224,0,-1.855274262,0.231,0.224,1.855274262,-0.007,-0.007,-0.054,-0.023,26.6,54.5
863,668964,"Myers, Tobias",2152,40.1,0.239,0.197,0.274,0.436,0.322,0.338,0.245,56,234,90.9,20,2223,92.9,93.62,88,453,410,0.6999999999999886,6.7,111,149,121,148,303,322,297,5.7,-5.7,69.5,6.8,258,170,36,7,0,13,65,25.2,22,8.5,1.04663,1.59446,0.41619,0.00799,92,197,44.70588235294118,11.176470588235295,7.3643410852713185,5.89,-0.92,0.01,2.78,0.306,19,-0.660950174,0.313,0.468,0.660950174,-0.006,-0.007,-0.032,-0.016,19.4,60.7
532,689017,"Knack, Landon",1149,46.3,0.228,0.298,0.225,0.526,0.358,0.33,0.203,26,114,93.3,27.4,2448,93.5,92.76,53,261,271,-0.7,5.86,116,150,125,151,296,315,295,4.3,-4.3,69.3,6.8,128,81,13,2,1,10,33,25.8,12,9.4,1.01613,1.59323,0.63122,-0.07566,91.6,207,53.086419753086425,14.814814814814813,9.375,5.79,-0.77,-0.1,2.93,0.313,12,-0.811654135,0.29,0.48,0.811654135,0.025,0.023,0.046,0.028,20.3,53.5
203,672391,"Ort, Kaleb",366,55.5,0.173,0.308,0.143,0.481,0.288,0.293,0.227,9,52,89.5,24.8,2437,97.5,97.23,27,107,96,-0.3,6.35,111,151,116,150,292,323,294,1.4,-1.4,67.9,6.8,54,33,3,1,0,5,19,35.2,2,3.7,0.8265,1.59113,0.54414,-0.00532,91.1,196,39.39393939393939,9.090909090909092,5.555555555555555,5.9,-2.52,-0.03,2.75,0.204,3,-0.666995074,0.255,0.426,0.666995074,-0.054,-0.051,0.055,-0.005,25.2,44.9
115,682254,"Montgomery, Mason",158,72.8,0.176,0.118,0.3,0.294,0.293,0.372,0.229,3,17,94.1,13,2321,97.3,97.97,25,58,57,0.7000000000000028,6.78,103,150,116,148,298,324,298,0.3,-0.3,69.2,6.6,21,10,1,2,0,0,7,33.3,4,19,0.82739,1.59096,0.54948,-0.18513,91.6,194,60,20,9.523809523809524,5.83,1.49,-0.19,2.94,0.333,2,-0.293913043,0.376,0.472,0.293913043,-0.053,-0.043,-0.178,-0.079,43.1,53.9
285,669276,"Lee, Dylan",859,33.2,0.257,0.186,0.32,0.443,0.323,0.288,0.208,18,70,90,22.2,2251,92.4,92.33,28,145,140,-0.1,6.3,111,151,121,148,301,322,293,3.2,-3.2,70.9,7.1,76,53,10,5,1,2,18,23.7,5,6.6,1.08572,1.59067,0.65582,-0.23337,91.7,196,41.509433962264154,11.320754716981133,7.894736842105263,6.49,1.7,0.26,2.74,0.307,6,-1.122105263,0.261,0.406,1.122105263,0.049,0.045999999999999985,0.037,0.035,19.3,46.3
89,669330,"Wells, Tyler",259,34.4,0.32,0.4,0.333,0.72,0.444,0.462,0.335,8,25,94.5,23.9,2377,92.5,92.66,10,51,38,0.20000000000000284,6.4,111,148,120,146,308,321,295,-2.9,2.9,71.6,7.2,26,20,3,2,1,2,5,19.2,1,3.8,1.08101,1.58438,0.39169,0.12809,93.2,192,55.00000000000001,20,15.384615384615385,6.87,-1.21,0.16,3.21,0.346,4,3.205617978,0.361,0.745,-3.205617978,-0.015,-0.015,-0.025,-0.018,19.6,50
177,685801,"Bigge, Hunter",300,59,0.257,0.114,0.348,0.371,0.314,0.294,0.222,9,35,91.6,22.5,2370,97.5,98.16,24,90,87,0.7000000000000028,6.75,110,149,117,151,299,327,299,2.4,-2.4,68.6,6.7,39,24,7,1,0,1,11,28.2,4,10.3,0.82452,1.58169,0.60141,-0.14333,91.2,183,58.333333333333336,12.5,7.6923076923076925,5.76,-0.48,-0.08,2.61,0.333,3,-1.333333333,0.302,0.358,1.333333333,0.035,0.031000000000000028,0.013,0.02,26.7,52.6
52,663321,"Hernandez, Nick",139,37.4,0.455,0.273,0.5,0.727,0.522,0.366,0.345,5,11,79.5,21.9,2622,90.8,91.18,6,26,26,0.4000000000000057,6.71,111,148,124,147,289,320,293,-1.5,1.5,67.8,6.9,12,9,4,0,0,1,2,16.7,1,8.3,1.20327,1.58135,0.2706,-0.0066,92.7,182,33.33333333333333,0,0,5.69,-2.19,0.44,2.7,0.5,0,2.95,0.4,0.429,-2.95,0.11,0.1,0.298,0.156,23.1,47.9
370,621363,"Poche, Colin",543,68.1,0.227,0.182,0.214,0.409,0.304,0.326,0.248,20,88,90.8,18.8,2226,91.2,92.57,29,174,196,1.3999999999999915,7.23,102,149,115,147,297,328,296,2.2,-2.2,69.8,6.9,99,75,14,1,0,5,15,15.2,9,9.1,1.17646,1.57662,-0.18366,0.05055,92.3,168,41.333333333333336,8,6.0606060606060606,6.28,1.19,-0.27,2.82,0.293,6,-0.582702703,0.312,0.442,0.582702703,-0.021,-0.019,-0.033,-0.022,16.7,63.4
34,690925,"Beeter, Clayton",51,66.7,0.286,0.143,0.333,0.429,0.353,0.37,0.269,2,7,90.2,29.2,2369,95.2,94.23,3,16,18,-1,5.84,117,150,126,152,303,326,292,0,0,70.9,6.9,8,6,1,1,0,0,1,12.5,1,12.5,0.95529,1.57029,0.26882,0.08,91.2,186,50,16.666666666666664,12.5,6.21,-1.07,-0.03,2.86,0.375,1,0.091176471,0.36,0.503,-0.091176471,0.017,0.015000000000000013,-0.074,-0.017,18.8,53
822,605483,"Snell, Blake",1773,46.4,0.2,0.103,0.26,0.303,0.276,0.286,0.194,29,145,88.3,21.4,2434,95.9,96.7,87,357,465,0.7999999999999972,6.84,109,150,122,147,301,321,293,4.7,-4.7,68,6.5,166,103,21,4,1,3,42,25.3,21,12.7,0.92572,1.56204,0.48315,-0.32084,90.6,188,33.00970873786408,6.796116504854369,4.216867469879518,6.68,1.95,-0.03,3.06,0.301,7,-0.5743309,0.296,0.341,0.5743309,0.006,0.005,-0.038,-0.01,24.4,56.7
41,686993,"Sterner, Justin",64,64.1,0.5,0.25,0.444,0.75,0.475,0.229,0.238,4,8,93.4,12.8,2330,93.4,93.45,7,22,19,0.1,6.59,102,146,115,148,302,328,297,-1.7,1.7,71,6.7,9,9,2,2,0,0,0,0,0,0,1.07659,1.56195,0.70244,-0.03951,92.5,200,33.33333333333333,0,0,5.58,-2.96,0.14,2.66,0.444,0,4.163414634,0.213,0.372,-4.163414634,0.262,0.231,0.378,0.246,31.8,39.8
333,680897,"Nastrini, Nick",734,45.4,0.189,0.226,0.146,0.415,0.37,0.427,0.238,10,53,89.7,27.2,2370,93.7,93.99,23,113,220,0.29999999999999716,6.55,110,148,117,149,296,325,294,-5.3,5.3,71.8,7.1,72,45,6,0,0,4,8,11.1,18,25,1.0452,1.56051,0.3467,-0.01144,91.9,180,42.22222222222222,17.77777777777778,11.11111111111111,5.96,-2.06,0.09,2.36,0.403,8,1.601801802,0.439,0.551,-1.601801802,-0.049,-0.036,-0.136,-0.057,20.4,45.4
21,669169,"Heasley, Jonathan",108,19.4,0.7,0.6,0.625,1.3,0.851,0.605,0.467,7,10,92,11.9,2222,93.1,93.19,0,13,8,0.10000000000000853,6.53,112,146,117,149,293,317,292,-6.6,6.6,64.2,6.3,10,10,5,0,0,2,0,0,0,0,1.08619,1.56,0.37238,-0.03714,94,172,60,20,20,6.14,-1.22,0.23,2.61,0.7,2,31.26666667,0.467,0.962,-31.26666667,0.233,0.23299999999999993,0.338,0.246,0,56.6
957,671737,"Bradley, Taj",2294,41.7,0.269,0.231,0.284,0.5,0.372,0.391,0.274,56,208,92.5,22.1,2304,96.4,96.38,112,534,423,0,6.5,106,148,115,149,298,330,301,-0.4,0.4,69.3,6.7,240,168,33,10,1,12,41,17.1,30,12.5,0.91468,1.55901,0.47586,-0.02631,91.8,207,48.80952380952381,14.880952380952381,10.416666666666668,6.12,-1.44,0.02,3.03,0.361,25,0.036886102,0.366,0.55,-0.036886102,-0.005,-0.005,-0.05,-0.019,21,54.1
84,676083,"Junk, Janson",175,48,0.438,0.438,0.5,0.875,0.554,0.445,0.32,7,16,97,25.8,2322,93.8,94.15,8,43,41,0.4000000000000057,6.55,106,145,117,144,301,320,295,-2.1,2.1,68.3,6.7,21,12,4,1,0,2,5,23.8,4,19,1.03964,1.55726,0.28108,0.04663,92.1,225,66.66666666666666,16.666666666666664,9.523809523809524,5.86,-0.92,0.05,2.82,0.524,2,2.505952381,0.435,0.651,-2.505952381,0.118,0.089,0.224,0.109,18.6,55.6
30,680742,"Bowlan, Jonathan",68,44.1,0.25,0.75,0,1,0.571,0.506,0.26,1,4,87,47.3,2246,95.6,95.88,6,17,13,0.30000000000001137,6.68,114,151,120,149,299,321,288,-0.3,0.3,69.6,6.9,6,3,0,0,0,1,1,16.7,2,33.3,0.95933,1.55533,0.67067,0.29667,89.5,194,33.33333333333333,33.33333333333333,16.666666666666664,6.08,-2.67,-0.14,2.95,0.5,1,1.096666667,0.507,0.738,-1.096666667,-0.01,-0.007,0.262,0.065,35.3,43.2
125,680732,"Burke, Sean",309,40.5,0.172,0.276,0.158,0.448,0.299,0.338,0.246,5,29,93.3,29.8,2546,95.3,96.3,17,72,53,1,6.95,115,149,117,150,291,330,299,2.7,-2.7,68.5,6.7,32,21,1,2,0,2,8,25,3,9.4,0.97296,1.54776,0.5348,-0.28344,91.1,213,52.38095238095239,14.285714285714285,9.375,6.15,-2.24,0.02,2.98,0.25,3,-2.1584,0.316,0.466,2.1584,-0.074,-0.066,-0.018,-0.039,23.6,43
666,596133,"Weaver, Luke",1374,48.5,0.177,0.153,0.23,0.331,0.271,0.303,0.193,22,124,92.5,24.7,2462,95.7,94.84,94,313,353,-0.9,5.98,112,150,119,151,291,324,288,7.8,-7.8,69.7,6.8,142,79,13,4,0,5,46,32.4,15,10.6,0.96149,1.54574,0.53383,0.01974,91.1,195,49.36708860759494,10.126582278481013,5.633802816901409,5.75,-1.66,0.09,2.89,0.275,8,-1.174624625,0.29,0.395,1.174624625,-0.016,-0.015,-0.064,-0.032,30,47.1
23,663462,"Campbell, Isaiah",119,19.3,0.5,0.75,1,1.25,0.733,0.554,0.328,4,8,95.7,16,2421,93.6,93.76,3,8,15,0.20000000000000284,6.4,107,150,113,149,276,321,294,-4.9,4.9,68.9,6.4,8,4,2,0,0,2,4,50,0,0,1.0613,1.54565,0.41609,-0.00913,99,237,75,50,25,6.59,-1.8,-0.32,2.92,0.5,2,21.33043478,0.328,1.021,-21.33043478,0.172,0.172,0.229,0.179,37.5,51.8
402,656641,"Latz, Jacob",813,49.4,0.228,0.152,0.263,0.38,0.34,0.372,0.235,18,79,90.7,26.2,2337,94.9,95.24,45,201,201,0.29999999999999716,6.64,114,149,119,149,299,323,296,-7.7,7.7,69.5,6.8,99,60,12,3,0,3,20,20.2,18,18.2,1.00017,1.54515,0.4786,-0.01621,91.5,195,46.666666666666664,10,6.0606060606060606,5.98,1.61,-0.22,3.15,0.374,6,1.926119403,0.382,0.465,-1.926119403,-0.007,-0.008,-0.085,-0.032,22.4,50.9
1055,669854,"Blanco, Ronel",2751,38.3,0.232,0.265,0.228,0.497,0.366,0.406,0.269,43,185,92.2,24.6,2228,93.4,94.19,88,458,597,0.7999999999999972,6.85,108,149,113,149,292,322,295,-3,3,69.4,6.8,219,148,19,11,1,12,37,16.9,32,14.6,1.07873,1.54476,0.60603,-0.08057,91.4,198,45.94594594594595,17.56756756756757,11.87214611872146,6.17,-0.88,0.01,2.97,0.352,26,0.286066351,0.383,0.57,-0.286066351,-0.037,-0.031,-0.073,-0.04,19.2,47.5
85,656420,"Feyereisen, J.P.",179,47.5,0.316,0.263,0.333,0.579,0.433,0.42,0.296,6,19,91.6,26.4,2420,91.7,91.11,8,47,38,-0.6,5.97,119,150,128,151,297,319,297,-3.6,3.6,71.2,7.2,23,16,3,2,0,1,3,13,4,17.4,1.18647,1.53918,0.27941,0.01612,90.7,191,37.5,18.75,13.043478260869565,6.35,-0.47,0.16,3.11,0.435,3,4.205882353,0.419,0.559,-4.205882353,0.02,0.016000000000000014,0.02,0.013,17,50.9
415,592094,"Adam, Jason",1109,37.4,0.167,0.119,0.176,0.286,0.233,0.306,0.228,14,84,92.4,24.7,2648,95.5,95.93,58,219,196,0.4000000000000057,6.66,109,149,114,148,296,326,298,6.4,-6.4,69.5,6.8,93,70,8,4,0,2,15,16.1,7,7.5,0.97289,1.53836,0.62511,0.06463,92,198,47.14285714285714,5.714285714285714,4.301075268817205,6.19,-1.06,0.01,3.18,0.237,4,-1.549638554,0.293,0.417,1.549638554,-0.061,-0.056,-0.131,-0.073,26.5,37.5
92,668676,"Plesac, Zach",208,44.2,0.304,0.478,0.2,0.783,0.472,0.468,0.309,7,23,88.7,33.2,2020,90.2,90.29,3,46,46,0.1,6.39,114,150,121,150,306,325,299,-3,3,69.1,7,25,23,2,2,0,3,0,0,2,8,1.27402,1.53196,0.57293,0.01098,92.3,203,43.47826086956522,30.434782608695656,28.000000000000004,6.34,-0.06,0.07,2.71,0.36,7,3.208695652,0.364,0.753,-3.208695652,-0.005,-0.004,0.03,0.004,6.5,56.9
1388,656302,"Cease, Dylan",3188,43.5,0.235,0.154,0.276,0.39,0.331,0.352,0.245,64,272,89.8,17.6,2557,96.9,96.8,141,695,693,-0.1,6.29,114,149,118,151,298,325,299,-3,3,69.1,6.8,325,210,40,15,0,9,64,19.7,47,14.5,0.90236,1.53148,0.20871,-0.03173,91.2,190,43.80952380952381,10.476190476190476,6.769230769230769,6.2,-1.17,0.16,2.98,0.352,22,0.217507205,0.361,0.435,-0.217507205,-0.01,-0.009,-0.045,-0.021,20.3,54.9
695,669211,"Akin, Keegan",1241,56,0.215,0.177,0.282,0.392,0.29,0.271,0.189,34,158,88.3,25.1,2419,93.9,92.88,99,352,343,-1,5.85,112,148,121,148,301,325,296,2.6,-2.6,68.5,6.7,180,110,18,9,2,5,54,30,14,7.8,1.07337,1.52846,0.8278,-0.14463,91.4,199,41.81818181818181,10.909090909090908,6.666666666666667,5.98,2.12,-0.05,2.78,0.281,12,-0.377841727,0.263,0.34,0.377841727,0.026,0.018000000000000016,0.052,0.019,28.1,44.1
614,674003,"Bradford, Cody",1175,52.3,0.185,0.159,0.204,0.344,0.246,0.28,0.218,28,151,89.3,23.2,2100,89.8,91,66,310,304,1.2000000000000028,7.1,112,150,117,149,301,324,298,10.6,-10.6,69.1,6.6,160,114,17,4,1,6,38,23.8,8,5,1.30906,1.52805,0.49842,-0.24591,91.2,192,37.719298245614034,7.894736842105263,5.625,6.28,0.47,-0.07,2.83,0.225,9,-1.733387622,0.256,0.391,1.733387622,-0.033,-0.031,-0.047,-0.034,21.3,58.6
343,641941,"Pagán, Emilio",593,57.8,0.259,0.176,0.31,0.435,0.33,0.342,0.247,22,85,91.9,28.2,2553,94.6,95.13,52,201,142,0.5,6.71,111,147,121,148,296,322,291,-1,1,70.8,7,95,62,15,3,0,4,24,25.3,9,9.5,1.03087,1.52778,0.5795,0.04195,91.8,207,56.451612903225815,11.29032258064516,7.368421052631578,5.68,-1.65,0.05,2.79,0.326,7,0.280174927,0.322,0.463,-0.280174927,0.012,0.004,-0.028,-0.012,25.9,41
266,650644,"Civale, Aaron",2699,9.9,0.294,0.196,0.333,0.49,0.366,0.286,0.205,15,51,91.2,31.3,2386,92,90.94,12,126,140,-1.1,5.67,108,150,121,149,300,325,296,-7.8,7.8,68.8,6.8,56,41,9,4,0,2,10,17.9,5,8.9,1.16902,1.52767,0.41566,0.00057,90.8,190,43.90243902439025,4.878048780487805,3.571428571428571,6.41,-0.85,0.03,3.24,0.357,2,2.930451128,0.276,0.374,-2.930451128,0.089,0.081,0.116,0.08,9.5,46.2
385,573204,"Thielbar, Caleb",887,43.4,0.32,0.175,0.37,0.495,0.38,0.363,0.273,31,97,91,16.5,2275,93.2,93.3,41,229,156,0.1,6.29,110,146,116,147,295,321,294,-3.4,3.4,68.1,6.7,111,77,22,5,0,4,22,19.8,12,10.8,1.09252,1.52613,0.28846,-0.02763,91.6,187,44.15584415584416,12.987012987012985,9.009009009,6.07,0.34,0.02,2.99,0.387,10,0.878961039,0.353,0.479,-0.878961039,0.047,0.034,0.016,0.017,17.9,53.6
1341,669194,"Nelson, Ryne",2406,55.7,0.249,0.168,0.327,0.418,0.315,0.307,0.249,74,297,93.2,13.9,2216,95.2,96.1,137,704,637,0.8999999999999915,6.82,112,149,119,149,297,319,297,6.6,-6.6,68.7,6.6,328,208,44,19,2,9,92,28,23,7,0.99276,1.52512,0.47746,-0.03543,91.3,188,51.92307692307693,7.6923076923076925,4.878048780487805,6.12,-1.48,-0.08,2.78,0.309,16,-0.493288591,0.309,0.389,0.493288591,0,0,0.029,0.008,19.5,49.4
1162,682243,"Miller, Bryce",2749,42.3,0.184,0.164,0.207,0.348,0.261,0.322,0.224,46,250,92.3,28.3,2484,95.2,95.11,173,650,512,-0.1,6.31,114,149,115,149,291,320,293,13.9,-13.9,70.4,6.9,271,184,25,11,0,10,66,24.4,20,7.4,0.99686,1.52503,0.52868,-0.11078,91.3,205,45.108695652173914,15.217391304347828,10.33210332103321,5.7,-1.25,0.05,2.89,0.247,28,-1.195697074,0.285,0.463,1.195697074,-0.04,-0.038,-0.115,-0.061,26.6,45.8
58,694350,"Brzykcy, Zach",104,55.8,0.417,0.333,0.444,0.75,0.523,0.477,0.407,5,12,90.5,19.5,2188,94,94.81,4,25,33,0.7999999999999972,6.71,109,149,126,148,302,323,301,-4.9,4.9,68.7,6.7,14,10,3,1,0,1,2,14.3,2,14.3,1.04845,1.52483,0.57414,0.15931,91.8,210,40,20,14.285714285714285,5.83,-1.11,-0.1,3.08,0.5,2,8.472413793,0.492,0.615,-8.472413793,0.01,0.008,0.135,0.046,16,51.9
1347,684007,"Imanaga, Shota",2590,52,0.229,0.241,0.221,0.47,0.319,0.316,0.237,76,332,91.2,27.2,2442,91.7,91.47,130,739,608,-0.2,6.29,111,152,116,151,301,322,290,6.6,-6.6,70.8,6.9,354,266,41,12,1,22,66,18.6,21,5.9,1.20079,1.52472,0.84987,-0.53958,91.6,198,45.11278195488722,10.526315789473683,7.909604519774012,5.45,2.48,-0.13,2.92,0.277,28,-0.48908686,0.285,0.448,0.48908686,-0.008,-0.008,0.022,0.003,17.6,40.4
34,694646,"McDermott, Chayce",82,41.5,0.4,0,0.444,0.4,0.351,0.341,0.33,4,10,96.7,7.6,2129,94,94.91,4,21,13,0.9000000000000057,6.95,104,147,113,151,296,322,291,-0.3,0.3,65.8,6.3,12,9,4,0,0,0,2,16.7,1,8.3,1.06882,1.52441,0.73559,-0.385,93.3,161,77.77777777777779,0,0,5.59,-1.06,-0.12,2.98,0.417,0,0.888235294,0.385,0.387,-0.888235294,0.07,0.032,0.013,0.01,19,43.3
39,683068,"Penrod, Zach",86,45.3,0.4,0.2,0.4,0.6,0.529,0.493,0.372,2,5,80.6,34.2,2360,94.8,94.71,2,15,24,-0.1,6.53,112,152,120,149,288,319,290,-1.4,1.4,67.7,6.7,8,5,1,1,0,0,0,0,2,25,1.03923,1.52436,0.53949,-0.13538,88.9,167,20,0,0,6.33,1.86,-0.1,2.81,0.625,0,3.582051282,0.607,0.474,-3.582051282,0.028,0.018000000000000016,0.126,0.036,13.3,48.2
289,543518,"McGough, Scott",577,50.1,0.361,0.361,0.375,0.721,0.497,0.49,0.338,22,61,97,13.1,2356,93.1,92.26,23,132,157,-0.8,5.86,114,148,120,148,300,318,294,-12.3,12.3,69.4,6.9,78,52,10,6,2,4,10,12.8,16,20.5,1.11332,1.52419,0.67779,0.09772,93.1,211,61.53846153846154,21.153846153846153,14.102564102564102,6,-1.41,0.01,2.63,0.487,11,4.271280277,0.47,0.724,-4.271280277,0.023,0.017000000000000015,-0.003,0.007,17.4,46.2
666,663432,"Rainey, Tanner",939,70.9,0.255,0.235,0.263,0.49,0.365,0.369,0.237,38,149,91.8,27.7,2399,94,93.86,69,351,315,-0.1,6.3,114,148,120,147,300,322,296,-3.9,3.9,70.7,7.1,174,122,20,9,1,8,28,16.1,22,12.6,1.0655,1.5238,0.84967,0.06315,91.6,193,44.26229508196721,16.39344262295082,11.494252873563218,6.13,-2.7,0,2.6,0.356,20,0.579429429,0.343,0.516,-0.579429429,0.018,0.012999999999999956,-0.026,-0.004,19.7,38.1
86,621097,"Waguespack, Jacob",221,38.9,0.333,0,0.455,0.333,0.431,0.497,0.376,5,15,82.6,7.2,2137,93.6,94.6,12,35,51,1,7.01,102,148,114,146,298,329,296,0,0,68.6,6.4,23,11,5,0,0,0,4,17.4,8,34.8,1.09372,1.52244,0.15146,0.0122,90.6,177,36.36363636363637,9.090909090909092,4.3478260869565215,6.43,-0.14,0.19,3.02,0.565,1,0.043023256,0.593,0.538,-0.043023256,-0.043,-0.028,-0.205,-0.066,34.3,72.2
363,664126,"Fairbanks, Pete",696,52.2,0.28,0.061,0.328,0.341,0.32,0.363,0.287,23,82,90.6,15.3,2341,97.3,97.37,30,162,201,0.10000000000000853,6.48,108,148,114,149,294,327,297,0.5,-0.5,70.9,7.1,93,68,20,2,0,1,14,15.1,11,11.8,0.89986,1.52113,0.22149,-0.02077,92.2,180,41.17647058823529,7.352941176470589,5.376344086021505,6.88,-0.4,-0.07,2.45,0.366,5,-0.14600551,0.371,0.456,0.14600551,-0.007,-0.005,-0.115,-0.043,18.5,52.7
248,621051,"Wilson, Steven",623,39.8,0.245,0.265,0.229,0.51,0.391,0.419,0.265,12,49,88,21.5,2439,93.5,94.44,19,115,133,0.9000000000000057,6.87,112,147,115,147,295,321,294,-2.3,2.3,68.9,6.7,64,40,7,1,0,4,11,17.2,11,17.2,1.0902,1.5206,0.53262,-0.09069,91,189,37.5,15,9.375,5.72,-1.88,-0.08,2.74,0.397,6,0.934677419,0.421,0.532,-0.934677419,-0.02,-0.024,-0.022,-0.028,16.5,46.1
1034,623167,"Flexen, Chris",2797,37,0.261,0.212,0.267,0.473,0.36,0.37,0.259,64,245,92,22.6,2144,91.3,91.3,59,448,586,0,6.29,111,149,118,149,296,325,296,-6.4,6.4,70.3,6.9,283,209,37,14,1,12,38,13.4,34,12,1.21573,1.52029,0.13372,-0.00322,92.5,204,47.84688995215311,10.526315789473683,7.773851590106007,6.87,-0.12,0,2.85,0.356,22,0.616731141,0.354,0.505,-0.616731141,0.002,0.002,-0.032,-0.01,13.2,70.6
568,670280,"Bednar, David",1023,55.5,0.256,0.203,0.283,0.459,0.358,0.363,0.244,34,133,89.9,26.6,2468,97.2,97.78,77,320,248,0.5999999999999943,6.7,111,147,110,147,305,323,294,-5.6,5.6,70,6.9,158,106,19,9,0,6,29,18.4,22,13.9,0.90243,1.51854,0.63722,0.0668,91.5,194,42.45283018867924,12.264150943396226,8.227848101265822,5.98,-1.78,0.21,3,0.363,13,0.984507042,0.355,0.478,-0.984507042,0.012,0.008,-0.019,-0.005,24.1,43
45,687377,"Ribalta, Orlando",97,46.4,0.538,0.077,0.636,0.615,0.528,0.36,0.32,7,13,91.6,21.3,2600,96,96.25,8,30,15,0.20000000000000284,6.44,118,148,126,149,301,320,292,-2.9,2.9,70.4,7.1,15,11,6,1,0,0,2,13.3,2,13.3,0.95711,1.51822,0.458,-0.03222,91.3,193,36.36363636363637,0,0,6.65,-1.55,-0.33,2.9,0.6,0,6.502222222,0.41,0.392,-6.502222222,0.218,0.19,0.223,0.168,26.7,44.1
316,675540,"Curry, Xzavion",639,49.5,0.262,0.23,0.28,0.492,0.347,0.369,0.283,16,61,91.6,27.9,2090,92.1,92.02,27,138,178,-0.1,6.25,114,149,124,150,300,318,300,-0.9,0.9,71,6.9,66,52,6,8,0,2,9,13.6,5,7.6,1.17095,1.51766,0.32641,-0.03879,91.8,204,42.30769230769231,13.461538461538462,10.606060606060606,6.06,-1.34,0.11,2.77,0.318,7,0.275949367,0.338,0.522,-0.275949367,-0.021,-0.02,-0.03,-0.022,19.6,61.5
896,656629,"Kopech, Michael",1143,78.4,0.183,0.143,0.253,0.326,0.285,0.288,0.184,32,175,88.4,18.6,2620,98.7,99.55,144,424,472,0.7999999999999972,6.89,113,148,118,150,296,321,297,6.2,-6.2,68.5,6.6,209,107,21,4,0,7,71,34,27,12.9,0.83559,1.51665,0.80749,-0.13184,90.8,194,42.05607476635514,9.345794392523365,4.784688995215311,5.73,-2.3,-0.11,3.02,0.303,10,-0.688504464,0.304,0.333,0.688504464,-0.001,-0.001,-0.007,-0.003,34,45.1
143,642121,"Sulser, Cole",292,49,0.136,0.045,0.167,0.182,0.247,0.377,0.26,3,22,91.2,24.9,2338,92.2,92.64,12,70,73,0.3999999999999915,6.68,110,147,118,149,299,327,298,2.9,-2.9,70.6,6.8,30,19,2,1,0,0,5,16.7,6,20,1.18105,1.5149,0.89734,0.03455,91.5,192,57.89473684210527,10.526315789473683,6.666666666666667,5.81,-1.68,0.06,2.88,0.31,2,-2.062237762,0.405,0.465,2.062237762,-0.124,-0.095,-0.283,-0.13,17.1,44.7
89,678692,"Henriquez, Ronny",303,29.4,0.273,0.227,0.278,0.5,0.359,0.468,0.333,6,22,93.2,22.4,2444,95.7,95.86,6,48,41,0.20000000000000284,6.49,109,147,119,148,294,321,294,-1,1,69.5,7,24,19,4,0,1,1,3,12.5,0,0,0.98461,1.51427,0.62427,0.02764,92.1,224,47.368421052631575,21.052631578947366,16.666666666666664,5.49,-1.97,-0.26,3.09,0.333,4,1.131460674,0.389,0.721,-1.131460674,-0.06,-0.056,-0.221,-0.109,12.5,49.2
14,683822,"Uwasawa, Naoyuki",62,22.6,0,0,,0,0,0,,0,1,,,2431,89.8,89.72,1,3,11,-0.1,6.32,110,147,114,144,290,329,297,-0.3,0.3,59.4,5.7,1,0,0,0,0,0,1,100,0,0,1.325,1.51286,0.71429,0.24857,88,191,,,0,6.28,-1.99,0.31,2.57,0,0,1.928571429,,,-1.928571429,,,,0,33.3,50.7
52,502179,"Espino, Paolo",158,32.9,0.462,0.538,0.417,1,0.625,0.61,0.433,6,13,96.1,24.8,2198,88.2,88.6,1,21,31,0.3999999999999915,6.59,114,148,116,151,296,324,293,-2.9,2.9,73.6,6.9,17,13,3,0,2,1,0,0,4,23.5,1.42519,1.51115,0.3825,-0.07942,94.9,236,61.53846153846154,30.76923076923077,23.52941176470588,5.62,-0.93,-0.18,2.75,0.588,4,5.642307692,0.567,0.961,-5.642307692,0.029,0.021,0.039,0.015,4.8,52.1
243,681402,"Varland, Gus",455,53.4,0.267,0.067,0.375,0.333,0.31,0.285,0.22,12,45,90.7,16.8,2370,95.3,95.58,26,114,129,0.29999999999999716,6.53,110,149,120,149,293,325,296,5.9,-5.9,69.9,6.7,51,32,9,3,0,0,13,25.5,6,11.8,1.0084,1.50992,0.9072,-0.02465,90.8,194,37.5,3.125,1.9607843137254901,5.4,-1.29,-0.01,2.66,0.353,1,-2.446090535,0.312,0.318,2.446090535,0.047,0.041,0.015,0.025,22.8,49.9
411,548389,"Stripling, Ross",1358,30.3,0.244,0.178,0.284,0.422,0.328,0.304,0.213,22,90,89.2,22.6,2143,91.7,91.13,30,171,240,-0.6,6.07,112,148,116,150,296,319,295,-3,3,69,6.8,103,70,12,7,0,3,21,20.4,12,11.7,1.21562,1.50871,0.39924,-0.01202,91.7,192,37.142857142857146,10,6.796116504854369,6.84,-1.1,0.12,3.06,0.33,7,0.71946472,0.303,0.388,-0.71946472,0.031,0.027000000000000024,0.034,0.024,17.5,61.2
619,683232,"Mears, Nick",1028,60.2,0.24,0.16,0.281,0.4,0.319,0.321,0.238,30,125,89.8,14.7,2318,96.7,97.88,64,320,299,1.2000000000000028,6.86,111,148,120,147,302,329,301,0.8,-0.8,69,6.8,146,94,20,5,0,5,34,23.3,18,12.3,0.92244,1.50725,0.23376,-0.00803,90.7,196,38.297872340425535,7.446808510638298,4.794520547945205,6.2,-1.45,0.31,2.7,0.329,7,-0.131017771,0.328,0.402,0.131017771,0.002,0.001,-0.002,-0.002,20,61.1
104,814005,"Bloss, Jake",238,43.7,0.4,0.35,0.4,0.75,0.498,0.467,0.368,8,20,88.1,18.9,2439,93.4,94.18,7,55,49,0.7999999999999972,6.9,110,146,111,146,289,323,299,-1.1,1.1,67.4,6.8,22,17,5,1,0,2,3,13.6,1,4.5,1.12577,1.50346,0.40115,-0.16038,91.4,193,35.294117647058826,17.647058823529413,13.636363636363635,5.78,-2.61,-0.04,2.86,0.429,3,1.075961538,0.398,0.703,-1.075961538,0.032,0.030999999999999972,0.047,0.031,12.7,44.6
23,687396,"Headrick, Brent",60,38.3,1,2,1,3,1.331,1.075,0.67,2,2,102.6,27,2368,92.2,92.93,2,13,10,0.7000000000000028,6.98,117,150,113,149,279,312,303,-1.1,1.1,70.8,6.9,3,2,0,1,0,1,0,0,1,33.3,1.20696,1.50261,0.92783,-0.17565,90.9,241,100,50,33.33333333333333,6.11,1.57,-0.3,2.51,1,1,4.952173913,0.78,2.402,-4.952173913,0.33,0.21999999999999997,0.598,0.256,15.4,37.1
442,701581,"Festa, David",1099,40.2,0.304,0.241,0.385,0.544,0.41,0.384,0.272,24,79,91.3,17.9,2349,94.7,95.92,39,201,241,1.2000000000000028,6.96,111,148,113,147,293,321,298,-4.2,4.2,68.6,6.7,93,56,13,7,0,4,23,24.7,12,12.9,1.03887,1.50154,0.12744,0.00716,91.6,187,50,12.5,7.526881720430108,6.24,-1.88,0.06,2.86,0.409,7,0.954072398,0.382,0.503,-0.954072398,0.032,0.027,0.041,0.026,19.4,60.2
698,663158,"Suarez, Robert",977,71.4,0.223,0.12,0.279,0.343,0.271,0.264,0.208,39,175,88.9,20.1,2422,99.1,99.52,105,417,281,0.4000000000000057,6.68,117,149,119,151,296,322,298,5.4,-5.4,69,6.8,188,128,28,6,0,5,48,25.5,12,6.4,0.8341,1.50142,0.6085,-0.08446,90.8,192,39.84375,7.03125,4.787234042553192,6.26,-1.08,0.02,2.82,0.273,9,-0.773495702,0.259,0.338,0.773495702,0.015,0.014000000000000012,0.005,0.007,25.2,46.1
109,622694,"Hernández, Elieser",251,43.4,0.207,0.241,0.182,0.448,0.326,0.396,0.301,6,29,96.4,26.3,2248,91.8,92.12,8,47,62,0.29999999999999716,6.55,115,151,122,150,298,321,296,0.4,-0.4,70.6,7.1,33,24,3,1,0,2,5,15.2,4,12.1,1.21064,1.50138,0.32657,0.00472,94.9,215,62.5,12.5,9.090909090909092,5.29,-2.15,0.09,2.84,0.303,3,-0.356880734,0.385,0.536,0.356880734,-0.094,-0.082,-0.088,-0.07,17,40.8
465,689225,"Brieske, Beau",1152,40.4,0.222,0.049,0.34,0.272,0.303,0.302,0.188,18,81,91.6,18.6,2504,95.9,95.59,47,222,243,-0.3,6.14,115,148,118,149,291,329,299,1.8,-1.8,70.3,7,104,54,14,4,0,0,30,28.8,19,18.3,0.98232,1.49994,0.49039,-0.15348,90.7,191,46.2962963,5.555555555555555,2.8846153846153846,6.03,-1.36,-0.16,2.51,0.369,3,-0.39311828,0.345,0.302,0.39311828,0.034,0.024,-0.03,0.001,21.2,51.4
515,571946,"Miller, Shelby",850,60.6,0.183,0.147,0.205,0.33,0.273,0.303,0.201,20,109,93.8,22.4,2418,93.5,94.62,59,249,266,1.0999999999999943,7,114,147,114,147,294,327,295,9.5,-9.5,67.6,6.6,128,82,12,4,0,4,30,23.4,11,8.6,1.1125,1.49905,0.7527,0.01841,91.9,198,43.90243902439025,7.317073170731707,4.6875,5.34,-1.5,-0.07,2.74,0.281,6,-1.83961165,0.305,0.349,1.83961165,-0.018,-0.024,-0.019,-0.03,23.7,45.7
432,657508,"Baumann, Mike",1067,40.5,0.289,0.329,0.254,0.618,0.422,0.399,0.262,22,76,93.4,20,2284,96.5,97.08,42,215,217,0.5999999999999943,6.7,110,147,120,147,299,325,297,-2.8,2.8,70.7,6.9,95,69,11,3,2,6,10,10.5,13,13.7,0.95725,1.49884,0.68053,0.02442,91.8,206,55.072463768115945,14.492753623188406,10.526315789473683,6.13,-1.62,0.05,2.9,0.4,10,0.647222222,0.388,0.511,-0.647222222,0.027,0.012,0.107,0.023,19.5,49.9
504,643338,"Green, Chad",840,60,0.198,0.165,0.202,0.364,0.257,0.322,0.25,24,121,93.6,21.4,2459,95.5,95.6,54,298,206,0.1,6.53,113,147,117,149,290,322,297,12.1,-12.1,69.9,6.8,131,99,14,5,0,5,25,19.1,7,5.3,1.01754,1.49845,0.66002,-0.11696,91.7,203,50.505050505050505,8.080808080808081,6.106870229007633,6.12,-1.79,0.02,2.97,0.237,8,-2.402777778,0.285,0.475,2.402777778,-0.052,-0.048,-0.111,-0.065,18.1,44.7
173,656876,"Rasmussen, Drew",459,37.7,0.171,0.029,0.25,0.2,0.203,0.238,0.182,6,35,89.1,8.5,2535,97.4,97.94,28,91,82,0.5,6.62,112,146,115,150,297,329,304,3.5,-3.5,68.8,6.5,38,24,5,1,0,0,11,28.9,3,7.9,0.90803,1.49838,0.38561,-0.27254,90.3,176,45.83333333333333,0,0,6.01,-1.83,-0.06,2.76,0.237,0,-2.011560694,0.247,0.28,2.011560694,-0.011,-0.01,-0.08,-0.035,30.8,58.8
347,683004,"Leiter, Jack",669,51.9,0.35,0.275,0.381,0.625,0.443,0.419,0.302,28,80,94.3,19.9,2348,96.4,97.01,55,190,157,0.5999999999999943,6.87,110,148,114,148,297,320,298,-16.2,16.2,70.3,6.8,100,68,16,6,2,4,16,16,12,12,0.97709,1.49761,0.62862,0.0519,92.9,201,54.41176470588235,13.23529411764706,9,5.61,-2,0.1,2.9,0.439,9,4.674063401,0.405,0.58,-4.674063401,0.048,0.033999999999999975,0.045,0.024,28.9,48.8
301,592662,"Ray, Robbie",568,53,0.167,0.2,0.171,0.367,0.309,0.307,0.177,10,60,89.1,33.7,2320,94.1,93.8,39,148,153,-0.3,6.15,110,149,124,147,298,318,290,1.6,-1.6,68,6.6,75,39,6,0,0,4,22,29.3,12,16,1.08133,1.49738,0.73465,-0.4993,90.5,194,35.8974359,7.6923076923076925,4,6.3,2.58,-0.18,3.2,0.32,3,-0.527574751,0.328,0.35,0.527574751,-0.01,-0.008,0.017,0.002,26.4,48
476,656730,"Megill, Trevor",668,71.3,0.209,0.07,0.26,0.279,0.247,0.282,0.217,27,129,91.2,19,2456,98.8,99.38,60,270,206,0.6000000000000085,6.67,113,149,120,148,303,324,299,12.2,-12.2,68.9,6.8,142,99,22,3,0,2,32,22.5,10,7,0.84584,1.49403,0.46939,0.00724,92,197,44.44444444444444,7.070707071,4.929577464788732,6.6,-0.22,-0.01,2.82,0.27,7,-2.571008403,0.28,0.345,2.571008403,-0.008,-0.01,-0.066,-0.035,22.2,54.5
291,592426,"Jackson, Luke",917,31.7,0.245,0.113,0.324,0.358,0.33,0.314,0.198,13,53,92.9,23.3,2295,94.7,95.66,28,112,179,1,6.87,112,149,123,149,297,322,295,0,0,68.7,6.8,67,38,9,3,0,1,17,25.4,10,14.9,1.05096,1.49388,0.42663,0.039,91.7,204,39.473684210526315,7.894736842105263,4.477611940298507,6.59,-1.96,-0.01,2.97,0.373,3,0.01443299,0.343,0.318,-0.01443299,0.047,0.03,0.04,0.016,25,55.7
618,608379,"Wacha, Michael",2602,23.8,0.279,0.169,0.327,0.449,0.346,0.371,0.3,38,136,88.8,20.4,2129,93.6,94.46,52,307,311,0.9000000000000057,6.77,114,148,117,150,296,323,297,1.2,-1.2,68.4,6.6,152,110,25,7,2,4,28,18.4,14,9.2,1.10739,1.49324,0.55362,-0.15971,91.3,190,41.81818181818181,11.818181818181818,8.552631578947368,6.54,-1.54,0.08,2.68,0.347,13,-0.192556634,0.365,0.488,0.192556634,-0.021,-0.018,-0.039,-0.025,16.9,52.1
42,622251,"Staumont, Josh",420,10,0,0,0,0,0,0.131,0.122,0,5,89.6,17.7,2314,94.3,95.09,7,14,28,0.7999999999999972,6.8,111,147,121,146,300,322,290,0.2,-0.2,67.8,6.9,5,3,0,0,0,0,2,40,0,0,1.0769,1.49262,0.30167,0.08024,90.7,211,66.66666666666666,0,0,6.2,-1.1,0.26,3.3,0,0,-0.514285714,0.122,0.183,0.514285714,-0.122,-0.122,-0.183,-0.131,50,55.2
697,665152,"Kremer, Dean",2171,32.1,0.245,0.259,0.27,0.503,0.366,0.372,0.24,35,143,90.9,24,2274,93.4,93.1,81,349,348,-0.3,6.21,113,147,117,150,298,327,301,0,0,69.2,6.7,167,100,20,4,0,11,44,26.3,21,12.6,1.13092,1.49218,0.64885,-0.25341,91.1,203,46,17,10.179640718562874,6.02,-1.99,-0.11,3.01,0.347,17,-0.004591105,0.344,0.527,0.004591105,0.005,0.003,-0.024,-0.006,23.2,39.9
477,607259,"Martinez, Nick",2125,22.4,0.219,0.132,0.274,0.351,0.27,0.272,0.22,25,114,86.8,22.3,2342,92.6,91.76,55,259,218,-0.8,5.83,114,146,119,149,293,321,292,1.3,-1.3,68.6,6.6,126,89,15,7,1,2,29,23,7,5.6,1.1734,1.49002,0.38361,-0.06749,90.7,185,34.831460674157306,4.494382022,3.1746031746031744,6.21,-1.68,0.02,3.13,0.268,4,-0.28197065,0.269,0.355,0.28197065,-0.001,-0.001,-0.004,-0.002,21.2,57
110,669308,"Reynolds, Sean",225,48.9,0.211,0.053,0.4,0.263,0.273,0.224,0.139,4,19,85.7,25.8,2444,96.9,97.63,17,48,62,0.6999999999999886,6.87,112,149,122,150,298,323,300,0.6,-0.6,68.1,6.7,22,10,3,1,0,0,9,40.9,2,9.1,0.95455,1.48909,0.778,0.09982,89.8,188,20,0,0,6.59,-1.27,0.22,3.11,0.318,0,-0.589090909,0.262,0.196,0.589090909,0.072,0.055999999999999994,0.067,0.049,35.4,44.2
800,670102,"Francis, Bowden",1559,51.3,0.174,0.197,0.168,0.371,0.263,0.301,0.215,37,213,90.9,26.6,2362,92.9,93.65,88,476,324,0.6999999999999886,6.81,112,148,119,149,288,320,295,12.9,-12.9,70.8,6.9,231,167,17,9,0,11,47,20.3,15,6.5,1.16199,1.48907,0.50118,-0.00566,91.3,202,39.52095808383233,10.179640718562874,7.359307359,5.9,-2.15,0.05,2.87,0.235,17,-1.617,0.273,0.423,1.617,-0.041,-0.038,-0.052,-0.038,18.5,38.9
586,592773,"Stanek, Ryne",977,60,0.236,0.171,0.276,0.407,0.327,0.31,0.203,29,123,90.5,26.4,2329,97.7,97.12,88,318,268,-0.6,6.02,112,149,117,148,295,323,295,-0.8,0.8,69.5,6.9,143,92,19,4,1,5,32,22.4,18,12.6,0.90585,1.48881,0.77343,-0.05824,91.2,208,43.47826086956522,13.043478260869565,8.391608391608392,6.37,-0.87,-0.03,2.73,0.336,12,0.139590444,0.308,0.393,-0.139590444,0.033,0.028000000000000025,0.014,0.017,27.7,45.8
97,670241,"Vines, Darius",257,37.7,0.435,0.261,0.409,0.696,0.495,0.473,0.399,10,23,93.4,18.2,2226,90.8,90.73,1,46,51,-0.1,6.31,117,151,126,150,298,324,290,-3.9,3.9,72.7,7.1,28,23,6,3,0,1,1,3.6,4,14.3,1.28474,1.48722,0.71763,-0.01062,92.8,196,60.86956521739131,8.695652173913043,7.142857142857142,6.01,-0.96,0.09,2.76,0.5,2,3.979381443,0.471,0.665,-3.979381443,0.036,0.029000000000000026,0.031,0.022,2.2,45.9
103,605447,"Romano, Jordan",215,47.9,0.28,0.24,0.238,0.52,0.389,0.47,0.375,7,25,92.6,14.7,2247,96.4,98.4,3,46,57,2,7.54,115,148,113,148,290,319,291,1.1,-1.1,67.3,6.6,29,23,5,0,0,2,2,6.9,3,10.3,0.97942,1.4868,0.52252,-0.05476,92.9,181,56.52173913043478,8.695652173913043,6.896551724137931,6.07,-1.59,-0.18,2.82,0.379,2,-1.104854369,0.461,0.638,1.104854369,-0.095,-0.082,-0.118,-0.081,6.5,50.8
1531,607074,"Rodón, Carlos",3102,49.4,0.262,0.252,0.263,0.514,0.364,0.389,0.278,83,317,93,23.8,2383,95.4,94.88,174,814,717,-0.5,6.12,108,151,118,150,295,326,287,5.4,-5.4,70.6,7,354,257,48,11,3,21,61,17.2,36,10.2,1.03137,1.48677,0.73566,-0.4895,91.8,205,50.583657587548636,14.785992217898833,10.734463276836157,6.41,1.89,0.16,2.89,0.336,38,-0.353363815,0.351,0.562,0.353363815,-0.016,-0.015,-0.048,-0.025,21.4,47.5
28,621399,"Feigl, Brady",44,63.6,0.833,0.667,0.8,1.5,0.992,0.643,0.521,5,6,82.9,5.3,2211,92.7,91.54,1,13,15,-1.2,5.64,109,144,118,142,308,320,295,-4,4,66.5,6.4,6,6,3,1,0,1,0,0,0,0,1.17321,1.48607,0.49071,-0.00929,90.5,208,33.33333333333333,16.666666666666664,16.666666666666664,6.43,2.06,0.34,2.89,0.833,1,14.23571429,0.521,0.98,-14.23571429,0.312,0.31199999999999994,0.52,0.349,7.7,53.2
207,663460,"Bubic, Kris",467,44.3,0.205,0.231,0.375,0.436,0.272,0.23,0.182,8,39,82.3,16,2364,93,94.1,33,95,112,1.0999999999999943,6.86,110,149,115,149,301,323,296,2.5,-2.5,68,6.6,42,19,4,1,1,2,22,52.4,1,2.4,1.1443,1.48575,0.30107,-0.076,90.2,175,31.57894736842105,10.526315789473683,4.761904761904762,5.74,2.02,-0.1,2.71,0.22,2,-1.209661836,0.203,0.319,1.209661836,0.023,0.016999999999999987,0.117,0.042,34.7,43.8
198,642629,"Ramirez, Emmanuel",371,53.4,0.34,0.362,0.333,0.702,0.457,0.424,0.339,16,47,93.7,18.9,2292,93.9,94.27,13,97,101,0.3999999999999915,6.56,111,147,118,146,296,321,295,-5.5,5.5,71.6,7.2,54,42,7,4,2,3,6,11.1,6,11.1,1.10798,1.48268,0.11302,0.02219,92.9,193,50,9.523809523809524,7.4074074074074066,5.78,0.07,0.04,2.65,0.407,4,2.779292929,0.409,0.585,-2.779292929,0.001,-0.002,0.117,0.033,13.4,59.9
259,656887,"Reid-Foley, Sean",385,67.3,0.149,0.043,0.212,0.191,0.253,0.269,0.171,7,47,90,12.5,2206,94.9,95.78,25,115,144,0.8999999999999915,6.88,110,145,117,146,294,319,296,1.5,-1.5,68.3,6.5,60,33,5,2,0,0,15,25,12,20,1.06077,1.48108,0.58853,0.06915,91.3,173,39.39393939393939,0,0,5.54,-1.05,0.35,2.85,0.317,0,-0.58957529,0.335,0.212,0.58957529,-0.022,-0.018,-0.021,-0.016,21.7,47.5
335,673929,"Leasure, Jordan",560,59.8,0.169,0.138,0.176,0.308,0.295,0.323,0.194,11,65,86.8,20.3,2274,96.1,97.26,43,167,168,1.2000000000000028,6.98,112,148,114,149,295,321,296,1.6,-1.6,69.7,6.8,83,54,6,3,0,2,13,15.7,15,18.1,0.9923,1.47967,0.42594,-0.02475,90,192,25.925925925925924,5.555555555555555,3.614457831325301,5.88,-1.4,0.01,2.95,0.329,3,-0.474029851,0.349,0.363,0.474029851,-0.025,-0.02,-0.055,-0.028,25.7,51.3
71,643361,"Herget, Kevin",151,47,0.133,0.067,0.167,0.2,0.234,0.48,0.389,2,15,93.4,14.4,2209,92.9,91.74,7,33,38,-1.2,5.69,116,153,125,149,303,321,293,1.3,-1.3,69,7.1,18,12,1,1,0,0,3,16.7,3,16.7,1.17324,1.47873,0.59437,0.12197,91.6,193,50,16.666666666666664,11.11111111111111,6.11,-1.52,0.32,2.5,0.278,2,-1.8,0.491,0.626,1.8,-0.256,-0.213,-0.426,-0.246,21.2,53.8
77,669199,"Bachar, Lake",161,47.8,0.3,0.35,0.286,0.65,0.426,0.346,0.264,6,20,90.6,23.4,2718,94.2,93.73,10,39,38,-0.5,6.12,106,148,119,149,298,323,297,-0.2,0.2,69.3,7,22,16,3,1,0,2,4,18.2,2,9.1,1.1026,1.47662,0.80052,-0.15013,92.7,186,43.75,12.5,9.090909090909092,5.67,-1.15,-0.25,2.8,0.364,2,0.301298701,0.331,0.463,-0.301298701,0.036,0.032999999999999974,0.187,0.08,25.6,34.6
1036,663559,"Falter, Bailey",2138,48.5,0.255,0.155,0.277,0.41,0.314,0.321,0.255,69,271,87.5,18.7,2031,91.8,93.71,90,543,493,1.9000000000000057,7.35,107,148,111,146,311,326,291,0.6,-0.6,69.5,6.7,306,230,43,18,0,8,48,15.7,26,8.5,1.22358,1.47491,0.22442,-0.14442,91.3,172,34.34782608695652,7.826086957,5.882352941,5.78,1.15,-0.17,2.87,0.315,18,-0.062644788,0.32,0.411,0.062644788,0,-0.005,-0.001,-0.007,16.6,55.9
382,696136,"Wicks, Jordan",852,44.8,0.264,0.161,0.297,0.425,0.347,0.335,0.245,23,87,88.9,23.4,2315,92.6,92.56,35,215,167,0,6.29,111,150,117,150,301,320,292,1.5,-1.5,68.9,6.7,101,69,17,2,0,4,19,18.8,13,12.9,1.18796,1.47448,0.35233,-0.14992,91.1,196,42.028985507246375,8.695652173913043,5.9405940594059405,5.98,2.16,-0.08,3,0.36,6,-0.389528796,0.343,0.414,0.389528796,0.019,0.017,0.011,0.012,16.3,50.4
394,660761,"Suarez, José",987,39.9,0.286,0.204,0.333,0.49,0.404,0.396,0.27,14,49,89.4,19,2341,93,92.23,35,155,239,-0.8,5.98,107,149,116,147,304,326,298,-2.8,2.8,70.1,6.8,64,38,8,4,0,2,12,18.8,12,18.8,1.17668,1.47393,0.64048,-0.26668,90.5,191,52.63157894736842,13.157894736842104,7.8125,5.63,1.56,-0.19,2.74,0.438,5,0.719543147,0.433,0.448,-0.719543147,0.016,0.005,0.042,0.008,22.6,39.6
49,664351,"Contreras, Luis",105,46.7,0.333,0,0.4,0.333,0.324,0.42,0.347,4,12,99.7,17,2561,91.8,93.11,5,21,28,1.2999999999999972,7.06,108,150,116,148,295,319,294,0.1,-0.1,68.7,6.6,13,10,4,0,0,0,2,15.4,1,7.7,1.23265,1.47347,0.02617,-0.00489,96,177,90,10,7.6923076923076925,5.34,-2.5,-0.32,3.21,0.385,1,-0.153061224,0.397,0.58,0.153061224,-0.014,-0.012,-0.247,-0.096,23.8,48
729,672282,"Detmers, Reid",1559,46.8,0.278,0.23,0.326,0.508,0.385,0.357,0.241,35,126,91.5,22.3,2125,93.8,93.39,91,360,369,-0.4,6.15,108,149,117,149,303,326,298,-6.8,6.8,69.9,6.8,147,93,20,8,0,7,33,22.4,19,12.9,1.12874,1.47305,0.73373,-0.22048,91.1,191,41.935483870967744,13.978494623655912,8.843537414965986,6.1,1.45,0.12,2.97,0.381,13,0.937037037,0.349,0.471,-0.937037037,0.037,0.032,0.037,0.028,25.3,43.9
332,657024,"Swanson, Erik",667,49.8,0.197,0.155,0.216,0.352,0.285,0.345,0.274,14,71,94.6,14.4,2271,93.9,94.49,35,161,171,0.5999999999999943,6.75,114,149,118,148,290,320,292,5.4,-5.4,69.4,6.7,80,54,9,2,0,3,17,21.3,9,11.3,1.12581,1.47157,0.82066,0.02355,91.9,185,51.85185185185185,11.11111111111111,7.5,6.21,-0.73,-0.12,3.14,0.287,6,-1.640361446,0.356,0.432,1.640361446,-0.077,-0.069,-0.08,-0.06,21.7,54
196,670046,"Rosenberg, Kenny",403,48.6,0.341,0.227,0.351,0.568,0.429,0.43,0.326,15,44,92.2,26.5,2189,90.2,89.17,16,84,112,-1,5.72,107,149,116,149,305,325,302,-3.5,3.5,71,6.9,51,39,9,4,0,2,5,9.8,7,13.7,1.33954,1.47046,0.71908,-0.21592,92.4,192,48.717948717948715,10.256410256410255,7.8431372549019605,6.08,1.68,-0.26,2.36,0.431,4,1.785204082,0.418,0.585,-1.785204082,0.015,0.013000000000000012,-0.017,-0.001,19,46.4
25,489119,"Miley, Wade",118,21.2,0.286,0,0.286,0.286,0.353,0.441,0.387,2,7,83.7,-7.4,2258,90.1,89.93,1,13,12,-0.2,6.23,106,154,115,146,306,323,301,-0.8,0.8,68.7,6.8,9,7,2,0,0,0,0,0,1,11.1,1.3436,1.4692,0.388,-0.388,89.1,105,0,0,0,6.36,1.76,-0.35,3.16,0.444,0,3.044,0.523,0.44,-3.044,-0.101,-0.079,-0.154,-0.088,7.7,52.2
699,543037,"Cole, Gerrit",1534,45.6,0.189,0.176,0.237,0.365,0.292,0.298,0.196,30,159,90.8,24.6,2361,95.9,95.7,80,342,357,-0.2,6.29,113,149,120,152,295,327,292,6.9,-6.9,68.8,6.6,182,104,17,5,1,7,55,30.2,20,11,1.02155,1.4689,0.55391,-0.13465,90.9,201,38.46153846153847,8.653846153846153,4.945054945054945,6.01,-2.26,-0.09,3.02,0.291,9,-0.985693848,0.298,0.371,0.985693848,-0.007,-0.007,-0.006,-0.006,23.4,42.6
27,691441,"Mena, Cristian",70,38.6,0.333,1,0,1.333,0.685,0.728,0.466,1,3,105.1,16.5,2444,95.3,96.1,3,11,16,0.7999999999999972,6.86,105,148,125,147,298,305,288,-1.7,1.7,69.1,7.3,4,2,0,0,0,1,1,25,1,25,1.05111,1.46889,0.4663,0.10333,92.9,203,100,50,25,6.11,-1.67,0.2,2.74,0.5,1,6.418518519,0.599,1.318,-6.418518519,-0.133,-0.099,0.015,-0.043,27.3,46.7
48,641582,"Foster, Matt",108,44.4,0.2,0,0.25,0.2,0.295,0.433,0.301,2,10,97.3,21.6,2251,91.9,91.51,3,21,27,-0.4,6.17,109,149,114,149,291,330,296,1.4,-1.4,67.2,6.6,13,8,2,0,0,0,2,15.4,3,23.1,1.24375,1.46875,0.45083,-0.1025,92.5,234,62.5,12.5,7.6923076923076925,6.09,-1.69,0.17,2.43,0.385,1,-2.885416667,0.462,0.544,2.885416667,-0.101,-0.077,-0.344,-0.138,14.3,48.1
404,458677,"Wilson, Justin",816,49.5,0.333,0.309,0.435,0.642,0.435,0.383,0.262,27,81,87.8,18.7,2213,95.5,95.09,61,221,183,-0.4,6.05,111,146,118,148,294,321,292,-6.1,6.1,69.9,6.6,93,53,16,4,0,7,30,32.3,8,8.6,1.03196,1.46827,0.55005,0.01545,90.8,197,45.28301886792453,20.754716981132077,11.827956989247312,6.4,1.39,-0.03,2.83,0.398,11,1.515841584,0.341,0.563,-1.515841584,0.071,0.056999999999999995,0.079,0.052,27.6,49.1
238,656848,"Petersen, Michael",363,65.6,0.222,0.2,0.222,0.422,0.343,0.33,0.209,10,45,87.5,27.3,2265,97.1,97.51,25,129,109,0.4000000000000057,6.53,114,149,125,149,298,318,293,-2.3,2.3,69.3,6.8,56,38,5,3,0,2,8,14.3,9,16.1,0.95134,1.46815,0.68853,0.06693,90.2,189,34.21052631578947,5.263157894736842,3.571428571428571,6.42,-1.05,0.03,2.99,0.357,2,0.959243697,0.347,0.396,-0.959243697,0.013,0.010000000000000009,0.026,0.013,19.4,51.1
29,676568,"Vanasco, Ricky",45,64.4,0.25,0.125,0.25,0.375,0.267,0.298,0.317,2,8,88.6,11.1,2253,94.7,95.53,3,16,13,0.7999999999999972,6.84,114,151,116,150,298,320,290,-0.6,0.6,63.4,6.1,8,8,1,1,0,0,0,0,0,0,1.08241,1.46655,0.85897,0.38586,91.8,145,37.5,0,0,5.68,-1.69,0.02,3.03,0.25,0,1.975862069,0.317,0.355,-1.975862069,-0.067,-0.067,0.02,-0.031,18.8,52.2
143,622098,"Smith, Drew",328,43.6,0.226,0.226,0.316,0.452,0.321,0.332,0.225,7,31,95.7,27.6,2558,94.7,94.07,20,77,66,-0.6,6.05,111,149,122,150,297,321,295,-1.3,1.3,69.1,6.9,36,20,3,2,1,1,12,33.3,4,11.1,1.08804,1.46615,0.54119,0.17769,92.7,218,50,15,8.333333333333332,5.68,-2.28,-0.02,3.11,0.306,3,0.881818182,0.326,0.415,-0.881818182,0.001,-0.02,0.037,-0.011,26,40.5
1657,669022,"Gore, MacKenzie",2994,55.3,0.281,0.137,0.34,0.418,0.346,0.347,0.274,96,342,88.2,18.8,2309,96,97.14,201,890,767,1.0999999999999943,6.96,109,149,118,146,300,321,294,-2.2,2.2,69.9,6.7,392,266,68,18,1,9,78,19.9,42,10.7,1.01145,1.46575,0.49314,-0.26284,90.8,192,40.60150376,7.142857142857142,4.846938775510204,5.85,1.94,-0.03,2.79,0.367,19,0.129993965,0.361,0.424,-0.129993965,0.007,0.006,-0.006,-0.001,22.6,45
83,689958,"Walters, Andrew",132,62.9,0.059,0.059,0.067,0.118,0.132,0.251,0.173,1,17,88.5,29.9,2567,95.9,96.56,15,49,34,0.6999999999999886,6.7,115,150,120,150,298,317,302,2.7,-2.7,70.1,6.8,20,15,0,1,0,0,3,15,2,10,1.01627,1.46554,0.36783,-0.00639,90.3,207,26.666666666666668,0,0,5.87,-2.77,-0.13,3,0.15,0,-3.230120482,0.256,0.289,3.230120482,-0.114,-0.106,-0.171,-0.119,30.6,37.5
137,641585,"France, J.P.",466,29.4,0.375,0.188,0.355,0.563,0.442,0.465,0.364,12,32,93.2,21,2366,92.2,91.78,8,53,84,-0.4,6.18,107,148,117,147,293,320,295,-3.7,3.7,71.2,7.1,40,32,8,3,0,1,1,2.5,7,17.5,1.23139,1.46438,0.4919,-0.02723,94.3,192,40.625,6.25,5,5.73,-1.42,-0.13,3.02,0.475,2,2.721167883,0.469,0.624,-2.721167883,0.011,0.006,-0.061,-0.023,15.1,43.6
1168,680730,"Parker, Mitchell",2404,48.6,0.276,0.15,0.3,0.425,0.329,0.357,0.281,83,301,90.4,20.7,2191,92.5,93.41,75,626,542,0.9000000000000057,6.81,109,149,117,146,303,326,296,-10.6,10.6,70.1,6.8,333,256,58,14,2,9,49,14.7,28,8.4,1.19955,1.4643,0.43533,-0.23751,91.9,194,41.40625,8.984375,6.906906906906906,6.13,1.67,0.01,2.82,0.333,23,0.906421233,0.341,0.487,-0.906421233,-0.005,-0.008,-0.062,-0.028,12,54.8
476,605154,"Brebbia, John",994,47.9,0.172,0.121,0.259,0.293,0.244,0.29,0.212,17,99,90.7,21.4,2284,93.8,94.26,62,241,235,0.5,6.59,113,148,120,149,296,323,296,6.6,-6.6,68.6,6.6,109,57,11,3,0,3,42,38.5,8,7.3,1.1304,1.46424,0.80252,-0.15462,91,202,49.122807017543856,10.526315789473683,5.5045871559633035,5.85,-1.92,-0.13,3,0.248,6,-1.382352941,0.285,0.375,1.382352941,-0.04,-0.037,-0.082,-0.046,25.7,38.1
211,666159,"Manning, Matt",438,48.2,0.327,0.192,0.405,0.519,0.387,0.393,0.302,17,52,90.5,21.7,2229,93.8,94.75,23,108,103,1,6.87,110,147,113,147,292,332,296,-0.6,0.6,69.1,6.8,61,39,12,2,1,2,15,24.6,7,11.5,1.13057,1.46398,0.28557,-0.08748,91.4,200,46.15384615384615,17.94871794871795,11.475409836065573,5.52,-1.62,0.04,2.48,0.393,7,0.283412322,0.375,0.552,-0.283412322,0.025,0.018000000000000016,-0.033,-0.006,21.3,46.8
372,641302,"Alexander, Tyler",1668,22.3,0.232,0.263,0.242,0.495,0.333,0.327,0.239,22,95,91.4,27,2295,89.6,89.25,50,205,167,-0.3,6.21,102,151,117,147,302,327,294,-1.6,1.6,70.3,6.8,106,69,11,4,0,7,28,26.4,7,6.6,1.39086,1.46315,0.74065,-0.50892,91.5,201,44.927536231884055,11.594202898550725,7.547169811320755,5.72,1.42,-0.13,2.97,0.292,8,0.419623656,0.305,0.449,-0.419623656,-0.007,-0.013,0.046,0.006,24.4,37.2
121,641816,"Mahle, Tyler",229,52.8,0.25,0.219,0.28,0.469,0.327,0.333,0.278,8,32,89.3,20.5,2317,91.4,91.6,17,65,56,0.19999999999998863,6.56,109,147,117,149,290,327,297,-0.7,0.7,67.4,6.6,36,26,4,2,1,1,7,19.4,2,5.6,1.28372,1.46198,0.84066,-0.05107,92.5,196,38.46153846153847,7.6923076923076925,5.555555555555555,5.57,-1.99,0.11,2.85,0.306,2,0.550413223,0.336,0.426,-0.550413223,-0.028,-0.03,0.043,-0.006,26.2,44.6
69,669456,"Bieber, Shane",166,41.6,0.308,0.154,0.444,0.462,0.329,0.256,0.253,4,13,92,7.1,2304,92,92.78,5,30,39,0.7999999999999972,6.82,112,151,120,150,293,311,294,1.3,-1.3,,,13,9,2,2,0,0,4,30.8,0,0,1.23768,1.46188,0.87928,-0.05319,90.8,189,55.55555555555556,0,0,5.76,-1.54,-0.05,2.73,0.308,0,-1.857971014,0.253,0.337,1.857971014,0.055,0.055,0.125,0.073,16.7,43
7,687847,"Church, Marc",15,46.7,0,0,0,0,0,0.123,0.127,0,1,94,-18,2133,96.4,97.5,0,1,6,1.0999999999999943,6.83,116,146,101,145,298,319,298,0.4,-0.4,69.2,6.5,1,1,0,0,0,0,0,0,0,0,0.98429,1.46143,0.23,0.07286,94,8,0,0,0,6.48,-1.18,-0.26,2.61,0,0,-5.571428571,0.127,0.129,5.571428571,-0.127,-0.127,-0.129,-0.123,0,57.6
578,669358,"Baz, Shane",1206,47.9,0.252,0.118,0.286,0.37,0.321,0.315,0.226,32,127,92.7,26.7,2419,95.6,95.78,64,290,288,0.20000000000000284,6.58,107,149,113,150,300,329,300,4.3,-4.3,70.1,6.8,149,102,25,3,0,4,27,18.1,18,12.1,1.05189,1.46093,0.85209,-0.1278,91.7,196,47.05882352941176,7.8431372549019605,5.369127516778524,5.8,-1.51,-0.03,2.96,0.349,8,-0.752249135,0.327,0.384,0.752249135,0.026,0.021999999999999964,-0.014,0.006,22.1,37.8
423,664854,"Helsley, Ryan",931,45.4,0.276,0.092,0.287,0.367,0.321,0.338,0.259,27,98,92.3,19.4,2551,99.6,100.05,41,223,200,0.5,6.57,115,147,113,148,303,321,301,4,-4,69.9,6.9,116,90,22,3,0,2,12,10.3,14,12.1,0.84104,1.46017,0.28464,-0.10502,92.7,185,50,5.555555555555555,4.310344827586207,6.12,-0.31,-0.04,2.72,0.357,5,-0.941607565,0.348,0.419,0.941607565,0.017,0.009,-0.052,-0.017,18.4,59.1
2,668968,"Crouse, Hans",437,0.5,,,,,,,,,,,,2273,92.1,89.6,0,0,2,-2.4,5.1,106,151,123,149,313,329,302,0,0,,,,,,,,,,,,,1.26,1.46,0.62,-0.16,,,,,,5.86,-0.79,0.24,1.35,,0,1,,,-1,,,,,,26.7
232,614179,"Ruiz, José",835,27.8,0.26,0.26,0.3,0.52,0.356,0.344,0.25,13,50,92.9,26.7,2316,96.4,95.88,37,124,108,-0.5,6.06,110,148,117,148,295,324,292,1.3,-1.3,68.9,6.8,58,34,8,1,0,4,18,31,5,8.6,1.00047,1.4597,0.48466,0.00629,91.7,210,47.05882352941176,11.76470588235294,6.896551724137931,6.34,-1.1,0.05,2.91,0.328,4,-0.545689655,0.327,0.462,0.545689655,0.01,0.001,0.058,0.012,29.8,45.8
38,681871,"Villalobos, Eli",71,53.5,0.182,0.091,0.2,0.273,0.235,0.383,0.268,2,11,95.2,25.7,2281,93.3,93.79,3,19,19,0.5,6.69,109,149,126,148,295,310,290,1.9,-1.9,68,7.2,12,10,1,1,0,0,1,8.3,1,8.3,1.17237,1.45895,0.74763,0.16553,93.4,214,50,10,8.333333333333332,6.09,-2.22,-0.01,2.14,0.25,1,-4.952631579,0.329,0.575,4.952631579,-0.086,-0.079,-0.302,-0.148,15.8,45.7
412,660896,"Alcala, Jorge",931,44.3,0.224,0.289,0.216,0.513,0.362,0.339,0.211,17,76,90.8,33.4,2470,98,97.1,61,205,207,-0.9,5.88,114,148,116,150,297,323,295,1.6,-1.6,70.1,7,88,57,7,4,0,6,19,21.6,10,11.4,0.9258,1.45772,0.81886,-0.04197,91.2,218,49.122807017543856,14.035087719298245,9.090909090909092,6.56,-1.92,0.06,2.82,0.33,8,-0.388592233,0.319,0.461,0.388592233,0.013,0.011,0.052,0.023,29.8,49.9
278,608371,"Sims, Lucas",885,31.4,0.281,0.281,0.316,0.561,0.426,0.354,0.201,16,57,85.7,20.8,2613,94.2,93.55,30,139,139,-0.6,5.84,110,148,120,148,294,320,290,-4.4,4.4,68.5,7,76,43,9,2,1,4,16,21.1,16,21.1,1.10619,1.45745,0.39112,0.07112,90.5,195,32.55813953488372,13.953488372093023,7.894736842105263,5.73,-1.46,0.32,2.89,0.44,6,1.598920863,0.379,0.412,-1.598920863,0.08,0.061,0.149,0.072,21.6,39.4
1004,686613,"Brown, Hunter",2889,34.8,0.244,0.169,0.361,0.413,0.319,0.282,0.217,52,213,91.7,21.8,2296,96,96.37,140,486,518,0.4000000000000057,6.62,111,149,114,149,292,320,297,4.7,-4.7,68.6,6.6,235,128,35,7,1,9,85,36.2,21,8.9,1.02857,1.45675,0.42345,-0.16523,91,194,42.96875,6.25,3.404255319148936,6.3,-1.48,-0.13,3.06,0.315,8,-0.472808765,0.29,0.342,0.472808765,0.027,0.025000000000000022,0.071,0.037,28.8,59.7
180,641329,"Baker, Bryan",370,48.6,0.286,0.286,0.4,0.571,0.382,0.296,0.235,12,42,94.6,20.7,2271,96.3,96.73,29,96,84,0.4000000000000057,6.52,112,148,119,148,304,326,294,-2.8,2.8,67.6,6.7,45,27,5,4,1,2,15,33.3,3,6.7,1.00172,1.45539,0.21816,-0.00955,92.9,196,55.55555555555556,11.11111111111111,6.666666666666667,6.54,-0.7,-0.13,2.91,0.333,3,1.533333333,0.286,0.393,-1.533333333,0.051,0.047,0.178,0.086,30.2,55.7
924,680573,"Woods Richardson, Simeon",2295,40.3,0.258,0.098,0.326,0.356,0.317,0.318,0.229,50,194,90.5,18.9,2186,93.1,93.78,104,475,449,0.7000000000000028,6.71,111,148,118,149,297,323,293,9.5,-9.5,69.3,6.7,224,146,39,7,0,4,50,22.3,26,11.6,1.17872,1.45502,0.4846,0.05706,91.3,201,41.78082191780822,8.904109589041095,5.803571428571429,6.43,-1.06,0.01,2.92,0.35,13,-1.026082251,0.325,0.394,1.026082251,0.029,0.024999999999999967,-0.038,-0.001,21.9,46.6
169,666204,"Jiménez, Dany",450,37.6,0.308,0.5,0.238,0.808,0.499,0.521,0.326,8,26,90.5,12,2179,92.5,91.55,7,57,112,-1,5.76,112,148,114,149,298,320,296,-3.4,3.4,68.8,7,31,24,2,2,1,3,2,6.5,5,16.1,1.21473,1.45444,0.54059,0.0458,92.4,198,50,29.166666666666668,22.58064516129032,6.38,-0.42,0.02,2.77,0.419,7,2.00591716,0.438,0.842,-2.00591716,-0.018,-0.019,-0.034,-0.022,12.3,60.8
427,519043,"Moore, Matt",854,50,0.195,0.169,0.177,0.364,0.327,0.376,0.235,15,77,88.9,28.8,2249,92.7,92.19,45,214,213,-0.5,6.12,110,148,114,149,305,325,299,3.1,-3.1,69.8,6.8,97,67,10,1,0,4,11,11.3,19,19.6,1.21234,1.45391,0.84834,-0.13752,91.3,187,38.80597014925373,10.44776119402985,7.216494845360824,6.33,1.03,-0.24,2.87,0.354,7,-0.728571429,0.387,0.469,0.728571429,-0.04,-0.033,-0.105,-0.049,21,40.9
87,656794,"Newcomb, Sean",184,47.3,0.385,0.308,0.364,0.692,0.488,0.401,0.284,5,13,83.2,26.4,2376,93.7,92.76,9,46,41,-0.9,5.81,110,148,116,146,303,321,296,-1.1,1.1,67.4,6.7,16,13,3,1,0,1,1,6.3,2,12.5,1.15172,1.45276,0.55747,-0.36529,90.4,187,38.46153846153847,7.6923076923076925,6.25,6.38,2.08,-0.08,3.07,0.467,1,1.277011494,0.38,0.562,-1.277011494,0.101,0.087,0.13,0.087,19.6,41
27,695549,"Jobe, Jackson",48,56.3,0.125,0,0.125,0.125,0.175,0.318,0.27,1,8,89.6,16.8,2358,97,97,1,15,12,0,6.2,113,151,120,149,296,335,289,1.3,-1.3,69.7,7.2,10,8,1,0,0,0,0,0,1,10,0.96222,1.45222,0.59333,0.29037,91.3,207,25,0,0,5.89,-2,0.17,2.87,0.222,0,-4.777777778,0.351,0.354,4.777777778,-0.145,-0.129,-0.229,-0.143,6.7,48.6
15,675627,"Grove, Michael",827,1.8,0,0,,0,0,0,,0,1,,,2405,94.1,95.16,1,2,13,1.1000000000000085,6.88,103,137,108,143,291,313,294,-0.1,0.1,71.8,7.7,1,0,0,0,0,0,1,100,0,0,1.11933,1.452,0.05267,-0.002,88,3,,,0,5.99,-0.85,0.1,1.98,0,0,0.806666667,,,-0.806666667,,,,0,50,55.3
177,606149,"Gallegos, Giovanny",401,44.1,0.324,0.459,0.28,0.784,0.504,0.417,0.301,12,37,92.4,17.7,2312,92.2,91.24,5,72,105,-1,5.73,114,149,117,148,307,319,301,-6.2,6.2,69.4,7,45,30,5,2,0,5,7,15.6,8,17.8,1.23373,1.45068,0.59243,0.10339,92,182,60,13.333333333333334,8.888888889,6.74,-1.65,0.25,2.76,0.444,4,3.492655367,0.426,0.54,-3.492655367,0.023,0.018000000000000016,0.244,0.087,6.9,58.5
190,650893,"Cabrera, Génesis",1030,18.4,0.392,0.392,0.412,0.784,0.521,0.38,0.274,20,51,91.5,22.6,2264,95.9,95.14,20,112,78,-0.8,5.98,109,148,119,147,292,317,289,-7.7,7.7,69.4,6.8,58,40,12,2,0,6,11,19,7,12.1,1.04153,1.44963,0.81463,-0.24653,91.9,199,55.00000000000001,12.5,8.620689655172415,6.07,1.52,0.32,3.02,0.466,5,4.028421053,0.361,0.522,-4.028421053,0.118,0.10500000000000004,0.262,0.141,17.9,48.2
120,554431,"Matzek, Tyler",179,67,0.414,0.379,0.429,0.793,0.527,0.499,0.375,12,29,94,19.2,2392,93.6,93.49,8,62,58,-0.1,6.33,111,151,125,149,302,326,295,-5,5,70.3,7.2,32,24,8,0,1,3,5,15.6,3,9.4,1.163,1.44858,0.47208,-0.11892,92.9,219,58.333333333333336,20.833333333333336,15.625,6.28,1.85,-0.04,2.57,0.469,5,4.1925,0.433,0.76,-4.1925,0.039,0.035999999999999976,0.033,0.028,12.9,50.4
447,666214,"Wentz, Joey",1224,36.5,0.316,0.153,0.351,0.469,0.397,0.379,0.268,31,98,91.1,21.9,2236,93.7,93.84,38,217,230,0.1,6.47,112,149,116,147,296,325,295,-1.6,1.6,69.4,6.8,128,82,24,3,0,4,21,16.4,22,17.2,1.15834,1.44754,0.66027,-0.16224,91.6,183,45.12195122,9.756097561,6.25,6.48,0.95,-0.14,2.69,0.441,8,0.362639821,0.408,0.444,-0.362639821,0.048,0.033,0.025,0.018,17.5,51.3
79,594798,"deGrom, Jacob",172,45.9,0.278,0.278,0.4,0.556,0.371,0.256,0.183,5,18,98,29.5,2503,97.3,97.99,10,39,40,0.7000000000000028,6.77,110,149,116,149,299,320,300,0.6,-0.6,72,7.1,19,11,2,2,0,1,7,36.8,0,0,0.96937,1.44734,0.72532,0.15316,93.9,201,81.81818181818183,18.181818181818183,10.526315789473683,5.58,-1.35,0.17,2.71,0.316,2,-0.8,0.226,0.363,0.8,0.095,0.09,0.193,0.115,25.6,32.1
404,672710,"Contreras, Roansy",1075,37.6,0.231,0.115,0.275,0.346,0.287,0.359,0.279,24,104,91.9,11.1,2328,94.7,94.96,33,206,198,0.29999999999999716,6.49,110,148,115,149,307,324,298,2.3,-2.3,69.2,6.8,116,82,16,6,0,2,23,19.8,10,8.6,1.09983,1.44668,0.42527,0.01785,92.1,185,52.43902439,9.756097561,6.896551724137931,5.93,-1.06,-0.02,2.68,0.302,8,-0.579950495,0.347,0.477,0.579950495,-0.048,-0.045,-0.131,-0.072,16,48.2
165,606965,"Devenski, Chris",533,31,0.289,0.684,0.154,0.974,0.548,0.448,0.255,11,38,92.4,30.1,2371,93,92.49,14,93,72,-0.5,6.16,105,147,119,148,297,330,300,-8.8,8.8,70.5,6.9,46,33,0,3,1,7,5,10.9,8,17.4,1.20758,1.44527,0.90842,-0.09218,91.9,216,48.484848484848484,15.151515151515152,10.869565217391305,6.45,-0.07,0.17,3.05,0.413,5,5.341818182,0.384,0.705,-5.341818182,0.034,0.029,0.269,0.1,15.1,42.7
419,600917,"Leclerc, José",1204,34.8,0.176,0.118,0.233,0.294,0.305,0.337,0.197,12,68,89.7,26,2534,95.3,94.05,64,200,219,-1.3,5.58,111,149,116,148,300,324,296,1.4,-1.4,69.3,6.9,89,46,8,2,0,2,24,27,17,19.1,1.06737,1.4452,0.21489,0.07814,90.3,185,32.608695652173914,8.695652173913043,4.494382022,5.94,-1.62,-0.04,2.88,0.352,4,-0.336038186,0.371,0.368,0.336038186,-0.021,-0.019,-0.074,-0.032,32,41.7
91,675911,"Strider, Spencer",178,51.1,0.389,0.222,0.4,0.611,0.466,0.466,0.376,7,18,90.6,26.9,2260,96.3,97.23,9,53,38,0.9000000000000057,6.92,112,150,118,150,298,325,299,-2,2,73.5,7,21,16,5,1,0,1,2,9.5,3,14.3,1.02429,1.4433,0.94791,-0.12527,91.6,207,43.75,12.5,9.523809523809524,5.94,-1.72,0.21,2.79,0.476,2,2.234065934,0.465,0.629,-2.234065934,0.013,0.010999999999999954,-0.018,0,17,46.2
1303,666142,"Ragans, Cole",3118,41.8,0.213,0.149,0.276,0.361,0.3,0.311,0.222,63,296,90.6,18.7,2553,95.4,94.99,153,661,642,-0.4,6.13,110,150,117,148,304,324,293,16,-16,70.1,6.8,343,210,37,16,2,8,90,26.2,39,11.4,1.07107,1.44225,1.05063,-0.59336,91.3,189,40.95238095238095,8.095238095238095,4.956268221574344,6.42,0.99,-0.09,2.79,0.312,17,-1.224865695,0.321,0.37,1.224865695,-0.009,-0.009,-0.009,-0.011,23.1,46.4
6,657649,"Koenig, Jared",1017,0.6,0,0,,0,0,0,,0,1,,,2481,96.8,96.53,1,2,4,-0.3,6.12,113,152,127,148,296,317,294,0,0,66.8,6.7,1,0,0,0,0,0,1,100,0,0,0.99833,1.43833,0.47167,-0.225,88,242,,,0,6.1,2.37,-0.43,2.71,0,0,0.416666667,,,-0.416666667,,,,0,50,37
158,665620,"García, Deivi",283,55.8,0.278,0.111,0.36,0.389,0.353,0.355,0.26,10,36,92.1,18.2,2256,95.1,95.16,26,75,83,0.10000000000000853,6.51,108,148,116,147,298,324,296,-0.3,0.3,69.5,7,43,26,8,1,0,1,10,23.3,7,16.3,1.09994,1.43823,0.83367,0.22886,92.6,200,46.15384615384615,7.6923076923076925,4.651162790697675,5.28,-1.93,0.03,2.83,0.395,2,0.202531646,0.381,0.417,-0.202531646,0.018,0.014000000000000012,-0.028,-0.002,34.7,34
551,677053,"Nardi, Andrew",906,60.8,0.224,0.155,0.333,0.379,0.307,0.269,0.193,26,116,89.4,22,2294,94,94.62,81,275,276,0.5999999999999943,6.8,108,148,116,147,297,320,294,-3.7,3.7,68.8,6.6,133,72,15,7,1,3,45,33.8,15,11.3,1.15675,1.43797,0.68751,-0.23713,91.1,199,40.27777777777778,8.333333333333332,4.511278195488721,5.83,2.84,-0.11,3.17,0.316,6,0.675499093,0.289,0.302,-0.675499093,0.031,0.027000000000000024,0.077,0.038,29.5,46.8
1299,661563,"Gil, Luis",2664,48.8,0.205,0.19,0.265,0.395,0.318,0.314,0.21,54,263,91.2,21.2,2438,96.6,97.23,171,599,700,0.6000000000000085,6.73,113,149,117,151,291,325,289,1.3,-1.3,68.9,6.8,310,176,26,16,2,10,88,28.4,44,14.2,1.01497,1.43707,0.4675,-0.02978,91.1,194,42.04545454545455,11.363636363636363,6.451612903225806,5.82,-2.77,0.06,2.91,0.323,20,-0.098537336,0.328,0.37,0.098537336,-0.005,-0.005,0.025,0.004,28.5,39.4
386,547973,"Chapman, Aroldis",1128,34.2,0.224,0.121,0.3,0.345,0.366,0.375,0.23,13,58,93.8,16.3,2368,97.8,99.72,42,155,231,1.9000000000000057,7.33,110,149,112,148,310,326,293,-1,1,69.4,6.8,80,41,8,4,0,1,17,21.3,22,27.5,0.94738,1.43692,0.33199,-0.12795,91.9,172,53.65853658536586,2.4390243902439024,1.25,6.08,0.48,0,2.41,0.438,1,0.25,0.444,0.36,-0.25,-0.006,-0.006,-0.015,-0.009,27.1,50.9
58,687362,"Gillispie, Connor",138,42,0.167,0.167,0.25,0.333,0.278,0.35,0.222,2,12,89.8,26.4,2295,92.2,91.9,7,26,32,-0.3,6.16,111,150,123,149,299,326,295,0.8,-0.8,69.1,6.7,14,8,0,2,0,0,4,28.6,2,14.3,1.24948,1.43672,0.76103,0.06759,91.9,199,50,37.5,21.428571428571427,5.42,-1.84,0.16,3.05,0.286,3,-1.296551724,0.333,0.47,1.296551724,-0.055,-0.047,-0.137,-0.072,26.9,40.4
67,640470,"Alzolay, Adbert",329,20.4,0.273,0.091,0.333,0.364,0.309,0.266,0.207,3,11,94.2,23.2,2326,94.7,94.78,6,28,39,0.1,6.47,115,149,114,153,295,320,299,0.5,-0.5,69.1,6.9,12,9,2,1,0,0,2,16.7,1,8.3,1.12,1.43582,0.70343,-0.38373,91.1,196,44.44444444444444,11.11111111111111,8.333333333333332,6.28,-1.3,-0.33,2.74,0.333,1,-0.749253731,0.273,0.329,0.749253731,0.066,0.06,0.035,0.043,21.4,41.3
229,800049,"Mazur, Adam",584,39.2,0.333,0.333,0.319,0.667,0.467,0.425,0.325,19,57,93.5,24.6,2107,94.6,93.77,15,112,117,-0.8,5.94,112,148,116,151,299,324,302,-7.2,7.2,70.6,6.9,72,51,9,5,1,4,7,9.7,14,19.4,1.12686,1.43467,0.42271,-0.10376,92.9,197,54.90196078431373,5.882352941,4.166666666666666,6.1,-0.63,0.09,3.17,0.458,3,3.137117904,0.456,0.52,-3.137117904,0.008,0.002,0.147,0.042,13.4,49.1
448,572143,"Smith, Burch",896,50,0.226,0.132,0.313,0.358,0.286,0.306,0.23,24,106,90.9,13.6,2283,94.9,95.61,57,244,204,0.6999999999999886,6.81,110,148,119,147,297,321,293,4.7,-4.7,68,6.6,118,71,16,5,0,3,37,31.4,8,6.8,1.10806,1.43467,0.3596,0.04223,91.5,190,50.70422535211267,12.676056338028168,7.627118644067797,5.72,-2.23,-0.34,2.93,0.291,9,-1.053571429,0.298,0.396,1.053571429,-0.004,-0.007,-0.038,-0.02,23.4,39.5
261,687134,"Blalock, Bradley",552,47.3,0.321,0.179,0.348,0.5,0.427,0.456,0.342,18,56,92.2,18.4,2022,93.5,93.85,19,124,137,0.4000000000000057,6.41,113,149,120,149,301,331,302,-3.9,3.9,69.9,6.9,72,48,12,4,0,2,8,11.1,15,20.8,1.16556,1.43456,0.34563,-0.07881,92.6,209,62.5,12.5,8.333333333333332,6.46,-2.08,-0.08,2.77,0.472,6,1.488505747,0.491,0.564,-1.488505747,-0.021,-0.019,-0.064,-0.029,15.3,64
177,477132,"Kershaw, Clayton",504,35.1,0.429,0.086,0.441,0.514,0.435,0.459,0.414,15,35,93.4,20,2268,89.9,90.34,6,77,100,0.3999999999999915,6.46,109,151,117,148,297,314,289,-6.1,6.1,70.2,7.1,41,34,12,3,0,0,2,4.9,3,7.3,1.37864,1.43373,0.00616,0.01497,92.5,169,44.11764705882353,5.882352941,4.878048780487805,6.08,1.61,-0.03,2.75,0.488,2,3.418079096,0.492,0.557,-3.418079096,0.015,-0.004,-0.043,-0.024,7.8,55.3
132,687922,"Lucas, Easton",246,53.7,0.261,0.13,0.313,0.391,0.365,0.336,0.23,6,23,87.7,13.8,2206,94.2,94.37,11,67,65,0.20000000000000284,6.53,109,146,117,147,290,320,291,-1.7,1.7,68.1,6.6,29,17,5,0,0,1,6,20.7,6,20.7,1.15121,1.43136,0.55659,-0.03038,89.7,193,35.294117647058826,5.882352941,3.4482758620689653,6,2.1,-0.11,3.1,0.414,1,1.265151515,0.389,0.335,-1.265151515,0.031,0.024999999999999967,0.056,0.029,16.4,48.8
140,690916,"Fitts, Richard",314,44.6,0.2,0.067,0.222,0.267,0.271,0.391,0.3,6,30,88.1,14.8,2436,94.5,95.03,12,74,66,0.5,6.63,107,150,118,148,282,321,296,1.8,-1.8,68.9,6.6,37,29,4,2,0,0,3,8.1,5,13.5,1.12529,1.43107,0.13123,-0.02123,91.5,183,44.827586206896555,3.4482758620689653,2.7027027027027026,6.13,-1.99,-0.11,3.04,0.314,1,-1.293571429,0.4,0.501,1.293571429,-0.1,-0.086,-0.234,-0.12,16.2,54.9
29,673540,"Senga, Kodai",73,39.7,0,0,0,0,0.09,0.342,0.18,0,7,93,39.7,2349,95.8,95.97,5,16,13,0.20000000000000284,6.51,115,151,131,151,307,325,297,1.4,-1.4,71,6.9,8,3,0,0,0,0,4,50,0,0,1.06552,1.43103,0.63517,0.35034,90.8,195,66.66666666666666,33.33333333333333,12.5,5.83,-2.15,-0.38,2.76,0.125,1,-4.762068966,0.282,0.52,4.762068966,-0.18,-0.157,-0.52,-0.252,31.3,44.2
503,641729,"Jiménez, Joe",1089,46.2,0.216,0.045,0.291,0.261,0.26,0.277,0.2,24,111,90.7,17.4,2398,94.5,96.09,68,254,249,1.5999999999999943,7.23,113,149,121,148,299,322,294,8.5,-8.5,69.9,6.9,126,80,21,2,0,1,32,25.4,13,10.3,1.12634,1.42986,0.75342,-0.0199,91.6,182,45,5,3.1746031746031744,5.74,-2.41,0.01,2.9,0.302,4,-1.68389662,0.29,0.321,1.68389662,0.016,0.012,-0.06,-0.017,26.8,33.1
942,683003,"Jones, Jared",1912,49.3,0.224,0.201,0.26,0.425,0.318,0.338,0.238,48,214,91.1,17.9,2536,97.3,98.27,128,498,444,1,6.86,111,148,110,149,307,323,295,5.9,-5.9,70.3,6.8,246,159,25,12,2,9,59,24,25,10.2,0.983,1.42834,0.70021,-0.04221,91.5,200,46.540880503144656,11.320754716981133,7.317073170731707,5.5,-1.34,0.06,2.79,0.309,18,-0.623354565,0.327,0.438,0.623354565,-0.014,-0.018,-0.013,-0.02,25.7,43.2
78,687014,"Avila, Nick",225,34.7,0.2,0.267,0.286,0.467,0.246,0.342,0.197,3,15,89.7,21.5,2212,94.5,94.18,15,45,33,-0.3,6.24,109,144,119,145,290,322,298,0.8,-0.8,67,6.6,17,8,1,1,0,1,9,52.9,0,0,1.14013,1.4259,0.37731,-0.09295,90.7,208,75,62.5,29.411764705882355,6.13,-1.44,0.43,2.94,0.176,5,-1.030769231,0.224,0.465,1.030769231,0.003,-0.048,0.002,-0.096,33.3,53.4
347,676282,"Cantillo, Joey",711,48.8,0.292,0.292,0.326,0.585,0.411,0.409,0.282,19,65,90.6,15.8,1881,92.2,94.43,31,141,206,2.200000000000003,7.47,112,151,122,148,299,322,299,-3.2,3.2,69.9,6.8,77,50,8,7,0,4,16,20.8,11,14.3,1.24669,1.4247,0.39455,-0.17646,92,189,48,12,7.792207792207792,5.93,0.22,-0.2,2.75,0.39,6,0.919884726,0.383,0.577,-0.919884726,0.01,0.007,0.008,0.002,22,55.3
391,656546,"Hoffman, Jeff",1001,39.1,0.204,0.165,0.262,0.369,0.28,0.317,0.237,21,103,92.8,23.8,2593,96.6,96.87,65,211,180,0.30000000000001137,6.58,110,148,116,149,296,324,292,5.3,-5.3,69.5,7,114,69,13,3,1,4,35,30.7,10,8.8,1.03215,1.42386,1.01673,0.22829,92.4,206,52.17391304347826,10.144927536231885,6.140350877192982,6.04,-2.65,-0.03,2.74,0.272,7,-1.35370844,0.303,0.427,1.35370844,-0.033,-0.031,-0.058,-0.037,30.8,39.6
249,621345,"Minter, A.J.",522,47.7,0.208,0.188,0.179,0.396,0.297,0.343,0.243,10,48,89.8,19.7,2421,94.5,94.61,25,125,124,0.1,6.33,113,151,120,148,300,324,292,3.9,-3.9,69.9,6.9,53,42,7,0,0,3,6,11.3,5,9.4,1.12743,1.42317,0.44197,-0.19329,91.1,168,35.714285714285715,9.523809523809524,7.547169811320755,5.77,2.36,0.11,2.79,0.283,4,-1.551807229,0.314,0.483,1.551807229,-0.035,-0.031,-0.087,-0.046,20,42.8
195,519293,"Smith, Will",673,29,0.375,0.179,0.396,0.554,0.433,0.422,0.348,21,56,87.2,15.6,2215,91.2,90.92,10,98,97,-0.3,6.09,112,149,118,148,299,324,295,-8.1,8.1,68.7,6.8,68,52,15,4,0,2,7,10.3,8,11.8,1.31677,1.42251,0.60385,-0.21236,92.2,191,36.53846153846153,7.6923076923076925,5.882352941,6.55,1.26,0.02,2.79,0.455,4,4.153846154,0.434,0.541,-4.153846154,0.027,0.021,0.013,0.011,10.2,46.9
502,608032,"Estévez, Carlos",821,61.1,0.198,0.115,0.234,0.313,0.24,0.308,0.235,26,131,92.1,23.7,2124,96.8,96.79,62,270,232,0,6.39,112,147,118,148,302,326,295,5.8,-5.8,70.3,6.9,137,98,20,1,1,4,33,24.1,6,4.4,1.02125,1.42199,0.65775,-0.03066,92.1,202,45.91836734693878,13.26530612244898,9.489051095,5.98,-1.84,-0.08,2.93,0.234,13,-1.164342629,0.269,0.45,1.164342629,-0.037,-0.035,-0.137,-0.068,23,41.2
121,668390,"Winn, Cole",286,42.3,0.219,0.094,0.24,0.313,0.285,0.305,0.212,7,32,90.9,20.6,2400,95.4,96.39,11,63,58,1,6.9,113,150,121,149,299,322,296,-0.5,0.5,69.5,6.8,38,26,6,0,0,1,7,18.4,3,7.9,1.0886,1.42041,0.6005,0.18661,92.4,184,42.30769230769231,7.6923076923076925,5.263157894736842,5.57,-1.69,-0.1,2.97,0.316,2,0.438016529,0.321,0.342,-0.438016529,0.007,-0.005,-0.029,-0.02,17.5,43.9
37,681347,"Burrows, Mike",68,54.4,0.167,0,0.2,0.167,0.282,0.385,0.28,1,6,96.3,24,2178,94.5,93.82,3,23,14,-0.7,6.15,109,147,117,150,301,333,296,0.9,-0.9,70.9,7.2,8,5,1,0,0,0,1,12.5,2,25,1.15649,1.42027,0.90838,-0.48514,93.1,175,60,0,0,6.38,-0.22,-0.44,2.7,0.375,0,-2.351351351,0.46,0.377,2.351351351,-0.113,-0.085,-0.21,-0.103,13,51.1
523,693312,"Nicolas, Kyle",950,55.1,0.23,0.097,0.256,0.327,0.318,0.353,0.239,26,113,92.1,17.6,2377,97.4,98.42,49,254,269,1,6.92,111,148,112,147,307,325,293,6.1,-6.1,68.1,6.7,142,93,21,2,0,3,23,16.2,25,17.6,0.9886,1.42017,0.76977,0.13444,91.9,197,47.31182795698925,11.827956989247312,7.746478873239436,6.15,-1.27,0.29,2.8,0.366,11,-1.159847036,0.381,0.395,1.159847036,-0.009,-0.015,-0.068,-0.035,19.3,44.5
42,622103,"Reyes, Gerardo",79,53.2,0.167,0,0.2,0.167,0.282,0.312,0.186,1,6,90.9,42.8,2335,94.7,93.36,4,24,18,-1.3,5.6,104,142,115,148,295,325,301,0.5,-0.5,67.2,6.8,8,5,1,0,0,0,1,12.5,2,25,1.13119,1.41976,0.95595,-0.015,90.8,222,60,0,0,5.61,-1.51,0.19,2.89,0.375,0,-1.269047619,0.39,0.25,1.269047619,-0.019,-0.015,-0.083,-0.03,16.7,23.8
83,694361,"Klein, Will",146,56.8,0.3,0.1,0.429,0.4,0.365,0.358,0.294,6,20,90.9,11.6,2157,97,97.18,6,35,48,0.20000000000000284,6.3,114,146,114,148,295,326,294,-2.4,2.4,65.8,6.4,26,14,4,2,0,0,7,26.9,5,19.2,0.99554,1.41964,0.63169,0.07024,91.8,182,35.714285714285715,0,0,5.9,-1.1,-0.07,2.73,0.423,0,2.91686747,0.419,0.373,-2.91686747,0.006,0.004,0.027,0.007,17.1,49.5
1057,596295,"Gomber, Austin",2622,40.3,0.305,0.295,0.292,0.6,0.411,0.411,0.307,67,220,92.6,16.6,2180,90.4,91.25,43,449,608,0.7999999999999972,6.7,113,151,123,147,304,331,299,-8.8,8.8,70.4,7,243,193,35,14,3,15,27,11.1,22,9.1,1.36266,1.41826,0.63298,-0.36833,92.3,204,51.813471502590666,13.471502590673575,10.699588477366255,6.57,2.19,-0.01,2.62,0.37,26,0.835572375,0.372,0.597,-0.835572375,-0.002,-0.002,0.003,0,9.6,52.2
73,677020,"Walker, Josh",215,34,0.412,0.412,0.4,0.824,0.543,0.461,0.34,7,17,89.9,20.6,2268,94.2,95.85,6,38,35,1.7000000000000028,7.29,114,149,119,150,291,316,298,-4.4,4.4,69.4,6.9,20,16,3,2,1,1,1,5,3,15,1.15726,1.41726,0.27301,0.0037,92.1,204,50,18.75,15,6.31,2.55,-0.07,3.03,0.5,3,6.045205479,0.439,0.652,-6.045205479,0.072,0.061,0.172,0.082,15.8,46.7
141,672860,"Berroa, Prelander",348,40.5,0.357,0.071,0.417,0.429,0.433,0.332,0.219,5,14,86.2,27.3,2358,97.7,97.43,12,56,85,-0.3,6.15,109,151,118,149,293,328,298,-0.8,0.8,71.4,7.2,19,12,4,1,0,0,2,10.5,5,26.3,0.9736899999999999,1.41638,0.64241,-0.00865,89.6,174,16.666666666666664,0,0,5.87,-0.45,-0.13,2.67,0.526,0,0.586524823,0.425,0.251,-0.586524823,0.138,0.10100000000000003,0.178,0.101,21.4,52.1
180,592836,"Walker, Taijuan",1435,12.5,0.346,0.269,0.467,0.615,0.463,0.448,0.34,9,26,98.3,21.9,2065,91.5,90.95,13,56,124,-0.6,5.98,112,148,114,149,295,325,294,-4.5,4.5,69.9,6.7,32,17,6,1,0,2,9,28.1,5,15.6,1.3155,1.41544,0.77111,-0.11911,93.1,200,76.47058823529412,17.647058823529413,9.375,6.52,-1.78,-0.09,3.07,0.469,3,2.497777778,0.464,0.576,-2.497777778,0.006,0.005,0.039,0.015,23.2,42
270,669674,"Long, Sam",702,38.5,0.209,0.164,0.239,0.373,0.31,0.339,0.236,14,67,89.5,14,2346,94.3,94.21,32,143,127,-0.1,6.19,111,150,117,150,300,324,296,1.4,-1.4,70.6,6.7,79,50,9,2,0,3,18,22.8,11,13.9,1.14437,1.41522,0.44226,-0.0433,91.8,177,42,12,7.594936709,5.98,1.5,-0.05,2.7,0.321,6,-0.532222222,0.344,0.426,0.532222222,-0.027,-0.023,-0.053,-0.029,22.4,54.3
121,605182,"Clevinger, Mike",303,39.9,0.2,0.15,0.2,0.35,0.276,0.22,0.158,4,20,85.3,20.4,2353,93.3,93.94,16,59,62,0.6000000000000085,6.79,113,146,114,149,298,325,295,3,-3,72.4,7.1,22,16,3,0,0,1,4,18.2,2,9.1,1.2181,1.41504,0.73669,-0.09008,90.5,171,31.25,6.25,4.545454545454546,5.55,-2.09,-0.23,2.59,0.273,1,-2.492561983,0.234,0.247,2.492561983,0.042,0.039,0.103,0.056,27.1,38.3
626,663978,"Paddack, Chris",1460,42.9,0.277,0.123,0.371,0.4,0.314,0.294,0.245,43,155,92,17.3,2214,93.3,94.29,76,313,313,1,6.98,112,148,118,150,300,324,293,5.3,-5.3,68.2,6.5,166,109,32,7,0,4,47,28.3,10,6,1.21701,1.41473,0.88176,0.04617,92.3,184,48.62385321100918,7.339449541284404,4.819277108433735,6.26,-2.29,0.13,2.89,0.319,8,-0.843450479,0.293,0.375,0.843450479,0.032,0.026000000000000023,0.025,0.02,24.3,49
55,641149,"Parsons, Wes",148,37.2,0.333,0.25,0.429,0.583,0.414,0.438,0.344,4,12,92,11.3,2334,94.8,95.33,12,30,25,0.5,6.73,110,146,121,145,287,318,293,0.3,-0.3,69.1,6.9,13,8,3,0,0,1,4,30.8,1,7.7,1.13509,1.41418,0.67345,0.00291,91.9,191,50,12.5,7.6923076923076925,5.66,-1.62,-0.02,2.77,0.385,1,-0.632727273,0.395,0.636,0.632727273,-0.011,-0.01,-0.053,-0.024,40,35.7
303,672578,"Hernández, Carlos",560,54.1,0.193,0.07,0.234,0.263,0.269,0.316,0.203,11,57,91.8,25.5,2411,97.9,98.67,25,161,142,0.7999999999999972,6.77,110,148,117,149,300,322,293,8.5,-8.5,69.1,6.8,70,47,7,4,0,0,12,17.1,10,14.3,0.97122,1.41307,0.68627,0.08851,90.5,196,44.680851063829785,10.638297872340425,7.142857142857142,6,-1.35,0.1,2.89,0.314,5,-2.808910891,0.324,0.389,2.808910891,-0.01,-0.01,-0.126,-0.047,15.5,36.3
20,543391,"Kelly, Casey",78,25.6,0.286,0.429,0.2,0.714,0.419,0.428,0.286,2,7,93.4,40.8,2256,90.9,89.62,3,13,7,-1.3,5.6,116,149,127,150,304,324,295,-0.4,0.4,71.2,6.9,7,6,1,0,0,1,1,14.3,0,0,1.3565,1.413,0.4775,0.1005,91.8,244,33.33333333333333,16.666666666666664,14.285714285714285,6.48,-1.96,0.41,3.02,0.286,1,2.225,0.286,0.751,-2.225,0,0,-0.037,-0.009,23.1,52.4
1513,592332,"Gausman, Kevin",2958,51.1,0.277,0.19,0.306,0.466,0.346,0.381,0.288,99,358,92.7,21.3,2287,93.9,94.24,140,799,714,0.29999999999999716,6.6,112,148,115,149,292,320,296,4.5,-4.5,70.4,6.8,395,295,60,23,3,13,66,16.7,31,7.8,1.18589,1.41257,0.89896,-0.12032,92.3,200,51.186440677966104,13.559322033898304,10.126582278481013,5.73,-2.48,-0.15,2.46,0.336,40,-0.297818903,0.349,0.534,0.297818903,-0.011,-0.013,-0.068,-0.035,17.5,37.5
108,702674,"Dana, Caden",206,52.4,0.462,0.577,0.381,1.038,0.621,0.481,0.328,12,26,91.6,16.2,2159,93.7,93.95,9,54,54,0.20000000000000284,6.54,108,147,111,148,307,328,303,-7.9,7.9,71.4,7,33,25,5,3,0,4,2,6.1,6,18.2,1.19481,1.41213,0.81056,0.00093,93,191,40,16,12.121212121212121,6.15,-1.57,-0.06,2.53,0.545,4,7.353703704,0.444,0.741,-7.353703704,0.134,0.10100000000000003,0.297,0.14,16.7,47.5
370,518585,"Cruz, Fernando",1138,32.5,0.295,0.218,0.339,0.513,0.374,0.407,0.324,23,78,91.8,17.9,2281,94.6,95.44,22,155,215,0.8000000000000114,6.81,114,147,119,149,294,321,291,1.3,-1.3,69.4,6.8,88,62,13,6,1,3,17,19.3,9,10.2,1.13914,1.41181,0.56335,0.02762,92.6,199,56.451612903225815,8.064516129032258,5.681818181818182,6.01,-1.15,0.08,2.91,0.364,5,-0.353243243,0.39,0.564,0.353243243,-0.029,-0.026,-0.051,-0.033,14.2,44
1161,668678,"Gallen, Zac",2506,46.3,0.28,0.18,0.335,0.46,0.364,0.366,0.279,67,239,92.6,14.3,2291,93.7,94.22,60,450,711,0.5,6.64,112,149,116,149,300,322,297,-1.8,1.8,69.5,6.8,277,186,40,18,2,7,54,19.5,35,12.6,1.19134,1.41149,0.39033,0.01622,92.5,186,48.38709677419355,11.29032258064516,7.581227436823104,5.92,-2.76,0,2.61,0.375,21,0.15245478,0.375,0.461,-0.15245478,0.001,0,-0.001,-0.002,13.3,43.3
1374,579328,"Kikuchi, Yusei",2923,47,0.274,0.231,0.324,0.505,0.348,0.325,0.252,77,281,90.4,20.2,2289,95.5,96.45,194,694,680,0.9000000000000057,6.98,106,150,115,146,298,321,290,0.6,-0.6,69.8,6.7,303,204,49,9,1,18,83,27.4,15,5,1.10245,1.41084,0.65609,-0.42844,91.5,201,49.01960784313725,13.725490196078432,9.240924092,5.37,2.58,0.14,2.73,0.311,28,-0.045778748,0.291,0.463,0.045778748,0.022,0.020000000000000018,0.042,0.023,28,39
30,669796,"Hernandez, Jose E.",89,33.7,0.333,0.222,0.375,0.556,0.377,0.457,0.343,3,9,94,30.9,2167,93.1,91.98,3,15,15,-1.1,5.81,110,147,113,146,305,324,297,-0.1,0.1,71.8,7,9,8,1,2,0,0,1,11.1,0,0,1.23833,1.41033,0.71167,-0.26833,94.3,260,50,37.5,33.33333333333333,6.52,0.65,-0.2,2.54,0.333,3,0.28,0.343,0.745,-0.28,-0.01,-0.01,-0.189,-0.08,20,55.6
40,685126,"Eisert, Brandon",110,36.4,0.667,0.333,0.667,1,0.701,0.758,0.615,2,3,101.8,23.3,2097,91.2,92.46,3,13,27,1.2999999999999972,7.25,109,149,120,146,297,319,289,-1.2,1.2,69.4,6.4,6,3,1,1,0,0,0,0,3,50,1.3525,1.41025,0.8115,-0.2785,93.2,248,100,33.33333333333333,16.666666666666664,5.08,3.78,0.15,3.54,0.833,1,3,0.808,1.339,-3,0.052,0.025,-0.339,-0.057,23.1,36
17,595928,"Curtiss, John",38,44.7,0.75,1,0.667,1.75,1.046,0.596,0.553,3,4,91.9,26.5,2274,93.8,94.22,3,12,5,0.4000000000000057,6.55,119,152,127,149,300,325,300,-4,4,71,6.6,4,4,1,1,0,1,0,0,0,0,1.18118,1.41,0.45824,0.17471,91.2,247,75,25,25,6.41,-2.45,-0.33,2.94,0.75,1,23.46470588,0.553,0.834,-23.46470588,0.197,0.19699999999999995,0.916,0.45,25,43.7
244,669721,"Daniel, Davis",508,48,0.328,0.259,0.381,0.586,0.398,0.316,0.268,19,58,90.2,15.5,2122,91.5,92.26,16,109,135,0.7999999999999972,6.77,111,148,117,150,307,329,301,-2.2,2.2,69.6,6.6,60,45,10,6,0,3,13,21.7,2,3.3,1.31697,1.40922,0.61525,-0.00443,92.4,188,55.55555555555556,11.11111111111111,8.333333333333332,5.57,-1.41,0.04,2.75,0.35,5,0.90204918,0.292,0.448,-0.90204918,0.06,0.057999999999999996,0.138,0.082,14.7,49.1
683,663687,"Harris, Hogan",1213,56.3,0.261,0.148,0.294,0.408,0.355,0.416,0.305,37,142,90.4,16.3,2256,92.9,93.26,52,308,375,0.3999999999999915,6.74,111,149,119,149,300,321,295,2.1,-2.1,68.7,6.6,173,114,26,6,0,5,29,16.8,28,16.2,1.256,1.40895,0.83707,-0.38878,91.9,191,47.368421052631575,10.526315789473683,6.9364161849710975,5.95,2.35,-0.21,2.72,0.387,12,-0.304685212,0.425,0.536,0.304685212,-0.044,-0.038,-0.128,-0.061,16.9,51.4
307,805673,"Matthews, Zebby",717,42.8,0.288,0.339,0.324,0.627,0.417,0.397,0.266,17,59,94.3,18.7,2230,94.9,95.25,27,152,155,0.29999999999999716,6.51,111,147,114,149,293,322,298,-3.4,3.4,68.8,6.7,66,42,7,5,0,5,17,25.8,6,9.1,1.12498,1.40801,0.78961,-0.21195,91.3,211,54.761904761904766,16.666666666666664,10.606060606060606,5.94,-2.03,-0.21,2.87,0.364,7,1.115309446,0.344,0.594,-1.115309446,0.022,0.020000000000000018,0.033,0.02,17.8,41.5
39,680686,"Gray, Josiah",176,22.2,0.4,0.3,0.444,0.7,0.465,0.262,0.231,4,10,94.2,24.1,2095,92.7,92.08,5,17,22,-0.6,6,105,143,117,143,290,316,296,-1.5,1.5,67.4,6.6,10,9,1,3,0,0,1,10,0,0,1.25308,1.40769,0.90564,0.12769,95,181,66.66666666666666,11.11111111111111,10,5.28,-1.63,-0.2,2.96,0.4,1,3.928205128,0.231,0.384,-3.928205128,0.169,0.169,0.316,0.203,29.4,36.7
172,680744,"Madden, Ty",403,42.7,0.205,0.103,0.226,0.308,0.248,0.3,0.234,8,39,91.7,20.1,2292,94.3,93.99,14,91,81,-0.3,6.16,114,148,112,148,291,325,296,0.7,-0.7,69.7,6.6,43,32,6,1,0,1,8,18.6,3,7,1.16314,1.40715,0.60163,-0.07919,91.4,188,46.875,12.5,9.302325581,5.91,-2.35,-0.1,2.91,0.256,4,-0.38255814,0.285,0.408,0.38255814,-0.029,-0.029,-0.1,-0.052,15.4,43
3,622766,"Díaz, Miguel",10,30,0,0,0,0,0,0.014,0.011,0,1,89.7,60,2343,91,90.27,1,3,0,-0.7,5.9,117,151,125,149,299,314,293,0.2,-0.2,71.9,7.1,1,1,0,0,0,0,0,0,0,0,1.35333,1.40667,0.56333,-0.18333,88.9,121,0,0,0,5.77,-1.03,0.2,2.4,0,0,-5.7,0.011,0.02,5.7,-0.011,-0.011,-0.02,-0.014,33.3,36.3
18,679358,"Orze, Eric",42,42.9,0.25,0,0.25,0.25,0.382,0.37,0.214,1,4,94.7,30.3,2186,94,95.14,0,6,12,1.0999999999999943,6.92,97,149,133,152,303,326,301,0.1,-0.1,72,7.1,6,4,1,0,0,0,0,0,1,16.7,1.16889,1.40667,0.69389,-0.21944,93.6,255,50,0,0,5.9,-1.48,-0.28,2.91,0.5,0,-0.455555556,0.476,0.269,0.455555556,0.036,0.024,-0.019,0.012,0,44.8
549,641793,"Littell, Zack",2486,22.1,0.245,0.113,0.316,0.358,0.29,0.316,0.253,26,106,90.9,24.6,2024,92.4,92.34,51,267,282,-0.1,6.29,109,148,115,150,297,331,301,3.6,-3.6,69.2,6.7,115,79,18,6,0,2,28,24.3,7,6.1,1.26962,1.40523,0.58803,-0.17335,90.6,195,44.303797468354425,8.860759493670885,6.086956521739131,6.15,-0.54,-0.13,3.04,0.298,7,-0.650455373,0.306,0.419,0.650455373,-0.008,-0.008,-0.061,-0.026,19.1,42
167,681066,"Bush, Ky",328,50.9,0.412,0.235,0.448,0.647,0.503,0.434,0.345,14,34,91,12,2150,91.7,92.49,13,69,98,0.7999999999999972,6.85,108,149,114,147,294,325,289,-7.1,7.1,69.3,6.8,43,30,8,5,0,1,4,9.3,8,18.6,1.31683,1.40419,0.28217,-0.11855,92.6,164,60,6.666666666666667,4.651162790697675,6.26,2.23,0.14,2.83,0.535,2,4.234730539,0.482,0.503,-4.234730539,0.067,0.053,0.144,0.069,18.8,48.2
12,448179,"Hill, Rich",71,16.9,0,0,0,0,0,0.2,0.22,0,2,105.2,-3,2144,87.6,87.88,0,1,11,0.30000000000001137,6.48,107,144,114,141,292,323,294,0.1,-0.1,70.7,7.3,2,1,0,0,0,0,1,50,0,0,1.57083,1.40333,0.45083,-0.21083,105.2,33,100,0,0,5.59,1.81,-0.49,2.74,0,0,-1.033333333,0.22,0.232,1.033333333,-0.22,-0.22,-0.232,-0.2,0,42.6
467,593576,"Neris, Héctor",1008,46.3,0.21,0.2,0.246,0.41,0.302,0.318,0.224,21,100,92.4,23.8,2402,93,92.52,46,241,226,-0.5,6.14,113,148,112,150,297,323,296,8.9,-8.9,69.8,6.9,116,74,9,8,0,4,29,25,11,9.5,1.24715,1.40218,0.79358,-0.10026,91.7,199,50,10.81081081081081,6.896551724137931,6.02,-1.48,-0.31,2.8,0.289,8,-1.896359743,0.303,0.431,1.896359743,-0.014,-0.014,-0.021,-0.016,19.1,38.2
70,669111,"McMillon, John",180,38.9,0.364,0.273,0.333,0.636,0.483,0.388,0.269,4,11,90.2,9.3,2225,95.3,96.39,4,22,48,1.1000000000000085,6.9,115,145,112,147,294,316,299,-2.4,2.4,67,6.6,14,10,3,0,0,1,1,7.1,3,21.4,1.10929,1.40043,0.66871,-0.30814,91.5,211,40,10,7.142857142857142,5.65,-1.22,-0.4,3.18,0.5,1,3.384285714,0.426,0.448,-3.384285714,0.095,0.074,0.188,0.095,18.2,42.4
42,641401,"Brogdon, Connor",97,43.3,0.429,1.286,0,1.714,0.81,0.749,0.457,3,7,100.7,19.3,2328,92.8,93.63,3,15,27,0.7999999999999972,6.94,117,144,120,145,290,320,285,-4.1,4.1,76.6,7.8,11,6,0,0,0,3,1,9.1,4,36.4,1.26333,1.4,1.08762,0.13524,93.9,217,66.66666666666666,50,27.27272727272727,5.99,-2.86,0,2.8,0.636,3,9.838095238,0.654,1.45,-9.838095238,-0.028,-0.018,0.264,0.061,20,32.3
1028,641927,"Ober, Bailey",2696,38.1,0.258,0.249,0.289,0.506,0.355,0.35,0.247,60,233,91.6,24.3,2303,91.7,93.45,115,519,509,1.7999999999999972,7.28,113,149,118,149,298,324,295,0.9,-0.9,70,6.7,262,178,30,14,4,12,58,22.1,24,9.2,1.3072,1.39928,0.66038,0.04402,91.8,200,47.19101123595505,12.359550561797752,8.396946564885496,5.96,-1.44,0.05,3.04,0.328,22,-0.089007782,0.322,0.484,0.089007782,0.011,0.006,0.022,0.005,22.2,35.2
689,656945,"Scott, Tanner",1163,59.2,0.134,0.045,0.198,0.179,0.217,0.263,0.184,18,134,79.5,13.3,2566,97,97.02,107,371,318,0,6.38,110,148,116,146,296,320,293,17.2,-17.2,69.3,6.7,162,90,14,3,0,1,47,29,23,14.2,1.03151,1.39853,0.41426,-0.17903,89.9,168,28.888888888888886,3.3333333333333335,1.8518518518518516,5.28,2.45,-0.23,2.6,0.261,3,-2.492017417,0.304,0.252,2.492017417,-0.05,-0.043,-0.073,-0.046,28.8,35.8
232,689672,"Thorpe, Drew",721,32.2,0.245,0.321,0.196,0.566,0.374,0.426,0.306,13,53,93.5,17.2,2190,91,91.1,7,91,141,0.1,6.34,110,150,114,149,299,324,297,-4.7,4.7,69.9,6.7,61,50,4,5,0,4,4,6.6,7,11.5,1.35457,1.39741,0.40455,0.07,93.5,195,54,12,9.836065573770492,6.21,-1.01,-0.09,2.89,0.328,6,2.045258621,0.383,0.628,-2.045258621,-0.061,-0.055,-0.062,-0.052,7.7,52.7
225,621114,"Burr, Ryan",570,39.5,0.256,0.209,0.345,0.465,0.372,0.326,0.201,11,43,95.5,26.3,2179,94.1,95.19,22,98,127,1.1000000000000085,6.98,110,147,117,148,291,320,294,-0.7,0.7,69.7,6.8,52,30,4,6,0,1,13,25,8,15.4,1.18311,1.39684,0.08658,-0.00155,91.8,216,53.333333333333336,10,5.769230769230769,6.43,-1.81,-0.14,2.95,0.385,3,0.328888889,0.339,0.389,-0.328888889,0.055,0.045999999999999985,0.076,0.046,22.4,58.7
71,670810,"Gillaspie, Logan",151,47,0.167,0,0.2,0.167,0.136,0.159,0.157,2,12,83.2,21,2235,94.8,94.74,8,36,35,-0.1,6.32,118,149,122,149,301,328,298,3.5,-3.5,69.8,6.9,13,10,2,0,0,0,3,23.1,0,0,1.14606,1.39676,0.60577,0.00549,90,209,10,10,7.6923076923076925,6.1,-0.41,0.21,2.73,0.154,1,-4.878873239,0.156,0.209,4.878873239,0.01,-0.002,-0.042,-0.023,22.2,50.6
451,607179,"Weems, Jordan",733,61.5,0.27,0.14,0.3,0.41,0.352,0.35,0.262,27,100,90,16.3,2102,96,96.48,38,223,228,0.5,6.58,111,147,117,146,302,323,295,-5.5,5.5,69.8,6.9,118,83,20,3,1,3,17,14.4,17,14.4,1.0796,1.39594,0.71849,0.17084,91.9,190,45.78313253012048,4.819277108433735,3.389830508474576,6.02,-2,-0.06,2.86,0.381,4,1.211086475,0.375,0.41,-1.211086475,0.008,0.006,0,0.002,17,49.1
52,680891,"Neely, Jack",98,53.1,0.429,0.429,0.364,0.857,0.554,0.512,0.393,6,14,96.1,26,2199,96.1,97.12,7,26,26,1,6.89,116,151,120,151,300,322,296,-3.7,3.7,68.7,6.6,15,13,4,0,0,2,1,6.7,1,6.7,1.07558,1.39577,0.48827,0.08058,94.3,230,61.53846153846154,15.384615384615385,13.333333333333334,6.11,-1.44,0.07,2.9,0.467,2,7.2,0.434,0.782,-7.2,0.036,0.033,0.075,0.042,26.9,33.5
239,506433,"Darvish, Yu",1261,19,0.21,0.194,0.244,0.403,0.278,0.272,0.221,13,62,94,17,2319,94,94.28,19,126,113,0.29999999999999716,6.61,118,150,120,150,299,328,294,1.8,-1.8,70,7.2,66,48,6,4,1,2,15,22.7,3,4.5,1.20151,1.39531,0.61109,0.0351,92.7,167,56.25,8.333333333333332,6.0606060606060606,5.64,-1.91,0.16,2.72,0.246,4,-0.771548117,0.257,0.372,0.771548117,-0.011,-0.011,0.031,0.006,15.1,39.8
570,640451,"Harvey, Hunter",906,62.9,0.254,0.149,0.346,0.404,0.328,0.349,0.274,29,114,90.8,13.3,2045,97.8,97.98,68,300,270,0.20000000000000284,6.37,111,148,117,147,304,326,300,7.6,-7.6,69.1,6.7,130,83,15,12,1,1,32,24.6,12,9.2,0.98809,1.39377,0.5996,0.03514,91.4,190,53.01204819277109,9.638554217,6.153846153846154,5.86,-1.94,0.1,2.76,0.341,8,-1.332807018,0.358,0.439,1.332807018,-0.02,-0.017,-0.035,-0.021,22.7,45.9
603,650556,"Abreu, Bryan",1300,46.4,0.262,0.238,0.309,0.5,0.367,0.34,0.239,32,122,92.6,22.1,2356,96.7,97.08,82,290,313,0.3999999999999915,6.63,107,149,113,148,295,323,297,-1.2,1.2,70.1,6.9,140,89,18,6,1,7,34,24.3,16,11.4,1.05725,1.39317,0.50192,0.0535,92.2,204,47.19101123595505,13.48314606741573,8.571428571428571,5.65,-2.12,0.04,2.76,0.353,12,0.193366501,0.332,0.448,-0.193366501,0.023,0.020999999999999963,0.052,0.027,28.3,43.1
231,608723,"Voth, Austin",974,23.7,0.157,0.098,0.2,0.255,0.268,0.303,0.199,8,51,86.1,17.7,2303,93.6,93.75,27,108,123,0.10000000000000853,6.39,110,150,119,148,294,320,291,4.5,-4.5,68.9,6.6,63,37,5,2,0,1,15,23.8,9,14.3,1.21082,1.39316,0.43511,0.09043,90.8,187,32.432432432432435,5.405405405405405,3.1746031746031744,5.74,-2.38,0.04,2.87,0.306,2,-1.950649351,0.341,0.312,1.950649351,-0.042,-0.035,-0.057,-0.035,25,38.6
239,605488,"Springs, Jeffrey",565,42.3,0.216,0.275,0.2,0.49,0.338,0.337,0.211,11,51,92.8,19.4,2127,89.8,89.96,18,106,133,0.20000000000000284,6.52,102,152,115,147,306,328,296,-1.2,1.2,69.2,6.8,59,39,5,2,0,4,13,22,6,10.2,1.44866,1.39276,0.78385,-0.60243,92,202,61.53846153846154,15.384615384615385,10.16949152542373,5.84,2.57,0.36,3.09,0.305,6,0.514225941,0.311,0.435,-0.514225941,0.005,-0.006,0.055,0.001,17,40.4
566,700249,"Povich, Cade",1389,40.7,0.223,0.155,0.226,0.379,0.316,0.32,0.215,23,103,89,27,2321,92.4,92.36,50,271,295,0,6.35,110,151,121,147,304,326,296,2.8,-2.8,69.4,6.9,121,88,15,4,0,4,16,13.2,16,13.2,1.28751,1.39196,0.77617,-0.44963,91,196,36.36363636363637,7.954545454545454,5.785123966942149,5.85,1.83,-0.1,3.05,0.331,7,-0.488162544,0.324,0.392,0.488162544,0.008,0.007,-0.013,-0.004,18.5,41.4
175,663465,"Allard, Kolby",436,40.1,0.333,0.278,0.385,0.611,0.427,0.347,0.264,12,36,89.8,20,2040,90,89.96,12,74,101,0,6.27,106,146,116,145,302,328,292,-3.5,3.5,71.4,7,40,28,8,0,2,2,8,20,4,10,1.42629,1.38937,0.50926,-0.29314,91.8,168,39.285714285714285,10.714285714285714,7.5,5.43,1.77,0.03,2.69,0.4,3,1.992,0.337,0.463,-1.992,0.069,0.063,0.148,0.08,16.2,46.7
236,621112,"Blackburn, Paul",1212,19.5,0.286,0.408,0.229,0.694,0.45,0.426,0.267,14,49,95.5,27,2181,91.9,91.89,11,88,148,0,6.27,113,149,116,151,295,322,296,-4.1,4.1,70.6,7,60,41,6,2,0,6,9,15,10,16.7,1.30915,1.38907,0.43722,-0.0685,93.2,233,65.85365853658537,17.073170731707318,11.666666666666666,6.07,-2.02,-0.05,2.73,0.4,7,1.739830508,0.388,0.628,-1.739830508,0.019,0.012,0.066,0.024,12.5,50.6
416,678495,"Rodríguez, Randy",879,47.3,0.258,0.191,0.317,0.449,0.351,0.313,0.224,23,89,88.8,15.7,2521,97.6,98.33,49,197,219,0.7000000000000028,6.66,112,148,120,149,297,323,295,-5.4,5.4,68.5,6.8,104,64,14,5,0,4,26,25,12,11.5,1.00125,1.38897,0.59019,-0.01721,91.6,200,42.1875,7.8125,4.807692307692308,5.49,-1.63,-0.16,2.65,0.356,5,1.308894231,0.327,0.375,-1.308894231,0.034,0.029,0.074,0.038,24.9,38.3
527,606930,"Barnes, Jacob",1117,47.2,0.267,0.233,0.284,0.5,0.351,0.374,0.281,31,116,90.9,20.3,2465,95.4,96.43,54,276,251,1,6.75,110,148,118,146,301,324,296,-2.8,2.8,69.9,6.9,129,94,17,7,1,6,24,18.6,11,8.5,1.10539,1.38846,0.18189,0.05547,91.4,206,52.12765957446809,9.574468085106384,6.976744186046512,5.77,-1.13,0.09,2.89,0.326,9,0.525237192,0.339,0.544,-0.525237192,-0.014,-0.013,-0.044,-0.023,19.6,43.9
1652,642547,"Peralta, Freddy",3066,53.9,0.239,0.184,0.293,0.424,0.331,0.33,0.233,83,347,89.5,19.9,2436,94.3,94.87,205,815,837,0.6000000000000085,6.7,111,149,121,148,303,322,297,5.5,-5.5,68.7,6.6,405,245,54,11,1,17,109,26.9,44,10.9,1.18473,1.38814,0.56457,-0.02772,91.2,198,44.08163265306123,11.020408163265307,6.666666666666667,5.37,-2.73,-0.14,2.95,0.333,27,-0.335532688,0.33,0.419,0.335532688,0.006,0.003,0.005,0.001,25.2,39.3
388,621111,"Buehler, Walker",1336,29,0.342,0.354,0.302,0.696,0.462,0.451,0.336,27,79,92.3,16.3,2280,95,95.51,27,160,228,0.5,6.49,112,150,121,151,298,315,296,-8,8,68.4,6.6,90,71,15,4,0,8,9,10,9,10,1.13088,1.38753,0.35492,-0.08147,92.7,202,50.70422535211267,11.267605633802818,8.888888889,5.6,-1.1,0.17,2.83,0.411,8,2.059793814,0.411,0.654,-2.059793814,0.006,0,0.042,0.011,16.9,46.6
40,669459,"Nelson, Kyle",145,27.6,0.182,0,0.222,0.182,0.242,0.292,0.225,2,11,88.7,11.3,2164,90.2,89.82,2,21,19,-0.4,6.04,110,147,115,148,299,320,296,-0.5,0.5,69.9,7.1,13,9,2,0,0,0,2,15.4,2,15.4,1.41575,1.38525,0.50575,0.31925,91.6,116,55.55555555555556,0,0,5.79,0.76,-0.05,2.89,0.308,0,1.29,0.344,0.286,-1.29,-0.043,-0.036,-0.104,-0.05,9.5,41.5
93,598264,"Barnes, Matt",237,39.2,0.259,0.074,0.318,0.333,0.272,0.372,0.302,7,27,93.8,23.2,2124,91.4,92.28,9,48,45,0.8999999999999915,6.91,115,148,123,148,302,320,297,0.8,-0.8,67.6,7,29,22,5,2,0,0,5,17.2,1,3.4,1.35452,1.38516,0.94742,0.07989,93.2,181,54.54545454545454,13.636363636363635,10.344827586206897,6.42,-1.67,-0.12,2.85,0.286,3,-0.843010753,0.327,0.538,0.843010753,-0.043,-0.041,-0.205,-0.1,18.8,42.8
646,695243,"Miller, Mason",1024,63.1,0.178,0.141,0.253,0.319,0.254,0.249,0.182,24,135,87.7,20.1,2508,100.9,101.5,135,364,282,0.5999999999999943,6.78,113,148,117,150,298,323,299,10.5,-10.5,69.5,6.7,150,80,15,4,0,5,56,37.3,14,9.3,0.86793,1.385,0.80455,-0.01254,90.3,193,37.5,7.5,4,6.11,-2.03,0.15,2.81,0.253,6,-1.623374613,0.26,0.28,1.623374613,-0.004,-0.007,0.039,0.005,37.1,35
365,670124,"Oller, Adam",710,51.4,0.314,0.302,0.308,0.616,0.443,0.395,0.26,27,86,91.9,25.6,2180,93.7,93.7,26,169,196,0,6.46,111,148,119,148,298,322,296,-8.4,8.4,70.2,6.9,103,72,15,5,0,7,14,13.6,15,14.6,1.22901,1.38433,1.02888,0.00581,92.7,191,50,12.5,8.737864077669903,5.8,-2.76,-0.22,2.84,0.427,9,2.309589041,0.383,0.531,-2.309589041,0.054,0.043999999999999984,0.085,0.048,15.4,40.2
247,671305,"Otañez, Michel",601,41.1,0.182,0.068,0.368,0.25,0.305,0.287,0.131,8,44,85.6,26.7,2443,98,97.97,47,120,127,0,6.44,111,145,119,148,294,322,300,1.4,-1.4,68.9,6.7,61,20,7,0,0,1,26,42.6,13,21.3,1.00453,1.3836,0.82105,-0.06947,89.8,198,30,10,3.278688524590164,5.56,-2.47,0.37,2.8,0.377,2,-0.576923077,0.352,0.188,0.576923077,0.051,0.025000000000000022,0.062,0.018,39.2,30.3
262,664076,"Cleavinger, Garrett",1056,24.8,0.089,0.111,0.125,0.2,0.24,0.291,0.151,4,45,85.6,28.6,2342,96.4,95.78,29,119,143,-0.6,6.06,101,150,116,145,302,326,295,2.9,-2.9,68,6.5,57,25,2,0,1,1,20,35.1,11,19.3,1.08317,1.3824,0.64523,-0.49324,89.4,206,24,8,3.508771929824561,5.45,0.89,0.32,2.96,0.281,2,-1.111832061,0.33,0.278,1.111832061,-0.062,-0.049,-0.078,-0.051,24.4,39.1
479,681676,"Fernandez, Ryan",1191,40.2,0.306,0.082,0.371,0.388,0.358,0.381,0.289,26,85,89.7,9.1,2173,95.5,95.75,42,205,274,0.29999999999999716,6.46,110,147,113,148,304,320,299,0.2,-0.2,68.2,6.7,104,72,21,3,2,0,16,15.4,14,13.5,1.12154,1.38154,0.56816,0.03443,91.9,179,44.44444444444444,8.333333333333332,5.769230769230769,5.79,-2.03,-0.03,2.84,0.412,6,-0.037787056,0.403,0.442,0.037787056,0.017,0.009,-0.054,-0.023,20.5,54.1
354,656412,"Faedo, Alex",1007,35.2,0.218,0.218,0.237,0.437,0.341,0.335,0.237,19,87,89.2,24.6,2459,94,93.53,45,182,172,-0.5,6.08,112,148,117,148,294,327,296,1.4,-1.4,70,7,108,65,10,4,0,5,25,23.1,17,15.7,1.20624,1.38133,0.65811,0.01195,91.5,207,36.92307692307693,6.153846153846154,3.7037037037037033,6.11,-2,0.18,2.83,0.346,4,-0.400282486,0.363,0.385,0.400282486,-0.019,-0.017,0.052,0.006,24.7,34.3
1416,668881,"Greene, Hunter",2563,55.2,0.184,0.089,0.255,0.273,0.262,0.282,0.195,56,304,89.5,20.4,2379,97.6,97.78,192,773,643,0.20000000000000284,6.47,114,147,121,149,296,322,292,19.7,-19.7,69.5,6.7,358,208,40,10,1,5,102,28.5,41,11.5,1.01982,1.38127,0.73998,-0.05681,90.8,191,39.42307692307692,5.769230769230769,3.351955307,6.03,-2.04,-0.01,2.93,0.293,12,-1.393926554,0.303,0.318,1.393926554,-0.011,-0.01,-0.045,-0.02,24.8,33
1048,683155,"Estes, Joey",2027,51.7,0.257,0.212,0.257,0.469,0.341,0.362,0.261,58,226,91.5,27.1,2373,92.4,91.81,102,584,464,-0.6,6.03,113,148,117,149,299,324,298,2.3,-2.3,70,6.8,253,197,31,16,1,10,32,12.6,20,7.9,1.29907,1.3808,0.7996,-0.0021,91.7,198,47.71573604060914,11.16751269035533,8.695652173913043,5.91,-2.05,-0.08,3.03,0.324,22,-0.214790076,0.329,0.517,0.214790076,-0.004,-0.005,-0.048,-0.021,17.5,36.6
30,681882,"Selby, Colin",112,26.8,0.25,0,0.25,0.25,0.314,0.368,0.297,2,8,91.8,12.1,2160,94.7,95.48,1,12,18,0.7999999999999972,6.7,111,148,118,150,298,325,301,0.4,-0.4,68.7,6.8,10,8,2,0,0,0,0,0,2,20,1.15833,1.38033,0.555,-0.18367,93.3,148,50,0,0,5.69,-1.07,0.17,2.56,0.4,0,-1.18,0.438,0.372,1.18,-0.047,-0.038,-0.122,-0.054,8.3,49.5
186,571882,"Law, Derek",1368,13.6,0.25,0.159,0.303,0.409,0.3,0.312,0.258,11,44,92.7,15.7,2112,95.1,95.55,18,98,88,0.5,6.48,111,149,118,146,302,323,294,-0.8,0.8,68.6,6.8,48,34,7,2,1,1,11,22.9,3,6.3,1.13468,1.38027,0.32801,0.16565,90.7,187,44.11764705882353,8.823529411764707,6.25,6.53,-0.84,0.13,3.06,0.292,3,0.425268817,0.301,0.418,-0.425268817,-0.008,-0.009,-0.009,-0.012,18.4,52
10,656353,"Davidson, Tucker",67,14.9,0.5,0,0.5,0.5,0.441,0.05,0.05,1,2,84.5,21,1953,91.2,91.77,1,6,4,0.5999999999999943,6.63,112,152,119,144,299,324,294,0.2,-0.2,72.4,7,2,2,1,0,0,0,0,0,0,0,1.362,1.38,0.166,-0.166,88.2,182,0,0,0,6.17,1.65,-0.18,2.41,0.5,0,-1.98,0.05,0.06,1.98,0.45,0.45,0.44,0.391,16.7,62.1
65,666818,"Frías, Luis",229,28.4,0.444,0.222,0.571,0.667,0.488,0.392,0.286,4,9,89.6,10.3,2225,95.8,96.29,7,25,40,0.5,6.48,118,146,118,149,297,321,297,-0.7,0.7,69.7,6.8,13,7,2,2,0,0,3,23.1,3,23.1,1.09862,1.37862,0.376,-0.19138,92.5,189,57.14285714285714,14.285714285714285,7.6923076923076925,6.49,-1.22,0.01,2.99,0.538,1,1.133846154,0.438,0.462,-1.133846154,0.158,0.10000000000000003,0.205,0.096,28,49.5
260,669212,"Morgan, Eli",646,40.2,0.176,0.137,0.179,0.314,0.267,0.241,0.161,9,51,87.3,29.3,2252,92.2,92.81,24,129,131,0.5999999999999943,6.62,112,149,120,148,296,318,299,1.6,-1.6,70.2,6.8,59,42,6,1,0,2,10,16.9,6,10.2,1.30169,1.37777,0.8525,0.02227,91,199,33.33333333333333,2.380952380952381,1.694915254237288,5.66,-0.44,0.1,3.09,0.276,1,-0.625769231,0.262,0.257,0.625769231,0.015,0.014000000000000012,0.057,0.026,18.6,45.5
402,665871,"Assad, Javier",2538,15.8,0.319,0.153,0.412,0.472,0.374,0.355,0.291,23,72,90.4,17.9,2034,91.5,91.89,35,174,228,0.4000000000000057,6.52,115,148,111,153,294,324,299,0.1,-0.1,68.9,6.5,84,55,16,5,0,2,20,23.8,9,10.7,1.34739,1.37751,0.46965,-0.3204,91.6,200,49.09090909090909,5.454545454545454,3.571428571428571,5.99,-1.6,-0.12,2.84,0.39,3,-0.027114428,0.366,0.446,0.027114428,0.028,0.024,0.026,0.019,20.1,52.1
487,663878,"Pearson, Nate",1059,46,0.31,0.198,0.354,0.508,0.384,0.352,0.249,39,126,92,18.3,2254,97.7,98.6,51,255,232,0.8999999999999915,6.9,112,148,117,149,293,321,293,-5.2,5.2,69.9,6.9,145,101,24,10,0,5,27,18.6,16,11,1.02214,1.37704,0.61273,-0.07043,92.8,197,46.53465346534654,10.891089108910892,7.586206896551724,5.49,-1.75,-0.12,2.79,0.386,11,1.066324435,0.337,0.47,-1.066324435,0.061,0.049,0.038,0.032,20,40.6
119,657240,"Merryweather, Julian",272,43.8,0.222,0.185,0.286,0.407,0.364,0.379,0.274,6,27,95.1,5.9,2236,96,96.32,9,52,67,0.29999999999999716,6.5,111,150,113,150,299,321,289,-1.3,1.3,65.8,6.4,35,21,2,3,1,0,6,17.1,5,14.3,1.10134,1.37588,0.47706,0.06714,93.1,190,61.904761904761905,0,0,6.13,-1.89,-0.11,2.99,0.4,0,1.131092437,0.44,0.383,-1.131092437,-0.052,-0.04,0.024,-0.015,17.3,52.7
413,657097,"Webb, Jacob",934,44.2,0.2,0.165,0.259,0.365,0.332,0.361,0.223,17,85,92.1,24.5,2466,93.5,93.24,55,206,207,-0.3,6.28,113,149,120,149,303,325,295,0.8,-0.8,68.3,6.6,107,57,9,5,0,3,28,26.2,21,19.6,1.2476,1.37475,0.79993,0.09286,91.4,211,47.368421052631575,14.035087719298245,7.476635514018691,5.53,-2.6,0.12,3.17,0.364,8,-0.188861985,0.383,0.43,0.188861985,-0.023,-0.019,-0.065,-0.029,26.7,32.1
162,657585,"Garrett, Reed",980,16.5,0.4,0.286,0.5,0.686,0.514,0.388,0.254,14,35,95.2,19.6,2340,96.8,96.36,20,73,89,-0.4,6.24,112,148,118,149,294,321,297,-10.1,10.1,70.8,7,45,25,10,1,0,3,10,22.2,10,22.2,1.07765,1.37463,0.71605,-0.06642,92.3,175,48,12,6.666666666666667,5.7,-1.98,0,2.69,0.533,3,6.247530864,0.419,0.457,-6.247530864,0.146,0.11400000000000005,0.229,0.126,27.4,40.4
122,663941,"Beck, Tristan",242,50.4,0.13,0.087,0.158,0.217,0.221,0.296,0.168,3,23,87.2,21.7,2086,93.1,93.9,11,55,67,0.8000000000000114,6.79,109,149,123,150,293,317,294,3.8,-3.8,70,6.9,28,19,1,2,0,0,5,17.9,3,10.7,1.26049,1.37344,0.67516,-0.11828,90.1,198,15.789473684210526,15.789473684210526,10.714285714285714,6.07,-2.94,-0.23,2.89,0.25,3,-3.145081967,0.293,0.363,3.145081967,-0.038,-0.043,-0.146,-0.075,20,43
570,671212,"Boyle, Joe",966,59,0.27,0.12,0.329,0.39,0.378,0.379,0.256,27,100,90.7,17.6,2506,97.7,98.18,57,225,345,0.5,6.62,109,146,114,149,294,319,297,-8.6,8.6,69.7,6.8,133,77,21,3,0,3,25,18.8,29,21.8,1.02468,1.37046,0.37257,-0.02533,92.3,186,46.75324675324675,6.493506493506493,3.7593984962406015,6.23,-0.86,0.05,2.72,0.439,5,1.500175439,0.429,0.407,-1.500175439,0.014,0.010000000000000009,-0.017,-0.001,25.3,48.1
62,692285,"Guerrero, Luis",133,46.6,0.1,0,0.167,0.1,0.131,0.255,0.109,1,10,84.6,34.2,2235,97.5,96.33,11,31,31,-1.2,5.71,112,149,119,146,284,320,297,1.8,-1.8,68.9,6.7,12,6,1,0,0,0,5,41.7,1,8.3,1.03742,1.36952,0.83548,0.21839,90.7,173,50,16.666666666666664,8.333333333333332,6.01,-1.82,-0.19,2.92,0.167,1,-2.908064516,0.231,0.144,2.908064516,-0.009,-0.064,-0.044,-0.124,35.5,35.5
412,683769,"Gaddis, Hunter",1075,38.3,0.219,0.198,0.24,0.417,0.296,0.301,0.228,21,96,90.4,26.3,2327,95.4,96.41,42,235,177,1,6.88,114,150,124,150,298,318,299,6.3,-6.3,70,6.9,103,78,10,6,2,3,18,17.5,6,5.8,1.139,1.36769,0.57694,0.02835,91.1,187,43.58974358974359,8.974358974358974,6.796116504854369,6.2,-2.68,0.14,2.98,0.272,7,-1.522330097,0.281,0.413,1.522330097,-0.009,-0.009,0.004,-0.005,17.9,33.5
1116,544150,"Suárez, Albert",2234,50,0.276,0.192,0.32,0.469,0.351,0.324,0.249,66,239,90.3,20.9,2385,94.8,95.38,134,587,529,0.6000000000000085,6.68,113,148,120,149,301,327,299,2.9,-2.9,69.8,6.7,266,188,39,17,1,9,53,19.9,22,8.3,1.17554,1.36737,0.58603,-0.00467,91.2,197,45.21276595744681,7.9787234042553195,5.639097744360902,6.37,-1.32,0.12,3.24,0.343,15,-0.260842294,0.319,0.425,0.260842294,0.027,0.024,0.044,0.027,22.8,42.8
123,675650,"Mercado, Michael",260,47.3,0.476,0.905,0.4,1.381,0.751,0.57,0.336,10,21,97.5,26.4,2288,95.4,95.56,8,55,68,0.19999999999998863,6.41,111,148,120,149,300,328,295,-7.6,7.6,72.3,7,28,16,3,1,0,6,5,17.9,7,25,1.14146,1.36642,0.91569,0.04285,92.3,232,68.75,37.5,21.428571428571427,6.15,-2.03,0.07,2.89,0.607,6,6.182113821,0.502,0.941,-6.182113821,0.14,0.10499999999999998,0.44,0.181,14.5,38.2
1164,625643,"López, Reynaldo",2110,55.2,0.266,0.103,0.332,0.369,0.316,0.333,0.263,67,252,91.4,15.5,2073,95.5,95.95,96,582,582,0.4000000000000057,6.53,115,150,120,150,297,323,296,19.1,-19.1,69.7,6.7,287,199,46,18,1,2,57,19.9,29,10.1,1.13335,1.36635,0.61586,-0.06359,91.3,190,47.73869346733669,8.040201005025125,5.574912891986063,5.83,-1.74,-0.2,2.59,0.343,16,-1.6395189,0.343,0.409,1.6395189,0.003,0,-0.04,-0.017,16.5,41.6
350,680736,"Wrobleski, Justin",592,59.1,0.205,0.182,0.209,0.386,0.307,0.301,0.214,18,88,86.9,26.5,2367,95.1,93.44,41,178,172,-1.7,5.31,110,152,122,150,300,319,291,0.3,-0.3,69.5,6.7,101,71,10,4,0,4,17,16.8,12,11.9,1.1568,1.36629,0.65854,-0.297,91.2,200,29.577464788732392,5.633802816901409,3.9603960396039604,5.71,1.87,-0.16,2.77,0.307,4,-0.082285714,0.315,0.36,0.082285714,-0.009,-0.008,0.026,0.006,23,41.4
619,806185,"Birdsong, Hayden",1388,44.6,0.216,0.224,0.221,0.44,0.363,0.412,0.271,25,116,92.4,20.7,2291,95.8,96.11,48,264,355,0.29999999999999716,6.51,110,148,117,150,297,324,299,2.8,-2.8,68.2,6.6,151,94,12,6,1,6,25,16.6,31,20.5,1.12189,1.36619,0.78997,-0.1574,92.3,215,54.25531914893617,10.638297872340425,6.622516556291391,6.4,-1.17,-0.11,3.17,0.383,10,-0.459127625,0.426,0.529,0.459127625,-0.055,-0.043,-0.089,-0.049,18.2,42.4
532,676962,"Brown, Ben",849,62.7,0.25,0.102,0.289,0.352,0.307,0.401,0.296,27,108,92.2,17.6,2222,96.4,97.17,43,232,300,0.7999999999999972,6.76,114,149,114,152,297,324,297,2,-2,69.5,6.8,128,92,18,8,0,1,20,15.6,15,11.7,1.09103,1.36504,0.73214,-0.13538,92.6,186,56.52173913043478,13.043478260869565,9.375,6.32,-1.57,-0.08,2.69,0.339,12,-0.383834586,0.388,0.511,0.383834586,-0.046,-0.049,-0.159,-0.094,18.5,41.4
249,670970,"Morejon, Adrian",1064,23.4,0.333,0.204,0.472,0.537,0.386,0.343,0.281,18,54,90.5,20.5,2487,96.9,97.09,36,140,109,0.19999999999998863,6.44,111,148,118,148,295,325,295,-3.2,3.2,68.4,6.7,59,37,10,6,1,1,18,30.5,3,5.1,1.06867,1.36458,0.52414,-0.08205,91.1,195,40.54054054054054,13.513513513513514,8.474576271,5.92,2.1,-0.07,3.09,0.373,5,1.275100402,0.325,0.476,-1.275100402,0.052,0.048,0.061,0.043,25.7,46.5
358,650671,"Quijada, José",379,94.5,0.18,0.066,0.27,0.246,0.305,0.348,0.212,11,61,88.9,22.8,2230,93.9,94.2,57,171,187,0.29999999999999716,6.54,107,149,115,149,303,326,298,2.1,-2.1,65.9,6.3,81,39,9,1,0,1,23,28.4,17,21,1.22964,1.36419,0.4388,-0.03443,91.3,200,38.46153846153847,5.128205128205128,2.4691358024691357,5.45,2.35,0.02,3.23,0.375,2,-0.575139665,0.399,0.351,0.575139665,-0.032,-0.024,-0.105,-0.043,33.3,36.3
323,519151,"Pressly, Ryan",969,33.3,0.313,0.188,0.391,0.5,0.371,0.365,0.288,20,64,94,11,2556,93.8,94,25,140,183,0.20000000000000284,6.34,109,148,113,147,296,324,298,-0.8,0.8,70.3,7,71,48,12,6,0,2,17,23.9,6,8.5,1.2226,1.36307,0.02709,0.00778,92,186,52.083333333333336,10.416666666666668,7.042253521126761,5.96,-0.39,-0.16,2.66,0.366,5,0.239318885,0.345,0.505,-0.239318885,0.025,0.021,-0.005,0.006,17.9,57.7
135,678226,"Hernández, Daysbel",330,40.9,0.182,0.045,0.286,0.227,0.272,0.236,0.134,4,22,87.7,32.1,2364,97.4,97.45,18,63,72,0.1,6.33,115,149,121,148,297,321,293,2.9,-2.9,68.9,6.7,27,14,3,1,0,0,8,29.6,5,18.5,1.04319,1.3617,0.77859,0.0943,90.4,196,28.57142857142857,0,0,5.81,-1.12,0.11,2.8,0.333,0,-2.111111111,0.294,0.171,2.111111111,0.048,0.039000000000000035,0.056,0.036,28.6,40.9
110,518489,"Brasier, Ryan",374,29.4,0.115,0,0.188,0.115,0.157,0.249,0.197,3,26,90.4,12.2,2231,94.5,95.37,18,68,42,0.9000000000000057,6.81,114,148,123,150,297,316,297,5.7,-5.7,69.4,6.6,30,16,3,0,0,0,11,36.7,3,10,1.19382,1.36136,0.58536,-0.10391,90.6,190,50,6.25,3.3333333333333335,5.76,-1.59,0.03,2.89,0.2,1,-5.201818182,0.273,0.282,5.201818182,-0.082,-0.073,-0.167,-0.092,26.5,39
167,600986,"Vieira, Thyago",737,22.7,0.211,0.289,0.261,0.5,0.349,0.331,0.203,8,38,93.4,11.7,2283,97.8,98.67,21,84,83,0.9000000000000057,6.88,114,150,122,150,298,310,288,-1.2,1.2,68.9,6.8,46,25,2,3,1,2,14,30.4,7,15.2,1.03257,1.3609,0.81605,0.11246,92.2,184,60,16,8.695652173913043,6.07,-2.23,-0.29,2.73,0.326,4,0.698802395,0.322,0.437,-0.698802395,0.008,0.004,0.063,0.018,25,46.6
204,663947,"Holton, Tyler",1339,15.2,0.105,0.035,0.154,0.14,0.126,0.165,0.141,6,57,86.5,14.9,2292,92.1,92.46,26,101,103,0.4000000000000057,6.46,109,150,116,147,296,325,292,9.6,-9.6,67.7,6.6,59,39,4,2,0,0,18,30.5,2,3.4,1.32368,1.3601,0.48049,-0.21921,90.9,162,30.76923076923077,0,0,5.98,1.47,-0.02,2.6,0.136,0,-4.72254902,0.171,0.201,4.72254902,-0.036,-0.035,-0.061,-0.039,25.7,44.9
2,664948,"Misiewicz, Anthony",30,6.7,,,,,,,,,,,,2092,94,93.8,0,0,2,-0.1,6.05,112,154,116,152,292,326,284,0,0,,,,,,,,,,,,,1.21,1.36,0.465,-0.465,,,,,,6.13,0.15,0.43,2.84,,0,1.1,,,-1.1,,,,,,55
532,694813,"Stone, Gavin",2152,24.7,0.246,0.164,0.305,0.41,0.333,0.322,0.235,30,122,92.4,15,2234,94.9,95.45,38,235,297,0.5999999999999943,6.64,116,149,119,151,294,317,296,2.1,-2.1,69.5,6.8,140,87,20,5,0,5,35,25,17,12.1,1.17566,1.35908,0.69876,-0.13951,91.5,197,43.67816091954023,9.195402298850574,5.714285714285714,5.64,-1.83,-0.01,2.64,0.343,8,-0.39943609,0.333,0.391,0.39943609,0.011,0.010000000000000009,0.019,0.011,16.2,48.1
64,682227,"Williamson, Brandon",256,25,0.313,0.25,0.364,0.563,0.35,0.203,0.153,5,16,91.6,33.7,2125,92.7,91.8,5,30,34,-0.9,5.81,110,148,121,149,296,325,294,-0.4,0.4,65.7,6.6,17,12,3,1,0,1,5,29.4,0,0,1.30203,1.35906,0.78969,-0.295,92,207,50,0,0,6.8,0.34,0.05,2.99,0.294,0,0.640625,0.161,0.292,-0.640625,0.16,0.13299999999999998,0.271,0.147,16.7,48.8
161,605177,"Chafin, Andrew",967,16.6,0.176,0.176,0.174,0.353,0.322,0.399,0.245,6,34,93.2,26.8,2165,91.7,92,13,63,98,0.29999999999999716,6.64,107,148,116,146,288,323,298,2.8,-2.8,68.6,6.8,43,25,4,0,0,2,9,20.9,8,18.6,1.36913,1.35845,0.71099,-0.03994,92.6,184,48,12,6.976744186046512,6.38,1.94,-0.21,2.65,0.349,3,-1.744720497,0.403,0.513,1.744720497,-0.069,-0.054,-0.16,-0.077,20.6,52.7
193,642520,"Garabito, Gerson",492,39.2,0.333,0.367,0.318,0.7,0.478,0.577,0.408,10,30,92.1,13.7,2389,93.3,94.11,15,92,101,0.7999999999999972,6.7,113,149,119,150,297,324,298,-2.9,2.9,69.2,6.7,40,26,5,2,0,3,6,15,6,15,1.25585,1.35793,0.45849,-0.01755,91.8,194,53.84615384615385,19.230769230769234,12.5,5.77,-2.18,0.08,2.67,0.462,5,1.500518135,0.531,0.883,-1.500518135,-0.075,-0.069,-0.183,-0.099,16.3,44.7
399,676272,"Miller, Bobby",1053,37.9,0.327,0.307,0.308,0.634,0.447,0.46,0.34,33,101,93.9,14.3,2294,97.6,98.7,36,216,183,1.1000000000000085,6.85,113,149,123,151,297,318,296,-9.6,9.6,69.9,6.8,118,87,21,2,1,9,14,11.9,17,14.4,1.0317,1.35767,0.64331,-0.02316,92.4,184,50.57471264367817,14.942528735632186,11.016949152542372,6.02,-1.25,0.19,2.51,0.424,13,2.412280702,0.437,0.651,-2.412280702,-0.013,-0.013,-0.017,-0.013,16.7,46.6
274,675921,"Howard, Spencer",537,51,0.353,0.147,0.451,0.5,0.396,0.377,0.299,24,68,93.6,16.2,2096,93.8,94.41,28,149,125,0.6000000000000085,6.65,107,146,119,149,297,323,298,-4.7,4.7,68.8,6.5,76,53,17,5,1,1,16,21.1,7,9.2,1.23434,1.35752,0.65993,-0.0727,92.7,199,58.490566037735846,7.547169811320755,5.263157894736842,6.09,-2.38,0,2.89,0.413,4,1.704379562,0.364,0.507,-1.704379562,0.054,0.049,-0.007,0.019,18.8,40.9
8,666208,"Speas, Alex",39,20.5,0,0,0,0,0,0.194,0.205,0,1,97.7,-15,2353,98.5,98.35,0,1,7,-0.1,6.45,111,147,114,142,284,317,291,0.5,-0.5,65.6,6.9,1,1,0,0,0,0,0,0,0,0,1.015,1.3575,0.71625,0.22875,97.7,10,100,0,0,6.43,-1.51,-0.22,2.27,0,0,-6.8625,0.205,0.205,6.8625,-0.205,-0.205,-0.205,-0.194,0,43.6
71,681217,"Silseth, Chase",167,42.5,0.167,0.25,0.125,0.417,0.308,0.378,0.289,2,12,90.4,19.7,2419,93.7,92.83,10,32,39,-0.9,5.81,116,147,117,152,302,328,302,0.7,-0.7,64.2,6.2,14,9,1,0,0,1,3,21.4,2,14.3,1.24366,1.3574599999999999,0.63493,-0.46507,92.7,198,44.44444444444444,11.11111111111111,7.142857142857142,5.92,-1.52,-0.05,2.73,0.286,1,-0.929577465,0.39,0.478,0.929577465,-0.122,-0.104,-0.061,-0.07,31.3,34.3
148,669422,"Sauer, Matt",327,45.3,0.414,0.241,0.44,0.655,0.507,0.44,0.293,12,29,92.5,20,2132,95.1,95.61,7,71,77,0.5,6.56,111,149,126,150,299,322,295,-4.8,4.8,70.4,6.9,41,26,8,2,1,1,4,9.8,11,26.8,1.16318,1.35676,0.555,-0.02486,91.4,189,50,11.538461538461538,7.317073170731707,5.99,-1.62,0.14,2.64,0.561,3,3.261486486,0.483,0.533,-3.261486486,0.121,0.078,0.122,0.067,9.9,46.3
384,669461,"Liberatore, Matthew",1358,28.3,0.262,0.354,0.216,0.615,0.385,0.386,0.272,17,65,90.7,20.5,2115,94.7,94.8,33,169,215,0.1,6.27,112,149,114,147,306,319,299,-1.2,1.2,69.7,6.9,72,58,6,5,0,6,9,12.5,5,6.9,1.17974,1.35674,0.58589,-0.19089,91.9,201,43.103448275862064,12.068965517241379,9.722222222222223,6.49,0.65,0.14,3,0.31,7,0.302604167,0.319,0.605,-0.302604167,-0.01,-0.009,0.01,-0.001,19.5,46.2
905,607192,"Glasnow, Tyler",2011,45,0.215,0.206,0.248,0.421,0.313,0.296,0.207,46,214,90.3,15,2559,96.3,98.64,96,451,454,2.299999999999997,7.49,117,150,121,151,295,315,295,6.9,-6.9,70,6.8,243,155,22,14,0,10,60,24.7,26,10.7,1.0896,1.35591,0.02254,-0.00603,91.8,172,42.58064516129032,10.32258064516129,6.584362139917696,6.06,-1.52,0.13,2.68,0.299,16,-0.763314917,0.292,0.379,0.763314917,0.008,0.007,0.042,0.017,21.3,58.6
469,647336,"Soroka, Michael",1442,32.5,0.195,0.159,0.233,0.354,0.311,0.324,0.202,16,82,84.6,26.6,2527,93.5,92.91,45,214,255,-0.6,6.02,112,148,117,149,298,325,295,3.9,-3.9,68.9,6.6,105,64,9,3,2,2,22,21,19,18.1,1.26066,1.35571,0.69991,-0.0948,90.2,188,31.25,9.375,5.714285714285714,5.96,-2.69,0.1,2.97,0.34,6,-0.835394456,0.35,0.356,0.835394456,-0.007,-0.01,-0.002,-0.013,21,35.8
13,686294,"Willingham, Amos",20,65,0,0,0,0,0,0.192,0.207,0,1,78.5,1,2308,97.7,98.52,1,5,8,0.7999999999999972,6.69,122,144,115,149,301,325,300,0.3,-0.3,68.1,6.5,1,1,0,0,0,0,0,0,0,0,1.02692,1.35538,0.61846,-0.18154,88.9,112,0,0,0,5.86,-1.85,0.09,2.75,0,0,-2.269230769,0.207,0.271,2.269230769,-0.207,-0.207,-0.271,-0.192,20,47.2
1249,671096,"Abbott, Andrew",2333,53.5,0.254,0.198,0.273,0.451,0.355,0.366,0.266,68,268,90.8,14.6,2254,92.8,93.35,113,583,666,0.6000000000000085,6.63,110,148,119,148,299,322,286,1.4,-1.4,69.2,6.7,317,213,44,9,1,14,58,18.3,44,13.9,1.29352,1.35519,0.74308,-0.41641,91.6,189,43.19248826,11.267605633802818,7.570977917981073,5.83,1.7,0.29,2.8,0.361,24,-0.111609287,0.372,0.463,0.111609287,-0.012,-0.011,-0.012,-0.011,19.4,44.9
344,608334,"Fulmer, Carson",1472,23.4,0.224,0.224,0.271,0.447,0.331,0.332,0.22,17,76,95.7,22.7,2273,93.1,93.09,29,149,195,0,6.34,111,148,117,149,304,328,302,-0.1,0.1,70.2,6.9,86,52,8,5,0,4,24,27.9,8,9.3,1.2811,1.35459,0.66113,-0.12294,93,211,63.46153846153846,13.461538461538462,8.139534884,5.68,-2.46,-0.09,2.44,0.314,7,0.039534884,0.311,0.454,-0.039534884,0.004,0.003,-0.007,-0.001,19.5,38.7
943,669373,"Skubal, Tarik",2866,32.9,0.197,0.089,0.289,0.286,0.248,0.261,0.198,42,213,87.4,18.6,2226,96.8,96.96,138,499,444,0.20000000000000284,6.37,109,151,116,146,302,330,290,18.8,-18.8,68.5,6.6,233,139,30,8,1,3,75,32.2,15,6.4,1.07976,1.35439,0.54067,-0.5009,90.7,186,36.69064748201439,7.194244604316546,4.291845493562231,6.22,1.59,0.13,2.88,0.263,10,-1.993637328,0.264,0.319,1.993637328,-0.001,-0.001,-0.033,-0.013,27.7,49.8
691,663554,"Mize, Casey",1789,38.6,0.306,0.121,0.361,0.428,0.339,0.333,0.276,53,173,92.5,13.9,2259,95.5,96.84,75,366,325,1.2999999999999972,7.05,112,148,115,148,293,329,296,-0.9,0.9,68.8,6.6,186,138,42,6,0,5,36,19.4,12,6.5,1.14797,1.35334,0.65695,-0.09041,92.1,188,46.37681159,11.594202898550725,8.602150538,5.76,-1.61,0.02,2.95,0.349,16,0.126049204,0.323,0.445,-0.126049204,0.03,0.025999999999999968,-0.017,0.006,20.5,45.8
36,542882,"Andriese, Matt",88,40.9,0.182,0.364,0.2,0.545,0.3,0.306,0.193,2,11,93.9,23.5,2377,91.2,91.27,4,21,15,0.1,6.4,113,146,120,147,296,321,293,0.5,-0.5,64.4,6.7,11,6,0,1,0,1,5,45.5,0,0,1.39389,1.35306,0.3625,0.07528,92.4,217,66.66666666666666,16.666666666666664,9.090909090909092,5.74,-2.43,-0.22,2.82,0.182,1,-1.5,0.193,0.553,1.5,-0.011,-0.011,-0.008,-0.006,19,43.8
109,666201,"Manoah, Alek",394,27.7,0.143,0.048,0.176,0.19,0.213,0.279,0.197,3,21,89.2,19.6,2397,93.3,94.42,15,44,65,1.1000000000000085,6.91,111,147,112,151,287,319,295,1,-1,67.2,6.6,24,17,2,1,0,0,4,16.7,2,8.3,1.26477,1.35174,0.41183,-0.24229,92.3,165,29.411764705882355,5.882352941,4.166666666666666,5.95,-2.33,-0.25,2.83,0.25,1,-0.871559633,0.297,0.305,0.871559633,-0.054,-0.047,-0.115,-0.066,34.1,40.8
319,643377,"Jax, Griffin",1068,29.9,0.156,0.143,0.192,0.299,0.216,0.299,0.224,12,77,93.2,19.9,2487,97.1,97.42,52,177,142,0.30000000000001137,6.42,112,148,115,149,298,323,294,8.1,-8.1,69,6.7,81,54,7,1,2,2,23,28.4,4,4.9,1.06116,1.3516,0.48897,0.00013,91.7,199,51.85185185185185,14.814814814814813,9.876543209876543,5.54,-0.68,0.19,3.01,0.198,8,-2.531974922,0.263,0.43,2.531974922,-0.068,-0.065,-0.131,-0.083,29.4,46
77,672782,"Gómez, Yoendrys",214,36,0.2,0.133,0.214,0.333,0.265,0.373,0.281,3,15,94.6,15.9,2348,92.4,93.63,8,41,36,1.1999999999999886,7.09,110,151,123,151,291,323,283,1.2,-1.2,72.2,7.1,18,14,1,2,0,0,2,11.1,2,11.1,1.32532,1.35156,0.44675,0.19896,92.3,186,71.42857142857143,14.285714285714285,11.11111111111111,5.55,-1.8,-0.05,2.57,0.278,2,-1.584415584,0.346,0.559,1.584415584,-0.081,-0.068,-0.226,-0.108,19.5,42.3
2,667478,"Kravetz, Evan",4,50,0,0,0,0,0,0.224,0.246,0,1,100.2,-14,2357,90.8,91.15,0,1,1,0.4000000000000057,6.65,85,145,113,144,287,320,295,0.6,-0.6,75.6,7.7,1,1,0,0,0,0,0,0,0,0,1.43,1.35,1.005,0.035,100.2,8,100,0,0,6.72,1.98,-0.28,1.13,0,0,-27.95,0.246,0.248,27.95,-0.246,-0.246,-0.248,-0.224,0,47.1
369,681869,"Dubin, Shawn",840,43.9,0.188,0.029,0.283,0.217,0.289,0.311,0.189,13,69,88.8,18.7,2343,95,95.14,27,147,222,0.1,6.54,109,148,114,147,292,321,297,2.6,-2.6,69,6.8,90,46,11,2,0,0,24,26.7,19,21.1,1.19214,1.34986,0.81038,-0.11396,90.9,184,39.130434782608695,4.3478260869565215,2.2222222222222223,5.82,-1.91,-0.13,2.7,0.367,2,-0.698915989,0.372,0.261,0.698915989,-0.001,-0.005,-0.044,-0.022,18.4,40.9
308,681517,"Leahy, Kyle",695,44.3,0.286,0.238,0.283,0.524,0.372,0.422,0.331,18,63,93.2,19.7,2273,95.5,97.15,29,152,156,1.7000000000000028,7.22,112,148,115,148,303,321,300,1.4,-1.4,68.3,6.6,73,56,9,6,0,3,9,12.3,8,11,1.14968,1.34984,0.38511,-0.00733,92.3,206,58.92857142857143,8.928571428571429,6.8493150684931505,5.87,-1.3,-0.01,2.9,0.356,5,-0.457467532,0.404,0.589,0.457467532,-0.045,-0.048,-0.065,-0.05,19.1,47.2
635,500779,"Quintana, Jose",2819,22.5,0.227,0.2,0.216,0.427,0.332,0.341,0.232,25,110,87.1,23.1,2074,90.7,90.94,49,290,345,0.20000000000000284,6.54,107,150,121,148,300,326,294,-1.2,1.2,67.5,6.5,130,94,15,4,0,6,18,13.8,10,7.7,1.43233,1.34976,0.32251,-0.25979,91.2,180,36.17021276595745,10.638297872340425,7.6923076923076925,5.8,2.19,-0.41,3.27,0.331,10,0.193385827,0.339,0.429,-0.193385827,-0.005,-0.008,-0.002,-0.009,16.9,45.5
228,663423,"Thornton, Trent",1139,20,0.26,0.2,0.379,0.46,0.347,0.313,0.23,13,50,88.3,23.1,2501,95.5,95.73,34,111,117,0.20000000000000284,6.34,114,149,117,148,289,319,293,-5,5,68.6,6.6,57,32,7,4,0,2,19,33.3,5,8.8,1.14399,1.34956,0.34863,-0.03982,91.2,200,50,9.375,5.263157894736842,5.38,-2.03,0.02,2.89,0.339,3,2.210087719,0.313,0.393,-2.210087719,0.03,0.026000000000000023,0.067,0.034,30.6,42.3
47,700363,"Smith-Shawver, AJ",87,54,0.111,0,0.125,0.111,0.098,0.214,0.185,1,9,95.5,36.4,2165,96.2,96.97,4,26,21,0.7999999999999972,6.67,106,150,124,149,291,319,294,2.1,-2.1,69,6.9,9,8,1,0,0,0,1,11.1,0,0,1.11149,1.3483,0.58617,0.15894,91.9,233,62.5,12.5,11.11111111111111,6.02,-1.94,0.1,2.57,0.111,1,-4.421276596,0.185,0.321,4.421276596,-0.074,-0.074,-0.21,-0.116,15.4,49.6
129,656240,"Blewett, Scott",319,40.4,0.333,0.1,0.417,0.433,0.4,0.339,0.269,10,30,96,18.8,2302,93.6,95.22,12,67,62,1.6000000000000085,7.15,110,147,114,146,296,320,294,2.4,-2.4,66.8,6.5,37,24,7,3,0,0,6,16.2,6,16.2,1.24682,1.34829,0.45984,0.12915,93.6,176,62.5,0,0,6.32,-1.79,-0.12,2.85,0.459,0,-1.853488372,0.407,0.321,1.853488372,0.064,0.052000000000000046,0.112,0.061,17.9,51.1
937,669302,"Gilbert, Logan",3042,30.8,0.204,0.178,0.208,0.383,0.274,0.33,0.258,47,230,92.6,17.9,2034,96.6,99.05,87,450,487,2.4000000000000057,7.63,113,150,114,148,291,319,291,6.4,-6.4,70.4,6.9,246,188,27,9,1,10,43,17.5,15,6.1,1.09386,1.3481,0.5876,0.05225,92.4,185,47.87234042553192,9.042553191489363,6.910569105691057,5.87,-1.03,-0.02,2.67,0.252,17,-0.685378869,0.305,0.453,0.685378869,-0.054,-0.053,-0.07,-0.056,19.3,45.2
638,656731,"Megill, Tylor",1365,46.7,0.228,0.122,0.317,0.35,0.32,0.337,0.229,28,123,91.5,23.2,2218,95.7,97.53,90,308,330,1.7999999999999972,7.42,114,149,121,150,295,325,297,1.9,-1.9,69.2,6.7,148,84,17,9,0,2,39,26.4,21,14.2,1.1519,1.34688,0.56572,-0.08886,91.4,203,48.80952380952381,10.714285714285714,6.081081081081082,5.81,-1.8,-0.06,2.7,0.354,9,-0.299373041,0.355,0.4,0.299373041,-0.001,-0.001,-0.05,-0.017,29.2,37.1
1079,656288,"Canning, Griffin",2869,37.6,0.251,0.278,0.224,0.529,0.363,0.376,0.273,57,227,91.9,22.6,2116,93.4,92.98,69,469,610,-0.4,6.06,110,148,117,150,305,327,301,-11.5,11.5,70.3,6.9,263,200,28,11,2,16,33,12.5,28,10.6,1.26907,1.34648,0.67484,-0.06322,92.2,196,44.5,11.5,8.745247148288973,5.94,-1.43,0.01,2.96,0.332,23,1.066450417,0.354,0.523,-1.066450417,-0.022,-0.022,0.006,-0.013,14.7,47.8
96,608678,"Leone, Dominic",361,26.6,0.333,0.222,0.313,0.556,0.399,0.419,0.311,6,18,88.8,18.5,2310,94.9,95.2,14,47,49,0.29999999999999716,6.49,115,148,117,149,296,323,296,-1.9,1.9,69.4,6.7,24,17,4,1,0,1,3,12.5,4,16.7,1.1876,1.34604,0.58656,-0.02302,91.1,196,41.17647058823529,11.76470588235294,8.333333333333332,5.79,-2.37,0.05,2.95,0.417,2,2.017708333,0.431,0.506,-2.017708333,0.022,-0.014,0.05,-0.02,29.8,38.8
231,663776,"Sandoval, Patrick",1444,16,0.381,0.143,0.455,0.524,0.433,0.362,0.26,16,42,91.6,13.9,2035,93.7,93.4,16,100,131,-0.3,6.18,106,151,116,147,310,327,297,-5.7,5.7,69.6,6.8,49,34,12,3,0,1,8,16.3,7,14.3,1.25762,1.34602,0.56874,-0.48978,91.5,189,41.17647058823529,8.823529411764707,6.122448979591836,6.1,0.94,-0.12,2.8,0.469,3,2.450649351,0.366,0.456,-2.450649351,0.121,0.10299999999999998,0.068,0.071,16,52.8
248,673380,"Núñez, Dedniel",521,47.6,0.235,0.137,0.25,0.373,0.269,0.314,0.269,12,51,88.7,11.9,2520,96.3,96.46,37,147,101,0.20000000000000284,6.38,113,149,120,149,299,322,296,6.6,-6.6,70.5,7,52,42,9,1,0,2,9,17.3,1,1.9,1.11536,1.345,0.27809,0.10639,91.5,165,33.33333333333333,9.523809523809524,7.6923076923076925,5.51,-2.26,0.12,2.79,0.25,4,-2.661693548,0.283,0.451,2.661693548,-0.034,-0.033,-0.078,-0.045,25.2,39.8
285,592155,"Booser, Cam",695,41,0.244,0.179,0.302,0.423,0.321,0.332,0.253,19,78,91.9,26.3,2087,95.3,95.45,43,171,114,0.20000000000000284,6.36,107,151,119,146,289,323,297,-1.8,1.8,69.4,6.9,86,56,12,3,1,3,22,25.6,8,9.3,1.16439,1.34498,0.61165,-0.25361,92,211,44.642857142857146,10.714285714285714,6.976744186046512,5.88,2.54,0.05,2.89,0.314,6,0.635789474,0.323,0.439,-0.635789474,-0.009,-0.009,-0.016,-0.011,25.1,42.5
415,674370,"Bido, Osvaldo",1056,39.3,0.203,0.095,0.271,0.297,0.305,0.288,0.172,15,74,88.9,26.1,2386,94.8,94.72,51,178,237,-0.1,6.35,113,147,116,150,299,322,299,0.7,-0.7,69.3,6.8,91,50,12,1,0,2,24,26.4,15,16.5,1.20188,1.34494,0.86434,-0.07677,90.9,188,36,6,3.296703296703297,5.83,-2.27,0.07,2.97,0.352,3,-0.158313253,0.327,0.282,0.158313253,0.031,0.024999999999999967,0.015,0.017,28.7,33.4
400,663567,"Lambert, Peter",1039,38.5,0.315,0.213,0.342,0.528,0.402,0.362,0.282,28,89,89.1,21.9,2236,94.5,95,22,188,212,0.5,6.44,112,149,121,149,303,329,301,-3.2,3.2,69.2,6.8,106,76,17,6,2,3,14,13.2,14,13.2,1.1976,1.34253,0.57183,0.02792,90.9,195,36.84210526315789,6.578947368421052,4.716981132075472,6.14,-1.67,0.01,2.58,0.41,5,0.8035,0.384,0.438,-0.8035,0.033,0.025999999999999968,0.09,0.04,11.7,54
631,669062,"Miller, Erik",1269,49.7,0.184,0.126,0.246,0.311,0.289,0.283,0.183,19,103,92.7,15.1,2272,96.9,97.25,81,278,353,0.3999999999999915,6.55,110,149,120,148,294,320,295,6.2,-6.2,67.6,6.6,123,65,14,1,0,4,38,30.9,20,16.3,1.09236,1.34206,0.70994,-0.13691,91,182,49.23076923076923,7.6923076923076925,4.0650406504065035,6.62,0.91,-0.14,3.11,0.317,5,-0.983518225,0.316,0.292,0.983518225,0.001,0.001,0.019,0.006,29.1,45
531,621381,"Strahm, Matt",981,54.1,0.159,0.127,0.236,0.286,0.203,0.229,0.18,20,126,91.6,24.3,2496,93.4,92.94,80,298,233,-0.5,6.21,107,149,118,147,298,323,289,12.7,-12.7,70.3,6.8,134,75,10,7,0,3,54,40.3,5,3.7,1.28996,1.34177,1.20529,-0.56608,91.4,190,44,10.666666666666668,5.970149253731343,5.37,2.28,0,2.81,0.187,8,-2.400564972,0.207,0.328,2.400564972,-0.021,-0.02,-0.042,-0.026,26.8,30
368,542888,"Armstrong, Shawn",1109,33.2,0.198,0.143,0.306,0.341,0.275,0.317,0.225,18,91,92.5,26,2311,93.3,93.8,68,204,164,0.5,6.61,107,148,117,148,297,326,298,2.3,-2.3,70.2,6.8,101,52,11,4,0,3,39,38.6,10,9.9,1.28236,1.33992,0.55446,0.02761,91,210,44.230769230769226,15.384615384615385,7.920792079207921,5.78,-1.6,-0.01,2.94,0.277,8,-0.617663043,0.302,0.422,0.617663043,-0.027,-0.025,-0.081,-0.042,33.3,39.1
304,641703,"Honeywell, Brent",595,51.1,0.254,0.164,0.268,0.418,0.339,0.351,0.283,17,67,89.5,13.1,2163,94.7,94.57,20,144,160,-0.1,6.12,115,149,125,151,296,318,297,2.5,-2.5,68.1,6.6,81,60,10,5,0,2,10,12.3,10,12.3,1.19457,1.33941,0.46464,-0.1453,91.6,190,45,3.3333333333333335,2.4691358024691357,6.2,-0.83,-0.18,2.71,0.354,2,-0.831578947,0.381,0.405,0.831578947,-0.029,-0.027,0.013,-0.012,13.9,45.7
735,592791,"Taillon, Jameson",2483,29.6,0.287,0.21,0.297,0.497,0.353,0.379,0.298,48,167,92.7,17,2282,92.3,93.1,51,346,389,0.7999999999999972,6.69,114,149,115,153,298,326,298,0.4,-0.4,70.1,6.8,179,139,33,5,0,10,30,16.8,10,5.6,1.33,1.3394,0.57158,-0.21536,92.6,192,50.35971223021583,11.510791366906476,8.938547486033519,6.12,-1.34,-0.24,2.81,0.326,16,-0.057006803,0.336,0.552,0.057006803,-0.011,-0.01,-0.055,-0.026,14.7,43.9
7,681806,"Wantz, Andrew",35,20,,,,,0.689,0.689,,0,0,,,2451,94.7,94.99,0,1,6,0.29999999999999716,6.33,118,149,128,152,304,325,303,-0.2,0.2,72.2,7.6,1,0,0,0,0,0,0,0,1,100,1.19286,1.33857,0.44571,-0.1,88,118,,,0,6.11,-1.69,-0.48,2.51,1,0,2.885714286,1,,-2.885714286,,0,,0,0,41.3
149,593334,"Germán, Domingo",373,39.9,0.344,0.188,0.36,0.531,0.439,0.42,0.316,11,32,93.5,24.4,2596,90.7,90.28,6,56,93,-0.4,6.02,109,145,112,145,305,323,299,-8.1,8.1,71.8,7.3,40,27,9,0,0,2,5,12.5,7,17.5,1.43201,1.33839,0.72846,0.05477,92.9,186,40.74074074074074,7.4074074074074066,5,5.34,-1.6,0.08,2.4,0.475,2,5.465100671,0.453,0.506,-5.465100671,0.028,0.021999999999999964,0.025,0.019,10.7,26.2
149,694037,"Palencia, Daniel",263,56.7,0.314,0.143,0.44,0.457,0.398,0.359,0.27,11,35,97.1,9.2,2240,98.2,99.22,16,71,78,1,6.9,115,150,115,152,297,321,298,-5.5,5.5,69.2,6.6,43,25,6,5,0,0,10,23.3,7,16.3,1.03168,1.33805,0.91812,-0.10121,93,187,60,4,2.3255813953488373,5.49,-1.59,-0.16,2.91,0.442,1,3.688590604,0.406,0.383,-3.688590604,0.044,0.035999999999999976,0.074,0.039,22.5,37
806,671922,"Smith, Cade",1166,69.1,0.174,0.079,0.294,0.253,0.212,0.247,0.191,33,190,91.5,14.3,2280,96,97.8,130,427,379,1.7999999999999972,7.36,113,150,125,149,298,319,299,28.4,-28.4,67.7,6.5,203,110,21,10,1,1,81,39.9,10,4.9,1.14169,1.3371,0.70932,-0.00473,91.4,189,46.36363636363636,10,5.418719212,5.79,-2.58,-0.12,2.88,0.222,11,-3.52146402,0.241,0.311,3.52146402,-0.017,-0.019,-0.058,-0.035,30.4,38.3
17,670219,"Kristofak, Zac",39,43.6,0.5,0.5,0.5,1,0.418,0.322,0.469,1,2,99.6,27.5,2397,92.7,91.62,2,5,12,-1.1,5.58,106,146,111,143,310,325,304,-0.4,0.4,60.7,6.4,3,2,0,1,0,0,1,33.3,0,0,1.31294,1.33647,0.23529,0.18941,95.7,225,50,0,0,5.36,-0.83,0.15,2.66,0.333,0,2.123529412,0.315,0.63,-2.123529412,0.031,0.018000000000000016,0.37,0.096,40,43.2
16,641427,"Busenitz, Alan",75,21.3,0.333,0,0.333,0.333,0.294,0.234,0.22,1,3,92.7,3.7,2336,94.3,93.36,0,5,11,-0.9,5.67,112,146,124,150,293,321,297,0,0,71.9,6.8,3,3,1,0,0,0,0,0,0,0,1.22375,1.33625,0.71375,-0.175,93,141,66.66666666666666,0,0,6.21,-0.87,-0.31,3.52,0.333,0,-0.15,0.22,0.306,0.15,0.113,0.11300000000000002,0.027,0.06,0,43
254,663436,"Martin, Davis",892,28.5,0.389,0.083,0.538,0.472,0.449,0.38,0.275,14,36,82.4,12.9,2384,93.6,94.04,21,104,150,0.4000000000000057,6.56,110,149,117,149,293,327,298,-6.7,6.7,68,6.5,47,26,11,3,0,0,10,21.3,9,19.1,1.26866,1.3361,0.50118,-0.04236,89.9,172,34.61538461538461,11.538461538461538,6.382978723404255,6.03,-1.88,0.09,2.91,0.532,3,2.639370079,0.445,0.373,-2.639370079,0.114,0.087,0.099,0.069,20.2,41.3
119,660825,"Bazardo, Eduard",441,27,0.24,0.12,0.294,0.36,0.33,0.309,0.193,6,25,88,20.8,2101,94.4,93.84,14,59,60,-0.6,6.08,114,148,121,147,294,320,287,0.1,-0.1,68.6,6.7,30,18,5,0,0,1,7,23.3,5,16.7,1.23387,1.3358,0.52672,-0.01025,90.8,163,38.88888888888889,5.555555555555555,3.3333333333333335,5.77,-1.74,0.1,2.96,0.367,1,-0.050420168,0.327,0.351,0.050420168,0.047,0.04,0.009,0.021,23.7,43.6
302,656271,"Burke, Brock",575,52.5,0.284,0.328,0.375,0.612,0.409,0.31,0.228,19,67,92.9,20.4,2238,95.7,96.68,35,163,139,1,6.94,111,148,117,148,303,327,297,-4.4,4.4,69.8,6.8,75,44,6,8,1,4,23,30.7,6,8,1.1648,1.33474,0.77477,-0.09497,91,194,43.18181818181818,9.090909090909092,5.333333333333334,6.27,1.73,0.06,2.7,0.36,4,1.458609272,0.311,0.392,-1.458609272,0.056,0.049,0.22,0.099,21.5,42.9
118,543351,"Jackson, Jay",453,26,0.2,0.033,0.333,0.233,0.234,0.236,0.193,6,30,89.3,15.8,2245,91.9,91.95,12,59,59,0.1,6.41,114,149,122,149,296,322,292,0.6,-0.6,70.5,6.9,33,18,5,1,0,0,12,36.4,3,9.1,1.3761,1.33263,0.82686,-0.03347,90.7,171,50,0,0,5.67,-2.24,-0.04,2.89,0.273,0,-0.516101695,0.267,0.246,0.516101695,0.007,0.006,-0.013,-0.002,20.3,31.3
366,502043,"Gibson, Kyle",2764,13.2,0.268,0.296,0.246,0.563,0.401,0.433,0.299,19,71,93.5,20,2232,91.4,92.58,7,107,259,1.1999999999999886,6.96,117,147,108,151,299,322,302,-6.4,6.4,70.1,6.9,86,62,9,4,1,5,10,11.6,12,14,1.39421,1.33153,0.37172,-0.23937,92.5,191,43.54838709677419,14.516129032258066,10.465116279069768,6.35,-2.02,0.15,2.76,0.384,9,1.755191257,0.412,0.612,-1.755191257,-0.031,-0.028,-0.049,-0.032,6.5,47.9
100,542585,"Cisnero, José",313,31.9,0.318,0.409,0.444,0.727,0.477,0.436,0.259,7,22,90.3,33,2418,95.2,94.74,18,57,43,-0.5,6.2,110,146,121,150,301,328,300,-3.8,3.8,69.9,7.1,29,12,4,0,0,3,11,37.9,5,17.2,1.2001,1.3315,0.9695,-0.4401,90.2,215,41.66666666666667,25,10.344827586206897,5.41,-1.53,-0.12,2.61,0.448,3,3.758,0.411,0.61,-3.758,0.059,0.037,0.117,0.041,31.6,27.8
14,650960,"Duarte, Daniel",56,25,0,0,0,0,0.115,0.231,0.117,0,5,91.7,13.7,2337,96.1,95.79,2,7,7,-0.3,6.1,114,152,123,150,308,329,294,1.2,-1.2,67,6.6,6,3,0,0,0,0,2,33.3,1,16.7,1.13714,1.33143,0.56929,0.27643,91,197,33.33333333333333,0,0,5.65,-0.83,-0.03,2.61,0.167,0,-8.471428571,0.264,0.216,8.471428571,-0.117,-0.097,-0.216,-0.116,28.6,44.1
19,543475,"Lyles, Jordan",72,26.4,0.25,0.25,0.25,0.5,0.389,0.494,0.341,1,4,99.5,20.8,2129,90.8,91.86,0,9,10,1.1000000000000085,6.91,117,147,131,151,304,318,300,0.4,-0.4,74,7,5,4,0,1,0,0,0,0,1,20,1.43474,1.33105,0.45211,-0.06789,93.8,212,75,25,20,5.89,-2.29,0.23,2.75,0.4,1,-2.084210526,0.473,0.727,2.084210526,-0.091,-0.073,-0.227,-0.105,0,42.8
44,543238,"Gose, Anthony",79,55.7,0.5,0.5,0.5,1,0.64,0.545,0.464,4,8,86.9,7.1,2243,95.7,95.21,4,20,24,-0.5,5.93,107,143,113,140,299,317,298,-2.7,2.7,68,6.4,9,7,2,1,0,1,1,11.1,1,11.1,1.15318,1.32955,0.48227,-0.20182,91,175,28.57142857142857,14.285714285714285,11.11111111111111,5.68,1.24,-0.14,2.83,0.556,1,6.190909091,0.524,0.754,-6.190909091,0.036,0.032,0.246,0.095,20,46.9
32,676604,"Zuber, Tyler",75,42.7,0.333,1,0,1.333,0.685,0.648,0.307,1,3,102.2,48,2383,94.9,94.47,3,11,21,-0.4,6.23,103,149,116,149,302,330,294,-0.5,0.5,70,6.6,4,2,0,0,0,1,1,25,1,25,1.21937,1.32938,0.67875,0.0675,92.9,238,50,50,25,5.17,-2.14,0.29,2.65,0.5,1,1.41875,0.48,1.224,-1.41875,0.026,0.020000000000000018,0.109,0.037,27.3,35.5
409,678368,"Bellozo, Valente",1094,37.4,0.247,0.206,0.237,0.454,0.331,0.368,0.27,24,97,90.8,21,2090,89.2,88.82,26,195,214,-0.4,6.02,109,149,120,149,302,327,299,3.5,-3.5,69.9,6.8,108,85,14,5,0,5,13,12,9,8.3,1.53645,1.32819,0.3558,0.05914,92.1,187,45.88235294117647,10.588235294117647,8.333333333333332,6.14,-0.94,-0.01,2.91,0.315,9,-0.852811736,0.34,0.506,0.852811736,-0.023,-0.025,-0.052,-0.037,13.3,47.1
383,686973,"Varland, Louie",901,42.5,0.306,0.247,0.357,0.553,0.39,0.338,0.257,26,85,88.3,12.6,2157,96.3,97.52,50,207,176,1.2000000000000028,7,110,146,115,148,297,323,294,-3.4,3.4,68.7,6.5,93,63,17,3,0,6,23,24.7,6,6.5,1.13209,1.32815,0.57256,-0.10614,90.8,196,38.095238095238095,11.11111111111111,7.526881720430108,5.53,-2.07,-0.02,2.86,0.359,7,0.893733681,0.314,0.47,-0.893733681,0.049,0.044999999999999984,0.083,0.052,24.2,42.7
480,681190,"Vásquez, Randy",1687,28.5,0.301,0.161,0.352,0.462,0.378,0.429,0.332,28,93,91.6,16.8,2418,94.3,94.21,56,252,228,-0.1,6.24,112,149,119,150,297,324,296,-1.3,1.3,70.3,6.8,110,76,19,6,0,3,19,17.3,12,10.9,1.23706,1.3274,0.61504,0.07608,91.6,197,50,13.157894736842104,9.090909090909092,5.98,-2.03,0.07,2.89,0.398,10,0.277291667,0.424,0.573,-0.277291667,-0.031,-0.026,-0.111,-0.051,22.2,36.9
294,453286,"Scherzer, Max",669,43.9,0.262,0.23,0.283,0.492,0.353,0.335,0.264,16,61,89.5,27.8,2299,92.5,92.09,36,162,132,-0.4,6.21,114,149,116,150,301,326,296,0.6,-0.6,69.2,6.8,67,49,8,5,0,3,12,17.9,5,7.5,1.35446,1.32701,0.84163,-0.00109,90.7,190,36.734693877551024,8.163265306,5.970149253731343,5.57,-3.09,0.05,2.71,0.328,4,-0.198979592,0.33,0.435,0.198979592,-0.002,-0.002,0.057,0.018,22.2,29.3
155,680880,"Holman, Grant",292,53.1,0.222,0.056,0.286,0.278,0.303,0.319,0.242,8,36,86.2,12.4,1923,94.4,95.91,17,75,80,1.5,7.18,112,148,116,149,296,319,294,2.6,-2.6,68.9,6.6,44,28,6,2,0,0,8,18.2,7,15.9,1.23419,1.3269,0.70097,0.15258,90.8,170,25,0,0,6.26,-1.85,0.2,2.97,0.364,0,-1.658709677,0.38,0.299,1.658709677,-0.02,-0.016,-0.021,-0.016,22.7,48
21,671131,"Rutledge, Jackson",139,15.1,0.375,0.125,0.5,0.5,0.377,0.225,0.232,3,8,89.2,7.3,2396,95.9,95.95,2,14,7,0,6.4,120,148,122,150,300,322,295,-0.3,0.3,68.8,6.8,8,6,2,1,0,0,2,25,0,0,1.15857,1.32571,0.71381,-0.19667,90.5,132,33.33333333333333,0,0,6.23,-1.92,0.37,2.92,0.375,0,1.39047619,0.232,0.273,-1.39047619,0.143,0.143,0.227,0.152,14.3,39.8
221,572955,"Johnson, Pierce",916,24.1,0.194,0.056,0.318,0.25,0.309,0.309,0.198,7,36,88.7,20.2,2329,95.5,94.7,21,79,142,-0.8,5.93,114,149,121,149,298,321,294,2.1,-2.1,69.2,6.7,47,22,5,2,0,0,14,29.8,10,21.3,1.18511,1.32412,0.86385,-0.02593,89.9,183,31.818181818181817,0,0,6.05,-2.17,-0.11,3.05,0.383,0,-0.947963801,0.386,0.245,0.947963801,-0.004,-0.003,0.005,0,26.6,37.2
147,676614,"Sammons, Bryan",374,39.3,0.059,0.078,0.051,0.137,0.136,0.224,0.132,3,51,88.3,33.3,2121,91.5,91.6,18,87,60,0.1,6.38,112,151,115,149,294,326,295,6.9,-6.9,70.1,6.9,56,40,1,1,0,1,11,19.6,5,8.9,1.4034,1.3234,0.79156,-0.25293,91.5,201,30,5,3.571428571428571,5.53,2.15,-0.02,2.62,0.143,2,-4.71292517,0.21,0.291,4.71292517,-0.073,-0.067,-0.154,-0.088,20.7,32.9
874,680570,"Rodriguez, Grayson",1879,46.5,0.291,0.122,0.373,0.413,0.349,0.325,0.247,55,189,90.5,14.9,2285,96.1,97.62,118,439,435,1.5,7.28,112,149,119,150,301,327,299,-0.8,0.8,69.8,6.6,214,139,42,8,0,5,50,23.4,21,9.8,1.15894,1.3223799999999999,1.05367,-0.0415,91.3,186,41.726618705035975,5.755395683453238,3.7383177570093453,5.61,-2.34,-0.21,3.03,0.374,8,0.093249428,0.335,0.398,-0.093249428,0.044,0.039,0.015,0.024,26.9,38.2
860,687792,"Herz, DJ",1586,54.2,0.222,0.096,0.33,0.317,0.288,0.279,0.194,37,167,90.6,20.2,2325,93.5,94.25,130,426,434,0.7000000000000028,6.72,110,149,119,147,305,326,300,8.9,-8.9,69.6,6.7,193,106,28,5,1,3,62,32.1,22,11.4,1.28617,1.32198,1.02943,-0.50078,91,189,41.509433962264154,10.377358490566039,5.699481865284974,5.8,2,0.15,2.75,0.318,11,-1.033139535,0.294,0.322,1.033139535,0.028,0.024,-0.005,0.009,30.5,37.4
387,666205,"Muller, Kyle",725,53.4,0.279,0.115,0.333,0.394,0.302,0.307,0.262,29,104,91,15.2,2371,92.6,93.09,46,215,172,0.5,6.62,110,149,118,149,297,322,297,3.1,-3.1,70.3,6.8,109,83,21,6,0,2,22,20.2,3,2.8,1.34331,1.32111,0.13438,-0.03011,91.7,171,43.373493975903614,8.433734939759036,6.422018348623854,6.59,1.41,0.13,2.66,0.303,7,-0.812403101,0.293,0.398,0.812403101,0.017,0.010000000000000009,-0.004,-0.005,21.4,53
36,607237,"Garrett, Amir",104,34.6,0.2,0,0.5,0.2,0.176,0.084,0.093,1,5,94.2,32.5,2142,95.6,95.9,1,9,27,0.30000000000001137,6.59,107,150,114,150,308,323,293,0.6,-0.6,71.1,6.8,5,2,1,0,0,0,3,60,0,0,1.18611,1.32,0.7475,-0.39472,90.3,181,50,0,0,6.21,1.79,0.18,2.27,0.2,0,-1.580555556,0.093,0.1,1.580555556,0.107,0.10700000000000001,0.1,0.092,11.1,43.2
34,669391,"White, Owen",69,49.3,0.6,0,0.6,0.6,0.556,0.413,0.358,3,5,80.2,17,2333,94.4,94.84,2,16,18,0.3999999999999915,6.55,116,145,117,149,290,323,296,-1.2,1.2,66.4,6.6,6,5,3,0,0,0,0,0,1,16.7,1.24,1.31971,0.55471,-0.16412,90.1,209,20,0,0,5.89,-1.37,0.18,2.79,0.667,0,3.447058824,0.465,0.477,-3.447058824,0.242,0.202,0.123,0.143,12.5,44.6
209,642207,"Williams, Devin",391,53.5,0.111,0.139,0.158,0.25,0.228,0.241,0.144,4,36,88,29.8,2356,94.7,96.34,32,98,111,1.5999999999999943,7.31,113,149,121,148,304,326,295,3.4,-3.4,68.5,6.5,42,20,1,2,0,1,16,38.1,6,14.3,1.23072,1.31885,0.97124,0.00665,89.8,215,35,10,4.761904761904762,5.38,-2.31,0.01,3.08,0.238,2,-1.617703349,0.267,0.246,1.617703349,-0.033,-0.029,0.004,-0.013,32.7,28.5
190,605288,"Houser, Adrian",1131,16.8,0.179,0.154,0.231,0.333,0.297,0.364,0.242,7,39,90.7,16.4,2213,93.6,94.04,16,83,107,0.4000000000000057,6.7,115,149,123,151,296,323,298,0.4,-0.4,67.9,6.7,47,27,3,3,0,1,12,25.5,8,17,1.29695,1.31879,0.77,-0.25947,90.9,207,48.148148148148145,18.51851851851852,10.638297872340425,6.06,-1.24,-0.01,2.68,0.319,5,-0.213157895,0.371,0.46,0.213157895,-0.063,-0.052,-0.127,-0.067,19.3,45
1237,676440,"Bibee, Tanner",2851,43.4,0.282,0.194,0.319,0.476,0.344,0.341,0.283,77,273,90.6,16.2,2361,94.6,95.31,137,644,593,0.7000000000000028,6.63,114,149,122,150,298,320,299,-10.4,10.4,69.2,6.6,292,218,50,12,4,11,56,19.2,14,4.8,1.22369,1.3185,0.35314,-0.07258,91.6,179,46.330275229357795,6.8807339449541285,5.136986301369863,6.23,-2.21,-0.04,3,0.325,15,0.844462409,0.327,0.461,-0.844462409,-0.001,-0.002,0.015,0.003,21.3,52.8
721,640448,"Finnegan, Kyle",1067,67.6,0.286,0.143,0.339,0.429,0.339,0.34,0.286,46,161,91.3,9.1,2085,97.2,97.91,78,391,330,0.7000000000000028,6.62,113,147,118,147,304,327,300,-1.3,1.3,69.2,6.6,176,126,35,4,2,5,35,19.9,15,8.5,1.0891,1.31798,0.85548,0.10513,91.8,178,48.41269841269841,6.349206349206349,4.545454545454546,5.76,-1.71,0.07,2.72,0.347,8,0.181414702,0.346,0.427,-0.181414702,0,0.001,0.002,-0.001,19.9,51.6
1007,669923,"Kirby, George",2967,33.9,0.221,0.237,0.266,0.458,0.301,0.292,0.217,56,253,90.1,25.6,2231,96,96.36,178,612,395,0.4000000000000057,6.54,112,149,117,148,293,320,292,10.8,-10.8,68.6,6.6,267,173,25,16,1,14,83,31.1,11,4.1,1.16214,1.31673,0.77908,-0.03312,91.2,201,37.57225433526011,15.028901734104046,9.737827715355806,5.92,-1.74,0.15,3.19,0.252,26,-1.073982125,0.248,0.437,1.073982125,0.004,0.004,0.021,0.009,29.1,37.1
26,656793,"Nelson, Nick",96,27.1,0.4,0.4,0.5,0.8,0.55,0.39,0.243,2,5,93.7,15,1906,94.3,93.99,0,12,14,-0.3,6.17,120,148,111,149,291,317,290,-0.2,0.2,68.5,6.3,7,4,1,0,1,0,1,14.3,2,28.6,1.25654,1.31615,0.46,-0.05615,90.5,202,50,0,0,5.64,-2.41,0.07,3.03,0.571,0,0.930769231,0.46,0.395,-0.930769231,0.157,0.11099999999999993,0.405,0.16,0,50.2
160,669952,"White, Mitch",413,38.7,0.241,0.207,0.24,0.448,0.33,0.313,0.242,7,29,89,11.3,2255,93.9,94.01,14,83,77,0.1,6.42,109,147,118,149,290,318,290,-1.1,1.1,67.3,6.6,35,27,4,1,1,1,4,11.4,3,8.6,1.27781,1.31575,0.36331,-0.04969,91.1,181,40.74074074074074,0,0,6.07,-1.57,-0.06,2.9,0.324,0,0.705625,0.326,0.38,-0.705625,-0.001,-0.002,0.068,0.017,16.9,42.2
164,669620,"Basso, Brady",350,46.9,0.225,0.1,0.242,0.325,0.268,0.322,0.274,9,40,91.1,14.9,2317,92.2,92.39,14,85,79,0.20000000000000284,6.37,113,150,120,147,297,315,293,3.1,-3.1,70,6.8,43,34,7,1,0,1,6,14,3,7,1.3647,1.31457,0.20708,-0.1272,91.1,190,50,5.882352941,4.651162790697675,6.59,2.29,0.16,2.78,0.279,2,-1.872560976,0.324,0.41,1.872560976,-0.049,-0.045,-0.085,-0.054,16.5,55.1
465,686730,"Spiers, Carson",1554,29.9,0.256,0.205,0.304,0.462,0.359,0.327,0.225,30,117,88.6,27.1,2325,92.4,93.1,43,210,255,0.6999999999999886,6.64,114,146,119,150,293,321,294,-5.1,5.1,69,6.7,136,85,20,2,2,6,32,23.5,17,12.5,1.35101,1.31297,0.53589,-0.18927,92,194,43.529411764705884,8.235294117647058,5.147058823529411,5.47,-1.48,-0.11,2.99,0.36,7,1.100645161,0.333,0.403,-1.100645161,0.031,0.027,0.059,0.032,20.5,33.8
202,676760,"Marinaccio, Ron",395,51.1,0.15,0.05,0.214,0.2,0.232,0.25,0.166,6,40,86.7,13,2206,93.6,93.75,24,88,114,0.10000000000000853,6.59,111,147,116,151,290,326,290,5.2,-5.2,69.7,6.7,48,29,4,2,0,0,12,25,6,12.5,1.31193,1.31084,1.01901,-0.12475,90.8,166,37.93103448275862,0,0,5.47,-2.88,-0.1,2.93,0.277,0,-2.573762376,0.293,0.219,2.573762376,-0.016,-0.016,-0.019,-0.018,27.3,35.4
126,691951,"Aldegheri, Sam",222,56.8,0.313,0.219,0.296,0.531,0.41,0.378,0.27,10,32,93.5,25.7,2289,92.2,90.89,12,62,64,-1.3,5.61,105,150,115,149,312,331,299,-7.2,7.2,71.5,7,40,29,7,1,0,2,4,10,6,15,1.3827,1.31063,0.54048,-0.34746,93.8,202,51.724137931034484,6.896551724137931,5,6.13,1.92,-0.17,2.64,0.425,2,5.683333333,0.391,0.491,-5.683333333,0.043,0.033999999999999975,0.04,0.032,19.4,39.6
29,608566,"Márquez, Germán",70,41.4,0.4,0,0.4,0.4,0.409,0.359,0.304,2,5,93.5,21.2,2233,96.1,95.09,1,11,18,-1,5.76,120,151,120,150,297,326,300,-0.7,0.7,74.7,7.1,6,5,2,0,0,0,0,0,1,16.7,1.16517,1.30897,0.77448,-0.10828,92,177,40,0,0,6.06,-1.58,0.18,2.32,0.5,0,2.386206897,0.42,0.366,-2.386206897,0.096,0.08,0.034,0.05,9.1,40.8
313,606160,"Montero, Rafael",683,45.8,0.227,0.364,0.161,0.591,0.389,0.35,0.229,10,44,91.4,25.7,2423,95.4,94.91,33,134,179,-0.5,6.18,111,149,115,148,291,318,295,-1.1,1.1,69.1,6.8,51,36,4,1,0,5,8,15.7,7,13.7,1.21233,1.3085,0.91684,-0.1001,90.8,203,47.22222222222222,11.11111111111111,7.8431372549019605,5.13,-1.58,0.2,3.02,0.333,4,0.343450479,0.335,0.471,-0.343450479,-0.002,-0.002,0.12,0.039,24.6,34.7
110,693821,"Elder, Bryce",864,12.7,0.32,0.36,0.375,0.68,0.457,0.355,0.243,8,25,89.6,26.4,2149,91.5,91.1,16,56,54,-0.4,5.96,118,149,119,150,296,323,301,-3.5,3.5,69.5,6.7,29,18,4,1,1,2,7,24.1,3,10.3,1.407,1.30809,0.31569,-0.18064,91,192,44.44444444444444,16.666666666666664,10.344827586206897,6.63,-0.96,0.1,3.15,0.414,3,3.202727273,0.347,0.472,-3.202727273,0.077,0.067,0.208,0.102,28.6,54.4
1025,622663,"Severino, Luis",2890,35.5,0.243,0.149,0.294,0.392,0.316,0.292,0.223,54,222,88.8,19.3,2219,96.2,96.16,129,593,432,0,6.3,116,148,121,151,295,325,298,5.5,-5.5,70,6.8,251,163,41,2,2,9,61,24.3,24,9.6,1.1597,1.30808,0.53943,-0.18153,90.5,187,39.87730061349693,5.521472392638037,3.5856573705179287,6.03,-1.87,0.12,2.93,0.324,9,-0.534146341,0.307,0.346,0.534146341,0.02,0.017000000000000015,0.046,0.024,21.8,43.6
171,678061,"Kerr, Ray",383,44.6,0.407,0.296,0.475,0.704,0.498,0.379,0.288,22,54,90.3,18.1,2313,95.2,94.99,20,92,79,-0.2,6.13,112,151,122,148,298,320,292,-7.4,7.4,69,6.9,61,43,12,7,0,3,11,18,6,9.8,1.20468,1.30789,0.55538,-0.13795,92.4,210,41.86046511627907,13.953488372093023,9.836065573770492,5.78,1.52,-0.31,2.63,0.475,6,4.348538012,0.371,0.508,-4.348538012,0.119,0.10399999999999998,0.196,0.119,21.7,33.1
363,621383,"Banks, Tanner",1174,30.9,0.207,0.098,0.357,0.305,0.279,0.298,0.207,17,82,90.5,9.7,2257,93.6,93.01,49,174,189,-0.6,5.97,109,149,118,148,297,323,293,1.5,-1.5,66.9,6.3,97,44,13,2,0,2,40,41.2,13,13.4,1.29777,1.3065,0.22134,-0.09448,91.2,178,47.72727272727273,9.090909090909092,4.123711340206185,6.37,2.55,0.11,2.96,0.309,4,-0.403305785,0.309,0.359,0.403305785,0,0,-0.054,-0.019,28.2,50.9
24,641726,"Jefferies, Daulton",281,8.5,0,0,0,0,0,0.163,0.131,0,5,86.6,40.8,2378,93.4,92.95,0,12,12,-0.3,6.11,116,149,120,151,305,327,299,1.1,-1.1,69.9,6.9,5,5,0,0,0,0,0,0,0,0,1.3175,1.30458,0.86208,-0.24292,90.4,208,40,0,0,5.81,-2.71,0.32,2.74,0,0,-4.420833333,0.131,0.265,4.420833333,-0.131,-0.131,-0.265,-0.163,0,31.9
228,674072,"Henry, Tommy",706,32.3,0.261,0.37,0.212,0.63,0.411,0.402,0.259,12,46,90.4,18.6,2158,89.8,90.55,14,104,124,0.7999999999999972,6.71,110,149,119,146,303,319,293,-4.4,4.4,70.5,6.9,58,39,5,2,0,5,10,17.2,8,13.8,1.51991,1.30434,0.65943,-0.31382,92,202,46.15384615384615,17.94871794871795,12.068965517241379,5.77,1.74,-0.12,2.93,0.368,7,1.927192982,0.374,0.573,-1.927192982,0.002,-0.006,0.057,0.009,13.5,41.9
136,655889,"Rodríguez, Manuel",605,22.5,0.103,0,0.15,0.103,0.175,0.242,0.175,3,29,89.5,19.8,2343,96.7,97.21,18,61,75,0.5,6.54,106,144,111,148,292,325,301,2.7,-2.7,69.1,6.6,37,20,3,0,0,0,10,27,4,10.8,1.13059,1.30426,0.33104,-0.24407,90.7,179,25,0,0,5.58,-1.03,-0.35,2.88,0.229,0,-2.014705882,0.288,0.217,2.014705882,-0.072,-0.059,-0.114,-0.067,29.5,47.8
568,547179,"Lorenzen, Michael",2092,27.2,0.155,0.155,0.16,0.309,0.286,0.339,0.211,17,110,91.9,23,2385,93.8,92.92,45,244,324,-0.9,5.84,115,149,117,150,301,324,298,5.3,-5.3,70.1,6.8,136,80,10,2,0,5,31,22.8,24,17.6,1.29618,1.30231,0.88007,-0.0969,91.7,210,47.5,10,5.882352941,5.81,-1.45,0.09,2.84,0.309,8,-0.928873239,0.355,0.406,0.928873239,-0.056,-0.046,-0.097,-0.053,18.4,42.4
317,689147,"Kerkering, Orion",1087,29.2,0.224,0.103,0.353,0.328,0.293,0.257,0.184,13,58,88.8,8.7,2355,97.6,97.69,42,151,166,0.10000000000000853,6.36,112,148,120,149,294,325,295,4.3,-4.3,67.8,6.6,68,35,9,3,0,1,24,35.3,9,13.2,1.09252,1.30183,0.89962,-0.16196,90.5,177,37.142857142857146,2.857142857142857,1.4705882352941175,5.85,-1.13,-0.23,2.87,0.324,1,-1.361198738,0.291,0.261,1.361198738,0.04,0.033,0.067,0.036,27.8,37.1
33,686654,"Adcock, Ty",86,38.4,0.429,1.286,0,1.714,0.878,0.73,0.425,3,7,96.7,30.7,2157,96.6,96.58,3,15,18,0,6.3,113,149,124,151,299,324,299,-3.1,3.1,69.8,6.6,7,6,0,0,0,3,1,14.3,0,0,1.14303,1.30152,0.43818,-0.15818,94.5,293,66.66666666666666,50,42.857142857142854,5.94,-1.86,-0.24,2.77,0.429,3,9.257575758,0.425,1.339,-9.257575758,0.004,0.004,0.375,0.148,20,46.7
308,605121,"Anderson, Justin",945,32.6,0.188,0.094,0.224,0.281,0.285,0.339,0.226,12,64,89.2,21.9,2270,96,96.81,40,156,152,0.7999999999999972,6.78,110,149,117,149,294,323,296,3.2,-3.2,68.2,6.7,79,50,8,3,0,1,15,19,13,16.5,1.17549,1.30097,0.73503,0.0251,91.2,215,40,8,5.063291139240507,5.67,-2.52,0.1,2.9,0.329,4,-1.033116883,0.361,0.401,1.033116883,-0.038,-0.032,-0.12,-0.054,25.6,35.8
272,700270,"Diaz, Yilber",469,58,0.301,0.219,0.302,0.521,0.388,0.388,0.313,22,73,92.1,17,2259,96.1,95.58,15,134,138,-0.5,5.99,115,149,122,150,299,316,298,-3.3,3.3,71.6,6.9,85,66,14,3,2,3,8,9.4,11,12.9,1.17191,1.29743,0.83037,-0.00029,93.3,192,46.96969696969697,6.0606060606060606,4.705882352941177,5.72,-0.83,0.24,2.62,0.388,4,1.217279412,0.399,0.492,-1.217279412,-0.012,-0.011,0.029,0,11.2,43.7
109,547001,"Poteet, Cody",384,28.4,0.176,0,0.273,0.176,0.295,0.43,0.292,3,17,94.9,21.1,2417,93.3,93.04,8,41,68,-0.3,5.98,112,149,118,150,294,320,290,0,0,68.4,6.7,23,11,3,0,0,0,6,26.1,6,26.1,1.30761,1.29697,0.39651,0.07725,90.8,203,36.36363636363637,9.090909090909092,4.3478260869565215,6.3,-1.19,0.38,2.68,0.391,1,0.02293578,0.477,0.502,-0.02293578,-0.116,-0.086,-0.326,-0.135,19.5,41.6
594,808967,"Yamamoto, Yoshinobu",1469,40.4,0.262,0.151,0.303,0.413,0.326,0.358,0.277,33,126,89.9,14.1,2157,95.5,95.99,49,279,315,0.5,6.56,115,150,121,151,296,316,295,5,-5,69.6,6.7,144,103,21,8,1,3,26,18.1,15,10.4,1.20306,1.29682,0.60455,0.02114,91.7,194,45.63106796116505,10.679611650485436,7.638888888888889,5.49,-1.23,0.01,2.54,0.336,11,-0.842929293,0.356,0.443,0.842929293,-0.015,-0.02,-0.03,-0.032,17.6,44.2
76,668873,"Kilian, Caleb",167,45.5,0.235,0,0.25,0.235,0.28,0.461,0.329,4,17,89,2,2133,93.6,94.92,3,38,38,1.3000000000000114,6.95,114,150,115,150,298,324,287,1.1,-1.1,71.7,7,20,16,4,0,0,0,1,5,3,15,1.29789,1.29671,0.37158,0.005,91.9,165,43.75,18.75,15,6.12,-0.57,0.35,2.42,0.35,3,-1.434210526,0.43,0.663,1.434210526,-0.094,-0.08,-0.428,-0.181,7.9,51.4
151,502624,"Anderson, Chase",1016,14.9,0.367,0.233,0.45,0.6,0.473,0.443,0.316,11,30,95.6,24.4,2243,93.6,93.05,16,72,79,-0.5,5.9,113,149,122,148,292,323,300,-7.7,7.7,68.6,6.5,38,22,8,1,0,2,8,21.1,6,15.8,1.29914,1.29669,0.62517,-0.05126,92.6,216,72.72727272727273,9.090909090909092,5.263157894736842,5.82,-1.31,-0.11,3.1,0.5,2,5.074172185,0.46,0.568,-5.074172185,0.051,0.04,0.032,0.03,22.2,44.5
1287,676979,"Crochet, Garrett",2395,53.7,0.198,0.097,0.293,0.295,0.257,0.272,0.202,53,268,88,16,2500,97.2,98.4,214,682,605,1.2000000000000028,7.06,108,150,116,148,298,323,293,15.5,-15.5,68.6,6.7,298,169,37,11,0,5,100,33.6,27,9.1,1.12522,1.2966,0.67765,-0.46695,90.8,182,39.64497041420118,8.875739644970414,5.033557046979865,6.05,2.56,0.03,2.83,0.275,15,-1.200699301,0.279,0.328,1.200699301,-0.004,-0.004,-0.033,-0.015,31.4,35.7
264,628452,"Iglesias, Raisel",928,28.4,0.179,0.149,0.244,0.328,0.219,0.218,0.191,12,67,88.2,20.6,2294,95.5,95.22,43,131,133,-0.3,6.17,116,148,122,148,299,323,296,5.9,-5.9,67.5,6.6,70,44,6,4,0,2,25,35.7,1,1.4,1.20875,1.29561,0.67992,-0.16955,91.2,207,38.63636363636363,6.8181818181818175,4.285714285714286,5.6,-1.75,-0.1,2.73,0.188,3,-2.221212121,0.2,0.312,2.221212121,-0.012,-0.012,0.016,0.001,32.8,34.8
10,669395,"Coleman, Dylan",16,62.5,0,0,0,0,0.345,0.459,0.251,0,1,100.9,-14,2389,94.4,94.46,0,2,8,0.1,6.57,116,147,130,148,290,326,296,-0.2,0.2,68.7,7.1,2,1,0,0,0,0,0,0,1,50,1.286,1.295,0.66,-0.304,94.4,91,100,0,0,6.06,-1.84,0.04,2.48,0.5,0,1.83,0.625,0.255,-1.83,-0.251,-0.125,-0.255,-0.114,0,34.6
641,672456,"Montero, Keider",1539,41.7,0.27,0.216,0.282,0.486,0.364,0.393,0.315,40,148,93.2,13.8,2164,94.7,94.92,53,295,346,0.20000000000000284,6.39,112,148,115,149,293,328,298,-2.1,2.1,69,6.6,167,119,26,5,0,9,29,17.4,19,11.4,1.24618,1.29446,0.497,-0.0854,92.3,191,48.739495798319325,9.243697478991598,6.586826347,5.83,-2.51,-0.02,2.73,0.353,11,0.329641186,0.393,0.515,-0.329641186,-0.045,-0.04,-0.029,-0.029,18,42.2
13,541640,"Ramírez, Erasmo",302,4.3,0.167,0.5,0,0.667,0.342,0.303,0.156,1,6,92.4,36,2230,90.6,90.38,2,8,5,-0.2,6.25,104,151,121,150,299,326,299,-0.8,0.8,71.7,7.2,6,4,0,0,0,1,2,33.3,0,0,1.49692,1.29385,0.61154,0.10846,91.4,277,25,25,16.666666666666664,5.35,-2.17,0.16,2.56,0.167,1,5.776923077,0.156,0.583,-5.776923077,0.011,0.011,0.084,0.039,25,34.4
633,518886,"Kimbrel, Craig",963,65.7,0.203,0.218,0.274,0.421,0.34,0.339,0.209,27,133,92.2,25.7,2316,93.9,94.61,86,298,335,0.6999999999999886,6.83,112,147,118,149,300,326,299,-0.5,0.5,69.4,6.8,167,81,13,6,1,7,55,32.9,28,16.8,1.30419,1.29374,0.79976,-0.01477,91.5,204,46.913580246913575,13.580246913580247,6.586826347,4.75,-2.83,0.06,2.89,0.349,11,0.07614534,0.355,0.408,-0.07614534,-0.006,-0.006,0.013,0.001,28.9,24.7
204,455119,"Martin, Chris",657,31.1,0.246,0.14,0.353,0.386,0.281,0.304,0.259,14,57,89,5,2172,94.7,95.08,20,107,97,0.3999999999999915,6.57,113,150,122,149,286,322,299,0.6,-0.6,68.3,6.6,60,36,10,2,0,2,22,36.7,1,1.7,1.25407,1.29363,0.76917,0.00495,91.7,182,47.22222222222222,8.333333333333332,5,6.17,-2.73,-0.25,2.7,0.267,3,-0.30245098,0.289,0.402,0.30245098,-0.013,-0.022,-0.016,-0.023,18.7,42.4
8,674944,"Guenther, Sean",243,3.3,0,0,0,0,0,0.206,0.139,0,2,98,40,2090,90.3,89.9,0,3,5,-0.4,6.26,111,150,122,148,299,327,291,0.1,-0.1,70.8,7.1,2,2,0,0,0,0,0,0,0,0,1.52875,1.29,0.72375,-0.56375,99.2,248,100,0,0,5.79,2.6,-0.65,3.41,0,0,-1.225,0.139,0.35,1.225,-0.139,-0.139,-0.35,-0.206,0,53.2
441,628317,"Maeda, Kenta",1958,22.5,0.359,0.308,0.423,0.667,0.474,0.412,0.307,28,78,92.4,22,2284,90.8,90.54,23,177,264,-0.3,6.1,111,148,116,149,292,330,297,-15.7,15.7,69.2,6.8,92,58,16,6,0,6,20,21.7,13,14.1,1.47415,1.28914,0.60497,-0.06714,91,205,41.37931034482759,12.068965517241379,7.608695652173914,5.68,-2.15,-0.07,2.61,0.457,7,3.569614512,0.412,0.546,-3.569614512,0.052,0.045,0.121,0.062,13,38.1
746,607625,"Lugo, Seth",3112,24,0.234,0.158,0.286,0.392,0.304,0.329,0.25,40,171,88.9,16.5,2367,92.2,92.11,54,307,439,-0.1,6.12,113,148,116,150,298,323,297,4.7,-4.7,68.4,6.7,188,130,24,9,3,4,41,21.8,17,9,1.38564,1.2868,0.56082,-0.14034,91.7,181,43.07692307692308,10,6.914893617021277,5.52,-1.22,-0.12,2.57,0.303,13,-0.635924933,0.318,0.438,0.635924933,-0.016,-0.015,-0.046,-0.025,17.6,33.8
806,671106,"Allen, Logan",1665,48.4,0.342,0.266,0.361,0.609,0.428,0.406,0.313,63,184,90.7,11.4,2119,91.2,91.36,53,361,445,0.20000000000000284,6.37,106,151,120,147,301,320,297,-10.9,10.9,69.5,6.7,207,156,38,12,2,11,31,15,18,8.7,1.45306,1.28669,0.7101,-0.43236,92.6,176,49.358974358974365,14.102564102564102,10.628019323671497,5.39,1.78,0.05,2.72,0.403,22,1.355210918,0.379,0.566,-1.355210918,0.029,0.024,0.043,0.022,14.7,45.3
651,676684,"Vest, Will",1162,56,0.183,0.031,0.253,0.214,0.207,0.289,0.236,24,131,91.9,14.4,2161,96.1,95.9,72,315,336,-0.2,6.2,110,148,117,147,295,328,296,11.5,-11.5,68.3,6.5,147,96,20,4,0,0,40,27.2,11,7.5,1.18694,1.28501,0.76664,0.07327,91.3,191,44.79166666666667,4.166666666666666,2.7210884353741496,5.61,-2.3,-0.01,2.74,0.24,4,-1.762211982,0.292,0.363,1.762211982,-0.053,-0.052,-0.149,-0.082,22.9,48.2
475,665795,"Cabrera, Edward",1734,27.4,0.304,0.239,0.328,0.543,0.425,0.423,0.298,28,92,93.3,20,2247,96.3,96.86,36,219,256,0.6000000000000085,6.66,112,148,118,149,299,324,301,-8,8,70.3,6.9,117,73,18,4,0,6,20,17.1,23,19.7,1.17996,1.28419,0.76594,-0.17688,92.2,193,58.90410959,10.95890410958904,6.837606837606838,6.13,-1.31,-0.06,2.7,0.444,8,1.692421053,0.439,0.546,-1.692421053,0.006,0.005,-0.003,0.002,16.4,39.6
129,623433,"Anderson, Nick",573,22.5,0.4,0.467,0.381,0.867,0.556,0.518,0.369,12,30,95.5,12.8,2175,94.7,94.45,12,64,65,-0.2,6.02,114,150,119,149,298,324,294,-3.7,3.7,70.9,6.8,35,25,6,2,0,4,5,14.3,5,14.3,1.2476,1.28333,0.47488,0.10093,93.5,207,64,20,14.285714285714285,6.45,-0.82,0.26,2.76,0.486,5,2.860465116,0.459,0.8,-2.860465116,0.031,0.027,0.067,0.038,18.8,47.1
114,668868,"Thompson, Zack",317,36,0.346,0.308,0.438,0.654,0.473,0.417,0.292,9,26,94.7,15.8,1731,90.7,91.88,11,52,62,1.2000000000000028,7.01,112,150,116,147,306,323,303,-2.4,2.4,68.3,6.6,32,18,5,2,0,2,8,25,6,18.8,1.49132,1.28307,0.59711,-0.32342,92.9,189,61.111111111111114,16.666666666666664,9.375,5.91,0.66,0.08,3.09,0.469,3,2.114912281,0.429,0.536,-2.114912281,0.054,0.04,0.118,0.056,21.2,54.9
98,669438,"Englert, Mason",365,26.8,0.269,0.346,0.273,0.615,0.4,0.417,0.303,7,26,92.6,24.9,2196,92.8,92.25,4,53,45,-0.6,6.12,115,149,121,147,289,326,298,-1.4,1.4,70.8,7.1,29,23,1,4,1,1,3,10.3,3,10.3,1.3802,1.28245,0.85684,-0.01622,92.2,213,52.17391304347826,13.043478260869565,10.344827586206897,5.72,-1.84,0.23,2.8,0.345,3,1.454081633,0.375,0.604,-1.454081633,-0.034,-0.03,0.011,-0.017,7.5,33.9
1138,656427,"Flaherty, Jack",2646,43,0.245,0.156,0.32,0.401,0.309,0.328,0.254,66,269,88.9,14.5,2257,93.3,94.05,125,526,612,0.7000000000000028,6.64,113,149,120,150,294,322,296,4.7,-4.7,69.8,6.8,293,186,46,8,2,10,84,28.7,20,6.8,1.32946,1.2824,0.3462,-0.02569,91.5,185,39.784946236559136,10.21505376344086,6.484641638225256,5.47,-2.35,-0.17,2.55,0.305,19,-0.415377856,0.313,0.439,0.415377856,-0.009,-0.008,-0.038,-0.019,23.8,30.9
495,543339,"Hudson, Daniel",999,49.5,0.226,0.179,0.244,0.406,0.305,0.341,0.253,24,106,93.2,22,2493,95.1,95.35,67,256,239,0.20000000000000284,6.4,115,149,122,151,295,315,297,2.7,-2.7,70.8,6.9,116,83,15,4,0,5,23,19.8,10,8.6,1.2381,1.28113,0.63194,-0.19606,92.3,189,59.036144578313255,10.843373493975903,7.758620689655173,5.45,-2.94,-0.11,2.83,0.293,9,-0.542828283,0.317,0.473,0.542828283,-0.027,-0.024,-0.067,-0.036,26.2,28.6
335,623465,"Phillips, Evan",917,36.5,0.212,0.077,0.345,0.288,0.28,0.26,0.178,11,52,88.2,13.2,2401,96.2,96.54,55,156,179,0.29999999999999716,6.54,117,150,124,150,298,315,294,2.7,-2.7,68.1,6.6,60,30,9,1,0,1,22,36.7,7,11.7,1.18964,1.28036,0.8003,0.0763,89.7,193,33.33333333333333,6.666666666666667,3.3333333333333335,5.32,-2.4,0.05,2.68,0.317,2,-0.809253731,0.288,0.271,0.809253731,0.034,0.029000000000000026,0.017,0.02,35.3,27.2
407,657571,"Ferguson, Caleb",940,43.3,0.309,0.278,0.375,0.588,0.421,0.387,0.284,30,97,93.2,14.7,2219,93.8,94.1,43,199,208,0.29999999999999716,6.54,109,150,114,150,289,320,286,-7.2,7.2,69.7,6.6,112,70,15,9,0,6,27,24.1,14,12.5,1.31781,1.28017,0.71432,-0.25634,92.2,190,52.85714285714286,12.857142857142856,8.035714285714286,5.65,2.35,0.01,2.82,0.402,9,1.758968059,0.38,0.519,-1.758968059,0.025,0.022,0.069,0.034,21.6,38.8
416,681035,"Scott, Christian",787,52.9,0.265,0.122,0.338,0.388,0.308,0.307,0.243,26,98,93.2,20.8,2235,94.2,95.11,48,218,198,0.8999999999999915,6.95,114,149,120,150,298,325,301,1.1,-1.1,70.3,6.8,108,74,19,4,1,2,26,24.1,8,7.4,1.30209,1.28007,0.79959,-0.05401,92.1,198,50,9.459459459,6.481481481481481,5.24,-2.86,-0.04,2.94,0.318,7,-0.263221154,0.3,0.403,0.263221154,0.022,0.018000000000000016,-0.015,0.001,22,31.9
247,669060,"Wilson, Bryse",1643,15,0.288,0.205,0.381,0.493,0.369,0.34,0.261,21,73,92.6,23.7,2101,93.6,93.84,30,131,116,0.20000000000000284,6.47,113,149,124,148,301,321,300,-6.8,6.8,69.2,6.7,81,47,16,0,0,5,26,32.1,7,8.6,1.327,1.27939,0.4402,-0.09646,92.1,202,48.93617021276596,8.510638298,4.938271604938271,5.92,-2.71,-0.19,3.05,0.358,4,2.768016194,0.334,0.447,-2.768016194,0.027,0.023999999999999966,0.046,0.029,22.9,49
172,594835,"Gonzales, Marco",546,31.5,0.324,0.135,0.367,0.459,0.38,0.438,0.315,12,37,89.4,17.1,2090,89.7,90.07,11,81,91,0.3999999999999915,6.48,108,149,111,147,308,327,294,-1.1,1.1,68.5,6.6,43,32,9,2,0,1,6,14,5,11.6,1.55099,1.27924,0.93564,-0.34797,92.8,192,53.125,18.75,13.953488372093023,5.62,1.57,0.1,3.07,0.405,6,0.65,0.397,0.642,-0.65,0.009,0.008,-0.183,-0.058,13.6,42.1
147,642100,"Speier, Gabe",422,34.8,0.091,0.061,0.176,0.152,0.188,0.216,0.111,3,33,86.3,26.1,2187,93,92.16,28,89,58,-0.8,5.8,111,146,116,146,290,320,293,4.2,-4.2,69.4,6.7,40,17,1,2,0,0,17,42.5,6,15,1.35986,1.27898,0.76857,0.06748,89.7,196,17.647058823529413,5.882352941,2.5,5.39,1.59,-0.12,2.9,0.225,1,-2.84829932,0.244,0.2,2.84829932,-0.02,-0.019,-0.048,-0.028,31.5,29.2
290,642701,"Santana, Dennis",1106,26.2,0.196,0.071,0.282,0.268,0.258,0.291,0.228,11,56,87.5,21.2,2509,95.7,95.14,30,147,143,-0.6,6.06,112,148,113,148,302,324,291,3.3,-3.3,68.5,6.8,65,39,8,2,1,0,18,27.7,5,7.7,1.2191,1.27862,0.95134,0.19866,90,198,30.76923076923077,2.564102564102564,1.5384615384615385,5.77,-2.27,-0.07,2.59,0.292,1,-1.137586207,0.32,0.318,1.137586207,-0.032,-0.028,-0.05,-0.033,20.4,31.9
660,656222,"Beeks, Jalen",1186,55.6,0.287,0.096,0.331,0.382,0.332,0.312,0.241,51,178,88.7,14.8,2177,94.5,95.48,55,341,319,1,6.68,110,148,118,147,304,328,299,-3.4,3.4,69.1,6.7,203,150,40,8,0,3,31,15.3,20,9.9,1.25844,1.27853,0.4135,-0.12944,91.8,169,40,5.333333333333334,3.9408866995073892,5.97,0.76,-0.21,2.66,0.363,8,0.511666667,0.323,0.382,-0.511666667,0.046,0.04,0,0.02,16.1,50.7
704,668909,"Williams, Gavin",1368,51.5,0.286,0.136,0.339,0.421,0.348,0.359,0.279,40,140,90.7,15.9,2311,96.6,98.2,85,386,318,1.6000000000000085,7.22,110,149,122,149,299,324,301,-0.6,0.6,68.3,6.5,161,113,28,8,1,3,29,18,16,9.9,1.16974,1.27716,0.9351,0.01149,91.2,192,41.59292035,8.849557522123893,6.211180124223603,5.85,-2.92,-0.02,3.02,0.369,10,0.089630682,0.363,0.456,-0.089630682,0.007,0.006,-0.035,-0.011,22,34.6
145,592454,"Kahnle, Tommy",750,19.3,0.286,0.25,0.368,0.536,0.416,0.395,0.267,8,28,94.2,10.4,2146,94.2,95.04,14,55,90,0.7999999999999972,6.74,114,149,117,152,289,324,288,-5.7,5.7,67.2,6.5,35,20,3,4,0,1,8,22.9,6,17.1,1.29076,1.2769,0.46766,-0.09897,92.4,181,55.00000000000001,15,8.571428571428571,5.98,-1.94,0.2,2.74,0.429,3,3.935862069,0.413,0.489,-3.935862069,0.019,0.016000000000000014,0.047,0.021,25.5,44.5
873,593423,"Montas, Frankie",2633,33.2,0.206,0.161,0.259,0.367,0.294,0.319,0.225,45,218,90.4,21.5,2386,95.6,95.28,111,481,392,-0.3,5.99,115,148,122,149,297,321,294,-5.3,5.3,70.3,6.9,251,148,28,8,0,9,73,29.1,28,11.2,1.20983,1.27591,0.42532,-0.10023,91.3,191,47.97297297297297,9.459459459,5.577689243027888,5.94,-1.06,0.07,2.76,0.299,14,0.611798396,0.317,0.404,-0.611798396,-0.019,-0.018,-0.037,-0.025,23.1,42.2
35,682989,"Mederos, Victor",107,32.7,0.556,0.222,0.556,0.778,0.584,0.651,0.575,5,9,100.8,18.1,2339,97.1,97.11,0,16,19,0,6.43,111,147,112,151,306,332,304,-4.2,4.2,72,7.1,10,9,3,2,0,0,0,0,1,10,1.15371,1.27571,0.84343,-0.26629,95.9,195,77.77777777777779,11.11111111111111,10,5.81,-2.73,-0.23,2.81,0.6,1,12.11428571,0.617,0.93,-12.11428571,-0.019,-0.017,-0.152,-0.067,0,38.7
35,681810,"Warren, Austin",173,20.2,0.333,0,1,0.333,0.492,0.498,0.322,1,3,90.5,15,2332,94,93.96,4,14,21,0,6.35,112,147,121,151,284,319,302,-0.8,0.8,63.6,6.2,6,1,1,0,0,0,2,33.3,3,50,1.31229,1.27571,0.89629,-0.69343,88.2,184,0,0,0,5.22,-1.95,-0.49,3.1,0.667,0,2.288571429,0.661,0.378,-2.288571429,0.011,0.006,-0.045,-0.006,28.6,32.8
33,669165,"Hurt, Kyle",87,37.9,0.143,0,0.167,0.143,0.196,0.318,0.227,1,7,96.8,15,1967,94.8,94.81,4,18,15,0,6.23,116,148,118,149,293,312,295,1.3,-1.3,69.7,6.7,8,6,1,0,0,0,1,12.5,1,12.5,1.27,1.27515,0.7603,-0.30152,92.6,167,66.66666666666666,0,0,5.78,-1.19,-0.23,2.96,0.25,0,-3.845454545,0.324,0.394,3.845454545,-0.084,-0.074,-0.251,-0.122,22.2,43.3
97,687798,"Robertson, Nick",217,44.7,0.375,0.333,0.467,0.708,0.45,0.367,0.301,9,24,95.9,17.6,2096,94.3,95.72,9,48,49,1.4000000000000057,7.14,115,149,120,150,302,320,299,-2.2,2.2,68.6,6.7,26,17,5,2,0,2,8,30.8,1,3.8,1.2911299999999999,1.27515,0.7367,0.00619,93.2,205,58.82352941176471,17.647058823529413,11.538461538461538,5.77,-2.58,-0.22,2.96,0.385,3,2.289690722,0.318,0.563,-2.289690722,0.074,0.067,0.145,0.083,18.8,36.4
466,608344,"Irvin, Cole",1767,26.4,0.296,0.296,0.315,0.592,0.408,0.43,0.314,29,98,94.7,21.6,2029,91.9,91.96,38,233,233,0.1,6.38,110,150,119,147,309,325,294,-5.6,5.6,70.1,6.9,112,79,13,9,1,6,20,17.9,11,9.8,1.43167,1.27491,0.99092,-0.72367,92.6,207,59.49367088607595,20.253164556962027,14.285714285714285,6.22,0.98,0.03,2.98,0.375,16,1.1972103,0.391,0.63,-1.1972103,-0.018,-0.016,-0.038,-0.022,16.3,43.1
296,606303,"Payamps, Joel",899,32.9,0.169,0.215,0.259,0.385,0.271,0.261,0.17,11,65,89.4,26.4,2448,94.8,94.89,51,148,148,0.10000000000000853,6.32,113,150,123,148,303,322,299,2.9,-2.9,70.7,7,72,32,5,2,0,4,34,47.2,6,8.3,1.26081,1.27446,0.74568,-0.0177,91.1,183,50,15.625,6.944444444444445,5.59,-2.48,0.06,2.83,0.239,5,-0.964864865,0.24,0.35,0.964864865,-0.001,-0.001,0.035,0.01,34.5,30
756,594902,"Lively, Ben",2406,31.4,0.268,0.236,0.255,0.504,0.393,0.393,0.266,34,127,94,14.7,2005,89.9,91,49,295,461,1.0999999999999943,6.9,113,149,119,151,298,319,301,-1.6,1.6,69.3,6.6,155,110,21,4,1,8,17,11,26,16.8,1.54147,1.27406,0.70659,-0.16167,92.4,196,56.36363636363636,10,7.096774193548387,5.29,-1.33,-0.06,2.85,0.4,11,0.208994709,0.399,0.505,-0.208994709,0.002,0.001,-0.001,0,16.6,39.4
1028,681293,"Arrighetti, Spencer",2505,41,0.303,0.225,0.353,0.528,0.395,0.37,0.274,66,218,92.9,20,2306,94.1,95.41,99,500,528,1.3000000000000114,7.17,108,149,114,149,292,321,296,-10.5,10.5,69.2,6.8,253,167,39,16,0,11,53,20.9,30,11.9,1.31326,1.27325,0.99055,-0.13744,91.8,193,52.09580838323353,9.580838323353294,6.324110671936759,5.14,-1.56,-0.18,2.69,0.391,16,1.020817121,0.368,0.483,-1.020817121,0.029,0.023,0.045,0.025,19.8,26.6
385,676130,"Buttó, José",1222,31.5,0.157,0.043,0.256,0.2,0.236,0.267,0.172,11,70,88.9,29.7,2403,94.2,94.04,51,160,225,-0.2,6.25,117,150,118,150,295,324,299,7.8,-7.8,70.1,7,85,44,8,3,0,0,28,32.9,12,14.1,1.3019,1.27317,0.41898,-0.07112,90.7,185,34.090909090909086,6.8181818181818175,3.5294117647058822,5.37,-2.41,-0.11,2.95,0.286,3,-2.030909091,0.299,0.279,2.030909091,-0.015,-0.013,-0.079,-0.031,31.9,34.8
506,683627,"Molina, Anthony",1048,48.3,0.374,0.187,0.416,0.561,0.435,0.446,0.372,40,107,93.4,10,2114,94.8,94.85,37,237,269,0.10000000000000853,6.2,114,148,123,148,303,331,301,-9.8,9.8,69.9,6.9,124,92,27,9,1,3,16,12.9,14,11.3,1.25348,1.27269,0.61229,-0.01439,92.6,203,54.347826086956516,9.782608695652174,7.258064516129033,6.34,-1.65,-0.08,2.6,0.452,9,1.946442688,0.456,0.565,-1.946442688,0.002,-0.004,-0.004,-0.011,15.6,51.2
840,693433,"Woo, Bryan",1716,49,0.218,0.137,0.261,0.355,0.262,0.276,0.225,43,197,90.5,26.8,2280,94.8,95.33,135,494,346,0.5,6.59,113,149,115,148,290,318,290,9.4,-9.4,69,6.6,208,145,30,6,0,7,54,26,9,4.3,1.2649,1.2721,0.7876,-0.17669,90.7,205,38.62068965517241,5.517241379310345,3.8461538461538463,5.06,-1.52,0.04,2.96,0.25,8,-1.123690476,0.259,0.373,1.123690476,-0.007,-0.009,-0.018,-0.014,27.3,26.6
114,685107,"Veneziano, Anthony",242,47.1,0.321,0.214,0.391,0.536,0.38,0.276,0.209,9,28,93.6,22.9,2259,94.8,94.65,14,64,50,-0.2,6.33,109,147,122,149,297,323,299,-4,4,67.6,6.5,34,23,4,4,1,0,7,20.6,3,8.8,1.27737,1.27149,0.86158,-0.09579,92.5,205,47.82608695652174,0,0,6.1,1.87,-0.14,2.76,0.382,0,3.478947368,0.296,0.309,-3.478947368,0.112,0.086,0.227,0.104,21.9,35.1
22,671109,"Eder, Jake",45,48.9,0.333,0,0.333,0.333,0.393,0.287,0.164,1,3,88.9,11.3,2122,93.7,94.36,2,8,14,0.7000000000000028,6.62,106,151,119,145,302,334,298,0,0,65.1,6,4,3,1,0,0,0,0,0,1,25,1.32091,1.27136,0.66,-0.26818,89.4,144,0,0,0,5.67,1.46,-0.24,3.33,0.5,0,0.104545455,0.373,0.19,-0.104545455,0.169,0.127,0.143,0.106,25,34.4
427,666200,"Luzardo, Jesús",1083,39.4,0.28,0.204,0.259,0.484,0.367,0.39,0.301,26,93,91,22.7,2208,95.2,93.77,22,198,229,-1.4,5.69,107,150,117,146,298,321,293,-1.4,1.4,69.8,6.9,107,86,17,4,0,5,8,7.5,12,11.2,1.26775,1.27117,1.08831,-0.67356,92,192,45.348837209302324,11.627906976744185,9.345794392523365,6.03,2.27,-0.25,2.63,0.364,10,0.318969555,0.385,0.517,-0.318969555,-0.021,-0.021,-0.033,-0.023,11.1,39.8
74,666171,"Zeferjahn, Ryan",208,35.6,0.13,0,0.2,0.13,0.176,0.197,0.142,3,23,88.2,14.1,2105,97.3,97.72,13,35,39,0.4000000000000057,6.58,110,150,117,149,303,329,298,3.5,-3.5,68.4,6.7,27,15,3,0,0,0,9,33.3,2,7.4,1.14176,1.27081,0.53757,-0.09135,91,162,20,0,0,5.8,-2.09,-0.24,2.88,0.222,0,-4.751351351,0.235,0.165,4.751351351,-0.012,-0.013,-0.035,-0.021,37.1,37.8
1,642528,"Loáisiga, Jonathan",61,1.6,,,,,,,,,,,,2388,98.4,98.4,0,0,1,0,6.4,126,150,125,154,300,328,294,0,0,,,,,,,,,,,,,1.09,1.27,0.8,-0.8,,,,,,5.23,-2.61,-1.04,5.6,,0,1.3,,,-1.3,,,,,,39.4
31,605335,"Leibrandt, Brandon",117,26.5,0.625,0.75,0.75,1.375,0.843,0.382,0.294,5,8,91.2,20.3,2114,88.6,88.94,4,17,14,0.30000000000001137,6.41,109,150,128,148,288,317,288,-3.7,3.7,63.8,6.8,8,6,3,0,0,2,2,25,0,0,1.62839,1.26548,0.64774,-0.18,91.5,142,33.33333333333333,33.33333333333333,25,6.18,1.83,0.25,2.96,0.625,2,11.81612903,0.294,0.614,-11.81612903,0.331,0.331,0.761,0.461,23.5,50.7
223,676775,"Winn, Keaton",877,25.4,0.214,0.286,0.259,0.5,0.339,0.304,0.189,9,42,93.5,21.2,2303,95.7,95.33,28,103,120,-0.4,6.17,113,147,115,150,291,324,298,-3,3,69.4,6.7,51,29,3,2,2,2,15,29.4,6,11.8,1.23511,1.26511,0.83605,-0.21928,91.1,203,51.724137931034484,6.896551724137931,3.9215686274509802,6.31,-1.38,0.2,3,0.314,2,1.347533632,0.297,0.383,-1.347533632,0.025,0.017000000000000015,0.117,0.035,27.2,41.6
76,676508,"Casparius, Ben",156,48.7,0.294,0.059,0.417,0.353,0.342,0.396,0.32,5,17,90.1,26,2400,95.5,95.21,13,39,37,-0.3,5.85,118,149,129,151,303,324,303,-0.5,0.5,67.8,6.3,20,12,4,1,0,0,5,25,3,15,1.21092,1.26487,0.34539,-0.13092,91,244,33.33333333333333,8.333333333333332,5,6.05,-1.05,0.14,3.04,0.4,1,0.7,0.422,0.479,-0.7,-0.026,-0.022,-0.126,-0.054,33.3,42.4
306,665622,"Medina, Luis",720,42.5,0.238,0.127,0.25,0.365,0.324,0.357,0.255,15,63,89.9,18,2370,95.9,95.91,18,147,159,0,6.3,112,145,117,150,299,320,300,-1,1,70.4,6.8,78,57,9,5,0,1,8,10.3,12,15.4,1.21706,1.26369,0.55918,-0.13787,91.9,184,40.35087719298245,5.263157894736842,3.8461538461538463,6.27,-2.23,0.09,2.82,0.359,3,0.335620915,0.379,0.405,-0.335620915,-0.017,-0.02,-0.04,-0.033,12.2,43
296,685299,"Gordon, Tanner",607,48.8,0.338,0.235,0.339,0.574,0.402,0.402,0.342,23,68,89.1,15.3,2186,92,92.21,19,159,137,0.20000000000000284,6.34,116,150,120,149,300,328,301,-5.4,5.4,67.5,6.5,72,61,16,2,1,4,8,11.1,1,1.4,1.42723,1.26,0.98132,0.00071,91.2,191,39.34426229508197,8.196721311,6.944444444444445,6.21,-2.47,-0.04,2.77,0.366,5,1.825337838,0.37,0.561,-1.825337838,-0.004,-0.004,0.013,0,11.9,47.1
381,676974,"Meyer, Max",968,39.4,0.33,0.319,0.316,0.648,0.43,0.42,0.321,30,91,94.9,19.2,2387,94.1,94.37,25,180,201,0.30000000000001137,6.43,111,148,116,149,297,324,299,-5,5,70.4,7.1,100,82,14,9,1,6,10,10,8,8,1.31396,1.25982,0.34464,-0.00707,93.6,190,57.31707317,14.634146341463413,12,5.86,-1.09,0.04,2.68,0.38,12,1.299212598,0.375,0.612,-1.299212598,0.009,0.005,0.036,0.01,13.9,46.2
118,689981,"Ryan, River",295,40,0.227,0.182,0.222,0.409,0.371,0.42,0.271,5,22,92.1,19.6,2433,96.3,96.58,6,51,67,0.29999999999999716,6.56,115,150,122,151,292,319,290,-0.8,0.8,71.4,6.7,29,19,3,1,0,1,3,10.3,7,24.1,1.20881,1.25949,0.67237,-0.06864,91.2,184,47.368421052631575,15.789473684210526,10.344827586206897,5.66,-2.18,0.16,2.76,0.414,3,0.710169492,0.447,0.523,-0.710169492,-0.044,-0.033,-0.114,-0.049,11.8,37.6
225,663738,"Lynch IV, Daniel",631,35.7,0.222,0.254,0.192,0.476,0.334,0.34,0.237,14,63,93.2,16.3,2207,93,93.67,14,105,120,0.7000000000000028,6.64,110,150,119,149,305,326,291,0.2,-0.2,70.3,7,72,56,6,4,0,4,8,11.1,8,11.1,1.37458,1.2584,0.69951,-0.39827,94.2,189,51.78571428571429,12.5,9.722222222222223,6.07,1.04,0.03,2.67,0.306,7,-0.074222222,0.322,0.461,0.074222222,-0.015,-0.016,0.015,-0.006,13.3,41.5
334,656756,"Montgomery, Jordan",1929,17.3,0.284,0.091,0.316,0.375,0.308,0.313,0.265,25,88,88.6,15.7,2290,92.1,92.9,35,190,144,0.8000000000000114,6.69,110,150,120,147,304,317,294,1,-1,69.3,6.8,96,77,19,5,0,1,12,12.5,5,5.2,1.4226,1.25814,0.44284,-0.33668,91.7,160,40.25974025974026,5.194805194805195,4.166666666666666,6.59,1.62,-0.28,2.97,0.326,4,-0.297005988,0.312,0.394,0.297005988,0.019,0.014000000000000012,-0.019,-0.005,18.4,43.6
699,650633,"King, Michael",2895,24.1,0.265,0.136,0.352,0.402,0.33,0.317,0.229,35,132,88.9,21.1,2287,93.7,93.32,88,337,362,-0.4,6.09,114,149,119,151,296,323,298,-2.2,2.2,67,6.5,150,92,25,6,0,4,41,27.3,15,10,1.34627,1.25515,0.50107,-0.05629,90.6,188,42.391304347826086,7.608695652173914,4.666666666666667,5.75,-2.88,-0.06,3.14,0.347,7,0.321459227,0.316,0.402,-0.321459227,0.036,0.030999999999999972,0,0.013,26.1,36.3
561,677960,"Weathers, Ryan",1413,39.7,0.319,0.133,0.347,0.451,0.375,0.383,0.303,36,113,90.3,16.2,2317,95.9,94.75,36,256,305,-1.2,5.83,107,150,118,147,301,317,291,0.6,-0.6,68.7,6.6,132,101,25,9,0,2,14,10.6,16,12.1,1.24328,1.25508,1.02451,-0.68722,91.6,186,40.59405941,7.920792079207921,6.0606060606060606,5.8,2.76,-0.22,2.69,0.405,8,-0.100713012,0.394,0.478,0.100713012,0.016,0.011,-0.027,-0.008,14.1,37.7
614,656464,"Ginkel, Kevin",1184,51.9,0.269,0.142,0.32,0.41,0.322,0.308,0.24,36,134,91.9,17.5,2420,96,96.98,61,301,313,1,6.86,113,148,117,149,296,317,294,3.9,-3.9,68.4,6.6,148,105,25,7,0,4,31,20.9,11,7.4,1.22052,1.25476,0.83173,-0.17664,91.6,189,47.61904761904761,5.714285714285714,4.054054054054054,6.4,-2.13,-0.05,2.9,0.327,6,-0.641530945,0.301,0.404,0.641530945,0.029,0.026000000000000023,0.006,0.014,20.3,39.3
293,668674,"Erceg, Lucas",947,30.9,0.23,0.162,0.341,0.392,0.316,0.333,0.237,17,74,91.6,17.1,2172,98.6,98.95,39,137,156,0.4000000000000057,6.56,115,148,117,151,299,323,300,0.2,-0.2,68.3,6.5,84,46,10,4,1,2,28,33.3,7,8.3,1.09683,1.25437,0.8386,-0.15696,92.1,197,45.65217391304348,15.217391304347828,8.333333333333332,6.05,-2.09,0.09,2.96,0.321,7,-0.082935154,0.327,0.432,0.082935154,-0.007,-0.006,-0.04,-0.017,28.5,43
117,656232,"Bielak, Brandon",510,22.9,0.333,0.074,0.36,0.407,0.422,0.478,0.294,9,27,94.6,16.4,2430,91.9,90.79,5,48,69,-1.1,5.55,111,148,125,149,295,319,295,-2.6,2.6,70.4,7,37,25,7,2,0,0,2,5.4,9,24.3,1.44419,1.25427,0.43521,-0.17111,93.1,207,48,16,10.81081081081081,6.29,-0.98,0.04,3.05,0.514,4,2.254700855,0.485,0.645,-2.254700855,0.039,0.029000000000000026,-0.238,-0.056,10.4,48.6
380,608717,"Stratton, Chris",995,38.2,0.284,0.119,0.327,0.403,0.365,0.409,0.278,19,67,90.3,16.8,2403,91.8,92.24,31,146,234,0.4000000000000057,6.47,113,147,117,149,296,322,295,-2.4,2.4,69.8,6.7,92,56,14,3,1,1,16,17.4,18,19.6,1.44424,1.25411,0.54911,-0.07047,91.7,199,44.642857142857146,12.5,7.608695652173914,5.83,-1.86,-0.15,2.65,0.424,7,0.63,0.438,0.467,-0.63,0.006,-0.014,-0.064,-0.044,21.2,34
216,676702,"Stratton, Hunter",587,36.8,0.263,0.105,0.333,0.368,0.313,0.297,0.229,15,57,87.9,20.8,2608,95.5,95.61,26,111,105,0.1,6.34,111,147,113,147,305,322,292,-4.7,4.7,69,6.8,66,46,11,3,0,1,14,21.2,4,6.1,1.24792,1.25181,0.18789,-0.00225,91.7,172,36.95652173913043,6.521739130434782,4.545454545454546,6.04,-1.26,0.11,2.73,0.333,3,2.189351852,0.302,0.366,-2.189351852,0.034,0.031000000000000028,0.002,0.016,23.4,38.1
17,620982,"Pinto, Ricardo",220,7.7,0.5,0.25,0.5,0.75,0.534,0.242,0.266,2,4,85.2,13.5,2057,93.8,93.68,1,8,9,-0.1,6.18,113,149,119,149,293,321,289,-1.4,1.4,70.5,7,4,4,1,1,0,0,0,0,0,0,1.33824,1.25118,0.81294,-0.06706,90,129,25,0,0,6.07,-1.1,-0.06,3.01,0.5,0,8.064705882,0.266,0.319,-8.064705882,0.234,0.23399999999999999,0.431,0.292,12.5,50.4
227,554340,"García, Yimi",619,36.7,0.143,0.222,0.172,0.365,0.247,0.256,0.151,9,63,88.2,26.6,2593,96.5,95.56,44,139,88,-0.9,5.86,112,149,117,150,286,315,292,0.9,-0.9,69.8,6.8,69,34,3,2,0,4,30,43.5,5,7.2,1.20789,1.25088,0.86476,-0.11445,90.8,212,44.11764705882353,23.52941176470588,11.594202898550725,5.14,-2.5,-0.22,3.14,0.206,8,-0.395594714,0.213,0.38,0.395594714,-0.008,-0.007,-0.015,-0.009,31.7,26.6
369,519326,"Strickland, Hunter",1157,31.9,0.205,0.192,0.222,0.397,0.313,0.309,0.192,16,78,92.2,29.7,2316,94.2,93.45,33,172,197,-0.8,5.98,111,149,118,151,305,327,300,-1,1,71.3,7.1,90,58,9,3,0,4,20,22.2,11,12.2,1.33065,1.25079,0.67576,0.01913,91.6,201,50,12.068965517241379,7.777777777777778,5.94,-2.95,-0.08,2.75,0.311,7,0.266124661,0.3,0.4,-0.266124661,0.013,0.011,-0.003,0.004,19.2,33.3
399,682610,"Muñoz, Roddery",1485,26.9,0.325,0.39,0.298,0.714,0.473,0.44,0.285,25,77,93.1,23.7,2270,95.4,94.8,33,189,210,-0.6,6.07,109,148,116,148,297,324,299,-13.8,13.8,70.5,6.9,93,65,11,6,0,8,13,14,13,14,1.26729,1.24965,0.85419,-0.06326,91.8,213,55.38461538461539,16.923076923076923,11.827956989247312,5.63,-1.6,0.06,3.03,0.43,11,3.469172932,0.401,0.651,-3.469172932,0.04,0.029,0.063,0.033,17.5,34.2
140,701542,"Warren, Will",458,30.6,0.074,0.148,0.067,0.222,0.211,0.255,0.134,2,27,92.9,29.1,2503,93.8,94.42,15,61,79,0.6000000000000085,6.73,110,149,120,151,294,326,286,2.8,-2.8,69.1,6.7,32,16,0,1,0,1,11,34.4,5,15.6,1.351,1.24814,0.75564,-0.02736,90.7,210,43.75,6.25,3.125,5.73,-2.49,0.03,2.96,0.219,1,-2.023571429,0.269,0.279,2.023571429,-0.06,-0.05,-0.057,-0.044,24.6,26.4
83,666129,"Garrett, Braxton",588,14.1,0.263,0.053,0.417,0.316,0.252,0.238,0.228,5,19,90,22.4,2238,90.7,91.4,7,32,51,0.7000000000000028,6.81,103,151,116,145,299,325,295,0.7,-0.7,69.2,6.7,19,12,4,1,0,0,7,36.8,0,0,1.53349,1.24771,0.54241,-0.33205,91.5,164,41.66666666666667,8.333333333333332,5.263157894736842,5.83,2.62,-0.3,2.89,0.263,1,-0.807228916,0.228,0.329,0.807228916,0.035,0.035,-0.013,0.014,21.9,43.2
799,679525,"Marsh, Alec",2161,37,0.208,0.175,0.265,0.383,0.303,0.31,0.211,32,154,88.3,24.9,2498,94.2,94.1,81,364,435,-0.1,6.19,113,148,117,150,297,324,298,2.8,-2.8,69.4,6.7,175,104,18,7,1,6,50,28.6,18,10.3,1.32011,1.24661,0.80393,-0.19472,90.9,195,38.46153846153847,11.538461538461538,6.857142857142858,5.67,-1.91,0.16,2.79,0.303,12,-0.344931164,0.306,0.395,0.344931164,-0.003,-0.003,-0.012,-0.007,22.3,32.2
47,642016,"Robert, Daniel",103,45.6,0.286,0,0.4,0.286,0.353,0.313,0.209,2,7,85.3,26.4,2523,94.8,94.31,6,19,28,-0.5,6.06,103,148,123,151,308,326,300,0.7,-0.7,64.3,6.2,9,5,2,0,0,0,2,22.2,1,11.1,1.2983,1.24511,0.40681,-0.0034,89.4,204,20,0,0,6.08,-2.35,0.24,2.71,0.444,0,-1.414893617,0.385,0.249,1.414893617,0.077,0.059,0.037,0.04,31.6,34.7
286,677161,"Kelly, Zack",957,29.9,0.25,0.094,0.349,0.344,0.347,0.4,0.277,16,64,90.6,5.7,2168,96.5,97.57,29,126,160,1.0999999999999943,7.01,113,150,120,148,284,321,298,-2.6,2.6,68.1,6.5,81,44,12,3,0,1,20,24.7,16,19.8,1.21388,1.245,0.8092,0.08598,91.3,179,38.63636363636363,13.636363636363635,7.4074074074074066,5.56,-3.01,-0.01,2.65,0.407,6,0.896853147,0.429,0.481,-0.896853147,-0.027,-0.022,-0.137,-0.053,23,38
533,621244,"Berríos, José",2914,18.3,0.305,0.253,0.333,0.558,0.403,0.399,0.292,29,95,91.1,20.7,2160,94.1,94.16,43,228,305,0.10000000000000853,6.43,112,147,114,151,287,322,298,-5.4,5.4,68.6,6.7,108,76,19,2,2,6,20,18.5,10,9.3,1.34184,1.24362,0.79165,-0.39724,91.4,202,47.368421052631575,11.842105263157894,8.333333333333332,5.65,-1.94,-0.21,2.96,0.383,9,1.014821764,0.371,0.562,-1.014821764,0.013,0.012,-0.004,0.004,18.9,40.1
398,641755,"Kinley, Tyler",1185,33.6,0.349,0.157,0.36,0.506,0.42,0.441,0.353,29,83,93.3,19.6,2365,95.9,94.98,20,175,223,-0.9,5.54,112,149,120,149,303,331,302,-8,8,70.1,7.2,99,77,20,7,0,2,6,6.1,16,16.2,1.2201,1.24259,0.3865,0.01834,92.9,179,42.857142857142854,10.38961038961039,8.080808080808081,6.47,-0.96,-0.02,2.53,0.455,8,2.010552764,0.458,0.564,-2.010552764,-0.004,-0.003,-0.058,-0.021,11.4,44.6
16,664139,"Gibaut, Ian",40,40,0.333,0,0.333,0.333,0.294,0.524,0.434,1,3,97.9,26,2061,93.6,95.06,0,8,8,1.5,7.02,112,145,116,148,295,323,294,0.6,-0.6,71.5,6.5,3,3,1,0,0,0,0,0,0,0,1.35,1.24125,0.46813,-0.13187,91.7,231,66.66666666666666,0,0,5.68,-1.43,-0.29,2.56,0.333,0,-4.0125,0.434,0.797,4.0125,-0.101,-0.101,-0.464,-0.23,0,45.7
72,690544,"Horn, Bailey",303,23.8,0.375,0.375,0.333,0.75,0.51,0.484,0.412,6,16,95.2,-1.3,2411,95,94.87,6,35,37,-0.1,6.11,106,149,117,146,287,321,294,-2.7,2.7,69.7,6.5,19,14,4,0,0,2,2,10.5,3,15.8,1.27639,1.23861,0.51417,0.02722,93.9,174,71.42857142857143,14.285714285714285,10.526315789473683,5.86,1.16,-0.2,2.73,0.474,2,3.743055556,0.505,0.61,-3.743055556,-0.037,-0.031,0.14,0.026,17.1,43.8
108,656529,"Hentges, Sam",351,30.8,0.32,0.28,0.368,0.6,0.43,0.359,0.245,8,25,87.6,13.3,2226,95,96.28,13,52,56,1.2999999999999972,6.94,109,151,123,147,300,319,297,-0.6,0.6,68.9,6.7,29,20,3,4,0,1,5,17.2,4,13.8,1.28083,1.23806,0.63231,-0.34806,92.3,186,45,15,10.344827586206897,6.4,1.79,0.18,2.7,0.414,3,0.526851852,0.349,0.478,-0.526851852,0.075,0.065,0.122,0.071,25,37.3
44,669270,"Kuhnel, Joel",158,27.8,0.375,0,0.375,0.375,0.331,0.279,0.281,3,8,95.4,10.4,2172,94.4,95.46,4,23,21,1.0999999999999943,7.04,119,148,117,151,291,323,297,-1.6,1.6,71.8,6.7,8,8,3,0,0,0,0,0,0,0,1.33636,1.23727,0.7775,-0.67159,91.4,162,37.5,0,0,6.35,-1.89,-0.39,2.93,0.375,0,3.579545455,0.281,0.363,-3.579545455,0.094,0.094,0.012,0.052,17.4,36.1
116,527048,"Pérez, Martín",2204,5.3,0.458,0.458,0.45,0.917,0.606,0.561,0.365,11,24,92,19.1,2061,91.3,90.66,2,47,69,-0.6,5.91,106,150,115,147,307,325,292,-8.8,8.8,70.3,6.9,31,22,4,5,0,2,2,6.5,5,16.1,1.50103,1.23664,0.90164,-0.52922,93.8,200,50,22.727272727272727,16.129032258064516,5.76,0.89,-0.3,2.88,0.581,5,7.615517241,0.508,0.879,-7.615517241,0.093,0.073,0.038,0.045,4.3,47.9
139,641656,"Hamilton, Ian",619,22.5,0.154,0.115,0.167,0.269,0.234,0.264,0.187,4,26,90.3,26.3,2263,96.4,95.63,15,60,79,-0.8,5.88,112,150,114,152,292,323,289,3,-3,66.5,6.4,32,19,3,0,0,1,9,28.1,3,9.4,1.21957,1.23662,0.81209,-0.0459,90.4,187,31.57894736842105,5.263157894736842,3.125,6.01,-2.59,0,2.82,0.25,1,-2.176258993,0.288,0.284,2.176258993,-0.033,-0.038,-0.015,-0.03,25,41.9
118,641360,"Bickford, Phil",154,76.6,0.308,0.154,0.318,0.462,0.357,0.27,0.209,8,26,87.6,18.2,2197,93.3,94.38,11,47,71,1.1000000000000085,6.99,111,146,117,147,292,324,287,-1.3,1.3,67.8,6.6,29,23,6,1,0,1,3,10.3,1,3.4,1.39076,1.23585,0.55966,0.21712,92.3,165,43.47826086956522,8.695652173913043,6.896551724137931,4.93,-2.21,-0.01,2.68,0.357,2,1.13220339,0.266,0.337,-1.13220339,0.099,0.091,0.125,0.087,23.4,24.9
932,694297,"Pfaadt, Brandon",2793,33.4,0.265,0.201,0.292,0.466,0.346,0.369,0.278,54,204,90.4,21,2557,93.8,94.79,104,464,468,1,6.72,114,149,115,150,299,320,296,2.4,-2.4,69.9,6.8,227,163,32,12,1,9,42,18.5,22,9.7,1.34259,1.23548,0.46707,-0.09661,92,197,49.079754601226995,12.883435582822086,9.251101321585903,5.61,-1.88,0.06,2.84,0.335,21,-0.261480687,0.348,0.51,0.261480687,-0.013,-0.013,-0.044,-0.023,22.4,29.8
710,669432,"Rogers, Trevor",2243,31.7,0.252,0.215,0.309,0.467,0.346,0.357,0.239,34,135,92.2,29.4,2432,91.9,92.22,81,346,364,0.29999999999999716,6.69,108,148,115,146,299,321,292,-1.3,1.3,69.3,6.7,163,102,15,13,2,4,39,23.9,21,12.9,1.48596,1.23525,0.98758,-0.59634,91.4,202,49.01960784313725,14.705882352941178,9.202453987730062,5.78,2.49,-0.06,3.02,0.346,15,0.18084507,0.338,0.499,-0.18084507,0.013,0.008,-0.032,-0.011,23.4,23
382,656550,"Holmes, Grant",1024,37.3,0.238,0.129,0.269,0.366,0.287,0.299,0.251,24,101,89.6,16,2308,94.6,94.14,40,197,185,-0.5,5.96,111,150,120,149,299,321,295,3.8,-3.8,70.2,6.9,108,81,17,4,0,3,20,18.5,6,5.6,1.30688,1.23458,0.54445,0.00435,91.6,186,39.50617283950617,3.7037037037037033,2.7777777777777777,5.99,-2.19,-0.1,2.85,0.287,3,-0.995811518,0.3,0.378,0.995811518,-0.013,-0.013,-0.012,-0.012,20.3,41
43,692230,"Rodriguez, Carlos",233,18.5,0.333,0.333,0.4,0.667,0.424,0.273,0.21,3,9,85.8,19.8,2183,93.2,93.13,4,20,23,-0.1,6.27,112,149,120,148,296,321,302,-2.4,2.4,67.9,6.5,9,6,2,0,0,1,3,33.3,0,0,1.39372,1.23349,0.57209,-0.0907,90.6,193,33.33333333333333,16.666666666666664,11.11111111111111,5.64,-1.69,0.09,3.46,0.333,1,5.51627907,0.21,0.437,-5.51627907,0.123,0.12300000000000003,0.23,0.151,20,31.8
623,489446,"Yates, Kirby",1027,60.7,0.113,0.097,0.175,0.21,0.208,0.216,0.128,14,124,88,21.3,2357,93.2,92.41,111,315,308,-0.8,6.03,115,150,117,150,298,324,298,17.6,-17.6,69.6,6.7,146,66,8,3,0,3,60,41.1,18,12.3,1.41157,1.23326,1.14358,0.09918,90,175,33.33333333333333,6.0606060606060606,2.739726027,5.28,-2.45,0.14,2.62,0.228,4,-2.828892456,0.241,0.213,2.828892456,-0.015,-0.013,-0.003,-0.008,35.2,21.6
136,695076,"Lowder, Rhett",498,27.3,0.222,0,0.267,0.222,0.334,0.364,0.233,4,18,83,30.8,2349,93.5,93.19,15,54,82,-0.3,6.1,111,146,119,150,292,323,295,1.6,-1.6,68.3,6.5,25,15,4,0,0,0,3,12,7,28,1.37493,1.23235,0.86912,-0.33691,90.3,214,26.666666666666668,0,0,5.9,-2.2,0.02,3.1,0.44,0,-1.173529412,0.447,0.316,1.173529412,-0.011,-0.007,-0.094,-0.03,27.8,35.7
22,663767,"Shugart, Chase",142,15.5,0.75,0.25,1,1,0.741,0.702,0.596,3,4,90.8,17.7,2117,96.1,96.22,2,12,10,0.10000000000000853,6.3,107,150,128,150,285,321,295,-1.9,1.9,68.3,6.6,5,3,2,1,0,0,1,20,1,20,1.23409,1.23182,0.55364,-0.25,91.4,226,66.66666666666666,33.33333333333333,20,5.71,-1.96,-0.4,3.48,0.8,1,8.636363636,0.677,1.058,-8.636363636,0.154,0.123,-0.058,0.039,16.7,44.6
1037,676664,"Sears, JP",2857,36.3,0.23,0.246,0.273,0.476,0.342,0.33,0.219,57,248,91.1,27.9,2087,91.9,92,139,542,495,0.1,6.41,109,150,119,148,299,323,295,-9,9,70.6,6.8,285,169,28,12,2,15,81,28.4,29,10.2,1.47526,1.23066,0.96799,-0.73743,91.5,193,48.52071006,14.792899408284024,8.771929824561402,4.94,1.15,-0.03,2.94,0.32,25,0.868659595,0.311,0.449,-0.868659595,0.011,0.009,0.027,0.012,25.6,28.7
484,694363,"Shuster, Jared",1290,37.5,0.274,0.212,0.294,0.487,0.358,0.357,0.267,31,113,90.8,18.8,2194,92.5,92.77,38,235,249,0.29999999999999716,6.45,109,149,116,148,296,324,294,-0.7,0.7,69.1,6.7,129,91,19,6,0,6,24,18.6,14,10.9,1.43529,1.23035,0.87601,-0.32469,91.5,193,41.75824175824176,10.989010989010989,7.751937984496124,5.53,1.44,0.19,2.63,0.349,10,0.147933884,0.343,0.489,-0.147933884,0.007,0.006,-0.002,0.001,16.2,37.7
7,571863,"Koch, Matt",23,30.4,1,1.5,1,2.5,1.207,0.776,0.606,2,2,99.7,11.5,2119,92.7,92.9,0,4,3,0.20000000000000284,6.44,107,145,112,151,289,325,301,-2.2,2.2,71.2,6.9,3,2,1,0,0,1,0,0,1,33.3,1.42429,1.23,0.90286,-0.90286,95.1,205,50,50,33.33333333333333,5.8,-2.37,0.1,3.18,1,1,32.12857143,0.737,1.329,-32.12857143,0.394,0.263,1.171,0.431,0,38.2
48,641540,"Dunning, Dane",1689,2.8,0.25,0.333,0.25,0.583,0.348,0.294,0.182,3,12,88.1,31.9,2151,89.2,90.43,7,27,21,1.2000000000000028,7.07,113,149,124,149,297,327,296,-1.8,1.8,71.6,6.9,14,9,1,1,0,1,4,28.6,1,7.1,1.63979,1.22833,0.63271,-0.04021,90,186,22.22222222222222,22.22222222222222,14.285714285714285,5.5,-2.23,-0.05,2.89,0.286,2,3.766666667,0.228,0.498,-3.766666667,0.068,0.058,0.085,0.054,25.9,40.8
39,680739,"Winder, Josh",141,27.7,0.417,0.083,0.417,0.5,0.368,0.345,0.268,5,12,84.2,4.4,2106,95.1,95.16,3,19,20,0.10000000000000853,6.2,110,146,120,146,301,324,295,-0.9,0.9,69.5,6.9,13,12,4,1,0,0,1,7.7,0,0,1.28308,1.22718,0.62949,0.13769,92,181,41.66666666666667,8.333333333333332,7.6923076923076925,5.89,-1.19,0.19,2.84,0.385,1,2.248717949,0.267,0.547,-2.248717949,0.149,0.118,-0.047,0.023,15.8,46
708,677944,"Cecconi, Slade",1291,54.8,0.329,0.253,0.365,0.582,0.405,0.352,0.271,56,170,90.3,20.5,2356,94.4,94.78,59,359,349,0.3999999999999915,6.62,112,149,117,149,301,317,292,-11.1,11.1,69.4,6.8,185,136,33,13,0,10,36,19.5,11,5.9,1.34359,1.22634,1.16322,0.04121,91.5,195,41.17647058823529,13.970588235294118,10.27027027027027,5.64,-1.87,0.04,2.82,0.373,19,1.563841808,0.324,0.488,-1.563841808,0.058,0.049,0.094,0.053,16.4,36.3
72,543056,"Coulombe, Danny",466,15.5,0.077,0,0.1,0.077,0.184,0.313,0.222,1,13,82.7,14.5,2408,90.8,90.16,3,27,45,-0.6,5.81,113,152,121,148,307,324,294,2.6,-2.6,70.6,6.7,16,10,1,0,0,0,3,18.8,3,18.8,1.53139,1.22569,0.04097,0.00569,90.6,178,40,0,0,6.11,-0.73,-0.22,3.09,0.25,0,-3.601388889,0.378,0.274,3.601388889,-0.145,-0.128,-0.197,-0.129,11.1,56.8
63,670174,"Winckowski, Josh",1240,5.1,0.167,0,0.333,0.167,0.147,0.166,0.174,3,18,87.5,5.2,2140,95.1,95.4,9,31,32,0.30000000000001137,6.43,115,149,127,149,280,318,300,-0.4,0.4,66.4,6.1,18,9,3,0,0,0,9,50,0,0,1.29508,1.2219,0.47397,-0.28952,90.3,180,44.44444444444444,0,0,6.1,-1.47,-0.07,3.6,0.167,0,0.687301587,0.174,0.206,-0.687301587,-0.007,-0.007,-0.039,-0.019,29,52.9
112,686796,"Walston, Blake",343,32.7,0.125,0.125,0.143,0.25,0.266,0.307,0.175,3,24,86.2,29.3,2090,91.5,91.03,11,46,66,-0.5,6.06,111,150,123,147,307,328,299,2.1,-2.1,68.7,6.5,30,15,2,0,0,1,9,30,5,16.7,1.50848,1.22062,0.65804,-0.26625,90.2,194,26.666666666666668,13.333333333333334,6.666666666666667,5.93,2.75,-0.02,2.74,0.3,2,-1.865178571,0.34,0.321,1.865178571,-0.05,-0.04,-0.071,-0.041,23.9,30.9
1299,554430,"Wheeler, Zack",3134,41.4,0.209,0.186,0.259,0.395,0.306,0.3,0.204,53,253,89.9,22.4,2431,95.3,96.92,201,679,620,1.6000000000000085,7.24,111,148,115,149,292,324,294,16.4,-16.4,69.6,6.6,288,173,31,8,3,11,81,28.1,32,11.1,1.29381,1.21932,0.79502,-0.17884,90.8,194,41.61849710982659,11.560693641618498,6.944444444444445,5.26,-2.1,0,2.93,0.302,20,-1.260662048,0.297,0.382,1.260662048,0.005,0.005,0.013,0.006,29.6,25.1
887,605400,"Nola, Aaron",3189,27.8,0.168,0.15,0.192,0.318,0.27,0.284,0.19,29,173,89.8,26.8,2307,92.5,93.57,87,389,498,1.0999999999999943,6.98,112,148,116,150,295,326,295,8.7,-8.7,70,6.9,201,126,15,8,0,6,48,23.9,26,12.9,1.45262,1.21908,0.99439,-0.1722,91.2,193,39.682539682539684,7.936507936507936,4.975124378109453,5.05,-1.78,0.16,2.96,0.279,10,-0.981285231,0.3,0.321,0.981285231,-0.022,-0.021,-0.003,-0.014,22.4,20.2
31,656458,"Gilbreath, Lucas",47,66,0.833,0.667,0.8,1.5,0.92,0.483,0.395,5,6,98.1,15.2,2276,92.2,92.22,0,12,19,0,6.17,105,145,117,144,299,325,298,-5.6,5.6,69.9,6.8,8,6,3,1,0,1,0,0,1,12.5,1.44968,1.21903,0.25613,-0.03677,93.6,152,83.33333333333334,0,0,5.76,2.04,-0.1,2.67,0.875,0,18.10967742,0.546,0.553,-18.10967742,0.438,0.32899999999999996,0.947,0.437,0,46.4
218,687911,"King, Bryan",416,52.4,0.149,0.064,0.269,0.213,0.233,0.231,0.155,7,47,87.7,6.7,2222,92.1,92.58,26,107,111,0.5,6.53,108,150,115,148,291,321,296,4.8,-4.8,67,6.4,55,26,4,3,0,0,21,38.2,7,12.7,1.46509,1.21876,0.20341,-0.03631,90.7,171,42.30769230769231,0,0,5.64,2.57,0.22,2.98,0.273,0,-2.189908257,0.278,0.195,2.189908257,-0.006,-0.005,0.018,0.002,24.3,37.5
89,622259,"Wingenter, Trey",179,49.7,0.412,0.235,0.4,0.647,0.489,0.431,0.315,7,17,90.5,6.7,2141,97.1,98.35,6,41,48,1.3000000000000114,6.94,110,150,123,150,291,324,300,-3.8,3.8,68.3,6.5,20,16,5,1,0,1,1,5,3,15,1.19506,1.21809,0.84247,0.01573,91.5,187,62.5,6.25,5,5.59,-2.55,-0.18,2.67,0.5,1,4.293258427,0.418,0.589,-4.293258427,0.097,0.082,0.058,0.058,14.6,30.1
85,630023,"Chirinos, Yonny",515,16.5,0.333,0.5,0.333,0.833,0.482,0.398,0.282,8,24,92.9,24,2192,93,92.61,13,45,40,-0.4,6.07,115,148,119,148,298,326,300,-4.9,4.9,68.1,6.4,27,18,3,1,1,3,7,25.9,2,7.4,1.41918,1.218,0.75388,-0.13671,92.1,229,38.88888888888889,22.22222222222222,14.814814814814813,6.62,-1.55,0.12,3.57,0.37,4,5.804705882,0.331,0.629,-5.804705882,0.051,0.039,0.204,0.084,28.9,43.2
130,676714,"Hughes, Brandon",350,37.1,0.417,0.625,0.353,1.042,0.606,0.589,0.395,10,24,90.9,23.9,2340,92.5,92.79,11,61,69,0.29999999999999716,6.6,113,150,122,149,301,315,293,-5.8,5.8,70.3,6.8,31,21,3,3,0,4,4,12.9,5,16.1,1.46192,1.21592,0.85846,-0.25031,91.9,221,47.61904761904761,28.57142857142857,19.35483870967742,5.48,2.43,-0.02,3,0.516,6,4.436153846,0.5,1.01,-4.436153846,0.022,0.016000000000000014,0.032,0.017,18,25.2
430,622554,"Domínguez, Seranthony",1064,40.4,0.222,0.235,0.231,0.457,0.339,0.323,0.213,18,81,84.1,25.3,2397,97.7,98.18,42,193,237,0.5,6.55,113,147,118,148,295,326,296,2.1,-2.1,70.4,6.9,93,58,11,1,0,6,23,24.7,11,11.8,1.17279,1.21584,0.38531,-0.09643,90.3,189,25.862068965517242,12.068965517241379,7.526881720430108,5.42,-1.81,0.2,2.61,0.323,7,-0.49372093,0.314,0.421,0.49372093,0.009,0.009,0.036,0.016,21.8,28.4
2,676596,"Fleming, Josh",534,0.4,,,,,,,,,,,,1781,89.8,90.4,0,1,1,0.6000000000000085,6.35,119,151,112,150,304,337,307,0,0,72.7,6.3,,,,,,,,,,,1.58,1.215,0.44,0.1,88,273,,,,5.36,3.23,-0.02,2.93,,0,-1.65,,,1.65,,,,,0,26.8
224,518876,"Kelly, Merrill",1142,19.6,0.26,0.28,0.294,0.54,0.35,0.385,0.255,13,50,93.8,27.5,2387,91.9,91.66,20,98,126,-0.2,6.06,116,149,114,150,300,325,301,-1.5,1.5,68.7,6.9,52,37,5,5,0,3,13,25,2,3.8,1.48094,1.21138,0.68777,-0.1625,92.8,219,59.45945945945946,21.62162162162162,15.384615384615385,5.42,-1.86,-0.21,2.47,0.288,8,0.679910714,0.284,0.638,-0.679910714,0.005,0.004,-0.098,-0.035,20.4,23.4
209,672335,"Pérez, Cionel",864,24.2,0.289,0.067,0.342,0.356,0.371,0.353,0.259,13,45,86.8,9.4,2134,96.5,95.96,20,98,111,-0.5,5.92,109,150,120,148,303,324,296,-3.2,3.2,67.4,6.5,58,38,10,3,0,0,7,12.1,13,22.4,1.23182,1.21038,0.52617,-0.22234,90.5,159,28.947368421052634,2.631578947368421,1.7241379310344827,5.55,1.47,-0.19,2.71,0.448,1,1.536363636,0.425,0.328,-1.536363636,0.03,0.023,0.028,0.018,20.4,36.6
139,670766,"McCaughan, Darren",714,19.5,0.243,0.162,0.286,0.405,0.326,0.326,0.22,9,37,89.3,26.6,2147,89.4,90.07,11,61,78,0.6999999999999886,6.68,111,146,123,149,298,319,299,1.8,-1.8,70.2,6.9,42,29,5,3,0,1,8,19,4,9.5,1.64144,1.2095,0.67302,-0.05921,92.8,204,44.827586206896555,10.344827586206897,7.142857142857142,5.35,-2.49,-0.31,3.05,0.333,3,-1.291366906,0.313,0.427,1.291366906,0.023,0.020000000000000018,-0.022,0,18,31.1
146,595345,"Okert, Steven",616,23.7,0.424,0.212,0.448,0.636,0.479,0.454,0.371,14,33,92,19.5,2199,93,93.1,5,61,85,0.1,6.44,107,150,121,148,301,324,295,-5.9,5.9,69.2,6.8,37,30,10,2,1,1,3,8.1,4,10.8,1.43719,1.20719,0.6463,-0.36849,92.1,217,46.666666666666664,13.333333333333334,10.81081081081081,5.78,2.99,-0.12,2.77,0.486,4,4.038356164,0.439,0.623,-4.038356164,0.053,0.046999999999999986,0.013,0.025,8.2,32.7
128,552640,"Kittredge, Andrew",1029,12.4,0.211,0.132,0.25,0.342,0.263,0.24,0.204,8,38,85.3,23.7,2520,94,94.94,15,78,50,0.9000000000000057,6.7,116,145,110,148,299,318,299,3.7,-3.7,67.8,6.6,42,29,5,2,0,1,10,23.8,3,7.1,1.36047,1.20664,0.06008,-0.02732,91.1,189,24.137931034482758,3.4482758620689653,2.380952380952381,5.85,-1.69,0.32,2.95,0.262,1,-2.8921875,0.256,0.288,2.8921875,0.007,0.006,0.054,0.023,19.2,42.6
21,643493,"Pruitt, Austin",78,26.9,0.5,1,0.333,1.5,0.826,1.082,0.6,2,4,96.5,10.5,2336,91.6,90.85,2,9,12,-0.8,5.76,112,148,116,148,293,329,294,-2.2,2.2,72.2,7.3,4,4,0,1,0,1,0,0,0,0,1.50238,1.20571,0.26381,0.02,96.3,252,75,75,75,5.9,-0.47,0.17,2.58,0.5,3,10.62380952,0.6,2.018,-10.62380952,-0.1,-0.1,-0.518,-0.256,22.2,53.8
270,670955,"Uceta, Edwin",672,40.2,0.133,0.044,0.273,0.178,0.19,0.187,0.122,6,45,84.2,35.3,2390,94.2,93.44,48,131,139,-0.8,6.13,107,148,116,149,298,328,298,6.4,-6.4,69.1,6.7,51,23,4,2,0,0,23,45.1,4,7.8,1.39126,1.20511,1.05663,-0.0133,90.2,193,34.78260869565217,4.3478260869565215,1.9607843137254901,4.61,-1.79,0,2.91,0.22,1,-2.371111111,0.21,0.182,2.371111111,0.011,0.010000000000000009,-0.004,0.003,36.6,15
1217,641154,"López, Pablo",2986,40.8,0.208,0.144,0.251,0.352,0.271,0.308,0.241,55,264,90.2,18.5,2205,95,96.64,171,660,557,1.5999999999999943,7.14,111,148,117,150,296,324,296,15.1,-15.1,69.5,6.6,290,193,35,11,0,9,74,25.5,18,6.2,1.31586,1.20356,0.46786,-0.04146,91.3,192,46.11398964,8.808290155440414,5.862068965517241,5.57,-1.69,-0.11,2.81,0.265,17,-1.238126541,0.296,0.411,1.238126541,-0.033,-0.031,-0.059,-0.037,25.9,37.5
865,656605,"Keller, Mitch",2851,30.3,0.257,0.143,0.344,0.4,0.321,0.327,0.246,45,175,89.8,17.4,2406,94.4,94.87,103,429,436,0.5,6.5,112,147,110,148,303,323,296,8.6,-8.6,68,6.5,196,125,28,12,2,3,51,26,18,9.2,1.35221,1.20132,0.75866,-0.18289,90.7,200,40,8.799999999999999,5.612244897959184,5.73,-1.98,0.13,2.93,0.332,11,-0.992023121,0.326,0.407,0.992023121,0.011,0.006,-0.007,-0.006,24,33.4
54,472610,"García, Luis",898,6,0.286,0.143,0.364,0.429,0.353,0.315,0.265,4,14,90.7,10.4,2190,96.1,96.59,5,27,27,0.5,6.66,112,147,119,149,300,325,301,-1.7,1.7,64.1,6.5,16,11,2,2,0,0,3,18.8,2,12.5,1.27796,1.2013,0.48574,-0.11833,91.6,165,45.45454545454545,0,0,6.28,-2.32,-0.06,3.2,0.375,0,3.155555556,0.357,0.335,-3.155555556,0.021,0.018000000000000016,0.094,0.038,18.5,46.3
213,696131,"Black, Mason",663,32.1,0.333,0.214,0.423,0.548,0.425,0.438,0.316,14,42,94.7,21,2131,92.4,93.33,26,110,103,0.8999999999999915,6.8,109,148,120,150,294,322,298,-6.2,6.2,69,6.7,52,29,11,0,0,3,14,26.9,8,15.4,1.46808,1.19986,1.03404,-0.18502,91.2,202,48.275862068965516,10.344827586206897,5.769230769230769,5.19,-1.97,0.15,3.16,0.442,3,2.891549296,0.435,0.588,-2.891549296,0.017,0.007,-0.04,-0.013,23.6,24.7
271,543294,"Hendricks, Kyle",2135,12.7,0.237,0.316,0.261,0.553,0.412,0.412,0.239,9,38,93.5,21.3,2087,87.7,86.82,18,86,185,-0.9,5.61,118,149,112,153,297,325,298,-3.9,3.9,68.5,6.6,49,26,3,3,0,3,12,24.5,10,20.4,1.75347,1.19823,0.49978,-0.26546,91.6,198,53.84615384615385,23.076923076923077,12.244897959183673,5.9,-2.78,-0.28,2.98,0.408,6,1.421771218,0.41,0.557,-1.421771218,-0.002,-0.002,-0.004,0,20.9,40.8
14,543063,"Crawford, Brandon",35,40,0.5,0,0.5,0.5,0.565,0.479,0.291,1,2,88,-10,1965,87.7,87.23,0,5,9,-0.5,6.12,116,145,123,145,304,311,310,-2,2,58.7,6.2,4,2,1,0,0,0,0,0,2,50,1.78286,1.19786,0.59071,-0.15071,92,143,50,0,0,5.81,-2.44,-0.45,2.66,0.75,0,14.35,0.646,0.291,-14.35,0.209,0.10399999999999998,0.209,0.086,0,40.5
185,664350,"Sánchez, Sixto",621,29.8,0.267,0.167,0.292,0.433,0.404,0.372,0.236,8,30,95.1,9.6,2119,93.8,93.17,8,77,108,-0.6,6.01,110,148,115,147,295,317,294,-2,2,68.3,6.7,41,25,5,2,0,1,5,12.2,10,24.4,1.40789,1.19768,0.60897,-0.08897,91.8,182,64,4,2.4390243902439024,5.98,-2.38,0.1,2.77,0.463,1,1.096756757,0.441,0.362,-1.096756757,0.031,0.022,0.071,0.032,10.4,37.7
393,687863,"Hodge, Porter",642,61.2,0.174,0.116,0.213,0.291,0.275,0.298,0.199,15,86,91.3,12.2,2409,95.5,97.52,37,178,215,2,7.27,114,151,117,152,302,325,294,1.9,-1.9,69.8,6.8,102,63,10,2,1,2,23,22.5,15,14.7,1.28827,1.19718,-0.03891,-0.01391,91.4,166,41.269841269841265,4.761904761904762,2.941176470588235,5.76,-2.66,-0.08,2.53,0.304,3,-0.473791349,0.324,0.323,0.473791349,-0.025,-0.02,-0.032,-0.023,20.8,43
503,640462,"Puk, A.J.",1173,42.9,0.145,0.051,0.239,0.197,0.19,0.192,0.147,17,117,84.9,22.9,2265,95.6,96.6,83,264,239,1,7.06,108,148,116,147,298,319,294,9,-9,69.5,6.8,127,71,11,6,0,0,46,36.2,10,7.9,1.31781,1.19716,0.89044,-0.38169,90.3,186,30.985915492957744,1.4084507042253522,0.7874015748031495,5.54,3.13,-0.16,2.85,0.213,1,-1.789264414,0.214,0.2,1.789264414,-0.002,-0.001,-0.003,-0.002,31.4,27.6
34,674444,"Cruz, Steven",82,41.5,0,0,0,0,0,0.207,0.189,0,7,96.5,-4.6,2226,97.9,98.73,2,18,16,0.7999999999999972,6.87,115,149,114,149,299,328,301,1,-1,69,6.6,7,5,0,0,0,0,2,28.6,0,0,1.19176,1.19588,0.90559,0.20676,90.7,181,80,0,0,5.55,-3.23,-0.08,2.55,0,0,-3.041176471,0.189,0.293,3.041176471,-0.189,-0.189,-0.293,-0.207,11.1,29.6
2,682842,"Uribe, Abner",258,0.8,,,,,,,,,,,,2396,100.1,100.6,0,0,2,0.5,6.45,117,152,119,150,303,315,301,-0.1,0.1,,,,,,,,,,,,,1.075,1.195,0.37,-0.05,,,,,,5.84,-1.07,0.95,3.96,,0,2.9,,,-2.9,,,,,,40.2
381,593958,"Rodriguez, Eduardo",866,44,0.257,0.23,0.314,0.486,0.367,0.377,0.266,19,74,91,20.2,2267,92,92.28,49,183,198,0.29999999999999716,6.29,110,151,117,148,304,327,298,0.7,-0.7,68.8,6.6,87,55,8,8,0,3,20,23,11,12.6,1.48286,1.19472,0.49869,-0.30955,91.5,185,52.72727272727272,16.363636363636363,10.344827586206897,5.87,1.4,-0.05,2.68,0.36,9,-0.186614173,0.368,0.503,0.186614173,-0.009,-0.008,-0.017,-0.01,26.8,39.4
17,622503,"Crismatt, Nabil",93,18.3,0.333,0.333,0.333,0.667,0.418,0.654,0.423,1,3,92.5,19.3,2214,90.5,91.45,0,9,8,1,6.89,113,151,127,149,297,318,295,0.2,-0.2,69,7,3,3,0,1,0,0,0,0,0,0,1.59176,1.19471,0.72235,0.30235,90.1,206,33.33333333333333,33.33333333333333,33.33333333333333,5.68,-2.19,0.43,2.68,0.333,1,-1.035294118,0.423,1.159,1.035294118,-0.09,-0.09,-0.492,-0.236,0,37
437,681857,"Olson, Reese",1853,23.6,0.277,0.109,0.301,0.386,0.324,0.357,0.289,28,101,92.3,13.4,2228,94.2,93.38,20,199,238,-0.8,5.89,116,146,118,150,288,328,303,-0.2,0.2,69.5,6.9,117,86,23,2,0,3,18,15.4,12,10.3,1.38297,1.19432,0.85002,-0.67112,91.8,178,47.674418604651166,6.976744186046512,5.128205128205128,6.05,-2.68,-0.21,2.43,0.35,6,0.053318078,0.365,0.452,-0.053318078,-0.012,-0.015,-0.066,-0.033,10.1,39.1
1153,663623,"Irvin, Jake",3046,37.9,0.204,0.177,0.244,0.381,0.279,0.294,0.217,54,265,90.6,19.3,2377,93.9,95.39,137,583,570,1.5,7.06,116,147,117,148,302,326,300,-2.9,2.9,68.9,6.6,287,189,30,12,1,11,78,27.2,20,7,1.38394,1.19391,0.83914,-0.17302,91.5,199,44.97354497354497,11.64021164021164,7.665505226480835,5.77,-2.16,0.11,3.03,0.26,22,0.247701648,0.272,0.406,-0.247701648,-0.013,-0.012,-0.025,-0.015,23.5,29.7
358,607536,"Freeland, Kyle",1769,20.2,0.322,0.2,0.316,0.522,0.374,0.348,0.298,29,90,88.9,22.4,2355,91.6,92.42,12,179,179,0.8000000000000114,6.67,114,150,123,147,305,331,300,-5.9,5.9,70.5,6.9,94,83,20,4,1,4,7,7.4,4,4.3,1.51651,1.19101,0.62972,-0.41106,91.5,170,38.55421686746988,7.228915662650602,6.382978723404255,5.9,2.36,-0.34,2.7,0.351,6,1.650837989,0.328,0.479,-1.650837989,0.024,0.022999999999999965,0.043,0.026,6.7,30.8
354,669084,"Hall, DL",782,45.3,0.395,0.158,0.429,0.553,0.45,0.376,0.279,30,76,85.1,14.1,2133,93.3,94.33,20,161,193,1,6.88,108,151,120,147,302,320,296,-5.5,5.5,67.8,6.7,93,66,24,3,0,3,11,11.8,14,15.1,1.42822,1.19056,0.54444,-0.27669,91.8,151,39.39393939393939,9.090909090909092,6.451612903225806,5.48,2.8,-0.14,2.63,0.489,6,1.558474576,0.395,0.458,-1.558474576,0.116,0.094,0.095,0.074,12.4,41.5
272,607455,"Banda, Anthony",774,35.1,0.231,0.185,0.24,0.415,0.31,0.331,0.243,15,65,90.4,18.9,2184,96.1,96.21,32,151,121,0.10000000000000853,6.36,109,151,120,147,300,315,290,3.1,-3.1,70.2,6.7,73,53,10,1,1,3,13,17.8,7,9.6,1.27938,1.19015,0.81077,-0.50055,91.3,191,47.16981132075472,9.433962264150944,6.8493150684931505,5.5,2.69,-0.01,3.05,0.301,5,-1.151102941,0.313,0.454,1.151102941,-0.012,-0.012,-0.039,-0.021,21.2,35.8
346,686826,"Jarvis, Bryce",1006,34.4,0.214,0.071,0.25,0.286,0.313,0.397,0.29,15,70,94.1,10.5,2107,95.7,95.07,26,173,173,-0.6,5.99,113,147,122,148,296,315,290,7.1,-7.1,69.4,6.6,88,57,12,2,0,1,13,14.8,17,19.3,1.30517,1.19009,0.72653,-0.03445,91.6,182,47.368421052631575,5.263157894736842,3.4090909090909087,5.79,-2.11,0.07,2.74,0.375,3,-2.053757225,0.435,0.458,2.053757225,-0.076,-0.06,-0.172,-0.084,15,40.2
240,686642,"Ellard, Fraser",432,55.6,0.188,0.313,0.15,0.5,0.359,0.345,0.205,6,32,93.2,18.4,2572,95.1,94.41,23,93,147,-0.7,5.93,106,148,114,146,293,325,295,2.2,-2.2,69.4,6.6,41,23,2,1,0,3,10,24.4,7,17.1,1.33558,1.18946,0.97188,-0.13246,91,184,47.82608695652174,13.043478260869565,7.317073170731707,5.78,2.95,-0.19,2.63,0.341,3,-0.92125,0.356,0.421,0.92125,-0.017,-0.015,0.079,0.014,24.7,27.2
56,593974,"Peralta, Wandy",613,9.1,0.417,0.583,0.429,1,0.607,0.495,0.324,5,12,93.2,22.4,2162,95.4,94.06,4,26,30,-1.3,5.58,112,151,121,149,299,325,288,-3.3,3.3,69.3,6.9,14,9,2,1,0,2,3,21.4,2,14.3,1.32625,1.18821,0.9675,-0.67179,91.9,227,44.44444444444444,33.33333333333333,21.428571428571427,6.21,0.21,-0.25,2.9,0.5,3,5.876785714,0.421,0.786,-5.876785714,0.093,0.079,0.214,0.112,15.4,45.8
6,664776,"Cousins, Jake",644,0.9,1,2,1,3,1.155,0.524,0.3,1,1,93.6,20,2285,94.4,94.92,0,2,4,0.5,6.93,107,142,100,145,286,319,290,-3.2,3.2,63.5,5.9,2,1,0,0,1,0,0,0,0,0,1.40667,1.18667,1.07167,-1.07167,90.8,231,0,0,0,5.62,-3.15,-0.09,3.65,1,0,53.88333333,0.65,0.492,-53.88333333,0.7,0.35,2.508,0.631,0,22
77,628708,"Marte, Yunior",482,16,0.308,0.308,0.333,0.615,0.446,0.438,0.305,4,13,89,15.9,2391,97.1,96.71,3,23,54,-0.4,6.14,111,147,120,149,296,325,296,-1.7,1.7,70.4,7.1,16,10,2,1,0,1,3,18.8,3,18.8,1.23779,1.1861,0.9226,-0.22468,91.9,187,60,10,6.25,5.57,-1.55,0.28,2.66,0.438,1,2.262337662,0.436,0.581,-2.262337662,0.003,0.002,0.034,0.008,13,33.7
7,680689,"Richardson, Lyon",26,26.9,1,3,,4,2.05,0.268,0.149,1,1,96.2,35,2374,96.6,95.79,0,4,3,-0.8,5.83,100,147,125,148,296,325,286,-1.6,1.6,70.9,7,1,1,0,0,0,1,0,0,0,0,1.25857,1.18571,0.84714,0.12429,90.7,290,100,0,0,5.74,-2.65,0.23,2.89,1,0,22.72857143,0.149,0.517,-22.72857143,0.851,0.851,3.483,1.782,0,34.9
43,700669,"Graceffo, Gordon",105,41,0.273,0.455,0.222,0.727,0.414,0.45,0.309,3,11,86.6,21.2,1928,93.6,94.51,3,18,25,0.9000000000000057,6.64,115,148,116,149,304,318,305,-1.4,1.4,66.7,6.2,11,10,0,2,0,1,1,9.1,0,0,1.40116,1.18558,0.57326,0.0086,94,242,40,30,27.27272727272727,6,-1.6,-0.09,3.32,0.273,3,3.248837209,0.309,0.77,-3.248837209,-0.036,-0.036,-0.043,-0.036,16.7,50.4
232,571656,"Farmer, Buck",1170,19.8,0.208,0.188,0.211,0.396,0.311,0.354,0.249,10,48,90.9,26.3,2362,92.7,92.32,16,106,126,-0.4,6.07,115,146,122,149,291,320,294,1.8,-1.8,69.1,6.8,55,40,5,3,0,2,8,14.5,7,12.7,1.46922,1.18509,0.97198,-0.51009,92.1,201,47.5,10,7.2727272727272725,5.82,-1,0,3.12,0.309,4,-0.783189655,0.345,0.473,0.783189655,-0.041,-0.036,-0.077,-0.043,15.1,32.7
30,622075,"Almonte, Yency",267,11.2,0.125,0,0.167,0.125,0.11,0.114,0.12,1,8,91.9,24.8,2149,94,94.59,3,14,16,0.5999999999999943,6.67,122,148,118,154,291,318,298,1.6,-1.6,64.7,6.9,8,6,1,0,0,0,2,25,0,0,1.39667,1.185,0.744,-0.60467,91.9,138,50,0,0,5.85,-1.48,-0.17,2.9,0.125,0,-5.186666667,0.12,0.131,5.186666667,0.005,0.005,-0.006,-0.004,21.4,38.9
99,493603,"Ottavino, Adam",1003,9.9,0.118,0.029,0.308,0.147,0.132,0.131,0.105,4,34,89.2,16,2368,93.2,94.44,16,46,53,1.2000000000000028,7,115,148,126,150,298,325,298,1.8,-1.8,69.8,6.7,35,13,3,1,0,0,21,60,0,0,1.4399,1.18495,0.75333,-0.13253,91.2,180,46.15384615384615,7.6923076923076925,2.857142857142857,5.49,-2.67,0.26,2.65,0.143,1,-1.818181818,0.13,0.161,1.818181818,0.013,0.012999999999999984,-0.014,0.001,34.8,27
467,663362,"Waldron, Matt",2450,19.1,0.265,0.248,0.325,0.513,0.357,0.327,0.247,31,117,89.8,19.2,2061,90.7,91.27,53,237,230,0.5999999999999943,6.69,116,149,117,151,295,324,298,-7.2,7.2,68.7,6.7,128,84,15,9,1,6,34,26.6,9,7,1.5931,1.18475,0.75856,-0.11942,91.6,189,45.23809523809524,10.714285714285714,7.03125,5.51,-1.41,-0.02,2.88,0.323,9,1.548179872,0.307,0.449,-1.548179872,0.018,0.016000000000000014,0.064,0.03,22.4,28.5
194,624522,"Thompson, Keegan",538,36.1,0.195,0.244,0.222,0.439,0.326,0.343,0.211,8,41,93.9,21.4,2515,93.5,93.58,27,100,94,0.1,6.19,113,150,117,151,299,323,295,0.4,-0.4,68.8,6.7,49,29,3,2,1,2,12,24.5,7,14.3,1.40933,1.18474,0.1681,-0.00429,91.8,207,41.37931034482759,17.24137931034483,10.204081632653061,5.82,-2.64,-0.12,2.84,0.313,5,-0.214948454,0.326,0.463,0.214948454,-0.016,-0.013,-0.024,-0.017,27,37.1
51,656638,"Lange, Alex",377,13.5,0.091,0,0.125,0.091,0.37,0.441,0.212,1,11,86.8,-2.1,2286,96.3,96.6,2,18,33,0.29999999999999716,6.43,110,143,109,144,291,325,300,0.5,-0.5,70.4,6.9,23,10,1,0,0,0,3,13,10,43.5,1.27137,1.18314,0.72686,-0.37863,94.1,152,70,0,0,5.72,-2.09,-0.32,2.52,0.524,0,-0.901960784,0.587,0.283,0.901960784,-0.121,-0.063,-0.192,-0.071,11.1,41.2
15,456501,"Cueto, Johnny",167,9,0.333,1,0,1.333,0.683,1,0.535,1,3,100.4,13.7,2110,91,90.31,2,8,7,-0.7,5.79,109,149,105,147,309,334,303,-0.6,0.6,70.5,6.7,3,3,0,0,0,1,0,0,0,0,1.564,1.18133,0.92933,0.14533,94.5,272,66.66666666666666,66.66666666666666,66.66666666666666,5.47,-2.05,0.41,2.88,0.333,2,3.82,0.535,1.899,-3.82,-0.202,-0.202,-0.566,-0.317,25,33.3
121,592779,"Stewart, Brock",268,45.1,0.269,0.154,0.4,0.423,0.38,0.321,0.211,7,26,89.2,21.6,2590,97,97.35,19,64,57,0.29999999999999716,6.47,110,149,120,151,298,325,293,-0.8,0.8,71.4,6.6,33,16,5,1,0,1,10,30.3,7,21.2,1.24545,1.17603,0.56711,-0.02727,91.2,173,50,0,0,5.42,-1.88,0.11,2.75,0.424,0,0.690909091,0.379,0.307,-0.690909091,0.058,0.044999999999999984,0.116,0.059,29.7,27.1
89,672552,"O'Loughlin, Jack",176,50.6,0.36,0.2,0.381,0.56,0.443,0.443,0.362,9,25,96.1,8.8,2222,91.8,92.01,3,47,42,0.20000000000000284,6.47,111,149,121,151,300,318,295,-3,3,71.6,7.1,30,22,6,2,0,1,3,10,5,16.7,1.53685,1.17449,0.81719,-0.24461,93.3,155,59.09090909090909,9.090909090909092,6.666666666666667,5.89,1.36,-0.12,2.56,0.467,2,3.378651685,0.468,0.556,-3.378651685,-0.002,-0.001,0.004,0,6.4,33.3
27,661269,"Gutierrez, Vladimir",80,33.8,0.167,0.5,0,0.667,0.391,0.434,0.225,1,6,78.5,30.2,2077,92.7,93.74,3,16,11,1,6.95,115,150,114,148,288,316,294,-1.2,1.2,,,7,6,0,0,0,1,0,0,1,14.3,1.48593,1.17296,0.84074,0.14963,90.8,182,33.33333333333333,16.666666666666664,14.285714285714285,5.22,-2.16,-0.72,2.85,0.286,1,4.266666667,0.335,0.719,-4.266666667,-0.058,-0.049,-0.052,-0.043,18.8,41.9
316,621053,"Ferguson, Tyler",819,38.6,0.205,0.154,0.361,0.359,0.3,0.281,0.166,16,78,88.2,29.3,2350,95.9,95.32,53,165,151,-0.6,6.04,114,147,120,149,297,324,298,-1.6,1.6,69.6,6.8,90,39,10,3,0,3,39,43.3,11,12.2,1.3143,1.17247,0.82991,0.00155,90.6,200,38.46153846153847,15.384615384615385,6.666666666666667,5.93,-3.33,-0.33,2.76,0.311,6,0.509493671,0.277,0.349,-0.509493671,0.039,0.033999999999999975,0.01,0.019,32.1,28.5
82,622786,"Tinoco, Jesus",644,12.7,0.316,0.421,0.364,0.737,0.476,0.506,0.341,6,19,95.6,14.6,2359,96.4,96.03,10,48,34,-0.4,6.19,113,146,119,149,293,321,301,-3,3,69.6,6.8,22,13,2,2,0,2,6,27.3,2,9.1,1.29183,1.17207,0.89512,-0.42659,91.9,209,46.15384615384615,30.76923076923077,18.181818181818183,5.35,-1.85,-0.02,2.75,0.409,4,3.603658537,0.43,0.795,-3.603658537,-0.025,-0.021,-0.058,-0.03,20.8,26.2
14,689266,"Dodd, Dylan",34,41.2,,,,,,,,,,,,2317,93.5,93.76,0,4,10,0.29999999999999716,6.35,101,150,114,146,308,320,295,0.3,-0.3,65.3,6.6,,,,,,,,,,,1.42786,1.17143,1.03071,-0.625,89.5,261,,,,6.19,1.55,-0.06,2.96,,0,-2.157142857,,,2.157142857,,,,,0,48.1
219,571578,"Corbin, Patrick",2888,7.6,0.311,0.267,0.297,0.578,0.394,0.409,0.346,14,45,91.9,13.9,2128,91.3,92.17,12,90,129,0.9000000000000057,6.77,110,150,117,146,302,323,297,-4.8,4.8,69.7,6.8,50,40,8,3,0,3,6,12,4,8,1.56274,1.16913,0.68895,-0.341,92.5,185,45,10,8,6.34,2.32,-0.15,2.91,0.36,4,2.17260274,0.393,0.565,-2.17260274,-0.035,-0.033,0.013,-0.015,13.3,41.4
113,605156,"Brooks, Aaron",403,28,0.5,0.111,0.474,0.611,0.507,0.466,0.376,9,18,89.2,21.8,1998,92.1,91.74,10,48,65,-0.4,6.14,110,148,117,151,302,321,294,-3.6,3.6,70.1,6.9,24,19,7,2,0,0,0,0,4,16.7,1.52681,1.16805,0.96885,0.04637,91.2,185,42.10526315789473,5.263157894736842,4.166666666666666,6.33,-1.95,0.31,3.04,0.583,1,3.153982301,0.514,0.461,-3.153982301,0.124,0.069,0.15,0.041,20.8,42.4
849,680767,"Vodnik, Victor",1341,63.3,0.291,0.16,0.338,0.451,0.369,0.382,0.289,51,175,92,7.6,2279,97.9,99.15,70,385,464,1.1999999999999886,6.76,113,149,121,148,304,331,303,-4.4,4.4,67.4,6.6,203,139,38,4,3,6,36,17.7,28,13.8,1.19344,1.16673,0.54025,0.06522,92.1,181,51.07913669064749,10.071942446043165,6.896551724137931,5.42,-2.07,0,2.8,0.389,14,0.516489988,0.387,0.486,-0.516489988,0.002,0.002,-0.035,-0.013,18.2,46.4
104,663992,"Lovelady, Richard",528,19.7,0.4,0.28,0.444,0.68,0.478,0.505,0.41,10,25,93.6,10.9,2344,92.4,93.9,13,54,50,1.5,7.23,105,152,117,148,305,329,297,-0.8,0.8,71.5,6.9,27,20,7,1,0,2,5,18.5,2,7.4,1.51385,1.16337,0.80462,-0.55635,93.2,181,70,20,14.814814814814813,5.28,2.42,0.17,2.72,0.444,4,0.7875,0.454,0.741,-0.7875,-0.01,-0.01,-0.061,-0.027,24.1,20.3
24,642048,"Saucedo, Tayler",626,3.8,0,0,0,0,0.345,0.346,0.003,0,2,103.9,57,2419,91.4,92.02,2,8,16,0.5999999999999943,6.6,112,149,116,147,289,318,293,0.1,-0.1,67.8,6.8,4,1,0,0,0,0,1,25,2,50,1.56167,1.1625,0.92208,0.10708,90.8,226,100,0,0,5.48,1.97,-0.61,3.24,0.5,0,-0.5375,0.502,0.005,0.5375,-0.003,-0.002,-0.005,-0.001,25,25.2
249,686563,"Cannon, Jonathan",2028,12.3,0.25,0.161,0.343,0.411,0.309,0.27,0.202,14,56,90,30.3,2195,94.3,93.87,30,119,130,-0.4,6.09,113,148,119,150,294,327,299,-5.9,5.9,68.1,6.4,60,37,10,1,1,2,19,31.7,3,5,1.40727,1.16245,0.75831,-0.41012,90.5,196,32.432432432432435,10.81081081081081,6.666666666666667,5.95,-2.21,-0.04,3.38,0.3,4,2.378714859,0.255,0.361,-2.378714859,0.048,0.044999999999999984,0.05,0.039,25.2,28.4
88,680694,"Bradish, Kyle",674,13.1,0.364,0.182,0.571,0.545,0.41,0.371,0.294,4,11,89.4,28.4,2413,94.5,95.27,6,22,66,0.7999999999999972,6.6,121,150,116,151,298,327,299,-0.8,0.8,67.2,6.6,12,7,3,0,1,0,4,33.3,1,8.3,1.3808,1.16045,-0.25149,0.07816,90.2,235,57.14285714285714,14.285714285714285,8.333333333333332,6.37,-0.99,0.17,3,0.417,1,0.944318182,0.353,0.507,-0.944318182,0.07,0.064,0.038,0.039,27.3,58.9
1,677076,"Andrews, Clayton",15,6.7,,,,,0.72,0.72,,0,0,,,1935,91.7,90.5,0,0,1,-1.2,5.8,115,154,119,150,289,327,287,-0.3,0.3,,,1,0,0,0,0,0,0,0,0,0,1.57,1.16,0.53,-0.53,,,,,0,5.38,2.67,-1.44,3.6,1,0,33.3,1,,-33.3,,0,,0,,47.5
137,678821,"Peralta, Luis",181,75.7,0.161,0.032,0.227,0.194,0.235,0.291,0.21,5,31,90.5,13,2201,95,95.1,9,59,78,0.1,6.17,114,149,121,148,301,329,302,5.7,-5.7,71.4,7,39,23,4,1,0,0,10,25.6,5,12.8,1.35182,1.15898,0.7908,0.00365,91.3,178,43.47826086956522,0,0,5.32,2.26,0,2.66,0.289,0,-4.183941606,0.335,0.277,4.183941606,-0.049,-0.046,-0.083,-0.056,15.3,33.1
1368,571760,"Heaney, Andrew",2731,50.1,0.23,0.182,0.275,0.412,0.317,0.33,0.236,63,274,90.5,24.5,2401,91.5,91.45,135,634,734,-0.1,6.49,110,151,118,148,301,325,297,3.4,-3.4,70,6.7,311,201,36,15,1,11,76,24.4,30,9.6,1.58879,1.15735,1.30458,-0.73433,91.1,196,43.78109452736319,8.955223880597014,5.787781350482315,4.99,2.97,-0.03,2.85,0.313,18,-0.248172515,0.32,0.43,0.248172515,-0.006,-0.007,-0.018,-0.013,21.3,28.8
6,605218,"Edwards Jr., Carl",12,50,,,,,0.689,0.689,,0,0,,,2404,91.5,92.63,0,0,6,1.0999999999999943,6.88,110,152,117,149,300,320,290,-0.8,0.8,,,2,0,0,0,0,0,0,0,2,100,1.55667,1.15667,-0.25333,-0.25333,,,,,0,6.35,-2.13,0.92,1.8,1,0,13,1,,-13,,0,,0,,53
256,571510,"Boyd, Matthew",669,38.3,0.15,0.1,0.2,0.25,0.243,0.27,0.192,6,40,91.4,30.1,2342,92,92.1,31,126,130,0.1,6.36,109,152,124,148,299,323,301,2.7,-2.7,69.2,6.7,48,26,4,1,0,1,15,31.3,6,12.5,1.53926,1.15566,0.9541,-0.71637,90.3,186,46.15384615384615,3.8461538461538463,2.083333333333333,5.49,2.17,0.06,2.93,0.271,1,-1.0671875,0.306,0.281,1.0671875,-0.042,-0.035,-0.031,-0.027,24.6,26.3
161,571670,"Floro, Dylan",1018,15.8,0.186,0.093,0.226,0.279,0.242,0.31,0.248,8,43,90.3,20,2154,89.8,90.11,15,77,84,0.29999999999999716,6.5,112,148,121,148,301,324,297,1.1,-1.1,66.9,6.6,47,32,6,1,0,1,11,23.4,4,8.5,1.6741,1.15565,0.74752,0.02876,92.5,175,46.875,6.25,4.255319149,6.02,-3.36,0.15,3.18,0.255,2,-0.710559006,0.312,0.392,0.710559006,-0.062,-0.057,-0.113,-0.068,19.5,37.6
105,663568,"Kolek, Stephen",797,13.2,0.2,0.05,0.364,0.25,0.195,0.211,0.225,4,20,79.1,10.5,2257,95.8,95.83,17,63,42,0,6.33,114,148,121,150,296,326,298,2.1,-2.1,66.9,6.4,20,11,3,1,0,0,9,45,0,0,1.3319,1.15533,0.49552,-0.00352,89.5,194,18.181818181818183,0,0,5.53,-1.88,0.21,3.06,0.2,0,-1.99047619,0.225,0.255,1.99047619,-0.025,-0.025,-0.005,-0.016,27,38.9
304,663574,"Santillan, Tony",504,60.3,0.203,0.203,0.278,0.406,0.297,0.265,0.181,14,69,87.4,22.9,2362,97.2,96.79,52,171,133,-0.4,6.07,112,147,122,148,295,323,291,4.4,-4.4,69.3,6.6,76,40,8,2,0,4,29,38.2,7,9.2,1.25859,1.15516,0.83546,0.13572,90.7,201,42.5,10,5.263157894736842,5.45,-2.35,0.06,2.88,0.276,4,-1.458881579,0.257,0.34,1.458881579,0.022,0.019000000000000017,0.066,0.032,30.4,27.8
6,686747,"La Sorsa, Joe",271,2.2,0,0,,0,0,0,,0,1,,,2157,90.4,90.88,0,0,6,0.5,6.5,106,136,114,133,301,319,300,0.7,-0.7,,,1,0,0,0,0,0,1,100,0,0,1.63167,1.155,1.17333,-0.78,,,,,0,5.67,1.9,-0.54,3.02,0,0,-11.35,,,11.35,,,,0,,27.3
1021,657746,"Ryan, Joe",2106,48.5,0.194,0.185,0.252,0.379,0.271,0.265,0.191,45,232,89.3,29.7,2276,94,94.81,148,539,482,0.7999999999999972,6.84,113,148,118,149,296,324,294,13.8,-13.8,69.2,6.7,253,155,22,11,4,8,80,31.6,15,5.9,1.43465,1.15402,0.98178,0.0497,91.3,197,41.935483870967744,10.967741935483872,6.719367588932807,4.74,-2.48,0.18,2.9,0.249,17,-1.348383937,0.249,0.354,1.348383937,0.003,0,0.025,0.006,27.5,25.6
196,623211,"Brazobán, Huascar",899,21.8,0.147,0.029,0.185,0.176,0.224,0.301,0.234,5,34,82.2,13.7,2199,96.6,95.85,14,92,104,-0.7,5.91,116,149,122,150,299,327,298,0.6,-0.6,69.4,7,40,27,4,1,0,0,7,17.5,5,12.5,1.2949,1.15342,0.7827,-0.05046,90.5,172,29.629629629629626,0,0,5.81,-1.6,-0.04,2.55,0.275,0,-0.281122449,0.349,0.293,0.281122449,-0.087,-0.074,-0.117,-0.077,15.2,37.7
325,663485,"Sands, Cole",1154,28.2,0.198,0.111,0.286,0.309,0.242,0.266,0.186,16,81,93,23.4,2296,95.7,94.6,54,173,152,-1.1,5.72,111,148,117,148,297,323,294,3,-3,69.3,6.7,87,51,11,3,0,2,31,35.6,4,4.6,1.34169,1.15329,0.95388,0.13252,91.5,215,43.13725490196079,11.76470588235294,6.896551724137931,5.8,-2.61,-0.01,2.77,0.241,6,-0.922461538,0.232,0.387,0.922461538,0.012,0.009,-0.078,-0.024,31.2,27.3
53,694462,"Waldrep, Hurston",133,39.8,0.308,0.462,0.2,0.769,0.507,0.384,0.243,4,13,92.2,17.3,2161,95.8,96.35,1,17,36,0.6000000000000085,6.44,114,149,119,148,292,321,291,-4.3,4.3,69.9,7.2,17,12,2,0,0,2,1,5.9,4,23.5,1.31736,1.15208,0.33509,-0.01962,94.4,187,50,8.333333333333332,5.882352941,6.38,-1.16,0.17,2.58,0.471,1,8.201886792,0.421,0.444,-8.201886792,0.065,0.05,0.325,0.123,5.9,55.4
941,572020,"Paxton, James",1708,55.1,0.264,0.167,0.272,0.431,0.35,0.368,0.269,57,216,91.1,17,2089,93.2,93.74,68,472,469,0.5,6.54,110,152,121,148,301,318,291,-0.8,0.8,70,6.6,260,190,38,10,1,8,32,12.3,37,14.2,1.4686,1.15003,0.87923,-0.60852,92,184,46.31578947368421,9.473684210526317,6.923076923076923,6.06,2.26,-0.12,3.13,0.368,18,0.084165781,0.379,0.443,-0.084165781,-0.005,-0.011,-0.012,-0.018,14.4,41.8
511,607067,"Rea, Colin",2650,19.3,0.207,0.107,0.308,0.314,0.27,0.297,0.234,29,140,89.2,20.3,2173,92.9,93.65,70,282,229,0.6999999999999886,6.64,111,148,122,148,304,322,298,1.4,-1.4,70.4,6.7,157,92,17,10,1,1,49,31.2,11,7,1.48409,1.14933,0.54149,-0.0669,91,190,38.04347826086957,7.608695652173914,4.458598726,5.57,-1.99,0.05,2.9,0.287,7,-0.278082192,0.311,0.351,0.278082192,-0.027,-0.024,-0.037,-0.027,24.8,33.7
25,676961,"Boushley, Caleb",63,39.7,0.375,0.125,0.375,0.5,0.412,0.442,0.367,3,8,82,24,2370,90.3,90.24,0,14,11,-0.1,6.07,111,149,124,149,305,322,300,0.2,-0.2,69.1,6.8,9,8,2,1,0,0,0,0,1,11.1,1.6296,1.1468,0.046,-0.038,91.8,214,25,12.5,11.11111111111111,6.01,-1.37,0.31,3.15,0.444,1,-0.984,0.437,0.591,0.984,0.008,0.007,-0.091,-0.03,0,45.1
165,666745,"Brito, Jhony",628,26.3,0.211,0.184,0.194,0.395,0.268,0.299,0.235,8,38,91.8,20.5,2139,96.3,96.3,11,72,93,0,6.29,114,149,118,150,297,327,294,-3.9,3.9,69.8,6.8,39,33,5,1,0,2,5,12.8,1,2.6,1.31738,1.14527,0.92867,0.00212,92.6,190,48.484848484848484,15.151515151515152,12.82051282051282,6.19,-1.25,0.28,3.04,0.231,5,2.35030303,0.255,0.447,-2.35030303,-0.024,-0.024,-0.052,-0.031,15.3,53.6
117,682990,"Priester, Quinn",811,14.4,0.4,0,0.5,0.4,0.376,0.362,0.338,10,25,91.2,12.5,2233,93,93.49,11,59,58,0.5,6.41,110,147,105,148,298,321,294,-0.7,0.7,69.7,6.8,29,20,10,0,0,0,6,20.7,2,6.9,1.4753,1.14462,0.45838,-0.09393,91.3,167,35,0,0,5.96,-1.15,0.06,2.92,0.448,0,0.599145299,0.409,0.399,-0.599145299,0.062,0.039000000000000035,0.001,0.014,18.6,42.9
331,676106,"Hancock, Emerson",1014,32.6,0.253,0.19,0.262,0.443,0.337,0.402,0.319,20,79,92.8,24.6,2387,93.4,93.62,42,186,145,0.19999999999998863,6.44,112,148,117,149,292,324,293,2.4,-2.4,70.5,6.8,88,65,13,3,0,4,14,15.9,8,9.1,1.47284,1.14414,1.07169,-0.19713,91.8,206,56.92307692307692,10.76923076923077,7.954545454545454,5.64,-1.7,-0.03,2.88,0.33,7,-0.713293051,0.388,0.545,0.713293051,-0.066,-0.058,-0.102,-0.065,22.6,29
192,605452,"Ross, Joe",1197,16,0.288,0.212,0.4,0.5,0.367,0.324,0.231,15,52,93.5,21,2121,94.8,95.56,28,102,90,0.7999999999999972,6.73,111,147,120,148,302,322,300,-4.7,4.7,69.9,6.7,57,33,10,2,0,3,19,33.3,5,8.8,1.39302,1.14406,0.49057,-0.14151,91.9,191,54.54545454545454,15.151515151515152,8.771929824561402,5.73,-2.19,0.12,3.14,0.351,5,2.465625,0.299,0.45,-2.465625,0.057,0.052,0.05,0.043,27.5,34.9
753,571945,"Mikolas, Miles",2705,27.8,0.287,0.159,0.313,0.446,0.332,0.334,0.269,45,157,90.8,20.5,2253,93.2,93.27,72,405,348,0.1,6.32,114,148,112,149,302,321,301,0.8,-0.8,70.1,6.8,169,135,28,13,0,4,24,14.2,9,5.3,1.48122,1.14262,0.5192,-0.04467,91.6,186,51.85185185185185,7.4074074074074066,5.9171597633136095,6.41,-2.68,0.05,2.8,0.325,10,-0.1124834,0.312,0.463,0.1124834,0.018,0.013000000000000012,-0.017,-0.002,17.8,41.8
160,605347,"López, Jorge",802,20,0.217,0.217,0.233,0.435,0.309,0.319,0.225,10,46,94.9,15.4,2022,95.6,95.89,14,84,76,0.30000000000001137,6.45,116,149,115,152,292,322,298,3,-3,70.5,6.9,50,33,6,1,0,3,13,26,4,8,1.35275,1.14238,0.91062,-0.48037,93.2,176,54.54545454545454,15.151515151515152,10,5.76,-1.74,0.01,2.61,0.28,5,-1.845,0.287,0.453,1.845,-0.008,-0.007,-0.018,-0.01,16.7,35.9
134,679885,"Martinez, Justin",1177,11.4,0.217,0.13,0.308,0.348,0.309,0.304,0.228,5,23,82.9,15.7,2230,100.5,100.46,19,72,62,0,6.32,115,147,120,148,294,317,296,0.1,-0.1,64.8,6.2,28,15,4,0,0,1,9,32.1,4,14.3,1.12075,1.14142,0.73022,-0.17664,90.5,184,53.333333333333336,0,0,6.24,-2.75,-0.1,3.03,0.333,0,-0.069402985,0.342,0.324,0.069402985,-0.011,-0.009,0.024,0.005,26.4,40
66,672851,"Adon, Joan",178,37.1,0.214,0,0.231,0.214,0.277,0.278,0.198,3,14,84.5,-3.5,2170,94.7,95.6,2,32,34,0.8999999999999915,6.74,116,148,118,149,299,323,300,1.2,-1.2,66.3,6.7,17,13,3,0,0,0,1,5.9,3,17.6,1.39545,1.14121,0.76803,-0.09955,90.2,140,23.076923076923077,0,0,5.76,-1.94,0.1,2.59,0.353,0,-1.86969697,0.34,0.227,1.86969697,0.016,0.012999999999999956,-0.013,-0.001,6.3,35
280,641745,"Keller, Brad",743,37.7,0.295,0.128,0.313,0.423,0.349,0.329,0.25,23,78,84.9,6.6,2242,93.8,93.75,18,137,143,-0.1,6.11,111,149,120,149,291,321,296,-0.5,0.5,69.1,6.8,87,69,17,4,0,2,9,10.3,8,9.2,1.43807,1.14118,-0.07344,0.00409,91.4,149,34.78260869565217,5.797101449275362,4.597701149425287,6.33,-1.3,-0.13,2.6,0.368,4,0.191071429,0.328,0.41,-0.191071429,0.045,0.04,0.013,0.02,13.1,48.6
36,656786,"Mushinski, Parker",194,18.6,0.125,0.125,0.2,0.25,0.263,0.235,0.117,1,8,91.7,39.2,2429,92,92.4,3,10,26,0.4000000000000057,6.59,108,149,113,147,288,318,291,0.8,-0.8,77.6,7.5,10,5,0,1,0,0,3,30,2,20,1.55778,1.14111,0.13333,-0.02333,93.5,171,60,0,0,5.6,0.97,0.01,2.76,0.3,0,-2.322222222,0.294,0.165,2.322222222,0.008,0.006,0.085,0.028,30,45.8
2,605280,"Holmes, Clay",1085,0.2,,,,,,,,,,,,2305,97.7,97.1,0,0,2,-0.6,6,119,151,131,153,292,324,295,0,0,,,,,,,,,,,,,1.255,1.14,0.655,-0.045,,,,,,6.62,-0.57,0.22,2.64,,0,-1.05,,,1.05,,,,,,49.9
1,667297,"Nance, Tommy",322,0.3,,,,,,,,,,,,2494,95.3,95.5,0,1,0,0.20000000000000284,6.4,121,149,115,153,262,312,294,0,0,59,5.5,,,,,,,,,,,1.38,1.14,0.69,-0.69,88,197,,,,6.08,-1.37,0.47,3.36,,,0,,,0,,,,,0,39.5
125,595897,"Burdi, Nick",210,59.5,0.125,0.125,0.143,0.25,0.316,0.289,0.096,3,24,85.5,35.9,2387,97.5,97.44,15,54,71,-0.1,6.37,108,148,117,148,289,322,281,1.7,-1.7,70.2,7,34,15,2,0,0,1,9,26.5,9,26.5,1.2684,1.13976,0.77048,0.5284,90.4,191,33.33333333333333,6.666666666666667,2.941176470588235,5.37,-1.87,0.39,2.56,0.382,1,-1.392,0.362,0.188,1.392,0.029,0.020000000000000018,0.062,0.027,27.8,21.9
79,686539,"Cronin, Declan",1096,7.2,0.08,0.04,0.2,0.12,0.13,0.122,0.077,2,25,88.4,16.9,2650,93.9,93.16,16,38,41,-0.7,5.9,109,146,117,147,298,326,299,1.5,-1.5,66.2,6.3,27,10,1,1,0,0,15,55.6,2,7.4,1.45228,1.13797,0.80215,-0.0538,89.8,183,30,0,0,5.29,-1.88,-0.31,3.33,0.148,0,-1.887341772,0.145,0.097,1.887341772,0.003,0.003,0.023,0.008,42.1,22
500,676395,"Garcia, Robert",946,52.9,0.254,0.119,0.375,0.373,0.309,0.268,0.208,30,118,88.6,19.9,2226,94.5,95.01,64,254,246,0.5,6.65,112,148,117,148,299,323,298,-3.5,3.5,69.1,6.7,131,76,22,5,0,3,43,32.8,11,8.4,1.42408,1.13558,0.88226,0.05906,91,188,40.78947368421053,5.263157894736842,3.0534351145038165,5.61,3.71,0.2,2.63,0.323,4,0.6904,0.281,0.314,-0.6904,0.046,0.042,0.059,0.041,25.2,24.3
129,670990,"Ramírez, Yohan",768,16.8,0.226,0.097,0.292,0.323,0.329,0.295,0.197,7,31,83.2,13.1,2338,94.8,96.18,14,68,61,1.4000000000000057,7.11,109,144,113,149,289,317,298,2.8,-2.8,67.1,6.5,40,25,5,1,1,0,7,17.5,6,15,1.40628,1.1338,0.87845,-0.67829,90.2,160,24,4,2.5,5.05,-2.55,0.18,2.66,0.385,1,-2.206976744,0.361,0.243,2.206976744,0.029,0.024,0.08,0.034,20.6,22.9
254,666720,"Rodríguez, Yerry",438,58,0.262,0.167,0.265,0.429,0.37,0.447,0.302,11,42,89.9,6.7,2437,96.3,96.77,21,113,141,0.5,6.6,113,148,117,149,299,325,297,-4.1,4.1,69.1,6.7,56,36,8,1,0,2,8,14.3,11,19.6,1.32933,1.13323,0.95142,0.03039,91.4,180,50,13.88888888888889,8.928571428571429,5.73,-1.9,-0.19,2.76,0.411,5,1.615748031,0.467,0.543,-1.615748031,-0.04,-0.056,-0.114,-0.077,18.6,27.8
12,661403,"Clase, Emmanuel",983,1.2,0.5,0,0.4,0.5,0.353,0.404,0.464,2,4,89.6,17.2,2521,99.8,100.55,2,8,4,0.7000000000000028,6.57,116,149,123,147,299,316,288,-0.1,0.1,66.1,6.6,5,5,2,0,0,0,0,0,0,0,1.1475,1.13167,0.4825,0.41583,93.7,223,40,0,0,6.18,-0.64,-0.63,2.74,0.4,0,1.125,0.436,0.526,-1.125,0.036,-0.036,-0.026,-0.051,25,56.7
94,596001,"Junis, Jakob",943,10,0.1,0,0.143,0.1,0.108,0.174,0.162,3,30,87.3,20.3,2218,92.5,92.42,12,51,43,-0.1,6.16,117,149,126,150,295,322,294,2.9,-2.9,71.1,6.9,31,21,3,0,0,0,9,29,1,3.2,1.5267,1.13117,0.46479,-0.00074,91.2,187,19.047619047619047,0,0,5.61,-2.15,-0.02,3.16,0.129,0,-3.035106383,0.189,0.197,3.035106383,-0.062,-0.06,-0.097,-0.066,23.5,28.7
131,676661,"Lazar, Max",214,61.2,0.265,0.206,0.296,0.471,0.322,0.307,0.278,9,34,92.4,16.6,2323,93.4,94.76,13,65,66,1.3999999999999915,6.97,114,150,121,149,296,325,295,0.5,-0.5,70.2,6.7,35,28,4,4,0,1,6,17.1,1,2.9,1.47466,1.12969,-0.02623,-0.04823,92.1,171,42.857142857142854,3.571428571428571,2.857142857142857,5.85,-0.57,-0.23,2.78,0.286,1,-0.358778626,0.298,0.408,0.358778626,-0.013,-0.012,0.063,0.015,20,55.1
3,592741,"Shreve, Chasen",10,30,0.5,0,0.5,0.5,0.441,0.533,0.59,1,2,103.8,5.5,2195,89.4,89.97,0,3,0,0.5999999999999943,6.03,99,149,117,150,305,336,308,0,0,73.8,7.5,2,2,1,0,0,0,0,0,0,0,1.66667,1.12667,0.52333,0.12333,98.5,121,100,0,0,5.94,0.3,-0.13,2.19,0.5,0,1.066666667,0.59,0.627,-1.066666667,-0.09,-0.09,-0.127,-0.092,0,36.6
129,660600,"Paredes, Enoli",319,40.4,0.115,0.077,0.176,0.192,0.17,0.305,0.208,3,26,89.2,12.9,2457,93.9,94.39,18,54,75,0.5,6.48,113,150,120,148,299,321,298,2.8,-2.8,68.5,6.7,28,17,1,2,0,0,9,32.1,2,7.1,1.45217,1.1262,-0.0923,-0.00024,91.2,198,41.17647058823529,23.52941176470588,14.285714285714285,5.1,-2.47,-0.06,2.83,0.179,4,-2.145736434,0.266,0.442,2.145736434,-0.093,-0.087,-0.25,-0.135,33.3,43.4
15,660813,"Graterol, Brusdar",101,14.9,0,0,0,0,0,0.089,0.059,0,3,85.8,44,2112,97.6,97.01,1,6,9,-0.6,5.88,125,150,134,154,294,313,299,0.6,-0.6,68.9,6.2,3,2,0,0,0,0,1,33.3,0,0,1.26133,1.126,0.73067,-0.39067,89.2,198,0,0,0,6.21,-1.55,0.46,3.06,0,0,-4.093333333,0.059,0.155,4.093333333,-0.059,-0.059,-0.155,-0.089,16.7,37.5
376,623149,"Sewald, Paul",629,59.8,0.253,0.232,0.306,0.484,0.342,0.325,0.237,24,95,92.3,31.5,2515,91.4,91.61,52,214,162,0.19999999999998863,6.48,116,149,122,150,299,315,293,-2.3,2.3,70.1,6.8,105,67,12,7,0,5,29,27.6,7,6.7,1.61146,1.12481,0.8833,-0.1117,91.7,206,47.76119402985074,11.940298507462686,7.6190476190476195,4.43,-3.6,-0.05,3.08,0.314,8,0.618085106,0.3,0.454,-0.618085106,0.016,0.014000000000000012,0.03,0.017,24.3,14.5
75,665896,"Marte, José",311,24.1,0.308,0.308,0.3,0.615,0.46,0.542,0.396,4,13,95,19.6,2266,96.6,97.79,10,43,32,1.2000000000000028,6.98,114,149,124,152,306,327,305,-1,1,71.1,7,17,11,2,1,0,1,2,11.8,4,23.5,1.32067,1.12427,0.81093,-0.34,93.6,207,72.72727272727273,18.181818181818183,11.76470588235294,5.66,-1.74,-0.16,2.57,0.471,2,1.330666667,0.538,0.775,-1.330666667,-0.088,-0.067,-0.16,-0.082,23.3,30.9
81,663704,"McArthur, James",904,9,0.167,0.167,0.143,0.333,0.237,0.302,0.225,3,18,87.8,15.8,2404,94.7,95.75,7,41,40,1,6.83,115,146,114,150,292,322,301,-0.1,0.1,67.6,6.4,19,15,2,0,0,1,3,15.8,1,5.3,1.41222,1.12407,0.82926,-0.60778,90.5,185,26.666666666666668,6.666666666666667,5.263157894736842,5.8,-2.41,0.04,3.12,0.211,1,0.166666667,0.265,0.433,-0.166666667,-0.058,-0.054,-0.1,-0.065,17.1,32.3
306,662253,"Muñoz, Andrés",951,32.2,0.172,0.172,0.171,0.345,0.311,0.338,0.21,10,58,87.7,0.5,2258,98.4,99.14,32,139,167,0.6999999999999886,6.7,113,149,114,148,291,319,293,0.6,-0.6,66.7,6.6,72,44,6,1,0,3,14,19.4,12,16.7,1.23039,1.12405,0.9732,-0.02013,90.4,178,31.818181818181817,9.090909090909092,5.555555555555555,5.23,-1.95,-0.19,2.9,0.333,4,-0.191503268,0.364,0.379,0.191503268,-0.038,-0.031,-0.034,-0.027,23,28.2
59,642028,"Rogers, Josh",170,34.7,0.438,0.25,0.4,0.688,0.505,0.504,0.439,7,16,91.1,22.3,2173,89.6,89.77,0,22,37,0.20000000000000284,6.22,115,148,120,147,301,336,304,-2.7,2.7,72.4,7.2,18,16,5,1,0,1,0,0,2,11.1,1.69831,1.12237,0.67441,-0.02356,94.2,169,56.25,6.25,5.555555555555555,6.01,2.54,-0.41,2.5,0.5,1,4.640677966,0.502,0.684,-4.640677966,-0.001,-0.002,0.004,0.001,0,38.2
496,656849,"Peterson, David",1871,26.5,0.22,0.046,0.316,0.266,0.267,0.321,0.246,24,109,86.2,17,2143,93.1,94.55,72,251,245,1.4000000000000057,7.11,110,151,125,149,303,325,294,2.3,-2.3,68.2,6.4,125,76,19,5,0,0,34,27.2,14,11.2,1.50665,1.12177,0.5501,-0.38053,90.2,190,34.21052631578947,10.526315789473683,6.4,6.1,2.35,-0.01,3.29,0.312,8,-0.461491935,0.338,0.37,0.461491935,-0.026,-0.026,-0.104,-0.054,28.7,39.8
23,642216,"Winans, Allan",147,15.6,0.6,0.8,0.5,1.4,0.812,0.663,0.526,3,5,92.7,22.6,2232,90,91.19,0,9,14,1.2000000000000028,6.86,114,149,125,150,299,323,297,-3.6,3.6,73,7,6,5,1,1,0,1,0,0,1,16.7,1.68348,1.12174,0.77174,-0.11609,92.1,190,40,20,16.666666666666664,5.86,-1.74,0.66,2.67,0.667,1,15.7173913,0.605,1.039,-15.7173913,0.074,0.062000000000000055,0.361,0.149,0,32.2
720,592351,"Gray, Jon",1620,44.4,0.311,0.131,0.365,0.443,0.356,0.372,0.305,57,183,92.3,10.8,2029,94.9,95.35,57,381,339,0.3999999999999915,6.6,113,149,117,150,299,326,299,-7.2,7.2,70,6.7,201,151,42,9,3,3,32,15.9,18,9,1.41651,1.12033,0.85521,-0.09118,92.7,174,50.993377483443716,9.933774834437086,7.462686567164178,5.51,-1.7,-0.02,2.6,0.373,15,0.993472222,0.368,0.491,-0.993472222,0.006,0.005,-0.048,-0.016,15,30.3
12,664079,"Jay, Tyler",153,7.8,0,0,0,0,0,0.386,0.426,0,1,96,0,1964,92.1,91.95,0,5,7,-0.2,6.14,120,152,125,150,306,325,299,0.7,-0.7,68.8,7,1,1,0,0,0,0,0,0,0,0,1.56417,1.12,0.9975,-0.54417,90.7,75,100,0,0,5.67,2.59,0.33,2.97,0,0,-5.483333333,0.426,0.45,5.483333333,-0.426,-0.426,-0.45,-0.386,0,36.9
32,656657,"Logue, Zach",43,74.4,0.286,0.429,0.333,0.714,0.419,0.19,0.174,2,7,92.3,26.8,1972,91.7,90.01,8,20,12,-1.7,5.55,116,153,129,148,313,312,281,0.4,-0.4,69.1,6.3,7,4,1,0,0,1,3,42.9,0,0,1.61969,1.11938,0.91375,-0.78875,91.5,206,75,0,0,5.11,2.54,-0.04,3.07,0.286,0,-1.284375,0.174,0.273,1.284375,0.112,0.11199999999999999,0.441,0.229,40,22
335,663903,"Singer, Brady",2967,11.3,0.326,0.283,0.316,0.609,0.409,0.431,0.344,15,46,90.8,12.5,2361,91.6,93.19,23,117,218,1.6000000000000085,7,116,147,118,150,294,323,298,-5.2,5.2,67.6,6.5,49,42,8,4,0,3,5,10.2,1,2,1.57779,1.11755,0.48985,-0.24937,91.7,178,45.23809523809524,11.904761904761903,10.204081632653061,5.31,-1.36,0.04,3.08,0.354,5,1.546268657,0.371,0.645,-1.546268657,-0.018,-0.017,-0.036,-0.022,19.7,29.9
7,676879,"Ashby, Aaron",484,1.4,0,0,0,0,0,0.301,0.156,0,2,96.4,37,2209,96.7,95.11,0,4,3,-1.6,5.29,115,152,128,149,299,323,287,0.3,-0.3,68,6.4,2,2,0,0,0,0,0,0,0,0,1.31429,1.11714,0.49571,-0.29,92.8,219,50,0,0,6.6,0.75,0.15,3.59,0,0,-3.628571429,0.156,0.574,3.628571429,-0.156,-0.156,-0.574,-0.301,0,51.3
549,680885,"Schwellenbach, Spencer",1887,29.1,0.24,0.208,0.291,0.448,0.309,0.329,0.273,30,125,90,15.5,2264,96.1,97.1,57,278,271,1,6.71,114,150,123,149,300,321,295,1.2,-1.2,69.5,6.7,132,92,16,7,2,5,34,25.8,6,4.5,1.33929,1.11709,0.47672,0.0016,91.6,191,47.82608695652174,7.608695652173914,5.303030303030303,5.5,-2.55,0.14,2.65,0.275,7,-0.21712204,0.307,0.452,0.21712204,-0.033,-0.032,-0.004,-0.02,20.5,31.8
34,674285,"Salazar, Eduardo",494,6.9,0.167,0,0.25,0.167,0.147,0.303,0.314,1,6,89.1,5,2224,95.4,96.26,4,16,18,0.8999999999999915,6.78,120,148,122,150,299,322,298,0.7,-0.7,68.8,6.3,6,4,1,0,0,0,2,33.3,0,0,1.38824,1.11706,0.88382,-0.44735,91.3,203,50,0,0,5.7,-1.78,0.17,3.13,0.167,0,-2.035294118,0.314,0.389,2.035294118,-0.147,-0.147,-0.222,-0.156,25,39.1
63,683568,"Iriarte, Jairo",137,46,0.167,0,0.167,0.167,0.239,0.334,0.23,2,12,89.3,17.8,2266,94.1,94.74,1,21,42,0.6000000000000085,6.86,104,149,121,148,292,324,294,0.7,-0.7,71.9,7.2,16,12,2,0,0,0,1,6.3,3,18.8,1.4773,1.11667,1.22095,0.34667,92.7,150,41.66666666666667,8.333333333333332,6.25,5.34,-2.63,0.04,2.81,0.313,1,-1.074603175,0.388,0.253,1.074603175,-0.063,-0.075,-0.086,-0.095,4.8,32.4
345,669387,"Mlodzinski, Carmen",866,39.8,0.174,0.13,0.217,0.304,0.279,0.287,0.189,12,69,89.6,12.3,2289,96.2,96.62,41,161,184,0.3999999999999915,6.5,111,148,114,148,308,327,297,5.8,-5.8,68.9,6.6,85,48,7,3,0,2,23,27.1,13,15.3,1.34464,1.11667,0.81014,0.04406,91,178,41.66666666666667,4.166666666666666,2.3529411764705883,5.24,-2.55,-0.02,2.91,0.306,2,-1.690724638,0.321,0.304,1.690724638,-0.015,-0.015,0,-0.008,25.5,29.9
66,678020,"Halvorsen, Seth",178,37.1,0.267,0,0.4,0.267,0.263,0.24,0.217,4,15,93.8,4,2223,99.9,101.48,7,28,38,1.5999999999999943,6.87,120,148,119,149,302,332,307,1.1,-1.1,67.1,6.4,16,10,4,0,0,0,5,31.3,1,6.3,1.14985,1.11152,0.73394,-0.43121,92.1,196,40,0,0,5.72,-2.29,-0.22,2.68,0.313,0,-1.636363636,0.266,0.261,1.636363636,0.05,0.046999999999999986,0.006,0.023,25,46.5
38,659275,"Lamet, Dinelson",74,51.4,0.25,0.375,0.143,0.625,0.402,0.398,0.256,2,8,85.7,11.5,2361,93.7,93.22,2,17,21,-0.5,5.92,113,150,128,151,290,314,297,-0.7,0.7,66.6,6.8,9,8,1,0,0,1,0,0,1,11.1,1.47605,1.11132,0.71026,-0.02868,92.1,162,25,12.5,11.11111111111111,6.16,-1.46,0.02,2.57,0.333,1,1.773684211,0.339,0.609,-1.773684211,-0.006,-0.006,0.016,0.004,11.8,46.1
48,656186,"Altavilla, Dan",83,57.8,0.333,0.25,0.429,0.583,0.453,0.422,0.27,4,12,93.9,6,2313,96.8,96.22,7,23,25,-0.6,5.89,112,149,118,150,300,322,290,-2.3,2.3,64.7,6.5,16,8,3,0,0,1,4,25,2,12.5,1.3175,1.11021,0.90542,-0.02333,92.9,168,50,12.5,6.25,5.07,-2.17,-0.06,2.97,0.467,1,4.725,0.416,0.569,-4.725,0.063,0.051000000000000045,0.014,0.031,30.4,23.5
88,670871,"Zuñiga, Guillo",271,32.5,0.167,0.125,0.15,0.292,0.225,0.313,0.256,4,24,88.4,20.7,2287,96.9,96.76,8,46,42,-0.1,6.27,114,149,122,151,304,327,299,0.6,-0.6,68.9,6.8,27,21,3,0,0,1,4,14.8,2,7.4,1.32318,1.11011,0.76193,-0.24875,91,201,38.095238095238095,4.761904761904762,3.7037037037037033,5.89,-2.02,0.19,2.66,0.222,1,-0.648863636,0.303,0.435,0.648863636,-0.089,-0.081,-0.143,-0.088,17.4,24.8
5,666215,"Whitley, Forrest",94,5.3,1,0,1,1,0.882,0.251,0.274,1,1,94.5,-2,2175,96.3,96.88,0,3,2,0.6000000000000085,6.6,113,146,122,149,292,318,293,-0.3,0.3,69.1,7,1,1,1,0,0,0,0,0,0,0,1.348,1.108,0.776,-0.492,90.2,120,0,0,0,6.26,-1.41,-0.59,3.28,1,0,5.9,0.274,0.288,-5.9,0.726,0.726,0.712,0.631,0,39.4
247,690829,"Joyce, Ben",541,45.7,0.194,0.075,0.3,0.269,0.275,0.269,0.184,13,67,86.5,7,2291,102.1,102.88,42,141,106,0.8000000000000114,6.75,111,148,117,148,304,324,300,1.3,-1.3,68.7,6.6,79,41,10,2,0,1,26,32.9,10,12.7,1.08417,1.10704,0.99709,0.04405,90.9,192,39.02439024390244,4.878048780487805,2.5316455696202533,5.23,-1.82,0.07,2.53,0.316,2,-0.531983806,0.308,0.265,0.531983806,0.01,0.008,0.004,0.006,29.8,27.8
53,686799,"Kochanowicz, Jack",859,6.2,0.167,0.333,0.2,0.5,0.31,0.313,0.17,2,12,86.8,36,2165,96.3,96.6,8,22,31,0.29999999999999716,6.44,110,148,118,152,299,325,303,-1,1,68.6,6.5,13,6,0,1,0,1,6,46.2,0,0,1.35132,1.10604,0.79019,-0.4883,91.6,237,50,33.33333333333333,15.384615384615385,6.07,-2.09,-0.25,3.62,0.231,2,1.975471698,0.233,0.502,-1.975471698,-0.003,-0.002,-0.002,-0.003,36.4,31
74,641312,"Anderson, Shaun",244,30.3,0.435,0.174,0.476,0.609,0.449,0.385,0.342,10,23,92.1,19.6,2512,91.3,92.43,6,34,40,1.1000000000000085,6.91,113,145,112,146,294,324,296,-2.5,2.5,70.8,6.8,26,21,7,2,1,0,3,11.5,1,3.8,1.62486,1.10527,-0.07671,-0.05863,92.7,179,38.095238095238095,9.523809523809524,7.6923076923076925,6.01,-1.8,-0.04,2.61,0.462,2,3.312162162,0.388,0.504,-3.312162162,0.093,0.074,0.105,0.064,17.6,46.2
79,688107,"Gasser, Robert",399,19.8,0.219,0,0.25,0.219,0.223,0.275,0.257,7,32,82.9,17.5,2183,93.3,93.83,7,47,32,0.5,6.67,107,151,118,145,303,315,292,2.5,-2.5,69.1,6.7,34,28,7,0,0,0,4,11.8,1,2.9,1.52139,1.10519,0.72886,-0.54304,90.9,159,21.428571428571427,0,0,5.05,2.15,-0.21,2.77,0.265,0,-3.150632911,0.301,0.309,3.150632911,-0.038,-0.036,-0.09,-0.052,14.9,26.2
953,663372,"Feltner, Ryan",2578,37,0.24,0.136,0.279,0.376,0.3,0.325,0.258,58,242,89.8,11.2,2351,94.6,95.28,78,440,513,0.7000000000000028,6.42,115,149,120,149,301,331,302,4.4,-4.4,68.4,6.6,266,191,41,8,2,7,52,19.5,21,7.9,1.41884,1.10448,0.44358,-0.08759,92.2,177,41.88481675,8.376963351,6.015037593984962,5.53,-1.32,0.13,2.76,0.306,16,-0.458971668,0.323,0.418,0.458971668,-0.018,-0.017,-0.042,-0.025,17.7,40.8
1218,657006,"Steele, Justin",2046,59.5,0.253,0.142,0.31,0.396,0.319,0.29,0.233,73,288,86.8,14,2419,91.6,91.95,140,629,589,0.30000000000001137,6.35,108,151,117,149,304,325,291,4.6,-4.6,69.8,6.7,323,221,48,17,0,8,70,21.7,31,9.6,1.60247,1.10153,0.02116,-0.01354,91.1,168,38.009049773755656,5.429864253393665,3.7151702786377707,6.1,2.19,-0.1,2.73,0.328,12,-0.3772578,0.309,0.338,0.3772578,0.02,0.019000000000000017,0.058,0.029,22.3,45.2
150,547184,"Kelly, Michael",470,31.9,0.192,0,0.278,0.192,0.223,0.226,0.175,5,26,82.1,18.6,2353,95.1,94.58,14,60,90,-0.5,5.94,110,146,116,150,295,320,294,0.3,-0.3,65.5,6.3,29,18,5,0,0,0,8,27.6,3,10.3,1.41607,1.10107,0.47887,-0.1446,90,162,5.555555555555555,0,0,6.15,-1.28,0.08,2.97,0.276,0,-0.203333333,0.26,0.227,0.203333333,0.017,0.016000000000000014,-0.035,-0.003,23.3,37.7
475,621242,"Díaz, Edwin",912,52.1,0.19,0.114,0.333,0.304,0.276,0.274,0.173,15,79,89.8,20.6,2349,97.5,99.31,75,205,270,1.7999999999999972,7.42,119,149,119,150,296,325,298,0.9,-0.9,68.9,6.7,93,41,11,1,1,2,39,41.9,10,10.8,1.30998,1.09994,1.12682,-0.15789,90.1,189,39.02439024390244,12.195121951219512,5.376344086021505,4.8,-2.11,-0.21,2.94,0.301,5,-0.187368421,0.287,0.315,0.187368421,0.017,0.014000000000000012,-0.011,0.002,36.6,17.7
136,523260,"Kelly, Joe",552,24.6,0.258,0.194,0.35,0.452,0.355,0.378,0.261,8,31,88,8.7,2176,98.1,97.96,11,69,67,-0.1,6.26,117,148,118,151,294,316,298,0,0,65.7,6.5,37,22,4,3,0,1,10,27,5,13.5,1.27419,1.09934,0.9336,-0.3286,90.9,197,50,13.636363636363635,8.108108108108109,5.21,-1.73,0.07,2.73,0.361,3,-0.008823529,0.364,0.511,0.008823529,-0.003,-0.003,-0.059,-0.023,15.9,27.2
106,663855,"Hicks, Jordan",1958,5.4,0.238,0.143,0.357,0.381,0.369,0.412,0.269,5,21,90.4,19,2121,95.5,95.81,13,42,64,0.29999999999999716,6.53,113,147,120,151,291,321,298,-2,2,65.6,6.3,30,14,3,1,1,0,8,26.7,6,20,1.41009,1.09887,0.86726,-0.41953,93.1,186,57.14285714285714,14.285714285714285,6.666666666666667,5.85,-1.62,0.5,3.32,0.433,2,1.882075472,0.46,0.467,-1.882075472,-0.031,-0.027,-0.086,-0.043,31,34.2
52,646242,"Díaz, Jhonathan",166,31.3,0.214,0.429,0.182,0.643,0.392,0.259,0.157,3,14,89.5,23.8,2132,90.2,90.08,3,27,25,-0.1,6.25,112,150,121,147,289,316,283,0.6,-0.6,70,6.9,16,12,0,1,1,1,2,12.5,2,12.5,1.70769,1.09865,0.9425,-0.2425,91.6,207,41.66666666666667,0,0,5.61,2.93,-0.13,2.78,0.313,0,-1.159615385,0.262,0.311,1.159615385,0.057,0.051,0.332,0.133,11.1,33.5
7,608638,"Chargois, JT",529,1.3,0,0,0,0,0,0.115,0.079,0,2,91.8,36.5,2379,94.6,94.56,0,2,5,0,6.21,110,146,113,152,295,325,296,0.4,-0.4,73.5,6.8,2,2,0,0,0,0,0,0,0,0,1.44429,1.09857,0.94857,-0.94857,91.7,324,0,0,0,5.35,-1.72,0.04,3.48,0,0,-6.4,0.079,0.198,6.4,-0.079,-0.079,-0.198,-0.115,0,25.5
91,668941,"Romero, JoJo",919,9.9,0.389,0.056,0.438,0.444,0.404,0.445,0.42,7,18,90,18.9,2257,95.1,93.71,6,44,47,-1.4,5.48,109,149,115,147,305,320,300,-1.1,1.1,68,6.6,23,16,6,1,0,0,3,13,4,17.4,1.42692,1.09582,0.84341,-0.30187,90.8,170,43.75,0,0,5.57,1.52,-0.37,3.06,0.478,0,1.153846154,0.503,0.528,-1.153846154,-0.031,-0.025,-0.084,-0.041,13.6,35.3
82,595014,"Treinen, Blake",737,11.1,0.25,0.188,0.4,0.438,0.29,0.161,0.122,4,16,88,37.9,2437,94.3,93.34,5,44,38,-1,5.61,118,149,128,152,291,315,295,0.1,-0.1,69.6,6.7,16,10,1,3,0,0,6,37.5,0,0,1.45854,1.09427,0.66976,-0.37439,89.5,201,30,10,6.25,6.2,-2.8,0.03,3.35,0.25,1,-0.095121951,0.122,0.258,0.095121951,0.128,0.128,0.18,0.129,11.4,31.7
339,640455,"Manaea, Sean",2996,11.3,0.167,0.128,0.222,0.295,0.258,0.322,0.225,13,78,89.7,24.5,2004,92.3,93.71,55,177,162,1.4000000000000057,7.22,110,151,121,150,300,325,294,4.2,-4.2,68.5,6.5,89,48,9,1,0,3,30,33.7,9,10.1,1.5944,1.09333,1.02139,-0.66581,91.1,200,43.75,10.416666666666668,5.617977528089887,5.44,2.7,0.07,3.12,0.27,5,-1.228318584,0.321,0.412,1.228318584,-0.058,-0.051,-0.117,-0.064,31.1,23.7
235,669711,"Weissert, Greg",1029,22.8,0.173,0.107,0.256,0.28,0.204,0.199,0.171,13,75,85.7,21,2296,93.9,93.51,29,145,90,-0.4,6.06,112,148,121,147,284,320,300,4.9,-4.9,67.5,6.6,79,46,9,2,0,2,31,39.2,2,2.5,1.49336,1.09277,0.69281,-0.07145,90.3,195,32.608695652173914,6.521739130434782,3.797468354,5.16,-3.33,-0.06,2.83,0.192,3,-2.095744681,0.191,0.264,2.095744681,0.002,0.001,0.016,0.005,20,23.6
566,664747,"Díaz, Alexis",977,57.9,0.196,0.087,0.243,0.283,0.326,0.318,0.179,18,92,87.6,24.7,2613,93.9,96.5,56,236,330,2.5999999999999943,7.68,115,147,119,149,295,320,290,-1.9,1.9,68.9,6.8,124,71,12,5,0,1,22,17.7,26,21,1.48654,1.09122,0.86369,0.00362,90.7,180,35.21126761,5.633802816901409,3.225806451612903,4.54,-2.07,-0.2,3.03,0.395,4,0.340282686,0.383,0.275,-0.340282686,0.017,0.012,0.008,0.008,23.7,8.6
556,658648,"Avila, Pedro",1419,39.2,0.246,0.175,0.273,0.421,0.326,0.358,0.271,28,114,90.7,11.8,2250,93.4,93.71,47,253,303,0.29999999999999716,6.34,111,149,125,149,299,320,297,3.9,-3.9,70.6,6.8,135,92,17,6,1,4,26,19.3,17,12.6,1.51263,1.08885,0.23911,0.00986,91.8,177,46.73913043478261,7.608695652173914,5.185185185185185,5.8,-1.2,-0.03,2.57,0.333,7,-0.697841727,0.363,0.454,0.697841727,-0.025,-0.03,-0.033,-0.032,18.6,44.6
963,458681,"Lynn, Lance",2039,47.2,0.199,0.194,0.23,0.393,0.273,0.331,0.243,41,206,91.6,22.1,2454,92.3,92.55,141,491,472,0.20000000000000284,6.42,114,148,113,149,306,320,301,15.6,-15.6,70.3,6.8,219,145,21,10,0,10,62,28.3,12,5.5,1.58875,1.08693,0.34151,-0.00803,91.8,197,48.96551724137931,15.862068965517242,10.50228310502283,5.62,-3.11,0.07,2.91,0.242,23,-1.621910696,0.284,0.493,1.621910696,-0.044,-0.042,-0.1,-0.058,28.7,32.5
133,605135,"Bassitt, Chris",2959,4.5,0.242,0.152,0.35,0.394,0.307,0.27,0.221,8,33,87,25.8,2160,92.6,92.9,15,60,73,0.30000000000001137,6.45,115,147,119,151,286,318,297,-4,4,67.8,6.3,36,21,5,2,0,1,12,33.3,2,5.6,1.57218,1.08571,0.63496,-0.39887,90,190,28.57142857142857,4.761904761904762,2.7777777777777777,5.5,-1.86,-0.23,3.3,0.306,1,2.986466165,0.286,0.311,-2.986466165,0.021,0.020000000000000018,0.083,0.037,25,34.6
53,608648,"Duffey, Tyler",189,28,0.2,0,0.25,0.2,0.347,0.409,0.223,2,10,95,24,2346,90.8,91.21,5,23,30,0.4000000000000057,6.44,113,150,121,149,300,324,294,-0.4,0.4,71.1,6.9,15,8,2,0,0,0,2,13.3,5,33.3,1.67264,1.08358,0.50472,0.03943,91.5,198,50,12.5,6.666666666666667,5.73,-2.55,0.09,2.8,0.467,1,0.673584906,0.482,0.399,-0.673584906,-0.023,-0.015,-0.199,-0.062,21.7,23.9
557,660853,"De Los Santos, Enyel",1127,49.4,0.311,0.311,0.333,0.622,0.431,0.389,0.272,42,135,91.6,21.5,2203,95.5,95.15,67,329,228,-0.4,6.16,114,149,120,149,294,326,294,-4.5,4.5,69.4,6.7,154,106,20,12,0,10,29,18.8,14,9.1,1.42816,1.08217,0.9686,0.20745,91.5,185,47.16981132075472,14.150943396226415,9.740259740259742,5.48,-1.92,-0.13,2.76,0.396,15,0.804667864,0.362,0.544,-0.804667864,0.039,0.034,0.078,0.042,20.4,24.6
438,608718,"Suter, Brent",1022,42.9,0.273,0.127,0.31,0.4,0.311,0.307,0.261,30,110,86.3,16.1,2223,85.8,87.66,39,228,210,1.9000000000000057,7.29,111,149,120,149,297,321,290,1.9,-1.9,68.6,6.6,118,90,22,5,0,3,21,17.8,7,5.9,2.00731,1.07308,-0.366,0.13763,91.1,164,31.11111111111111,5.555555555555555,4.237288136,6.25,3.24,-0.01,2.97,0.314,5,-0.440182648,0.304,0.395,0.440182648,0.012,0.010000000000000009,0.005,0.004,17.1,57.8
8,703231,"Meeker, James",16,50,0.5,0,0.5,0.5,0.524,0.486,0.414,1,2,98.1,-1.5,2183,91.8,91.36,0,3,5,-0.4,6.16,109,148,127,149,296,334,287,-0.6,0.6,68.1,6.4,3,2,1,0,0,0,0,0,1,33.3,1.64625,1.0725,0.89625,0.21875,94.7,152,50,0,0,5.62,-2.91,0.41,2.16,0.667,0,6.9875,0.609,0.473,-6.9875,0.086,0.058,0.027,0.038,0,28.4
111,570632,"Ureña, José",1760,6.3,0.385,0.385,0.333,0.769,0.528,0.621,0.436,5,13,92.7,21.6,2161,96.4,96.18,9,54,57,-0.2,6.22,113,150,117,149,299,325,296,-2,2,70.4,7,16,13,2,2,0,1,0,0,1,6.3,1.39009,1.0682,1.0645,0.35622,91.9,185,61.53846153846154,30.76923076923077,25,5.67,-2.84,0.18,2.65,0.5,4,1.815315315,0.542,0.991,-1.815315315,-0.051,-0.042,-0.222,-0.093,16.7,30
74,671345,"Foley, Jason",905,8.2,0.091,0.273,0,0.364,0.228,0.232,0.123,2,22,93.5,24.8,2195,97.2,97.78,16,41,33,0.5999999999999943,6.59,113,147,121,151,287,332,304,0.3,-0.3,67.5,6.5,24,10,0,0,0,2,12,50,2,8.3,1.3427,1.06811,1.00973,-0.69,91.3,211,60,20,8.333333333333332,5.69,-1.78,-0.29,3.28,0.167,2,-0.347297297,0.196,0.336,0.347297297,-0.032,-0.029,0.028,-0.004,39,31.2
3,670103,"Burgos, Raymond",25,12,0.5,0,1,0.5,0.441,0.207,0.229,1,2,103.2,-1,2033,92.1,91.1,1,2,1,-1,5.7,107,146,114,146,300,312,286,-0.2,0.2,71.9,7.4,2,1,1,0,0,0,1,50,0,0,1.62333,1.06667,0.66667,-0.16667,103.2,44,100,0,0,6.09,2.24,-0.07,2.86,0.5,0,7.4,0.229,0.248,-7.4,0.271,0.271,0.252,0.234,50,26.2
48,656924,"Ryan, Ryder",340,14.1,0,0,0,0,0.23,0.472,0.227,0,8,99.2,25.3,2353,94,94.01,5,26,22,0,6.31,116,149,115,150,300,323,299,1.5,-1.5,69.2,7,12,6,0,0,0,0,2,16.7,4,33.3,1.51833,1.06479,1.07438,-0.53396,91.8,217,100,33.33333333333333,16.666666666666664,5.43,-1.45,0.02,2.66,0.333,2,-3.16875,0.484,0.646,3.16875,-0.227,-0.151,-0.646,-0.242,19.2,31.8
14,623451,"Stephens, Jackson",51,27.5,0.5,0,0.5,0.5,0.491,0.405,0.354,2,4,85.9,28.5,2039,92.3,91.84,3,9,5,-0.5,5.84,120,151,129,149,304,321,301,-0.7,0.7,66.6,6.5,5,4,2,0,0,0,0,0,1,20,1.595,1.06357,0.35929,0.03071,90.8,177,50,0,0,6.13,-0.8,-0.2,3.16,0.6,0,5.1,0.483,0.413,-5.1,0.146,0.11699999999999999,0.087,0.086,33.3,43.7
16,622088,"Antone, Tejay",47,34,0,0,,0,0.345,0.345,,0,1,,,2461,93.9,93.64,2,7,9,-0.3,6.32,119,146,126,149,297,323,290,0.5,-0.5,,,2,0,0,0,0,0,1,50,1,50,1.54063,1.0625,0.6925,-0.345,89.3,158,,,0,6.13,-2.42,0.2,2.43,0.5,0,-2.8625,0.5,,2.8625,,0,,0,28.6,35
34,621294,"Heller, Ben",255,13.3,0.333,0.167,0.4,0.5,0.51,0.642,0.401,2,6,92.5,15,2323,96.3,96.58,1,10,24,0.29999999999999716,6.56,112,143,115,144,307,320,295,-3.3,3.3,67.6,6.2,11,5,1,1,0,0,1,9.1,4,36.4,1.40676,1.06176,1.13647,-0.24,93.3,256,80,40,18.181818181818183,5.83,-2.01,0.31,2.71,0.636,2,9.632352941,0.674,1.026,-9.632352941,-0.068,-0.038,-0.526,-0.132,10,30.1
117,642397,"Soto, Gregory",960,12.2,0.333,0.048,0.636,0.381,0.434,0.393,0.253,7,21,86.1,3.9,2279,97.9,98.45,17,49,68,0.5,6.6,110,147,119,146,295,323,291,-4,4,69.7,6.8,31,11,6,1,0,0,10,32.3,9,29,1.32205,1.05812,0.94564,-0.21641,90.5,181,45.45454545454545,9.090909090909092,3.225806451612903,5.77,1.87,-0.12,2.8,0.548,1,3.38034188,0.494,0.327,-3.38034188,0.08,0.054,0.054,0.041,34.7,36.9
81,657265,"Strzelecki, Peter",192,42.2,0.267,0.067,0.333,0.333,0.31,0.253,0.205,4,15,82.9,12.5,2461,92.3,92.98,10,42,39,0.7000000000000028,6.66,117,149,127,151,296,318,300,1.6,-1.6,67.9,6.5,17,12,3,1,0,0,3,17.6,2,11.8,1.61605,1.05654,0.6542,-0.23988,89.3,147,16.666666666666664,0,0,5.1,-2.02,0.12,2.98,0.353,0,-1.977777778,0.298,0.247,1.977777778,0.062,0.055,0.086,0.057,23.8,22.7
248,682120,"Herrin, Tim",1011,24.5,0.204,0.037,0.256,0.241,0.284,0.339,0.247,11,54,91.1,3.4,2405,95.5,96.28,19,115,133,0.7999999999999972,6.58,109,150,120,147,296,318,296,2.8,-2.8,69.3,6.8,66,43,9,2,0,0,11,16.7,12,18.2,1.43093,1.05552,0.66855,-0.30669,91.5,150,48.837209302325576,6.976744186046512,4.545454545454546,5.64,1.97,-0.01,2.58,0.348,3,-1.114112903,0.384,0.361,1.114112903,-0.043,-0.036,-0.12,-0.055,16.5,28.8
83,668984,"Legumina, Casey",166,50,0.375,0.188,0.417,0.563,0.45,0.365,0.279,6,16,94.4,10.7,2332,93.4,93.88,2,38,45,0.5,6.53,111,146,122,148,293,323,289,-3,3,72.4,6.9,19,13,5,0,0,1,3,15.8,2,10.5,1.55566,1.0541,1.12747,0.08145,92.6,182,61.53846153846154,7.6923076923076925,5.263157894736842,4.89,-2.14,-0.2,2.9,0.474,1,3.659036145,0.393,0.433,-3.659036145,0.096,0.081,0.13,0.085,5.3,19.5
48,642239,"Zastryzny, Rob",119,40.3,0,0,0,0,0.055,0.154,0.084,0,12,77.7,37.3,2504,91.5,92.61,9,31,17,1.0999999999999943,6.63,113,150,123,149,302,327,303,2.3,-2.3,66.8,6.6,14,9,0,0,0,0,3,21.4,0,0,1.64146,1.05167,0.11104,0.01229,89.7,175,11.11111111111111,11.11111111111111,7.142857142857142,5.67,2.27,-0.14,2.82,0.077,1,-4.74375,0.155,0.164,4.74375,-0.084,-0.078,-0.164,-0.099,29,42.1
129,678394,"Bello, Brayan",2710,4.8,0.12,0.04,0.167,0.16,0.137,0.211,0.2,3,25,85.3,23.1,2192,95.6,95.62,12,55,74,0,6.28,113,149,126,150,281,321,300,0.2,-0.2,67.2,6.2,27,18,2,1,0,0,8,29.6,1,3.7,1.44287,1.04907,0.74465,-0.36853,90,196,27.77777777777778,0,0,5.26,-1.76,0,3.42,0.148,0,-0.142635659,0.222,0.265,0.142635659,-0.08,-0.074,-0.105,-0.074,21.8,30.4
63,669724,"Hanifee, Brenan",447,14.1,0.222,0.278,0.429,0.5,0.3,0.197,0.172,4,18,95.2,21.8,2068,95.6,95.43,14,39,24,-0.2,6.16,113,147,112,146,293,329,296,1,-1,70.2,6.8,18,8,2,0,1,1,10,55.6,0,0,1.44222,1.04857,0.98,-0.09556,91.4,243,50,12.5,5.555555555555555,5.53,-2.54,-0.14,2.87,0.222,1,-1.661904762,0.172,0.294,1.661904762,0.05,0.05,0.206,0.103,35.9,33.2
218,621107,"Eflin, Zach",2447,8.9,0.236,0.182,0.314,0.418,0.301,0.276,0.197,13,55,87.5,17.3,2197,92.4,93.03,29,117,101,0.5999999999999943,6.64,109,149,119,150,296,327,301,1.3,-1.3,68.4,6.6,60,37,8,2,1,2,19,31.7,2,3.3,1.61991,1.04839,0.72454,-0.13693,90.9,187,37.83783783783784,10.81081081081081,6.666666666666667,5.73,-2.25,-0.21,2.95,0.283,4,-0.58440367,0.25,0.382,0.58440367,0.039,0.032999999999999974,0.036,0.025,24.8,27
389,605397,"Musgrove, Joe",1582,24.6,0.253,0.241,0.276,0.494,0.348,0.37,0.272,22,87,92.6,19.6,2634,93,92.69,46,199,190,-0.3,6.03,114,150,120,150,298,324,298,-4.8,4.8,68.4,6.7,95,64,13,3,0,6,23,24.2,6,6.3,1.58347,1.04828,0.30554,0.06751,91.6,193,48.4375,15.625,10.526315789473683,6.35,-1.38,0.02,3.15,0.316,10,1.236760925,0.334,0.529,-1.236760925,-0.019,-0.018,-0.035,-0.022,23.1,34
60,642834,"Bermúdez, Jonathan",121,49.6,0.538,0.385,0.6,0.923,0.633,0.386,0.323,7,13,94,9.7,2141,89.1,89.15,3,28,32,0,6.2,111,148,123,146,306,333,300,-3.4,3.4,72.7,6.8,15,11,4,2,0,1,2,13.3,1,6.7,1.81367,1.04683,0.696,-0.14367,92.3,149,54.54545454545454,9.090909090909092,6.666666666666667,5.29,1.39,-0.27,2.59,0.6,1,5.67,0.413,0.451,-5.67,0.215,0.187,0.472,0.247,10.7,32.2
15,677955,"Hill, Jaden",151,9.9,,,0,,0.47,0.481,,0,0,86.8,29,2286,96.7,96.57,1,5,10,-0.1,6.06,111,150,130,147,300,323,301,-0.6,0.6,66.1,6.6,3,1,0,0,0,0,0,0,1,33.3,1.38,1.046,0.948,0.36267,88,241,0,0,0,5.7,-1.52,0.82,2.93,0.667,0,3.893333333,0.679,,-3.893333333,,-0.012,,-0.011,20,24.1
38,683618,"Henriquez, Edgardo",59,64.4,0.25,0,0.4,0.25,0.314,0.223,0.1,2,8,86.2,22.8,2424,98.7,99.71,4,16,22,1,6.61,112,149,135,152,303,325,306,0.3,-0.3,65.7,6.5,10,5,2,0,0,0,3,30,2,20,1.27842,1.04263,0.28737,-0.12895,91.1,165,20,0,0,6.03,-1.4,-0.27,2.61,0.4,0,-0.739473684,0.28,0.152,0.739473684,0.15,0.12,0.098,0.091,25,48
92,677958,"Rocker, Kumar",218,42.2,0.35,0.15,0.375,0.5,0.404,0.338,0.252,7,20,93.5,17.3,2146,96,97.16,7,48,44,1.2000000000000028,6.97,113,146,109,149,294,320,303,1.5,-1.5,68.1,6.6,25,17,6,0,0,1,4,16,4,16,1.4337,1.04174,0.9137,-0.40804,91.6,181,52.94117647058824,5.882352941,4,5.61,-2.33,-0.03,2.91,0.44,1,-1.643478261,0.362,0.415,1.643478261,0.098,0.078,0.085,0.066,14.6,30.6
392,669713,"Wesneski, Hayden",1075,36.5,0.254,0.211,0.253,0.465,0.339,0.384,0.29,29,114,90.1,6.3,2115,94.6,96.11,27,189,203,1.5,7.02,114,150,116,152,298,324,297,-4,4,69.3,6.9,125,97,17,6,0,6,17,13.6,11,8.8,1.49737,1.0388,0.40259,-0.01038,92.7,157,41.23711340206185,10.309278350515463,8,5.97,-1.2,0.07,2.73,0.32,10,1.022193878,0.352,0.542,-1.022193878,-0.036,-0.032,-0.077,-0.045,14.3,50.9
61,700241,"McGreevy, Michael",311,19.6,0.083,0.167,0.143,0.25,0.132,0.303,0.225,1,12,97.6,11.1,2209,93,94.04,9,29,32,1,6.7,117,149,121,151,301,326,301,1,-1,69.5,6.5,12,7,0,0,1,0,5,41.7,0,0,1.58492,1.0323,0.66557,-0.21279,93.2,196,71.42857142857143,14.285714285714285,8.333333333333332,5.84,-2.55,-0.2,2.75,0.083,1,-1.659016393,0.225,0.493,1.659016393,-0.142,-0.142,-0.243,-0.171,31,37
188,700187,"Taylor, Troy",328,57.3,0.22,0.195,0.25,0.415,0.322,0.312,0.226,9,41,82.6,21.5,2405,97,96.13,12,76,112,-0.9,5.9,112,150,118,149,289,317,288,1.7,-1.7,69,6.7,47,30,5,2,0,2,11,23.4,6,12.8,1.40122,1.0317,1.40596,0.05213,90.6,180,33.33333333333333,13.333333333333334,8.510638298,5.68,-1.36,0,2.86,0.319,4,-0.914893617,0.325,0.37,0.914893617,-0.006,-0.006,0.045,0.01,15.8,31.1
254,667755,"Soriano, José",1737,14.6,0.356,0.267,0.382,0.622,0.453,0.39,0.287,16,45,94.2,18.8,2180,98.8,99.04,12,116,138,0.20000000000000284,6.55,111,147,118,150,303,327,299,-7.4,7.4,70.3,7,52,37,10,3,0,3,8,15.4,7,13.5,1.31547,1.03122,0.94157,-0.21087,92,197,59.45945945945946,13.513513513513514,9.615384615384617,5.96,-1.58,-0.02,2.58,0.442,5,2.92519685,0.383,0.526,-2.92519685,0.069,0.059,0.096,0.063,10.3,33.1
459,624133,"Suárez, Ranger",2354,19.5,0.224,0.102,0.286,0.327,0.275,0.292,0.251,22,98,85.7,8.6,2006,91.8,92.05,35,194,265,0.29999999999999716,6.33,107,150,117,147,302,325,289,5,-5,69.5,6.6,107,72,16,4,0,2,26,24.3,8,7.5,1.66584,1.02978,0.44094,-0.31124,91.1,166,31.944444444444443,2.7777777777777777,1.8691588785046727,5.83,1.89,-0.18,2.79,0.29,2,-1.080610022,0.314,0.339,1.080610022,-0.027,-0.024,-0.012,-0.017,18,40.3
18,669372,"Ginn, J.T.",515,3.5,0,0,0,0,0,0.036,0.04,0,3,89.6,-15,2033,92.2,92.86,2,6,12,0.7000000000000028,6.58,121,148,124,151,296,316,299,0.3,-0.3,69.9,6.7,3,1,0,0,0,0,2,66.7,0,0,1.64389,1.02778,0.58111,-0.26222,89.2,165,0,0,0,5.74,-1.45,0.21,3.66,0,0,-1.5,0.04,0.04,1.5,-0.04,-0.04,-0.04,-0.036,33.3,42.9
31,571539,"Carasiti, Matt",170,18.2,0.455,0.273,0.444,0.727,0.525,0.486,0.391,5,11,95.9,10.8,2137,94.5,95.05,1,21,10,0.5,6.29,114,149,125,148,300,332,304,-2.9,2.9,70,6.9,12,10,4,0,0,1,1,8.3,0,0,1.49677,1.02774,0.80226,0.15194,92.9,174,50,10,8.333333333333332,6.02,-1.23,0.02,2.5,0.5,1,9.261290323,0.441,0.705,-9.261290323,0.064,0.059,0.022,0.039,4.8,38.6
4,676617,"O'Brien, Riley",194,2.1,0.5,0.5,1,1,0.627,0.447,0.483,1,2,75.3,19,2139,96.1,97.38,1,3,1,1.3000000000000114,6.88,94,142,127,150,302,320,297,-0.8,0.8,67.2,6.8,2,1,0,1,0,0,1,50,0,0,1.4325,1.025,0.5175,-0.2775,88,189,0,0,0,5.88,-1.66,0.07,3.32,0.5,0,18.85,0.483,0.529,-18.85,0.017,0.017000000000000015,0.471,0.18,33.3,40.5
359,661395,"Duran, Jhoan",881,40.7,0.296,0.113,0.477,0.408,0.347,0.282,0.205,21,71,85.3,12.5,2035,100.5,100.54,65,180,179,0,6.36,114,147,111,149,295,320,293,-2.8,2.8,67.6,6.3,83,45,13,8,0,0,28,33.7,9,10.8,1.24053,1.02081,1.02543,-0.13819,90.6,189,33.33333333333333,4.444444444444445,2.4096385542168677,5.96,-2.15,0.11,3.03,0.378,2,0.768245125,0.305,0.301,-0.768245125,0.091,0.073,0.107,0.065,36.1,33.8
483,663542,"Hudson, Bryan",927,52.1,0.15,0.131,0.167,0.28,0.223,0.268,0.2,16,107,87,17.3,2287,91.3,93.22,45,250,233,1.9000000000000057,7.39,108,150,119,147,303,322,298,14.7,-14.7,68.9,6.6,119,81,8,5,0,3,27,22.7,10,8.4,1.71174,1.02077,0.59259,-0.21851,90.5,168,33.33333333333333,6.172839506172839,4.201680672268908,5.16,3.2,-0.15,2.65,0.22,5,-3.051759834,0.27,0.329,3.051759834,-0.05,-0.05,-0.049,-0.045,18,15.4
1296,622491,"Castillo, Luis",2859,45.3,0.203,0.162,0.268,0.365,0.278,0.285,0.203,55,271,91,30.5,2153,95.6,93.89,183,671,625,-1.7,5.34,112,149,117,147,293,320,293,18.1,-18.1,70.1,6.8,298,179,32,12,1,10,94,31.5,25,8.4,1.48278,1.01681,1.03973,0.01839,91.2,210,44.134078212290504,11.731843575418994,7.046979865771812,5.14,-2.2,0.07,3.01,0.269,21,-1.394367284,0.27,0.382,1.394367284,0,-0.001,-0.017,-0.007,27.3,17.2
12,675989,"Bolton, Cody",312,3.8,0.5,0,1,0.5,0.565,0.571,0.355,1,2,113.3,16,2349,94.8,95.41,1,7,5,0.6000000000000085,6.64,111,151,124,148,296,324,285,-0.8,0.8,67.3,6.4,4,1,1,0,0,0,1,25,2,50,1.52333,1.01583,0.3025,0.14917,93.1,218,100,100,25,5.55,-2.04,0.73,3,0.75,1,6.75,0.678,0.732,-6.75,0.145,0.072,-0.232,-0.006,14.3,39.5
23,687330,"Kelly, Kevin",1033,2.2,0.286,0.429,0.5,0.714,0.419,0.389,0.25,2,7,84.9,16,2179,92,93.69,4,10,13,1.7000000000000028,7.39,114,148,122,154,291,326,302,-0.7,0.7,62.2,6,7,3,1,0,0,1,4,57.1,0,0,1.69174,1.01261,0.82,-0.78,94.5,209,66.66666666666666,33.33333333333333,14.285714285714285,4.08,-1.81,-0.36,3.65,0.286,1,3.252173913,0.25,0.676,-3.252173913,0.036,0.035999999999999976,0.038,0.03,40,13.3
49,689690,"Jacob, Alek",232,21.1,0.2,0.2,0.333,0.4,0.307,0.259,0.152,3,15,89.9,25.9,2331,87.1,88.63,9,20,29,1.5,7.5,113,148,123,150,298,322,303,0.5,-0.5,70.4,6.3,17,7,2,0,0,1,8,47.1,1,5.9,2.02347,1.01122,1.25347,-0.20408,93.1,236,57.14285714285714,14.285714285714285,5.882352941,3.92,-2.91,0.41,3.25,0.294,1,-1.083673469,0.252,0.324,1.083673469,0.048,0.042,0.076,0.048,45,2
16,694738,"Roupp, Landen",907,1.8,,,,,,,,,,,,2068,93.4,94.23,1,3,13,0.7999999999999972,6.65,110,147,125,152,288,319,301,-0.4,0.4,71.2,7.1,,,,,,,,,,,1.59125,1.01,0.94125,-0.48875,88,156,,,,5.29,-2.21,-0.64,3.98,,0,2.4375,,,-2.4375,,,,,33.3,29.1
158,605155,"Brewer, Colten",391,40.4,0.4,0.28,0.409,0.68,0.436,0.479,0.406,10,25,90.5,13.9,2230,94.3,94.66,10,72,86,0.4000000000000057,6.36,110,147,113,149,295,322,298,-3.5,3.5,69.2,6.7,31,23,6,2,1,1,5,16.1,3,9.7,1.54133,1.00905,0.35883,-0.05039,90.7,191,39.130434782608695,17.391304347826086,12.903225806451612,5.94,-2.47,-0.06,2.72,0.419,4,2.228481013,0.439,0.715,-2.228481013,-0.006,-0.02,-0.035,-0.043,13.9,33.2
154,670036,"Festa, Matt",385,40,0.143,0.2,0.174,0.343,0.228,0.26,0.208,5,35,84.5,31.4,2448,91.8,92.11,26,89,65,0.29999999999999716,6.37,114,149,114,149,294,321,299,2.7,-2.7,70.3,6.8,37,24,1,2,1,1,11,29.7,1,2.7,1.68747,1.00779,0.0843,0.02921,91,173,41.66666666666667,8.333333333333332,5.405405405405405,4.77,-2.31,0.13,2.89,0.189,2,-1.742857143,0.251,0.339,1.742857143,-0.065,-0.062,0.004,-0.032,29.2,24.1
296,680704,"Sandlin, Nick",1003,29.5,0.294,0.314,0.333,0.608,0.436,0.415,0.255,15,51,90.7,27,2356,92.6,93.09,23,129,167,0.5,6.64,111,149,123,148,298,318,296,-10.3,10.3,69.8,7,65,40,7,4,0,4,14,21.5,9,13.8,1.65966,1.00537,1.03655,0.14797,91.7,205,52.5,20,12.307692307692308,4.65,-3,0.02,3.05,0.419,8,3.469256757,0.387,0.586,-3.469256757,0.039,0.032,0.022,0.021,17.8,15
594,543243,"Gray, Sonny",2483,23.9,0.333,0.233,0.33,0.567,0.41,0.398,0.318,40,120,88.3,10.4,2514,92.4,93.3,50,275,319,0.8999999999999915,6.61,116,147,109,149,301,320,302,-5.9,5.9,69.4,6.9,134,109,25,8,1,6,12,9,13,9.7,1.64833,1.0016,-0.10062,0.0341,91.5,165,35.77981651376147,11.009174311926607,8.955223880597014,5.5,-0.84,0.35,2.6,0.396,12,0.989057239,0.384,0.541,-0.989057239,0.015,0.012,0.026,0.012,18.2,47.8
2,622065,"Young, Alex",267,0.7,1,1,1,2,1.254,0.337,0.374,1,1,74.8,30,2458,88.7,88.9,0,1,1,0.20000000000000284,5.75,118,152,129,149,311,345,300,-0.2,0.2,72.2,7.7,1,1,0,1,0,0,0,0,0,0,1.825,1,0.335,-0.335,88,253,0,0,0,5.91,1.67,-0.36,2.71,1,0,12.3,0.374,0.41,-12.3,0.626,0.626,1.59,0.917,0,32.9
15,668874,"Henley, Blair",39,38.5,1,0,1,1,0.737,0.672,0.64,1,1,83.3,21,2017,92,92.72,0,1,14,0.7000000000000028,6.73,110,141,108,142,293,323,295,-1.5,1.5,69.5,7.1,4,1,1,0,0,0,0,0,3,75,1.69533,0.99933,0.914,-0.686,88,238,0,0,0,5.35,-2.17,-0.47,2.24,1,0,9.873333333,0.91,0.768,-9.873333333,0.36,0.09,0.232,0.065,0,29.1
47,702352,"Bivens, Spencer",768,6.1,0.25,0.375,0.2,0.625,0.454,0.487,0.295,2,8,84.9,24.7,1968,94.2,94.35,4,17,30,0.1,6.33,114,148,122,151,294,322,299,-0.7,0.7,69.6,6.6,11,6,1,0,0,1,2,18.2,3,27.3,1.57426,0.99149,0.8517,-0.27809,90.5,229,33.33333333333333,16.666666666666664,9.090909090909092,6.02,-1.87,-0.14,3.15,0.455,1,1.525531915,0.487,0.701,-1.525531915,-0.045,-0.032,-0.076,-0.033,23.5,31.7
191,672582,"Zerpa, Angel",951,20.1,0.286,0.171,0.31,0.457,0.354,0.368,0.297,10,35,88,17,2037,95.8,94.73,10,69,122,-1.1,5.61,110,150,119,148,304,323,293,0.1,-0.1,64.5,6.3,39,30,7,1,1,1,5,12.8,4,10.3,1.49571,0.98508,0.81974,-0.53911,91.8,167,50,13.333333333333334,10.256410256410255,5.43,2.51,-0.26,2.9,0.359,4,-0.038219895,0.369,0.477,0.038219895,-0.011,-0.01,-0.02,-0.014,14.5,31.9
75,682052,"Lopez, Jacob",178,42.1,0.231,0.308,0.167,0.538,0.44,0.43,0.226,3,13,91.5,39.2,2134,90.6,91.47,3,24,51,0.9000000000000057,6.99,106,150,116,149,297,324,298,-2.1,2.1,71.7,7.1,19,13,1,1,0,1,0,0,5,26.3,1.8116,0.9848,1.09933,-0.03533,91.8,231,38.46153846153847,15.384615384615385,10.526315789473683,5.33,3.52,0.47,2.69,0.474,2,2.764,0.47,0.514,-2.764,0.005,0.004,0.024,0.01,12.5,26.2
6,670059,"Holderman, Colin",869,0.7,0,0,,0,0,0,,0,1,,,2434,97.3,98.28,1,3,3,1,6.62,112,149,117,151,298,324,295,0.1,-0.1,62.7,6.1,1,0,0,0,0,0,1,100,0,0,1.405,0.98333,0.52667,-0.16667,88,256,,,0,5.73,-1.66,0.02,3.71,0,0,-1.333333333,,,1.333333333,,,,0,33.3,32.2
84,667725,"Tyler, Kyle",580,14.5,0.238,0.19,0.235,0.429,0.303,0.267,0.227,5,21,79.4,-1.4,2109,90.6,92.03,7,44,40,1.4000000000000057,6.97,107,145,113,145,300,322,295,0.4,-0.4,65.9,6.5,22,18,3,1,0,1,3,13.6,0,0,1.77905,0.98167,0.60464,0.17321,90.1,90,33.33333333333333,5.555555555555555,4.545454545454546,5.91,-2.1,-0.86,2.63,0.273,1,-0.45,0.262,0.334,0.45,0.011,0.011,0.095,0.036,15.9,60.1
614,684320,"Rodríguez, Yariel",1502,40.9,0.255,0.184,0.278,0.439,0.356,0.328,0.234,25,98,88.7,20.4,2361,93.9,94.49,54,246,368,0.5999999999999943,6.58,111,149,112,149,290,321,297,-5,5,70.1,6.8,116,82,14,7,1,3,16,13.8,17,14.7,1.60241,0.98,0.18644,-0.02371,91.2,184,35.36585365853659,4.878048780487805,3.4482758620689653,5.8,-1.74,-0.05,2.85,0.371,4,0.820358306,0.354,0.372,-0.820358306,0.021,0.017000000000000015,0.067,0.028,22,39.6
980,543135,"Eovaldi, Nathan",2622,37.4,0.212,0.123,0.245,0.335,0.283,0.314,0.237,55,260,90.8,8.4,2188,95.4,95.68,88,493,487,0.29999999999999716,6.57,113,149,117,149,300,324,298,7.1,-7.1,68.9,6.6,294,197,41,5,0,9,65,22.1,27,9.2,1.54328,0.97358,1.15333,0.12655,92.1,169,46.192893401015226,8.121827411167512,5.442176870748299,5.4,-2.4,-0.02,2.72,0.296,16,-0.725816327,0.319,0.387,0.725816327,-0.025,-0.023,-0.052,-0.031,17.8,30.1
143,676105,"Criswell, Jeff",354,40.4,0.4,0.133,0.458,0.533,0.452,0.468,0.371,12,30,83.1,2.5,2327,95.4,95.98,21,71,72,0.5999999999999943,6.4,114,149,123,148,306,333,306,-1.1,1.1,69.4,6.7,36,25,10,1,0,1,5,13.9,5,13.9,1.5186,0.96629,0.82497,0.02566,91.5,204,40,8,5.555555555555555,5.36,-3.1,-0.1,2.63,0.5,2,0.752447552,0.479,0.605,-0.752447552,0.029,0.021,-0.072,-0.016,29.6,31.9
1,676969,"de Geus, Brett",194,0.5,,,,,,,,,,,,2280,98,97.2,0,0,1,-0.8,6,119,153,123,148,309,304,279,0,0,,,,,,,,,,,,,1.43,0.96,0.41,0.41,,,,,,5.89,-1.21,0.48,4.64,,0,2.1,,,-2.1,,,,,,30.1
14,668970,"Hollowell, Gavin",29,48.3,0.5,0,0.5,0.5,0.441,0.395,0.431,1,2,94.6,2,2632,94.3,94.74,1,8,6,0.5,6.64,92,137,109,142,290,328,295,0,0,72.7,7.4,2,2,1,0,0,0,0,0,0,0,1.61786,0.95643,0.92857,-0.84143,89.9,137,50,0,0,5.02,-2.85,-0.58,3.08,0.5,0,0.271428571,0.431,0.474,-0.271428571,0.069,0.069,0.026,0.046,12.5,7
40,664129,"Hartlieb, Geoff",138,29,0.143,0,0.143,0.143,0.226,0.343,0.229,1,7,87.7,25.1,2489,97.1,98.28,5,21,19,1.2000000000000028,6.56,109,142,115,141,311,332,300,1.3,-1.3,64.2,6.5,10,7,1,0,0,0,1,10,2,20,1.43825,0.946,0.3775,0.0295,89.8,194,28.57142857142857,0,0,5.98,-2.9,0.02,2.61,0.3,0,-3.29,0.395,0.307,3.29,-0.086,-0.095,-0.164,-0.117,23.8,36.3
12,678906,"Teng, Kai-Wei",204,5.9,0.333,0.333,0.333,0.667,0.418,0.427,0.445,1,3,94.4,30.3,2495,93.6,94.51,1,8,4,0.9000000000000057,6.93,117,144,118,151,291,317,295,-0.8,0.8,67.3,7,3,3,0,1,0,0,0,0,0,0,1.6675,0.94583,0.59833,-0.545,92.3,143,66.66666666666666,0,0,5.6,-2.19,0.05,2.85,0.333,0,6.466666667,0.445,0.551,-6.466666667,-0.112,-0.112,0.116,-0.009,12.5,26.4
237,594580,"Moll, Sam",624,38,0.255,0.2,0.333,0.455,0.327,0.24,0.172,14,55,85.3,15.8,2567,93.3,91.01,30,118,119,-2.3,4.83,112,148,120,148,294,320,290,-0.4,0.4,68.6,6.6,59,38,8,3,1,2,17,28.8,3,5.1,1.66945,0.94485,0.86903,-0.20549,90.7,170,31.57894736842105,7.894736842105263,5.084745762711865,5.16,2.29,-0.18,2.95,0.305,3,0.187763713,0.228,0.309,-0.187763713,0.083,0.077,0.146,0.087,25.4,20
47,656457,"Gilbert, Tyler",145,32.4,0.083,0,0.1,0.083,0.164,0.273,0.208,1,12,89.2,27.5,2149,92,91.65,4,24,23,-0.3,6.04,109,149,119,147,306,327,295,0.8,-0.8,70.6,6.8,14,10,1,0,0,0,2,14.3,1,7.1,1.7466,0.94447,0.98064,-0.46064,90,197,30,0,0,5.11,2.79,0.12,3.08,0.214,0,-1.774468085,0.321,0.259,1.774468085,-0.125,-0.107,-0.176,-0.109,16.7,16.2
574,682847,"Ortiz, Luis L.",2143,26.8,0.187,0.144,0.233,0.331,0.266,0.306,0.207,26,139,90,20.8,2278,95.9,96.74,58,279,295,0.7999999999999972,6.77,113,148,111,149,308,326,297,5.9,-5.9,70,6.8,154,95,16,5,0,5,44,28.6,14,9.1,1.53575,0.94317,0.94632,-0.13239,91.1,192,41.05263157894737,11.578947368421053,7.142857142857142,4.96,-1.79,0.12,2.69,0.266,11,-1.032055749,0.284,0.42,1.032055749,-0.02,-0.018,-0.089,-0.04,20.8,19.7
2,598286,"Ramirez, Nick",194,1,,,,,,,,,,,,2179,88.3,87,0,0,2,-1.3,5.35,119,153,130,150,307,321,290,-0.1,0.1,,,,,,,,,,,,,1.98,0.94,0.64,-0.64,,,,,,5.83,3.13,0.96,3.9,,0,2.6,,,-2.6,,,,,,31.7
536,543859,"Tonkin, Michael",1419,37.8,0.211,0.146,0.284,0.358,0.317,0.349,0.233,26,123,91.1,22.6,2344,93.2,92.75,66,280,256,-0.5,6.22,111,149,119,150,293,323,289,0.7,-0.7,69.8,6.9,151,79,18,3,0,5,46,30.5,22,14.6,1.70489,0.93935,1.14379,0.10185,90.9,197,37.97468354,10.126582278481013,5.298013245033113,5.22,-3.78,-0.23,2.79,0.344,8,-0.127985075,0.363,0.423,0.127985075,-0.022,-0.019,-0.065,-0.032,23.6,13.6
223,666277,"Soriano, George",519,43,0.167,0.119,0.176,0.286,0.284,0.321,0.22,7,42,87.5,21.5,2124,94.1,94.3,18,92,131,0.20000000000000284,6.38,110,147,120,146,299,320,297,1.4,-1.4,68.9,6.9,53,35,4,2,0,1,8,15.1,7,13.2,1.63628,0.93614,0.74592,0.16807,90.9,194,42.857142857142854,5.714285714285714,3.7735849056603774,5.12,-1.68,0.1,2.84,0.321,2,-0.639461883,0.363,0.337,0.639461883,-0.053,-0.042,-0.051,-0.037,19.6,19.9
4,663562,"Davis, Noah",365,1.1,1,1,1,2,1.254,0.583,0.466,1,1,102.8,19,2355,94.4,93.38,0,1,3,-1,5.33,113,149,131,148,310,341,311,-0.3,0.3,72.4,6.2,1,1,0,1,0,0,0,0,0,0,1.595,0.93,0.575,0.31,102.8,353,100,0,0,5.95,-2.4,0.35,3.98,1,0,7.975,0.466,0.937,-7.975,0.534,0.534,1.063,0.671,0,32.7
43,669912,"Snead, Kirby",196,21.9,0.4,0,0.5,0.4,0.479,0.506,0.419,2,5,87.9,25,2386,92.6,92.12,6,17,26,-0.5,6.08,103,147,119,144,297,324,288,0.3,-0.3,67.8,6.4,8,4,2,0,0,0,1,12.5,3,37.5,1.7386,0.92814,1.32209,-0.66023,91,196,50,0,0,5.24,2.45,0.05,3.15,0.625,0,-0.674418605,0.637,0.483,0.674418605,-0.019,-0.012,-0.083,-0.027,35.3,16.9
127,622608,"Senzatela, Antonio",218,58.3,0.385,0.308,0.381,0.692,0.5,0.503,0.37,10,26,94.5,17.6,2186,94.7,94.8,10,56,71,0.1,6.05,110,145,124,144,305,329,308,-0.9,0.9,70.1,6.7,32,23,7,0,1,2,3,9.4,6,18.8,1.5878,0.9278,0.29992,-0.00638,92.6,160,56.52173913043478,13.043478260869565,9.375,6.17,-2.13,0.2,2.52,0.5,3,0.745669291,0.488,0.722,-0.745669291,0.015,0.012,-0.03,-0.003,17.9,46.9
384,518617,"Diekman, Jake",627,61.2,0.208,0.236,0.217,0.444,0.347,0.337,0.224,15,72,85.6,8.9,2273,94.6,94.4,43,167,217,-0.2,6.47,111,148,118,149,296,322,295,-2.6,2.6,68.4,6.7,92,52,8,2,0,5,23,25,15,16.3,1.65326,0.92315,1.43924,-0.03299,91.1,173,40.38461538461539,7.6923076923076925,4.3478260869565215,5.63,4.03,0.14,2.55,0.352,4,0.670833333,0.369,0.366,-0.670833333,-0.016,-0.017,0.078,0.01,25.7,20.4
4,687145,"Justice, Evan",8,50,,,,,0.689,0.689,,0,0,,,2083,91.8,92.38,0,1,3,0.6000000000000085,6.33,96,150,128,150,301,340,316,-0.1,0.1,70.8,6.6,1,0,0,0,0,0,0,0,1,100,1.76,0.9175,0.5625,0.2875,,,,,0,4.74,1.9,-0.53,2.55,1,0,2.05,1,,-2.05,,0,,0,0,24.3
927,608331,"Fried, Max",2762,33.6,0.266,0.093,0.299,0.36,0.327,0.339,0.271,57,214,84.1,4.3,2221,93.9,94.64,83,456,471,0.6999999999999886,6.56,108,151,119,147,301,322,293,2.7,-2.7,69.4,6.7,253,179,47,5,0,5,38,15,34,13.4,1.65689,0.91503,-0.00539,0.00606,91.1,136,29.608938547486037,4.4692737430167595,3.1620553359683794,6.01,1.17,-0.37,2.84,0.368,8,-0.286839266,0.372,0.381,0.286839266,-0.005,-0.004,-0.021,-0.012,18.2,50.6
273,661527,"Martinez, Seth",838,32.6,0.271,0.153,0.304,0.424,0.35,0.362,0.271,16,59,87.3,18.9,2112,90.8,91.93,22,118,155,1.1000000000000085,7.08,109,149,116,149,293,322,297,4.2,-4.2,69.1,6.8,68,48,11,3,0,2,11,16.2,8,11.8,1.86524,0.91114,0.96967,-0.04901,91.4,183,43.75,10.416666666666668,7.352941176470589,4.44,-2.39,0.07,2.74,0.368,5,-1.534432234,0.368,0.457,1.534432234,0,0,-0.033,-0.012,18.6,10.9
79,678606,"Ferrer, Jose A.",476,16.6,0.235,0.059,0.333,0.294,0.291,0.289,0.184,4,17,93.4,2.8,2145,98.3,97.86,12,47,32,-0.4,6.14,106,148,118,146,301,321,293,3,-3,68.1,6.6,23,12,3,1,0,0,7,30.4,3,13,1.45747,0.91089,1.1581,-0.67177,90.4,169,33.33333333333333,0,0,5.98,2.71,-0.29,2.74,0.348,0,-3.796202532,0.352,0.209,3.796202532,0.051,-0.004,0.085,0.002,25.5,37
84,573186,"Stroman, Marcus",2667,3.1,0.455,0.182,0.714,0.636,0.55,0.458,0.285,5,11,78.8,16.1,2300,89.9,89.19,7,27,57,-0.7,5.83,111,150,119,151,291,323,285,-1.9,1.9,70.6,6.7,17,7,3,2,0,0,4,23.5,4,23.5,1.91143,0.90774,0.54107,0.11774,90.2,192,28.57142857142857,0,0,5.27,-0.98,0.32,2.65,0.647,0,2.252380952,0.537,0.472,-2.252380952,0.17,0.10999999999999999,0.164,0.092,25.9,32.9
57,657053,"Toussaint, Touki",491,11.6,0.5,0.125,0.667,0.625,0.542,0.39,0.284,4,8,89.9,15.2,2210,91.6,93.03,3,12,45,1.4000000000000057,7.05,106,148,122,147,294,325,294,-1.5,1.5,70.7,7.2,11,6,3,1,0,0,2,18.2,3,27.3,1.80351,0.90702,0.76439,0.08193,91.8,195,33.33333333333333,0,0,5.47,-2.09,-0.37,2.76,0.636,0,2.60877193,0.479,0.356,-2.60877193,0.216,0.15700000000000003,0.269,0.152,25,29
89,641771,"Kuhl, Chad",980,9.1,0.231,0.154,0.6,0.385,0.261,0.17,0.119,3,13,92.5,19.2,2203,95,95.15,10,32,57,0.1,6.42,110,148,119,149,292,324,297,-3,3,69.5,6.6,13,5,1,2,0,0,8,61.5,0,0,1.62506,0.90652,1.16528,-0.39202,91,225,40,20,7.6923076923076925,5.33,-2.63,-0.19,3.08,0.231,1,3.314606742,0.119,0.287,-3.314606742,0.112,0.11200000000000002,0.098,0.091,31.3,22.4
387,592866,"Williams, Trevor",1064,36.4,0.196,0.075,0.253,0.271,0.231,0.259,0.192,21,107,91,17.6,2189,88.9,90.06,40,225,162,1.1999999999999886,6.81,112,147,118,148,302,326,297,12.3,-12.3,70.3,6.7,117,80,16,3,1,1,29,24.8,8,6.8,1.96049,0.90501,0.39972,-0.05407,91.3,180,43.75,8.75,5.982905982905983,5.02,-2.24,0.03,2.52,0.248,7,-3.186821705,0.252,0.315,3.186821705,0.004,-0.004,-0.044,-0.028,17.8,17.8
5,527054,"Teheran, Julio",68,7.4,,,,,,,,,,,,2391,90.9,90.66,0,1,4,-0.2,6.26,113,149,126,152,325,331,307,-0.1,0.1,65.4,6.1,,,,,,,,,,,1.868,0.904,0.672,-0.328,88,246,,,,4.99,-2.57,-0.47,3.89,,0,2.2,,,-2.2,,,,,0,16.8
39,669622,"Bender, Anthony",954,4.1,0.4,0,0.4,0.4,0.414,0.387,0.322,2,5,74.7,22.2,2322,94.6,94.09,2,19,20,-0.5,6,106,147,121,150,291,320,305,-1,1,68.8,6.5,6,5,2,0,0,0,0,0,0,0,1.64821,0.90205,0.48333,-0.40436,88.8,179,20,0,0,5.6,-1.55,0.11,3.31,0.5,0,2.597435897,0.435,0.416,-2.597435897,0.078,0.065,-0.016,0.027,10.5,21.9
20,663765,"Woodford, Jake",618,3.2,0,0,0,0,0,0.362,0.16,0,1,85.6,12,2201,91.2,91.68,0,7,13,0.5,6.44,113,147,113,147,300,326,297,-0.3,0.3,68.7,6.6,2,2,0,0,0,0,0,0,0,0,1.832,0.8965,0.4845,-0.0345,94.6,188,50,0,0,5.4,-2.3,0.26,3.19,0,0,1.505,0.329,0.16,-1.505,-0.16,-0.329,-0.16,-0.362,0,32.2
1198,690986,"Harrison, Kyle",2078,57.7,0.249,0.175,0.305,0.425,0.328,0.327,0.241,71,285,91.7,18.1,2203,92.5,93.15,136,591,607,0.5999999999999943,6.75,108,149,122,148,296,321,293,7.3,-7.3,69.4,6.7,321,208,44,15,1,11,79,24.6,29,9,1.77602,0.89619,1.22424,-0.76865,92,188,49.519230769230774,11.057692307692307,7.165109034267912,4.91,1.87,0.35,3.03,0.327,23,-0.60951586,0.321,0.424,0.60951586,0.008,0.006,0.001,0.001,23,26
436,471911,"Carrasco, Carlos",1693,25.8,0.337,0.217,0.342,0.554,0.41,0.377,0.318,31,92,89,14.1,2179,91.6,92.33,29,198,238,0.7000000000000028,6.59,113,148,120,149,297,318,299,-8.1,8.1,70.6,6.9,102,83,20,6,1,4,9,8.8,10,9.8,1.81706,0.88814,0.28072,-0.05678,91.6,164,37.34939759036144,7.228915662650602,5.882352941,5.95,-1.23,0.02,2.49,0.402,6,1.850458716,0.385,0.484,-1.850458716,0.019,0.017000000000000015,0.07,0.033,14.6,37
834,694973,"Skenes, Paul",2125,39.2,0.23,0.12,0.361,0.351,0.286,0.269,0.201,44,191,91,13.5,2244,98.8,99,102,422,412,0.20000000000000284,6.43,113,148,112,149,305,325,296,5.9,-5.9,68.4,6.7,210,113,31,8,0,5,79,37.6,16,7.6,1.45312,0.88613,1.19748,-0.12403,91.4,185,48.67256637168141,8.849557522123893,4.761904761904762,5.7,-2.26,0.1,2.64,0.295,10,-0.705395683,0.271,0.331,0.705395683,0.029,0.023999999999999966,0.02,0.017,24.2,24.5
46,676428,"Hurter, Brant",645,7.1,0,0,0,0,0.069,0.256,0.179,0,8,88.6,10.4,2081,92.1,91.94,8,23,23,-0.2,6.07,112,149,118,143,301,330,286,1.4,-1.4,66.5,6.4,10,5,0,0,0,0,4,40,1,10,1.79348,0.8837,0.52587,-0.43804,92,157,40,20,10,5.91,3.11,0.53,3.33,0.1,1,-3.045652174,0.259,0.287,3.045652174,-0.179,-0.159,-0.287,-0.187,34.8,30.8
192,613534,"Adams, Austin",805,23.9,0.263,0.579,0.125,0.842,0.477,0.39,0.21,5,19,88.9,27.1,2666,93.4,92.74,17,71,121,-0.7,5.84,111,147,116,150,299,321,299,0.4,-0.4,70,6.7,24,19,0,2,0,3,1,4.2,3,12.5,1.72677,0.88109,0.62401,0.05703,90.5,186,42.10526315789473,10.526315789473683,8.333333333333332,5.22,-3.47,0.04,2.9,0.375,2,-0.2140625,0.349,0.566,0.2140625,0.053,0.026000000000000023,0.276,0.087,23.9,11.5
5,656234,"Bird, Jake",684,0.7,1,0,1,1,0.882,0.663,0.669,1,1,99.8,15,2026,94.7,94.32,0,2,3,-0.4,5.98,111,147,122,148,303,327,299,-0.3,0.3,63.3,5.8,1,1,1,0,0,0,0,0,0,0,1.662,0.874,0.668,-0.08,93.9,277,100,0,0,5.45,-2.25,0.06,2.69,1,0,6.94,0.669,0.893,-6.94,0.331,0.33099999999999996,0.107,0.219,0,21.9
806,450203,"Morton, Charlie",2791,28.9,0.281,0.236,0.344,0.517,0.379,0.371,0.274,50,178,92.1,17.4,2249,94.1,93.9,72,374,432,-0.2,6.17,115,149,121,149,299,322,297,-11.1,11.1,69.7,6.8,204,130,25,16,1,8,49,24,23,11.3,1.70177,0.87395,1.13522,-0.17897,92.1,207,49.23076923076923,13.846153846153847,8.823529411764707,5.51,-2.5,0.07,2.75,0.368,18,1.373573201,0.362,0.498,-1.373573201,0.007,0.006,0.019,0.008,19.3,21.6
97,607481,"Bummer, Aaron",974,10,0.192,0.038,0.313,0.231,0.252,0.255,0.186,5,26,85.1,19.2,2302,93.6,93.78,12,49,48,0.20000000000000284,6.3,113,150,118,146,302,322,292,2.2,-2.2,66.5,6.4,30,16,4,1,0,0,10,33.3,3,10,1.72464,0.86866,0.9268,-0.42825,90.8,194,25,6.25,3.3333333333333335,5.06,2.23,-0.26,2.62,0.3,1,-2.292783505,0.294,0.25,2.292783505,0.006,0.006,-0.019,-0.003,24.5,5.3
584,605463,"Scott, Tayler",1203,48.5,0.144,0.154,0.172,0.298,0.26,0.269,0.171,15,104,89,21.5,2128,92.7,91.41,72,254,330,-1.3,5.81,109,149,114,149,293,321,295,10.3,-10.3,68.8,6.8,125,68,8,2,1,4,38,30.4,18,14.4,1.81455,0.86836,1.32606,0.10055,90.9,186,42.64705882352941,4.411764705882353,2.4,4.85,-3.63,-0.11,3.23,0.272,3,-1.763184932,0.298,0.282,1.763184932,-0.027,-0.026,0.016,-0.009,28.3,14.1
3,621199,"Bowman, Matt",497,0.6,0,0,0,0,0,0.286,0.318,0,1,96.4,-4,2057,92.4,93.43,0,1,2,1,6.73,117,148,127,152,294,324,293,0.1,-0.1,66.1,6.2,1,1,0,0,0,0,0,0,0,0,1.79,0.86667,0.66,-0.17333,96.4,31,100,0,0,5.7,-3.2,-0.28,3.78,0,0,-2.266666667,0.318,0.32,2.266666667,-0.318,-0.318,-0.32,-0.286,0,35.6
21,650895,"Castillo, Diego",177,11.9,0.4,0,0.5,0.4,0.353,0.252,0.274,2,5,93.1,13.5,2017,95.9,94.83,1,11,10,-1.1,5.68,114,147,125,151,298,329,294,-0.1,0.1,70,6.9,5,4,2,0,0,0,1,20,0,0,1.61762,0.86571,0.83952,-0.23,92.8,186,50,0,0,5.72,-1.41,0.53,2.15,0.4,0,0.504761905,0.274,0.309,-0.504761905,0.126,0.126,0.091,0.101,9.1,30.2
5,701643,"Hartwig, Grant",118,4.2,0,0,0,0,0.345,0.371,0.057,0,1,80.4,-22,2244,95.4,95.12,1,2,3,-0.3,6.22,116,147,125,149,297,314,292,0.2,-0.2,70.8,7.3,2,1,0,0,0,0,0,0,1,50,1.648,0.864,0.96,-0.568,88,7,0,0,0,4.73,-1.92,0.27,2.51,0.5,0,-4.82,0.528,0.057,4.82,-0.057,-0.028,-0.057,-0.026,50,13.1
209,605130,"Barlow, Scott",1022,20.5,0.308,0.103,0.324,0.41,0.362,0.4,0.362,12,39,93,2.3,2388,91.4,92.74,15,85,124,1.2999999999999972,6.91,112,149,120,148,297,318,297,-0.6,0.6,70.6,7,45,35,10,1,0,1,4,8.9,5,11.1,1.85211,0.86029,0.19015,0.00741,93,141,51.42857142857142,2.857142857142857,2.2222222222222223,5.3,-1.81,0.07,2.65,0.4,1,0.280382775,0.447,0.459,-0.280382775,-0.054,-0.047,-0.049,-0.038,17.6,28.7
47,663773,"Hoeing, Bryan",782,6,0.2,0.2,0.231,0.4,0.322,0.409,0.31,3,15,95.9,7.5,2038,94.3,94.93,5,25,22,0.6000000000000085,6.65,107,149,119,147,298,320,295,-0.2,0.2,70.3,6.7,18,13,1,1,1,0,2,11.1,3,16.7,1.70383,0.85957,0.91128,0.5883,93.8,179,69.23076923076923,7.6923076923076925,5.555555555555555,6.06,-2.18,0.14,2.91,0.333,1,0.361702128,0.425,0.522,-0.361702128,-0.11,-0.092,-0.122,-0.087,20,33
442,668338,"Miller, Tyson",934,47.3,0.218,0.138,0.288,0.356,0.283,0.318,0.244,19,87,92.8,17.8,2169,89.6,91.32,62,220,222,1.7000000000000028,7.28,114,151,117,151,300,325,293,6.4,-6.4,68.8,6.6,95,61,11,6,0,2,26,27.4,6,6.3,1.98296,0.85267,0.17034,0.02405,91.5,188,49.18032786885246,11.475409836065573,7.368421052631578,4.68,-3.73,0.08,3.02,0.284,7,-1.448190045,0.308,0.424,1.448190045,-0.026,-0.024,-0.068,-0.035,28.2,19.1
9,607200,"Fedde, Erick",2891,0.3,0.5,0,0.5,0.5,0.524,0.512,0.448,1,2,83,-1.5,2043,92.9,93.78,0,4,5,0.8999999999999915,6.71,109,144,116,146,301,321,292,-1,1,67.9,6.6,3,2,1,0,0,0,0,0,1,33.3,1.77778,0.85111,0.24889,0.08889,89.6,168,0,0,0,6.01,-1.25,-0.66,2.66,0.667,0,11.56666667,0.632,0.497,-11.56666667,0.052,0.035,0.003,0.012,0,40.6
38,573009,"Mantiply, Joe",867,4.4,0.2,0,0.25,0.2,0.323,0.281,0.128,1,5,75,-13.3,2146,89.4,89.3,4,16,22,-0.1,6.37,109,150,119,146,304,317,292,-0.1,0.1,66.6,6.6,7,4,1,0,0,0,1,14.3,2,28.6,2.01711,0.84947,1.15658,-1.15658,88.6,119,0,0,0,5.12,3.29,-0.06,3.25,0.429,0,0.152631579,0.377,0.147,-0.152631579,0.072,0.052,0.053,0.042,25,15.1
1064,519242,"Sale, Chris",2815,37.8,0.281,0.162,0.415,0.443,0.336,0.301,0.24,59,210,91.8,12.8,2240,94.8,95.06,124,515,549,0.29999999999999716,6.55,109,152,118,147,302,322,292,3.8,-3.8,68.4,6.6,229,136,37,15,2,5,76,33.2,15,6.6,1.70175,0.84764,1.24029,-0.86965,91.2,195,45.588235294117645,10.294117647058822,6.113537118,5.21,3.05,0.1,2.98,0.333,14,-0.354323308,0.297,0.387,0.354323308,0.041,0.036,0.056,0.035,24.1,12.6
278,676092,"Snider, Collin",676,41.1,0.211,0.088,0.314,0.298,0.283,0.291,0.211,12,57,84.6,15.3,2577,94.2,94.1,46,146,132,-0.1,6.05,111,149,115,148,287,315,289,0.3,-0.3,67.2,6.3,66,36,9,2,0,1,21,31.8,9,13.6,1.70568,0.84629,0.21088,0.01912,90.4,184,33.33333333333333,5.555555555555555,3.0303030303030303,5.22,-3.23,0.16,3.13,0.318,2,-0.11294964,0.319,0.315,0.11294964,0,-0.001,-0.017,-0.008,31.5,18.4
6,676254,"Walker, Ryan",1221,0.5,0,0,,0,0.36,0.36,,0,1,,,2310,94.2,94.67,1,1,5,0.5,6.58,122,149,124,152,286,314,300,-0.4,0.4,74.9,7.7,2,0,0,0,0,0,1,50,0,0,1.72833,0.84333,0.54333,-0.26333,,,,,0,5.27,-3.44,1.39,3.47,0.5,0,6.316666667,0.5,,-6.316666667,,0,,0,100,17.8
1,656814,"Ortiz, Luis F.",10,10,,,,,,,,,,,,2047,92.5,91.1,0,1,0,-1.4,5.6,86,145,119,142,303,323,282,0.1,-0.1,,,,,,,,,,,,,1.84,0.84,1.27,1.27,88,182,,,,6.24,-2.31,-1.08,3.27,,,-6.3,,,6.3,,,,,0,37.1
170,657277,"Webb, Logan",3201,5.3,0.179,0.051,0.389,0.231,0.214,0.252,0.211,7,39,92,19.1,2071,92.6,93.92,24,73,97,1.3000000000000114,6.94,113,147,123,152,292,324,301,-1.3,1.3,66.7,6.3,42,18,5,2,0,0,21,50,3,7.1,1.807,0.83941,0.68571,-0.409,91.6,198,50,0,0,5.08,-1.35,-0.4,3.47,0.238,0,0.788235294,0.267,0.295,-0.788235294,-0.032,-0.029,-0.064,-0.038,32.9,24.6
133,681982,"Anderson, Grant",483,27.5,0.344,0.75,0.214,1.094,0.603,0.462,0.284,11,32,93.5,31,2357,92.2,92.1,24,70,63,-0.1,6.31,117,146,121,152,293,320,298,-11.1,11.1,70,6.9,35,22,3,0,0,8,10,28.6,3,8.6,1.85459,0.83519,1.13444,-0.96286,93.6,218,50,27.27272727272727,17.142857142857142,4.33,-2.67,0.07,2.91,0.4,6,8.332330827,0.345,0.778,-8.332330827,0.06,0.055,0.316,0.141,34.3,0.1
78,595881,"Beede, Tyler",265,29.4,0.4,0.4,0.455,0.8,0.534,0.346,0.276,6,15,85.2,3.5,1858,93.7,93.87,5,32,46,0.20000000000000284,6.4,112,148,123,148,294,316,294,-3.5,3.5,71.4,6.9,19,13,3,1,1,1,3,15.8,3,15.8,1.76692,0.83282,1.13551,-0.05577,91,182,38.46153846153847,0,0,5.41,-1.84,0.15,2.35,0.5,0,4.535897436,0.396,0.357,-4.535897436,0.124,0.10399999999999998,0.443,0.188,15.6,31.1
801,666157,"Lodolo, Nick",1864,43,0.241,0.167,0.289,0.407,0.33,0.316,0.23,39,162,88.7,17.5,2347,94.1,93.65,80,348,453,-0.4,6.21,109,149,119,147,298,320,286,-3.4,3.4,70.1,6.8,186,120,24,9,0,6,42,22.6,22,11.8,1.77247,0.81965,1.44169,-0.95931,91,185,36.666666666666664,8.333333333333332,5.376344086021505,5.55,3.55,-0.17,2.73,0.339,10,0.429213483,0.329,0.382,-0.429213483,0.011,0.010000000000000009,0.025,0.014,23,18.4
319,605513,"Turnbull, Spencer",916,34.8,0.28,0.173,0.316,0.453,0.365,0.39,0.291,21,75,89,10.8,2499,92,92.13,25,154,165,0.1,6.22,112,148,114,150,292,323,292,0,0,70,6.9,87,60,14,4,0,3,15,17.2,12,13.8,1.88034,0.80088,0.03204,0.00431,91.5,161,45,8.333333333333332,5.747126436781609,5.78,-1.59,0.26,2.61,0.379,5,0.011598746,0.389,0.509,-0.011598746,-0.011,-0.01,-0.056,-0.025,16.2,25.5
108,663969,"Phillips, Tyler",578,18.7,0.219,0.094,0.222,0.313,0.229,0.343,0.302,7,32,81.8,20.1,2313,92.7,92.87,15,70,38,0.20000000000000284,6.28,112,148,115,150,294,324,295,3.2,-3.2,71.3,7,32,28,6,0,0,1,4,12.5,0,0,1.84759,0.79509,0.25617,-0.04364,91,148,21.428571428571427,7.142857142857142,6.25,5.97,-1.2,0.66,2.62,0.219,2,-2.940740741,0.302,0.496,2.940740741,-0.083,-0.083,-0.183,-0.114,21.4,30.4
74,676680,"Cosgrove, Tom",323,22.9,0.412,0.235,0.6,0.647,0.454,0.232,0.218,7,17,84,7.9,2397,90.3,89.65,10,44,30,-0.6,5.9,112,149,118,149,297,323,295,-4,4,68.1,6.5,18,11,5,1,0,1,6,33.3,0,0,2.0077,0.79459,0.41581,-0.1023,90.4,165,36.36363636363637,0,0,4.88,2.57,-0.14,3.07,0.412,0,5.464864865,0.218,0.319,-5.464864865,0.194,0.19399999999999998,0.328,0.222,22.7,14.8
989,669467,"Pallante, Andre",1978,50,0.23,0.067,0.246,0.297,0.294,0.329,0.257,48,209,89.6,-5.7,2246,94.5,95.33,75,464,525,0.7999999999999972,6.63,114,146,111,149,300,319,302,8,-8,70.4,6.7,245,187,40,5,0,3,23,9.4,35,14.3,1.75211,0.78902,0.00773,0.00769,92.4,101,43.85026737967914,2.6737967914438503,2.0408163265306123,6.01,-1.79,0.21,2.31,0.34,5,-0.805763397,0.365,0.357,0.805763397,-0.027,-0.025,-0.06,-0.035,16.2,58.2
27,528748,"Castellanos, Humberto",186,14.5,0,0,0,0,0,0.113,0.119,0,6,80.3,35,2039,89.5,89.43,4,14,13,-0.1,6.24,107,147,126,150,284,307,293,2.1,-2.1,67.1,6.4,6,3,0,0,0,0,3,50,0,0,2.05963,0.7863,0.39148,-0.27593,89.3,178,33.33333333333333,0,0,4.8,-2.74,0.14,3.2,0,0,-7.803703704,0.119,0.136,7.803703704,-0.119,-0.119,-0.136,-0.113,28.6,19.1
107,621016,"Cuas, Jose",319,33.5,0.25,0.167,0.333,0.417,0.354,0.415,0.253,6,24,96.3,23.4,2371,91.6,91.71,19,56,51,0.10000000000000853,6.46,113,148,123,152,298,324,297,-1,1,70.7,6.8,29,16,4,1,0,1,8,27.6,5,17.2,1.94252,0.7857,0.90505,-0.39234,92.6,205,56.25,25,13.793103448275861,4.23,-4.4,-0.24,3.07,0.379,4,0.898130841,0.382,0.603,-0.898130841,-0.003,-0.003,-0.186,-0.061,33.9,3
193,688297,"Roycroft, Chris",596,32.4,0.158,0.026,0.261,0.184,0.23,0.217,0.133,6,38,80.3,17.5,2209,95,96.58,29,88,105,1.5999999999999943,7.01,113,144,112,149,298,315,298,1.7,-1.7,66.9,6.4,49,23,5,1,0,0,18,36.7,5,10.2,1.72492,0.78487,0.3885,-0.19824,89.4,171,13.043478260869565,0,0,5.32,-2.87,0.1,3.18,0.286,0,-0.862694301,0.268,0.164,0.862694301,0.025,0.018,0.02,0.013,33,22
326,642232,"Yarbrough, Ryan",1514,21.5,0.196,0.179,0.19,0.375,0.305,0.342,0.24,11,56,86.3,8.5,1876,86.5,86.39,21,128,198,-0.1,6.34,111,149,118,150,287,313,292,5.4,-5.4,66.4,6.4,66,46,7,1,0,3,11,16.7,8,12.1,2.2808,0.78242,1.26025,0.06331,90.8,172,34.78260869565217,13.043478260869565,9.090909090909092,5.21,3.13,-0.1,2.94,0.308,6,-1.667791411,0.345,0.431,1.667791411,-0.044,-0.037,-0.056,-0.037,16.4,16.5
30,666207,"Pint, Riley",102,29.4,0.333,0,0.5,0.333,0.458,0.324,0.072,1,3,90,5.5,2282,94.9,96.38,2,4,26,1.5,6.76,103,148,121,148,301,334,301,-0.6,0.6,73.5,7,5,2,1,0,0,0,1,20,1,20,1.72933,0.767,0.39767,-0.071,92.3,146,50,0,0,5.55,-1.89,0.28,2.86,0.6,0,1.863333333,0.443,0.093,-1.863333333,0.261,0.15699999999999997,0.24,0.134,50,26.8
317,681432,"Little, Luke",438,72.4,0.219,0.094,0.26,0.313,0.307,0.306,0.212,14,64,87.3,-4.5,2241,95.8,97.64,23,121,196,1.7999999999999972,7.25,113,150,116,151,296,322,295,4.2,-4.2,69.7,6.7,79,51,10,3,0,1,14,17.7,14,17.7,1.72095,0.75726,0.75798,-0.05464,91.7,118,43.13725490196079,3.9215686274509802,2.5316455696202533,5.55,2.91,-0.09,2.69,0.354,2,-1.310725552,0.35,0.31,1.310725552,0.007,0.004,0.003,0.001,19,27.5
6,666619,"Santos, Gregory",112,5.4,0.5,0,1,0.5,0.534,0.392,0.25,1,2,103.8,1,2437,96.6,97.12,2,3,3,0.5,6.52,115,152,121,151,283,305,288,-1,1,71.4,6.7,3,1,1,0,0,0,1,33.3,0,0,1.69333,0.74167,0.52,0.16667,103.8,78,100,0,0,5.88,-1.35,-0.18,3.15,0.667,0,17.11666667,0.5,0.274,-17.11666667,0.25,0.16700000000000004,0.226,0.142,66.7,35.4
14,691172,"Zulueta, Yosver",286,4.9,0,0,,0,0,0,,0,1,,,2196,95.8,95.67,1,2,12,-0.1,6.02,118,150,130,151,288,317,290,-0.2,0.2,56.5,5.1,1,0,0,0,0,0,1,100,0,0,1.74357,0.72214,0.77,-0.13143,88,277,,,0,5.91,-1.39,0.43,3.62,0,0,1.728571429,,,-1.728571429,,,,0,50,30.5
219,670167,"Schreiber, John",895,24.5,0.243,0.135,0.391,0.378,0.349,0.33,0.238,9,37,87.8,16.2,2108,92.9,93.5,17,85,134,0.5999999999999943,6.56,110,147,116,148,298,322,293,0.5,-0.5,65.9,6.4,46,23,4,5,0,0,14,30.4,8,17.4,1.91699,0.71763,0.95799,0.16904,90.9,184,34.78260869565217,8.695652173913043,4.3478260869565215,4.39,-2.48,0.15,2.76,0.391,2,-0.245205479,0.387,0.317,0.245205479,0.005,0.004,0.061,0.019,20,11.7
33,623474,"Herget, Jimmy",189,17.5,0.429,0.571,0.4,1,0.609,0.562,0.38,3,7,91.5,28.2,2339,92.2,90.25,3,16,17,-1.9,5.14,116,149,126,150,290,318,298,-1.7,1.7,71.4,7,8,6,1,1,0,1,1,12.5,1,12.5,1.97,0.71576,1.28091,-0.71727,91.9,243,50,33.33333333333333,25,5.2,-2.05,-0.25,3.14,0.5,2,5.248484848,0.457,0.933,-5.248484848,0.049,0.043,0.067,0.047,18.8,5.2
3,686790,"McDonald, Trevor",39,7.7,0,0,0,0,0,0.214,0.22,0,1,70.3,-54,1990,93.6,94.6,0,2,1,1,6.6,125,151,136,152,280,317,301,0.2,-0.2,65.9,6.1,1,1,0,0,0,0,0,0,0,0,1.88,0.69333,1.09667,-0.45,88,109,0,0,0,5.18,-1.62,-0.99,3.64,0,0,-5.066666667,0.22,0.22,5.066666667,-0.22,-0.22,-0.22,-0.214,0,32.9
8,679156,"Pennington, Walter",330,2.4,,,,,,,,,,,,2249,90.4,89.8,2,4,4,-0.6,5.76,100,124,98,123,274,299,284,0.3,-0.3,67.6,6.6,,,,,,,,,,,2.0875,0.69,0.7,-0.1325,88,97,,,,5.77,3.27,0.08,2.16,,0,-3.95,,,3.95,,,,,50,27.8
111,666974,"Cano, Yennier",1008,11,0.125,0,0.2,0.125,0.165,0.238,0.182,2,16,96.6,26.5,2284,96.6,95.93,16,52,59,-0.7,6.04,116,148,119,149,298,325,299,2.5,-2.5,68.8,6.6,19,10,2,0,0,0,7,36.8,2,10.5,1.78027,0.6755,1.2282,-0.2318,90.8,209,50,0,0,5.4,-2.21,0.32,3.03,0.211,0,-2.221621622,0.275,0.23,2.221621622,-0.057,-0.064,-0.105,-0.073,30.8,15.8
231,641712,"Hudson, Dakota",1512,15.3,0.302,0.208,0.289,0.509,0.423,0.408,0.297,16,53,89.7,15,2115,89.9,90.35,7,89,142,0.5,6.28,112,148,118,148,302,332,302,-8.2,8.2,69.9,6.7,68,48,11,2,0,3,5,7.4,13,19.1,2.13035,0.66221,0.45182,-0.04333,92,187,33.33333333333333,8.333333333333332,5.882352941,6.14,-2.25,-0.19,2.83,0.456,4,3.551948052,0.452,0.465,-3.551948052,0.005,0.004,0.044,0.015,7.9,35.8
22,677976,"Dobnak, Randy",183,12,0.5,0,0.5,0.5,0.524,0.429,0.323,1,2,97.6,25,2086,93.3,92.06,0,5,17,-1.2,5.46,112,148,116,150,292,322,295,-0.6,0.6,69.4,6.4,3,2,1,0,0,0,0,0,1,33.3,1.96136,0.64955,1.16727,-0.56455,91.8,249,50,0,0,5.6,-1.93,-0.12,3.19,0.667,0,2.686363636,0.549,0.367,-2.686363636,0.177,0.118,0.133,0.095,0,21.8
22,685116,"Kitchen, Austin",158,13.9,0,0,0,0,0.138,0.25,0.146,0,4,93.1,13,1943,90.7,90.37,1,9,13,-0.3,5.75,116,150,124,148,307,333,305,0.4,-0.4,67.6,6.7,5,3,0,0,0,0,1,20,1,20,2.10818,0.63227,1.025,-0.23591,93.9,106,66.66666666666666,0,0,5.57,1.49,-0.14,3.07,0.2,0,-1.704545455,0.317,0.192,1.704545455,-0.146,-0.117,-0.192,-0.112,11.1,27.1
13,667463,"King, John",857,1.5,0,0,,0,0,0,,0,1,,,2225,93.7,93.68,1,7,6,0,6.12,113,149,122,149,305,323,299,0.4,-0.4,69.7,6.7,1,0,0,0,0,0,1,100,0,0,1.96692,0.61615,0.95077,0.24769,89.3,172,,,0,5.44,1.9,0,2.69,0,0,-2.7,,,2.7,,,,0,14.3,28.1
131,643256,"Cimber, Adam",416,31.5,0.292,0.083,0.35,0.375,0.358,0.416,0.342,7,24,90.1,12.4,2267,85,85.14,8,63,68,0.1,6.55,110,146,123,151,302,327,303,-3.4,3.4,69.7,6.7,29,20,5,2,0,0,4,13.8,4,13.8,2.57527,0.60092,0.68321,-0.49969,90.1,177,30,10,6.896551724137931,2.42,-4.17,-0.27,2.62,0.414,2,2.564122137,0.456,0.494,-2.564122137,-0.05,-0.042,-0.119,-0.058,12.7,-22.9
100,657044,"Thompson, Ryan",977,10.2,0.2,0.08,0.385,0.28,0.224,0.275,0.228,5,25,89,17.7,2183,92.5,93.37,12,49,51,0.9000000000000057,6.89,112,148,126,150,295,317,296,-1.2,1.2,69.2,6.5,26,13,4,0,1,0,12,46.2,0,0,2.0787,0.5955,0.9786,-0.4122,90.9,183,38.46153846153847,7.6923076923076925,3.8461538461538463,4.07,-3.55,-0.09,3.25,0.231,1,1.202,0.258,0.375,-1.202,-0.028,-0.027,-0.095,-0.051,24.5,-0.5
223,571948,"Milner, Hoby",1043,21.4,0.059,0.078,0.083,0.137,0.116,0.17,0.128,3,51,81.5,19.2,2017,88.8,89.37,29,109,114,0.6000000000000085,6.81,110,150,124,147,301,319,297,7.8,-7.8,66.4,6.3,54,25,1,1,0,1,26,48.1,3,5.6,2.31771,0.59143,1.25709,-0.42578,89.3,165,20,4,1.8518518518518516,4.37,4.12,-0.1,3.17,0.111,1,-3.495067265,0.176,0.195,3.495067265,-0.069,-0.065,-0.058,-0.054,26.6,-1.8
1,571527,"Buchanan, David",58,1.7,0,0,0,0,0,0.069,0.061,0,1,85.4,-26,2032,89.7,89.4,0,1,0,-0.3,5.8,123,148,124,151,282,316,296,0.3,-0.3,68.1,6.3,1,1,0,0,0,0,0,0,0,0,2.22,0.58,0.41,-0.41,88,4,0,0,0,6.17,-2.3,-0.56,2.2,0,0,-29.9,0.061,0.065,29.9,-0.061,-0.061,-0.065,-0.069,0,50.9
6,641835,"Mayza, Tim",731,0.8,1,0,1,1,0.882,0.442,0.491,1,1,79.9,12,2295,91.8,92.45,1,2,4,0.6000000000000085,6.72,120,151,136,152,301,329,293,-0.3,0.3,75.2,7.5,1,1,1,0,0,0,0,0,0,0,2.13667,0.57333,0.13,-0.15667,88,173,0,0,0,6.33,1.57,-0.58,2.09,1,0,5.65,0.491,0.509,-5.65,0.509,0.509,0.491,0.44,50,43.4
131,671111,"Peralta, Sammy",282,46.5,0.265,0.088,0.29,0.353,0.311,0.324,0.258,9,34,89.8,4.8,2156,88.7,89.2,6,59,72,0.5,6.62,109,150,119,148,294,325,294,0.6,-0.6,69.5,6.5,38,31,6,3,0,0,3,7.9,4,10.5,2.32885,0.57244,1.21137,-0.14313,93.9,141,48.38709677419355,6.451612903225806,5.263157894736842,4.8,2.63,-0.12,2.76,0.342,2,-0.445801527,0.336,0.396,0.445801527,0.007,0.006,-0.043,-0.013,10.2,16.1
30,664285,"Valdez, Framber",2598,1.2,0.4,0.6,0.5,1,0.62,0.359,0.199,2,5,74.2,-13,2152,94.5,93.72,3,11,19,-0.8,5.64,104,150,114,145,291,320,293,-1,1,72,6.8,7,3,1,0,0,1,2,28.6,1,14.3,2.02467,0.55167,0.84233,-0.521,89.7,193,33.33333333333333,0,0,5.99,0.6,-0.36,2.63,0.571,0,3.443333333,0.428,0.314,-3.443333333,0.201,0.14299999999999996,0.686,0.261,27.3,42.9
391,621389,"Blach, Ty",1133,34.5,0.371,0.2,0.378,0.571,0.432,0.423,0.34,39,105,89.9,9.9,2016,89.1,87.84,13,180,211,-1.3,5.15,110,150,124,147,306,336,303,-6.1,6.1,70,6.7,117,96,28,6,0,5,10,8.5,9,7.7,2.33744,0.4988,1.09072,-0.60836,93.2,174,40.625,13.541666666666666,11.11111111111111,5.73,2.99,0.09,2.47,0.431,13,1.571355499,0.403,0.586,-1.571355499,0.031,0.028,-0.015,0.009,7.2,21.1
10,664123,"Effross, Scott",55,18.2,1,0,1,1,0.882,0.948,0.937,1,1,105.2,12,2225,89.8,88.65,2,4,6,-1.2,6,116,150,133,152,302,336,301,-0.1,0.1,68,6.7,1,1,1,0,0,0,0,0,0,0,2.474,0.396,1.491,-0.005,93.7,164,100,0,0,3.86,-4.18,0.12,3.5,1,0,0.74,0.937,1.238,-0.74,0.063,0.063,-0.238,-0.066,50,-2.9
256,657612,"Hill, Tim",982,26.1,0.266,0.109,0.34,0.375,0.29,0.254,0.232,17,64,85.7,4.9,2157,90.7,91.19,24,122,134,0.5,6.87,109,150,118,149,294,323,291,-5.4,5.4,68,6.5,68,48,12,4,0,1,17,25,3,4.4,2.46211,0.33813,1.46371,-0.4466,90.9,157,39.58333333333333,2.083333333333333,1.4705882352941175,3.4,3.71,0.15,3.03,0.294,1,2.11015625,0.269,0.283,-2.11015625,0.034,0.024999999999999967,0.092,0.036,19.7,-15
5,519008,"McFarland, T.J.",836,0.6,0,0,0,0,0,0,0.001,0,1,68.1,71,2025,88.5,86.68,0,3,2,-1.8,5.34,105,143,128,151,291,330,305,0.2,-0.2,69.3,7.1,1,1,0,0,0,0,0,0,0,0,2.672,0.256,1.498,0.258,93,89,0,0,0,5.37,2.09,0.15,1.94,0,0,-3.24,0.001,0.001,3.24,-0.001,-0.001,-0.001,0,0,11.9
8,643511,"Rogers, Tyler",1002,0.8,0.5,0,0.5,0.5,0.441,0.476,0.499,1,2,89.1,12,1998,82.7,81.86,0,4,4,-0.8,6.17,108,125,107,127,282,328,304,-0.3,0.3,67.1,6.3,2,2,1,0,0,0,0,0,0,0,4.06125,-0.67375,0.5425,-0.5425,89,148,0,0,0,1.06,-3.86,0.46,2.83,0.5,0,3.175,0.499,0.602,-3.175,0.001,0.001,-0.102,-0.035,0,-64