PitchNo,Date,Time,PAofInning,PitchofPA,Pitcher,PitcherId,PitcherThrows,PitcherTeam,Batter,BatterId,BatterSide,BatterTeam,PitcherSet,Inning,Top/Bottom,Outs,Balls,Strikes,TaggedPitchType,AutoPitchType,PitchCall,KorBB,TaggedHitType,PlayResult,OutsOnPlay,RunsScored,Notes,RelSpeed,VertRelAngle,HorzRelAngle,SpinRate,SpinAxis,Tilt,RelHeight,RelSide,Extension,VertBreak,InducedVertBreak,HorzBreak,PlateLocHeight,PlateLocSide,ZoneSpeed,VertApprAngle,HorzApprAngle,ZoneTime,ExitSpeed,Angle,Direction,HitSpinRate,PositionAt110X,PositionAt110Y,PositionAt110Z,Distance,LastTrackedDistance,Bearing,HangTime,pfxx,pfxz,x0,y0,z0,vx0,vy0,vz0,ax0,ay0,az0,HomeTeam,AwayTeam,Stadium,Level,League,GameID,PitchUID,EffectiveVelo,MaxHeight,MeasuredDuration,SpeedDrop,PitchLastMeasuredX,PitchLastMeasuredY,PitchLastMeasuredZ,ContactPositionX,ContactPositionY,ContactPositionZ,GameUID,UTCDate,UTCTime,LocalDateTime,UTCDateTime,AutoHitType,System,HomeTeamForeignID,AwayTeamForeignID,GameForeignID,Catcher,CatcherId,CatcherThrows,CatcherTeam,PlayID,PitchTrajectoryXc0,PitchTrajectoryXc1,PitchTrajectoryXc2,PitchTrajectoryYc0,PitchTrajectoryYc1,PitchTrajectoryYc2,PitchTrajectoryZc0,PitchTrajectoryZc1,PitchTrajectoryZc2,HitSpinAxis,HitTrajectoryXc0,HitTrajectoryXc1,HitTrajectoryXc2,HitTrajectoryXc3,HitTrajectoryXc4,HitTrajectoryXc5,HitTrajectoryXc6,HitTrajectoryXc7,HitTrajectoryXc8,HitTrajectoryYc0,HitTrajectoryYc1,HitTrajectoryYc2,HitTrajectoryYc3,HitTrajectoryYc4,HitTrajectoryYc5,HitTrajectoryYc6,HitTrajectoryYc7,HitTrajectoryYc8,HitTrajectoryZc0,HitTrajectoryZc1,HitTrajectoryZc2,HitTrajectoryZc3,HitTrajectoryZc4,HitTrajectoryZc5,HitTrajectoryZc6,HitTrajectoryZc7,HitTrajectoryZc8,ThrowSpeed,PopTime,ExchangeTime,TimeToBase,CatchPositionX,CatchPositionY,CatchPositionZ,ThrowPositionX,ThrowPositionY,ThrowPositionZ,BasePositionX,BasePositionY,BasePositionZ,ThrowTrajectoryXc0,ThrowTrajectoryXc1,ThrowTrajectoryXc2,ThrowTrajectoryYc0,ThrowTrajectoryYc1,ThrowTrajectoryYc2,ThrowTrajectoryZc0,ThrowTrajectoryZc1,ThrowTrajectoryZc2,PitchReleaseConfidence,PitchLocationConfidence,PitchMovementConfidence,HitLaunchConfidence,HitLandingConfidence,CatcherThrowCatchConfidence,CatcherThrowReleaseConfidence,CatcherThrowLocationConfidence
1,2025-10-31,12:00:53.60,1,1,"Tedesco, Jake",803230,Left,MIA_RED,"Krupinski, Dom",702597,Left,MIA_RED,Undefined,1,Top,0,0,0,Slider,Slider,StrikeCalled,Undefined,Undefined,Undefined,0,0,,79.06358,0.693877,0.940165,2206.340438,323.82785,4:45,6.50276,-1.39383,5.53873,-47.65798,-2.28807,2.72626,3.1799,-0.28786,72.50976,-8.012979,1.426959,0.484792,,,,,,,,,,,,-1.10272,-0.88169,1.31049,50,6.53143,-1.99159,-114.7951,-0.22677,-1.46705,21.84899,-33.34706,MIA_RED,MIA_RED,McKieFieldStad,TeamExclusive,Team,20251031-McKieFieldStad-Private-1,c7bf85f0-b672-11f0-8a07-17c2357ed222,77.74973,,,6.55382,,,,,,,4ba3adc6-5d81-4936-b0af-135018c654d9,2025-10-31,16:00:53.60,2025-10-31T12:00:53.6064512-04:00,2025-10-31T16:00:53.6064512Z,,v3,471355,471355,,,,Undefined,MIA_RED,e1b7e062-5553-4664-b6c5-930e4732c9fa,54.95926,-115.73514,10.9245,6.51033,1.20798,-16.67353,1.39482,-1.92847,-0.73352,,,,,,,,,,,,,,,,,,,,,,,,,,,,,,,,,,,,,,,,,,,,,,,,,,,High,High,High,,,,,
2,2025-10-31,12:01:10.56,1,2,"Tedesco, Jake",803230,Left,MIA_RED,"Krupinski, Dom",702597,Left,MIA_RED,Undefined,1,Top,0,0,1,Fastball,Four-Seam,StrikeCalled,Undefined,Undefined,Undefined,0,0,,91.82062,-3.28187,3.011082,2194.384945,143.909191,10:45,6.37297,-0.80704,6.50014,-13.06548,19.68832,-13.5178,2.26445,0.83274,83.28624,-5.835626,0.560731,0.41191,,,,,,,,,,,,7.94697,11.61682,0.60155,50,6.1368,-6.44545,-133.0533,-7.93213,14.12731,30.76847,-11.52284,MIA_RED,MIA_RED,McKieFieldStad,TeamExclusive,Team,20251031-McKieFieldStad-Private-1,d1ec59e0-b672-11f0-8a07-17c2357ed222,91.50646,,,8.53438,,,,,,,4ba3adc6-5d81-4936-b0af-135018c654d9,2025-10-31,16:01:10.56,2025-10-31T12:01:10.5648128-04:00,2025-10-31T16:01:10.5648128Z,,v3,471355,471355,,,,Undefined,MIA_RED,99fcb3a8-3495-417b-9e58-6607c20287cb,53.99616,-133.97422,15.38423,6.36906,-7.58724,-5.76142,0.80079,-6.86829,7.06366,,,,,,,,,,,,,,,,,,,,,,,,,,,,,,,,,,,,,,,,,,,,,,,,,,,High,High,High,,,,,
3,2025-10-31,12:01:31.86,1,3,"Tedesco, Jake",803230,Left,MIA_RED,"Krupinski, Dom",702597,Left,MIA_RED,Undefined,1,Top,0,0,2,Slider,Slider,StrikeSwinging,Strikeout,Undefined,Undefined,0,0,,81.93035,-0.987011,1.259924,2352.072222,320.66687,4:45,6.64696,-1.17021,5.16567,-44.31617,-1.27713,2.2124,2.02472,0.20011,75.02021,-9.015057,1.65256,0.472175,,,,,,,,,,,,-0.72614,0.09929,1.05101,50,6.52117,-2.70702,-118.80975,-3.67821,-1.03088,24.2077,-32.03308,MIA_RED,MIA_RED,McKieFieldStad,TeamExclusive,Team,20251031-McKieFieldStad-Private-1,dea4bab0-b672-11f0-8a07-17c2357ed222,79.82731,,,6.91014,,,,,,,4ba3adc6-5d81-4936-b0af-135018c654d9,2025-10-31,16:01:31.86,2025-10-31T12:01:31.8610000-04:00,2025-10-31T16:01:31.8610000Z,,v3,471355,471355,,,,Undefined,MIA_RED,fee5197b-f444-42a2-867e-9be4bf745e8b,55.33167,-119.89117,12.10385,6.65352,-2.24722,-16.01654,1.17091,-2.66097,-0.51544,,,,,,,,,,,,,,,,,,,,,,,,,,,,,71.18297,2.925424,1.988608,0.936816,-0.89655,1.64982,-0.26719,-1.57025,4.62834,-3.9002,74.34778,7.33435,-50.42789,-1.53847,85.63343,-4.93726,4.655,15.75724,-13.76307,-3.96157,-56.11358,6.94517,High,High,High,,,High,High,High
4,2025-10-31,12:01:57.87,2,1,"Tedesco, Jake",803230,Left,MIA_RED,"Kirtley, Ryder",827333,Right,MIA_RED,Undefined,1,Top,1,0,0,Fastball,Four-Seam,StrikeCalled,Undefined,Undefined,Undefined,0,0,,92.26118,-4.29746,2.327141,2167.491003,155.164657,11:15,6.48333,-1.02752,6.41969,-9.92772,22.70789,-9.96934,1.69488,0.28211,83.57298,-6.278458,0.522085,0.411166,,,,,,,,,,,,5.86831,13.46146,0.86542,50,6.17089,-5.00826,-133.55407,-10.20997,10.49738,31.33943,-8.09386,MIA_RED,MIA_RED,McKieFieldStad,TeamExclusive,Team,20251031-McKieFieldStad-Private-1,ee21e0d0-b672-11f0-8a07-17c2357ed222,91.67209,,,8.6882,,,,,,,4ba3adc6-5d81-4936-b0af-135018c654d9,2025-10-31,16:01:57.87,2025-10-31T12:01:57.8724864-04:00,2025-10-31T16:01:57.8724864Z,,v3,471355,471355,,,,Undefined,MIA_RED,75706ea6-62c5-418a-873f-5c746c856d26,54.07555,-134.50703,15.66971,6.47761,-9.96386,-4.04693,1.02257,-5.32746,5.24869,,,,,,,,,,,,,,,,,,,,,,,,,,,,,,,,,,,,,,,,,,,,,,,,,,,High,High,High,,,,,
5,2025-10-31,12:02:13.66,2,2,"Tedesco, Jake",803230,Left,MIA_RED,"Kirtley, Ryder",827333,Right,MIA_RED,Undefined,1,Top,1,0,1,Fastball,Four-Seam,StrikeSwinging,Undefined,Undefined,Undefined,0,0,,91.16315,-2.840782,0.966894,2085.4172,154.413793,11:15,6.53881,-0.88141,6.40463,-9.93449,23.46789,-10.66079,3.09628,-0.88065,82.30852,-4.838839,-0.964659,0.415968,,,,,,,,,,,,5.81382,13.43375,0.81645,50,6.33008,-1.78519,-132.2174,-6.71558,10.15825,31.59624,-8.7018,MIA_RED,MIA_RED,McKieFieldStad,TeamExclusive,Team,20251031-McKieFieldStad-Private-1,f7a49210-b672-11f0-8a07-17c2357ed222,90.61375,,,8.85463,,,,,,,4ba3adc6-5d81-4936-b0af-135018c654d9,2025-10-31,16:02:13.66,2025-10-31T12:02:13.6655872-04:00,2025-10-31T16:02:13.6655872Z,,v3,471355,471355,,,,Undefined,MIA_RED,f39c41eb-f07a-4943-aee2-9ffa9badcff8,54.09006,-133.19122,15.79812,6.53293,-6.44739,-4.3509,0.87629,-2.09828,5.07912,,,,,,,,,,,,,,,,,,,,,,,,,,,,,,,,,,,,,,,,,,,,,,,,,,,High,High,High,,,,,
6,2025-10-31,12:02:31.95,2,3,"Tedesco, Jake",803230,Left,MIA_RED,"Kirtley, Ryder",827333,Right,MIA_RED,Undefined,1,Top,1,0,2,Fastball,Four-Seam,BallCalled,Undefined,Undefined,Undefined,0,0,,90.34566,-1.653428,0.661629,2114.313073,150.883701,11:00,6.61577,-0.92021,6.34623,-12.44528,21.55478,-11.33764,4.0561,-1.25594,81.63363,-4.108555,-1.390643,0.419673,,,,,,,,,,,,6.05544,12.04442,0.8769,50,6.48936,-1.04117,-131.14313,-4.0425,10.41865,30.85388,-11.45117,MIA_RED,MIA_RED,McKieFieldStad,TeamExclusive,Team,20251031-McKieFieldStad-Private-1,024f2180-b673-11f0-8a07-17c2357ed222,89.81374,,,8.71203,,,,,,,4ba3adc6-5d81-4936-b0af-135018c654d9,2025-10-31,16:02:31.95,2025-10-31T12:02:31.9557632-04:00,2025-10-31T16:02:31.9557632Z,,v3,471355,471355,,,,Undefined,MIA_RED,99bf3019-923e-4ffe-aa99-a32d9cfb1d8e,54.14848,-132.11554,15.42694,6.61108,-3.6816,-5.72559,0.91489,-1.36953,5.20932,,,,,,,,,,,,,,,,,,,,,,,,,,,,,,,,,,,,,,,,,,,,,,,,,,,High,High,High,,,,,
7,2025-10-31,12:02:50.03,2,4,"Tedesco, Jake",803230,Left,MIA_RED,"Kirtley, Ryder",827333,Right,MIA_RED,Undefined,1,Top,1,1,2,ChangeUp,Changeup,StrikeSwinging,Strikeout,Undefined,Undefined,0,0,,83.81367,-1.185014,1.929808,1594.562877,111.021665,9:45,6.09682,-1.43542,6.28865,-31.35451,7.9741,-17.39249,2.39113,-1.10573,76.59627,-7.046455,-1.217909,0.451363,,,,,,,,,,,,9.54138,4.90268,1.30098,50,5.99463,-3.43314,-121.7353,-3.46412,14.24776,24.99319,-24.8531,MIA_RED,MIA_RED,McKieFieldStad,TeamExclusive,Team,20251031-McKieFieldStad-Private-1,0d6f0800-b673-11f0-8a07-17c2357ed222,83.50808,,,7.2174,,,,,,,4ba3adc6-5d81-4936-b0af-135018c654d9,2025-10-31,16:02:50.03,2025-10-31T12:02:50.0350000-04:00,2025-10-31T16:02:50.0350000Z,,v3,471355,471355,,,,Undefined,MIA_RED,76e1086f-1b32-427d-bf5a-855c828c1667,54.20855,-122.5963,12.49659,6.09922,-2.60794,-12.42655,1.4277,-3.92397,7.12388,,,,,,,,,,,,,,,,,,,,,,,,,,,,,60.91329,2.363958,1.187738,1.176221,-3.00144,1.82345,1.20987,-5.96761,3.12197,2.18808,73.90408,8.17962,50.87385,-5.8841,74.24388,-5.43096,3.20398,22.52132,-15.53012,2.1835,42.50583,-0.94516,High,High,High,,,High,High,High
8,2025-10-31,12:03:16.54,3,1,"Tedesco, Jake",803230,Left,MIA_RED,"Appelwick, Evan",695485,Right,MIA_RED,Undefined,1,Top,2,0,0,Slider,Slider,BallCalled,Undefined,Undefined,Undefined,0,0,,78.64672,3.418239,1.026891,2201.477998,316.300466,4:30,6.61469,-1.31063,5.34232,-48.24066,-1.36697,2.89036,5.80546,-0.10638,70.84802,-5.428901,1.539772,0.492761,,,,,,,,,,,,-1.10138,-1.18154,1.21601,50,6.88926,-2.16014,-113.7841,5.12032,-1.42424,23.5321,-33.70196,MIA_RED,MIA_RED,McKieFieldStad,TeamExclusive,Team,20251031-McKieFieldStad-Private-1,1cff19e0-b673-11f0-8a07-17c2357ed222,76.4924,,,7.79869,,,,,,,4ba3adc6-5d81-4936-b0af-135018c654d9,2025-10-31,16:03:16.54,2025-10-31T12:03:16.5465600-04:00,2025-10-31T16:03:16.5465600Z,,v3,471355,471355,,,,Undefined,MIA_RED,853128db-4544-4573-a137-692e82d9ee37,55.15216,-114.8447,11.76605,6.62426,6.63927,-16.85098,1.31192,-2.09595,-0.71212,,,,,,,,,,,,,,,,,,,,,,,,,,,,,,,,,,,,,,,,,,,,,,,,,,,High,High,High,,,,,
9,2025-10-31,12:03:32.07,3,2,"Tedesco, Jake",803230,Left,MIA_RED,"Appelwick, Evan",695485,Right,MIA_RED,Undefined,1,Top,2,1,0,ChangeUp,Changeup,StrikeSwinging,Undefined,Undefined,Undefined,0,0,,83.39908,-1.38791,3.045091,1584.754709,109.831184,9:45,6.05815,-1.5742,6.14318,-31.9597,8.19847,-18.91123,2.11024,-0.33357,75.90782,-7.353037,-0.364972,0.456098,,,,,,,,,,,,10.61965,5.08992,1.35121,50,5.93609,-5.69244,-120.95262,-3.91634,15.5981,25.46428,-24.69801,MIA_RED,MIA_RED,McKieFieldStad,TeamExclusive,Team,20251031-McKieFieldStad-Private-1,262b6dc0-b673-11f0-8a07-17c2357ed222,82.64103,,,7.49126,,,,,,,4ba3adc6-5d81-4936-b0af-135018c654d9,2025-10-31,16:03:32.07,2025-10-31T12:03:32.0797696-04:00,2025-10-31T16:03:32.0797696Z,,v3,471355,471355,,,,Undefined,MIA_RED,3b827666-2651-406a-a30e-d47c9b42cf15,54.35361,-121.86574,12.73214,6.06064,-3.03069,-12.349,1.56536,-6.25178,7.79905,,,,,,,,,,,,,,,,,,,,,,,,,,,,,,,,,,,,,,,,,,,,,,,,,,,High,High,High,,,,,
10,2025-10-31,12:03:48.20,3,3,"Tedesco, Jake",803230,Left,MIA_RED,"Appelwick, Evan",695485,Right,MIA_RED,Undefined,1,Top,2,1,1,ChangeUp,Changeup,BallCalled,Undefined,Undefined,Undefined,0,0,,84.79745,-3.694805,4.12299,1578.941941,120.768874,10:00,6.07089,-1.44745,6.12887,-27.75482,11.00634,-16.37603,0.32915,1.00547,77.92919,-8.847541,1.175227,0.448095,,,,,,,,,,,,9.6167,7.09819,1.14031,50,5.77308,-8.21649,-122.72635,-8.79167,14.67253,24.2023,-21.3441,MIA_RED,MIA_RED,McKieFieldStad,TeamExclusive,Team,20251031-McKieFieldStad-Private-1,2ff75d00-b673-11f0-8a07-17c2357ed222,84.11713,,,6.86826,,,,,,,4ba3adc6-5d81-4936-b0af-135018c654d9,2025-10-31,16:03:48.20,2025-10-31T12:03:48.2088448-04:00,2025-10-31T16:03:48.2088448Z,,v3,471355,471355,,,,Undefined,MIA_RED,1b6f9caa-4251-45df-83f4-137ec8e5bb5c,54.36978,-123.58509,12.10115,6.07158,-8.03434,-10.67205,1.44109,-8.7371,7.33626,,,,,,,,,,,,,,,,,,,,,,,,,,,,,,,,,,,,,,,,,,,,,,,,,,,High,High,High,,,,,
11,2025-10-31,12:04:04.60,3,4,"Tedesco, Jake",803230,Left,MIA_RED,"Appelwick, Evan",695485,Right,MIA_RED,Undefined,1,Top,2,2,1,Fastball,Sinker,BallCalled,Undefined,Undefined,Undefined,0,0,,91.89677,-4.043472,0.374865,2150.074894,144.756998,10:45,6.43391,-0.90259,6.54181,-11.25268,21.40493,-14.3141,1.78158,-1.75163,83.4063,-6.259529,-2.22596,0.411305,,,,,,,,,,,,7.55158,12.75914,0.88179,50,6.14818,-0.28216,-133.21794,-9.62905,13.44026,31.18692,-9.4654,MIA_RED,MIA_RED,McKieFieldStad,TeamExclusive,Team,20251031-McKieFieldStad-Private-1,39beb860-b673-11f0-8a07-17c2357ed222,91.64118,,,8.49047,,,,,,,4ba3adc6-5d81-4936-b0af-135018c654d9,2025-10-31,16:04:04.60,2025-10-31T12:04:04.6094336-04:00,2025-10-31T16:04:04.6094336Z,,v3,471355,471355,,,,Undefined,MIA_RED,3beb23bd-90db-488c-afe6-2f14800766aa,53.95383,-134.14035,15.59346,6.42884,-9.34908,-4.7327,0.89602,-0.67968,6.72013,,,,,,,,,,,,,,,,,,,,,,,,,,,,,,,,,,,,,,,,,,,,,,,,,,,High,High,High,,,,,
12,2025-10-31,12:04:24.54,3,5,"Tedesco, Jake",803230,Left,MIA_RED,"Appelwick, Evan",695485,Right,MIA_RED,Undefined,1,Top,2,3,1,Slider,Slider,StrikeCalled,Undefined,Undefined,Undefined,0,0,,78.96014,-0.762901,1.565091,2265.148164,327.458694,5:00,6.43119,-1.21801,5.24175,-46.23546,0.06748,0.95413,1.86095,0.33276,72.19672,-9.161513,1.7346,0.489752,,,,,,,,,,,,-0.00094,0.74378,1.07344,50,6.32687,-3.16665,-114.47869,-3.13886,-0.00122,22.88406,-31.19575,MIA_RED,MIA_RED,McKieFieldStad,TeamExclusive,Team,20251031-McKieFieldStad-Private-1,457a1b90-b673-11f0-8a07-17c2357ed222,76.96237,,,6.76342,,,,,,,4ba3adc6-5d81-4936-b0af-135018c654d9,2025-10-31,16:04:24.54,2025-10-31T12:04:24.5474304-04:00,2025-10-31T16:04:24.5474304Z,,v3,471355,471355,,,,Undefined,MIA_RED,94920851-fb4d-4ddf-b5e6-ee65c969baca,55.25519,-115.52442,11.44203,6.43773,-1.71332,-15.59787,1.21815,-3.16659,-0.00061,,,,,,,,,,,,,,,,,,,,,,,,,,,,,,,,,,,,,,,,,,,,,,,,,,,High,High,High,,,,,
13,2025-10-31,12:04:42.10,3,6,"Tedesco, Jake",803230,Left,MIA_RED,"Appelwick, Evan",695485,Right,MIA_RED,Undefined,1,Top,2,3,2,ChangeUp,Changeup,StrikeSwinging,Strikeout,Undefined,Undefined,0,0,,83.28841,-2.658528,3.134571,1425.454074,103.830651,9:30,5.9986,-1.84627,5.7961,-34.38234,6.15177,-19.74414,0.65513,-0.57312,76.64763,-8.971904,-0.405865,0.458228,,,,,,,,,,,,10.99741,4.25918,1.60048,50,5.75893,-5.83914,-120.75914,-6.746,16.23688,23.54918,-25.8857,MIA_RED,MIA_RED,McKieFieldStad,TeamExclusive,Team,20251031-McKieFieldStad-Private-1,500a4530-b673-11f0-8a07-17c2357ed222,82.25694,,,6.64078,,,,,,,4ba3adc6-5d81-4936-b0af-135018c654d9,2025-10-31,16:04:42.10,2025-10-31T12:04:42.1039104-04:00,2025-10-31T16:04:42.1039104Z,,v3,471355,471355,,,,Undefined,MIA_RED,aa503eea-ead7-4d86-b9c9-11553e7beb50,54.70374,-121.67296,11.77459,6.00122,-5.74152,-12.94285,1.83929,-6.4692,8.11844,,,,,,,,,,,,,,,,,,,,,,,,,,,,,,,,,,,,,,,,,,,,,,,,,,,High,High,High,,,,,
14,,,1,1,"Burke, Clayton",1000266653,Right,MIA_RED,"Christiansen, Hayden",830132,Right,MIA_RED,Undefined,1,Bottom,0,0,0,Slider,,StrikeCalled,Undefined,Undefined,Undefined,0,0,,,,,,,,,,,,,,,,,,,,,,,,,,,,,,,,,,,,,,,,,,MIA_RED,MIA_RED,McKieFieldStad,TeamExclusive,Team,20251031-McKieFieldStad-Private-1,c52843d0-b673-11f0-8a07-17c2357ed222,,,,,,,,,,,4ba3adc6-5d81-4936-b0af-135018c654d9,,,,,,v3,471355,471355,,,,Undefined,MIA_RED,5787010d-c244-4fa0-8ae2-097c2915c58c,,,,,,,,,,,,,,,,,,,,,,,,,,,,,,,,,,,,,,,,,,,,,,,,,,,,,,,,,,,,,,,,,,,
15,2025-10-31,12:08:11.79,1,2,"Burke, Clayton",1000266653,Right,MIA_RED,"Christiansen, Hayden",830132,Right,MIA_RED,Undefined,1,Bottom,0,0,1,Curveball,Curveball,BallCalled,Undefined,Undefined,Undefined,0,0,,77.44936,-0.208386,-2.672525,2578.166975,48.456301,7:30,4.8915,1.31192,5.27266,-54.03062,-6.49524,-8.88949,0.193,-1.94092,71.92127,-9.937319,-4.2507,0.496226,,,,,,,,,,,,3.76335,-2.8391,-1.0608,50,4.8322,5.59009,-112.43635,-2.26856,4.83167,19.82835,-35.81909,MIA_RED,MIA_RED,McKieFieldStad,TeamExclusive,Team,20251031-McKieFieldStad-Private-1,cd0386a0-b673-11f0-8a07-17c2357ed222,75.95815,,,5.52809,,,,,,,4ba3adc6-5d81-4936-b0af-135018c654d9,2025-10-31,16:08:11.79,2025-10-31T12:08:11.7958656-04:00,2025-10-31T16:08:11.7958656Z,,v3,471355,471355,,,,Undefined,MIA_RED,588f2d63-56ae-46f1-a1c7-3f073bd461b3,55.2288,-113.35471,9.91418,4.89885,-0.60958,-17.90955,-1.31452,5.36631,2.41583,,,,,,,,,,,,,,,,,,,,,,,,,,,,,,,,,,,,,,,,,,,,,,,,,,,High,High,High,,,,,
16,2025-10-31,12:08:34.96,1,3,"Burke, Clayton",1000266653,Right,MIA_RED,"Christiansen, Hayden",830132,Right,MIA_RED,Undefined,1,Bottom,0,1,1,Slider,Slider,BallCalled,Undefined,Undefined,Undefined,0,0,,79.47281,2.434923,-0.469353,2489.889813,94.709802,9:15,4.88418,1.35532,5.15526,-43.594,2.10055,-7.57264,3.54486,0.28244,72.37337,-5.526588,-1.809381,0.486523,,,,,,,,,,,,3.60827,0.82398,-1.30551,50,5.07853,1.26157,-115.19069,3.35467,4.83063,22.11754,-31.07095,MIA_RED,MIA_RED,McKieFieldStad,TeamExclusive,Team,20251031-McKieFieldStad-Private-1,db0f4270-b673-11f0-8a07-17c2357ed222,77.47304,,,7.09944,,,,,,,4ba3adc6-5d81-4936-b0af-135018c654d9,2025-10-31,16:08:34.96,2025-10-31T12:08:34.9688832-04:00,2025-10-31T16:08:34.9688832Z,,v3,471355,471355,,,,Undefined,MIA_RED,f322c238-9ef3-42f7-9acb-2e1ceefbd8fc,55.34111,-116.2117,11.05877,4.89056,4.789,-15.53547,-1.35861,1.03858,2.41532,,,,,,,,,,,,,,,,,,,,,,,,,,,,,,,,,,,,,,,,,,,,,,,,,,,High,High,High,,,,,
17,2025-10-31,12:08:55.79,1,4,"Burke, Clayton",1000266653,Right,MIA_RED,"Christiansen, Hayden",830132,Right,MIA_RED,Undefined,1,Bottom,0,2,1,Sinker,Four-Seam,InPlay,Undefined,LineDrive,Out,1,0,,91.86339,-1.088172,-2.036408,2414.982177,233.924714,1:45,4.92487,1.26239,5.92539,-16.79017,16.65355,21.23541,2.51524,1.14167,82.94846,-4.302654,1.776335,0.416226,55.04018,26.441661,-24.873644,2527.263579,99.69421,22.95177,-46.48719,163.45637,153.83043,-24.864084,2.705245,-11.52965,9.22091,-1.11162,50,4.82845,3.81089,-133.2685,-3.03072,-20.4693,32.07019,-15.80361,MIA_RED,MIA_RED,McKieFieldStad,TeamExclusive,Team,20251031-McKieFieldStad-Private-1,e736ade0-b673-11f0-8a07-17c2357ed222,90.55769,25.24934,,8.91493,,,,1.41153,2.55384,-1.13857,4ba3adc6-5d81-4936-b0af-135018c654d9,2025-10-31,16:08:55.79,2025-10-31T12:08:55.7921792-04:00,2025-10-31T16:08:55.7921792Z,LineDrive,v3,471355,471355,,,,Undefined,MIA_RED,3dece799-ec7a-40e1-b595-e1e1f029ef2c,54.57215,-134.36425,16.03509,4.92277,-2.49075,-7.9018,-1.25377,4.51027,-10.23465,181.051894,1.4118,65.56266,-6.18882,0.85148,0.28556,-0.36356,0.15973,-0.03275,0.0026,2.55363,35.9556,-14.94334,0.79541,-0.39261,0.24139,-0.08002,0.01246,-0.00071,-1.13872,-30.39531,2.94533,-0.3722,-0.1784,0.204,-0.08768,0.01774,-0.00139,,,,,,,,,,,,,,,,,,,,,,,High,High,High,High,High,,,
18,2025-10-31,12:09:33.73,2,1,"Burke, Clayton",1000266653,Right,MIA_RED,"Novak, Ryan",10035937,Left,MIA_RED,Undefined,1,Bottom,1,0,0,Fastball,Four-Seam,StrikeCalled,Undefined,Undefined,Undefined,0,0,,92.4747,-2.120594,-2.466996,2455.992501,227.68173,1:30,5.0342,1.27208,5.73483,-13.71824,19.69218,20.27135,1.91357,0.66265,83.18405,-4.779784,1.158031,0.416018,,,,,,,,,,,,-11.00351,11.01197,-1.0787,50,4.84911,4.82904,-133.9232,-5.33334,-19.6773,33.06359,-12.48155,MIA_RED,MIA_RED,McKieFieldStad,TeamExclusive,Team,20251031-McKieFieldStad-Private-1,fddb3020-b673-11f0-8a07-17c2357ed222,90.60287,,,9.29064,,,,,,,4ba3adc6-5d81-4936-b0af-135018c654d9,2025-10-31,16:09:33.73,2025-10-31T12:09:33.7316352-04:00,2025-10-31T16:09:33.7316352Z,,v3,471355,471355,,,,Undefined,MIA_RED,db28cbee-7b59-423e-998c-d1107f542837,54.76031,-135.09334,16.5318,5.03004,-4.89162,-6.24077,-1.26192,5.52543,-9.83865,,,,,,,,,,,,,,,,,,,,,,,,,,,,,,,,,,,,,,,,,,,,,,,,,,,High,High,High,,,,,
19,2025-10-31,12:09:54.16,2,2,"Burke, Clayton",1000266653,Right,MIA_RED,"Novak, Ryan",10035937,Left,MIA_RED,Undefined,1,Bottom,1,0,1,Fastball,Four-Seam,BallCalled,Undefined,Undefined,Undefined,0,0,,92.59925,-3.617371,-3.484117,2391.732782,226.906231,1:30,5.02922,1.37507,5.5388,-15.85595,17.59371,17.54836,0.31623,-0.42294,84.02733,-6.620971,-0.360812,0.416263,,,,,,,,,,,,-9.91327,10.31571,-1.08473,50,4.70448,7.34692,-133.89447,-8.9844,-17.86598,30.86664,-13.58275,MIA_RED,MIA_RED,McKieFieldStad,TeamExclusive,Team,20251031-McKieFieldStad-Private-1,0a02c2a0-b674-11f0-8a07-17c2357ed222,90.54964,,,8.57192,,,,,,,4ba3adc6-5d81-4936-b0af-135018c654d9,2025-10-31,16:09:54.16,2025-10-31T12:09:54.1681664-04:00,2025-10-31T16:09:54.1681664Z,,v3,471355,471355,,,,Undefined,MIA_RED,94dfafe4-1141-4423-9b5d-d4a85b706593,54.95873,-135.03276,15.43332,5.02657,-8.4835,-6.79137,-1.36782,8.00578,-8.93299,,,,,,,,,,,,,,,,,,,,,,,,,,,,,,,,,,,,,,,,,,,,,,,,,,,High,High,High,,,,,
20,2025-10-31,12:10:16.76,2,3,"Burke, Clayton",1000266653,Right,MIA_RED,"Novak, Ryan",10035937,Left,MIA_RED,Undefined,1,Bottom,1,1,1,Fastball,Sinker,InPlay,Undefined,LineDrive,Out,1,0,,92.851,-1.743764,-3.080094,2388.112791,232.296501,1:45,5.07297,1.21024,5.74383,-16.44721,16.42465,19.78753,2.07599,-0.01128,84.18819,-4.87278,0.457041,0.412652,84.47419,25.983981,20.234076,1873.883203,101.39436,42.2918,42.65189,311.30763,304.39175,27.414319,3.786984,-11.03571,9.223,-0.96652,50,4.91797,6.35956,-134.58566,-4.61976,-20.08941,31.25528,-15.38452,MIA_RED,MIA_RED,McKieFieldStad,TeamExclusive,Team,20251031-McKieFieldStad-Private-1,177d13e0-b674-11f0-8a07-17c2357ed222,91.34204,49.00956,,8.66282,,,,1.91418,2.1503,-0.01037,4ba3adc6-5d81-4936-b0af-135018c654d9,2025-10-31,16:10:16.76,2025-10-31T12:10:16.7685120-04:00,2025-10-31T16:10:16.7685120Z,LineDrive,v3,471355,471355,,,,Undefined,MIA_RED,35234850-5018-45c9-8fd7-7456ca1a1c9e,54.75461,-135.68534,15.62764,5.07099,-4.07847,-7.69226,-1.20271,7.06638,-10.0447,222.42268,1.91457,104.49016,-15.90031,3.56672,-0.7876,0.21194,-0.06377,0.01247,-0.00097,2.15052,54.27122,-16.9376,0.63114,0.24286,-0.23281,0.09193,-0.01684,0.00116,-0.01061,38.52551,0.80875,-0.67603,0.20191,-0.04468,0.00876,-0.00111,6E-05,,,,,,,,,,,,,,,,,,,,,,,High,High,High,High,High,,,
21,2025-10-31,12:10:55.01,3,1,"Burke, Clayton",1000266653,Right,MIA_RED,"Krupinski, Dom",702597,Left,MIA_RED,Undefined,1,Bottom,2,0,0,ChangeUp,Changeup,StrikeCalled,Undefined,Undefined,Undefined,0,0,,80.92619,0.036235,-3.737554,2045.218036,254.896729,2:30,4.63418,1.52039,5.70033,-37.0514,6.31544,17.9308,1.5804,-0.47301,73.60375,-6.813461,-0.53613,0.473969,,,,,,,,,,,,-10.18225,3.65225,-1.21767,50,4.61438,6.94278,-117.24939,-1.13166,-14.07549,23.61324,-27.12533,MIA_RED,MIA_RED,McKieFieldStad,TeamExclusive,Team,20251031-McKieFieldStad-Private-1,2e5465f0-b674-11f0-8a07-17c2357ed222,79.52505,,,7.32243,,,,,,,4ba3adc6-5d81-4936-b0af-135018c654d9,2025-10-31,16:10:55.01,2025-10-31T12:10:55.0111232-04:00,2025-10-31T16:10:55.0111232Z,,v3,471355,471355,,,,Undefined,MIA_RED,64489f2b-d24b-4213-aea8-ef40a3a8d510,54.79689,-118.2115,11.80662,4.63798,-0.02645,-13.56267,-1.51223,7.51629,-7.03774,,,,,,,,,,,,,,,,,,,,,,,,,,,,,,,,,,,,,,,,,,,,,,,,,,,High,High,High,,,,,
22,2025-10-31,12:11:12.77,3,2,"Burke, Clayton",1000266653,Right,MIA_RED,"Krupinski, Dom",702597,Left,MIA_RED,Undefined,1,Bottom,2,0,1,ChangeUp,Changeup,BallCalled,Undefined,Undefined,Undefined,0,0,,81.14503,-0.105838,-3.833726,1911.466667,256.758452,2:30,4.60956,1.55567,5.70483,-37.48246,5.62024,17.69115,1.38719,-0.54741,73.88306,-7.026835,-0.675046,0.472524,,,,,,,,,,,,-10.0713,3.3452,-1.2449,50,4.57762,7.16776,-117.56297,-1.44665,-14.00849,23.56553,-27.52112,MIA_RED,MIA_RED,McKieFieldStad,TeamExclusive,Team,20251031-McKieFieldStad-Private-1,38d04440-b674-11f0-8a07-17c2357ed222,79.76835,,,7.26197,,,,,,,4ba3adc6-5d81-4936-b0af-135018c654d9,2025-10-31,16:11:12.77,2025-10-31T12:11:12.7773696-04:00,2025-10-31T16:11:12.7773696Z,,v3,471355,471355,,,,Undefined,MIA_RED,40ecce31-c3e3-423c-9d83-68a9d131e5e1,54.79239,-118.51971,11.78277,4.61367,-0.32932,-13.76056,-1.54745,7.73649,-7.00424,,,,,,,,,,,,,,,,,,,,,,,,,,,,,,,,,,,,,,,,,,,,,,,,,,,High,High,High,,,,,
23,2025-10-31,12:11:35.89,3,3,"Burke, Clayton",1000266653,Right,MIA_RED,"Krupinski, Dom",702597,Left,MIA_RED,Undefined,1,Bottom,2,1,1,ChangeUp,Changeup,BallCalled,Undefined,Undefined,Undefined,0,0,,80.16686,-0.4762,-4.835763,1840.951736,278.842184,3:15,4.54815,1.43323,5.83324,-45.29648,-1.27705,17.68985,0.32924,-1.59811,73.27308,-8.785813,-1.672065,0.477522,,,,,,,,,,,,-10.46886,-0.07248,-1.04846,50,4.48252,9.14211,-116.06659,-2.44534,-14.19341,22.96593,-32.27234,MIA_RED,MIA_RED,McKieFieldStad,TeamExclusive,Team,20251031-McKieFieldStad-Private-1,469a3c20-b674-11f0-8a07-17c2357ed222,78.93339,,,6.89378,,,,,,,4ba3adc6-5d81-4936-b0af-135018c654d9,2025-10-31,16:11:35.89,2025-10-31T12:11:35.8917632-04:00,2025-10-31T16:11:35.8917632Z,,v3,471355,471355,,,,Undefined,MIA_RED,90a21489-436c-4aed-ada7-2059c98c1ebe,54.66627,-116.98625,11.48296,4.55457,-1.153,-16.13617,-1.42594,9.71048,-7.0967,,,,,,,,,,,,,,,,,,,,,,,,,,,,,,,,,,,,,,,,,,,,,,,,,,,High,High,High,,,,,
24,2025-10-31,12:11:59.50,3,4,"Burke, Clayton",1000266653,Right,MIA_RED,"Krupinski, Dom",702597,Left,MIA_RED,Undefined,1,Bottom,2,2,1,Fastball,Sinker,InPlay,Undefined,LineDrive,Double,0,0,,92.65613,-0.802095,-2.758546,2374.859989,231.55464,1:45,5.10469,1.08231,5.55373,-17.52103,15.81363,18.44111,2.89424,0.03958,83.66191,-4.124924,0.526952,0.415546,102.92187,17.156377,25.353721,1929.541465,95.96583,26.01043,53.76208,285.72937,285.16489,35.338858,2.541588,-10.22048,8.58863,-0.85646,50,5.02412,5.62871,-134.2872,-2.45864,-18.45284,32.13576,-16.66749,MIA_RED,MIA_RED,McKieFieldStad,TeamExclusive,Team,20251031-McKieFieldStad-Private-1,54d4f730-b674-11f0-8a07-17c2357ed222,90.70575,28.10147,,8.99422,,,,1.73694,2.98748,0.12668,4ba3adc6-5d81-4936-b0af-135018c654d9,2025-10-31,16:11:59.50,2025-10-31T12:11:59.5036672-04:00,2025-10-31T16:11:59.5036672Z,LineDrive,v3,471355,471355,,,,Undefined,MIA_RED,c6726c33-bbee-4b2d-93ba-ece323200c07,54.94401,-135.46517,16.06788,5.10304,-1.84768,-8.33375,-1.07518,6.30512,-9.22642,,1.73694,130.34241,-24.16449,5.48384,-1.19834,0.22437,-0.03936,0.0052,-0.00035,2.98748,44.5279,-21.742,2.03172,-0.28595,0.02831,-0.00031,-1E-05,-3E-05,0.12668,61.7626,5.5495,-3.37344,1.15705,-0.3071,0.06248,-0.00841,0.00052,,,,,,,,,,,,,,,,,,,,,,,High,High,High,High,Medium,,,
25,2025-10-31,12:12:47.64,4,1,"Burke, Clayton",1000266653,Right,MIA_RED,"Kirtley, Ryder",827333,Right,MIA_RED,Undefined,1,Bottom,2,0,0,Fastball,Sinker,StrikeCalled,Undefined,Undefined,Undefined,0,0,,91.92087,-1.594382,-3.421455,2304.515758,233.313309,1:45,5.17083,1.15276,5.67649,-19.66655,14.11351,17.33091,2.0426,-0.59636,83.05614,-5.304156,-0.328756,0.418313,,,,,,,,,,,,-9.80839,7.99815,-0.87496,50,5.02405,7.16469,-133.09623,-4.36111,-17.40341,31.45789,-17.98265,MIA_RED,MIA_RED,McKieFieldStad,TeamExclusive,Team,20251031-McKieFieldStad-Private-1,716bff10-b674-11f0-8a07-17c2357ed222,90.10578,,,8.86473,,,,,,,4ba3adc6-5d81-4936-b0af-135018c654d9,2025-10-31,16:12:47.64,2025-10-31T12:12:47.6405248-04:00,2025-10-31T16:12:47.6405248Z,,v3,471355,471355,,,,Undefined,MIA_RED,8b376f24-ade5-4512-b8b0-6cf18313174a,54.81957,-134.23052,15.72895,5.16961,-3.7127,-8.99133,-1.14461,7.79221,-8.70171,,,,,,,,,,,,,,,,,,,,,,,,,,,,,,,,,,,,,,,,,,,,,,,,,,,High,High,High,,,,,
26,2025-10-31,12:13:05.12,4,2,"Burke, Clayton",1000266653,Right,MIA_RED,"Kirtley, Ryder",827333,Right,MIA_RED,Undefined,1,Bottom,2,0,1,Fastball,Sinker,BallCalled,Undefined,Undefined,Undefined,0,0,,92.23611,-1.478693,-3.944618,2423.13291,228.737762,1:30,5.09639,1.08911,5.78693,-15.85414,17.56166,18.66249,2.39602,-1.03116,83.2742,-4.516839,-0.611094,0.416052,,,,,,,,,,,,-10.64319,9.72075,-0.77472,50,4.96488,8.35467,-133.51539,-3.92167,-19.02032,31.42478,-14.80219,MIA_RED,MIA_RED,McKieFieldStad,TeamExclusive,Team,20251031-McKieFieldStad-Private-1,7bbb7630-b674-11f0-8a07-17c2357ed222,90.59551,,,8.96191,,,,,,,4ba3adc6-5d81-4936-b0af-135018c654d9,2025-10-31,16:13:05.12,2025-10-31T12:13:05.1226112-04:00,2025-10-31T16:13:05.1226112Z,,v3,471355,471355,,,,Undefined,MIA_RED,919c6156-d01d-46e0-811e-0bd5e1622b73,54.70899,-134.61916,15.71239,5.09349,-3.40176,-7.40109,-1.0799,9.02274,-9.51016,,,,,,,,,,,,,,,,,,,,,,,,,,,,,,,,,,,,,,,,,,,,,,,,,,,High,High,High,,,,,
27,2025-10-31,12:13:26.61,4,3,"Burke, Clayton",1000266653,Right,MIA_RED,"Kirtley, Ryder",827333,Right,MIA_RED,Undefined,1,Bottom,2,1,1,Fastball,Sinker,InPlay,Undefined,FlyBall,HomeRun,0,2,,91.52836,-1.026986,-2.372842,2398.607967,226.49081,1:30,5.03709,1.05617,5.7574,-17.348,16.4269,16.09028,2.63457,0.1871,82.96211,-4.32558,0.50579,0.418281,101.05025,30.932202,-16.216297,2312.597002,104.60858,61.57013,-34.01419,421.54783,364.37031,-20.339589,5.593363,-8.93981,9.02182,-0.8695,50,4.94158,4.79451,-132.76348,-2.92283,-15.82864,30.54217,-16.20015,MIA_RED,MIA_RED,McKieFieldStad,TeamExclusive,Team,20251031-McKieFieldStad-Private-1,88a1ebe0-b674-11f0-8a07-17c2357ed222,90.11267,94.00027,,8.56625,,,,1.61617,2.60686,-0.15887,4ba3adc6-5d81-4936-b0af-135018c654d9,2025-10-31,16:13:26.61,2025-10-31T12:13:26.6134528-04:00,2025-10-31T16:13:26.6134528Z,FlyBall,v3,471355,471355,,,,Undefined,MIA_RED,2a68d1e2-fd91-4d89-86da-db16b7eb8bd0,54.74034,-133.84955,15.27108,5.03527,-2.34676,-8.10008,-1.05,5.35737,-7.91432,154.419321,1.62829,121.82447,-22.86059,4.50291,-0.04296,-0.334,0.10044,-0.0122,0.00055,2.60007,76.30841,-18.46792,1.54613,-0.43597,0.13143,-0.01842,0.00079,1E-05,-0.15671,-35.53123,0.78987,1.26975,-0.6149,0.19828,-0.04398,0.00539,-0.00027,,,,,,,,,,,,,,,,,,,,,,,High,High,High,High,Medium,,,
28,2025-10-31,12:14:06.24,5,1,"Burke, Clayton",1000266653,Right,MIA_RED,"Appelwick, Evan",695485,Right,MIA_RED,Undefined,1,Bottom,2,0,0,Fastball,Four-Seam,BallCalled,Undefined,Undefined,Undefined,0,0,,92.22223,-0.527978,-3.125704,2263.393222,213.161192,1:00,5.06307,1.08357,5.81684,-15.87465,17.32001,10.58528,3.24854,-0.94342,83.59185,-3.563569,-1.232583,0.414673,,,,,,,,,,,,-6.28772,9.30256,-0.83367,50,5.01044,6.82207,-133.68319,-1.70427,-11.31046,30.42838,-15.44043,MIA_RED,MIA_RED,McKieFieldStad,TeamExclusive,Team,20251031-McKieFieldStad-Private-1,a0467900-b674-11f0-8a07-17c2357ed222,90.89685,,,8.63038,,,,,,,4ba3adc6-5d81-4936-b0af-135018c654d9,2025-10-31,16:14:06.24,2025-10-31T12:14:06.2412800-04:00,2025-10-31T16:14:06.2412800Z,,v3,471355,471355,,,,Undefined,MIA_RED,5841b0a3-0f87-4c83-98be-162db1003c5d,54.67867,-134.74392,15.21419,5.06046,-1.16602,-7.72021,-1.07836,7.21635,-5.65523,,,,,,,,,,,,,,,,,,,,,,,,,,,,,,,,,,,,,,,,,,,,,,,,,,,High,High,High,,,,,
29,2025-10-31,12:14:21.84,5,2,"Burke, Clayton",1000266653,Right,MIA_RED,"Appelwick, Evan",695485,Right,MIA_RED,Undefined,1,Bottom,2,1,0,Slider,Slider,StrikeCalled,Undefined,Undefined,Undefined,0,0,,80.60182,2.171946,0.088996,2392.173421,74.382779,8:30,4.89046,1.31461,5.45064,-44.56266,-0.41209,-6.84823,3.21119,0.82724,73.06522,-6.00883,-1.130177,0.478233,,,,,,,,,,,,3.4402,-0.36091,-1.31775,50,5.05199,0.10372,-116.8415,2.8759,4.70978,24.00183,-32.66813,MIA_RED,MIA_RED,McKieFieldStad,TeamExclusive,Team,20251031-McKieFieldStad-Private-1,a97f7710-b674-11f0-8a07-17c2357ed222,78.81604,,,7.5366,,,,,,,4ba3adc6-5d81-4936-b0af-135018c654d9,2025-10-31,16:14:21.84,2025-10-31T12:14:21.8475520-04:00,2025-10-31T16:14:21.8475520Z,,v3,471355,471355,,,,Undefined,MIA_RED,d063ea36-d5cd-40b0-8306-ada37ed74f7e,55.04515,-117.87333,12.00092,4.89817,4.28029,-16.33407,-1.31786,-0.09875,2.35489,,,,,,,,,,,,,,,,,,,,,,,,,,,,,,,,,,,,,,,,,,,,,,,,,,,High,High,High,,,,,
30,2025-10-31,12:14:38.25,5,3,"Burke, Clayton",1000266653,Right,MIA_RED,"Appelwick, Evan",695485,Right,MIA_RED,Undefined,1,Bottom,2,1,1,Slider,Curveball,BallCalled,Undefined,Undefined,Undefined,0,0,,79.0044,1.671822,0.14661,2453.499866,58.698966,8:00,4.8652,1.30219,5.24859,-48.06447,-2.08177,-5.84654,2.43129,0.95275,72.22327,-7.081941,-0.891056,0.488055,,,,,,,,,,,,2.94571,-1.02661,-1.3112,50,4.98317,-0.0526,-114.62121,1.64672,3.90667,21.80045,-33.53558,MIA_RED,MIA_RED,McKieFieldStad,TeamExclusive,Team,20251031-McKieFieldStad-Private-1,b34af120-b674-11f0-8a07-17c2357ed222,77.22993,,,6.78113,,,,,,,4ba3adc6-5d81-4936-b0af-135018c654d9,2025-10-31,16:14:38.25,2025-10-31T12:14:38.2577664-04:00,2025-10-31T16:14:38.2577664Z,,v3,471355,471355,,,,Undefined,MIA_RED,73994964-3a70-48f7-a525-20a796e7b529,55.24898,-115.61524,10.90022,4.87323,3.17582,-16.76779,-1.30474,-0.23073,1.95333,,,,,,,,,,,,,,,,,,,,,,,,,,,,,,,,,,,,,,,,,,,,,,,,,,,High,High,High,,,,,
31,2025-10-31,12:15:00.58,5,4,"Burke, Clayton",1000266653,Right,MIA_RED,"Appelwick, Evan",695485,Right,MIA_RED,Undefined,1,Bottom,2,2,1,Sinker,Sinker,BallCalled,Undefined,Undefined,Undefined,0,0,,91.64811,-1.403431,-1.272751,2237.123355,230.151449,1:45,4.9521,1.24128,6.05346,-15.84639,17.45993,19.55785,2.33191,1.69279,83.10564,-4.444681,2.248319,0.41537,,,,,,,,,,,,-10.57209,9.79201,-1.15322,50,4.83465,2.14402,-133.08404,-3.71564,-18.77127,31.22431,-14.78789,MIA_RED,MIA_RED,McKieFieldStad,TeamExclusive,Team,20251031-McKieFieldStad-Private-1,c0ae10e0-b674-11f0-8a07-17c2357ed222,90.74433,,,8.54247,,,,,,,4ba3adc6-5d81-4936-b0af-135018c654d9,2025-10-31,16:15:00.58,2025-10-31T12:15:00.5853184-04:00,2025-10-31T16:15:00.5853184Z,,v3,471355,471355,,,,Undefined,MIA_RED,1a126d92-de10-4f4c-a510-165747d188b0,54.44571,-134.12304,15.61216,4.9501,-3.22356,-7.39394,-1.23495,2.76864,-9.38563,,,,,,,,,,,,,,,,,,,,,,,,,,,,,,,,,,,,,,,,,,,,,,,,,,,High,High,High,,,,,
32,2025-10-31,12:15:21.18,5,5,"Burke, Clayton",1000266653,Right,MIA_RED,"Appelwick, Evan",695485,Right,MIA_RED,Undefined,1,Bottom,2,3,1,Fastball,Four-Seam,BallCalled,Walk,Undefined,Undefined,0,0,,91.91468,-0.538273,-2.830573,2351.520626,214.678396,1:15,5.07339,0.975,5.79355,-14.30568,19.58836,12.66075,3.37993,-0.60503,82.17,-3.32504,-0.566088,0.419018,,,,,,,,,,,,-7.32237,10.47422,-0.74929,50,5.02061,5.99204,-133.05697,-1.62793,-12.86451,33.87308,-13.77206,MIA_RED,MIA_RED,McKieFieldStad,TeamExclusive,Team,20251031-McKieFieldStad-Private-1,ccd88990-b674-11f0-8a07-17c2357ed222,89.95413,,,9.74468,,,,,,,4ba3adc6-5d81-4936-b0af-135018c654d9,2025-10-31,16:15:21.18,2025-10-31T12:15:21.1853312-04:00,2025-10-31T16:15:21.1853312Z,,v3,471355,471355,,,,Undefined,MIA_RED,8b6dadba-e01e-4d69-a278-37d5b291910f,54.69906,-134.2479,16.93654,5.06933,-1.14372,-6.88603,-0.96792,6.44434,-6.43225,,,,,,,,,,,,,,,,,,,,,,,,,,,,,,,,,,,,,,,,,,,,,,,,,,,High,High,High,,,,,
33,2025-10-31,12:15:52.70,6,1,"Burke, Clayton",1000266653,Right,MIA_RED,"Breidenbach, Mason",1000074554,Right,MIA_RED,Undefined,1,Bottom,2,0,0,ChangeUp,Changeup,StrikeCalled,Undefined,Undefined,Undefined,0,0,,79.12042,1.802754,-2.844459,1840.694722,271.519153,3:00,4.72522,1.48634,5.65864,-44.66939,1.17429,18.95753,2.68653,0.41139,71.23012,-6.450745,0.540208,0.487316,,,,,,,,,,,,-10.44481,0.55366,-1.25736,50,4.85024,4.93005,-114.56209,2.1372,-13.64411,24.53428,-31.4508,MIA_RED,MIA_RED,McKieFieldStad,TeamExclusive,Team,20251031-McKieFieldStad-Private-1,dfa88430-b674-11f0-8a07-17c2357ed222,77.34695,,,7.8903,,,,,,,4ba3adc6-5d81-4936-b0af-135018c654d9,2025-10-31,16:15:52.70,2025-10-31T12:15:52.7093760-04:00,2025-10-31T16:15:52.7093760Z,,v3,471355,471355,,,,Undefined,MIA_RED,18d684a2-2090-4add-abe6-e9b6f01299ee,54.83742,-115.59341,12.26714,4.73261,3.45927,-15.7254,-1.47665,5.5036,-6.82205,,,,,,,,,,,,,,,,,,,,,,,,,,,,,,,,,,,,,,,,,,,,,,,,,,,High,High,High,,,,,
34,2025-10-31,12:16:08.83,6,2,"Burke, Clayton",1000266653,Right,MIA_RED,"Breidenbach, Mason",1000074554,Right,MIA_RED,Undefined,1,Bottom,2,0,1,ChangeUp,Changeup,InPlay,Undefined,FlyBall,Out,1,0,,79.01226,2.144565,-2.864127,1747.590097,281.719525,3:30,4.56616,1.44775,5.62658,-48.13345,-2.11697,18.26938,2.55956,0.29547,71.18108,-6.719674,0.395666,0.488234,92.28868,22.08447,9.694337,1841.282694,108.60841,39.653,17.44117,349.44302,343.56056,9.208732,4.104012,-10.21965,-1.33071,-1.21585,50,4.7182,5.01215,-114.41939,2.69769,-13.31237,24.53664,-33.90746,MIA_RED,MIA_RED,McKieFieldStad,TeamExclusive,Team,20251031-McKieFieldStad-Private-1,e95b6d30-b674-11f0-8a07-17c2357ed222,77.20157,51.53952,,7.83118,,,,1.62388,2.61396,-0.29645,4ba3adc6-5d81-4936-b0af-135018c654d9,2025-10-31,16:16:08.83,2025-10-31T12:16:08.8370688-04:00,2025-10-31T16:16:08.8370688Z,LineDrive,v3,471355,471355,,,,Undefined,MIA_RED,82604333-507c-4028-8c25-7dc2b8603dc5,54.87195,-115.45943,12.26832,4.57339,4.13493,-16.95373,-1.44026,5.57642,-6.65618,175.053778,1.62304,123.65937,-18.77958,4.25475,-1.05588,0.29465,-0.07029,0.01024,-0.00063,2.61529,50.85009,-13.62189,-0.0742,0.37212,-0.20569,0.06246,-0.00954,0.00057,-0.29656,21.12569,-4.07605,1.12157,-0.2637,0.05257,-0.0084,0.00095,-5E-05,,,,,,,,,,,,,,,,,,,,,,,High,High,High,High,High,,,
35,2025-10-31,12:19:11.02,1,1,"Berggren, Austin",1000190938,Right,MIA_RED,"Novak, Ryan",10035937,Left,MIA_RED,Undefined,2,Top,0,0,0,Fastball,Cutter,BallCalled,Undefined,Undefined,Undefined,0,0,,91.20326,0.157642,-0.216894,2323.554744,180.848591,12:00,5.72146,1.44389,5.46543,-23.99147,10.28922,0.13563,3.86971,1.2522,82.86583,-4.305195,-0.192739,0.421402,,,,,,,,,,,,-0.13094,5.47985,-1.4249,50,5.71922,0.49454,-132.31937,-0.50626,-0.23103,29.49985,-22.50541,MIA_RED,MIA_RED,McKieFieldStad,TeamExclusive,Team,20251031-McKieFieldStad-Private-1,55e53940-b675-11f0-8a07-17c2357ed222,89.44539,,,8.33744,,,,,,,4ba3adc6-5d81-4936-b0af-135018c654d9,2025-10-31,16:19:11.02,2025-10-31T12:19:11.0257664-04:00,2025-10-31T16:19:11.0257664Z,,v3,471355,471355,,,,Undefined,MIA_RED,a817df3f-2085-4197-8c8f-31a460f8ef4e,55.029,-133.43585,14.74993,5.72226,0.3455,-11.2527,-1.44379,0.50328,-0.11552,,,,,,,,,,,,,,,,,,,,,,,,,,,,,,,,,,,,,,,,,,,,,,,,,,,High,High,High,,,,,
36,2025-10-31,12:19:29.94,1,2,"Berggren, Austin",1000190938,Right,MIA_RED,"Novak, Ryan",10035937,Left,MIA_RED,Undefined,2,Top,0,1,0,Cutter,Cutter,StrikeCalled,Undefined,Undefined,Undefined,0,0,,90.139,-1.479649,-1.650367,2326.55654,176.907985,12:00,5.45687,1.57778,5.69078,-26.19671,8.58075,-0.40232,1.89394,0.00573,82.31135,-6.333188,-1.722318,0.424444,,,,,,,,,,,,-0.27232,5.12992,-1.4388,50,5.31618,3.78592,-130.78867,-4.30327,-0.46991,28.56144,-23.32204,MIA_RED,MIA_RED,McKieFieldStad,TeamExclusive,Team,20251031-McKieFieldStad-Private-1,61392810-b675-11f0-8a07-17c2357ed222,88.80425,,,7.82765,,,,,,,4ba3adc6-5d81-4936-b0af-135018c654d9,2025-10-31,16:19:29.94,2025-10-31T12:19:29.9427840-04:00,2025-10-31T16:19:29.9427840Z,,v3,471355,471355,,,,Undefined,MIA_RED,5966adf1-f266-4f10-9c6b-4a2e67457d91,54.80607,-131.83404,14.28072,5.45806,-3.44967,-11.66102,-1.57768,3.80311,-0.23496,,,,,,,,,,,,,,,,,,,,,,,,,,,,,,,,,,,,,,,,,,,,,,,,,,,High,High,High,,,,,
37,2025-10-31,12:19:50.11,1,3,"Berggren, Austin",1000190938,Right,MIA_RED,"Novak, Ryan",10035937,Left,MIA_RED,Undefined,2,Top,0,1,1,Cutter,Slider,BallCalled,Undefined,Undefined,Undefined,0,0,,87.98091,-1.40807,-1.6829,2614.020455,124.267346,10:15,5.54137,1.60895,5.27389,-33.69301,2.76921,-2.61953,1.41026,-0.19046,81.87718,-7.511541,-2.148052,0.434603,,,,,,,,,,,,0.91705,2.02441,-1.45324,50,5.38775,3.8709,-127.83889,-4.43542,1.53918,22.84405,-28.77626,MIA_RED,MIA_RED,McKieFieldStad,TeamExclusive,Team,20251031-McKieFieldStad-Private-1,6d3eb3a0-b675-11f0-8a07-17c2357ed222,86.72837,,,6.10373,,,,,,,4ba3adc6-5d81-4936-b0af-135018c654d9,2025-10-31,16:19:50.11,2025-10-31T12:19:50.1178880-04:00,2025-10-31T16:19:50.1178880Z,,v3,471355,471355,,,,Undefined,MIA_RED,6215ef78-e352-4730-a40f-9094f1042237,55.22586,-128.76933,11.42203,5.54453,-3.26336,-14.38813,-1.60962,3.80821,0.76959,,,,,,,,,,,,,,,,,,,,,,,,,,,,,,,,,,,,,,,,,,,,,,,,,,,High,High,High,,,,,
38,2025-10-31,12:20:10.39,1,4,"Berggren, Austin",1000190938,Right,MIA_RED,"Novak, Ryan",10035937,Left,MIA_RED,Undefined,2,Top,0,2,1,Fastball,Cutter,StrikeCalled,Undefined,Undefined,Undefined,0,0,,91.74768,-0.301711,-1.136131,2348.204123,168.099248,11:30,5.5629,1.52954,5.86838,-24.40084,8.65945,-1.61571,3.24918,0.33944,84.22353,-4.84101,-1.425999,0.413833,,,,,,,,,,,,0.52209,4.82252,-1.43665,50,5.5243,2.7147,-133.32599,-1.5522,0.94362,27.56076,-23.45785,MIA_RED,MIA_RED,McKieFieldStad,TeamExclusive,Team,20251031-McKieFieldStad-Private-1,7935c040-b675-11f0-8a07-17c2357ed222,91.08137,,,7.52415,,,,,,,4ba3adc6-5d81-4936-b0af-135018c654d9,2025-10-31,16:20:10.39,2025-10-31T12:20:10.3911424-04:00,2025-10-31T16:20:10.3911424Z,,v3,471355,471355,,,,Undefined,MIA_RED,7a2ba62e-f459-4411-a418-34a5985a7aef,54.62891,-134.27945,13.78038,5.56397,-0.74068,-11.72893,-1.53,2.68206,0.47181,,,,,,,,,,,,,,,,,,,,,,,,,,,,,,,,,,,,,,,,,,,,,,,,,,,High,High,High,,,,,
39,2025-10-31,12:20:34.61,1,5,"Berggren, Austin",1000190938,Right,MIA_RED,"Novak, Ryan",10035937,Left,MIA_RED,Undefined,2,Top,0,2,2,ChangeUp,Changeup,FoulBallNotFieldable,Undefined,Undefined,Undefined,0,0,,84.97792,-0.165145,-3.73768,1757.20225,298.205149,4:00,5.35457,1.80005,5.42307,-45.31656,-5.51784,12.79953,1.42319,-0.63918,77.43819,-8.410199,-1.461762,0.454052,,,,,,,,,,,,-7.63256,-2.40705,-1.47743,50,5.308,7.50519,-123.1044,-2.02946,-11.60326,26.57065,-35.83329,MIA_RED,MIA_RED,McKieFieldStad,TeamExclusive,Team,20251031-McKieFieldStad-Private-1,87ce04a0-b675-11f0-8a07-17c2357ed222,83.01344,,,7.53973,,,,,,,4ba3adc6-5d81-4936-b0af-135018c654d9,2025-10-31,16:20:34.61,2025-10-31T12:20:34.6149376-04:00,2025-10-31T16:20:34.6149376Z,,v3,471355,471355,,,,Undefined,MIA_RED,7a263552-a6e1-4dbe-b30b-1e283827969c,55.0769,-124.19536,13.28533,5.36112,-0.55819,-17.91664,-1.79536,7.9816,-5.80163,,,,,,,,,,,,,,,,,,,,,,,,,,,,,,,,,,,,,,,,,,,,,,,,,,,High,High,High,,,,,
40,2025-10-31,12:21:05.65,1,6,"Berggren, Austin",1000190938,Right,MIA_RED,"Novak, Ryan",10035937,Left,MIA_RED,Undefined,2,Top,0,2,2,ChangeUp,Changeup,StrikeSwinging,Strikeout,Undefined,Undefined,0,0,,83.20633,-0.962991,-2.519649,1802.007951,292.638678,3:45,5.25888,1.80719,5.22784,-43.07802,-1.49957,6.83528,0.76282,0.00666,76.27437,-8.772675,-1.306445,0.464094,,,,,,,,,,,,-4.18284,-0.1348,-1.58037,50,5.13757,5.02404,-120.6486,-3.61049,-6.13581,24.52273,-32.37182,MIA_RED,MIA_RED,McKieFieldStad,TeamExclusive,Team,20251031-McKieFieldStad-Private-1,9a41fc90-b675-11f0-8a07-17c2357ed222,81.21733,,,6.93197,,,,,,,4ba3adc6-5d81-4936-b0af-135018c654d9,2025-10-31,16:21:05.65,2025-10-31T12:21:05.6558080-04:00,2025-10-31T16:21:05.6558080Z,,v3,471355,471355,,,,Undefined,MIA_RED,41e061dc-769e-4ea1-b41c-55b1581ed9a9,55.27159,-121.71537,12.26137,5.264,-2.20227,-16.18591,-1.80473,5.29096,-3.0679,,,,,,,,,,,,,,,,,,,,,,,,,,,,,,,,,,,,,,,,,,,,,,,,,,,High,High,High,,,,,
41,2025-10-31,12:21:47.74,2,1,"Berggren, Austin",1000190938,Right,MIA_RED,"Krupinski, Dom",702597,Left,MIA_RED,Undefined,2,Top,1,0,0,Cutter,Slider,StrikeCalled,Undefined,Undefined,Undefined,0,0,,87.13102,-1.174515,-1.245454,2473.46937,130.774042,10:15,5.53395,1.78477,5.30739,-33.27451,4.23827,-3.59028,1.65819,0.31633,80.19186,-7.240744,-1.883503,0.44082,,,,,,,,,,,,1.46323,2.79662,-1.66907,50,5.40325,2.90816,-126.48094,-3.8421,2.37728,25.0817,-27.63039,MIA_RED,MIA_RED,McKieFieldStad,TeamExclusive,Team,20251031-McKieFieldStad-Private-1,b359efd0-b675-11f0-8a07-17c2357ed222,85.50534,,,6.93916,,,,,,,4ba3adc6-5d81-4936-b0af-135018c654d9,2025-10-31,16:21:47.74,2025-10-31T12:21:47.7424640-04:00,2025-10-31T16:21:47.7424640Z,,v3,471355,471355,,,,Undefined,MIA_RED,e719baa1-fc98-403c-8ed0-76a134be365e,55.19035,-127.50605,12.54085,5.53721,-2.71282,-13.81519,-1.78594,2.811,1.18864,,,,,,,,,,,,,,,,,,,,,,,,,,,,,,,,,,,,,,,,,,,,,,,,,,,High,High,High,,,,,
42,2025-10-31,12:22:16.31,2,2,"Berggren, Austin",1000190938,Right,MIA_RED,"Krupinski, Dom",702597,Left,MIA_RED,Undefined,2,Top,1,0,1,ChangeUp,Changeup,BallCalled,Undefined,Undefined,Undefined,0,0,,82.96494,-0.97739,-3.792552,1784.698672,274.322865,3:15,5.33574,2.01002,5.24261,-41.11955,0.89976,6.79804,0.98846,-0.99292,75.75562,-8.45024,-2.588748,0.466548,,,,,,,,,,,,-4.54709,1.13528,-1.66645,50,5.21514,7.67477,-120.09494,-3.54739,-6.59246,24.84053,-30.52811,MIA_RED,MIA_RED,McKieFieldStad,TeamExclusive,Team,20251031-McKieFieldStad-Private-1,c45f63a0-b675-11f0-8a07-17c2357ed222,80.79013,,,7.20932,,,,,,,4ba3adc6-5d81-4936-b0af-135018c654d9,2025-10-31,16:22:16.31,2025-10-31T12:22:16.3147264-04:00,2025-10-31T16:22:16.3147264Z,,v3,471355,471355,,,,Undefined,MIA_RED,603fad2f-38ff-497a-9038-df3ecaa428ad,55.25537,-121.17709,12.42027,5.34071,-2.21746,-15.26406,-2.00705,7.96196,-3.29623,,,,,,,,,,,,,,,,,,,,,,,,,,,,,,,,,,,,,,,,,,,,,,,,,,,High,High,High,,,,,
43,2025-10-31,12:23:11.68,2,3,"Berggren, Austin",1000190938,Right,MIA_RED,"Krupinski, Dom",702597,Left,MIA_RED,Undefined,2,Top,1,1,1,Cutter,Slider,StrikeCalled,Undefined,Undefined,Undefined,0,0,,87.71804,-0.213204,-0.829802,2588.655647,105.532465,9:30,5.50902,1.67298,5.20873,-34.51494,2.88547,-5.99063,2.43226,0.39337,80.0404,-6.51587,-1.892235,0.440159,,,,,,,,,,,,2.73394,1.89173,-1.59163,50,5.46356,2.11694,-127.24583,-1.80509,4.46221,27.2113,-29.08645,MIA_RED,MIA_RED,McKieFieldStad,TeamExclusive,Team,20251031-McKieFieldStad-Private-1,e54d90a0-b675-11f0-8a07-17c2357ed222,85.63368,,,7.67765,,,,,,,4ba3adc6-5d81-4936-b0af-135018c654d9,2025-10-31,16:23:11.68,2025-10-31T12:23:11.6853760-04:00,2025-10-31T16:23:11.6853760Z,,v3,471355,471355,,,,Undefined,MIA_RED,de525654-031d-49f9-9bfd-98990841751b,55.28759,-128.3716,13.60565,5.51335,-0.60175,-14.54323,-1.67539,1.93233,2.23111,,,,,,,,,,,,,,,,,,,,,,,,,,,,,,,,,,,,,,,,,,,,,,,,,,,High,High,High,,,,,
44,2025-10-31,12:23:57.65,2,4,"Berggren, Austin",1000190938,Right,MIA_RED,"Krupinski, Dom",702597,Left,MIA_RED,Undefined,2,Top,1,1,2,Fastball,Four-Seam,BallCalled,Undefined,Undefined,Undefined,0,0,,91.97028,-0.810555,-0.871785,2506.661622,206.61337,1:00,5.70867,1.43446,5.37733,-23.04509,10.76465,4.83453,3.02825,1.02002,83.69886,-5.087578,-0.01204,0.418497,,,,,,,,,,,,-2.6689,5.97504,-1.3599,50,5.62011,1.80249,-133.41599,-2.73694,-4.79007,29.84247,-21.45026,MIA_RED,MIA_RED,McKieFieldStad,TeamExclusive,Team,20251031-McKieFieldStad-Private-1,00c0d900-b676-11f0-8a07-17c2357ed222,90.06621,,,8.27143,,,,,,,4ba3adc6-5d81-4936-b0af-135018c654d9,2025-10-31,16:23:57.65,2025-10-31T12:23:57.6574976-04:00,2025-10-31T16:23:57.6574976Z,,v3,471355,471355,,,,Undefined,MIA_RED,11865600-04c1-4468-8981-0d971fa514ac,55.11824,-134.55596,14.92123,5.709,-1.91754,-10.72513,-1.43225,1.98547,-2.39503,,,,,,,,,,,,,,,,,,,,,,,,,,,,,,,,,,,,,,,,,,,,,,,,,,,High,High,High,,,,,
45,2025-10-31,12:24:25.42,2,5,"Berggren, Austin",1000190938,Right,MIA_RED,"Krupinski, Dom",702597,Left,MIA_RED,Undefined,2,Top,1,2,2,Slider,Slider,BallCalled,Undefined,Undefined,Undefined,0,0,,81.95597,-0.130951,0.808897,2881.803767,86.740039,9:00,5.19627,1.8855,5.19651,-42.73459,0.27083,-20.60273,1.51187,0.92951,74.75712,-7.908349,-2.847942,0.47199,,,,,,,,,,,,10.42611,0.67394,-1.94471,50,5.15228,-0.78535,-118.8841,-1.8411,14.79145,24.64484,-31.21795,MIA_RED,MIA_RED,McKieFieldStad,TeamExclusive,Team,20251031-McKieFieldStad-Private-1,113e7f30-b676-11f0-8a07-17c2357ed222,79.85853,,,7.19886,,,,,,,4ba3adc6-5d81-4936-b0af-135018c654d9,2025-10-31,16:24:25.42,2025-10-31T12:24:25.4249472-04:00,2025-10-31T16:24:25.4249472Z,,v3,471355,471355,,,,Undefined,MIA_RED,8dbb1fe6-71d9-49e4-b436-9ffd2c60ed96,55.30101,-119.97797,12.32242,5.20324,-0.45547,-15.60898,-1.89528,-1.44187,7.39573,,,,,,,,,,,,,,,,,,,,,,,,,,,,,,,,,,,,,,,,,,,,,,,,,,,High,High,High,,,,,
46,2025-10-31,12:24:54.10,2,6,"Berggren, Austin",1000190938,Right,MIA_RED,"Krupinski, Dom",702597,Left,MIA_RED,Undefined,2,Top,1,3,2,Fastball,Four-Seam,InPlay,Undefined,FlyBall,Out,1,0,,92.16984,-0.553172,-2.081357,2488.722855,210.706369,1:00,5.6232,1.43023,5.96567,-22.3169,10.44981,5.5987,3.25022,-0.03385,84.30114,-4.731691,-1.075695,0.411991,83.71078,29.224713,-6.415093,3378.506082,108.44297,52.52841,-18.44192,291.67113,285.14232,-14.605226,4.292884,-3.46366,5.82914,-1.2684,50,5.56688,4.62641,-133.87075,-2.04163,-6.28756,28.81498,-21.59247,MIA_RED,MIA_RED,McKieFieldStad,TeamExclusive,Team,20251031-McKieFieldStad-Private-1,226fbdf0-b676-11f0-8a07-17c2357ed222,91.48847,61.17322,,7.8687,,,,0.88241,3.25617,0.0285,4ba3adc6-5d81-4936-b0af-135018c654d9,2025-10-31,16:24:54.10,2025-10-31T12:24:54.1032960-04:00,2025-10-31T16:24:54.1032960Z,FlyBall,v3,471355,471355,,,,Undefined,MIA_RED,453d840f-c71f-4fbe-b9d6-40699364c54a,54.53247,-134.84281,14.40749,5.62347,-1.31322,-10.79624,-1.42805,4.83852,-3.14378,147.752568,0.88386,106.44392,-18.82135,3.96123,-0.67729,0.09927,-0.02123,0.00434,-0.00035,3.25595,59.94436,-16.8588,0.68477,0.12827,-0.14138,0.05488,-0.00948,0.0006,0.02901,-11.98443,-4.04824,1.55873,-0.39504,0.08009,-0.0148,0.00194,-0.00011,,,,,,,,,,,,,,,,,,,,,,,High,High,High,High,High,,,
47,2025-10-31,12:25:31.47,3,1,"Berggren, Austin",1000190938,Right,MIA_RED,"Kirtley, Ryder",827333,Right,MIA_RED,Undefined,2,Top,2,0,0,Sinker,Sinker,StrikeCalled,Undefined,Undefined,Undefined,0,0,,89.39375,0.140574,-1.807009,2268.064097,262.527656,2:45,5.42963,1.62596,6.0533,-32.0758,2.64402,11.9056,2.88683,0.94489,81.83261,-5.808078,0.337117,0.424092,,,,,,,,,,,,-6.59548,1.68504,-1.49155,50,5.42359,3.5952,-129.88183,-0.79424,-11.26451,27.24333,-29.29617,MIA_RED,MIA_RED,McKieFieldStad,TeamExclusive,Team,20251031-McKieFieldStad-Private-1,38c89130-b676-11f0-8a07-17c2357ed222,88.87797,,,7.56114,,,,,,,4ba3adc6-5d81-4936-b0af-135018c654d9,2025-10-31,16:25:31.47,2025-10-31T12:25:31.4720000-04:00,2025-10-31T16:25:31.4720000Z,,v3,471355,471355,,,,Undefined,MIA_RED,fbb09b34-b5dc-4b3a-bcbc-db87631b5317,54.44436,-130.81073,13.62166,5.43364,0.20466,-14.64808,-1.62069,3.97928,-5.63225,,,,,,,,,,,,,,,,,,,,,,,,,,,,,60.87121,2.653832,0.91433,1.739502,-2.34249,2.4891,-0.97201,-3.73391,6.68809,1.02478,127.28066,-1.14686,2.31321,-3.52702,85.53159,-6.04573,6.77151,17.99709,-13.01704,1.04229,1.46383,-0.43031,High,High,High,,,High,High,High
48,2025-10-31,12:26:01.70,3,2,"Berggren, Austin",1000190938,Right,MIA_RED,"Kirtley, Ryder",827333,Right,MIA_RED,Undefined,2,Top,2,0,1,Fastball,Four-Seam,InPlay,Undefined,GroundBall,Out,1,0,,91.44311,-1.744678,-2.257526,2539.773434,221.281429,1:30,5.6493,1.31169,5.71492,-23.04202,10.66233,8.41083,2.10211,-0.0915,83.60066,-6.031157,-0.753275,0.417844,84.69012,-7.848229,-16.150006,,,,,17.46355,16.24955,-14.91235,0.13208,-4.93969,6.24083,-1.12823,50,5.48907,4.86379,-132.67627,-4.84583,-8.79227,28.76617,-21.06585,MIA_RED,MIA_RED,McKieFieldStad,TeamExclusive,Team,20251031-McKieFieldStad-Private-1,4ab97670-b676-11f0-8a07-17c2357ed222,90.20689,2.17544,,7.84245,,,,1.34247,2.17544,0.10829,4ba3adc6-5d81-4936-b0af-135018c654d9,2025-10-31,16:26:01.70,2025-10-31T12:26:01.7062912-04:00,2025-10-31T16:26:01.7062912Z,GroundBall,v3,471355,471355,,,,Undefined,MIA_RED,2320a2bc-92ae-4e84-9fd3-013a61db6ee6,54.78328,-133.70933,14.38309,5.64951,-4.0893,-10.53292,-1.30857,5.17954,-4.39614,162.600431,1.34244,118.19559,-4.49109,,,,,,,2.17536,-16.95324,3.66615,,,,,,,0.10834,-34.23134,-4.65377,,,,,,,,,,,,,,,,,,,,,,,,,,,,,High,High,High,High,High,,,
49,2025-10-31,12:29:00.27,1,1,"Burke, Clayton",1000266653,Right,MIA_RED,"Appelwick, Evan",695485,Right,MIA_RED,Undefined,2,Bottom,0,0,0,Sinker,Sinker,BallCalled,Undefined,Undefined,Undefined,0,0,,90.86906,-2.035388,-1.773497,2256.359575,239.57625,2:00,4.90816,1.28724,5.82247,-22.66493,11.41469,17.52001,1.12546,1.09794,82.88293,-6.267999,1.36857,0.420164,,,,,,,,,,,,-9.45386,6.76,-1.15263,50,4.72832,3.3188,-131.85199,-5.45045,-16.56717,29.22148,-20.32763,MIA_RED,MIA_RED,McKieFieldStad,TeamExclusive,Team,20251031-McKieFieldStad-Private-1,b5256b90-b676-11f0-8a07-17c2357ed222,89.70886,,,7.98613,,,,,,,4ba3adc6-5d81-4936-b0af-135018c654d9,2025-10-31,16:29:00.27,2025-10-31T12:29:00.2763776-04:00,2025-10-31T16:29:00.2763776Z,,v3,471355,471355,,,,Undefined,MIA_RED,6f7183dd-f301-4579-8759-1940925981f1,54.67531,-132.88411,14.61074,4.90815,-4.73246,-10.16381,-1.28019,3.90397,-8.28359,,,,,,,,,,,,,,,,,,,,,,,,,,,,,,,,,,,,,,,,,,,,,,,,,,,High,High,High,,,,,
50,2025-10-31,12:29:18.93,1,2,"Burke, Clayton",1000266653,Right,MIA_RED,"Appelwick, Evan",695485,Right,MIA_RED,Undefined,2,Bottom,0,1,0,Slider,Slider,InPlay,Undefined,GroundBall,Out,1,0,,81.45581,1.238122,-0.406339,2344.500662,98.906093,9:15,4.79384,1.26723,5.46493,-40.98699,2.68504,-6.6528,2.53725,0.33253,73.10532,-6.328931,-1.591452,0.475634,54.4607,-76.699136,-61.882538,,,,,3.66772,3.31294,-14.998709,0.035335,3.23673,1.33984,-1.22667,50,4.87489,1.10669,-118.01127,1.15479,4.46053,27.22595,-30.32763,MIA_RED,MIA_RED,McKieFieldStad,TeamExclusive,Team,20251031-McKieFieldStad-Private-1,c0452b00-b676-11f0-8a07-17c2357ed222,79.2467,2.76537,,8.35049,,,,3.23466,2.76537,-0.3726,4ba3adc6-5d81-4936-b0af-135018c654d9,2025-10-31,16:29:18.93,2025-10-31T12:29:18.9389824-04:00,2025-10-31T16:29:18.9389824Z,GroundBall,v3,471355,471355,,,,Undefined,MIA_RED,42348136-63d4-4df0-be33-6e1131c2cecc,55.03157,-119.16643,13.61298,4.7986,2.44156,-15.16382,-1.26961,0.91743,2.23026,,3.23433,8.71937,,,,,,,,2.76838,-78.26132,,,,,,,,-0.37197,-16.31796,,,,,,,,,,,,,,,,,,,,,,,,,,,,,,High,High,High,Low,Low,,,
51,2025-10-31,12:29:57.50,2,1,"Burke, Clayton",1000266653,Right,MIA_RED,"Breidenbach, Mason",1000074554,Right,MIA_RED,Undefined,2,Bottom,1,0,0,Fastball,Sinker,FoulBallNotFieldable,Undefined,Undefined,Undefined,0,0,,91.40032,-1.80503,-2.64303,2150.153277,227.704995,1:30,4.94118,1.35172,5.6247,-18.98887,15.21828,15.39028,1.6721,0.1662,82.61613,-5.391406,0.103313,0.420949,,,,,,,,,,,,-8.63796,8.62953,-1.13661,50,4.77533,5.42161,-132.41637,-4.79855,-15.1583,31.34663,-17.03056,MIA_RED,MIA_RED,McKieFieldStad,TeamExclusive,Team,20251031-McKieFieldStad-Private-1,d75b33c0-b676-11f0-8a07-17c2357ed222,89.54152,,,8.78419,,,,,,,4ba3adc6-5d81-4936-b0af-135018c654d9,2025-10-31,16:29:57.50,2025-10-31T12:29:57.5034368-04:00,2025-10-31T16:29:57.5034368Z,,v3,471355,471355,,,,Undefined,MIA_RED,8d11af0c-4125-4707-9b6e-29d3264e5a56,54.87216,-133.56476,15.67332,4.9397,-4.17463,-8.51528,-1.3454,5.97695,-7.57915,,,,,,,,,,,,,,,,,,,,,,,,,,,,,,,,,,,,,,,,,,,,,,,,,,,High,High,High,,,,,
52,2025-10-31,12:30:28.65,2,2,"Burke, Clayton",1000266653,Right,MIA_RED,"Breidenbach, Mason",1000074554,Right,MIA_RED,Undefined,2,Bottom,1,0,1,Fastball,Four-Seam,BallCalled,Undefined,Undefined,Undefined,0,0,,92.14089,-1.814584,-4.129044,2426.913217,220.704241,1:15,5.06571,1.16239,5.61435,-13.18816,20.52021,16.62276,2.26816,-1.31274,83.21091,-4.369121,-1.171456,0.417869,,,,,,,,,,,,-9.57536,11.2352,-0.81983,50,4.902,8.84267,-133.28029,-4.58809,-17.07415,30.96748,-12.14014,MIA_RED,MIA_RED,McKieFieldStad,TeamExclusive,Team,20251031-McKieFieldStad-Private-1,e9d8efb0-b676-11f0-8a07-17c2357ed222,90.20158,,,8.92999,,,,,,,4ba3adc6-5d81-4936-b0af-135018c654d9,2025-10-31,16:30:28.65,2025-10-31T12:30:28.6595584-04:00,2025-10-31T16:30:28.6595584Z,,v3,471355,471355,,,,Undefined,MIA_RED,acd4ee71-58a5-429b-8827-70e2260e90b3,54.88077,-134.40954,15.48374,5.06124,-4.14539,-6.07007,-1.15364,9.46529,-8.53707,,,,,,,,,,,,,,,,,,,,,,,,,,,,,,,,,,,,,,,,,,,,,,,,,,,High,High,High,,,,,
53,2025-10-31,12:30:47.97,2,3,"Burke, Clayton",1000266653,Right,MIA_RED,"Breidenbach, Mason",1000074554,Right,MIA_RED,Undefined,2,Bottom,1,1,1,Sinker,Sinker,StrikeCalled,Undefined,Undefined,Undefined,0,0,,92.10865,-1.318596,-2.134479,2374.47484,240.569232,2:00,4.9288,1.23951,5.72161,-22.07387,11.44583,18.19599,1.86006,0.76679,83.31426,-5.457714,1.121112,0.416698,,,,,,,,,,,,-9.86319,6.57516,-1.07236,50,4.8052,4.14674,-133.53892,-3.8338,-17.60586,31.83845,-20.43736,MIA_RED,MIA_RED,McKieFieldStad,TeamExclusive,Team,20251031-McKieFieldStad-Private-1,f5559c30-b676-11f0-8a07-17c2357ed222,90.45505,,,8.79438,,,,,,,4ba3adc6-5d81-4936-b0af-135018c654d9,2025-10-31,16:30:47.97,2025-10-31T12:30:47.9721472-04:00,2025-10-31T16:30:47.9721472Z,,v3,471355,471355,,,,Undefined,MIA_RED,fdb77949-a1b6-4849-8a14-ec12ff2562f1,54.77455,-134.67245,15.91923,4.92874,-3.10617,-10.21868,-1.23115,4.77355,-8.80293,,,,,,,,,,,,,,,,,,,,,,,,,,,,,,,,,,,,,,,,,,,,,,,,,,,High,High,High,,,,,
54,2025-10-31,12:31:07.82,2,4,"Burke, Clayton",1000266653,Right,MIA_RED,"Breidenbach, Mason",1000074554,Right,MIA_RED,Undefined,2,Bottom,1,1,2,Fastball,Four-Seam,FoulBallNotFieldable,Undefined,Undefined,Undefined,0,0,,92.6175,-1.027906,-1.928764,2339.036022,218.069664,1:15,5.08263,1.07551,5.73282,-14.06595,19.15808,14.0643,2.9526,0.45071,83.3576,-3.75035,0.586617,0.414856,72.15843,34.63244,-163.981164,3062.058215,,,,,45.27088,,,-7.78552,10.42646,-0.92364,50,4.98866,3.88721,-134.26713,-2.80889,-14.00043,33.11629,-13.42454,MIA_RED,MIA_RED,McKieFieldStad,TeamExclusive,Team,20251031-McKieFieldStad-Private-1,012b1710-b677-11f0-8a07-17c2357ed222,90.85664,27.22768,,9.2599,,,,1.3005,2.9443,-0.44094,4ba3adc6-5d81-4936-b0af-135018c654d9,2025-10-31,16:31:07.82,2025-10-31T12:31:07.8234112-04:00,2025-10-31T16:31:07.8234112Z,,v3,471355,471355,,,,Undefined,MIA_RED,18837d68-366d-4f5a-a856-da111bf64710,54.76347,-135.43692,16.55815,5.07951,-2.33469,-6.71227,-1.06969,4.38176,-7.00021,4.493602,1.3005,-83.69909,5.31987,-0.11988,0.1597,-0.86823,1.89589,-1.97566,0.80167,2.9443,60.14508,-31.61196,4.2814,0.69082,-6.06126,12.2089,-11.60827,4.22972,-0.44094,-24.03032,2.45669,0.93717,0.63296,-3.71185,7.65556,-7.54877,2.87992,,,,,,,,,,,,,,,,,,,,,,,High,High,High,High,Undefined,,,
55,2025-10-31,12:31:41.31,2,5,"Burke, Clayton",1000266653,Right,MIA_RED,"Breidenbach, Mason",1000074554,Right,MIA_RED,Undefined,2,Bottom,1,1,2,Curveball,Curveball,StrikeSwinging,Strikeout,Undefined,Undefined,0,0,,74.25573,1.291745,-0.264965,2391.913095,45.86963,7:30,5.29289,1.1199,5.32605,-65.1513,-13.09091,-15.23139,1.07594,-0.39801,68.25604,-10.489107,-2.978949,0.519308,,,,,,,,,,,,7.56437,-6.46374,-1.08457,50,5.36247,1.07196,-107.82544,0.25498,8.82486,20.33259,-39.71486,MIA_RED,MIA_RED,McKieFieldStad,TeamExclusive,Team,20251031-McKieFieldStad-Private-1,153195e0-b677-11f0-8a07-17c2357ed222,72.58209,,,5.99969,,,,,,,4ba3adc6-5d81-4936-b0af-135018c654d9,2025-10-31,16:31:41.31,2025-10-31T12:31:41.3130000-04:00,2025-10-31T16:31:41.3130000Z,,v3,471355,471355,,,,Undefined,MIA_RED,405a9c74-f8ce-411d-9bf0-48c7c946a691,55.17637,-108.79717,10.16629,5.30493,2.15302,-19.85743,-1.12572,0.65021,4.41243,,,,,,,,,,,,,,,,,,,,,,,,,,,,,70.8787,,,0.89375,,,,1.59145,5.03336,1.10453,63.57096,4.84149,61.20679,1.62117,74.99619,-6.38762,5.04561,11.61844,-13.26865,1.1186,70.32876,-3.47991,High,High,High,,,High,High,High
56,2025-10-31,12:32:16.45,3,1,"Burke, Clayton",1000266653,Right,MIA_RED,"Novak, Ryan",10035937,Left,MIA_RED,Undefined,2,Bottom,2,0,0,ChangeUp,Changeup,StrikeCalled,Undefined,Undefined,Undefined,0,0,,78.94555,0.993493,-2.600893,1838.38887,255.795324,2:30,4.59362,1.64001,5.80794,-39.16856,6.51181,19.19017,2.25449,0.81888,71.20884,-6.293279,0.836229,0.486448,,,,,,,,,,,,-10.55973,3.50477,-1.43786,50,4.65225,4.44818,-114.40361,0.76525,-13.77369,24.21951,-27.60257,MIA_RED,MIA_RED,McKieFieldStad,TeamExclusive,Team,20251031-McKieFieldStad-Private-1,2a1ecb30-b677-11f0-8a07-17c2357ed222,77.48505,,,7.73672,,,,,,,4ba3adc6-5d81-4936-b0af-135018c654d9,2025-10-31,16:32:16.45,2025-10-31T12:32:16.4555264-04:00,2025-10-31T16:32:16.4555264Z,,v3,471355,471355,,,,Undefined,MIA_RED,76bafbfc-5443-49dd-a135-6f905312fa15,54.68793,-115.39179,12.10976,4.59805,1.89146,-13.80129,-1.63081,5.01016,-6.88685,,,,,,,,,,,,,,,,,,,,,,,,,,,,,,,,,,,,,,,,,,,,,,,,,,,High,High,High,,,,,
57,2025-10-31,12:32:36.06,3,2,"Burke, Clayton",1000266653,Right,MIA_RED,"Novak, Ryan",10035937,Left,MIA_RED,Undefined,2,Bottom,2,0,1,ChangeUp,Changeup,BallCalled,Undefined,Undefined,Undefined,0,0,,79.80852,-0.297793,-2.297944,1966.806725,269.768588,3:00,4.56761,1.46055,5.93146,-42.7525,1.65469,17.47103,0.7284,0.78336,72.38097,-8.206841,0.843895,0.479621,,,,,,,,,,,,-9.70804,1.40008,-1.28691,50,4.51985,3.98389,-115.76674,-1.94991,-12.96876,24.76278,-30.30369,MIA_RED,MIA_RED,McKieFieldStad,TeamExclusive,Team,20251031-McKieFieldStad-Private-1,35cce7f0-b677-11f0-8a07-17c2357ed222,78.58801,,,7.42755,,,,,,,4ba3adc6-5d81-4936-b0af-135018c654d9,2025-10-31,16:32:36.06,2025-10-31T12:32:36.0686592-04:00,2025-10-31T16:32:36.0686592Z,,v3,471355,471355,,,,Undefined,MIA_RED,2b812b21-9a20-436b-a04b-bfab5fe4ac30,54.56641,-116.73942,12.38139,4.57306,-0.75959,-15.15184,-1.4534,4.4933,-6.48438,,,,,,,,,,,,,,,,,,,,,,,,,,,,,,,,,,,,,,,,,,,,,,,,,,,High,High,High,,,,,
58,2025-10-31,12:32:54.76,3,3,"Burke, Clayton",1000266653,Right,MIA_RED,"Novak, Ryan",10035937,Left,MIA_RED,Undefined,2,Bottom,2,1,1,Sinker,Sinker,FoulBallNotFieldable,Undefined,Undefined,Undefined,0,0,,91.33382,-0.666246,-1.987774,2214.877934,233.622117,1:45,4.97965,1.19012,6.00435,-19.16296,14.78119,18.3491,2.76506,0.8768,81.95289,-4.328406,1.311701,0.419328,58.32668,-49.246324,75.769743,,,,,3.1366,2.92063,26.606864,0.043215,-10.11434,8.18193,-1.04398,50,4.91696,3.80593,-132.43802,-2.12145,-17.60933,33.49156,-17.92908,MIA_RED,MIA_RED,McKieFieldStad,TeamExclusive,Team,20251031-McKieFieldStad-Private-1,40e50640-b677-11f0-8a07-17c2357ed222,89.8877,2.81727,,9.38093,,,,2.20763,2.81727,-0.94856,4ba3adc6-5d81-4936-b0af-135018c654d9,2025-10-31,16:32:54.76,2025-10-31T12:32:54.7665920-04:00,2025-10-31T16:32:54.7665920Z,GroundBall,v3,471355,471355,,,,Undefined,MIA_RED,e240ffb6-035f-4af4-a9df-1867cf35f987,54.49212,-133.56917,16.74578,4.97839,-1.51591,-8.96454,-1.18257,4.40067,-8.80467,180,2.20705,13.81012,,,,,,,,2.81997,-65.19159,,,,,,,,-0.95081,54.45611,,,,,,,,,,,,,,,,,,,,,,,,,,,,,,High,High,High,Low,Low,,,
59,2025-10-31,12:33:33.56,3,4,"Burke, Clayton",1000266653,Right,MIA_RED,"Novak, Ryan",10035937,Left,MIA_RED,Undefined,2,Bottom,2,1,2,Fastball,Sinker,BallCalled,Undefined,Undefined,Undefined,0,0,,92.87948,-0.042469,-2.261413,2434.267921,225.301433,1:30,5.07268,1.26653,5.6583,-13.50765,19.47639,18.52989,3.90741,0.70073,83.86054,-2.656181,1.047239,0.413355,,,,,,,,,,,,-10.01804,10.18965,-1.08676,50,5.06072,4.45443,-134.67953,-0.47598,-18.22236,31.89088,-13.6395,MIA_RED,MIA_RED,McKieFieldStad,TeamExclusive,Team,20251031-McKieFieldStad-Private-1,57f0fce0-b677-11f0-8a07-17c2357ed222,91.18663,,,9.01895,,,,,,,4ba3adc6-5d81-4936-b0af-135018c654d9,2025-10-31,16:33:33.56,2025-10-31T12:33:33.5662592-04:00,2025-10-31T16:33:33.5662592Z,,v3,471355,471355,,,,Undefined,MIA_RED,7a995a11-c1d5-41bb-8eaf-9b38d7101ddd,54.83761,-135.8202,15.94544,5.06902,0.01188,-6.81975,-1.25774,5.10621,-9.11118,,,,,,,,,,,,,,,,,,,,,,,,,,,,,,,,,,,,,,,,,,,,,,,,,,,High,High,High,,,,,
60,2025-10-31,12:33:57.40,3,5,"Burke, Clayton",1000266653,Right,MIA_RED,"Novak, Ryan",10035937,Left,MIA_RED,Undefined,2,Bottom,2,2,2,ChangeUp,Changeup,StrikeSwinging,Strikeout,Undefined,Undefined,0,0,,79.43647,0.094822,-2.460605,1651.235289,260.10363,2:45,4.55618,1.40861,5.82743,-40.67337,4.18217,15.04131,1.25496,0.37329,72.1616,-7.431457,0.236763,0.482036,,,,,,,,,,,,-8.45473,2.55654,-1.21658,50,4.54003,4.37803,-115.21803,-1.092,-11.23447,23.70784,-28.77696,MIA_RED,MIA_RED,McKieFieldStad,TeamExclusive,Team,20251031-McKieFieldStad-Private-1,665c3dd0-b677-11f0-8a07-17c2357ed222,78.19423,,,7.27487,,,,,,,4ba3adc6-5d81-4936-b0af-135018c654d9,2025-10-31,16:33:57.40,2025-10-31T12:33:57.4080000-04:00,2025-10-31T16:33:57.4080000Z,,v3,471355,471355,,,,Undefined,MIA_RED,4913b433-14e3-435f-9f8f-04f35f29ff1f,54.67012,-116.175,11.85392,4.56067,0.06959,-14.38848,-1.40245,4.83151,-5.61723,,,,,,,,,,,,,,,,,,,,,,,,,,,,,61.19299,,,1.129346,,,,-6.12342,3.14632,1.84316,67.73004,7.51326,57.04703,-6.0767,70.58414,-4.61851,3.21915,22.24491,-16.30693,1.83147,49.90478,-0.90106,High,High,High,,,High,High,High
61,2025-10-31,12:37:10.96,1,1,"Berggren, Austin",1000190938,Right,MIA_RED,"Roa Calcano, Christopher",1000375139,Left,MIA_RED,Undefined,3,Top,0,0,0,Sinker,Sinker,StrikeCalled,Undefined,Undefined,Undefined,0,0,,88.75086,0.295549,-1.989835,2175.687057,244.331083,2:15,5.28389,1.76457,5.7511,-29.87777,5.80638,9.72985,3.06938,0.72226,81.06653,-5.237555,-0.248463,0.429941,,,,,,,,,,,,-5.49713,3.22567,-1.60531,50,5.29031,4.05624,-128.84726,-0.3896,-9.23203,27.01727,-26.75676,MIA_RED,MIA_RED,McKieFieldStad,TeamExclusive,Team,20251031-McKieFieldStad-Private-1,d9b8b650-b677-11f0-8a07-17c2357ed222,87.66883,,,7.68433,,,,,,,4ba3adc6-5d81-4936-b0af-135018c654d9,2025-10-31,16:37:10.96,2025-10-31T12:37:10.9664256-04:00,2025-10-31T16:37:10.9664256Z,,v3,471355,471355,,,,Undefined,MIA_RED,081deeb6-8f13-48f2-9b04-26fbaf79a7e7,54.74614,-129.83864,13.50864,5.28659,0.59221,-13.37838,-1.76036,4.39501,-4.61601,,,,,,,,,,,,,,,,,,,,,,,,,,,,,,,,,,,,,,,,,,,,,,,,,,,High,High,High,,,,,
62,2025-10-31,12:37:26.23,1,2,"Berggren, Austin",1000190938,Right,MIA_RED,"Roa Calcano, Christopher",1000375139,Left,MIA_RED,Undefined,3,Top,0,0,1,ChangeUp,Changeup,FoulBallNotFieldable,Undefined,Undefined,Undefined,0,0,,84.36465,-0.205509,-2.389245,1751.257861,270.159819,3:00,5.35279,1.85326,5.27089,-39.03817,1.26417,13.38194,1.9064,0.7229,77.17202,-7.322162,-0.013822,0.456916,67.09021,70.814186,-66.94705,4629.790876,,,,106.55442,42.79428,-92.608561,4.647034,-7.41831,1.04524,-1.64524,50,5.30513,4.53699,-122.37713,-1.87469,-11.21468,24.85469,-30.5939,MIA_RED,MIA_RED,McKieFieldStad,TeamExclusive,Team,20251031-McKieFieldStad-Private-1,e2bc2570-b677-11f0-8a07-17c2357ed222,82.49311,95.42954,,7.19263,,,,1.4532,3.11659,-0.91687,4ba3adc6-5d81-4936-b0af-135018c654d9,2025-10-31,16:37:26.23,2025-10-31T12:37:26.2332416-04:00,2025-10-31T16:37:26.2332416Z,Popup,v3,471355,471355,,,,Undefined,MIA_RED,b7c4c363-af33-43c9-90ff-604e2a4c3da1,55.22827,-123.43442,12.42735,5.35719,-0.57326,-15.29695,-1.84839,5.01406,-5.60734,,1.44836,12.73273,-11.63728,4.29298,-0.7096,-0.16513,0.11756,-0.02297,0.00154,3.12586,92.68541,-27.61605,1.10922,1.87871,-1.21707,0.35223,-0.05029,0.00285,-0.92545,-29.56451,0.18046,2.0133,-1.41562,0.53725,-0.10776,0.01033,-0.00035,,,,,,,,,,,,,,,,,,,,,,,High,High,High,Medium,Low,,,
63,2025-10-31,12:37:51.87,1,3,"Berggren, Austin",1000190938,Right,MIA_RED,"Roa Calcano, Christopher",1000375139,Left,MIA_RED,Undefined,3,Top,0,0,2,Fastball,Four-Seam,BallCalled,Undefined,Undefined,Undefined,0,0,,92.36495,-0.215652,-1.791999,2385.703145,204.970209,12:45,5.66061,1.2685,5.91546,-23.73198,8.86426,3.66811,3.48271,-0.08944,84.69144,-4.639402,-1.133589,0.410918,,,,,,,,,,,,-2.35622,4.90815,-1.12695,50,5.62981,4.03801,-134.18958,-1.32712,-4.31121,28.09378,-23.19355,MIA_RED,MIA_RED,McKieFieldStad,TeamExclusive,Team,20251031-McKieFieldStad-Private-1,f205b870-b677-11f0-8a07-17c2357ed222,91.72741,,,7.67352,,,,,,,4ba3adc6-5d81-4936-b0af-135018c654d9,2025-10-31,16:37:51.87,2025-10-31T12:37:51.8783488-04:00,2025-10-31T16:37:51.8783488Z,,v3,471355,471355,,,,Undefined,MIA_RED,8ab87bc9-ac74-4142-8dbb-836314fa9f54,54.58192,-135.14544,14.04689,5.66154,-0.53799,-11.59678,-1.26683,4.18469,-2.1556,,,,,,,,,,,,,,,,,,,,,,,,,,,,,,,,,,,,,,,,,,,,,,,,,,,High,High,High,,,,,
64,2025-10-31,12:38:09.96,1,4,"Berggren, Austin",1000190938,Right,MIA_RED,"Roa Calcano, Christopher",1000375139,Left,MIA_RED,Undefined,3,Top,0,1,2,Fastball,Sinker,BallCalled,Undefined,Undefined,Undefined,0,0,,90.67258,-0.982106,-3.218751,2377.918561,247.771872,2:15,5.24371,1.6394,5.63965,-30.72226,3.35075,5.80807,1.76581,-0.88242,83.79302,-6.608034,-2.182585,0.420123,,,,,,,,,,,,-3.74878,2.26646,-1.36948,50,5.14053,7.14497,-131.61082,-3.40822,-6.63777,25.44574,-28.16097,MIA_RED,MIA_RED,McKieFieldStad,TeamExclusive,Team,20251031-McKieFieldStad-Private-1,fcb21ca0-b677-11f0-8a07-17c2357ed222,89.7176,,,6.87956,,,,,,,4ba3adc6-5d81-4936-b0af-135018c654d9,2025-10-31,16:38:09.96,2025-10-31T12:38:09.9663872-04:00,2025-10-31T16:38:09.9663872Z,,v3,471355,471355,,,,Undefined,MIA_RED,5f06d53a-767d-4bcb-b567-5ad5bf4b6416,54.85894,-132.54692,12.72287,5.24686,-2.37223,-14.08048,-1.63682,7.38916,-3.31888,,,,,,,,,,,,,,,,,,,,,,,,,,,,,,,,,,,,,,,,,,,,,,,,,,,High,High,High,,,,,
65,2025-10-31,12:38:29.48,1,5,"Berggren, Austin",1000190938,Right,MIA_RED,"Roa Calcano, Christopher",1000375139,Left,MIA_RED,Undefined,3,Top,0,2,2,ChangeUp,Changeup,BallCalled,Undefined,Undefined,Undefined,0,0,,85.74582,-1.859876,-2.821578,1895.492768,265.184861,2:45,5.22448,1.78455,5.36877,-36.93577,1.60059,5.75292,0.39995,-0.38368,79.47184,-8.55517,-1.79856,0.446793,,,,,,,,,,,,-3.63969,1.57933,-1.53568,50,5.03092,5.8919,-124.42669,-5.40386,-5.75066,23.1348,-29.67872,MIA_RED,MIA_RED,McKieFieldStad,TeamExclusive,Team,20251031-McKieFieldStad-Private-1,0897eb30-b678-11f0-8a07-17c2357ed222,84.36212,,,6.27398,,,,,,,4ba3adc6-5d81-4936-b0af-135018c654d9,2025-10-31,16:38:29.48,2025-10-31T12:38:29.4883840-04:00,2025-10-31T16:38:29.4883840Z,,v3,471355,471355,,,,Undefined,MIA_RED,7a624c2b-e93a-4068-b9cd-75db6c0c92b3,55.13147,-125.37716,11.5674,5.22789,-4.18454,-14.83936,-1.7826,6.12816,-2.87533,,,,,,,,,,,,,,,,,,,,,,,,,,,,,,,,,,,,,,,,,,,,,,,,,,,High,High,High,,,,,
66,2025-10-31,12:38:58.39,1,6,"Berggren, Austin",1000190938,Right,MIA_RED,"Roa Calcano, Christopher",1000375139,Left,MIA_RED,Undefined,3,Top,0,3,2,Fastball,Slider,StrikeCalled,Strikeout,Undefined,Undefined,0,0,,91.60165,-0.540869,-0.932543,2394.860474,188.724089,12:15,5.58173,1.33504,5.70853,-25.6421,7.70961,1.02957,2.9409,0.55195,84.15689,-5.286953,-0.748313,0.415653,,,,,,,,,,,,-0.76764,4.38292,-1.25759,50,5.52058,2.1203,-133.08979,-2.18325,-1.3835,27.26977,-24.27479,MIA_RED,MIA_RED,McKieFieldStad,TeamExclusive,Team,20251031-McKieFieldStad-Private-1,199fa8f0-b678-11f0-8a07-17c2357ed222,90.6825,,,7.44476,,,,,,,4ba3adc6-5d81-4936-b0af-135018c654d9,2025-10-31,16:38:58.39,2025-10-31T12:38:58.3981568-04:00,2025-10-31T16:38:58.3981568Z,,v3,471355,471355,,,,Undefined,MIA_RED,6cc7ae3d-5ecd-4187-a9e2-e4fc6b3c86c9,54.78852,-134.06735,13.63489,5.58325,-1.31305,-12.1374,-1.33449,2.1699,-0.69175,,,,,,,,,,,,,,,,,,,,,,,,,,,,,,,,,,,,,,,,,,,,,,,,,,,High,High,High,,,,,
67,2025-10-31,12:39:25.78,2,1,"Berggren, Austin",1000190938,Right,MIA_RED,"Kirtley, Ryder",827333,Right,MIA_RED,Undefined,3,Top,1,0,0,Fastball,Four-Seam,BallCalled,Undefined,Undefined,Undefined,0,0,,92.80081,-1.899219,-2.883103,2400.03013,201.662106,12:45,5.64467,1.27719,5.76377,-23.2736,9.1141,3.24788,1.93471,-1.13773,85.69935,-6.200096,-2.302316,0.409601,,,,,,,,,,,,-2.38315,5.42134,-1.04036,50,5.47306,6.64056,-134.69888,-5.30408,-4.41894,26.72391,-22.12158,MIA_RED,MIA_RED,McKieFieldStad,TeamExclusive,Team,20251031-McKieFieldStad-Private-1,29fe0750-b678-11f0-8a07-17c2357ed222,92.02223,,,7.10147,,,,,,,4ba3adc6-5d81-4936-b0af-135018c654d9,2025-10-31,16:39:25.78,2025-10-31T12:39:25.7800192-04:00,2025-10-31T16:39:25.7800192Z,,v3,471355,471355,,,,Undefined,MIA_RED,d2c4fd94-1938-40be-834d-b74b181a608f,54.73465,-135.63496,13.36196,5.64528,-4.5292,-11.06079,-1.27568,6.79535,-2.20947,,,,,,,,,,,,,,,,,,,,,,,,,,,,,,,,,,,,,,,,,,,,,,,,,,,High,High,High,,,,,
68,2025-10-31,12:39:40.60,2,2,"Berggren, Austin",1000190938,Right,MIA_RED,"Kirtley, Ryder",827333,Right,MIA_RED,Undefined,3,Top,1,1,0,Fastball,Four-Seam,StrikeSwinging,Undefined,Undefined,Undefined,0,0,,92.64452,-0.415312,-1.31374,2472.315992,193.992053,12:30,5.6625,1.30891,5.73545,-24.33993,7.78867,1.73587,3.24733,0.23,86.23854,-4.90091,-1.003072,0.40796,,,,,,,,,,,,-1.17925,4.32949,-1.2006,50,5.6128,3.01557,-134.80697,-1.86493,-2.21213,23.97675,-24.05244,MIA_RED,MIA_RED,McKieFieldStad,TeamExclusive,Team,20251031-McKieFieldStad-Private-1,32b74e10-b678-11f0-8a07-17c2357ed222,92.39255,,,6.40597,,,,,,,4ba3adc6-5d81-4936-b0af-135018c654d9,2025-10-31,16:39:40.60,2025-10-31T12:39:40.6078464-04:00,2025-10-31T16:39:40.6078464Z,,v3,471355,471355,,,,Undefined,MIA_RED,9458b339-5dc6-42dd-a157-d611cd306ee7,54.76416,-135.65168,11.98837,5.66357,-1.01756,-12.02622,-1.30821,3.0935,-1.10606,,,,,,,,,,,,,,,,,,,,,,,,,,,,,,,,,,,,,,,,,,,,,,,,,,,High,High,High,,,,,
69,2025-10-31,12:39:55.69,2,3,"Berggren, Austin",1000190938,Right,MIA_RED,"Kirtley, Ryder",827333,Right,MIA_RED,Undefined,3,Top,1,1,1,Cutter,Slider,InPlay,Undefined,FlyBall,Out,1,0,,89.24423,-0.509153,-1.372001,2598.250237,137.497468,10:30,5.58473,1.44422,5.31898,-30.97458,4.62551,-3.28496,2.52555,-0.11735,82.27533,-6.165279,-1.95554,0.429435,88.18608,26.970565,-0.541532,1452.812926,109.94448,48.60934,3.48497,340.60042,335.3869,5.624179,4.243651,1.30287,2.74937,-1.31749,50,5.51612,3.2501,-129.63529,-2.33108,2.23143,25.46403,-27.46524,MIA_RED,MIA_RED,McKieFieldStad,TeamExclusive,Team,20251031-McKieFieldStad-Private-1,3bd71ed0-b678-11f0-8a07-17c2357ed222,87.77224,60.93227,,6.96889,,,,1.31624,2.57509,0.10492,4ba3adc6-5d81-4936-b0af-135018c654d9,2025-10-31,16:39:55.69,2025-10-31T12:39:55.6937216-04:00,2025-10-31T16:39:55.6937216Z,FlyBall,v3,471355,471355,,,,Undefined,MIA_RED,8e30aba0-d2fa-4159-9570-8ddb62dde5df,55.18028,-130.64888,12.73201,5.58715,-1.23783,-13.73262,-1.44509,3.16128,1.11572,206.314842,1.31657,115.2585,-18.13962,4.31219,-0.84626,0.1663,-0.03515,0.00543,-0.00036,2.57549,58.65108,-15.3775,0.16872,0.2408,-0.1591,0.05305,-0.00853,0.00052,0.10467,-1.08165,5.03366,-1.32784,0.24545,-0.03281,0.00405,-0.00055,4E-05,,,,,,,,,,,,,,,,,,,,,,,High,High,High,High,High,,,
70,2025-10-31,12:40:27.96,3,1,"Berggren, Austin",1000190938,Right,MIA_RED,"Christiansen, Hayden",830132,Right,MIA_RED,Undefined,3,Top,2,0,0,Fastball,Slider,InPlay,Undefined,GroundBall,Single,0,0,,92.28684,-0.735716,-1.517762,2391.832021,198.701935,12:30,5.62945,1.12382,5.9424,-24.61553,7.62788,2.29083,2.89544,-0.09345,85.66617,-5.29177,-1.106162,0.408688,93.46237,-5.765674,22.303661,,,,,23.52337,22.48409,23.036807,0.171843,-1.53941,4.35933,-1.00423,50,5.55677,3.46126,-134.26667,-2.58593,-2.85294,24.92587,-24.09513,MIA_RED,MIA_RED,McKieFieldStad,TeamExclusive,Team,20251031-McKieFieldStad-Private-1,4f034330-b678-11f0-8a07-17c2357ed222,92.22788,2.7979,,6.62067,,,,0.55631,2.7979,0.09738,4ba3adc6-5d81-4936-b0af-135018c654d9,2025-10-31,16:40:27.96,2025-10-31T12:40:27.9651328-04:00,2025-10-31T16:40:27.9651328Z,GroundBall,v3,471355,471355,,,,Undefined,MIA_RED,99a6af63-796d-4902-904e-42769ca05cef,54.55751,-135.1101,12.46293,5.63047,-1.77061,-12.04756,-1.12298,3.5578,-1.42647,273.463875,0.55683,126.14034,-19.8499,,,,,,,2.79816,-13.79098,-14.51239,,,,,,,0.09684,51.80112,7.01891,,,,,,,,,,,,,,,,,,,,,,,,,,,,,High,High,High,High,High,,,
71,2025-10-31,12:40:58.41,4,1,"Berggren, Austin",1000190938,Right,MIA_RED,"Rasmussen, Jamie",10272616,Right,MIA_RED,Undefined,3,Top,2,0,0,Cutter,Slider,BallCalled,Undefined,Undefined,Undefined,0,0,,88.49084,-0.048333,-0.346984,2616.378583,115.243598,9:45,5.54642,1.63633,5.32884,-33.00266,3.23984,-4.57953,2.75085,0.92912,81.40181,-6.077234,-1.161029,0.433292,,,,,,,,,,,,2.19823,1.98579,-1.6016,50,5.51835,0.9847,-128.53725,-1.37084,3.69582,25.40857,-28.83537,MIA_RED,MIA_RED,McKieFieldStad,TeamExclusive,Team,20251031-McKieFieldStad-Private-1,61385d60-b678-11f0-8a07-17c2357ed222,86.99089,,,7.08903,,,,,,,4ba3adc6-5d81-4936-b0af-135018c654d9,2025-10-31,16:40:58.41,2025-10-31T12:40:58.4141312-04:00,2025-10-31T16:40:58.4141312Z,,v3,471355,471355,,,,Undefined,MIA_RED,b566281b-898d-4197-95f1-6f9689fab578,55.1689,-129.55498,12.70429,5.55012,-0.21585,-14.41769,-1.63808,0.83666,1.84791,,,,,,,,,,,,,,,,,,,,,,,,,,,,,,,,,,,,,,,,,,,,,,,,,,,High,High,High,,,,,
72,2025-10-31,12:41:14.95,4,2,"Berggren, Austin",1000190938,Right,MIA_RED,"Rasmussen, Jamie",10272616,Right,MIA_RED,Undefined,3,Top,2,1,0,Fastball,Cutter,BallCalled,Undefined,Undefined,Undefined,0,0,,91.88797,-0.189048,-0.583923,2428.076428,189.809402,12:15,5.59685,1.32255,5.81431,-25.08726,7.76705,1.18102,3.33046,0.87801,84.74869,-4.83776,-0.372171,0.412541,,,,,,,,,,,,-0.74752,4.31662,-1.27542,50,5.56644,1.30971,-133.60763,-1.33487,-1.36409,26.22384,-24.29717,MIA_RED,MIA_RED,McKieFieldStad,TeamExclusive,Team,20251031-McKieFieldStad-Private-1,6b1b3000-b678-11f0-8a07-17c2357ed222,91.36647,,,7.13928,,,,,,,4ba3adc6-5d81-4936-b0af-135018c654d9,2025-10-31,16:41:14.95,2025-10-31T12:41:14.9533696-04:00,2025-10-31T16:41:14.9533696Z,,v3,471355,471355,,,,Undefined,MIA_RED,59927878-4eae-4165-85dc-8e54343273b1,54.68345,-134.52373,13.11192,5.59825,-0.48607,-12.14859,-1.32201,1.35736,-0.68205,,,,,,,,,,,,,,,,,,,,,,,,,,,,,,,,,,,,,,,,,,,,,,,,,,,High,High,High,,,,,
73,2025-10-31,12:41:34.18,4,3,"Berggren, Austin",1000190938,Right,MIA_RED,"Rasmussen, Jamie",10272616,Right,MIA_RED,Undefined,3,Top,2,2,0,Fastball,Four-Seam,BallCalled,Undefined,Undefined,Undefined,0,0,,91.96135,-0.239222,-0.293909,2404.668798,201.821088,12:45,5.74973,1.27777,5.5622,-22.71631,10.45406,3.79933,3.63321,1.3198,84.62742,-4.450249,0.384032,0.414521,,,,,,,,,,,,-1.98697,5.65311,-1.25491,50,5.7142,0.51177,-133.63925,-1.37943,-3.62266,26.59699,-21.86714,MIA_RED,MIA_RED,McKieFieldStad,TeamExclusive,Team,20251031-McKieFieldStad-Private-1,76690450-b678-11f0-8a07-17c2357ed222,90.93009,,,7.33393,,,,,,,4ba3adc6-5d81-4936-b0af-135018c654d9,2025-10-31,16:41:34.18,2025-10-31T12:41:34.1863936-04:00,2025-10-31T16:41:34.1863936Z,,v3,471355,471355,,,,Undefined,MIA_RED,c8daf153-8ce1-41ee-9b7c-df1952c81577,54.93483,-134.61781,13.2985,5.75015,-0.5749,-10.93357,-1.27619,0.64506,-1.81133,,,,,,,,,,,,,,,,,,,,,,,,,,,,,,,,,,,,,,,,,,,,,,,,,,,High,High,High,,,,,
74,2025-10-31,12:41:58.66,4,4,"Berggren, Austin",1000190938,Right,MIA_RED,"Rasmussen, Jamie",10272616,Right,MIA_RED,Undefined,3,Top,2,3,0,Fastball,Four-Seam,BallCalled,Walk,Undefined,Undefined,0,0,,91.57565,-0.309461,-1.09507,2396.315892,204.079441,12:45,5.69,1.41971,5.76518,-23.95568,9.26268,3.70532,3.40563,0.70921,84.26821,-4.757352,-0.431495,0.414821,,,,,,,,,,,,-2.16134,5.10949,-1.33132,50,5.64987,2.37976,-133.09259,-1.56405,-3.90565,26.57453,-22.94102,MIA_RED,MIA_RED,McKieFieldStad,TeamExclusive,Team,20251031-McKieFieldStad-Private-1,850148b0-b678-11f0-8a07-17c2357ed222,90.8644,,,7.30744,,,,,,,4ba3adc6-5d81-4936-b0af-135018c654d9,2025-10-31,16:41:58.66,2025-10-31T12:41:58.6659840-04:00,2025-10-31T16:41:58.6659840Z,,v3,471355,471355,,,,Undefined,MIA_RED,a1a2ec9b-2215-44d1-9a34-7de0563550c2,54.73209,-134.03411,13.28727,5.69089,-0.75126,-11.47051,-1.41808,2.51814,-1.95282,,,,,,,,,,,,,,,,,,,,,,,,,,,,,,,,,,,,,,,,,,,,,,,,,,,High,High,High,,,,,
75,2025-10-31,12:42:32.77,5,1,"Berggren, Austin",1000190938,Right,MIA_RED,"Breidenbach, Mason",1000074554,Right,MIA_RED,Undefined,3,Top,2,0,0,Fastball,Four-Seam,StrikeCalled,Undefined,Undefined,Undefined,0,0,,91.4916,-1.568176,-1.626584,2397.753032,196.510416,12:30,5.64227,1.48309,5.82073,-22.3321,10.82327,2.92669,2.32237,0.21433,84.52067,-5.714224,-1.101972,0.414427,,,,,,,,,,,,-1.89795,6.22288,-1.35178,50,5.50067,3.64814,-132.94738,-4.40942,-3.43161,25.77465,-20.92265,MIA_RED,MIA_RED,McKieFieldStad,TeamExclusive,Team,20251031-McKieFieldStad-Private-1,99624390-b678-11f0-8a07-17c2357ed222,90.95066,,,6.97093,,,,,,,4ba3adc6-5d81-4936-b0af-135018c654d9,2025-10-31,16:42:32.77,2025-10-31T12:42:32.7742464-04:00,2025-10-31T16:42:32.7742464Z,,v3,471355,471355,,,,Undefined,MIA_RED,8638e7da-fd4e-493e-b019-767d7d51388d,54.67726,-133.85109,12.88733,5.64241,-3.67583,-10.46133,-1.4818,3.76846,-1.7158,,,,,,,,,,,,,,,,,,,,,,,,,,,,,,,,,,,,,,,,,,,,,,,,,,,High,High,High,,,,,
76,2025-10-31,12:42:48.94,5,2,"Berggren, Austin",1000190938,Right,MIA_RED,"Breidenbach, Mason",1000074554,Right,MIA_RED,Undefined,3,Top,2,0,1,Fastball,Four-Seam,BallCalled,Undefined,Undefined,Undefined,0,0,,92.48535,-1.965941,-0.67978,2403.718913,190.324834,12:15,5.61158,1.5998,6.08779,-22.22474,9.75504,1.61831,1.94009,1.1058,85.84662,-6.09654,-0.388007,0.407014,,,,,,,,,,,,-0.99843,5.78792,-1.54823,50,5.44802,1.52845,-134.52148,-5.36313,-1.85538,25.32152,-21.41848,MIA_RED,MIA_RED,McKieFieldStad,TeamExclusive,Team,20251031-McKieFieldStad-Private-1,a323f9a0-b678-11f0-8a07-17c2357ed222,92.60724,,,6.63873,,,,,,,4ba3adc6-5d81-4936-b0af-135018c654d9,2025-10-31,16:42:48.94,2025-10-31T12:42:48.9430528-04:00,2025-10-31T16:42:48.9430528Z,,v3,471355,471355,,,,Undefined,MIA_RED,4cd3d549-295e-493a-8a7e-848758a6fa52,54.41127,-135.34929,12.66076,5.61191,-4.66292,-10.70924,-1.59918,1.58911,-0.92769,,,,,,,,,,,,,,,,,,,,,,,,,,,,,,,,,,,,,,,,,,,,,,,,,,,High,High,High,,,,,
77,2025-10-31,12:43:09.55,5,3,"Berggren, Austin",1000190938,Right,MIA_RED,"Breidenbach, Mason",1000074554,Right,MIA_RED,Undefined,3,Top,2,1,1,Fastball,Four-Seam,BallCalled,Undefined,Undefined,Undefined,0,0,,90.29882,-0.174956,-0.619962,2410.582611,206.529726,1:00,5.58698,1.59142,5.67663,-24.05734,10.18571,4.58949,3.41909,1.39592,83.15216,-4.638129,0.200683,0.42117,,,,,,,,,,,,-2.48016,5.53319,-1.54205,50,5.55712,1.21776,-131.24861,-1.24474,-4.3625,25.59795,-22.44142,MIA_RED,MIA_RED,McKieFieldStad,TeamExclusive,Team,20251031-McKieFieldStad-Private-1,af5cf140-b678-11f0-8a07-17c2357ed222,89.49457,,,7.14666,,,,,,,4ba3adc6-5d81-4936-b0af-135018c654d9,2025-10-31,16:43:09.55,2025-10-31T12:43:09.5570000-04:00,2025-10-31T16:43:09.5570000Z,,v3,471355,471355,,,,Undefined,MIA_RED,ed343ab5-1c0b-48ff-9839-05b55e0d638c,54.82073,-132.18547,12.79898,5.58764,-0.4234,-11.22071,-1.58954,1.37742,-2.18125,,,,,,,,,,,,,,,,,,,,,,,,,,,,,78.79046,2.015113,0.774195,1.240918,-2.0715,3.12612,-1.40977,-1.55042,5.63972,0.30083,127.27764,1.30238,-0.45606,-1.4683,113.66908,-8.04253,5.68188,13.48219,-13.73619,0.24705,-4.99226,3.59865,High,High,High,,,High,High,Medium
78,2025-10-31,12:43:40.05,5,4,"Berggren, Austin",1000190938,Right,MIA_RED,"Breidenbach, Mason",1000074554,Right,MIA_RED,Undefined,3,Top,2,2,1,Cutter,Slider,BallCalled,Undefined,Undefined,Undefined,0,0,,87.94396,-2.005806,-2.233637,2721.841628,79.899112,8:45,5.52155,1.51443,5.37722,-36.47919,-0.02748,-5.70422,0.59908,-1.0559,81.94784,-8.594262,-3.248446,0.43454,,,,,,,,,,,,2.33307,0.78465,-1.31025,50,5.31581,5.22875,-127.71177,-5.86936,3.90082,23.25934,-30.86211,MIA_RED,MIA_RED,McKieFieldStad,TeamExclusive,Team,20251031-McKieFieldStad-Private-1,c1766d20-b678-11f0-8a07-17c2357ed222,86.74092,,,5.99612,,,,,,,4ba3adc6-5d81-4936-b0af-135018c654d9,2025-10-31,16:43:40.05,2025-10-31T12:43:40.0599040-04:00,2025-10-31T16:43:40.0599040Z,,v3,471355,471355,,,,Undefined,MIA_RED,ec752405-23ca-4105-82b9-4982cc4fe57f,55.12274,-128.64136,11.62967,5.52574,-4.63592,-15.43105,-1.51611,5.07285,1.95041,,,,,,,,,,,,,,,,,,,,,,,,,,,,,,,,,,,,,,,,,,,,,,,,,,,High,High,High,,,,,
79,2025-10-31,12:44:28.58,5,5,"Berggren, Austin",1000190938,Right,MIA_RED,"Breidenbach, Mason",1000074554,Right,MIA_RED,Undefined,3,Top,2,3,1,Fastball,Cutter,BallCalled,Walk,Undefined,Undefined,0,0,,91.03659,-0.037065,-2.276571,2448.273911,201.58091,12:45,5.65198,1.48906,5.82308,-25.09049,8.45823,2.9615,3.52662,-0.38171,83.82705,-4.691706,-1.746241,0.416878,,,,,,,,,,,,-2.08803,4.63929,-1.30464,50,5.63407,5.12902,-132.25881,-0.9641,-3.72886,26.03694,-23.88901,MIA_RED,MIA_RED,McKieFieldStad,TeamExclusive,Team,20251031-McKieFieldStad-Private-1,de658010-b678-11f0-8a07-17c2357ed222,90.41595,,,7.20954,,,,,,,4ba3adc6-5d81-4936-b0af-135018c654d9,2025-10-31,16:44:28.58,2025-10-31T12:44:28.5827072-04:00,2025-10-31T16:44:28.5827072Z,,v3,471355,471355,,,,Undefined,MIA_RED,a703c771-5ccd-4baa-8b2b-84bdf44f9c08,54.67462,-133.1759,13.01847,5.65321,-0.12267,-11.9445,-1.48761,5.26036,-1.86443,,,,,,,,,,,,,,,,,,,,,,,,,,,,,,,,,,,,,,,,,,,,,,,,,,,High,High,High,,,,,
80,2025-10-31,12:44:58.56,6,1,"Berggren, Austin",1000190938,Right,MIA_RED,"Dierks, Marcus",10322729,Left,MIA_RED,Undefined,3,Top,2,0,0,Fastball,Cutter,StrikeCalled,Undefined,Undefined,Undefined,0,0,,90.8689,-1.985624,-2.097781,2410.860587,197.911211,12:30,5.63914,1.55886,5.69082,-24.80005,8.89036,2.57366,1.71993,-0.18262,84.3411,-6.548297,-1.637623,0.417758,,,,,,,,,,,,-1.81004,5.29445,-1.38412,50,5.4565,4.72387,-132.01193,-5.46676,-3.2389,24.41566,-22.70017,MIA_RED,MIA_RED,McKieFieldStad,TeamExclusive,Team,20251031-McKieFieldStad-Private-1,f068b4d0-b678-11f0-8a07-17c2357ed222,90.22559,,,6.5278,,,,,,,4ba3adc6-5d81-4936-b0af-135018c654d9,2025-10-31,16:44:58.56,2025-10-31T12:44:58.5609728-04:00,2025-10-31T16:44:58.5609728Z,,v3,471355,471355,,,,Undefined,MIA_RED,f983f03a-bdfc-4223-a6f8-989aa6f41cda,54.80801,-132.8982,12.20783,5.63998,-4.64276,-11.35009,-1.55773,4.84144,-1.61945,,,,,,,,,,,,,,,,,,,,,,,,,,,,,,,,,,,,,,,,,,,,,,,,,,,High,High,High,,,,,
81,2025-10-31,12:45:15.00,6,2,"Berggren, Austin",1000190938,Right,MIA_RED,"Dierks, Marcus",10322729,Left,MIA_RED,Undefined,3,Top,2,0,1,ChangeUp,Changeup,StrikeSwinging,Undefined,Undefined,Undefined,0,0,,84.70104,0.078406,-2.705764,1752.047441,274.198043,3:15,5.34012,1.85425,5.32809,-38.80227,0.9615,3.62331,2.18025,-0.38453,77.76919,-6.991438,-2.062646,0.453853,,,,,,,,,,,,-2.55571,0.84161,-1.61225,50,5.31925,5.65118,-122.86982,-1.26399,-3.91297,23.99637,-30.88548,MIA_RED,MIA_RED,McKieFieldStad,TeamExclusive,Team,20251031-McKieFieldStad-Private-1,fa4bae80-b678-11f0-8a07-17c2357ed222,83.04992,,,6.93185,,,,,,,4ba3adc6-5d81-4936-b0af-135018c654d9,2025-10-31,16:45:15.00,2025-10-31T12:45:15.0040576-04:00,2025-10-31T16:45:15.0040576Z,,v3,471355,471355,,,,Undefined,MIA_RED,36720509-f8a6-40e6-bc51-279bd2bc577a,55.16998,-123.8754,11.99819,5.3451,0.03028,-15.44274,-1.8525,5.81515,-1.95649,,,,,,,,,,,,,,,,,,,,,,,,,,,,,,,,,,,,,,,,,,,,,,,,,,,High,High,High,,,,,
82,2025-10-31,12:45:31.00,6,3,"Berggren, Austin",1000190938,Right,MIA_RED,"Dierks, Marcus",10322729,Left,MIA_RED,Undefined,3,Top,2,0,2,ChangeUp,Changeup,BallCalled,Undefined,Undefined,Undefined,0,0,,86.28186,-1.453316,-1.968254,1776.855045,264.331661,2:45,5.25494,1.92004,5.34619,-36.59766,1.75555,5.50174,0.84084,0.53159,79.24999,-8.114838,-0.989488,0.445731,,,,,,,,,,,,-3.33327,1.62024,-1.74687,50,5.09763,4.06653,-125.18114,-4.53607,-5.28374,25.51242,-29.60571,MIA_RED,MIA_RED,McKieFieldStad,TeamExclusive,Team,20251031-McKieFieldStad-Private-1,03d11ee0-b679-11f0-8a07-17c2357ed222,84.56328,,,7.03187,,,,,,,4ba3adc6-5d81-4936-b0af-135018c654d9,2025-10-31,16:45:31.00,2025-10-31T12:45:31.0060544-04:00,2025-10-31T16:45:31.0060544Z,,v3,471355,471355,,,,Undefined,MIA_RED,168ece32-d082-4ef4-893b-f81306e24ba1,55.15272,-126.22692,12.75621,5.25869,-3.32251,-14.80285,-1.918,4.28312,-2.64187,,,,,,,,,,,,,,,,,,,,,,,,,,,,,,,,,,,,,,,,,,,,,,,,,,,High,High,High,,,,,
83,2025-10-31,12:45:51.88,6,4,"Berggren, Austin",1000190938,Right,MIA_RED,"Dierks, Marcus",10322729,Left,MIA_RED,Undefined,3,Top,2,1,2,Cutter,Slider,InPlay,Undefined,GroundBall,Out,1,0,,87.73463,0.153556,-1.46469,2671.369137,93.495931,9:00,5.47868,1.5516,5.42597,-35.3414,1.46339,-5.87544,2.67743,-0.31015,80.66849,-6.302302,-2.510257,0.43664,75.29412,-14.438863,36.296201,,,,,12.48142,12.06715,32.914626,0.1028,2.58067,1.00055,-1.41743,50,5.46757,3.51156,-127.42812,-0.97894,4.255,25.50742,-30.52437,MIA_RED,MIA_RED,McKieFieldStad,TeamExclusive,Team,20251031-McKieFieldStad-Private-1,10454ac0-b679-11f0-8a07-17c2357ed222,86.32386,2.84018,,7.06614,,,,1.58754,2.84018,0.25254,4ba3adc6-5d81-4936-b0af-135018c654d9,2025-10-31,16:45:51.88,2025-10-31T12:45:51.8892544-04:00,2025-10-31T16:45:51.8892544Z,GroundBall,v3,471355,471355,,,,Undefined,MIA_RED,e7a4d7e0-f715-428d-a3ee-1e278c9d2333,55.07334,-128.43964,12.75371,5.48239,0.23154,-15.26219,-1.55334,3.34282,2.1275,180,1.58274,86.48251,,,,,,,,2.84171,-27.62825,,,,,,,,0.24902,63.51889,,,,,,,,,,,,,,,,,,,,,,,,,,,,,,High,High,High,Low,Low,,,
84,2025-10-31,12:49:11.21,1,1,"Benko, Troy",10267339,Right,MIA_RED,"Roa Calcano, Christopher",1000375139,Left,MIA_RED,Undefined,3,Bottom,0,0,0,Fastball,Sinker,InPlay,Undefined,GroundBall,Out,1,0,,87.78176,-1.693207,-1.702909,2068.456507,220.357297,1:15,5.92702,1.25386,5.86995,-23.74297,12.87501,9.8656,2.37456,0.49378,79.68814,-6.148577,0.067566,0.435531,77.7477,1.048351,42.613851,2535.462539,,,,44.59957,42.01913,41.969112,0.398747,-5.59394,7.47882,-1.12191,50,5.77629,3.3776,-127.33403,-4.52144,-9.094,28.54706,-20.01586,MIA_RED,MIA_RED,McKieFieldStad,TeamExclusive,Team,20251031-McKieFieldStad-Private-1,86ee5630-b679-11f0-8a07-17c2357ed222,86.54372,2.57819,,8.09362,,,,2.27692,2.52975,-0.39885,4ba3adc6-5d81-4936-b0af-135018c654d9,2025-10-31,16:49:11.21,2025-10-31T12:49:11.2198656-04:00,2025-10-31T16:49:11.2198656Z,GroundBall,v3,471355,471355,,,,Undefined,MIA_RED,9572977e-b524-417e-975d-dc4026e7f216,54.62719,-128.36721,14.27353,5.92682,-3.79702,-10.00793,-1.25011,3.70673,-4.547,,2.28338,83.68783,-15.7223,,,,,,,2.53707,1.84124,-20.61817,,,,,,,-0.4009,77.26066,-3.64529,,,,,,,,,,,,,,,,,,,,,,,,,,,,,High,High,High,High,High,,,
85,2025-10-31,12:49:42.09,2,1,"Benko, Troy",10267339,Right,MIA_RED,"Gonzalez Rivera, Ignacio",10124440,Right,MIA_RED,Undefined,3,Bottom,1,0,0,Sinker,Changeup,FoulBallNotFieldable,Undefined,Undefined,Undefined,0,0,,85.70049,-0.698974,-2.061718,2026.220728,238.91691,2:00,6.0089,1.01452,5.19522,-30.70769,9.4828,13.02245,2.792,0.15959,76.30362,-6.398922,0.245834,0.456282,67.96184,39.849584,66.195178,4637.19864,30.06482,56.67482,105.81165,198.22744,76.2724,81.480621,3.790496,-7.20552,5.44177,-0.83359,50,5.92159,3.86765,-123.89315,-2.611,-10.87686,31.39443,-23.9596,MIA_RED,MIA_RED,McKieFieldStad,TeamExclusive,Team,20251031-McKieFieldStad-Private-1,99605250-b679-11f0-8a07-17c2357ed222,82.60784,56.78822,,9.39688,,,,-0.18402,2.52198,0.12172,4ba3adc6-5d81-4936-b0af-135018c654d9,2025-10-31,16:49:42.09,2025-10-31T12:49:42.0995072-04:00,2025-10-31T16:49:42.0995072Z,FlyBall,v3,471355,471355,,,,Undefined,MIA_RED,fe8a545a-eea9-469c-a2a6-70c1f8217f1f,55.29744,-125.22833,15.69722,6.01097,-1.59202,-11.9798,-1.00791,4.33024,-5.43843,,-0.18399,30.88051,-10.46006,2.17048,-0.24153,-0.14213,0.07072,-0.01222,0.00078,2.52149,63.88636,-21.48651,2.20952,-0.62539,0.20609,-0.04941,0.00648,-0.00035,0.12183,70.00576,-4.83894,-0.3119,0.49319,-0.30628,0.09801,-0.01626,0.00111,,,,,,,,,,,,,,,,,,,,,,,High,High,High,High,Low,,,
86,2025-10-31,12:50:03.17,2,2,"Benko, Troy",10267339,Right,MIA_RED,"Gonzalez Rivera, Ignacio",10124440,Right,MIA_RED,Undefined,3,Bottom,1,0,1,Cutter,Slider,BallCalled,Undefined,Undefined,Undefined,0,0,,84.92983,-1.446595,-3.010287,2098.098698,184.656965,12:15,5.93455,0.9083,5.36434,-28.89065,10.7702,0.77327,2.16841,-1.85253,77.75282,-6.761157,-2.873084,0.453265,,,,,,,,,,,,-1.22973,6.20981,-0.63848,50,5.7843,6.43739,-123.05108,-4.11769,-1.88409,24.58326,-22.65991,MIA_RED,MIA_RED,McKieFieldStad,TeamExclusive,Team,20251031-McKieFieldStad-Private-1,a5c7acf0-b679-11f0-8a07-17c2357ed222,83.15759,,,7.177,,,,,,,4ba3adc6-5d81-4936-b0af-135018c654d9,2025-10-31,16:50:03.17,2025-10-31T12:50:03.1746048-04:00,2025-10-31T16:50:03.1746048Z,,v3,471355,471355,,,,Undefined,MIA_RED,b0db395e-8950-4d2f-8161-e91bad296979,55.1311,-124.07194,12.29163,5.93576,-3.1767,-11.32996,-0.90743,6.51563,-0.94204,,,,,,,,,,,,,,,,,,,,,,,,,,,,,,,,,,,,,,,,,,,,,,,,,,,High,High,High,,,,,
87,2025-10-31,12:50:18.30,2,3,"Benko, Troy",10267339,Right,MIA_RED,"Gonzalez Rivera, Ignacio",10124440,Right,MIA_RED,Undefined,3,Bottom,1,1,1,Fastball,Sinker,BallCalled,Undefined,Undefined,Undefined,0,0,,87.24383,0.188846,-2.04283,2070.940221,220.912412,1:15,6.12066,0.98113,5.76887,-23.07297,13.9719,11.0489,4.37377,-2E-05,79.28639,-4.149608,-0.065624,0.438062,,,,,,,,,,,,-6.17422,7.41985,-0.81869,50,6.12244,4.03844,-126.57948,-0.31547,-9.9734,26.89328,-20.18853,MIA_RED,MIA_RED,McKieFieldStad,TeamExclusive,Team,20251031-McKieFieldStad-Private-1,aed94ce0-b679-11f0-8a07-17c2357ed222,86.04368,,,7.95744,,,,,,,4ba3adc6-5d81-4936-b0af-135018c654d9,2025-10-31,16:50:18.30,2025-10-31T12:50:18.3038464-04:00,2025-10-31T16:50:18.3038464Z,,v3,471355,471355,,,,Undefined,MIA_RED,5d6bcea8-89e2-4d10-ab42-4753dac356c3,54.72634,-127.5797,13.44664,6.12022,0.43538,-10.09427,-0.97579,4.40937,-4.9867,,,,,,,,,,,,,,,,,,,,,,,,,,,,,,,,,,,,,,,,,,,,,,,,,,,High,High,High,,,,,
88,2025-10-31,12:50:35.37,2,4,"Benko, Troy",10267339,Right,MIA_RED,"Gonzalez Rivera, Ignacio",10124440,Right,MIA_RED,Undefined,3,Bottom,1,2,1,Fastball,Four-Seam,FoulBallNotFieldable,Undefined,Undefined,Undefined,0,0,,86.99287,-0.187369,-1.690043,2060.75994,214.733131,1:15,5.86364,0.96966,5.88624,-24.46332,12.49544,7.8441,3.65097,0.05357,79.40217,-4.772669,-0.282719,0.437553,72.69115,16.72338,167.17439,2997.389652,,,,125.43812,40.24178,172.153386,1.337561,-4.43886,6.80603,-0.8376,50,5.8345,3.39124,-126.29195,-1.19177,-7.16362,25.90227,-21.19019,MIA_RED,MIA_RED,McKieFieldStad,TeamExclusive,Team,20251031-McKieFieldStad-Private-1,b8f83e20-b679-11f0-8a07-17c2357ed222,86.1438,12.3632,,7.59071,,,,-0.43312,3.42572,-0.04616,4ba3adc6-5d81-4936-b0af-135018c654d9,2025-10-31,16:50:35.37,2025-10-31T12:50:35.3764352-04:00,2025-10-31T16:50:35.3764352Z,LineDrive,v3,471355,471355,,,,Undefined,MIA_RED,531ae0e6-e834-4ff0-91c0-b7e907878c1e,54.60852,-127.23363,12.95114,5.86383,-0.4214,-10.5951,-0.96563,3.65168,-3.58181,322.929484,-0.31628,-100.75267,5.98489,,,,,,,3.62552,28.63489,-23.53652,,,,,,,0.05151,21.65843,-6.69771,,,,,,,,,,,,,,,,,,,,,,,,,,,,,High,High,High,High,Low,,,
89,2025-10-31,12:50:57.83,2,5,"Benko, Troy",10267339,Right,MIA_RED,"Gonzalez Rivera, Ignacio",10124440,Right,MIA_RED,Undefined,3,Bottom,1,2,2,Slider,Slider,StrikeSwinging,Strikeout,Undefined,Undefined,0,0,,81.23892,-0.639314,-2.958403,2108.765772,161.983196,11:30,5.90338,1.00973,5.13417,-38.31026,6.52741,-1.54213,2.108,-1.90715,72.68309,-7.677252,-3.23095,0.48194,,,,,,,,,,,,-0.29862,4.01366,-0.73091,50,5.81455,6.13172,-117.3485,-2.66195,-0.40512,27.80637,-26.72881,MIA_RED,MIA_RED,McKieFieldStad,TeamExclusive,Team,20251031-McKieFieldStad-Private-1,c66aee40-b679-11f0-8a07-17c2357ed222,78.20981,,,8.55583,,,,,,,4ba3adc6-5d81-4936-b0af-135018c654d9,2025-10-31,16:50:57.83,2025-10-31T12:50:57.8360000-04:00,2025-10-31T16:50:57.8360000Z,,v3,471355,471355,,,,Undefined,MIA_RED,9ee3d27f-6310-4ba5-bf9f-5b5488a49404,55.35752,-118.6112,13.90319,5.90788,-1.44818,-13.36441,-1.00977,6.15012,-0.20256,,,,,,,,,,,,,,,,,,,,,,,,,,,,,54.406,3.185967,1.917901,1.268066,-1.00758,1.77298,2.04426,-3.5152,5.9636,4.25721,73.00355,6.98105,51.77515,-3.45049,65.56169,-4.16556,6.0224,19.43918,-14.74267,4.2785,39.53822,-1.64528,High,High,High,,,High,High,High
90,2025-10-31,12:51:22.42,3,1,"Benko, Troy",10267339,Right,MIA_RED,"Rasmussen, Jamie",10272616,Right,MIA_RED,Undefined,3,Bottom,2,0,0,Slider,Slider,StrikeCalled,Undefined,Undefined,Undefined,0,0,,83.36301,-1.126176,-1.584323,1942.313079,162.955259,11:30,5.88345,1.04757,5.221,-36.9103,4.35646,-0.93575,1.74826,-0.52033,76.55287,-7.844879,-1.750365,0.462351,,,,,,,,,,,,0.02425,2.89512,-0.90067,50,5.752,3.38479,-120.92988,-3.72037,0.03591,23.69178,-27.88899,MIA_RED,MIA_RED,McKieFieldStad,TeamExclusive,Team,20251031-McKieFieldStad-Private-1,d5200970-b679-11f0-8a07-17c2357ed222,81.5235,,,6.81014,,,,,,,4ba3adc6-5d81-4936-b0af-135018c654d9,2025-10-31,16:51:22.42,2025-10-31T12:51:22.4271360-04:00,2025-10-31T16:51:22.4271360Z,,v3,471355,471355,,,,Undefined,MIA_RED,3ad580f1-a527-44e9-a512-d1915ffd5aa4,55.27611,-121.95915,11.84589,5.88731,-2.50874,-13.9445,-1.04769,3.38323,0.01795,,,,,,,,,,,,,,,,,,,,,,,,,,,,,,,,,,,,,,,,,,,,,,,,,,,High,High,High,,,,,
91,2025-10-31,12:51:35.87,3,2,"Benko, Troy",10267339,Right,MIA_RED,"Rasmussen, Jamie",10272616,Right,MIA_RED,Undefined,3,Bottom,2,0,1,Fastball,Four-Seam,BallCalled,Undefined,Undefined,Undefined,0,0,,87.89765,-0.267878,-2.192854,2006.474038,214.22633,1:15,6.01333,0.88905,5.41194,-24.52474,12.53512,7.68028,3.71846,-0.52629,79.81843,-4.834175,-0.827716,0.438151,,,,,,,,,,,,-4.5176,6.74741,-0.69959,50,5.97271,4.54074,-127.44281,-1.44557,-7.38314,27.73111,-21.14678,MIA_RED,MIA_RED,McKieFieldStad,TeamExclusive,Team,20251031-McKieFieldStad-Private-1,dd201250-b679-11f0-8a07-17c2357ed222,86.02622,,,8.07922,,,,,,,4ba3adc6-5d81-4936-b0af-135018c654d9,2025-10-31,16:51:35.87,2025-10-31T12:51:35.8781952-04:00,2025-10-31T16:51:35.8781952Z,,v3,471355,471355,,,,Undefined,MIA_RED,5b737089-3df0-486e-bfde-804c548f9a9b,55.08459,-128.54443,13.86556,6.01345,-0.60551,-10.57339,-0.88579,4.83404,-3.69157,,,,,,,,,,,,,,,,,,,,,,,,,,,,,,,,,,,,,,,,,,,,,,,,,,,High,High,High,,,,,
92,2025-10-31,12:51:55.72,3,3,"Benko, Troy",10267339,Right,MIA_RED,"Rasmussen, Jamie",10272616,Right,MIA_RED,Undefined,3,Bottom,2,1,1,Slider,Slider,BallCalled,Undefined,Undefined,Undefined,0,0,,81.17637,-0.055565,-3.219444,2058.678784,133.364983,10:30,6.03208,1.26345,5.13439,-40.59545,5.06351,-3.20606,2.59672,-2.03862,71.4788,-7.546183,-3.785646,0.486334,,,,,,,,,,,,0.26063,3.16673,-0.9588,50,5.9967,6.72375,-116.99673,-1.55236,0.34571,30.89334,-27.97337,MIA_RED,MIA_RED,McKieFieldStad,TeamExclusive,Team,20251031-McKieFieldStad-Private-1,e8e07e90-b679-11f0-8a07-17c2357ed222,77.50326,,,9.69756,,,,,,,4ba3adc6-5d81-4936-b0af-135018c654d9,2025-10-31,16:51:55.72,2025-10-31T12:51:55.7223424-04:00,2025-10-31T16:51:55.7223424Z,,v3,471355,471355,,,,Undefined,MIA_RED,7f0b7a93-188c-4e0a-8ea4-50d49f61469c,55.35349,-118.40189,15.44667,6.03837,-0.28001,-13.98669,-1.26427,6.70803,0.17285,,,,,,,,,,,,,,,,,,,,,,,,,,,,,,,,,,,,,,,,,,,,,,,,,,,High,High,High,,,,,
93,2025-10-31,12:52:11.39,3,4,"Benko, Troy",10267339,Right,MIA_RED,"Rasmussen, Jamie",10272616,Right,MIA_RED,Undefined,3,Bottom,2,2,1,Slider,Slider,InPlay,Undefined,GroundBall,Double,0,0,,82.00239,-0.406213,-0.862786,2116.03433,131.435721,10:30,5.93338,0.86344,5.28553,-37.49246,4.59201,-3.84831,2.42751,-0.26751,75.97007,-7.227927,-1.546465,0.466909,87.78975,7.333376,-33.236207,3985.790444,,,,95.05806,92.21808,-35.495309,0.824468,1.7311,2.72851,-0.78184,50,5.86864,1.95003,-119.17595,-2.16616,2.51279,20.91147,-28.21347,MIA_RED,MIA_RED,McKieFieldStad,TeamExclusive,Team,20251031-McKieFieldStad-Private-1,f24bb030-b679-11f0-8a07-17c2357ed222,80.72757,5.22142,,6.03233,,,,2.44441,2.59178,0.2421,4ba3adc6-5d81-4936-b0af-135018c654d9,2025-10-31,16:52:11.39,2025-10-31T12:52:11.3938432-04:00,2025-10-31T16:52:11.3938432Z,GroundBall,v3,471355,471355,,,,Undefined,MIA_RED,c46e6f14-f062-4a1a-9037-9b1596dd3f07,55.21448,-120.08743,10.45574,5.93626,-0.9364,-14.10674,-0.86445,1.84051,1.25639,,2.52245,105.51904,-17.9438,,,,,,,2.68082,14.95301,-22.19843,,,,,,,0.26105,-70.31857,3.68403,,,,,,,,,,,,,,,,,,,,,,,,,,,,,High,High,High,High,High,,,
94,2025-10-31,12:52:52.79,4,1,"Benko, Troy",10267339,Right,MIA_RED,"Dierks, Marcus",10322729,Left,MIA_RED,Undefined,3,Bottom,2,0,0,Fastball,Sinker,BallCalled,Undefined,Undefined,Undefined,0,0,,86.82384,-0.322077,-1.623812,2014.222763,229.813498,1:45,5.98667,1.40094,5.67574,-27.27458,10.0752,10.53209,3.41341,0.76443,79.40794,-5.387073,0.259087,0.439861,,,,,,,,,,,,-5.77209,5.57071,-1.27061,50,5.94248,3.1226,-126.05605,-1.63358,-9.28935,25.57612,-23.20879,MIA_RED,MIA_RED,McKieFieldStad,TeamExclusive,Team,20251031-McKieFieldStad-Private-1,0ae831e0-b67a-11f0-8a07-17c2357ed222,85.6917,,,7.41589,,,,,,,4ba3adc6-5d81-4936-b0af-135018c654d9,2025-10-31,16:52:52.79,2025-10-31T12:52:52.7970816-04:00,2025-10-31T16:52:52.7970816Z,,v3,471355,471355,,,,Undefined,MIA_RED,7f29a797-e274-414d-9dbd-93e7865dfb04,54.82087,-127.03042,12.78806,5.98787,-0.74941,-11.6044,-1.39632,3.47649,-4.64468,,,,,,,,,,,,,,,,,,,,,,,,,,,,,,,,,,,,,,,,,,,,,,,,,,,High,High,High,,,,,
95,2025-10-31,12:53:12.56,4,2,"Benko, Troy",10267339,Right,MIA_RED,"Dierks, Marcus",10322729,Left,MIA_RED,Undefined,3,Bottom,2,1,0,ChangeUp,Slider,BallCalled,Undefined,Undefined,Undefined,0,0,,81.26982,-0.721372,-0.290924,1972.963461,231.93669,1:45,5.8937,1.40084,5.39799,-40.62467,2.60181,1.52835,1.83228,1.25558,74.4505,-8.140752,-0.018579,0.473202,,,,,,,,,,,,-0.84689,1.98831,-1.37598,50,5.80123,0.53518,-117.93348,-2.90901,-1.18822,23.21842,-29.38434,MIA_RED,MIA_RED,McKieFieldStad,TeamExclusive,Team,20251031-McKieFieldStad-Private-1,16ad8020-b67a-11f0-8a07-17c2357ed222,79.65404,,,6.81932,,,,,,,4ba3adc6-5d81-4936-b0af-135018c654d9,2025-10-31,16:53:12.56,2025-10-31T12:53:12.5677056-04:00,2025-10-31T16:53:12.5677056Z,,v3,471355,471355,,,,Undefined,MIA_RED,8e514bcb-4acf-452e-b4d6-b20d08fc7762,55.09804,-118.93293,11.60921,5.89923,-1.64414,-14.69217,-1.40012,0.58633,-0.59411,,,,,,,,,,,,,,,,,,,,,,,,,,,,,,,,,,,,,,,,,,,,,,,,,,,High,High,High,,,,,
96,2025-10-31,12:53:35.15,4,3,"Benko, Troy",10267339,Right,MIA_RED,"Dierks, Marcus",10322729,Left,MIA_RED,Undefined,3,Bottom,2,2,0,Fastball,Sinker,BallCalled,Undefined,Undefined,Undefined,0,0,,86.59804,-0.356722,-1.27989,2029.038931,226.991568,1:30,5.93902,1.29547,5.76781,-24.61549,13.05135,12.62863,3.55567,1.15655,78.62995,-4.974158,0.981755,0.441724,,,,,,,,,,,,-6.77016,7.13118,-1.19712,50,5.89479,2.26833,-125.66503,-1.57134,-10.74804,27.1771,-20.85282,MIA_RED,MIA_RED,McKieFieldStad,TeamExclusive,Team,20251031-McKieFieldStad-Private-1,241e3470-b67a-11f0-8a07-17c2357ed222,85.33031,,,7.96809,,,,,,,4ba3adc6-5d81-4936-b0af-135018c654d9,2025-10-31,16:53:35.15,2025-10-31T12:53:35.1514624-04:00,2025-10-31T16:53:35.1514624Z,,v3,471355,471355,,,,Undefined,MIA_RED,b3aa58e1-032f-4488-9bbc-5b1310966d9b,54.72755,-126.68331,13.58855,5.93903,-0.79002,-10.42641,-1.28966,2.67105,-5.37402,,,,,,,,,,,,,,,,,,,,,,,,,,,,,,,,,,,,,,,,,,,,,,,,,,,High,High,High,,,,,
97,2025-10-31,12:53:53.31,4,4,"Benko, Troy",10267339,Right,MIA_RED,"Dierks, Marcus",10322729,Left,MIA_RED,Undefined,3,Bottom,2,3,0,Fastball,Sinker,BallCalled,Walk,Undefined,Undefined,0,0,,85.61216,-0.673896,-0.859454,1950.054509,230.04246,1:45,5.88942,1.33042,5.97545,-27.42537,10.76623,11.32993,2.97917,1.4778,77.93458,-5.806934,1.178584,0.44479,,,,,,,,,,,,-6.03898,6.11764,-1.26851,50,5.82105,1.40106,-124.3041,-2.32671,-9.38707,26.4359,-22.66472,MIA_RED,MIA_RED,McKieFieldStad,TeamExclusive,Team,20251031-McKieFieldStad-Private-1,2f016010-b67a-11f0-8a07-17c2357ed222,84.74202,,,7.67758,,,,,,,4ba3adc6-5d81-4936-b0af-135018c654d9,2025-10-31,16:53:53.31,2025-10-31T12:53:53.3150208-04:00,2025-10-31T16:53:53.3150208Z,,v3,471355,471355,,,,Undefined,MIA_RED,3dc1dd7d-f343-4e59-8111-020fc68b2316,54.52035,-125.26176,13.21795,5.89047,-1.50566,-11.33236,-1.32542,1.74112,-4.69354,,,,,,,,,,,,,,,,,,,,,,,,,,,,,,,,,,,,,,,,,,,,,,,,,,,High,High,High,,,,,
98,2025-10-31,12:54:22.57,5,1,"Benko, Troy",10267339,Right,MIA_RED,"Roa Calcano, Christopher",1000375139,Left,MIA_RED,Undefined,3,Bottom,2,0,0,Fastball,Changeup,InPlay,Undefined,Popup,Out,1,0,,86.18048,-1.298272,-2.134988,2098.898538,222.677889,1:30,5.88305,1.25341,6.11299,-23.33139,13.98957,11.80166,2.73734,0.26194,78.84288,-5.69017,-0.008472,0.439691,,,,,,,,,,,,-6.73217,7.95371,-1.09589,50,5.77119,4.20739,-125.16615,-3.53342,-10.66882,25.5088,-19.56944,MIA_RED,MIA_RED,McKieFieldStad,TeamExclusive,Team,20251031-McKieFieldStad-Private-1,408c5790-b67a-11f0-8a07-17c2357ed222,85.72482,,,7.3376,,,,,,,4ba3adc6-5d81-4936-b0af-135018c654d9,2025-10-31,16:54:22.57,2025-10-31T12:54:22.5756160-04:00,2025-10-31T16:54:22.5756160Z,,v3,471355,471355,,,,Undefined,MIA_RED,dc84582e-f65f-4e35-9f9d-e8803e5c913c,54.38552,-126.05674,12.7544,5.88263,-2.85019,-9.78472,-1.24928,4.57987,-5.33441,,,,,,,,,,,,,,,,,,,,,,,,,,,,,,,,,,,,,,,,,,,,,,,,,,,High,High,High,,,,,
99,2025-10-31,12:57:37.67,1,1,"Preisel, Connor",1000213694,Left,MIA_RED,"Proctor, Keenan",823047,Left,MIA_RED,Undefined,4,Top,0,0,0,Cutter,Slider,BallCalled,Undefined,Undefined,Undefined,0,0,,82.41128,0.059255,4.781818,2472.386096,88.34894,9:00,4.33561,-2.84317,5.59751,-40.02994,0.8889,-3.87012,1.0553,1.30904,77.24292,-7.203643,4.094446,0.460398,,,,,,,,,,,,2.98957,0.74634,2.43518,50,4.31426,-9.85249,-119.58717,-1.25605,4.42972,18.04385,-31.0682,MIA_RED,MIA_RED,McKieFieldStad,TeamExclusive,Team,20251031-McKieFieldStad-Private-1,b4cf3870-b67a-11f0-8a07-17c2357ed222,81.86932,,,5.16836,,,,,,,4ba3adc6-5d81-4936-b0af-135018c654d9,2025-10-31,16:57:37.67,2025-10-31T12:57:37.6778752-04:00,2025-10-31T16:57:37.6778752Z,,v3,471355,471355,,,,Undefined,MIA_RED,7575bf23-97e9-4342-bb26-0c5f48d5a12c,54.90368,-120.32479,9.02192,4.33964,0.01398,-15.5341,2.84164,-10.03357,2.21486,,,,,,,,,,,,,,,,,,,,,,,,,,,,,,,,,,,,,,,,,,,,,,,,,,,High,High,High,,,,,
100,2025-10-31,12:57:56.64,1,2,"Preisel, Connor",1000213694,Left,MIA_RED,"Proctor, Keenan",823047,Left,MIA_RED,Undefined,4,Top,0,1,0,Sinker,Changeup,BallCalled,Undefined,Undefined,Undefined,0,0,,87.32808,-0.686732,6.14269,2247.67367,91.982932,9:00,4.26754,-2.76641,6.11056,-34.68998,1.93602,-21.83304,0.73803,1.11586,79.87768,-7.100341,2.233845,0.435578,,,,,,,,,,,,12.97505,1.54024,2.3047,50,4.1964,-12.71832,-126.29449,-2.68231,20.96736,25.59477,-29.68504,MIA_RED,MIA_RED,McKieFieldStad,TeamExclusive,Team,20251031-McKieFieldStad-Private-1,c0114cf0-b67a-11f0-8a07-17c2357ed222,86.53424,,,7.45041,,,,,,,4ba3adc6-5d81-4936-b0af-135018c654d9,2025-10-31,16:57:56.64,2025-10-31T12:57:56.6410752-04:00,2025-10-31T16:57:56.6410752Z,,v3,471355,471355,,,,Undefined,MIA_RED,245ddbd5-e461-45d3-be4e-d57541766791,54.38994,-127.18104,12.79739,4.2715,-1.65408,-14.84252,2.75782,-13.44458,10.48368,,,,,,,,,,,,,,,,,,,,,,,,,,,,,,,,,,,,,,,,,,,,,,,,,,,High,High,High,,,,,
101,2025-10-31,12:58:20.66,1,3,"Preisel, Connor",1000213694,Left,MIA_RED,"Proctor, Keenan",823047,Left,MIA_RED,Undefined,4,Top,0,2,0,Cutter,Slider,StrikeCalled,Undefined,Undefined,Undefined,0,0,,82.10606,1.40294,2.918656,2369.376224,138.962708,10:45,4.30527,-2.94153,5.57452,-37.39345,5.4337,-3.34362,2.50147,-0.49177,73.69562,-5.529116,2.323366,0.471011,,,,,,,,,,,,2.64965,2.77142,2.6923,50,4.40224,-5.91594,-118.78919,1.65239,3.71359,26.81429,-28.2898,MIA_RED,MIA_RED,McKieFieldStad,TeamExclusive,Team,20251031-McKieFieldStad-Private-1,ce4ec720-b67a-11f0-8a07-17c2357ed222,80.02456,,,8.41043,,,,,,,4ba3adc6-5d81-4936-b0af-135018c654d9,2025-10-31,16:58:20.66,2025-10-31T12:58:20.6649344-04:00,2025-10-31T16:58:20.6649344Z,,v3,471355,471355,,,,Undefined,MIA_RED,23238bc2-e19f-446a-b45d-e92ad6ae45ba,54.91874,-119.89436,13.40715,4.31011,2.81837,-14.1449,2.93928,-6.06899,1.85679,,,,,,,,,,,,,,,,,,,,,,,,,,,,,,,,,,,,,,,,,,,,,,,,,,,High,High,High,,,,,
102,2025-10-31,12:58:41.39,1,4,"Preisel, Connor",1000213694,Left,MIA_RED,"Proctor, Keenan",823047,Left,MIA_RED,Undefined,4,Top,0,2,1,Cutter,Slider,BallCalled,Undefined,Undefined,Undefined,0,0,,81.89534,0.631456,2.853779,2370.597672,83.203983,8:45,4.18353,-3.15915,5.59112,-41.02172,0.49287,-5.01095,1.35541,-0.9099,76.25771,-6.844977,1.960345,0.463737,,,,,,,,,,,,3.20299,0.44311,2.91751,50,4.21074,-5.73544,-119.02135,-0.09884,4.67139,19.26562,-31.52779,MIA_RED,MIA_RED,McKieFieldStad,TeamExclusive,Team,20251031-McKieFieldStad-Private-1,daae80a0-b67a-11f0-8a07-17c2357ed222,81.27976,,,5.63763,,,,,,,4ba3adc6-5d81-4936-b0af-135018c654d9,2025-10-31,16:58:41.39,2025-10-31T12:58:41.3958144-04:00,2025-10-31T16:58:41.3958144Z,,v3,471355,471355,,,,Undefined,MIA_RED,91b73cbe-f241-4630-b851-a04fcd6fd9a3,54.90933,-119.81337,9.63281,4.18816,1.19729,-15.76389,3.15725,-5.92748,2.3357,,,,,,,,,,,,,,,,,,,,,,,,,,,,,,,,,,,,,,,,,,,,,,,,,,,High,High,High,,,,,
103,2025-10-31,12:59:03.24,1,5,"Preisel, Connor",1000213694,Left,MIA_RED,"Proctor, Keenan",823047,Left,MIA_RED,Undefined,4,Top,0,3,1,Sinker,Changeup,StrikeCalled,Undefined,Undefined,Undefined,0,0,,86.23244,1.366816,4.72154,2204.305539,109.407509,9:45,4.28588,-2.81827,6.25098,-30.63667,6.36473,-14.95269,2.99783,0.29975,79.13167,-4.343429,2.033153,0.437805,,,,,,,,,,,,8.93654,3.30134,2.47375,50,4.37273,-9.73845,-125.01643,2.02952,14.24512,23.50029,-26.91162,MIA_RED,MIA_RED,McKieFieldStad,TeamExclusive,Team,20251031-McKieFieldStad-Private-1,e7b0e2c0-b67a-11f0-8a07-17c2357ed222,86.09417,,,7.10077,,,,,,,4ba3adc6-5d81-4936-b0af-135018c654d9,2025-10-31,16:59:03.24,2025-10-31T12:59:03.2453120-04:00,2025-10-31T16:59:03.2453120Z,,v3,471355,471355,,,,Undefined,MIA_RED,f3b79a81-d8f6-4228-9fb5-8c10141e074b,54.2478,-125.81239,11.75014,4.28855,2.94102,-13.45581,2.81176,-10.22094,7.12256,,,,,,,,,,,,,,,,,,,,,,,,,,,,,,,,,,,,,,,,,,,,,,,,,,,High,High,High,,,,,
104,2025-10-31,12:59:27.37,1,6,"Preisel, Connor",1000213694,Left,MIA_RED,"Proctor, Keenan",823047,Left,MIA_RED,Undefined,4,Top,0,3,2,Cutter,Slider,BallCalled,Walk,Undefined,Undefined,0,0,,82.95953,1.478466,5.957883,2396.426352,66.590912,8:15,4.28672,-3.05829,5.58665,-40.2766,0.50476,-1.26709,2.31872,2.41969,77.18256,-5.837803,5.734056,0.459624,,,,,,,,,,,,1.99917,0.25559,2.54578,50,4.38782,-12.47678,-120.0395,1.71406,2.96956,19.31405,-31.79441,MIA_RED,MIA_RED,McKieFieldStad,TeamExclusive,Team,20251031-McKieFieldStad-Private-1,f60e19f0-b67a-11f0-8a07-17c2357ed222,82.00719,,,5.77697,,,,,,,4ba3adc6-5d81-4936-b0af-135018c654d9,2025-10-31,16:59:27.37,2025-10-31T12:59:27.3757184-04:00,2025-10-31T16:59:27.3757184Z,,v3,471355,471355,,,,Undefined,MIA_RED,1aea69b7-909e-4507-a7ad-2d53b709b200,54.91359,-120.82749,9.65702,4.29142,3.01125,-15.89721,3.0573,-12.59793,1.48478,,,,,,,,,,,,,,,,,,,,,,,,,,,,,,,,,,,,,,,,,,,,,,,,,,,High,High,High,,,,,
105,2025-10-31,13:00:00.68,2,1,"Preisel, Connor",1000213694,Left,MIA_RED,"Gonzalez Rivera, Ignacio",10124440,Right,MIA_RED,Undefined,4,Top,0,0,0,Sinker,Changeup,InPlay,Undefined,LineDrive,Single,0,0,,86.53297,1.150136,4.96438,2173.965538,96.156652,9:15,4.30612,-3.12271,6.19846,-34.09037,2.8328,-15.82875,2.5311,0.15241,79.2875,-5.176507,2.121711,0.437342,91.49685,11.804171,5.606937,2253.63348,108.59861,16.50886,17.50143,235.25595,235.25595,13.108035,2.216192,9.54312,1.48661,2.75649,50,4.37567,-10.27846,-125.41018,1.42312,15.26105,24.38253,-29.79672,MIA_RED,MIA_RED,McKieFieldStad,TeamExclusive,Team,20251031-McKieFieldStad-Private-1,0a0640e0-b67b-11f0-8a07-17c2357ed222,86.18533,16.69457,,7.24546,,,,0.66205,2.45926,-0.17353,4ba3adc6-5d81-4936-b0af-135018c654d9,2025-10-31,17:00:00.68,2025-10-31T13:00:00.6860288-04:00,2025-10-31T17:00:00.6860288Z,LineDrive,v3,471355,471355,,,,Undefined,MIA_RED,5638232d-8e29-4110-bb4d-0cec2bc27c37,54.30162,-126.24374,12.19127,4.30961,2.44178,-14.89836,3.11679,-10.80019,7.63053,238.376729,0.66206,130.72774,-17.99892,3.48844,-0.54248,0.02152,0.01948,-0.00595,0.00063,2.45924,27.45471,-13.46989,0.30221,-0.2249,0.23374,-0.10949,0.02677,-0.00269,-0.17356,12.83726,8.64604,-2.34708,0.2666,0.16534,-0.10779,0.02783,-0.00283,,,,,,,,,,,,,,,,,,,,,,,High,High,High,High,High,,,
106,2025-10-31,13:00:52.15,3,1,"Preisel, Connor",1000213694,Left,MIA_RED,"Cruz, Diego",1000178634,Left,MIA_RED,Undefined,4,Top,0,0,0,Sinker,Changeup,FoulBallNotFieldable,Undefined,Undefined,Undefined,0,0,,86.22137,1.237916,4.142596,2200.17665,86.045231,8:45,4.29354,-3.07216,6.14137,-37.2603,-0.2474,-19.02261,2.33567,-0.82247,79.44269,-5.646028,0.721875,0.437873,,,,,,,,,,,,10.96721,-0.16937,2.76615,50,4.36851,-8.3393,-125.17753,1.4843,17.55222,23.21932,-32.44509,MIA_RED,MIA_RED,McKieFieldStad,TeamExclusive,Team,20251031-McKieFieldStad-Private-1,28b1f7f0-b67b-11f0-8a07-17c2357ed222,86.0808,,,6.77868,,,,,,,4ba3adc6-5d81-4936-b0af-135018c654d9,2025-10-31,17:00:52.15,2025-10-31T13:00:52.1539584-04:00,2025-10-31T17:00:52.1539584Z,,v3,471355,471355,,,,Undefined,MIA_RED,be84f9ce-af46-4ad2-b360-a17cd80be6d8,54.36066,-125.98379,11.60966,4.29741,2.61093,-16.22255,3.0663,-8.94879,8.77611,,,,,,,,,,,,,,,,,,,,,,,,,,,,,,,,,,,,,,,,,,,,,,,,,,,High,High,High,,,,,
107,2025-10-31,13:01:46.83,3,2,"Preisel, Connor",1000213694,Left,MIA_RED,"Cruz, Diego",1000178634,Left,MIA_RED,Undefined,4,Top,0,0,1,Cutter,Slider,BallCalled,Undefined,Undefined,Undefined,0,0,,81.86277,1.545472,1.993962,2446.861693,135.659894,10:30,4.21728,-3.14945,5.38521,-37.95876,5.24457,-3.59669,2.50386,-1.57947,73.69112,-5.462271,1.355082,0.473075,,,,,,,,,,,,2.49248,2.49162,2.97392,50,4.32878,-3.98342,-118.57524,1.90907,3.48605,26.40296,-28.68921,MIA_RED,MIA_RED,McKieFieldStad,TeamExclusive,Team,20251031-McKieFieldStad-Private-1,49497970-b67b-11f0-8a07-17c2357ed222,79.6754,,,8.17165,,,,,,,4ba3adc6-5d81-4936-b0af-135018c654d9,2025-10-31,17:01:46.83,2025-10-31T13:01:46.8315648-04:00,2025-10-31T17:01:46.8315648Z,,v3,471355,471355,,,,Undefined,MIA_RED,f1c8382b-612d-48f0-9448-aa51574158fd,55.11273,-119.70827,13.20148,4.22044,3.14021,-14.34461,3.14807,-4.13301,1.74302,,,,,,,,,,,,,,,,,,,,,,,,,,,,,,,,,,,,,,,,,,,,,,,,,,,High,High,High,,,,,
108,2025-10-31,13:02:13.57,3,3,"Preisel, Connor",1000213694,Left,MIA_RED,"Cruz, Diego",1000178634,Left,MIA_RED,Undefined,4,Top,0,1,1,Cutter,Slider,StrikeSwinging,Undefined,Undefined,Undefined,0,0,,79.95545,2.492717,3.690198,2452.5498,262.661925,2:45,4.23589,-3.12086,5.44868,-43.48325,1.72536,1.14917,2.9523,0.43446,72.2117,-5.495903,3.893843,0.483929,,,,,,,,,,,,0.58772,0.59457,2.79391,50,4.42703,-7.5022,-115.58757,3.55756,0.78521,24.04938,-31.37968,MIA_RED,MIA_RED,McKieFieldStad,TeamExclusive,Team,20251031-McKieFieldStad-Private-1,59264bc0-b67b-11f0-8a07-17c2357ed222,77.88833,,,7.74375,,,,,,,4ba3adc6-5d81-4936-b0af-135018c654d9,2025-10-31,17:02:13.57,2025-10-31T13:02:13.5791616-04:00,2025-10-31T17:02:13.5791616Z,,v3,471355,471355,,,,Undefined,MIA_RED,8a01ca45-9f36-403e-be88-5be23a52b309,55.04622,-116.63277,12.02469,4.24278,4.92134,-15.68984,3.1207,-7.53633,0.3926,,,,,,,,,,,,,,,,,,,,,,,,,,,,,,,,,,,,,,,,,,,,,,,,,,,High,High,High,,,,,
109,2025-10-31,13:02:42.95,3,4,"Preisel, Connor",1000213694,Left,MIA_RED,"Cruz, Diego",1000178634,Left,MIA_RED,Undefined,4,Top,0,1,2,Curveball,Curveball,BallCalled,Undefined,Undefined,Undefined,0,0,,76.60091,3.698282,0.092691,2367.65812,296.061236,3:45,4.98114,-2.71931,5.29956,-54.14755,-4.76036,13.22347,3.94564,-1.53033,69.24383,-6.193302,2.437963,0.5058,,,,,,,,,,,,-6.53111,-2.9689,2.70103,50,5.27854,-0.71097,-110.8795,5.31281,-8.03116,22.09139,-35.82485,MIA_RED,MIA_RED,McKieFieldStad,TeamExclusive,Team,20251031-McKieFieldStad-Private-1,6aa869a0-b67b-11f0-8a07-17c2357ed222,74.52047,,,7.35708,,,,,,,4ba3adc6-5d81-4936-b0af-135018c654d9,2025-10-31,17:02:42.95,2025-10-31T13:02:42.9529088-04:00,2025-10-31T17:02:42.9529088Z,,v3,471355,471355,,,,Undefined,MIA_RED,42bb0b63-1f91-4b3c-ad92-c8975fff5346,55.198,-111.91035,11.0457,4.99163,6.9845,-17.91243,2.72547,-0.33622,-4.01558,,,,,,,,,,,,,,,,,,,,,,,,,,,,,,,,,,,,,,,,,,,,,,,,,,,High,High,High,,,,,
110,2025-10-31,13:03:32.45,3,5,"Preisel, Connor",1000213694,Left,MIA_RED,"Cruz, Diego",1000178634,Left,MIA_RED,Undefined,4,Top,0,2,2,Cutter,Slider,InPlay,Undefined,Bunt,FieldersChoice,1,1,,81.82867,0.478363,4.323676,2511.229413,149.45097,11:00,4.19904,-3.08164,5.57327,-35.05258,7.62993,-3.66051,1.72609,0.65942,74.43897,-5.989328,3.673672,0.470215,,,,,,,,,,,,3.16036,4.10563,2.71126,50,4.2174,-8.80999,-118.44001,-0.16195,4.45758,24.11128,-26.38317,MIA_RED,MIA_RED,McKieFieldStad,TeamExclusive,Team,20251031-McKieFieldStad-Private-1,88468140-b67b-11f0-8a07-17c2357ed222,80.16004,,,7.3897,,,,,,,4ba3adc6-5d81-4936-b0af-135018c654d9,2025-10-31,17:03:32.45,2025-10-31T13:03:32.4592128-04:00,2025-10-31T17:03:32.4592128Z,,v3,471355,471355,,,,Undefined,MIA_RED,b64cc4b0-b308-4029-a396-328aeb29c153,54.92458,-119.43832,12.05564,4.20149,0.93042,-13.19159,3.07985,-8.99455,2.22879,,,,,,,,,,,,,,,,,,,,,,,,,,,,,,,,,,,,,,,,,,,,,,,,,,,High,High,High,,,,,
111,2025-10-31,13:04:22.05,4,1,"Preisel, Connor",1000213694,Left,MIA_RED,"Rasmussen, Jamie",10272616,Right,MIA_RED,Undefined,4,Top,1,0,0,Sinker,Changeup,StrikeCalled,Undefined,Undefined,Undefined,0,0,,87.15776,0.753729,4.234787,2301.218598,94.652822,9:15,4.32648,-2.98094,6.18827,-33.58021,2.93815,-21.67643,2.22599,-0.87023,79.49656,-5.494143,0.33318,0.434938,,,,,,,,,,,,12.31682,1.69917,2.67139,50,4.36678,-8.47547,-126.39497,0.55798,19.89842,26.08233,-29.42898,MIA_RED,MIA_RED,McKieFieldStad,TeamExclusive,Team,20251031-McKieFieldStad-Private-1,a5add170-b67b-11f0-8a07-17c2357ed222,86.66166,,,7.6612,,,,,,,4ba3adc6-5d81-4936-b0af-135018c654d9,2025-10-31,17:04:22.05,2025-10-31T13:04:22.0502528-04:00,2025-10-31T17:04:22.0502528Z,,v3,471355,471355,,,,Undefined,MIA_RED,c69c26b1-b211-407e-b6f2-82fdbf9e5c5a,54.31074,-127.28141,13.04116,4.33081,1.55816,-14.71449,2.97093,-9.15174,9.94921,,,,,,,,,,,,,,,,,,,,,,,,,,,,,,,,,,,,,,,,,,,,,,,,,,,High,High,High,,,,,
112,2025-10-31,13:04:45.13,4,2,"Preisel, Connor",1000213694,Left,MIA_RED,"Rasmussen, Jamie",10272616,Right,MIA_RED,Undefined,4,Top,1,0,1,Sinker,Changeup,FoulBallNotFieldable,Undefined,Undefined,Undefined,0,0,,86.21904,1.487462,4.503123,2239.022499,104.294703,9:30,4.19999,-3.07366,6.07525,-31.78636,5.5817,-17.39469,2.93199,-0.34803,78.84222,-4.421976,1.383686,0.439969,,,,,,,,,,,,10.04182,2.87492,2.73312,50,4.29878,-9.12003,-124.94808,2.21009,15.94016,24.20644,-27.61046,MIA_RED,MIA_RED,McKieFieldStad,TeamExclusive,Team,20251031-McKieFieldStad-Private-1,b374bc10-b67b-11f0-8a07-17c2357ed222,85.67075,,,7.37682,,,,,,,4ba3adc6-5d81-4936-b0af-135018c654d9,2025-10-31,17:04:45.13,2025-10-31T13:04:45.1364352-04:00,2025-10-31T17:04:45.1364352Z,,v3,471355,471355,,,,Undefined,MIA_RED,6ee54c32-2c2e-484e-9dfa-e76c42416a0f,54.4223,-125.8019,12.10322,4.20365,3.18398,-13.80523,3.06472,-9.68228,7.97008,,,,,,,,,,,,,,,,,,,,,,,,,,,,,,,,,,,,,,,,,,,,,,,,,,,High,High,High,,,,,
113,2025-10-31,13:05:14.61,4,3,"Preisel, Connor",1000213694,Left,MIA_RED,"Rasmussen, Jamie",10272616,Right,MIA_RED,Undefined,4,Top,1,0,2,Sinker,Sinker,BallCalled,Undefined,Undefined,Undefined,0,0,,88.41089,1.407464,2.92384,2374.159757,105.148842,9:30,4.24321,-3.01926,5.85259,-30.1695,5.58237,-16.57025,3.0388,-1.68106,80.84662,-4.187685,-0.043482,0.430349,,,,,,,,,,,,9.22044,2.81831,2.79117,50,4.3401,-5.84815,-128.31711,2.11081,15.41475,25.8768,-27.4624,MIA_RED,MIA_RED,McKieFieldStad,TeamExclusive,Team,20251031-McKieFieldStad-Private-1,c4ffb390-b67b-11f0-8a07-17c2357ed222,87.58573,,,7.56427,,,,,,,4ba3adc6-5d81-4936-b0af-135018c654d9,2025-10-31,17:05:14.61,2025-10-31T13:05:14.6157568-04:00,2025-10-31T17:05:14.6157568Z,,v3,471355,471355,,,,Undefined,MIA_RED,ca4e1d13-85f3-43f7-9009-9a1d89558da7,54.64587,-129.25062,12.9384,4.24608,3.10152,-13.7312,3.01217,-6.40423,7.70738,,,,,,,,,,,,,,,,,,,,,,,,,,,,,,,,,,,,,,,,,,,,,,,,,,,High,High,High,,,,,
114,2025-10-31,13:05:38.09,4,4,"Preisel, Connor",1000213694,Left,MIA_RED,"Rasmussen, Jamie",10272616,Right,MIA_RED,Undefined,4,Top,1,1,2,Sinker,Changeup,InPlay,Undefined,FlyBall,Triple,0,1,,86.36456,0.779977,4.626545,2242.39494,103.157829,9:30,4.15824,-3.07391,6.01859,-30.97817,6.71091,-23.19186,2.30159,-0.71188,78.23052,-5.002273,0.469506,0.441855,95.23132,24.594331,11.961145,2672.212522,105.97737,43.73744,29.47493,382.51023,382.51023,21.9925,4.171213,13.36367,3.57437,2.72366,50,4.20265,-9.19312,-125.08864,0.70512,21.01013,27.05454,-26.55451,MIA_RED,MIA_RED,McKieFieldStad,TeamExclusive,Team,20251031-McKieFieldStad-Private-1,d323d960-b67b-11f0-8a07-17c2357ed222,85.30508,58.31963,,8.13404,,,,1.60358,2.3511,0.708,4ba3adc6-5d81-4936-b0af-135018c654d9,2025-10-31,17:05:38.09,2025-10-31T13:05:38.0974592-04:00,2025-10-31T17:05:38.0974592Z,FlyBall,v3,471355,471355,,,,Undefined,MIA_RED,30dee87c-544f-4e18-8a0c-bf033e352a3d,54.48092,-126.05406,13.52727,4.16058,1.6527,-13.27725,3.06509,-9.94285,10.50507,225.55058,1.6037,124.24319,-19.54873,4.57177,-0.99092,0.233,-0.05428,0.00847,-0.00056,2.35172,58.11056,-15.9251,0.20394,0.36183,-0.23497,0.07679,-0.0122,0.00074,0.7075,26.33277,5.16136,-1.63919,0.36277,-0.06373,0.01065,-0.00149,0.0001,,,,,,,,,,,,,,,,,,,,,,,High,High,High,High,High,,,
115,2025-10-31,13:06:27.99,5,1,"Preisel, Connor",1000213694,Left,MIA_RED,"Dierks, Marcus",10322729,Left,MIA_RED,Undefined,4,Top,1,0,0,Cutter,Slider,InPlay,Undefined,Bunt,FieldersChoice,1,0,,81.19764,0.726152,3.047288,2583.578902,91.647569,9:00,4.07388,-3.12778,5.60586,-41.27116,1.26413,-1.85941,1.31345,-0.43553,75.08883,-6.816194,2.715868,0.469403,,,,,,,,,,,,1.72992,0.7511,2.86821,50,4.10885,-6.20588,-117.9089,0.11233,2.45552,20.68031,-31.10793,MIA_RED,MIA_RED,McKieFieldStad,TeamExclusive,Team,20251031-McKieFieldStad-Private-1,f0d503d0-b67b-11f0-8a07-17c2357ed222,80.29864,,,6.10881,,,,,,,4ba3adc6-5d81-4936-b0af-135018c654d9,2025-10-31,17:06:27.99,2025-10-31T13:06:27.9937024-04:00,2025-10-31T17:06:27.9937024Z,,v3,471355,471355,,,,Undefined,MIA_RED,316f7a0b-b3f4-4def-a585-17ed3b7fa196,54.89488,-118.76432,10.34015,4.07759,1.39908,-15.55396,3.12701,-6.30745,1.22776,,,,,,,,,,,,,,,,,,,,,,,,,,,,,,,,,,,,,,,,,,,,,,,,,,,High,High,High,,,,,
116,2025-10-31,13:07:17.15,6,1,"Preisel, Connor",1000213694,Left,MIA_RED,"Christiansen, Hayden",830132,Right,MIA_RED,Undefined,4,Top,2,0,0,Cutter,Slider,BallCalled,Undefined,Undefined,Undefined,0,0,,80.81943,1.545162,1.811438,2349.364257,186.315176,12:15,4.21793,-3.08633,5.57635,-39.76778,4.7937,0.33339,2.34816,-1.36615,71.92609,-5.847421,1.87088,0.480453,,,,,,,,,,,,0.49016,2.44232,2.93023,50,4.32586,-3.71022,-116.86877,1.82419,0.65859,27.86515,-28.89234,MIA_RED,MIA_RED,McKieFieldStad,TeamExclusive,Team,20251031-McKieFieldStad-Private-1,0e185140-b67c-11f0-8a07-17c2357ed222,78.4518,,,8.89335,,,,,,,4ba3adc6-5d81-4936-b0af-135018c654d9,2025-10-31,17:07:17.15,2025-10-31T13:07:17.1530000-04:00,2025-10-31T17:07:17.1530000Z,,v3,471355,471355,,,,Undefined,MIA_RED,ce6eb1ca-6e1b-4858-867b-e185c51556fc,54.91399,-118.0346,13.93258,4.22426,3.033,-14.44617,3.08603,-3.73777,0.32929,,,,,,,,,,,,,,,,,,,,,,,,,,,,,81.07296,1.545449,0.742861,0.802588,-1.73052,2.01201,1.26326,-3.64545,5.06617,4.77781,65.03686,2.55809,59.74199,-3.61003,94.39103,-11.13238,5.07284,6.774,-12.36358,4.78296,71.05868,-3.23066,High,High,High,,,High,High,High
117,2025-10-31,13:08:45.78,6,2,"Preisel, Connor",1000213694,Left,MIA_RED,"Christiansen, Hayden",830132,Right,MIA_RED,Undefined,4,Top,2,1,0,Sinker,Changeup,InPlay,Undefined,LineDrive,Single,0,0,,86.38189,0.591302,3.645686,2195.686598,102.258949,9:30,4.24457,-3.03243,6.06424,-32.2201,5.29481,-18.5445,2.10791,-1.19932,78.40983,-5.415912,0.312909,0.440832,65.29144,24.389937,21.998625,3927.554474,98.59383,27.16,48.77661,198.19551,197.59707,28.691705,2.768563,10.68674,2.90402,2.75945,50,4.27329,-7.24371,-125.26771,0.24825,16.85193,27.10083,-27.59469,MIA_RED,MIA_RED,McKieFieldStad,TeamExclusive,Team,20251031-McKieFieldStad-Private-1,43031200-b67c-11f0-8a07-17c2357ed222,85.50292,27.29222,,7.97206,,,,0.81792,2.08466,1.16956,4ba3adc6-5d81-4936-b0af-135018c654d9,2025-10-31,17:08:45.78,2025-10-31T13:08:45.7861120-04:00,2025-10-31T17:08:45.7861120Z,LineDrive,v3,471355,471355,,,,Undefined,MIA_RED,8edc6b9d-1e99-456e-87b8-b1b483e6a7b1,54.43472,-126.22348,13.55042,4.24738,1.22144,-13.79735,3.02539,-7.83804,8.42596,229.104399,0.81789,80.86731,-10.99001,2.6141,-0.72336,0.29608,-0.12786,0.03362,-0.0035,2.08479,39.53629,-16.33457,0.51769,0.33721,-0.34641,0.17302,-0.04166,0.00384,1.16956,32.66899,1.40208,-0.72725,0.24338,-0.06649,0.01809,-0.00357,0.0003,,,,,,,,,,,,,,,,,,,,,,,High,High,High,High,High,,,
118,2025-10-31,13:09:25.61,7,1,"Preisel, Connor",1000213694,Left,MIA_RED,"Proctor, Keenan",823047,Left,MIA_RED,Undefined,4,Top,2,0,0,Sinker,Changeup,StrikeCalled,Undefined,Undefined,Undefined,0,0,,87.02039,0.818149,4.649925,2300.734715,93.618042,9:00,4.23712,-3.13816,6.08448,-34.46888,2.20854,-17.02269,2.12414,-0.24559,79.68939,-5.565027,1.595983,0.435884,,,,,,,,,,,,9.99182,1.28291,2.78726,50,4.28234,-9.56922,-126.14282,0.64915,16.14936,24.91318,-30.10055,MIA_RED,MIA_RED,McKieFieldStad,TeamExclusive,Team,20251031-McKieFieldStad-Private-1,5abf45d0-b67c-11f0-8a07-17c2357ed222,86.47358,,,7.331,,,,,,,4ba3adc6-5d81-4936-b0af-135018c654d9,2025-10-31,17:09:25.61,2025-10-31T13:09:25.6123904-04:00,2025-10-31T17:09:25.6123904Z,,v3,471355,471355,,,,Undefined,MIA_RED,efdc8a36-2ba6-49e3-9225-c0f26ad2a6a2,54.41481,-127.01175,12.45659,4.24138,1.69901,-15.05028,3.13084,-10.13248,8.07468,,,,,,,,,,,,,,,,,,,,,,,,,,,,,,,,,,,,,,,,,,,,,,,,,,,High,High,High,,,,,
119,2025-10-31,13:09:52.94,7,2,"Preisel, Connor",1000213694,Left,MIA_RED,"Proctor, Keenan",823047,Left,MIA_RED,Undefined,4,Top,2,0,1,Cutter,Slider,StrikeSwinging,Undefined,Undefined,Undefined,0,0,,80.39582,1.370655,4.300475,2522.782497,186.197794,12:15,4.12926,-3.13745,5.57567,-40.04482,3.56441,0.25161,2.07622,0.90765,74.19178,-5.953088,4.345132,0.475292,,,,,,,,,,,,0.96591,1.84476,2.76655,50,4.22123,-8.77124,-116.50957,1.45868,1.33895,20.15297,-29.61682,MIA_RED,MIA_RED,McKieFieldStad,TeamExclusive,Team,20251031-McKieFieldStad-Private-1,6af1b230-b67c-11f0-8a07-17c2357ed222,79.30372,,,6.20403,,,,,,,4ba3adc6-5d81-4936-b0af-135018c654d9,2025-10-31,17:09:52.94,2025-10-31T13:09:52.9482752-04:00,2025-10-31T17:09:52.9482752Z,,v3,471355,471355,,,,Undefined,MIA_RED,4e728e03-469b-4dad-9f8c-da47d096969a,54.92292,-117.35801,10.07649,4.13357,2.70555,-14.80841,3.13701,-8.82761,0.66948,,,,,,,,,,,,,,,,,,,,,,,,,,,,,,,,,,,,,,,,,,,,,,,,,,,High,High,High,,,,,
120,2025-10-31,13:10:16.07,7,3,"Preisel, Connor",1000213694,Left,MIA_RED,"Proctor, Keenan",823047,Left,MIA_RED,Undefined,4,Top,2,0,2,Cutter,Slider,BallCalled,Undefined,Undefined,Undefined,0,0,,81.6601,0.964935,5.807932,2582.013483,144.69424,10:45,4.10841,-3.18573,5.60921,-38.43053,4.13512,-2.02228,1.81126,2.08551,75.04874,-6.065886,5.45026,0.469571,,,,,,,,,,,,2.56717,2.24406,2.689,50,4.1665,-11.92499,-118.03349,0.70658,3.63782,21.52698,-28.99413,MIA_RED,MIA_RED,McKieFieldStad,TeamExclusive,Team,20251031-McKieFieldStad-Private-1,78e7c320-b67c-11f0-8a07-17c2357ed222,80.26996,,,6.61137,,,,,,,4ba3adc6-5d81-4936-b0af-135018c654d9,2025-10-31,17:10:16.07,2025-10-31T13:10:16.0723968-04:00,2025-10-31T17:10:16.0723968Z,,v3,471355,471355,,,,Undefined,MIA_RED,63fecc4c-40e4-4081-a2f5-37bf08dd08cb,54.8885,-118.92172,10.76349,4.11267,1.90291,-14.49706,3.18413,-12.07509,1.81891,,,,,,,,,,,,,,,,,,,,,,,,,,,,,,,,,,,,,,,,,,,,,,,,,,,High,High,High,,,,,
121,2025-10-31,13:10:41.46,7,4,"Preisel, Connor",1000213694,Left,MIA_RED,"Proctor, Keenan",823047,Left,MIA_RED,Undefined,4,Top,2,1,2,Curveball,Curveball,BallCalled,Undefined,Undefined,Undefined,0,0,,77.20628,2.647373,3.48492,2574.374581,301.908767,4:00,4.9664,-2.75662,5.21589,-51.95097,-3.85264,8.44638,3.13277,1.22803,71.10436,-6.760163,4.975331,0.499156,,,,,,,,,,,,-3.27414,-2.1648,2.42795,50,5.17236,-7.14716,-111.83989,3.37884,-4.16406,19.39089,-34.92726,MIA_RED,MIA_RED,McKieFieldStad,TeamExclusive,Team,20251031-McKieFieldStad-Private-1,87ec84f0-b67c-11f0-8a07-17c2357ed222,75.51233,,,6.10191,,,,,,,4ba3adc6-5d81-4936-b0af-135018c654d9,2025-10-31,17:10:41.46,2025-10-31T13:10:41.4672896-04:00,2025-10-31T17:10:41.4672896Z,,v3,471355,471355,,,,Undefined,MIA_RED,583222a6-3ef0-416d-9d30-772783624fd8,55.28369,-112.75226,9.69544,4.97472,5.02221,-17.46363,2.75962,-6.95124,-2.08203,,,,,,,,,,,,,,,,,,,,,,,,,,,,,,,,,,,,,,,,,,,,,,,,,,,High,High,High,,,,,
122,2025-10-31,13:11:06.98,7,5,"Preisel, Connor",1000213694,Left,MIA_RED,"Proctor, Keenan",823047,Left,MIA_RED,Undefined,4,Top,2,2,2,Sinker,Changeup,StrikeSwinging,Strikeout,Undefined,Undefined,0,0,,86.12668,0.145085,6.088123,2385.835563,94.728412,9:15,4.10983,-3.04308,6.09909,-34.80707,2.78461,-19.35737,1.34419,0.99569,78.84087,-6.29402,2.625887,0.441283,,,,,,,,,,,,11.62867,1.75461,2.58312,50,4.10273,-12.5212,-124.58233,-0.82838,18.32615,24.38633,-29.40888,MIA_RED,MIA_RED,McKieFieldStad,TeamExclusive,Team,20251031-McKieFieldStad-Private-1,971dd500-b67c-11f0-8a07-17c2357ed222,85.41557,,,7.28581,,,,,,,4ba3adc6-5d81-4936-b0af-135018c654d9,2025-10-31,17:11:06.98,2025-10-31T13:11:06.9880832-04:00,2025-10-31T17:11:06.9880832Z,,v3,471355,471355,,,,Undefined,MIA_RED,06c9fc47-3afe-4c25-8d2c-90972725271a,54.40097,-125.44084,12.19317,4.11367,0.20694,-14.70444,3.03528,-13.16636,9.16308,,,,,,,,,,,,,,,,,,,,,,,,,,,,,,,,,,,,,,,,,,,,,,,,,,,High,High,High,,,,,
123,2025-10-31,13:14:08.01,1,1,"Benko, Troy",10267339,Right,MIA_RED,"Cruz, Diego",1000178634,Left,MIA_RED,Undefined,4,Bottom,0,0,0,Sinker,Changeup,BallCalled,Undefined,Undefined,Undefined,0,0,,85.25646,-0.817873,-0.64364,2082.885548,246.651446,2:15,5.81431,1.21566,5.58147,-30.86376,8.068,15.80615,2.47844,1.93172,78.02855,-6.512547,2.179575,0.44908,,,,,,,,,,,,-8.15965,4.70233,-1.17076,50,5.72402,0.72227,-123.79187,-2.83005,-12.63304,25.23571,-24.89373,MIA_RED,MIA_RED,McKieFieldStad,TeamExclusive,Team,20251031-McKieFieldStad-Private-1,03263c10-b67d-11f0-8a07-17c2357ed222,83.93265,,,7.22791,,,,,,,4ba3adc6-5d81-4936-b0af-135018c654d9,2025-10-31,17:14:08.01,2025-10-31T13:14:08.0155136-04:00,2025-10-31T17:14:08.0155136Z,,v3,471355,471355,,,,Undefined,MIA_RED,bb40ec32-04b3-4ae0-ba47-32ba4ade19d5,54.91598,-124.78999,12.61786,5.81648,-1.84545,-12.44687,-1.20921,1.22194,-6.31652,,,,,,,,,,,,,,,,,,,,,,,,,,,,,,,,,,,,,,,,,,,,,,,,,,,High,High,High,,,,,
124,2025-10-31,13:14:26.43,1,2,"Benko, Troy",10267339,Right,MIA_RED,"Cruz, Diego",1000178634,Left,MIA_RED,Undefined,4,Bottom,0,1,0,Sinker,Changeup,FoulBallNotFieldable,Undefined,Undefined,Undefined,0,0,,86.51168,-2.415479,-1.538071,2073.121348,244.928707,2:15,5.8581,1.00617,6.0068,-27.71757,9.4713,17.7317,1.30833,1.05851,79.45619,-7.559894,1.655471,0.438913,57.51974,-11.218714,-89.15792,,,,,9.39968,3.40685,-69.033048,0.093714,-9.64871,5.89465,-0.89542,50,5.65299,2.68099,-125.63001,-6.1872,-15.40468,25.69256,-22.76291,MIA_RED,MIA_RED,McKieFieldStad,TeamExclusive,Team,20251031-McKieFieldStad-Private-1,0e230a30-b67d-11f0-8a07-17c2357ed222,85.87688,1.54296,,7.05549,,,,3.24915,1.54296,-0.99896,4ba3adc6-5d81-4936-b0af-135018c654d9,2025-10-31,17:14:26.43,2025-10-31T13:14:26.4356352-04:00,2025-10-31T17:14:26.4356352Z,GroundBall,v3,471355,471355,,,,Undefined,MIA_RED,2f5263b3-1efa-4480-9383-b19bddae62b7,54.49318,-126.54557,12.84628,5.85902,-5.37604,-11.38145,-1.00073,3.22994,-7.70234,,3.24909,1.21996,,,,,,,,1.54374,-16.46456,,,,,,,,-0.99504,-83.00085,,,,,,,,,,,,,,,,,,,,,,,,,,,,,,High,High,High,Low,Low,,,
125,2025-10-31,13:14:48.37,1,3,"Benko, Troy",10267339,Right,MIA_RED,"Cruz, Diego",1000178634,Left,MIA_RED,Undefined,4,Bottom,0,1,1,ChangeUp,Changeup,InPlay,Undefined,GroundBall,Triple,1,0,,81.66511,-1.28958,-2.817587,1786.979213,260.271638,2:45,5.81841,1.06515,5.61281,-38.32526,4.26488,16.63288,1.41937,-0.18065,74.70958,-8.322652,0.154386,0.469706,73.85708,-4.089788,43.543692,,,,,29.62827,23.24075,37.883389,0.239929,-9.37004,2.8965,-0.83575,50,5.6832,5.18381,-118.44476,-3.94338,-13.23099,23.8945,-28.08403,MIA_RED,MIA_RED,McKieFieldStad,TeamExclusive,Team,20251031-McKieFieldStad-Private-1,1b20b160-b67d-11f0-8a07-17c2357ed222,80.2469,1.85671,,6.95553,,,,4.56211,1.85671,0.30438,4ba3adc6-5d81-4936-b0af-135018c654d9,2025-10-31,17:14:48.37,2025-10-31T13:14:48.3772416-04:00,2025-10-31T17:14:48.3772416Z,GroundBall,v3,471355,471355,,,,Undefined,MIA_RED,96c2d5eb-d251-42d0-9941-b94ad3ba204e,54.88713,-119.4266,11.94725,5.82153,-2.78939,-14.04201,-1.05992,5.72747,-6.6155,180,4.55704,78.44962,,,,,,,,1.8572,-7.73855,,,,,,,,0.29956,74.55968,,,,,,,,,,,,,,,,,,,,,,,,,,,,,,High,High,High,Low,Low,,,
126,2025-10-31,13:15:44.01,2,1,"Benko, Troy",10267339,Right,MIA_RED,"Gonzalez Rivera, Ignacio",10124440,Right,MIA_RED,Undefined,4,Bottom,1,0,0,Cutter,Changeup,BallCalled,Undefined,Undefined,Undefined,0,0,,84.15701,-1.124309,-3.04801,2058.169174,243.483862,2:00,6.01445,1.04276,5.41399,-35.81281,4.26024,6.10855,1.97516,-1.30628,77.5767,-7.656434,-1.961966,0.455614,,,,,,,,,,,,-3.87213,2.83095,-0.77598,50,5.88947,6.24146,-122.06221,-3.68122,-5.86972,22.95399,-27.88265,MIA_RED,MIA_RED,McKieFieldStad,TeamExclusive,Team,20251031-McKieFieldStad-Private-1,3c30be40-b67d-11f0-8a07-17c2357ed222,82.7288,,,6.58031,,,,,,,4ba3adc6-5d81-4936-b0af-135018c654d9,2025-10-31,17:15:44.01,2025-10-31T13:15:44.0110592-04:00,2025-10-31T17:15:44.0110592Z,,v3,471355,471355,,,,Undefined,MIA_RED,7e49b451-c0ee-4d83-9d30-332de04e2466,55.08378,-123.01451,11.477,6.0182,-2.52444,-13.94133,-1.03998,6.48498,-2.93486,,,,,,,,,,,,,,,,,,,,,,,,,,,,,,,,,,,,,,,,,,,,,,,,,,,High,High,High,,,,,
127,2025-10-31,13:15:59.69,2,2,"Benko, Troy",10267339,Right,MIA_RED,"Gonzalez Rivera, Ignacio",10124440,Right,MIA_RED,Undefined,4,Bottom,1,1,0,ChangeUp,Changeup,BallCalled,Undefined,Undefined,Undefined,0,0,,79.80393,-0.046812,-0.622556,2150.171113,257.200817,2:30,5.94372,1.05281,5.16235,-41.78034,3.38091,8.49678,2.41797,1.17491,73.12403,-7.65444,0.884144,0.483676,,,,,,,,,,,,-4.40559,2.14429,-1.00151,50,5.90752,0.90659,-115.80235,-1.5688,-5.96785,22.11832,-29.2694,MIA_RED,MIA_RED,McKieFieldStad,TeamExclusive,Team,20251031-McKieFieldStad-Private-1,459dc4a0-b67d-11f0-8a07-17c2357ed222,77.92913,,,6.67991,,,,,,,4ba3adc6-5d81-4936-b0af-135018c654d9,2025-10-31,17:15:59.69,2025-10-31T13:15:59.6918784-04:00,2025-10-31T17:15:59.6918784Z,,v3,471355,471355,,,,Undefined,MIA_RED,d0ed1f70-6d50-4c72-96c0-185dae6bef31,55.33495,-116.81688,11.05916,5.94868,-0.22625,-14.6347,-1.04937,1.18033,-2.98392,,,,,,,,,,,,,,,,,,,,,,,,,,,,,,,,,,,,,,,,,,,,,,,,,,,High,High,High,,,,,
128,2025-10-31,13:16:18.48,2,3,"Benko, Troy",10267339,Right,MIA_RED,"Gonzalez Rivera, Ignacio",10124440,Right,MIA_RED,Undefined,4,Bottom,1,2,0,Fastball,Changeup,FoulBallNotFieldable,Undefined,Undefined,Undefined,0,0,,85.20968,-1.33616,-3.389912,2118.703874,217.192199,1:15,6.03396,0.74615,5.66648,-24.64009,14.64367,10.06512,2.73238,-1.57953,77.20786,-5.953544,-1.594656,0.451105,60.7614,50.315428,137.969006,5612.829473,,,,,33.51841,,,-6.16118,8.24619,-0.46605,50,5.90562,6.89114,-123.39699,-3.66235,-9.40409,26.86259,-19.58747,MIA_RED,MIA_RED,McKieFieldStad,TeamExclusive,Team,20251031-McKieFieldStad-Private-1,50df3ce0-b67d-11f0-8a07-17c2357ed222,83.55575,34.09538,,8.00182,,,,0.60231,2.63016,1.74656,4ba3adc6-5d81-4936-b0af-135018c654d9,2025-10-31,17:16:18.48,2025-10-31T13:16:18.4820736-04:00,2025-10-31T17:16:18.4820736Z,,v3,471355,471355,,,,Undefined,MIA_RED,05c49983-78f8-4b16-8d7c-e89bc881ab44,54.82982,-124.44396,13.43129,6.03348,-2.89893,-9.79373,-0.74177,7.25766,-4.70204,,0.60231,-42.26904,-1.92227,2.32697,-0.83622,0.25184,-0.08141,0.03018,-0.00702,2.63016,68.58158,-29.32489,4.07442,-0.79501,0.17267,-0.07032,0.01761,0.00326,1.74656,38.10064,-8.45635,2.89025,-0.77053,0.20911,-0.07523,0.02031,0.00012,,,,,,,,,,,,,,,,,,,,,,,High,High,High,High,Undefined,,,
129,2025-10-31,13:16:38.30,2,4,"Benko, Troy",10267339,Right,MIA_RED,"Gonzalez Rivera, Ignacio",10124440,Right,MIA_RED,Undefined,4,Bottom,1,2,1,Cutter,Changeup,BallCalled,Undefined,Undefined,Undefined,0,0,,83.09024,0.127244,-2.730595,2062.66844,228.49471,1:30,5.97011,1.18513,5.33023,-31.02651,10.50544,10.32623,3.50409,-0.51832,75.68938,-5.600353,-0.898619,0.463834,,,,,,,,,,,,-5.92071,5.64788,-0.94584,50,5.95964,5.2991,-120.42405,-0.79834,-8.66794,24.05048,-23.90554,MIA_RED,MIA_RED,McKieFieldStad,TeamExclusive,Team,20251031-McKieFieldStad-Private-1,5c8bfa10-b67d-11f0-8a07-17c2357ed222,81.26276,,,7.40087,,,,,,,4ba3adc6-5d81-4936-b0af-135018c654d9,2025-10-31,17:16:38.30,2025-10-31T13:16:38.3080960-04:00,2025-10-31T17:16:38.3080960Z,,v3,471355,471355,,,,Undefined,MIA_RED,315e265d-7d6c-4bb2-8ddb-08fe9a5a5ae9,55.16516,-121.45123,12.02524,5.97193,0.22264,-11.95277,-1.18007,5.6693,-4.33397,,,,,,,,,,,,,,,,,,,,,,,,,,,,,,,,,,,,,,,,,,,,,,,,,,,High,High,High,,,,,
130,2025-10-31,13:16:55.05,2,5,"Benko, Troy",10267339,Right,MIA_RED,"Gonzalez Rivera, Ignacio",10124440,Right,MIA_RED,Undefined,4,Bottom,1,3,1,Sinker,Changeup,FoulBallNotFieldable,Undefined,Undefined,Undefined,0,0,,85.49366,-1.233564,-2.198511,2070.851828,252.210142,2:30,5.86835,1.01655,5.75467,-31.84084,6.75363,17.08552,2.06565,0.39283,78.09083,-7.119868,0.862507,0.44713,,,,,,,,,,,,-9.39957,4.16315,-0.84492,50,5.74657,4.06944,-124.07467,-3.7454,-14.57717,26.01795,-25.7177,MIA_RED,MIA_RED,McKieFieldStad,TeamExclusive,Team,20251031-McKieFieldStad-Private-1,669ae5c0-b67d-11f0-8a07-17c2357ed222,84.29859,,,7.40283,,,,,,,4ba3adc6-5d81-4936-b0af-135018c654d9,2025-10-31,17:16:55.05,2025-10-31T13:16:55.0503936-04:00,2025-10-31T17:16:55.0503936Z,,v3,471355,471355,,,,Undefined,MIA_RED,6fd44e64-f76d-4dd1-b3d0-15bf5af731be,54.74428,-125.06557,13.00897,5.87056,-2.76594,-12.85885,-1.01048,4.62462,-7.28859,,,,,,,,,,,,,,,,,,,,,,,,,,,,,,,,,,,,,,,,,,,,,,,,,,,High,High,High,,,,,
131,2025-10-31,13:17:27.00,2,6,"Benko, Troy",10267339,Right,MIA_RED,"Gonzalez Rivera, Ignacio",10124440,Right,MIA_RED,Undefined,4,Bottom,1,3,2,Fastball,Sinker,BallCalled,Walk,Undefined,Undefined,0,0,,86.83062,-1.49696,-4.249708,2200.449432,225.882575,1:30,6.02745,0.82842,5.84897,-23.25651,14.48989,13.53328,2.69426,-1.99996,78.38972,-5.88125,-1.831058,0.44219,,,,,,,,,,,,-8.19374,8.26189,-0.4901,50,5.892,8.75596,-125.59744,-4.0086,-12.92558,28.39043,-19.14098,MIA_RED,MIA_RED,McKieFieldStad,TeamExclusive,Team,20251031-McKieFieldStad-Private-1,799ee8b0-b67d-11f0-8a07-17c2357ed222,85.24031,,,8.4409,,,,,,,4ba3adc6-5d81-4936-b0af-135018c654d9,2025-10-31,17:17:27.00,2025-10-31T13:17:27.0053888-04:00,2025-10-31T17:17:27.0053888Z,,v3,471355,471355,,,,Undefined,MIA_RED,2c32f797-986b-413e-94d5-ce7a56e65b1c,54.64571,-126.64321,14.19522,6.02668,-3.30353,-9.57049,-0.8214,9.23208,-6.46279,,,,,,,,,,,,,,,,,,,,,,,,,,,,,,,,,,,,,,,,,,,,,,,,,,,High,High,High,,,,,
132,2025-10-31,13:17:55.51,3,1,"Benko, Troy",10267339,Right,MIA_RED,"Rasmussen, Jamie",10272616,Right,MIA_RED,Undefined,4,Bottom,1,0,0,ChangeUp,Changeup,BallCalled,Undefined,Undefined,Undefined,0,0,,83.02501,-0.046428,-5.03028,1991.726915,262.831529,2:45,5.89448,1.27635,5.80576,-37.64549,3.75815,18.02552,2.71401,-1.91158,75.03923,-7.011907,-1.813958,0.463117,,,,,,,,,,,,-10.69422,2.40882,-0.87313,50,5.86862,9.82429,-120.03365,-1.35241,-15.40403,25.99272,-28.70438,MIA_RED,MIA_RED,McKieFieldStad,TeamExclusive,Team,20251031-McKieFieldStad-Private-1,8a9ede40-b67d-11f0-8a07-17c2357ed222,81.3886,,,7.98577,,,,,,,4ba3adc6-5d81-4936-b0af-135018c654d9,2025-10-31,17:17:55.51,2025-10-31T13:17:55.5191808-04:00,2025-10-31T17:17:55.5191808Z,,v3,471355,471355,,,,Undefined,MIA_RED,d8b5ac1a-03eb-45ce-bf9a-593b80fb4a75,54.69052,-121.0451,12.99636,5.89951,-0.23545,-14.35219,-1.26708,10.4237,-7.70201,,,,,,,,,,,,,,,,,,,,,,,,,,,,,,,,,,,,,,,,,,,,,,,,,,,High,High,High,,,,,
133,2025-10-31,13:20:29.02,1,1,"Ross, Luke",1000078058,Left,MIA_RED,"Rasmussen, Jamie",10272616,Right,MIA_RED,Undefined,5,Top,0,0,0,Fastball,Changeup,InPlay,Undefined,Popup,Out,1,0,,82.928,-1.224683,1.314509,1985.228332,144.684545,10:45,5.83263,-0.79885,6.41957,-23.27785,16.45938,-10.77934,2.76655,-0.48855,76.03632,-5.640358,-0.639929,0.453701,80.47456,67.711068,-8.853706,,109.43574,119.88437,11.12696,147.40014,58.72672,7.045268,5.925292,6.04071,9.3328,0.70992,50,5.73453,-2.38354,-120.56908,-3.19366,8.89415,23.38841,-18.43273,MIA_RED,MIA_RED,McKieFieldStad,TeamExclusive,Team,20251031-McKieFieldStad-Private-1,e633b140-b67d-11f0-8a07-17c2357ed222,83.07765,144.15395,,6.89167,,,,2.53897,2.01747,0.47201,4ba3adc6-5d81-4936-b0af-135018c654d9,2025-10-31,17:20:29.02,2025-10-31T13:20:29.0210000-04:00,2025-10-31T17:20:29.0210000Z,Popup,v3,471355,471355,,,,Undefined,MIA_RED,9bca1dd6-3283-40de-a446-885e93cfdeee,54.07916,-121.35779,11.6942,5.83175,-2.57207,-9.21637,0.79535,-2.68347,4.44708,196.555818,2.54418,44.12191,-10.39651,2.33109,-0.12155,-0.095,0.03088,-0.00399,0.00019,2.00002,109.50243,-27.36225,4.42851,-1.47283,0.40732,-0.07326,0.00711,-0.00028,0.47424,-6.90791,6.60751,-2.10985,0.43074,-0.04924,-0.0004,0.00078,-6E-05,,,,,,,,,,,,,,,,,,,,,,,High,High,High,High,Low,,,
134,2025-10-31,13:21:05.40,2,1,"Ross, Luke",1000078058,Left,MIA_RED,"Dierks, Marcus",10322729,Left,MIA_RED,Undefined,5,Top,1,0,0,Fastball,Changeup,BallCalled,Undefined,Undefined,Undefined,0,0,,83.75029,-2.629805,2.336151,2059.916496,130.100914,10:15,5.70637,-0.66323,6.2,-22.56824,16.84123,-18.49781,1.39442,-0.04704,76.81724,-6.885702,-1.003247,0.451826,,,,,,,,,,,,10.20335,9.83587,0.49643,50,5.49695,-4.25188,-121.55091,-6.21162,15.27333,23.70378,-17.45077,MIA_RED,MIA_RED,McKieFieldStad,TeamExclusive,Team,20251031-McKieFieldStad-Private-1,fbd4f450-b67d-11f0-8a07-17c2357ed222,83.4224,,,6.93304,,,,,,,4ba3adc6-5d81-4936-b0af-135018c654d9,2025-10-31,17:21:05.40,2025-10-31T13:21:05.4090000-04:00,2025-10-31T17:21:05.4090000Z,,v3,471355,471355,,,,Undefined,MIA_RED,b16d7da8-ccad-465f-93d8-cec346ddcd18,54.29799,-122.3862,11.85189,5.70501,-5.59669,-8.72538,0.65575,-4.79009,7.63667,,,,,,,,,,,,,,,,,,,,,,,,,,,,,,,,,,,,,,,,,,,,,,,,,,,High,High,High,,,,,
135,2025-10-31,13:21:21.50,2,2,"Ross, Luke",1000078058,Left,MIA_RED,"Dierks, Marcus",10322729,Left,MIA_RED,Undefined,5,Top,1,1,0,Fastball,Changeup,FoulBallNotFieldable,Undefined,Undefined,Undefined,0,0,,85.42257,-1.521342,0.983925,2099.311999,135.812486,10:30,5.76256,-0.69419,6.00904,-20.4484,17.76312,-16.0517,2.64859,-1.12021,77.95619,-5.396777,-1.904216,0.444906,77.23566,6.295283,53.48593,4571.437097,,,,92.92867,88.27737,58.179701,0.877358,8.57174,9.96115,0.62582,50,5.63197,-1.49747,-124.06765,-3.8772,13.30832,25.72874,-16.70857,MIA_RED,MIA_RED,McKieFieldStad,TeamExclusive,Team,20251031-McKieFieldStad-Private-1,0572f5c0-b67e-11f0-8a07-17c2357ed222,84.71998,4.87957,,7.46638,,,,1.38728,2.80918,1.4222,4ba3adc6-5d81-4936-b0af-135018c654d9,2025-10-31,17:21:21.50,2025-10-31T13:21:21.5080000-04:00,2025-10-31T17:21:21.5080000Z,GroundBall,v3,471355,471355,,,,Undefined,MIA_RED,590dd50c-f28a-4ae8-aa97-3ab558d88f1e,54.48901,-124.99511,12.86437,5.76088,-3.2749,-8.35429,0.68844,-1.9772,6.65416,,1.38728,66.99692,-16.35952,2.47187,-0.37896,-0.20744,0.33639,-0.22084,0.05854,2.80918,12.42138,-19.21336,1.85353,-0.30646,-0.03325,0.12097,-0.08363,0.02237,1.4222,90.49411,-2.08223,-0.45397,-0.01051,0.34221,-0.4598,0.29749,-0.07862,,,,,,,,,,,,,,,,,,,,,,,High,High,High,High,High,,,
136,2025-10-31,13:21:40.43,2,3,"Ross, Luke",1000078058,Left,MIA_RED,"Dierks, Marcus",10322729,Left,MIA_RED,Undefined,5,Top,1,1,1,Curveball,Curveball,BallCalled,Undefined,Undefined,Undefined,0,0,,73.51869,1.37868,1.354852,2226.130264,318.68273,4:30,5.69481,-0.93174,5.39078,-61.60153,-8.46678,8.99528,1.85408,1.08788,67.31687,-9.807847,2.956979,0.524639,,,,,,,,,,,,-4.08544,-4.10272,0.80431,50,5.77481,-2.85997,-106.65687,0.55717,-4.65693,20.13103,-36.85067,MIA_RED,MIA_RED,McKieFieldStad,TeamExclusive,Team,20251031-McKieFieldStad-Private-1,10a9e6b0-b67e-11f0-8a07-17c2357ed222,71.8445,,,6.20182,,,,,,,4ba3adc6-5d81-4936-b0af-135018c654d9,2025-10-31,17:21:40.43,2025-10-31T13:21:40.4300000-04:00,2025-10-31T17:21:40.4300000Z,,v3,471355,471355,,,,Undefined,MIA_RED,3adf9244-2ddd-4dbe-9103-80963a60acd4,55.10879,-107.61681,10.06552,5.70635,2.31438,-18.42534,0.9354,-2.63791,-2.32846,,,,,,,,,,,,,,,,,,,,,,,,,,,,,,,,,,,,,,,,,,,,,,,,,,,High,High,High,,,,,
137,2025-10-31,13:21:57.55,2,4,"Ross, Luke",1000078058,Left,MIA_RED,"Dierks, Marcus",10322729,Left,MIA_RED,Undefined,5,Top,1,2,1,Fastball,Sinker,FoulBallNotFieldable,Undefined,Undefined,Undefined,0,0,,85.95854,-0.960804,1.250188,2200.593089,137.138202,10:30,5.7918,-0.6259,6.21374,-20.05974,17.20934,-14.89131,3.23319,-0.71293,78.71153,-4.773042,-1.438917,0.439386,67.0415,82.247526,-132.56228,5262.159093,,,,,10.98299,,,8.0902,9.54945,0.53958,50,5.70967,-2.15343,-124.95241,-2.65031,12.79816,25.03645,-17.06747,MIA_RED,MIA_RED,McKieFieldStad,TeamExclusive,Team,20251031-McKieFieldStad-Private-1,1ae93130-b67e-11f0-8a07-17c2357ed222,85.7844,68.28348,,7.24701,,,,1.51491,3.02044,0.81137,4ba3adc6-5d81-4936-b0af-135018c654d9,2025-10-31,17:21:57.55,2025-10-31T13:21:57.5540000-04:00,2025-10-31T17:21:57.5540000Z,,v3,471355,471355,,,,Undefined,MIA_RED,ce2a44eb-f2e3-4869-990e-cc9d3f8f034d,54.28475,-125.80801,12.51823,5.79028,-2.06705,-8.53373,0.62064,-2.5908,6.39908,8.529848,1.51491,-8.97149,-7.06285,3.25254,-0.95113,0.22803,-0.03722,-0.00164,0.00183,3.02044,97.42865,-28.89818,3.66214,-0.61753,0.04406,0.04023,-0.02856,0.00654,0.81137,-9.76931,5.73416,-2.09946,0.55032,-0.11761,0.01103,0.00573,-0.00198,,,,,,,,,,,,,,,,,,,,,,,High,High,High,High,Undefined,,,
138,2025-10-31,13:22:20.66,2,5,"Ross, Luke",1000078058,Left,MIA_RED,"Dierks, Marcus",10322729,Left,MIA_RED,Undefined,5,Top,1,2,2,Curveball,Curveball,BallCalled,Undefined,Undefined,Undefined,0,0,,72.99477,1.043941,-1.392585,2048.501158,306.989962,4:15,5.69462,-0.95038,5.32777,-60.43011,-6.77276,11.24386,1.63872,-1.32032,67.22781,-9.908283,0.609345,0.527213,,,,,,,,,,,,-6.03225,-3.16756,1.06789,50,5.74537,2.15884,-105.97465,-0.03237,-6.83678,18.68237,-35.76409,MIA_RED,MIA_RED,McKieFieldStad,TeamExclusive,Team,20251031-McKieFieldStad-Private-1,28a2d560-b67e-11f0-8a07-17c2357ed222,71.49377,,,5.76696,,,,,,,4ba3adc6-5d81-4936-b0af-135018c654d9,2025-10-31,17:22:20.66,2025-10-31T13:22:20.6620000-04:00,2025-10-31T17:22:20.6620000Z,,v3,471355,471355,,,,Undefined,MIA_RED,0f49fe74-d7e6-4e1c-82e1-0fba2001099b,55.17272,-106.88266,9.34119,5.7047,1.70586,-17.88204,0.9549,2.49113,-3.41839,,,,,,,,,,,,,,,,,,,,,,,,,,,,,,,,,,,,,,,,,,,,,,,,,,,High,High,High,,,,,
139,2025-10-31,13:22:39.84,2,6,"Ross, Luke",1000078058,Left,MIA_RED,"Dierks, Marcus",10322729,Left,MIA_RED,Undefined,5,Top,1,3,2,Fastball,Changeup,BallCalled,Walk,Undefined,Undefined,0,0,,85.55861,-1.59252,0.389858,2081.856319,140.170593,10:45,5.7715,-0.49328,6.13255,-17.85044,19.85178,-15.58414,2.81164,-1.43163,78.48204,-4.995163,-2.420145,0.441931,,,,,,,,,,,,8.10445,11.02804,0.47107,50,5.64038,-0.22458,-124.33942,-3.92445,12.71798,24.37321,-14.86827,MIA_RED,MIA_RED,McKieFieldStad,TeamExclusive,Team,20251031-McKieFieldStad-Private-1,3433f440-b67e-11f0-8a07-17c2357ed222,85.29025,,,7.07658,,,,,,,4ba3adc6-5d81-4936-b0af-135018c654d9,2025-10-31,17:22:39.84,2025-10-31T13:22:39.8470000-04:00,2025-10-31T17:22:39.8470000Z,,v3,471355,471355,,,,Undefined,MIA_RED,48025649-a653-4d03-b783-bf6bc7f9ae44,54.36439,-125.19202,12.18661,5.76856,-3.40435,-7.43414,0.4867,-0.66947,6.35899,,,,,,,,,,,,,,,,,,,,,,,,,,,,,,,,,,,,,,,,,,,,,,,,,,,High,High,High,,,,,
140,2025-10-31,13:23:12.90,3,1,"Ross, Luke",1000078058,Left,MIA_RED,"Proctor, Keenan",823047,Left,MIA_RED,Undefined,5,Top,1,0,0,Fastball,Changeup,BallCalled,Undefined,Undefined,Undefined,0,0,,85.00718,-0.096304,2.357111,2181.575756,129.435491,10:15,5.73859,-0.77153,6.43132,-23.35706,14.20898,-15.95001,3.70359,0.06683,78.28844,-4.512598,-0.53285,0.441132,,,,,,,,,,,,8.90843,7.7913,0.6104,50,5.72094,-4.49112,-123.62304,-0.85304,13.89814,22.7675,-20.01871,MIA_RED,MIA_RED,McKieFieldStad,TeamExclusive,Team,20251031-McKieFieldStad-Private-1,47bd2cc0-b67e-11f0-8a07-17c2357ed222,85.44473,,,6.71874,,,,,,,4ba3adc6-5d81-4936-b0af-135018c654d9,2025-10-31,17:23:12.90,2025-10-31T13:23:12.9080000-04:00,2025-10-31T17:23:12.9080000Z,,v3,471355,471355,,,,Undefined,MIA_RED,ec5e6f9e-37ae-4612-a577-8a9e7e5975fd,54.06725,-124.36984,11.38375,5.73815,-0.1964,-10.00935,0.76519,-4.947,6.94907,,,,,,,,,,,,,,,,,,,,,,,,,,,,,,,,,,,,,,,,,,,,,,,,,,,High,High,High,,,,,
141,2025-10-31,13:23:32.72,3,2,"Ross, Luke",1000078058,Left,MIA_RED,"Proctor, Keenan",823047,Left,MIA_RED,Undefined,5,Top,1,1,0,Fastball,Changeup,StrikeCalled,Undefined,Undefined,Undefined,0,0,,85.32769,-1.688418,2.851071,2147.166391,132.199329,10:30,5.70994,-0.58569,6.35455,-21.67556,15.75418,-16.16127,2.34727,0.69381,78.72385,-5.781629,-0.072366,0.440332,,,,,,,,,,,,9.12508,8.98205,0.38603,50,5.57701,-5.56372,-123.98462,-4.25745,14.33057,22.72093,-18.06809,MIA_RED,MIA_RED,McKieFieldStad,TeamExclusive,Team,20251031-McKieFieldStad-Private-1,538b2d90-b67e-11f0-8a07-17c2357ed222,85.60014,,,6.60384,,,,,,,4ba3adc6-5d81-4936-b0af-135018c654d9,2025-10-31,17:23:32.72,2025-10-31T13:23:32.7280000-04:00,2025-10-31T17:23:32.7280000Z,,v3,471355,471355,,,,Undefined,MIA_RED,ce02bdc5-8adc-4b96-92af-086657226990,54.14425,-124.74176,11.36047,5.70886,-3.65535,-9.03405,0.57939,-6.04127,7.16528,,,,,,,,,,,,,,,,,,,,,,,,,,,,,,,,,,,,,,,,,,,,,,,,,,,High,High,High,,,,,
142,2025-10-31,13:23:56.08,3,3,"Ross, Luke",1000078058,Left,MIA_RED,"Proctor, Keenan",823047,Left,MIA_RED,Undefined,5,Top,1,1,1,Fastball,Changeup,BallCalled,Undefined,Undefined,Undefined,0,0,,83.1269,-0.37729,2.786619,1979.068688,134.223652,10:30,5.78352,-0.61761,6.14176,-22.40257,17.64088,-16.82367,3.56757,0.55758,75.98381,-4.626571,-0.243482,0.455446,,,,,,,,,,,,9.39414,9.58819,0.4133,50,5.743,-5.21981,-120.69373,-1.40613,13.87027,23.27797,-18.01727,MIA_RED,MIA_RED,McKieFieldStad,TeamExclusive,Team,20251031-McKieFieldStad-Private-1,61a6eef0-b67e-11f0-8a07-17c2357ed222,82.75933,,,7.1431,,,,,,,4ba3adc6-5d81-4936-b0af-135018c654d9,2025-10-31,17:23:56.08,2025-10-31T13:23:56.0840000-04:00,2025-10-31T17:23:56.0840000Z,,v3,471355,471355,,,,Undefined,MIA_RED,c980310f-e6d5-41c0-be7a-a04cd5f87768,54.355,-121.53077,11.63899,5.78192,-0.75825,-9.00864,0.60996,-5.71857,6.93513,,,,,,,,,,,,,,,,,,,,,,,,,,,,,,,,,,,,,,,,,,,,,,,,,,,High,High,High,,,,,
143,2025-10-31,13:24:16.77,3,4,"Ross, Luke",1000078058,Left,MIA_RED,"Proctor, Keenan",823047,Left,MIA_RED,Undefined,5,Top,1,2,1,Fastball,Sinker,BallCalled,Undefined,Undefined,Undefined,0,0,,85.17387,-3.372378,1.814081,2159.351786,138.174967,10:30,5.70731,-0.43326,6.35606,-18.24048,19.20682,-16.23481,1.0783,-0.11599,79.03775,-6.820626,-1.125723,0.440435,,,,,,,,,,,,8.95493,11.19264,0.30934,50,5.45385,-3.32694,-123.75837,-7.77583,14.06882,21.69153,-14.58956,MIA_RED,MIA_RED,McKieFieldStad,TeamExclusive,Team,20251031-McKieFieldStad-Private-1,6def76f0-b67e-11f0-8a07-17c2357ed222,85.58006,,,6.13611,,,,,,,4ba3adc6-5d81-4936-b0af-135018c654d9,2025-10-31,17:24:16.77,2025-10-31T13:24:16.7760000-04:00,2025-10-31T17:24:16.7760000Z,,v3,471355,471355,,,,Undefined,MIA_RED,fd9454ef-0b1b-4719-b63a-d81f5109e1b6,54.14429,-124.48264,10.84577,5.70534,-7.2887,-7.29478,0.42826,-3.79668,7.03441,,,,,,,,,,,,,,,,,,,,,,,,,,,,,68.41843,3.028271,1.598925,1.429346,1.37687,1.07354,0.11677,0.97547,6.32299,-0.87713,127.27885,0.57548,-2.32484,1.09994,98.06475,-6.93414,6.36082,13.89914,-12.58756,-0.87777,-1.07282,0.04272,High,High,High,,,High,High,High
144,2025-10-31,13:24:42.89,3,5,"Ross, Luke",1000078058,Left,MIA_RED,"Proctor, Keenan",823047,Left,MIA_RED,Undefined,5,Top,1,3,1,Fastball,Changeup,StrikeSwinging,Undefined,Undefined,Undefined,0,0,,84.58097,-2.155304,2.472491,2091.669107,142.233146,10:45,5.73058,-0.6099,6.2042,-20.08359,18.32997,-13.29808,2.06478,0.56549,77.86561,-5.957326,0.073246,0.446081,,,,,,,,,,,,7.50532,10.41221,0.43047,50,5.5582,-4.79097,-122.82872,-5.16999,11.54101,22.83635,-16.16303,MIA_RED,MIA_RED,McKieFieldStad,TeamExclusive,Team,20251031-McKieFieldStad-Private-1,7d85f170-b67e-11f0-8a07-17c2357ed222,84.49683,,,6.71537,,,,,,,4ba3adc6-5d81-4936-b0af-135018c654d9,2025-10-31,17:24:42.89,2025-10-31T13:24:42.8970000-04:00,2025-10-31T17:24:42.8970000Z,,v3,471355,471355,,,,Undefined,MIA_RED,521fae98-a813-460b-a2c6-7bdb7c8a1172,54.29345,-123.62438,11.41817,5.72852,-4.60684,-8.08152,0.6044,-5.19309,5.77051,,,,,,,,,,,,,,,,,,,,,,,,,,,,,62.32792,,0.952474,,-1.56232,1.74742,-0.56578,-3.45296,6.58548,-0.50567,,,,-3.3499,89.28024,-5.29443,6.6276,13.7645,-12.83812,-0.52999,-2.33205,1.1617,High,High,High,,,High,High,High
145,2025-10-31,13:25:08.00,3,6,"Ross, Luke",1000078058,Left,MIA_RED,"Proctor, Keenan",823047,Left,MIA_RED,Undefined,5,Top,1,3,2,Fastball,Changeup,FoulBallNotFieldable,Undefined,Undefined,Undefined,0,0,,84.92379,-0.777048,1.474287,2138.642538,133.700054,10:30,5.77805,-0.52177,6.37477,-20.99895,17.16773,-16.64883,3.31295,-0.55248,77.33398,-4.788844,-1.541163,0.444645,67.68788,14.133307,47.538027,2477.324795,,,,135.51727,132.97246,51.377584,1.566639,9.14938,9.5656,0.42294,50,5.71215,-2.55457,-123.41244,-2.22814,14.02872,25.89306,-17.50709,MIA_RED,MIA_RED,McKieFieldStad,TeamExclusive,Team,20251031-McKieFieldStad-Private-1,8c7aadb0-b67e-11f0-8a07-17c2357ed222,84.76971,11.80815,,7.58981,,,,1.95865,3.55459,0.62285,4ba3adc6-5d81-4936-b0af-135018c654d9,2025-10-31,17:25:08.00,2025-10-31T13:25:08.0050000-04:00,2025-10-31T17:25:08.0050000Z,LineDrive,v3,471355,471355,,,,Undefined,MIA_RED,bb647210-0da6-44d8-96c2-75d9bc6bfd4d,54.12339,-124.27456,12.94653,5.77663,-1.64524,-8.75354,0.51577,-3.02166,7.01436,,1.95865,64.99218,-9.2192,1.21285,-0.25201,0.03833,-0.00628,0.00116,-0.00011,3.55459,24.24094,-18.62333,1.35275,-0.2351,0.05022,-0.00665,0.00083,-9E-05,0.62285,71.02109,-2.72019,0.25024,-0.05754,0.00679,-0.00132,0.00026,-2E-05,,,,,,,,,,,,,,,,,,,,,,,High,High,High,High,High,,,
146,2025-10-31,13:25:31.76,3,7,"Ross, Luke",1000078058,Left,MIA_RED,"Proctor, Keenan",823047,Left,MIA_RED,Undefined,5,Top,1,3,2,Fastball,Changeup,FoulBallNotFieldable,Undefined,Undefined,Undefined,0,0,,83.94093,-0.940519,1.386849,2011.367297,138.655399,10:30,5.68324,-0.81914,6.23602,-21.82513,17.68973,-14.35056,2.99656,-0.73546,76.01378,-5.110162,-1.205632,0.45243,90.91002,30.218525,49.904295,3182.852186,64.45907,51.5252,89.13421,338.77314,173.30624,62.649708,4.15371,7.91111,9.88256,0.7228,50,5.60235,-2.40835,-121.87579,-2.58412,11.75604,26.63932,-17.48835,MIA_RED,MIA_RED,McKieFieldStad,TeamExclusive,Team,20251031-McKieFieldStad-Private-1,9ac76a20-b67e-11f0-8a07-17c2357ed222,83.31105,63.72652,,7.92715,,,,2.15228,3.25068,0.79034,4ba3adc6-5d81-4936-b0af-135018c654d9,2025-10-31,17:25:31.76,2025-10-31T13:25:31.7660000-04:00,2025-10-31T17:25:31.7660000Z,FlyBall,v3,471355,471355,,,,Undefined,MIA_RED,ebe29f52-ef42-48d3-81fe-26109d8d1938,54.26114,-122.80365,13.31966,5.68175,-1.97499,-8.74417,0.81381,-2.81782,5.87802,,2.14881,74.29713,-17.69725,5.18921,-2.00517,0.76829,-0.22659,0.03848,-0.00262,3.2472,67.20095,-22.50711,3.43335,-1.45486,0.62245,-0.16564,0.0225,-0.0012,0.78784,88.1914,-2.51839,-0.82453,0.32575,-0.11535,0.04399,-0.01107,0.00104,,,,,,,,,,,,,,,,,,,,,,,High,High,High,High,Low,,,
147,2025-10-31,13:25:57.19,3,8,"Ross, Luke",1000078058,Left,MIA_RED,"Proctor, Keenan",823047,Left,MIA_RED,Undefined,5,Top,1,3,2,Curveball,Curveball,BallCalled,Walk,Undefined,Undefined,0,0,,71.47229,0.628584,1.40388,2006.112903,319.651575,4:45,5.67784,-0.75371,5.77985,-64.70716,-9.24083,9.42965,0.87062,1.33855,65.64416,-11.173254,3.098095,0.536026,,,,,,,,,,,,-4.35114,-4.30114,0.63227,50,5.69124,-2.87044,-103.77191,-0.80417,-4.68324,19.46211,-36.80347,MIA_RED,MIA_RED,McKieFieldStad,TeamExclusive,Team,20251031-McKieFieldStad-Private-1,a9d357e0-b67e-11f0-8a07-17c2357ed222,70.31825,,,5.82813,,,,,,,4ba3adc6-5d81-4936-b0af-135018c654d9,2025-10-31,17:25:57.19,2025-10-31T13:25:57.1960000-04:00,2025-10-31T17:25:57.1960000Z,,v3,471355,471355,,,,Undefined,MIA_RED,374f36e0-f3d6-45c2-9e93-f43f8594cd96,54.72021,-104.65342,9.73106,5.68991,0.86281,-18.40174,0.75748,-2.65831,-2.34162,,,,,,,,,,,,,,,,,,,,,,,,,,,,,,,,,,,,,,,,,,,,,,,,,,,High,High,High,,,,,
148,2025-10-31,13:26:31.51,4,1,"Ross, Luke",1000078058,Left,MIA_RED,"Cruz, Diego",1000178634,Left,MIA_RED,Undefined,5,Top,1,0,0,Fastball,Changeup,BallCalled,Undefined,Undefined,Undefined,0,0,,84.38377,-3.339448,2.981285,2108.505595,138.459568,10:30,5.69852,-0.63476,6.35709,-21.41182,17.44351,-14.29005,0.8331,0.9207,77.05789,-7.401014,0.395996,0.448639,,,,,,,,,,,,8.37811,10.47949,0.42534,50,5.44602,-5.84654,-122.31421,-7.71549,12.62788,25.26917,-16.37894,MIA_RED,MIA_RED,McKieFieldStad,TeamExclusive,Team,20251031-McKieFieldStad-Private-1,be3e3dd0-b67e-11f0-8a07-17c2357ed222,84.01513,,,7.32588,,,,,,,4ba3adc6-5d81-4936-b0af-135018c654d9,2025-10-31,17:26:31.51,2025-10-31T13:26:31.5190000-04:00,2025-10-31T17:26:31.5190000Z,,v3,471355,471355,,,,Undefined,MIA_RED,71656647-c769-4e0c-9cf8-b09958adcd87,54.14149,-123.16684,12.63459,5.69703,-7.16284,-8.18947,0.62981,-6.27262,6.31394,,,,,,,,,,,,,,,,,,,,,,,,,,,,,,,,,,,,,,,,,,,,,,,,,,,High,High,High,,,,,
149,2025-10-31,13:26:55.02,4,2,"Ross, Luke",1000078058,Left,MIA_RED,"Cruz, Diego",1000178634,Left,MIA_RED,Undefined,5,Top,1,1,0,Fastball,Four-Seam,FoulBallNotFieldable,Undefined,Undefined,Undefined,0,0,,85.12424,-1.751022,1.935798,2166.591878,145.906525,10:45,5.68646,-0.59723,6.38103,-19.95332,17.98525,-11.33564,2.41144,0.2396,77.72794,-5.561287,-0.117047,0.443314,65.41192,45.743688,-146.378529,4687.917773,,,,,40.4365,,,6.49796,10.27115,0.46294,50,5.55092,-3.75783,-123.64358,-4.30251,10.02685,25.39045,-16.32485,MIA_RED,MIA_RED,McKieFieldStad,TeamExclusive,Team,20251031-McKieFieldStad-Private-1,cc476190-b67e-11f0-8a07-17c2357ed222,85.02417,36.67711,,7.3963,,,,1.94479,2.36564,-0.20917,4ba3adc6-5d81-4936-b0af-135018c654d9,2025-10-31,17:26:55.02,2025-10-31T13:26:55.0250000-04:00,2025-10-31T17:26:55.0250000Z,,v3,471355,471355,,,,Undefined,MIA_RED,25254ab1-b537-48cb-9f6e-adfc5ed36030,54.117,-124.48614,12.69523,5.68471,-3.76078,-8.16242,0.59316,-4.09056,5.01343,38.653141,1.94479,-55.75151,1.28727,-0.8017,-0.0621,0.7503,-1.23208,0.90118,-0.23678,2.36564,68.71246,-27.47924,3.36415,-0.10305,-1.65906,2.69706,-1.87904,0.45026,-0.20917,-37.07143,8.7037,-0.10579,0.01979,-0.18836,0.43807,-0.42732,0.1593,,,,,,,,,,,,,,,,,,,,,,,High,High,High,High,Undefined,,,
150,2025-10-31,13:27:23.76,4,3,"Ross, Luke",1000078058,Left,MIA_RED,"Cruz, Diego",1000178634,Left,MIA_RED,Undefined,5,Top,1,1,1,Curveball,Curveball,StrikeCalled,Undefined,Undefined,Undefined,0,0,,71.7107,1.796338,-0.177777,1992.625937,308.116758,4:15,5.62581,-0.89063,5.63883,-66.84252,-11.20028,16.75847,1.73193,0.34006,65.36042,-10.405241,2.824216,0.536876,,,,,,,,,,,,-8.52611,-5.64902,0.89495,50,5.73616,-0.27561,-104.05882,1.19852,-9.18306,20.34609,-38.25834,MIA_RED,MIA_RED,McKieFieldStad,TeamExclusive,Team,20251031-McKieFieldStad-Private-1,dd9c54f0-b67e-11f0-8a07-17c2357ed222,70.20702,,,6.35027,,,,,,,4ba3adc6-5d81-4936-b0af-135018c654d9,2025-10-31,17:27:23.76,2025-10-31T13:27:23.7690000-04:00,2025-10-31T17:27:23.7690000Z,,v3,471355,471355,,,,Undefined,MIA_RED,c483d531-2a46-4332-8c19-5411474a79d1,54.86197,-105.00515,10.17305,5.63903,2.97799,-19.12917,0.89784,0.15151,-4.59153,,,,,,,,,,,,,,,,,,,,,,,,,,,,,,,,,,,,,,,,,,,,,,,,,,,High,High,High,,,,,
151,2025-10-31,13:27:45.07,4,4,"Ross, Luke",1000078058,Left,MIA_RED,"Cruz, Diego",1000178634,Left,MIA_RED,Undefined,5,Top,1,1,2,Curveball,Curveball,StrikeSwinging,Strikeout,Undefined,Undefined,0,0,,73.35724,-0.251788,1.504385,2080.018186,313.846418,4:30,5.62051,-0.93888,5.66616,-63.3444,-10.10528,12.47595,0.10696,1.5038,67.09459,-11.765728,3.742741,0.525154,,,,,,,,,,,,-5.90111,-4.65536,0.80353,50,5.55887,-3.23067,-106.43846,-2.4181,-6.62998,21.7848,-37.40441,MIA_RED,MIA_RED,McKieFieldStad,TeamExclusive,Team,20251031-McKieFieldStad-Private-1,ea1f9c00-b67e-11f0-8a07-17c2357ed222,71.77404,,,6.26264,,,,,,,4ba3adc6-5d81-4936-b0af-135018c654d9,2025-10-31,17:27:45.07,2025-10-31T13:27:45.0730000-04:00,2025-10-31T17:27:45.0730000Z,,v3,471355,471355,,,,Undefined,MIA_RED,cc2603e3-b293-4624-8716-4c535dc832ac,54.83473,-107.42343,10.8924,5.62997,-0.72692,-18.70221,0.94282,-2.9309,-3.31499,,,,,,,,,,,,,,,,,,,,,,,,,,,,,,,,,,,,,,,,,,,,,,,,,,,High,High,High,,,,,
152,2025-10-31,13:28:15.49,5,1,"Ross, Luke",1000078058,Left,MIA_RED,"Gonzalez Rivera, Ignacio",10124440,Right,MIA_RED,Undefined,5,Top,2,0,0,Fastball,Four-Seam,StrikeCalled,Undefined,Undefined,Undefined,0,0,,85.40395,-1.390121,2.040877,2256.819954,149.704375,11:00,5.79392,-0.87581,6.65706,-17.06717,20.44115,-11.188,3.09849,0.06028,77.44057,-4.713322,0.004897,0.440794,,,,,,,,,,,,6.45717,11.53741,0.74233,50,5.69296,-3.99693,-124.00906,-3.38144,9.96566,26.85914,-14.36782,MIA_RED,MIA_RED,McKieFieldStad,TeamExclusive,Team,20251031-McKieFieldStad-Private-1,fc217130-b67e-11f0-8a07-17c2357ed222,85.51042,,,7.96339,,,,,,,4ba3adc6-5d81-4936-b0af-135018c654d9,2025-10-31,17:28:15.49,2025-10-31T13:28:15.4980000-04:00,2025-10-31T17:28:15.4980000Z,,v3,471355,471355,,,,Undefined,MIA_RED,3c0d728d-a37d-4858-b9f4-8a14064cd995,53.83782,-124.83753,13.42957,5.79042,-2.93827,-7.18391,0.87035,-4.30432,4.98283,,,,,,,,,,,,,,,,,,,,,,,,,,,,,,,,,,,,,,,,,,,,,,,,,,,High,High,High,,,,,
153,2025-10-31,13:28:40.16,5,2,"Ross, Luke",1000078058,Left,MIA_RED,"Gonzalez Rivera, Ignacio",10124440,Right,MIA_RED,Undefined,5,Top,2,0,1,Curveball,Curveball,BallCalled,Undefined,Undefined,Undefined,0,0,,73.7325,1.979112,-1.815605,2052.774522,324.851363,4:45,5.71542,-0.9743,5.60906,-62.82976,-10.95359,8.82036,2.32858,-1.93452,68.04161,-9.451603,-0.238174,0.518388,,,,,,,,,,,,-4.95138,-5.55028,1.12379,50,5.84424,3.07243,-107.09269,1.69026,-5.7527,18.42034,-38.62254,MIA_RED,MIA_RED,McKieFieldStad,TeamExclusive,Team,20251031-McKieFieldStad-Private-1,0adec9c0-b67f-11f0-8a07-17c2357ed222,72.7108,,,5.69089,,,,,,,4ba3adc6-5d81-4936-b0af-135018c654d9,2025-10-31,17:28:40.16,2025-10-31T13:28:40.1620000-04:00,2025-10-31T17:28:40.1620000Z,,v3,471355,471355,,,,Undefined,MIA_RED,3d1845e0-fd5c-462b-8fcf-3d3465ebbfb2,54.89287,-107.931,9.21017,5.72732,3.44797,-19.31127,0.97801,3.33424,-2.87635,,,,,,,,,,,,,,,,,,,,,,,,,,,,,,,,,,,,,,,,,,,,,,,,,,,High,High,High,,,,,
154,2025-10-31,13:29:01.25,5,3,"Ross, Luke",1000078058,Left,MIA_RED,"Gonzalez Rivera, Ignacio",10124440,Right,MIA_RED,Undefined,5,Top,2,1,1,Fastball,Four-Seam,BallCalled,Undefined,Undefined,Undefined,0,0,,85.09126,-2.369156,0.793322,2235.023162,148.023882,11:00,5.73645,-1.02432,6.62673,-17.35934,20.56926,-12.00449,2.11911,-1.29825,77.10287,-5.739935,-1.391906,0.443256,,,,,,,,,,,,6.50012,11.92186,0.97461,50,5.56825,-1.25583,-123.51624,-5.49025,9.92536,27.26328,-13.96996,MIA_RED,MIA_RED,McKieFieldStad,TeamExclusive,Team,20251031-McKieFieldStad-Private-1,178f3b50-b67f-11f0-8a07-17c2357ed222,85.03536,,,7.9884,,,,,,,4ba3adc6-5d81-4936-b0af-135018c654d9,2025-10-31,17:29:01.25,2025-10-31T13:29:01.2540000-04:00,2025-10-31T17:29:01.2540000Z,,v3,471355,471355,,,,Undefined,MIA_RED,cc04d335-3269-4bd2-9b50-e92c4c32a68d,53.86773,-124.36702,13.63164,5.73278,-5.0543,-6.98498,1.01863,-1.56556,4.96268,,,,,,,,,,,,,,,,,,,,,,,,,,,,,,,,,,,,,,,,,,,,,,,,,,,High,High,High,,,,,
155,2025-10-31,13:29:19.77,5,4,"Ross, Luke",1000078058,Left,MIA_RED,"Gonzalez Rivera, Ignacio",10124440,Right,MIA_RED,Undefined,5,Top,2,2,1,Fastball,Changeup,FoulBallNotFieldable,Undefined,Undefined,Undefined,0,0,,83.55055,-1.253939,1.454272,2119.230654,149.62295,11:00,5.69667,-0.79044,6.50198,-20.21804,18.97344,-10.37067,2.86039,-0.31962,76.2282,-5.132667,-0.428421,0.450575,70.82307,74.135953,152.222268,4729.164527,,,,,30.79166,,,5.87244,10.70095,0.69308,50,5.59996,-2.70874,-121.42117,-3.15589,8.732,24.65946,-16.26236,MIA_RED,MIA_RED,McKieFieldStad,TeamExclusive,Team,20251031-McKieFieldStad-Private-1,22879ca0-b67f-11f0-8a07-17c2357ed222,83.65408,72.60713,,7.32235,,,,1.60358,2.58877,0.56329,4ba3adc6-5d81-4936-b0af-135018c654d9,2025-10-31,17:29:19.77,2025-10-31T13:29:19.7740000-04:00,2025-10-31T17:29:19.7740000Z,,v3,471355,471355,,,,Undefined,MIA_RED,cde78de5-1c04-469e-8f41-2ae76d006024,53.99555,-122.22993,12.32973,5.69471,-2.62253,-8.13118,0.78661,-2.99512,4.366,6.329956,1.60358,-25.12234,-4.05748,2.82657,-0.9638,0.27378,-0.06525,0.01073,-0.00067,2.58877,99.9174,-34.22565,5.29194,-1.02189,0.1341,0.01329,-0.01491,0.00266,0.56329,13.23304,5.9393,-3.14355,0.99759,-0.26823,0.05908,-0.00841,0.00039,,,,,,,,,,,,,,,,,,,,,,,High,High,High,Medium,Undefined,,,
156,2025-10-31,13:29:40.70,5,5,"Ross, Luke",1000078058,Left,MIA_RED,"Gonzalez Rivera, Ignacio",10124440,Right,MIA_RED,Undefined,5,Top,2,2,2,Curveball,Curveball,BallCalled,Undefined,Undefined,Undefined,0,0,,72.82732,2.062495,-2.701862,1952.741479,304.71995,4:15,5.69982,-1.01028,5.48036,-62.47637,-8.43859,14.81359,2.42621,-2.30569,66.4801,-9.319807,-0.061689,0.529079,,,,,,,,,,,,-8.22874,-4.23595,1.23732,50,5.83896,4.42891,-105.56258,1.79862,-9.19634,19.57575,-36.90811,MIA_RED,MIA_RED,McKieFieldStad,TeamExclusive,Team,20251031-McKieFieldStad-Private-1,2ef16840-b67f-11f0-8a07-17c2357ed222,71.24166,,,6.34722,,,,,,,4ba3adc6-5d81-4936-b0af-135018c654d9,2025-10-31,17:29:40.70,2025-10-31T13:29:40.7050000-04:00,2025-10-31T17:29:40.7050000Z,,v3,471355,471355,,,,Undefined,MIA_RED,f98d394a-3db5-40b1-9b10-766e7ef2efb1,55.01959,-106.48935,9.78787,5.71245,3.54595,-18.45406,1.01734,4.86429,-4.59817,,,,,,,,,,,,,,,,,,,,,,,,,,,,,,,,,,,,,,,,,,,,,,,,,,,High,High,High,,,,,
157,2025-10-31,13:29:59.14,5,6,"Ross, Luke",1000078058,Left,MIA_RED,"Gonzalez Rivera, Ignacio",10124440,Right,MIA_RED,Undefined,5,Top,2,3,2,Fastball,Changeup,FoulBallNotFieldable,Undefined,Undefined,Undefined,0,0,,85.34298,-2.06864,2.230674,2214.423403,130.121938,10:15,5.79031,-0.77466,6.64588,-22.52131,14.67261,-16.0406,2.01784,-0.06859,78.40583,-6.342449,-0.689766,0.438942,66.00616,66.615102,64.466854,4580.428014,20.57657,70.17246,108.05827,140.10159,54.42715,79.814906,4.769866,9.09752,8.65926,0.63038,50,5.64141,-4.2604,-124.04216,-5.07454,14.20068,24.37872,-18.65746,MIA_RED,MIA_RED,McKieFieldStad,TeamExclusive,Team,20251031-McKieFieldStad-Private-1,39fa9270-b67f-11f0-8a07-17c2357ed222,85.87106,96.93883,,6.93716,,,,1.41304,1.93045,-0.27589,4ba3adc6-5d81-4936-b0af-135018c654d9,2025-10-31,17:29:59.14,2025-10-31T13:29:59.1450000-04:00,2025-10-31T17:29:59.1450000Z,Popup,v3,471355,471355,,,,Undefined,MIA_RED,9d54e306-8860-4320-b512-2610187e9344,53.85334,-124.79718,12.18936,5.78963,-4.49671,-9.32873,0.76914,-4.70021,7.10034,,1.41864,16.38929,-6.65084,0.31427,1.47603,-0.93418,0.26948,-0.03785,0.00208,1.94366,88.55719,-23.45951,0.26319,1.57396,-0.88529,0.23014,-0.02972,0.00154,-0.26908,34.54225,-0.77018,-0.7671,0.47668,-0.11357,0.00174,0.00305,-0.00031,,,,,,,,,,,,,,,,,,,,,,,High,High,High,Medium,Low,,,
158,2025-10-31,13:30:42.40,5,7,"Ross, Luke",1000078058,Left,MIA_RED,"Gonzalez Rivera, Ignacio",10124440,Right,MIA_RED,Undefined,5,Top,2,3,2,Curveball,Curveball,BallCalled,Walk,Undefined,Undefined,0,0,,71.9818,1.182704,-0.972349,1953.101813,318.944843,4:45,5.71681,-0.9247,5.57185,-65.34984,-10.69442,10.80445,1.37601,-0.93264,66.44989,-10.686431,0.961868,0.532094,,,,,,,,,,,,-5.76756,-5.28016,1.00112,50,5.7755,1.39535,-104.58769,0.13089,-6.36079,18.35156,-37.9973,MIA_RED,MIA_RED,McKieFieldStad,TeamExclusive,Team,20251031-McKieFieldStad-Private-1,53d6c010-b67f-11f0-8a07-17c2357ed222,70.83799,,,5.5319,,,,,,,4ba3adc6-5d81-4936-b0af-135018c654d9,2025-10-31,17:30:42.40,2025-10-31T13:30:42.4050000-04:00,2025-10-31T17:30:42.4050000Z,,v3,471355,471355,,,,Undefined,MIA_RED,5add8be9-d03a-4905-bed8-0a1087f0c08e,54.93038,-105.44926,9.17578,5.72748,1.91477,-18.99865,0.9286,1.69398,-3.18039,,,,,,,,,,,,,,,,,,,,,,,,,,,,,,,,,,,,,,,,,,,,,,,,,,,High,High,High,,,,,
159,2025-10-31,13:33:50.17,1,1,"Novak, Cameron",10108396,Right,MIA_RED,"Kirtley, Ryder",827333,Right,MIA_RED,Undefined,5,Bottom,0,0,0,Fastball,Changeup,BallCalled,Undefined,Undefined,Undefined,0,0,,85.39313,-2.393876,-0.16364,1681.111959,206.55293,1:00,6.33774,0.71479,5.96005,-21.65399,16.44635,7.63028,2.31216,1.1989,78.52475,-6.455631,1.208506,0.444258,,,,,,,,,,,,-3.94721,9.44638,-0.70595,50,6.13554,0.04696,-124.00788,-5.82469,-6.16935,23.93383,-17.40958,MIA_RED,MIA_RED,McKieFieldStad,TeamExclusive,Team,20251031-McKieFieldStad-Private-1,c39a3350-b67f-11f0-8a07-17c2357ed222,84.84349,,,6.86838,,,,,,,4ba3adc6-5d81-4936-b0af-135018c654d9,2025-10-31,17:33:50.17,2025-10-31T13:33:50.1730000-04:00,2025-10-31T17:33:50.1730000Z,,v3,471355,471355,,,,Undefined,MIA_RED,0b1a485a-2cc0-4817-952a-668a19de7743,54.53663,-124.88039,11.96691,6.33631,-5.19002,-8.70479,-0.71176,0.27187,-3.08468,,,,,,,,,,,,,,,,,,,,,,,,,,,,,,,,,,,,,,,,,,,,,,,,,,,High,High,High,,,,,
160,2025-10-31,13:34:04.90,1,2,"Novak, Cameron",10108396,Right,MIA_RED,"Kirtley, Ryder",827333,Right,MIA_RED,Undefined,5,Bottom,0,1,0,Fastball,Changeup,InPlay,Undefined,LineDrive,Single,0,0,,85.20613,-2.814593,-1.301403,1863.346276,198.867101,12:45,6.30164,0.56524,6.1488,-19.94773,18.12623,5.78426,2.03594,-0.15541,78.2488,-6.585403,-0.257941,0.444105,87.15579,10.411581,1.043879,5638.035555,109.94138,5.89496,3.5896,141.48776,141.48776,2.025832,1.269733,-3.3589,10.523,-0.46923,50,6.07704,2.58882,-123.70492,-6.63566,-5.21486,24.23406,-15.8366,MIA_RED,MIA_RED,McKieFieldStad,TeamExclusive,Team,20251031-McKieFieldStad-Private-1,cc8140d0-b67f-11f0-8a07-17c2357ed222,84.8729,8.47508,,6.95732,,,,1.26239,2.00411,0.14992,4ba3adc6-5d81-4936-b0af-135018c654d9,2025-10-31,17:34:04.90,2025-10-31T13:34:04.9020000-04:00,2025-10-31T17:34:04.9020000Z,LineDrive,v3,471355,471355,,,,Undefined,MIA_RED,62ae7621-0c1f-433e-8f74-8e6a80ee5882,54.34913,-124.55401,12.11703,6.29982,-6.0808,-7.9183,-0.56314,2.77153,-2.60743,324.708082,1.26239,125.70271,-13.47465,1.41333,-0.29072,0.04088,-0.00632,0.00135,-0.00015,2.00411,23.10086,-21.7746,2.25801,-0.4282,0.09582,-0.01618,0.00254,-0.00028,0.14992,2.29045,2.02618,-0.81332,0.1743,-0.04169,0.00765,-0.00127,0.00014,,,,,,,,,,,,,,,,,,,,,,,High,High,High,High,High,,,
161,2025-10-31,13:34:36.60,2,1,"Novak, Cameron",10108396,Right,MIA_RED,"Harrison, Tommy",811731,Left,MIA_RED,Undefined,5,Bottom,0,0,0,Fastball,Changeup,BallCalled,Undefined,Undefined,Undefined,0,0,,85.37571,-3.032342,0.12185,1683.625678,199.033208,12:45,6.36482,0.53323,5.75788,-22.59426,15.68906,5.01996,1.65681,1.06498,78.92305,-7.227611,1.02139,0.445324,,,,,,,,,,,,-2.53504,9.13386,-0.54644,50,6.09957,-0.46631,-123.95024,-7.27487,-3.97633,22.86542,-17.84722,MIA_RED,MIA_RED,McKieFieldStad,TeamExclusive,Team,20251031-McKieFieldStad-Private-1,df633cd0-b67f-11f0-8a07-17c2357ed222,84.64045,,,6.45267,,,,,,,4ba3adc6-5d81-4936-b0af-135018c654d9,2025-10-31,17:34:36.60,2025-10-31T13:34:36.6070000-04:00,2025-10-31T17:34:36.6070000Z,,v3,471355,471355,,,,Undefined,MIA_RED,74132ca1-1999-4c87-bec6-38158968ddf4,54.74021,-124.82162,11.43271,6.36385,-6.59473,-8.92361,-0.53156,-0.31478,-1.98817,,,,,,,,,,,,,,,,,,,,,,,,,,,,,,,,,,,,,,,,,,,,,,,,,,,High,High,High,,,,,
162,2025-10-31,13:34:53.11,2,2,"Novak, Cameron",10108396,Right,MIA_RED,"Harrison, Tommy",811731,Left,MIA_RED,Undefined,5,Bottom,0,1,0,Fastball,Changeup,StrikeCalled,Undefined,Undefined,Undefined,0,0,,85.30506,-1.144511,-0.445668,1746.698658,199.789861,12:45,6.40056,0.5388,5.74874,-23.43466,14.80036,4.92725,3.382,0.5345,78.74899,-5.51022,0.436713,0.445043,,,,,,,,,,,,-2.61681,8.17626,-0.50481,50,6.29118,0.76236,-123.99052,-3.21839,-4.11271,22.56791,-19.32384,MIA_RED,MIA_RED,McKieFieldStad,TeamExclusive,Team,20251031-McKieFieldStad-Private-1,e9220cb0-b67f-11f0-8a07-17c2357ed222,84.69389,,,6.55607,,,,,,,4ba3adc6-5d81-4936-b0af-135018c654d9,2025-10-31,17:34:53.11,2025-10-31T13:34:53.1110000-04:00,2025-10-31T17:34:53.1110000Z,,v3,471355,471355,,,,Undefined,MIA_RED,0762683e-6f71-44ab-8a31-39418eef6ebb,54.74861,-124.85183,11.28396,6.39994,-2.48088,-9.66192,-0.5369,0.91932,-2.05636,,,,,,,,,,,,,,,,,,,,,,,,,,,,,,,,,,,,,,,,,,,,,,,,,,,High,High,High,,,,,
163,2025-10-31,13:35:27.70,2,3,"Novak, Cameron",10108396,Right,MIA_RED,"Harrison, Tommy",811731,Left,MIA_RED,Undefined,5,Bottom,0,1,1,ChangeUp,Changeup,FoulBallNotFieldable,Undefined,Undefined,Undefined,0,0,,80.88686,-1.84252,-1.000468,1379.847325,232.007257,1:45,6.29812,0.52792,5.36114,-30.46435,13.09623,14.9906,2.03079,0.83887,74.29154,-7.446505,1.666536,0.475027,,,,,,,,,,,,-7.88571,7.50095,-0.44941,50,6.11112,1.4545,-117.38965,-4.77643,-11.00094,22.27448,-21.70991,MIA_RED,MIA_RED,McKieFieldStad,TeamExclusive,Team,20251031-McKieFieldStad-Private-1,fe03d050-b67f-11f0-8a07-17c2357ed222,79.34802,,,6.59532,,,,,,,4ba3adc6-5d81-4936-b0af-135018c654d9,2025-10-31,17:35:27.70,2025-10-31T13:35:27.7030000-04:00,2025-10-31T17:35:27.7030000Z,,v3,471355,471355,,,,Undefined,MIA_RED,7585093b-f30f-4f49-bc72-eaf84822da18,55.13788,-118.36054,11.13724,6.29869,-3.83015,-10.85495,-0.52326,1.93401,-5.50047,,,,,,,,,,,,,,,,,,,,,,,,,,,,,,,,,,,,,,,,,,,,,,,,,,,High,High,High,,,,,
164,2025-10-31,13:35:57.85,2,4,"Novak, Cameron",10108396,Right,MIA_RED,"Harrison, Tommy",811731,Left,MIA_RED,Undefined,5,Bottom,0,1,2,Curveball,Curveball,InPlay,Undefined,LineDrive,Double,0,0,,72.17298,1.878247,0.369077,2157.344443,37.188966,7:15,6.37871,0.50218,5.10402,-69.91283,-14.55544,-12.3543,2.32303,-0.17959,66.58664,-10.703123,-1.823173,0.5355,93.65375,6.137021,29.85963,2050.535938,,,,121.56559,114.7979,32.508723,0.968157,6.3039,-7.40772,-0.52669,50,6.50014,-0.22044,-104.798,1.11893,6.9792,18.45049,-40.37535,MIA_RED,MIA_RED,McKieFieldStad,TeamExclusive,Team,20251031-McKieFieldStad-Private-1,0ff37d10-b680-11f0-8a07-17c2357ed222,70.38741,5.64196,,5.58634,,,,2.31755,2.81609,0.20648,4ba3adc6-5d81-4936-b0af-135018c654d9,2025-10-31,17:35:57.85,2025-10-31T13:35:57.8580000-04:00,2025-10-31T17:35:57.8580000Z,GroundBall,v3,471355,471355,,,,Undefined,MIA_RED,5d8d65d0-dbbf-4499-8b09-4f4c4f9dc547,55.39972,-105.74439,9.22525,6.38964,3.18991,-20.18768,-0.5062,-0.57843,3.4896,,2.31755,118.4414,-17.68874,2.853,-0.83018,0.74079,-0.93346,0.67617,-0.19434,2.81609,14.6846,-19.78131,1.99439,-0.51061,0.40058,-0.47409,0.34251,-0.09886,0.20648,67.99551,-0.53418,-0.32918,0.44287,-1.08678,1.58977,-1.18557,0.3455,,,,,,,,,,,,,,,,,,,,,,,High,High,High,High,High,,,
165,2025-10-31,13:36:39.39,3,1,"Novak, Cameron",10108396,Right,MIA_RED,"Christiansen, Hayden",830132,Right,MIA_RED,Undefined,5,Bottom,0,0,0,Curveball,Curveball,StrikeCalled,Undefined,Undefined,Undefined,0,0,,70.79703,2.17932,0.951229,2182.963973,42.903903,7:30,6.37202,0.54634,5.39596,-73.24232,-15.67855,-16.4245,2.31205,0.06913,64.66532,-11.102413,-1.979444,0.546067,,,,,,,,,,,,8.51378,-7.90288,-0.61945,50,6.51538,-1.10623,-102.70352,1.57151,8.9443,19.61399,-40.47652,MIA_RED,MIA_RED,McKieFieldStad,TeamExclusive,Team,20251031-McKieFieldStad-Private-1,289703a0-b680-11f0-8a07-17c2357ed222,69.02529,,,6.13172,,,,,,,4ba3adc6-5d81-4936-b0af-135018c654d9,2025-10-31,17:36:39.39,2025-10-31T13:36:39.3900000-04:00,2025-10-31T17:36:39.3900000Z,,v3,471355,471355,,,,Undefined,MIA_RED,d9ab7d54-2af0-4d76-ba01-1243707ac638,55.10666,-103.67418,9.807,6.38804,3.57463,-20.23826,-0.55375,-1.54887,4.47215,,,,,,,,,,,,,,,,,,,,,,,,,,,,,,,,,,,,,,,,,,,,,,,,,,,High,High,High,,,,,
166,2025-10-31,13:36:53.17,3,2,"Novak, Cameron",10108396,Right,MIA_RED,"Christiansen, Hayden",830132,Right,MIA_RED,Undefined,5,Bottom,0,0,1,Curveball,Curveball,BallCalled,Undefined,Undefined,Undefined,0,0,,72.71591,2.397576,0.24019,2271.495687,53.253658,7:45,6.3417,0.50368,5.66195,-67.85693,-13.60296,-20.8243,2.92397,-1.0077,66.00196,-10.002194,-3.489963,0.530136,,,,,,,,,,,,10.55973,-7.02063,-0.51097,50,6.50239,0.32154,-105.47318,2.27045,11.64616,21.44278,-39.91699,MIA_RED,MIA_RED,McKieFieldStad,TeamExclusive,Team,20251031-McKieFieldStad-Private-1,30e8fd10-b680-11f0-8a07-17c2357ed222,71.09958,,,6.71395,,,,,,,4ba3adc6-5d81-4936-b0af-135018c654d9,2025-10-31,17:36:53.17,2025-10-31T13:36:53.1750000-04:00,2025-10-31T17:36:53.1750000Z,,v3,471355,471355,,,,Undefined,MIA_RED,a92222f9-36ac-4b9c-bb21-af18eaed122c,54.83943,-106.45249,10.72139,6.35707,4.0935,-19.95849,-0.51351,-0.21035,5.82308,,,,,,,,,,,,,,,,,,,,,,,,,,,,,,,,,,,,,,,,,,,,,,,,,,,High,High,High,,,,,
167,2025-10-31,13:37:11.43,3,3,"Novak, Cameron",10108396,Right,MIA_RED,"Christiansen, Hayden",830132,Right,MIA_RED,Undefined,5,Bottom,0,1,1,ChangeUp,Changeup,StrikeSwinging,Undefined,Undefined,Undefined,0,0,,80.14636,-1.909643,-0.800945,1458.7919,214.342741,1:15,6.31033,0.44555,6.12881,-27.25816,16.02391,9.96528,2.27285,0.53561,73.25747,-7.032466,0.997194,0.473506,,,,,,,,,,,,-5.35701,9.26902,-0.38927,50,6.15024,1.25491,-116.35135,-4.633,-7.31072,22.7417,-19.52461,MIA_RED,MIA_RED,McKieFieldStad,TeamExclusive,Team,20251031-McKieFieldStad-Private-1,3b938c80-b680-11f0-8a07-17c2357ed222,79.6029,,,6.88889,,,,,,,4ba3adc6-5d81-4936-b0af-135018c654d9,2025-10-31,17:37:11.43,2025-10-31T13:37:11.4340000-04:00,2025-10-31T17:37:11.4340000Z,,v3,471355,471355,,,,Undefined,MIA_RED,061e7d95-19d4-4117-8257-0f7e6175d952,54.36678,-117.20176,11.37085,6.30984,-3.90289,-9.76231,-0.4413,1.52829,-3.65536,,,,,,,,,,,,,,,,,,,,,,,,,,,,,,,,,,,,,,,,,,,,,,,,,,,High,High,High,,,,,
168,2025-10-31,13:37:26.20,3,4,"Novak, Cameron",10108396,Right,MIA_RED,"Christiansen, Hayden",830132,Right,MIA_RED,Undefined,5,Bottom,0,1,2,Curveball,Curveball,BallCalled,Undefined,Undefined,Undefined,0,0,,76.00973,-1.193902,0.306871,2156.467443,68.071663,8:15,6.37281,0.62743,5.44272,-53.52739,-3.34851,-12.95261,0.79416,-0.16463,69.02631,-10.934066,-2.008132,0.509838,,,,,,,,,,,,6.65252,-0.76819,-0.64527,50,6.23054,-0.0974,-110.15787,-4.04962,7.98742,23.74152,-33.0964,MIA_RED,MIA_RED,McKieFieldStad,TeamExclusive,Team,20251031-McKieFieldStad-Private-1,44808d70-b680-11f0-8a07-17c2357ed222,73.93027,,,6.98342,,,,,,,4ba3adc6-5d81-4936-b0af-135018c654d9,2025-10-31,17:37:26.20,2025-10-31T13:37:26.2080000-04:00,2025-10-31T17:37:26.2080000Z,,v3,471355,471355,,,,Undefined,MIA_RED,ecad7fc4-a25a-4ce6-ab94-572566391cb9,55.05493,-111.24199,11.87076,6.38095,-2.53833,-16.5482,-0.63249,-0.46214,3.99371,,,,,,,,,,,,,,,,,,,,,,,,,,,,,,,,,,,,,,,,,,,,,,,,,,,High,High,High,,,,,
169,2025-10-31,13:37:46.39,3,5,"Novak, Cameron",10108396,Right,MIA_RED,"Christiansen, Hayden",830132,Right,MIA_RED,Undefined,5,Bottom,0,2,2,Fastball,Changeup,BallCalled,Undefined,Undefined,Undefined,0,0,,85.07087,-0.096953,-0.783849,1662.035003,196.177712,12:30,6.47158,0.33646,5.91999,-20.37265,18.36099,4.95382,4.68388,0.02184,77.28774,-3.97401,0.105626,0.447936,,,,,,,,,,,,-2.74441,9.79457,-0.2764,50,6.45221,1.48464,-123.49197,-0.78104,-4.21597,25.78996,-17.12765,MIA_RED,MIA_RED,McKieFieldStad,TeamExclusive,Team,20251031-McKieFieldStad-Private-1,506c9d90-b680-11f0-8a07-17c2357ed222,84.14702,,,7.78313,,,,,,,4ba3adc6-5d81-4936-b0af-135018c654d9,2025-10-31,17:37:46.39,2025-10-31T13:37:46.3910000-04:00,2025-10-31T17:37:46.3910000Z,,v3,471355,471355,,,,Undefined,MIA_RED,eef20bd2-823f-4992-a059-3cc44625de7b,54.57427,-124.44359,12.89498,6.46937,-0.14905,-8.56383,-0.33406,1.6402,-2.10799,,,,,,,,,,,,,,,,,,,,,,,,,,,,,,,,,,,,,,,,,,,,,,,,,,,High,High,High,,,,,
170,2025-10-31,13:38:02.79,3,6,"Novak, Cameron",10108396,Right,MIA_RED,"Christiansen, Hayden",830132,Right,MIA_RED,Undefined,5,Bottom,0,3,2,Fastball,Changeup,FoulBallNotFieldable,Undefined,Undefined,Undefined,0,0,,86.13444,-3.410951,-1.006943,1679.918627,199.942651,12:45,6.3447,0.46864,5.97879,-23.89765,13.68304,4.53173,1.18723,-0.08719,79.17951,-7.860672,-0.191317,0.441219,,,,,,,,,,,,-2.62571,8.34741,-0.39165,50,6.06158,2.01867,-124.95976,-8.18618,-4.15384,25.0575,-18.96848,MIA_RED,MIA_RED,McKieFieldStad,TeamExclusive,Team,20251031-McKieFieldStad-Private-1,5a484440-b680-11f0-8a07-17c2357ed222,85.42806,,,6.95492,,,,,,,4ba3adc6-5d81-4936-b0af-135018c654d9,2025-10-31,17:38:02.79,2025-10-31T13:38:02.7970000-04:00,2025-10-31T17:38:02.7970000Z,,v3,471355,471355,,,,Undefined,MIA_RED,71e9a5cf-2f3a-4379-87e7-9b99a7b0a514,54.51961,-125.8628,12.52875,6.34428,-7.50258,-9.48424,-0.4671,2.16837,-2.07692,,,,,,,,,,,,,,,,,,,,,,,,,,,,,,,,,,,,,,,,,,,,,,,,,,,High,High,High,,,,,
171,2025-10-31,13:38:24.82,3,7,"Novak, Cameron",10108396,Right,MIA_RED,"Christiansen, Hayden",830132,Right,MIA_RED,Undefined,5,Bottom,0,3,2,ChangeUp,Changeup,StrikeSwinging,Strikeout,Undefined,Undefined,0,0,,80.87885,-2.411081,-0.610591,1324.310514,220.826645,1:15,6.32939,0.395,6.19151,-28.71998,13.80902,10.6826,1.70862,0.72148,73.85534,-7.792684,1.320157,0.469369,,,,,,,,,,,,-5.68453,8.31355,-0.35405,50,6.13332,0.85089,-117.36861,-5.75145,-7.87201,23.71499,-20.66136,MIA_RED,MIA_RED,McKieFieldStad,TeamExclusive,Team,20251031-McKieFieldStad-Private-1,6779ccb0-b680-11f0-8a07-17c2357ed222,80.30456,,,7.02351,,,,,,,4ba3adc6-5d81-4936-b0af-135018c654d9,2025-10-31,17:38:24.82,2025-10-31T13:38:24.8260000-04:00,2025-10-31T17:38:24.8260000Z,,v3,471355,471355,,,,Undefined,MIA_RED,92dc0fa6-bf76-4034-9725-fc414d25f559,54.30393,-118.23504,11.85749,6.32966,-4.99658,-10.33068,-0.39039,1.1385,-3.936,,,,,,,,,,,,,,,,,,,,,,,,,,,,,,,,,,,,,,,,,,,,,,,,,,,High,High,High,,,,,
172,2025-10-31,13:38:52.01,4,1,"Novak, Cameron",10108396,Right,MIA_RED,"Proctor, Keenan",823047,Left,MIA_RED,Undefined,5,Bottom,1,0,0,ChangeUp,Changeup,BallCalled,Undefined,Undefined,Undefined,0,0,,80.45481,-2.017627,0.009675,1256.839061,220.441542,1:15,6.29946,0.62851,6.25271,-30.34104,12.1306,9.2191,1.90968,1.40569,74.13121,-7.676954,1.67786,0.469052,,,,,,,,,,,,-4.77414,7.26603,-0.63349,50,6.13473,-0.35411,-116.91221,-4.97871,-6.62052,21.64278,-22.09792,MIA_RED,MIA_RED,McKieFieldStad,TeamExclusive,Team,20251031-McKieFieldStad-Private-1,77b7f8e0-b680-11f0-8a07-17c2357ed222,80.35881,,,6.32359,,,,,,,4ba3adc6-5d81-4936-b0af-135018c654d9,2025-10-31,17:38:52.01,2025-10-31T13:38:52.0120000-04:00,2025-10-31T17:38:52.0120000Z,,v3,471355,471355,,,,Undefined,MIA_RED,386538c1-222c-4863-9e6b-7a33550de554,54.24437,-117.69531,10.82139,6.30041,-4.17915,-11.04896,-0.62501,-0.11456,-3.31026,,,,,,,,,,,,,,,,,,,,,,,,,,,,,,,,,,,,,,,,,,,,,,,,,,,High,High,High,,,,,
173,2025-10-31,13:39:08.29,4,2,"Novak, Cameron",10108396,Right,MIA_RED,"Proctor, Keenan",823047,Left,MIA_RED,Undefined,5,Bottom,1,1,0,ChangeUp,Changeup,BallCalled,Undefined,Undefined,Undefined,0,0,,80.91142,-3.26944,-1.656988,1315.066346,229.391728,1:45,6.30212,0.53385,6.08391,-31.5888,10.43749,10.76717,0.64057,-0.10221,75.30011,-9.087726,0.285901,0.466586,,,,,,,,,,,,-6.00559,6.578,-0.4117,50,6.0325,3.01142,-117.50512,-7.65836,-8.48572,20.0557,-22.87954,MIA_RED,MIA_RED,McKieFieldStad,TeamExclusive,Team,20251031-McKieFieldStad-Private-1,8152ed10-b680-11f0-8a07-17c2357ed222,80.78346,,,5.61131,,,,,,,4ba3adc6-5d81-4936-b0af-135018c654d9,2025-10-31,17:39:08.29,2025-10-31T13:39:08.2990000-04:00,2025-10-31T17:39:08.2990000Z,,v3,471355,471355,,,,Undefined,MIA_RED,a5a85165-e74a-4d11-8b07-39d4aeb9ddec,54.41574,-118.25639,10.02785,6.30332,-6.8013,-11.43977,-0.53046,3.32929,-4.24286,,,,,,,,,,,,,,,,,,,,,,,,,,,,,,,,,,,,,,,,,,,,,,,,,,,High,High,High,,,,,
174,2025-10-31,13:39:27.36,4,3,"Novak, Cameron",10108396,Right,MIA_RED,"Proctor, Keenan",823047,Left,MIA_RED,Undefined,5,Bottom,1,2,0,Curveball,Curveball,BallCalled,Undefined,Undefined,Undefined,0,0,,73.44769,3.339632,1.039547,2282.840965,33.790518,7:15,6.33813,0.59487,5.38598,-67.71382,-14.7969,-11.00418,3.8296,0.65232,67.44839,-8.938212,-0.919056,0.523563,,,,,,,,,,,,5.79205,-7.80461,-0.67984,50,6.5891,-1.51975,-106.56639,3.97346,6.64559,18.6974,-41.12883,MIA_RED,MIA_RED,McKieFieldStad,TeamExclusive,Team,20251031-McKieFieldStad-Private-1,8ca5a360-b680-11f0-8a07-17c2357ed222,71.99221,,,5.9993,,,,,,,4ba3adc6-5d81-4936-b0af-135018c654d9,2025-10-31,17:39:27.36,2025-10-31T13:39:27.3640000-04:00,2025-10-31T17:39:27.3640000Z,,v3,471355,471355,,,,Undefined,MIA_RED,04b30313-bb51-4864-b62a-7b25f7912d68,55.11713,-107.46046,9.3487,6.35208,5.94014,-20.56441,-0.59957,-1.83752,3.3228,,,,,,,,,,,,,,,,,,,,,,,,,,,,,,,,,,,,,,,,,,,,,,,,,,,High,High,High,,,,,
175,2025-10-31,13:39:45.08,4,4,"Novak, Cameron",10108396,Right,MIA_RED,"Proctor, Keenan",823047,Left,MIA_RED,Undefined,5,Bottom,1,3,0,Fastball,Changeup,StrikeCalled,Undefined,Undefined,Undefined,0,0,,85.7143,-3.324745,-1.246716,1760.445489,198.710102,12:30,6.30941,0.53549,6.19611,-21.51993,16.17741,5.06496,1.44265,-0.19353,78.59097,-7.37598,-0.331861,0.441903,,,,,,,,,,,,-2.97378,9.69064,-0.44416,50,6.04806,2.50969,-124.35027,-7.83522,-4.6521,25.14408,-17.01421,MIA_RED,MIA_RED,McKieFieldStad,TeamExclusive,Team,20251031-McKieFieldStad-Private-1,97405450-b680-11f0-8a07-17c2357ed222,85.29574,,,7.12333,,,,,,,4ba3adc6-5d81-4936-b0af-135018c654d9,2025-10-31,17:39:45.08,2025-10-31T13:39:45.0830000-04:00,2025-10-31T17:39:45.0830000Z,,v3,471355,471355,,,,Undefined,MIA_RED,5e56d69a-e2bf-4bee-b3bd-a4bc5b7c9d5f,54.30083,-125.21689,12.57204,6.30801,-7.2488,-8.50711,-0.53343,2.67003,-2.32605,,,,,,,,,,,,,,,,,,,,,,,,,,,,,,,,,,,,,,,,,,,,,,,,,,,High,High,High,,,,,
176,2025-10-31,13:40:06.20,4,5,"Novak, Cameron",10108396,Right,MIA_RED,"Proctor, Keenan",823047,Left,MIA_RED,Undefined,5,Bottom,1,3,1,Fastball,Four-Seam,FoulBallNotFieldable,Undefined,Undefined,Undefined,0,0,,84.9697,-2.247366,-0.337163,1813.430777,183.470699,12:00,6.35139,0.5675,6.0452,-23.19903,15.44249,0.85866,2.33645,0.32691,77.57746,-6.612698,-0.182487,0.447403,,,,,,,,,,,,-0.54429,9.00756,-0.54172,50,6.16389,0.69266,-123.34947,-5.52118,-0.83418,25.73809,-18.36906,MIA_RED,MIA_RED,McKieFieldStad,TeamExclusive,Team,20251031-McKieFieldStad-Private-1,a3d43d30-b680-11f0-8a07-17c2357ed222,84.24727,,,7.39223,,,,,,,4ba3adc6-5d81-4936-b0af-135018c654d9,2025-10-31,17:40:06.20,2025-10-31T13:40:06.2090000-04:00,2025-10-31T17:40:06.2090000Z,,v3,471355,471355,,,,Undefined,MIA_RED,6adb5408-285a-4476-b182-8a9a80e88e82,54.45234,-124.27503,12.86905,6.35056,-4.86063,-9.18453,-0.56717,0.72266,-0.41709,,,,,,,,,,,,,,,,,,,,,,,,,,,,,,,,,,,,,,,,,,,,,,,,,,,High,High,High,,,,,
177,2025-10-31,13:45:05.00,4,6,"Novak, Cameron",10108396,Right,MIA_RED,"Proctor, Keenan",823047,Left,MIA_RED,Undefined,5,Bottom,1,3,2,Fastball,Changeup,StrikeSwinging,Strikeout,Undefined,Undefined,0,0,,84.97325,-1.876206,0.226081,1541.947125,202.810708,12:45,6.28377,0.65824,5.91472,-25.45167,13.01111,4.98418,2.42093,1.28341,78.29666,-6.613432,1.121825,0.446367,,,,,,,,,,,,-2.48551,7.52933,-0.67912,50,6.11887,-0.68789,-123.44782,-4.83843,-3.85611,23.33845,-20.49279,MIA_RED,MIA_RED,McKieFieldStad,TeamExclusive,Team,20251031-McKieFieldStad-Private-1,56115be0-b681-11f0-8a07-17c2357ed222,84.4428,,,6.6766,,,,,,,4ba3adc6-5d81-4936-b0af-135018c654d9,2025-10-31,17:45:05.00,2025-10-31T13:45:05.0070000-04:00,2025-10-31T17:45:05.0070000Z,,v3,471355,471355,,,,Undefined,MIA_RED,05e00b60-a91f-4ac0-97a7-987a0d807260,54.58202,-124.31106,11.66923,6.28381,-4.08045,-10.24639,-0.65632,-0.54526,-1.92806,,,,,,,,,,,,,,,,,,,,,,,,,,,,,,,,,,,,,,,,,,,,,,,,,,,High,High,High,,,,,
178,2025-10-31,13:45:30.78,5,1,"Novak, Cameron",10108396,Right,MIA_RED,"Cruz, Diego",1000178634,Left,MIA_RED,Undefined,5,Bottom,2,0,0,Fastball,Changeup,BallCalled,Undefined,Undefined,Undefined,0,0,,85.16132,-0.624059,0.0838,1570.555864,205.417652,12:45,6.31879,0.56628,5.97495,-25.54883,12.61501,5.45319,3.61118,1.09839,78.34298,-5.397506,1.064504,0.444629,,,,,,,,,,,,-2.77158,7.00221,-0.57586,50,6.25521,-0.39908,-123.79738,-2.13975,-4.32408,23.48446,-21.24963,MIA_RED,MIA_RED,McKieFieldStad,TeamExclusive,Team,20251031-McKieFieldStad-Private-1,6543bd60-b681-11f0-8a07-17c2357ed222,84.77283,,,6.81835,,,,,,,4ba3adc6-5d81-4936-b0af-135018c654d9,2025-10-31,17:45:30.78,2025-10-31T13:45:30.7880000-04:00,2025-10-31T17:45:30.7880000Z,,v3,471355,471355,,,,Undefined,MIA_RED,b7a6de76-463c-4a16-a25f-64d74b9220cf,54.5221,-124.65227,11.74223,6.31903,-1.36621,-10.62482,-0.56419,-0.24167,-2.16204,,,,,,,,,,,,,,,,,,,,,,,,,,,,,,,,,,,,,,,,,,,,,,,,,,,High,High,High,,,,,
179,2025-10-31,13:45:51.47,5,2,"Novak, Cameron",10108396,Right,MIA_RED,"Cruz, Diego",1000178634,Left,MIA_RED,Undefined,5,Bottom,2,1,0,ChangeUp,Changeup,BallCalled,Undefined,Undefined,Undefined,0,0,,80.43543,-0.987574,0.175802,1298.950148,218.05888,1:15,6.27469,0.61591,6.0232,-28.22998,14.90863,10.5556,3.00743,1.65836,73.41565,-6.285103,2.075971,0.472721,,,,,,,,,,,,-5.34618,8.39197,-0.63513,50,6.18215,-0.76127,-116.79802,-2.82026,-7.34697,23.05865,-20.64143,MIA_RED,MIA_RED,McKieFieldStad,TeamExclusive,Team,20251031-McKieFieldStad-Private-1,718f79b0-b681-11f0-8a07-17c2357ed222,79.73514,,,7.01978,,,,,,,4ba3adc6-5d81-4936-b0af-135018c654d9,2025-10-31,17:45:51.47,2025-10-31T13:45:51.4760000-04:00,2025-10-31T17:45:51.4760000Z,,v3,471355,471355,,,,Undefined,MIA_RED,4d1f7538-9c25-44eb-8a93-2637b516f9a5,54.47206,-117.6776,11.52932,6.27471,-2.03289,-10.32072,-0.61144,-0.48102,-3.67348,,,,,,,,,,,,,,,,,,,,,,,,,,,,,,,,,,,,,,,,,,,,,,,,,,,High,High,High,,,,,
180,2025-10-31,13:46:10.38,5,3,"Novak, Cameron",10108396,Right,MIA_RED,"Cruz, Diego",1000178634,Left,MIA_RED,Undefined,5,Bottom,2,2,0,Fastball,Changeup,StrikeCalled,Undefined,Undefined,Undefined,0,0,,85.3225,-3.160474,-1.89197,1632.581533,203.2435,12:45,6.27158,0.58885,6.03833,-20.98308,17.44304,6.93559,1.59212,-0.58561,77.89249,-7.119813,-0.643688,0.446154,,,,,,,,,,,,-4.10764,10.28339,-0.4449,50,6.01342,3.80787,-123.67833,-7.42848,-6.3348,25.66569,-16.31509,MIA_RED,MIA_RED,McKieFieldStad,TeamExclusive,Team,20251031-McKieFieldStad-Private-1,7cec9040-b681-11f0-8a07-17c2357ed222,84.48307,,,7.43001,,,,,,,4ba3adc6-5d81-4936-b0af-135018c654d9,2025-10-31,17:46:10.38,2025-10-31T13:46:10.3840000-04:00,2025-10-31T17:46:10.3840000Z,,v3,471355,471355,,,,Undefined,MIA_RED,89610f7e-716d-496c-997c-0199a7ce4313,54.4575,-124.59992,12.83284,6.26964,-6.84265,-8.15755,-0.58572,4.03533,-3.1674,,,,,,,,,,,,,,,,,,,,,,,,,,,,,,,,,,,,,,,,,,,,,,,,,,,High,High,High,,,,,
181,2025-10-31,13:46:30.15,5,4,"Novak, Cameron",10108396,Right,MIA_RED,"Cruz, Diego",1000178634,Left,MIA_RED,Undefined,5,Bottom,2,2,1,Fastball,Changeup,FoulBallNotFieldable,Undefined,Undefined,Undefined,0,0,,84.46738,-1.540469,0.332048,1688.322312,206.747495,1:00,6.34622,0.52354,6.02192,-22.87234,16.68532,7.68044,3.01305,1.47112,76.2052,-5.883816,1.714434,0.452675,67.60163,34.005383,-153.784659,3337.782183,-102.97991,25.11993,-38.66702,150.70465,47.98912,-161.77869,2.288837,-3.85221,9.51107,-0.5537,50,6.21339,-1.01337,-122.51358,-3.94458,-5.75484,28.06262,-17.96545,MIA_RED,MIA_RED,McKieFieldStad,TeamExclusive,Team,20251031-McKieFieldStad-Private-1,88c98530-b681-11f0-8a07-17c2357ed222,83.26596,30.35227,,8.26218,,,,1.19922,2.96861,-1.40321,4ba3adc6-5d81-4936-b0af-135018c654d9,2025-10-31,17:46:30.15,2025-10-31T13:46:30.1580000-04:00,2025-10-31T17:46:30.1580000Z,FlyBall,v3,471355,471355,,,,Undefined,MIA_RED,865cb9a4-0328-4b32-a432-1d2d321b98bc,54.47356,-123.53403,14.03131,6.34495,-3.2913,-8.98272,-0.52066,-0.8041,-2.87742,,1.19918,-73.73573,2.77652,1.74126,-0.87922,0.41757,-0.16226,0.04222,-0.00487,2.96862,55.45081,-32.09917,4.86297,-1.0572,0.18491,-0.02185,0.00136,8E-05,-1.40323,-36.30688,10.60614,-2.30458,0.40806,0.02291,-0.0503,0.0174,-0.00224,,,,,,,,,,,,,,,,,,,,,,,High,High,High,High,Low,,,
182,2025-10-31,13:46:50.89,5,5,"Novak, Cameron",10108396,Right,MIA_RED,"Cruz, Diego",1000178634,Left,MIA_RED,Undefined,5,Bottom,2,2,2,ChangeUp,Changeup,FoulBallNotFieldable,Undefined,Undefined,Undefined,0,0,,81.42036,-2.185283,0.18924,1437.794332,227.298214,1:30,6.27034,0.63574,5.76507,-27.71718,15.02725,14.68202,1.92578,2.03537,74.14819,-7.353661,2.820273,0.470556,63.19041,6.023239,-150.61047,3364.699241,,,,70.11026,44.96478,-149.530136,0.821882,-7.46024,8.77182,-0.66055,50,6.07286,-0.96018,-118.09843,-5.34166,-10.42787,24.64873,-19.91292,MIA_RED,MIA_RED,McKieFieldStad,TeamExclusive,Team,20251031-McKieFieldStad-Private-1,950fc340-b681-11f0-8a07-17c2357ed222,80.10193,3.68291,,7.27218,,,,2.88013,2.14515,-1.96708,4ba3adc6-5d81-4936-b0af-135018c654d9,2025-10-31,17:46:50.89,2025-10-31T13:46:50.8900000-04:00,2025-10-31T17:46:50.8900000Z,GroundBall,v3,471355,471355,,,,Undefined,MIA_RED,e3a75a54-bd6d-4241-8547-467e8f882a86,54.73199,-119.08196,12.32437,6.27015,-4.54709,-9.95646,-0.63054,-0.54408,-5.21393,,2.88013,-80.30584,4.24959,-0.38049,0.08427,-0.01042,0.00076,-0.00019,4E-05,2.14515,9.72499,-15.60881,0.78138,-0.08083,0.02566,-0.00288,-3E-05,2E-05,-1.96708,-45.23068,5.75088,-0.63097,0.13591,-0.01953,0.00161,-0.00018,1E-05,,,,,,,,,,,,,,,,,,,,,,,High,High,High,High,Medium,,,
183,2025-10-31,13:47:15.43,5,6,"Novak, Cameron",10108396,Right,MIA_RED,"Cruz, Diego",1000178634,Left,MIA_RED,Undefined,5,Bottom,2,2,2,Fastball,Changeup,BallCalled,Undefined,Undefined,Undefined,0,0,,84.57407,-0.917274,0.217526,1754.452801,210.395073,1:00,6.36269,0.45963,6.02995,-24.68773,14.09072,7.55603,3.45586,1.29074,77.52157,-5.550124,1.577768,0.448195,,,,,,,,,,,,-3.81087,7.8767,-0.48055,50,6.27762,-0.76704,-122.8889,-2.70525,-5.83349,24.1215,-20.1168,MIA_RED,MIA_RED,McKieFieldStad,TeamExclusive,Team,20251031-McKieFieldStad-Private-1,a398ec70-b681-11f0-8a07-17c2357ed222,84.09835,,,7.0525,,,,,,,4ba3adc6-5d81-4936-b0af-135018c654d9,2025-10-31,17:47:15.43,2025-10-31T13:47:15.4390000-04:00,2025-10-31T17:47:15.4390000Z,,v3,471355,471355,,,,Undefined,MIA_RED,468760a9-9b03-46b7-80ad-ab0fb1c464ee,54.4663,-123.76247,12.06075,6.3624,-1.97672,-10.0584,-0.4566,-0.55577,-2.91675,,,,,,,,,,,,,,,,,,,,,,,,,,,,,,,,,,,,,,,,,,,,,,,,,,,High,High,High,,,,,
184,2025-10-31,13:47:36.84,5,7,"Novak, Cameron",10108396,Right,MIA_RED,"Cruz, Diego",1000178634,Left,MIA_RED,Undefined,5,Bottom,2,3,2,ChangeUp,Changeup,BallCalled,Walk,Undefined,Undefined,0,0,,80.32946,-0.41704,0.016746,1291.491468,222.280576,1:30,6.31566,0.66743,6.06144,-30.37533,12.91119,10.41422,3.39841,1.55078,73.11433,-6.116132,1.892864,0.47353,,,,,,,,,,,,-5.32583,7.22056,-0.67401,50,6.26723,-0.43044,-116.63889,-1.7269,-7.27891,23.55732,-22.30552,MIA_RED,MIA_RED,McKieFieldStad,TeamExclusive,Team,20251031-McKieFieldStad-Private-1,b05a4df0-b681-11f0-8a07-17c2357ed222,79.59877,,,7.21513,,,,,,,4ba3adc6-5d81-4936-b0af-135018c654d9,2025-10-31,17:47:36.84,2025-10-31T13:47:36.8470000-04:00,2025-10-31T17:47:36.8470000Z,,v3,471355,471355,,,,Undefined,MIA_RED,87a1acb4-5794-4bf3-8bf4-569a2ebea50f,54.43363,-117.53093,11.77866,6.31663,-0.88226,-11.15276,-0.66293,-0.15481,-3.63946,,,,,,,,,,,,,,,,,,,,,,,,,,,,,,,,,,,,,,,,,,,,,,,,,,,High,High,High,,,,,
185,2025-10-31,13:50:59.17,1,1,"Pfeffer, Kaden",821954,Left,MIA_RED,"Gonzalez Rivera, Ignacio",10124440,Right,MIA_RED,Undefined,6,Top,0,0,0,Fastball,Changeup,BallCalled,Undefined,Undefined,Undefined,0,0,,79.42979,-0.692641,1.966112,1839.638575,126.724794,10:15,4.93152,-2.75747,5.54175,-33.83852,10.5826,-12.48095,1.4639,-1.95935,73.56751,-6.908527,-0.260271,0.479696,,,,,,,,,,,,6.80536,5.92174,2.59558,50,4.84897,-3.47794,-115.40871,-2.48513,9.27785,19.29853,-24.10086,MIA_RED,MIA_RED,McKieFieldStad,TeamExclusive,Team,20251031-McKieFieldStad-Private-1,29341c10-b682-11f0-8a07-17c2357ed222,78.57567,,,5.86228,,,,,,,4ba3adc6-5d81-4936-b0af-135018c654d9,2025-10-31,17:50:59.17,2025-10-31T13:50:59.1790000-04:00,2025-10-31T17:50:59.1790000Z,,v3,471355,471355,,,,Undefined,MIA_RED,471b3d82-b8dc-4cb7-a3ed-011d26c2da44,54.95697,-116.23465,9.64926,4.93325,-1.45366,-12.05043,2.75292,-3.87502,4.63893,,,,,,,,,,,,,,,,,,,,,,,,,,,,,,,,,,,,,,,,,,,,,,,,,,,High,High,High,,,,,
186,2025-10-31,13:51:13.26,1,2,"Pfeffer, Kaden",821954,Left,MIA_RED,"Gonzalez Rivera, Ignacio",10124440,Right,MIA_RED,Undefined,6,Top,0,1,0,Fastball,Changeup,StrikeCalled,Undefined,Undefined,Undefined,0,0,,79.99898,-0.282958,3.363974,1965.276078,127.963962,10:15,4.92815,-2.53293,5.6927,-31.70903,12.03894,-13.76328,2.02158,-0.54124,73.73051,-6.148517,0.907189,0.476048,,,,,,,,,,,,7.86685,6.59162,2.25883,50,4.88449,-6.29575,-116.1045,-1.56294,10.82275,20.1382,-23.10565,MIA_RED,MIA_RED,McKieFieldStad,TeamExclusive,Team,20251031-McKieFieldStad-Private-1,319cd1d0-b682-11f0-8a07-17c2357ed222,79.17789,,,6.26847,,,,,,,4ba3adc6-5d81-4936-b0af-135018c654d9,2025-10-31,17:51:13.26,2025-10-31T13:51:13.2660000-04:00,2025-10-31T17:51:13.2660000Z,,v3,471355,471355,,,,Undefined,MIA_RED,7daa3177-82ba-4330-be00-d92758711670,54.80587,-116.9351,10.0691,4.9293,-0.60994,-11.55283,2.5277,-6.74213,5.41137,,,,,,,,,,,,,,,,,,,,,,,,,,,,,,,,,,,,,,,,,,,,,,,,,,,High,High,High,,,,,
187,2025-10-31,13:51:28.66,1,3,"Pfeffer, Kaden",821954,Left,MIA_RED,"Gonzalez Rivera, Ignacio",10124440,Right,MIA_RED,Undefined,6,Top,0,1,1,Slider,Curveball,InPlay,Undefined,LineDrive,Double,0,0,,71.05428,1.950053,1.859131,2239.696598,261.209959,2:45,5.05677,-2.51379,5.2685,-53.82397,2.95933,7.64433,2.40488,-0.12979,65.25389,-7.856303,3.214148,0.542353,98.26083,14.643438,-12.9585,860.017744,106.87219,21.63714,-26.04464,273.80225,273.80225,-15.321191,2.540934,-3.3202,1.41606,2.33785,50,5.19538,-3.61823,-103.04468,1.85135,-3.56402,17.38477,-30.65399,MIA_RED,MIA_RED,McKieFieldStad,TeamExclusive,Team,20251031-McKieFieldStad-Private-1,3aaf8330-b682-11f0-8a07-17c2357ed222,69.49802,23.12948,,5.80039,,,,1.82035,2.5128,0.14995,4ba3adc6-5d81-4936-b0af-135018c654d9,2025-10-31,17:51:28.66,2025-10-31T13:51:28.6670000-04:00,2025-10-31T17:51:28.6670000Z,LineDrive,v3,471355,471355,,,,Undefined,MIA_RED,e4be7dcf-a730-41d0-b488-0ecd4d382b29,55.23018,-103.92332,8.69238,5.06266,3.40063,-15.327,2.51616,-3.4381,-1.78201,130.651127,1.82044,135.87839,-16.97002,2.37993,-0.23082,-0.18766,0.13413,-0.03941,0.00453,2.51273,36.43652,-17.67113,1.72506,-0.50769,0.26667,-0.11688,0.03062,-0.00338,0.14992,-31.26585,0.39074,0.52487,-0.23865,0.12905,-0.05599,0.01451,-0.00159,,,,,,,,,,,,,,,,,,,,,,,High,High,High,High,High,,,
188,2025-10-31,13:52:14.99,2,1,"Pfeffer, Kaden",821954,Left,MIA_RED,"Kirtley, Ryder",827333,Right,MIA_RED,Undefined,6,Top,0,0,0,ChangeUp,Changeup,BallCalled,Undefined,Undefined,Undefined,0,0,,76.26925,1.343822,2.94916,1266.119748,88.873826,9:00,4.89069,-2.94824,5.76885,-47.00916,1.03996,-19.95926,2.22573,-1.86456,70.2962,-7.28689,-0.623532,0.498901,,,,,,,,,,,,10.91847,0.63874,2.71631,50,4.97348,-4.97062,-110.74992,1.13264,13.63271,18.79824,-31.37653,MIA_RED,MIA_RED,McKieFieldStad,TeamExclusive,Team,20251031-McKieFieldStad-Private-1,563c4700-b682-11f0-8a07-17c2357ed222,75.55097,,,5.97304,,,,,,,4ba3adc6-5d81-4936-b0af-135018c654d9,2025-10-31,17:52:14.99,2025-10-31T13:52:14.9970000-04:00,2025-10-31T17:52:14.9970000Z,,v3,471355,471355,,,,Undefined,MIA_RED,3803f1f9-5944-4450-84be-7720b952ce1d,54.73159,-111.55015,9.39912,4.89684,2.46832,-15.68826,2.94026,-5.55095,6.81636,,,,,,,,,,,,,,,,,,,,,,,,,,,,,,,,,,,,,,,,,,,,,,,,,,,High,High,High,,,,,
189,2025-10-31,13:52:32.84,2,2,"Pfeffer, Kaden",821954,Left,MIA_RED,"Kirtley, Ryder",827333,Right,MIA_RED,Undefined,6,Top,0,1,0,Cutter,Changeup,InPlay,Undefined,Popup,Out,1,0,,76.32265,-0.256064,4.192383,1976.887516,154.65722,11:15,4.95624,-2.82283,5.48505,-38.45978,10.43316,-4.20733,1.51105,0.75582,70.064,-7.317499,3.445836,0.503262,74.57362,70.597668,-52.305115,4100.123124,,,,,41.02685,,,3.31292,5.768,2.45784,50,4.90763,-7.9482,-110.54809,-1.68724,4.09938,19.72149,-25.03678,MIA_RED,MIA_RED,McKieFieldStad,TeamExclusive,Team,20251031-McKieFieldStad-Private-1,60eace10-b682-11f0-8a07-17c2357ed222,74.89618,113.58568,,6.25866,,,,,,,4ba3adc6-5d81-4936-b0af-135018c654d9,2025-10-31,17:52:32.84,2025-10-31T13:52:32.8430000-04:00,2025-10-31T17:52:32.8430000Z,,v3,471355,471355,,,,Undefined,MIA_RED,edc9d97f-6a1a-4770-9074-f8257b0835ca,55.01339,-111.43888,9.86074,4.9583,-0.55637,-12.51839,2.82103,-8.13336,2.04969,,5.97075,22.21958,-9.71036,3.13172,-0.63081,-0.24417,0.52657,-0.32154,0.06918,14.36159,103.16175,-25.48863,2.69385,-0.47047,0.18328,-0.19254,0.11289,-0.02455,-5.13091,-28.75264,8.98596,-2.73475,0.53431,0.19114,-0.41857,0.25533,-0.05488,,,,,,,,,,,,,,,,,,,,,,,High,High,High,Low,Undefined,,,
190,2025-10-31,13:53:13.43,3,1,"Pfeffer, Kaden",821954,Left,MIA_RED,"Christiansen, Hayden",830132,Right,MIA_RED,Undefined,6,Top,1,0,0,ChangeUp,Changeup,BallCalled,Undefined,Undefined,Undefined,0,0,,76.04248,-0.350698,3.572834,1363.349905,83.78524,8:45,4.85963,-2.81602,5.79412,-49.16735,-0.8302,-20.94651,0.43551,-1.2339,70.38765,-9.335865,-0.181911,0.500394,,,,,,,,,,,,11.74997,0.02917,2.535,50,4.80074,-6.15645,-110.4124,-2.19157,14.56552,18.88832,-32.13789,MIA_RED,MIA_RED,McKieFieldStad,TeamExclusive,Team,20251031-McKieFieldStad-Private-1,791a5d20-b682-11f0-8a07-17c2357ed222,75.32555,,,5.65483,,,,,,,4ba3adc6-5d81-4936-b0af-135018c654d9,2025-10-31,17:53:13.43,2025-10-31T13:53:13.4310000-04:00,2025-10-31T17:53:13.4310000Z,,v3,471355,471355,,,,Undefined,MIA_RED,8b91b442-eec3-4cbe-9c1b-6f05cce2beb9,54.70811,-111.2149,9.44416,4.86484,-0.82614,-16.06895,2.80971,-6.77529,7.28276,,,,,,,,,,,,,,,,,,,,,,,,,,,,,,,,,,,,,,,,,,,,,,,,,,,High,High,High,,,,,
191,2025-10-31,13:53:36.37,3,2,"Pfeffer, Kaden",821954,Left,MIA_RED,"Christiansen, Hayden",830132,Right,MIA_RED,Undefined,6,Top,1,1,0,Fastball,Changeup,FoulBallNotFieldable,Undefined,Undefined,Undefined,0,0,,80.36689,0.692808,5.141138,1910.48024,120.319666,10:00,4.8049,-2.84133,5.78497,-31.36502,11.98757,-18.28749,2.83833,0.43056,73.8667,-5.123472,1.883887,0.473891,59.05412,59.748051,161.583365,5055.250944,,,,,32.55007,,,10.69493,6.31847,2.42808,50,4.84322,-9.78518,-116.41495,0.45145,14.79986,20.14031,-23.43045,MIA_RED,MIA_RED,McKieFieldStad,TeamExclusive,Team,20251031-McKieFieldStad-Private-1,86c11590-b682-11f0-8a07-17c2357ed222,79.53813,45.54168,,6.50019,,,,1.85171,2.9764,-0.39976,4ba3adc6-5d81-4936-b0af-135018c654d9,2025-10-31,17:53:36.37,2025-10-31T13:53:36.3710000-04:00,2025-10-31T17:53:36.3710000Z,,v3,471355,471355,,,,Undefined,MIA_RED,7f715abe-c58c-41b8-8e10-ed6d0721fc22,54.71508,-117.22784,10.07015,4.80591,1.39713,-11.71523,2.83508,-10.38252,7.39993,1.957613,1.85171,-41.40087,-1.1255,1.30417,-0.42639,0.11292,-0.02533,0.00437,-0.00013,2.9764,74.81752,-28.73008,3.71668,-0.72926,0.09383,0.01866,-0.02247,0.00618,-0.39976,13.78559,0.87638,-1.35816,0.45542,-0.12303,0.02872,-0.00553,0.00033,,,,,,,,,,,,,,,,,,,,,,,High,High,High,High,Undefined,,,
192,2025-10-31,13:54:05.36,3,3,"Pfeffer, Kaden",821954,Left,MIA_RED,"Christiansen, Hayden",830132,Right,MIA_RED,Undefined,6,Top,1,1,1,Cutter,Curveball,BallCalled,Undefined,Undefined,Undefined,0,0,,76.5169,-0.132917,4.722133,2022.921541,151.612041,11:00,4.91964,-2.74095,5.48023,-40.7716,8.10363,-3.5191,1.39722,1.39408,70.06665,-7.604376,4.098567,0.503171,,,,,,,,,,,,3.10984,4.62996,2.32824,50,4.88054,-9.00674,-110.68118,-1.55084,3.84895,20.17221,-26.44372,MIA_RED,MIA_RED,McKieFieldStad,TeamExclusive,Team,20251031-McKieFieldStad-Private-1,97f75d60-b682-11f0-8a07-17c2357ed222,74.90979,,,6.45025,,,,,,,4ba3adc6-5d81-4936-b0af-135018c654d9,2025-10-31,17:54:05.36,2025-10-31T13:54:05.3610000-04:00,2025-10-31T17:54:05.3610000Z,,v3,471355,471355,,,,Undefined,MIA_RED,b80274d7-79a1-4c73-bbc3-cce427ee47be,55.0153,-111.5915,10.0861,4.9236,-0.3575,-13.22186,2.73861,-9.18044,1.92448,,,,,,,,,,,,,,,,,,,,,,,,,,,,,,,,,,,,,,,,,,,,,,,,,,,High,High,High,,,,,
193,2025-10-31,13:54:25.18,3,4,"Pfeffer, Kaden",821954,Left,MIA_RED,"Christiansen, Hayden",830132,Right,MIA_RED,Undefined,6,Top,1,2,1,Slider,Curveball,BallCalled,Undefined,Undefined,Undefined,0,0,,70.89467,0.49335,3.723765,2235.82674,265.971995,2:45,5.12511,-2.68825,5.43045,-54.73109,2.31583,6.60977,1.02721,1.35486,65.18329,-9.461715,4.89667,0.54361,,,,,,,,,,,,-2.22004,1.60906,2.35327,50,5.13129,-6.91827,-102.67265,-0.77348,-2.35627,17.90565,-30.46627,MIA_RED,MIA_RED,McKieFieldStad,TeamExclusive,Team,20251031-McKieFieldStad-Private-1,a40f3870-b682-11f0-8a07-17c2357ed222,69.33727,,,5.71138,,,,,,,4ba3adc6-5d81-4936-b0af-135018c654d9,2025-10-31,17:54:25.18,2025-10-31T13:54:25.1850000-04:00,2025-10-31T17:54:25.1850000Z,,v3,471355,471355,,,,Undefined,MIA_RED,5a340abc-cc8a-4cd9-acbb-1adbd8d68e26,55.06657,-103.55246,8.95283,5.13251,0.72352,-15.23314,2.69037,-6.8025,-1.17813,,,,,,,,,,,,,,,,,,,,,,,,,,,,,,,,,,,,,,,,,,,,,,,,,,,High,High,High,,,,,
194,2025-10-31,13:54:50.08,3,5,"Pfeffer, Kaden",821954,Left,MIA_RED,"Christiansen, Hayden",830132,Right,MIA_RED,Undefined,6,Top,1,3,1,Slider,Curveball,BallCalled,Walk,Undefined,Undefined,0,0,,71.65356,0.209839,2.639369,2211.536923,235.498261,1:45,5.01322,-2.63466,5.46393,-51.64763,4.02201,3.1865,0.90585,0.10291,65.76608,-9.218236,3.20653,0.537008,,,,,,,,,,,,-0.83106,2.47965,2.39996,50,4.99637,-4.9018,-103.89079,-1.17603,-0.90251,18.43797,-29.48117,MIA_RED,MIA_RED,McKieFieldStad,TeamExclusive,Team,20251031-McKieFieldStad-Private-1,b2be3920-b682-11f0-8a07-17c2357ed222,70.18974,,,5.88749,,,,,,,4ba3adc6-5d81-4936-b0af-135018c654d9,2025-10-31,17:54:50.08,2025-10-31T13:54:50.0810000-04:00,2025-10-31T17:54:50.0810000Z,,v3,471355,471355,,,,Undefined,MIA_RED,bb5318c8-006f-4504-a1c1-7098e17f2bb9,55.03379,-104.78035,9.21899,5.0188,0.24633,-14.74059,2.63541,-4.85826,-0.45125,,,,,,,,,,,,,,,,,,,,,,,,,,,,,,,,,,,,,,,,,,,,,,,,,,,High,High,High,,,,,
195,2025-10-31,13:55:21.17,4,1,"Pfeffer, Kaden",821954,Left,MIA_RED,"Phillips, Drew",1000194003,Right,MIA_RED,Undefined,6,Top,1,0,0,Fastball,Changeup,BallCalled,Undefined,Undefined,Undefined,0,0,,80.61008,-0.423928,3.425214,1985.41269,131.182576,10:15,4.90528,-2.77718,5.62999,-27.10773,16.73091,-17.39162,2.25005,-1.02682,73.11968,-5.507543,0.324955,0.476541,,,,,,,,,,,,9.78142,9.04083,2.49652,50,4.85207,-6.28727,-116.77195,-1.67757,13.40772,23.47865,-19.78148,MIA_RED,MIA_RED,McKieFieldStad,TeamExclusive,Team,20251031-McKieFieldStad-Private-1,c522c7c0-b682-11f0-8a07-17c2357ed222,79.09597,,,7.49041,,,,,,,4ba3adc6-5d81-4936-b0af-135018c654d9,2025-10-31,17:55:21.17,2025-10-31T13:55:21.1790000-04:00,2025-10-31T17:55:21.1790000Z,,v3,471355,471355,,,,Undefined,MIA_RED,08e7b54f-f25b-4aa9-829b-12f9624cafe7,54.86562,-117.74618,11.73932,4.90465,-0.85675,-9.89074,2.76895,-6.84362,6.70386,,,,,,,,,,,,,,,,,,,,,,,,,,,,,,,,,,,,,,,,,,,,,,,,,,,High,High,High,,,,,
196,2025-10-31,13:55:43.05,4,2,"Pfeffer, Kaden",821954,Left,MIA_RED,"Phillips, Drew",1000194003,Right,MIA_RED,Undefined,6,Top,1,1,0,ChangeUp,Changeup,BallCalled,Undefined,Undefined,Undefined,0,0,,76.43562,0.114434,4.953758,1300.099515,91.199539,9:00,4.87873,-2.76641,5.98329,-46.12408,1.91929,-16.328,1.14152,0.47589,69.98727,-8.386097,2.028669,0.498871,,,,,,,,,,,,9.77497,1.45862,2.38323,50,4.86255,-9.00189,-110.67796,-1.16805,12.08639,20.33867,-30.3705,MIA_RED,MIA_RED,McKieFieldStad,TeamExclusive,Team,20251031-McKieFieldStad-Private-1,d24b7690-b682-11f0-8a07-17c2357ed222,75.55549,,,6.44834,,,,,,,4ba3adc6-5d81-4936-b0af-135018c654d9,2025-10-31,17:55:43.05,2025-10-31T13:55:43.0540000-04:00,2025-10-31T17:55:43.0540000Z,,v3,471355,471355,,,,Undefined,MIA_RED,be2a49f3-d615-4506-a082-044d2443fb62,54.51526,-111.50461,10.16933,4.88493,0.06635,-15.18525,2.75909,-9.49313,6.04319,,,,,,,,,,,,,,,,,,,,,,,,,,,,,,,,,,,,,,,,,,,,,,,,,,,High,High,High,,,,,
197,2025-10-31,13:56:04.37,4,3,"Pfeffer, Kaden",821954,Left,MIA_RED,"Phillips, Drew",1000194003,Right,MIA_RED,Undefined,6,Top,1,2,0,Fastball,Changeup,BallCalled,Undefined,Undefined,Undefined,0,0,,80.32254,-1.959917,4.052829,1997.25796,140.751471,10:45,4.85545,-2.69066,5.82431,-26.41517,17.27221,-12.92705,0.82688,0.00607,73.42885,-6.902745,1.742331,0.475718,,,,,,,,,,,,7.79233,9.81788,2.36688,50,4.67933,-7.75469,-116.33117,-4.75606,10.65636,22.23969,-18.74761,MIA_RED,MIA_RED,McKieFieldStad,TeamExclusive,Team,20251031-McKieFieldStad-Private-1,defb72f0-b682-11f0-8a07-17c2357ed222,79.23277,,,6.89368,,,,,,,4ba3adc6-5d81-4936-b0af-135018c654d9,2025-10-31,17:56:04.37,2025-10-31T13:56:04.3730000-04:00,2025-10-31T17:56:04.3730000Z,,v3,471355,471355,,,,Undefined,MIA_RED,d36e4d7a-89b7-4081-8f4d-47dc1dc3f250,54.67358,-117.22124,11.11985,4.85467,-4.00575,-9.37381,2.68577,-8.18117,5.32818,,,,,,,,,,,,,,,,,,,,,,,,,,,,,,,,,,,,,,,,,,,,,,,,,,,High,High,High,,,,,
198,2025-10-31,13:56:25.77,4,4,"Pfeffer, Kaden",821954,Left,MIA_RED,"Phillips, Drew",1000194003,Right,MIA_RED,Undefined,6,Top,1,3,0,Fastball,Changeup,StrikeCalled,Undefined,Undefined,Undefined,0,0,,79.58554,0.142851,3.696287,1880.948819,130.257251,10:15,4.83528,-2.65676,5.89069,-29.43813,14.82044,-15.81359,2.51502,-0.53783,72.65105,-5.368645,0.865262,0.478818,,,,,,,,,,,,9.08658,7.97339,2.36755,50,4.82993,-6.84916,-115.38612,-0.56838,12.24347,21.58134,-21.43051,MIA_RED,MIA_RED,McKieFieldStad,TeamExclusive,Team,20251031-McKieFieldStad-Private-1,eba1d260-b682-11f0-8a07-17c2357ed222,78.71984,,,6.93449,,,,,,,4ba3adc6-5d81-4936-b0af-135018c654d9,2025-10-31,17:56:25.77,2025-10-31T13:56:25.7780000-04:00,2025-10-31T17:56:25.7780000Z,,v3,471355,471355,,,,Undefined,MIA_RED,81b0179b-de41-4e8a-ad52-9f4d67484acb,54.60596,-116.24441,10.79067,4.83559,0.28391,-10.71525,2.64962,-7.33609,6.12173,,,,,,,,,,,,,,,,,,,,,,,,,,,,,,,,,,,,,,,,,,,,,,,,,,,High,High,High,,,,,
199,2025-10-31,13:56:43.65,4,5,"Pfeffer, Kaden",821954,Left,MIA_RED,"Phillips, Drew",1000194003,Right,MIA_RED,Undefined,6,Top,1,3,1,Fastball,Changeup,BallCalled,Walk,Undefined,Undefined,0,0,,79.46396,0.023903,2.320469,1860.919902,136.33647,10:30,4.90848,-2.79605,5.66486,-29.01572,15.52064,-13.49079,2.51282,-1.75543,72.83027,-5.383066,-0.088806,0.480318,,,,,,,,,,,,7.42756,8.29264,2.60834,50,4.8923,-4.14279,-115.33805,-0.82692,10.03588,20.83888,-20.96935,MIA_RED,MIA_RED,McKieFieldStad,TeamExclusive,Team,20251031-McKieFieldStad-Private-1,f64b2950-b682-11f0-8a07-17c2357ed222,78.47391,,,6.63369,,,,,,,4ba3adc6-5d81-4936-b0af-135018c654d9,2025-10-31,17:56:43.65,2025-10-31T13:56:43.6500000-04:00,2025-10-31T17:56:43.6500000Z,,v3,471355,471355,,,,Undefined,MIA_RED,1b64cfe9-aa45-447b-8c1f-c7116c9e51fa,54.83133,-116.20768,10.41944,4.90855,0.04815,-10.48468,2.78996,-4.56159,5.01794,,,,,,,,,,,,,,,,,,,,,,,,,,,,,,,,,,,,,,,,,,,,,,,,,,,High,High,High,,,,,
200,2025-10-31,13:57:13.30,5,1,"Pfeffer, Kaden",821954,Left,MIA_RED,"Cruz, Diego",1000178634,Left,MIA_RED,Undefined,6,Top,1,0,0,Fastball,Changeup,BallCalled,Undefined,Undefined,Undefined,0,0,,79.05373,-0.084537,5.768023,1987.789084,136.630733,10:30,4.76336,-2.59977,6.07639,-29.88139,14.57166,-12.49725,2.19463,1.71372,72.69808,-5.661335,3.535072,0.479868,,,,,,,,,,,,7.89477,7.94768,2.15877,50,4.74081,-11.09657,-114.38952,-1.01147,10.54224,19.55652,-21.56117,MIA_RED,MIA_RED,McKieFieldStad,TeamExclusive,Team,20251031-McKieFieldStad-Private-1,08082d50-b683-11f0-8a07-17c2357ed222,78.54744,,,6.35566,,,,,,,4ba3adc6-5d81-4936-b0af-135018c654d9,2025-10-31,17:57:13.30,2025-10-31T13:57:13.3000000-04:00,2025-10-31T17:57:13.3000000Z,,v3,471355,471355,,,,Undefined,MIA_RED,aa574c99-080e-420c-8431-d676973bb317,54.42105,-115.14288,9.77826,4.76378,-0.18089,-10.78059,2.59406,-11.50268,5.27112,,,,,,,,,,,,,,,,,,,,,,,,,,,,,,,,,,,,,,,,,,,,,,,,,,,High,High,High,,,,,
201,2025-10-31,13:57:31.49,5,2,"Pfeffer, Kaden",821954,Left,MIA_RED,"Cruz, Diego",1000178634,Left,MIA_RED,Undefined,6,Top,1,1,0,Cutter,Slider,InPlay,Undefined,FlyBall,Triple,0,3,,75.56954,0.670167,3.655704,2082.651994,168.079478,11:30,4.85741,-2.74204,5.50877,-41.66518,7.71469,-1.32791,2.01333,0.57058,69.88945,-6.952968,3.419824,0.505762,79.57978,29.84486,32.184495,2493.299932,88.69737,47.1769,65.05934,301.2264,218.77565,43.770817,3.836967,1.61032,4.11642,2.42373,50,4.88767,-6.95598,-109.62365,-0.00842,1.97555,17.89742,-27.12394,MIA_RED,MIA_RED,McKieFieldStad,TeamExclusive,Team,20251031-McKieFieldStad-Private-1,12e90f00-b683-11f0-8a07-17c2357ed222,74.52603,52.67569,,5.6801,,,,3.23679,2.46367,-0.36248,4ba3adc6-5d81-4936-b0af-135018c654d9,2025-10-31,17:57:31.49,2025-10-31T13:57:31.4930000-04:00,2025-10-31T17:57:31.4930000Z,LineDrive,v3,471355,471355,,,,Undefined,MIA_RED,78c2dda3-4cd0-4772-be78-a4ddf50559e2,54.99084,-110.43546,8.94871,4.86015,1.2219,-13.56197,2.74128,-7.04559,0.98778,,3.23741,85.66773,-15.08381,3.50207,-0.70974,0.14746,-0.04295,0.00951,-0.00082,2.46402,58.06981,-18.28956,0.79537,0.23427,-0.22648,0.08713,-0.01556,0.00105,-0.36225,53.91575,1.7787,-1.21329,0.45387,-0.13469,0.03074,-0.00418,0.00023,,,,,,,,,,,,,,,,,,,,,,,High,High,High,High,Medium,,,
202,2025-10-31,13:58:15.73,6,1,"Pfeffer, Kaden",821954,Left,MIA_RED,"Kirtley, Ryder",827333,Right,MIA_RED,Undefined,6,Top,1,0,0,ChangeUp,Changeup,BallCalled,Undefined,Undefined,Undefined,0,0,,77.29538,2.017043,2.535918,1286.51273,110.6344,9:45,4.90809,-2.79527,5.91488,-37.70474,9.15823,-20.35029,3.64059,-2.13609,70.48177,-5.003289,-1.113659,0.492704,,,,,,,,,,,,11.07843,4.5826,2.60326,50,5.04861,-4.20904,-112.1417,2.83706,14.08207,20.62182,-26.34898,MIA_RED,MIA_RED,McKieFieldStad,TeamExclusive,Team,20251031-McKieFieldStad-Private-1,2d316bf0-b683-11f0-8a07-17c2357ed222,76.50114,,,6.81361,,,,,,,4ba3adc6-5d81-4936-b0af-135018c654d9,2025-10-31,17:58:15.73,2025-10-31T13:58:15.7390000-04:00,2025-10-31T17:58:15.7390000Z,,v3,471355,471355,,,,Undefined,MIA_RED,debcf9a7-b5da-44fc-8967-e409df9cf7ae,54.58282,-112.9813,10.31091,4.91126,3.90983,-13.17449,2.7863,-4.78238,7.04103,,,,,,,,,,,,,,,,,,,,,,,,,,,,,,,,,,,,,,,,,,,,,,,,,,,High,High,High,,,,,
203,2025-10-31,13:58:30.37,6,2,"Pfeffer, Kaden",821954,Left,MIA_RED,"Kirtley, Ryder",827333,Right,MIA_RED,Undefined,6,Top,1,1,0,Fastball,Changeup,InPlay,Undefined,GroundBall,Out,1,1,,79.18669,-1.222782,3.650566,1900.875482,126.601224,10:15,5.01703,-2.36794,5.9814,-31.20242,13.37741,-16.0508,1.28096,-0.3172,72.47797,-7.043908,0.769733,0.480552,46.7705,-47.720081,79.180129,,,,,4.30934,4.30934,23.794841,0.030478,9.36268,7.64721,2.08851,50,4.90295,-6.74759,-114.83729,-3.3578,12.47681,21.67816,-21.98333,MIA_RED,MIA_RED,McKieFieldStad,TeamExclusive,Team,20251031-McKieFieldStad-Private-1,35fd0230-b683-11f0-8a07-17c2357ed222,78.43569,1.55483,,6.70872,,,,3.67763,1.55483,0.35001,4ba3adc6-5d81-4936-b0af-135018c654d9,2025-10-31,17:58:30.37,2025-10-31T13:58:30.3700000-04:00,2025-10-31T17:58:30.3700000Z,GroundBall,v3,471355,471355,,,,Undefined,MIA_RED,1cd5d8b7-df4a-4e6b-a947-11cd8b7ce41c,54.51767,-115.68696,10.83908,5.01767,-2.49617,-10.99166,2.36257,-7.23661,6.23841,,3.67741,8.70796,,,,,,,,1.55612,-51.01516,,,,,,,,0.34885,45.56288,,,,,,,,,,,,,,,,,,,,,,,,,,,,,,High,High,High,Estimated,Estimated,,,
204,2025-10-31,13:59:01.85,7,1,"Pfeffer, Kaden",821954,Left,MIA_RED,"Breidenbach, Mason",1000074554,Right,MIA_RED,Undefined,6,Top,2,0,0,Slider,Curveball,BallCalled,Undefined,Undefined,Undefined,0,0,,70.88985,0.500789,2.714971,2276.816281,281.998613,3:30,5.11471,-2.58261,5.32877,-57.2805,0.0513,8.7339,0.81177,0.69456,65.05676,-9.899638,4.265611,0.544966,,,,,,,,,,,,-3.57146,0.39783,2.33053,50,5.11873,-5.18261,-102.74426,-0.86101,-3.78143,18.53283,-31.75281,MIA_RED,MIA_RED,McKieFieldStad,TeamExclusive,Team,20251031-McKieFieldStad-Private-1,48cb4f20-b683-11f0-8a07-17c2357ed222,69.16478,,,5.8331,,,,,,,4ba3adc6-5d81-4936-b0af-135018c654d9,2025-10-31,17:59:01.85,2025-10-31T13:59:01.8530000-04:00,2025-10-31T17:59:01.8530000Z,,v3,471355,471355,,,,Undefined,MIA_RED,f6567c61-7af4-4d34-8088-f784ea538771,55.16968,-103.67256,9.26642,5.12203,0.72948,-15.8764,2.58538,-4.9932,-1.89071,,,,,,,,,,,,,,,,,,,,,,,,,,,,,,,,,,,,,,,,,,,,,,,,,,,High,High,High,,,,,
205,2025-10-31,13:59:17.65,7,2,"Pfeffer, Kaden",821954,Left,MIA_RED,"Breidenbach, Mason",1000074554,Right,MIA_RED,Undefined,6,Top,2,1,0,Fastball,Changeup,InPlay,Undefined,FlyBall,Out,1,0,,78.56486,0.430946,3.758012,1961.827533,157.048958,11:15,4.96509,-2.67792,5.79039,-28.67663,17.40025,-6.68213,2.97712,0.26609,71.0246,-4.968486,2.565406,0.488554,88.03346,44.363579,-10.414258,4674.562245,106.27249,95.22741,-28.39216,271.79958,263.29168,-19.210857,5.462287,4.58961,9.20705,2.37233,50,4.98371,-7.2194,-113.7471,0.04521,5.94333,23.12242,-20.25132,MIA_RED,MIA_RED,McKieFieldStad,TeamExclusive,Team,20251031-McKieFieldStad-Private-1,5230b460-b683-11f0-8a07-17c2357ed222,77.15094,110.62752,,7.54026,,,,1.78107,3.0043,-0.2424,4ba3adc6-5d81-4936-b0af-135018c654d9,2025-10-31,17:59:17.65,2025-10-31T13:59:17.6530000-04:00,2025-10-31T17:59:17.6530000Z,FlyBall,v3,471355,471355,,,,Undefined,MIA_RED,e9682416-6571-4dda-b730-75ccf0f81e1d,54.70525,-114.69959,11.56121,4.96467,0.87943,-10.12566,2.67476,-7.46422,2.97166,157.985576,1.79321,90.54427,-20.69902,3.98284,0.09775,-0.32109,0.08799,-0.01031,0.00046,2.99981,90.34649,-22.53641,2.13173,-0.34752,0.00296,0.0183,-0.00376,0.00023,-0.23944,-16.74317,-1.97418,0.87467,-0.06383,-0.04375,0.01369,-0.00155,6E-05,,,,,,,,,,,,,,,,,,,,,,,High,High,High,High,Medium,,,