PitchNo,Date,Time,PAofInning,PitchofPA,Pitcher,PitcherId,PitcherThrows,PitcherTeam,Batter,BatterId,BatterSide,BatterTeam,PitcherSet,Inning,Top/Bottom,Outs,Balls,Strikes,TaggedPitchType,AutoPitchType,PitchCall,KorBB,TaggedHitType,PlayResult,OutsOnPlay,RunsScored,Notes,RelSpeed,VertRelAngle,HorzRelAngle,SpinRate,SpinAxis,Tilt,RelHeight,RelSide,Extension,VertBreak,InducedVertBreak,HorzBreak,PlateLocHeight,PlateLocSide,ZoneSpeed,VertApprAngle,HorzApprAngle,ZoneTime,ExitSpeed,Angle,Direction,HitSpinRate,PositionAt110X,PositionAt110Y,PositionAt110Z,Distance,LastTrackedDistance,Bearing,HangTime,pfxx,pfxz,x0,y0,z0,vx0,vy0,vz0,ax0,ay0,az0,HomeTeam,AwayTeam,Stadium,Level,League,GameID,PitchUID,EffectiveVelo,MaxHeight,MeasuredDuration,SpeedDrop,PitchLastMeasuredX,PitchLastMeasuredY,PitchLastMeasuredZ,ContactPositionX,ContactPositionY,ContactPositionZ,GameUID,UTCDate,UTCTime,LocalDateTime,UTCDateTime,AutoHitType,System,HomeTeamForeignID,AwayTeamForeignID,GameForeignID,Catcher,CatcherId,CatcherThrows,CatcherTeam,PlayID,PitchTrajectoryXc0,PitchTrajectoryXc1,PitchTrajectoryXc2,PitchTrajectoryYc0,PitchTrajectoryYc1,PitchTrajectoryYc2,PitchTrajectoryZc0,PitchTrajectoryZc1,PitchTrajectoryZc2,HitSpinAxis,HitTrajectoryXc0,HitTrajectoryXc1,HitTrajectoryXc2,HitTrajectoryXc3,HitTrajectoryXc4,HitTrajectoryXc5,HitTrajectoryXc6,HitTrajectoryXc7,HitTrajectoryXc8,HitTrajectoryYc0,HitTrajectoryYc1,HitTrajectoryYc2,HitTrajectoryYc3,HitTrajectoryYc4,HitTrajectoryYc5,HitTrajectoryYc6,HitTrajectoryYc7,HitTrajectoryYc8,HitTrajectoryZc0,HitTrajectoryZc1,HitTrajectoryZc2,HitTrajectoryZc3,HitTrajectoryZc4,HitTrajectoryZc5,HitTrajectoryZc6,HitTrajectoryZc7,HitTrajectoryZc8,ThrowSpeed,PopTime,ExchangeTime,TimeToBase,CatchPositionX,CatchPositionY,CatchPositionZ,ThrowPositionX,ThrowPositionY,ThrowPositionZ,BasePositionX,BasePositionY,BasePositionZ,ThrowTrajectoryXc0,ThrowTrajectoryXc1,ThrowTrajectoryXc2,ThrowTrajectoryYc0,ThrowTrajectoryYc1,ThrowTrajectoryYc2,ThrowTrajectoryZc0,ThrowTrajectoryZc1,ThrowTrajectoryZc2,PitchReleaseConfidence,PitchLocationConfidence,PitchMovementConfidence,HitLaunchConfidence,HitLandingConfidence,CatcherThrowCatchConfidence,CatcherThrowReleaseConfidence,CatcherThrowLocationConfidence
1,9/23/25,59:46.0,1,1,"Preisel, Connor",1000213694,Left,MIA_RED,"Phillips, Drew",1000194003,Right,MIA_RED,Undefined,1,Top,0,0,0,Undefined,Changeup,Undefined,Undefined,Undefined,Undefined,0,0,,86.36761,-0.267686,5.032727,2382.672416,112.754934,9:45,4.34162,-3.08521,6.02525,-27.66147,10.1704,-21.05517,1.78763,-0.16678,78.05182,-5.458254,1.261844,0.442691,,,,,,,,,,,,12.48804,5.68398,2.7025,50,4.30561,-10.17267,-124.98408,-1.45225,19.53573,27.78189,-23.28225,MIA_RED,MIA_RED,McKieFieldStad,TeamExclusive,Team,20250923-McKieFieldStad-Private-2,7913e0d0-98af-11f0-a6ec-b3747e1f84bf,85.14395,,,8.31579,,,,,,,14081ae7-7498-4b72-b6d1-2ebe0d22cb14,9/23/25,59:46.0,2025-09-23T14:59:46.0380000-04:00,2025-09-23T18:59:46.0380000Z,,v3,471355,471355,,"Buffington, Matthew",825106,Right,MIA_RED,f8a9a7a5-bcb7-4872-bd90-2dad75c07ebd,54.47389,-125.97463,13.89095,4.34259,-0.62214,-11.64113,3.07761,-10.8692,9.76786,,,,,,,,,,,,,,,,,,,,,,,,,,,,,,,,,,,,,,,,,,,,,,,,,,,High,High,High,,,,,
2,9/23/25,00:38.5,1,2,"Preisel, Connor",1000213694,Left,MIA_RED,"Phillips, Drew",1000194003,Right,MIA_RED,Undefined,1,Top,0,0,0,Undefined,Changeup,Undefined,Undefined,Undefined,Undefined,0,0,,86.96301,-1.1014,6.155024,2294.376353,92.499355,9:00,4.27661,-3.21439,5.89583,-35.50026,2.30669,-20.92666,0.28967,0.7781,78.48319,-7.665336,2.422912,0.442545,,,,,,,,,,,,12.79619,1.88496,2.72981,50,4.16699,-12.68671,-125.52377,-3.63514,20.10325,29.0407,-29.2127,MIA_RED,MIA_RED,McKieFieldStad,TeamExclusive,Team,20250923-McKieFieldStad-Private-2,987a8370-98af-11f0-a6ec-b3747e1f84bf,85.17207,,,8.47982,,,,,,,14081ae7-7498-4b72-b6d1-2ebe0d22cb14,9/23/25,00:38.5,2025-09-23T15:00:38.4860000-04:00,2025-09-23T19:00:38.4860000Z,,v3,471355,471355,,"Buffington, Matthew",825106,Right,MIA_RED,c2af15a0-f919-4ac5-ae08-050e70a5abcb,54.60349,-126.58433,14.52035,4.28027,-2.56829,-14.60635,3.20653,-13.42088,10.05162,,,,,,,,,,,,,,,,,,,,,,,,,,,,,,,,,,,,,,,,,,,,,,,,,,,High,High,High,,,,,
3,9/23/25,01:23.3,1,3,"Preisel, Connor",1000213694,Left,MIA_RED,"Phillips, Drew",1000194003,Right,MIA_RED,Undefined,1,Top,0,0,0,Undefined,Slider,Undefined,Undefined,Undefined,Undefined,0,0,,81.81742,0.582216,4.799775,2629.871734,167.540621,11:30,4.25341,-3.17723,5.35056,-41.38486,1.51087,-0.03524,1.35268,1.33216,74.96554,-6.951605,4.793553,0.471388,,,,,,,,,,,,1.37543,0.96606,2.74439,50,4.27627,-9.93857,-118.37797,-0.24699,1.94885,22.90944,-30.80524,MIA_RED,MIA_RED,McKieFieldStad,TeamExclusive,Team,20250923-McKieFieldStad-Private-2,b3154620-98af-11f0-a6ec-b3747e1f84bf,79.96057,,,6.85188,,,,,,,14081ae7-7498-4b72-b6d1-2ebe0d22cb14,9/23/25,01:23.3,2025-09-23T15:01:23.3270000-04:00,2025-09-23T19:01:23.3270000Z,,v3,471355,471355,,"Buffington, Matthew",825106,Right,MIA_RED,dffa7dad-6b4d-45f0-bca6-db1045934ed9,55.14803,-119.3701,11.45472,4.25807,1.08708,-15.40262,3.17663,-10.02297,0.97442,,,,,,,,,,,,,,,,,,,,,,,,,,,,,,,,,,,,,,,,,,,,,,,,,,,High,High,High,,,,,
4,9/23/25,01:46.5,1,4,"Preisel, Connor",1000213694,Left,MIA_RED,"Phillips, Drew",1000194003,Right,MIA_RED,Undefined,1,Top,0,0,0,Undefined,Slider,Undefined,Undefined,Undefined,Undefined,0,0,,82.07041,1.828232,3.178915,2597.728955,147.83952,11:00,4.29248,-3.28967,5.25927,-39.77045,2.77638,-0.92165,2.69915,-0.37679,75.12038,-5.431212,3.015917,0.469467,,,,,,,,,,,,1.33595,1.24913,2.999,50,4.43067,-6.56732,-118.93281,2.38683,1.91596,22.53682,-30.38257,MIA_RED,MIA_RED,McKieFieldStad,TeamExclusive,Team,20250923-McKieFieldStad-Private-2,c0e9ec60-98af-11f0-a6ec-b3747e1f84bf,80.28773,,,6.95002,,,,,,,14081ae7-7498-4b72-b6d1-2ebe0d22cb14,9/23/25,01:46.5,2025-09-23T15:01:46.5030000-04:00,2025-09-23T19:01:46.5030000Z,,v3,471355,471355,,"Buffington, Matthew",825106,Right,MIA_RED,000edc32-d249-4896-9cc7-71849b8d89b2,55.23934,-119.92151,11.26841,4.29672,3.71973,-15.19129,3.28896,-6.65138,0.95798,,,,,,,,,,,,,,,,,,,,,,,,,,,,,,,,,,,,,,,,,,,,,,,,,,,High,High,High,,,,,
5,9/23/25,02:23.3,1,5,"Preisel, Connor",1000213694,Left,MIA_RED,"Phillips, Drew",1000194003,Right,MIA_RED,Undefined,1,Top,0,0,0,Undefined,Slider,Undefined,Undefined,Undefined,Undefined,0,0,,82.35846,1.954935,2.250303,2641.326018,172.45275,11:45,4.23195,-3.21778,5.30916,-37.5316,5.73866,-0.53583,2.94141,-1.14913,73.36345,-4.993897,2.15533,0.473441,,,,,,,,,,,,1.05996,2.70177,3.01398,50,4.38299,-4.65352,-119.02188,2.75111,1.48164,28.28096,-28.39742,MIA_RED,MIA_RED,McKieFieldStad,TeamExclusive,Team,20250923-McKieFieldStad-Private-2,d6b796a0-98af-11f0-a6ec-b3747e1f84bf,79.61374,,,8.99501,,,,,,,14081ae7-7498-4b72-b6d1-2ebe0d22cb14,9/23/25,02:23.3,2025-09-23T15:02:23.2750000-04:00,2025-09-23T19:02:23.2750000Z,,v3,471355,471355,,"Buffington, Matthew",825106,Right,MIA_RED,8b60d6e8-3263-4054-a75d-a630d36e405b,55.18228,-120.24695,14.14048,4.23718,3.98122,-14.19871,3.21695,-4.7177,0.74082,,,,,,,,,,,,,,,,,,,,,,,,,,,,,,,,,,,,,,,,,,,,,,,,,,,High,High,High,,,,,
6,9/23/25,02:48.8,1,6,"Preisel, Connor",1000213694,Left,MIA_RED,"Phillips, Drew",1000194003,Right,MIA_RED,Undefined,1,Top,0,0,0,Undefined,Slider,Undefined,Undefined,Undefined,Undefined,0,0,,83.1259,1.087017,4.436508,2514.223829,133.688109,10:30,4.17176,-3.28617,5.54085,-37.46274,3.89217,-2.66071,2.06896,0.64674,75.72647,-5.794715,3.964536,0.462844,,,,,,,,,,,,2.63335,2.05925,2.90277,50,4.2415,-9.22268,-120.28733,0.99574,3.84135,24.28491,-29.17011,MIA_RED,MIA_RED,McKieFieldStad,TeamExclusive,Team,20250923-McKieFieldStad-Private-2,e6080770-98af-11f0-a6ec-b3747e1f84bf,81.43656,,,7.39944,,,,,,,14081ae7-7498-4b72-b6d1-2ebe0d22cb14,9/23/25,02:48.8,2025-09-23T15:02:48.7670000-04:00,2025-09-23T19:02:48.7670000Z,,v3,471355,471355,,"Buffington, Matthew",825106,Right,MIA_RED,3e4ac751-e593-4853-af22-041ec69c414b,54.95599,-121.28377,12.14245,4.17609,2.19263,-14.58506,3.28442,-9.3803,1.92068,,,,,,,,,,,,,,,,,,,,,,,,,,,,,,,,,,,,,,,,,,,,,,,,,,,High,High,High,,,,,
7,9/23/25,03:26.4,1,7,"Preisel, Connor",1000213694,Left,MIA_RED,"Phillips, Drew",1000194003,Right,MIA_RED,Undefined,1,Top,0,0,0,Undefined,Curveball,Undefined,Undefined,Undefined,Undefined,0,0,,77.6851,2.606013,1.779141,2651.252701,306.452317,4:15,4.72078,-2.95985,4.97673,-55.65755,-7.0115,11.78461,2.54676,-0.29698,70.3822,-7.472652,3.856558,0.50199,90.17216,-6.301103,29.514938,,,,,26.45457,22.33396,27.711399,0.183828,-5.29197,-3.88929,2.77781,50,4.92667,-3.97368,-112.45787,3.1239,-6.67679,23.20716,-37.08113,MIA_RED,MIA_RED,McKieFieldStad,TeamExclusive,Team,20250923-McKieFieldStad-Private-2,fc7a5620-98af-11f0-a6ec-b3747e1f84bf,75.086,2.67307,,7.3029,,,,2.35374,2.67307,0.37574,14081ae7-7498-4b72-b6d1-2ebe0d22cb14,9/23/25,03:26.4,2025-09-23T15:03:26.4030000-04:00,2025-09-23T19:03:26.4030000Z,GroundBall,v3,471355,471355,,"Buffington, Matthew",825106,Right,MIA_RED,3dbb47d0-d1ae-4508-bf18-ff1581b00624,55.5226,-113.59182,11.60358,4.72976,4.93575,-18.54056,2.964,-3.64744,-3.3384,180,2.34767,114.59925,,,,,,,,2.67384,-14.54115,,,,,,,,0.37231,64.87658,,,,,,,,,,,,,,,,,,,,,,,,,,,,,,High,High,High,High,Low,,,
8,9/23/25,04:01.7,1,8,"Preisel, Connor",1000213694,Left,MIA_RED,"Phillips, Drew",1000194003,Right,MIA_RED,Undefined,1,Top,0,0,0,Undefined,Changeup,Undefined,Undefined,Undefined,Undefined,0,0,,88.42734,0.450387,4.007621,2371.977104,113.029765,9:45,4.39871,-3.05962,5.838,-26.71151,9.34312,-19.16225,2.59238,-0.92568,80.31616,-4.536555,0.581727,0.432167,,,,,,,,,,,,10.89449,4.99969,2.74374,50,4.4199,-8.15346,-128.1372,0.11358,18.0386,27.49673,-23.89581,MIA_RED,MIA_RED,McKieFieldStad,TeamExclusive,Team,20250923-McKieFieldStad-Private-2,11826670-98b0-11f0-a6ec-b3747e1f84bf,87.21727,,,8.11118,,,,,,,14081ae7-7498-4b72-b6d1-2ebe0d22cb14,9/23/25,04:01.7,2025-09-23T15:04:01.6640000-04:00,2025-09-23T19:04:01.6640000Z,,v3,471355,471355,,"Buffington, Matthew",825106,Right,MIA_RED,3fdf4ab8-457e-4e4e-b090-f95440fefcbc,54.65953,-129.13321,13.74837,4.40011,0.97915,-11.94791,3.05092,-8.80687,9.0193,,,,,,,,,,,,,,,,,,,,,,,,,,,,,,,,,,,,,,,,,,,,,,,,,,,High,High,High,,,,,
9,9/23/25,04:22.3,1,9,"Preisel, Connor",1000213694,Left,MIA_RED,"Phillips, Drew",1000194003,Right,MIA_RED,Undefined,1,Top,0,0,0,Undefined,Slider,Undefined,Undefined,Undefined,Undefined,0,0,,84.32449,0.111116,4.449478,2634.635469,113.821615,9:45,4.2064,-3.24964,5.45762,-37.03848,3.15591,-4.23618,1.22418,0.57065,77.12611,-6.664023,3.698633,0.456304,,,,,,,,,,,,3.40933,1.91764,2.85987,50,4.19073,-9.3237,-122.08059,-1.07502,5.13498,24.48009,-29.2858,MIA_RED,MIA_RED,McKieFieldStad,TeamExclusive,Team,20250923-McKieFieldStad-Private-2,1dc6f6d0-98b0-11f0-a6ec-b3747e1f84bf,82.6038,,,7.19838,,,,,,,14081ae7-7498-4b72-b6d1-2ebe0d22cb14,9/23/25,04:22.3,2025-09-23T15:04:22.2700000-04:00,2025-09-23T19:04:22.2700000Z,,v3,471355,471355,,"Buffington, Matthew",825106,Right,MIA_RED,b37ad270-2874-4d4a-aa2e-eaafd4f7dd0b,55.04072,-123.08723,12.24005,4.21018,0.12924,-14.6429,3.24761,-9.53486,2.56749,,,,,,,,,,,,,,,,,,,,,,,,,,,,,,,,,,,,,,,,,,,,,,,,,,,High,High,High,,,,,
10,9/23/25,59:46.0,1,10,"Preisel, Connor",1000213694,Left,MIA_RED,"Phillips, Drew",1000194003,Right,MIA_RED,Undefined,1,Top,0,0,0,Fastball,Changeup,InPlay,Undefined,Bunt,Undefined,0,0,,86.36761,-0.267686,5.032727,2382.672416,112.754934,9:45,4.34162,-3.08521,6.02525,-27.66147,10.1704,-21.05517,1.78763,-0.16678,78.05182,-5.458254,1.261844,0.442691,,,,,,,,,,,,12.48804,5.68398,2.7025,50,4.30561,-10.17267,-124.98408,-1.45225,19.53573,27.78189,-23.28225,MIA_RED,MIA_RED,McKieFieldStad,TeamExclusive,Team,20250923-McKieFieldStad-Private-2,79549350-98af-11f0-b0f2-f5a226a5d545,85.14395,,,8.31579,,,,,,,14081ae7-7498-4b72-b6d1-2ebe0d22cb14,9/23/25,59:46.0,2025-09-23T14:59:46.0380000-04:00,2025-09-23T18:59:46.0380000Z,,v3,471355,471355,,"Buffington, Matthew",825106,Right,MIA_RED,f8a9a7a5-bcb7-4872-bd90-2dad75c07ebd,54.47389,-125.97463,13.89095,4.34259,-0.62214,-11.64113,3.07761,-10.8692,9.76786,,,,,,,,,,,,,,,,,,,,,,,,,,,,,,,,,,,,,,,,,,,,,,,,,,,High,High,High,,,,,
11,9/23/25,04:51.0,2,1,"Preisel, Connor",1000213694,Left,MIA_RED,"Phillips, Drew",1000194003,Right,MIA_RED,Undefined,1,Top,0,0,0,Undefined,Changeup,Undefined,Undefined,Undefined,Undefined,0,0,,88.31948,-1.1726,4.759646,2386.848789,107.403858,9:30,4.42846,-3.09473,5.88809,-29.43439,6.75181,-17.64229,0.88289,-0.13524,80.37799,-6.635692,1.604796,0.432955,,,,,,,,,,,,10.45965,4.15173,2.72062,50,4.31667,-9.91168,-127.85064,-3.62361,17.21699,27.71824,-25.34014,MIA_RED,MIA_RED,McKieFieldStad,TeamExclusive,Team,20250923-McKieFieldStad-Private-2,2efca260-98b0-11f0-a6ec-b3747e1f84bf,87.05857,,,7.9415,,,,,,,14081ae7-7498-4b72-b6d1-2ebe0d22cb14,9/23/25,04:51.0,2025-09-23T15:04:51.0330000-04:00,2025-09-23T19:04:51.0330000Z,,v3,471355,471355,,"Buffington, Matthew",825106,Right,MIA_RED,aaa51392-5e4e-42c7-bcc8-a111ddbfae38,54.61064,-128.84636,13.85912,4.4305,-2.71332,-12.67007,3.08779,-10.53016,8.6085,,,,,,,,,,,,,,,,,,,,,,,,,,,,,,,,,,,,,,,,,,,,,,,,,,,High,High,High,,,,,
12,9/23/25,00:38.5,2,2,"Preisel, Connor",1000213694,Left,MIA_RED,"Phillips, Drew",1000194003,Right,MIA_RED,Undefined,1,Top,0,0,0,Fastball,Changeup,BallCalled,Undefined,Undefined,Undefined,0,0,,86.96301,-1.1014,6.155024,2294.376353,92.499355,9:00,4.27661,-3.21439,5.89583,-35.50026,2.30669,-20.92666,0.28967,0.7781,78.48319,-7.665336,2.422912,0.442545,,,,,,,,,,,,12.79619,1.88496,2.72981,50,4.16699,-12.68671,-125.52377,-3.63514,20.10325,29.0407,-29.2127,MIA_RED,MIA_RED,McKieFieldStad,TeamExclusive,Team,20250923-McKieFieldStad-Private-2,9875a170-98af-11f0-b0f2-f5a226a5d545,85.17207,,,8.47982,,,,,,,14081ae7-7498-4b72-b6d1-2ebe0d22cb14,9/23/25,00:38.5,2025-09-23T15:00:38.4860000-04:00,2025-09-23T19:00:38.4860000Z,,v3,471355,471355,,"Buffington, Matthew",825106,Right,MIA_RED,c2af15a0-f919-4ac5-ae08-050e70a5abcb,54.60349,-126.58433,14.52035,4.28027,-2.56829,-14.60635,3.20653,-13.42088,10.05162,,,,,,,,,,,,,,,,,,,,,,,,,,,,,,,,,,,,,,,,,,,,,,,,,,,High,High,High,,,,,
13,9/23/25,05:14.5,2,3,"Preisel, Connor",1000213694,Left,MIA_RED,"Phillips, Drew",1000194003,Right,MIA_RED,Undefined,1,Top,0,0,0,Undefined,Slider,Undefined,Undefined,Undefined,Undefined,0,0,,83.24136,1.247958,3.443041,2679.641253,124.457088,10:15,4.20939,-3.26943,5.23893,-38.56998,3.5637,-2.95323,2.17044,-0.27565,74.91356,-5.833611,2.920942,0.467182,,,,,,,,,,,,2.58417,1.85469,2.9548,50,4.29612,-7.11081,-120.34822,1.22811,3.72815,26.91294,-29.49832,MIA_RED,MIA_RED,McKieFieldStad,TeamExclusive,Team,20250923-McKieFieldStad-Private-2,3ccc3f90-98b0-11f0-a6ec-b3747e1f84bf,80.68042,,,8.3278,,,,,,,14081ae7-7498-4b72-b6d1-2ebe0d22cb14,9/23/25,05:14.5,2025-09-23T15:05:14.4980000-04:00,2025-09-23T19:05:14.4980000Z,,v3,471355,471355,,"Buffington, Matthew",825106,Right,MIA_RED,92ca829e-5356-49ef-a012-ec2c16e32374,55.25496,-121.51768,13.45647,4.21491,2.50992,-14.74916,3.26731,-7.27281,1.86407,,,,,,,,,,,,,,,,,,,,,,,,,,,,,,,,,,,,,,,,,,,,,,,,,,,High,High,High,,,,,
14,9/23/25,01:23.3,2,4,"Preisel, Connor",1000213694,Left,MIA_RED,"Phillips, Drew",1000194003,Right,MIA_RED,Undefined,1,Top,0,1,0,Cutter,Slider,StrikeSwinging,Undefined,Undefined,Undefined,0,0,,81.81742,0.582216,4.799775,2629.871734,167.540621,11:30,4.25341,-3.17723,5.35056,-41.38486,1.51087,-0.03524,1.35268,1.33216,74.96554,-6.951605,4.793553,0.471388,,,,,,,,,,,,1.37543,0.96606,2.74439,50,4.27627,-9.93857,-118.37797,-0.24699,1.94885,22.90944,-30.80524,MIA_RED,MIA_RED,McKieFieldStad,TeamExclusive,Team,20250923-McKieFieldStad-Private-2,b327bcb0-98af-11f0-b0f2-f5a226a5d545,79.96057,,,6.85188,,,,,,,14081ae7-7498-4b72-b6d1-2ebe0d22cb14,9/23/25,01:23.3,2025-09-23T15:01:23.3270000-04:00,2025-09-23T19:01:23.3270000Z,,v3,471355,471355,,"Buffington, Matthew",825106,Right,MIA_RED,dffa7dad-6b4d-45f0-bca6-db1045934ed9,55.14803,-119.3701,11.45472,4.25807,1.08708,-15.40262,3.17663,-10.02297,0.97442,,,,,,,,,,,,,,,,,,,,,,,,,,,,,,,,,,,,,,,,,,,,,,,,,,,High,High,High,,,,,
15,9/23/25,05:42.6,2,5,"Preisel, Connor",1000213694,Left,MIA_RED,"Phillips, Drew",1000194003,Right,MIA_RED,Undefined,1,Top,0,0,0,Undefined,Slider,Undefined,Undefined,Undefined,Undefined,0,0,,83.57867,1.509985,2.987765,2585.808088,84.26878,8:45,4.22758,-3.18789,5.34113,-40.37884,0.76598,-5.9302,2.28142,-0.87677,76.00996,-5.878362,1.936189,0.461667,55.94292,-64.960056,-46.918395,,,,,1.33745,1.07228,4.966901,0.029743,3.86138,0.32327,2.92278,50,4.33491,-6.0693,-121.08943,1.73585,5.69947,24.94383,-31.69688,MIA_RED,MIA_RED,McKieFieldStad,TeamExclusive,Team,20250923-McKieFieldStad-Private-2,4da413b0-98b0-11f0-a6ec-b3747e1f84bf,81.64416,2.22245,,7.56871,,,,0.62327,2.22245,0.8741,14081ae7-7498-4b72-b6d1-2ebe0d22cb14,9/23/25,05:42.6,2025-09-23T15:05:42.5620000-04:00,2025-09-23T19:05:42.5620000Z,GroundBall,v3,471355,471355,,"Buffington, Matthew",825106,Right,MIA_RED,3c40671d-8147-4f40-9a4d-b6488419a777,55.1567,-122.14707,12.47191,4.23282,3.07982,-15.84844,3.18525,-6.31096,2.84973,,0.62269,23.84298,,,,,,,,2.22429,-74.72265,,,,,,,,0.87473,-25.49557,,,,,,,,,,,,,,,,,,,,,,,,,,,,,,High,High,High,Low,Low,,,
16,9/23/25,01:46.5,2,6,"Preisel, Connor",1000213694,Left,MIA_RED,"Phillips, Drew",1000194003,Right,MIA_RED,Undefined,1,Top,0,1,1,Cutter,Slider,InPlay,Undefined,GroundBall,Out,1,0,,82.07041,1.828232,3.178915,2597.728955,147.83952,11:00,4.29248,-3.28967,5.25927,-39.77045,2.77638,-0.92165,2.69915,-0.37679,75.12038,-5.431212,3.015917,0.469467,,,,,,,,,,,,1.33595,1.24913,2.999,50,4.43067,-6.56732,-118.93281,2.38683,1.91596,22.53682,-30.38257,MIA_RED,MIA_RED,McKieFieldStad,TeamExclusive,Team,20250923-McKieFieldStad-Private-2,c11bf8e0-98af-11f0-b0f2-f5a226a5d545,80.28773,,,6.95002,,,,,,,14081ae7-7498-4b72-b6d1-2ebe0d22cb14,9/23/25,01:46.5,2025-09-23T15:01:46.5030000-04:00,2025-09-23T19:01:46.5030000Z,,v3,471355,471355,,"Buffington, Matthew",825106,Right,MIA_RED,000edc32-d249-4896-9cc7-71849b8d89b2,55.23934,-119.92151,11.26841,4.29672,3.71973,-15.19129,3.28896,-6.65138,0.95798,,,,,,,,,,,,,,,,,,,,,,,,,,,,,,,,,,,,,,,,,,,,,,,,,,,High,High,High,,,,,
17,9/23/25,06:15.5,3,1,"Preisel, Connor",1000213694,Left,MIA_RED,"Phillips, Drew",1000194003,Right,MIA_RED,Undefined,1,Top,0,0,0,Undefined,Changeup,Undefined,Undefined,Undefined,Undefined,0,0,,86.3644,-0.362808,-1.793041,2126.091336,229.672444,1:45,5.96254,1.8509,5.32496,-27.08005,11.42237,11.92831,3.36526,1.16186,78.47587,-5.380863,0.325307,0.446597,,,,,,,,,,,,-6.49197,6.21532,-1.6976,50,5.91055,3.39158,-125.22682,-1.74386,-10.245,26.75074,-22.36561,MIA_RED,MIA_RED,McKieFieldStad,TeamExclusive,Team,20250923-McKieFieldStad-Private-2,61574260-98b0-11f0-a6ec-b3747e1f84bf,84.39927,,,7.88852,,,,,,,14081ae7-7498-4b72-b6d1-2ebe0d22cb14,9/23/25,06:15.5,2025-09-23T15:06:15.4800000-04:00,2025-09-23T19:06:15.4800000Z,,v3,471355,471355,,"Buffington, Matthew",825106,Right,MIA_RED,b798c3b9-7d0f-4366-ac9f-dedbe840dd27,55.1711,-126.32663,13.37537,5.96335,-0.82433,-11.18281,-1.84569,3.81279,-5.1225,,,,,,,,,,,,,,,,,,,,,,,,,,,,,,,,,,,,,,,,,,,,,,,,,,,High,High,High,,,,,
18,9/23/25,02:23.3,3,2,"Preisel, Connor",1000213694,Left,MIA_RED,"Harrison, Tommy",811731,Left,MIA_RED,Undefined,1,Top,1,0,0,Cutter,Slider,StrikeCalled,Undefined,Undefined,Undefined,0,0,,82.35846,1.954935,2.250303,2641.326018,172.45275,11:45,4.23195,-3.21778,5.30916,-37.5316,5.73866,-0.53583,2.94141,-1.14913,73.36345,-4.993897,2.15533,0.473441,,,,,,,,,,,,1.05996,2.70177,3.01398,50,4.38299,-4.65352,-119.02188,2.75111,1.48164,28.28096,-28.39742,MIA_RED,MIA_RED,McKieFieldStad,TeamExclusive,Team,20250923-McKieFieldStad-Private-2,d6e620b0-98af-11f0-b0f2-f5a226a5d545,79.61374,,,8.99501,,,,,,,14081ae7-7498-4b72-b6d1-2ebe0d22cb14,9/23/25,02:23.3,2025-09-23T15:02:23.2750000-04:00,2025-09-23T19:02:23.2750000Z,,v3,471355,471355,,"Buffington, Matthew",825106,Right,MIA_RED,8b60d6e8-3263-4054-a75d-a630d36e405b,55.18228,-120.24695,14.14048,4.23718,3.98122,-14.19871,3.21695,-4.7177,0.74082,,,,,,,,,,,,,,,,,,,,,,,,,,,,,,,,,,,,,,,,,,,,,,,,,,,High,High,High,,,,,
19,9/23/25,08:48.0,3,3,"Preisel, Connor",1000213694,Left,MIA_RED,"Phillips, Drew",1000194003,Right,MIA_RED,Undefined,1,Top,0,0,0,Undefined,Sinker,Undefined,Undefined,Undefined,Undefined,0,0,,86.65199,-1.131901,-2.526028,2090.171464,225.038423,1:30,5.94949,1.86406,5.59543,-22.19092,15.81481,14.50788,3.04229,0.71312,78.48555,-5.306321,0.061496,0.443707,,,,,,,,,,,,-8.17327,8.74859,-1.65734,50,5.83832,4.93024,-125.60857,-3.19124,-12.92679,27.82731,-18.3373,MIA_RED,MIA_RED,McKieFieldStad,TeamExclusive,Team,20250923-McKieFieldStad-Private-2,bc291380-98b0-11f0-a6ec-b3747e1f84bf,84.949,,,8.16644,,,,,,,14081ae7-7498-4b72-b6d1-2ebe0d22cb14,9/23/25,08:48.0,2025-09-23T15:08:48.0300000-04:00,2025-09-23T19:08:48.0300000Z,,v3,471355,471355,,"Buffington, Matthew",825106,Right,MIA_RED,f5ceab1a-1d4a-41cf-b6cc-0b480167bb3a,54.90216,-126.68994,13.91366,5.94849,-2.47865,-9.16865,-1.85869,5.43258,-6.4634,,,,,,,,,,,,,,,,,,,,,,,,,,,,,,,,,,,,,,,,,,,,,,,,,,,High,High,High,,,,,
20,9/23/25,02:48.8,3,4,"Preisel, Connor",1000213694,Left,MIA_RED,"Harrison, Tommy",811731,Left,MIA_RED,Undefined,1,Top,1,0,1,Cutter,Slider,StrikeCalled,Undefined,Undefined,Undefined,0,0,,83.1259,1.087017,4.436508,2514.223829,133.688109,10:30,4.17176,-3.28617,5.54085,-37.46274,3.89217,-2.66071,2.06896,0.64674,75.72647,-5.794715,3.964536,0.462844,,,,,,,,,,,,2.63335,2.05925,2.90277,50,4.2415,-9.22268,-120.28733,0.99574,3.84135,24.28491,-29.17011,MIA_RED,MIA_RED,McKieFieldStad,TeamExclusive,Team,20250923-McKieFieldStad-Private-2,e61993a0-98af-11f0-b0f2-f5a226a5d545,81.43656,,,7.39944,,,,,,,14081ae7-7498-4b72-b6d1-2ebe0d22cb14,9/23/25,02:48.8,2025-09-23T15:02:48.7670000-04:00,2025-09-23T19:02:48.7670000Z,,v3,471355,471355,,"Buffington, Matthew",825106,Right,MIA_RED,3e4ac751-e593-4853-af22-041ec69c414b,54.95599,-121.28377,12.14245,4.17609,2.19263,-14.58506,3.28442,-9.3803,1.92068,,,,,,,,,,,,,,,,,,,,,,,,,,,,,,,,,,,,,,,,,,,,,,,,,,,High,High,High,,,,,
21,9/23/25,03:26.4,3,5,"Preisel, Connor",1000213694,Left,MIA_RED,"Harrison, Tommy",811731,Left,MIA_RED,Undefined,1,Top,1,0,2,Curveball,Curveball,InPlay,Undefined,GroundBall,Out,1,1,,77.6851,2.606013,1.779141,2651.252701,306.452317,4:15,4.72078,-2.95985,4.97673,-55.65755,-7.0115,11.78461,2.54676,-0.29698,70.3822,-7.472652,3.856558,0.50199,90.17216,-6.301103,29.514938,,,,,26.45457,22.33396,27.711399,0.183828,-5.29197,-3.88929,2.77781,50,4.92667,-3.97368,-112.45787,3.1239,-6.67679,23.20716,-37.08113,MIA_RED,MIA_RED,McKieFieldStad,TeamExclusive,Team,20250923-McKieFieldStad-Private-2,fc9e31d0-98af-11f0-b0f2-f5a226a5d545,75.086,2.67307,,7.3029,,,,2.35374,2.67307,0.37574,14081ae7-7498-4b72-b6d1-2ebe0d22cb14,9/23/25,03:26.4,2025-09-23T15:03:26.4030000-04:00,2025-09-23T19:03:26.4030000Z,GroundBall,v3,471355,471355,,"Buffington, Matthew",825106,Right,MIA_RED,3dbb47d0-d1ae-4508-bf18-ff1581b00624,55.5226,-113.59182,11.60358,4.72976,4.93575,-18.54056,2.964,-3.64744,-3.3384,180,2.34767,114.59925,,,,,,,,2.67384,-14.54115,,,,,,,,0.37231,64.87658,,,,,,,,,,,,,,,,,,,,,,,,,,,,,,High,High,High,High,Low,,,
22,9/23/25,04:01.7,4,1,"Preisel, Connor",1000213694,Left,MIA_RED,"Krupinski, Dom",702597,Left,MIA_RED,Undefined,1,Top,2,0,0,Fastball,Changeup,StrikeCalled,Undefined,Undefined,Undefined,0,0,,88.42734,0.450387,4.007621,2371.977104,113.029765,9:45,4.39871,-3.05962,5.838,-26.71151,9.34312,-19.16225,2.59238,-0.92568,80.31616,-4.536555,0.581727,0.432167,,,,,,,,,,,,10.89449,4.99969,2.74374,50,4.4199,-8.15346,-128.1372,0.11358,18.0386,27.49673,-23.89581,MIA_RED,MIA_RED,McKieFieldStad,TeamExclusive,Team,20250923-McKieFieldStad-Private-2,11acaac0-98b0-11f0-b0f2-f5a226a5d545,87.21727,,,8.11118,,,,,,,14081ae7-7498-4b72-b6d1-2ebe0d22cb14,9/23/25,04:01.7,2025-09-23T15:04:01.6640000-04:00,2025-09-23T19:04:01.6640000Z,,v3,471355,471355,,"Buffington, Matthew",825106,Right,MIA_RED,3fdf4ab8-457e-4e4e-b090-f95440fefcbc,54.65953,-129.13321,13.74837,4.40011,0.97915,-11.94791,3.05092,-8.80687,9.0193,,,,,,,,,,,,,,,,,,,,,,,,,,,,,,,,,,,,,,,,,,,,,,,,,,,High,High,High,,,,,
23,9/23/25,04:22.3,4,2,"Preisel, Connor",1000213694,Left,MIA_RED,"Krupinski, Dom",702597,Left,MIA_RED,Undefined,1,Top,2,0,1,Cutter,Slider,BallCalled,Undefined,Undefined,Undefined,0,0,,84.32449,0.111116,4.449478,2634.635469,113.821615,9:45,4.2064,-3.24964,5.45762,-37.03848,3.15591,-4.23618,1.22418,0.57065,77.12611,-6.664023,3.698633,0.456304,,,,,,,,,,,,3.40933,1.91764,2.85987,50,4.19073,-9.3237,-122.08059,-1.07502,5.13498,24.48009,-29.2858,MIA_RED,MIA_RED,McKieFieldStad,TeamExclusive,Team,20250923-McKieFieldStad-Private-2,1df18940-98b0-11f0-b0f2-f5a226a5d545,82.6038,,,7.19838,,,,,,,14081ae7-7498-4b72-b6d1-2ebe0d22cb14,9/23/25,04:22.3,2025-09-23T15:04:22.2700000-04:00,2025-09-23T19:04:22.2700000Z,,v3,471355,471355,,"Buffington, Matthew",825106,Right,MIA_RED,b37ad270-2874-4d4a-aa2e-eaafd4f7dd0b,55.04072,-123.08723,12.24005,4.21018,0.12924,-14.6429,3.24761,-9.53486,2.56749,,,,,,,,,,,,,,,,,,,,,,,,,,,,,,,,,,,,,,,,,,,,,,,,,,,High,High,High,,,,,
24,9/23/25,04:51.0,4,3,"Preisel, Connor",1000213694,Left,MIA_RED,"Krupinski, Dom",702597,Left,MIA_RED,Undefined,1,Top,2,1,1,Fastball,Changeup,BallCalled,Undefined,Undefined,Undefined,0,0,,88.31948,-1.1726,4.759646,2386.848789,107.403858,9:30,4.42846,-3.09473,5.88809,-29.43439,6.75181,-17.64229,0.88289,-0.13524,80.37799,-6.635692,1.604796,0.432955,,,,,,,,,,,,10.45965,4.15173,2.72062,50,4.31667,-9.91168,-127.85064,-3.62361,17.21699,27.71824,-25.34014,MIA_RED,MIA_RED,McKieFieldStad,TeamExclusive,Team,20250923-McKieFieldStad-Private-2,2ef91ff0-98b0-11f0-b0f2-f5a226a5d545,87.05857,,,7.9415,,,,,,,14081ae7-7498-4b72-b6d1-2ebe0d22cb14,9/23/25,04:51.0,2025-09-23T15:04:51.0330000-04:00,2025-09-23T19:04:51.0330000Z,,v3,471355,471355,,"Buffington, Matthew",825106,Right,MIA_RED,aaa51392-5e4e-42c7-bcc8-a111ddbfae38,54.61064,-128.84636,13.85912,4.4305,-2.71332,-12.67007,3.08779,-10.53016,8.6085,,,,,,,,,,,,,,,,,,,,,,,,,,,,,,,,,,,,,,,,,,,,,,,,,,,High,High,High,,,,,
25,9/23/25,05:14.5,4,4,"Preisel, Connor",1000213694,Left,MIA_RED,"Krupinski, Dom",702597,Left,MIA_RED,Undefined,1,Top,2,2,1,Cutter,Slider,StrikeCalled,Undefined,Undefined,Undefined,0,0,,83.24136,1.247958,3.443041,2679.641253,124.457088,10:15,4.20939,-3.26943,5.23893,-38.56998,3.5637,-2.95323,2.17044,-0.27565,74.91356,-5.833611,2.920942,0.467182,,,,,,,,,,,,2.58417,1.85469,2.9548,50,4.29612,-7.11081,-120.34822,1.22811,3.72815,26.91294,-29.49832,MIA_RED,MIA_RED,McKieFieldStad,TeamExclusive,Team,20250923-McKieFieldStad-Private-2,3ce322f0-98b0-11f0-b0f2-f5a226a5d545,80.68042,,,8.3278,,,,,,,14081ae7-7498-4b72-b6d1-2ebe0d22cb14,9/23/25,05:14.5,2025-09-23T15:05:14.4980000-04:00,2025-09-23T19:05:14.4980000Z,,v3,471355,471355,,"Buffington, Matthew",825106,Right,MIA_RED,92ca829e-5356-49ef-a012-ec2c16e32374,55.25496,-121.51768,13.45647,4.21491,2.50992,-14.74916,3.26731,-7.27281,1.86407,,,,,,,,,,,,,,,,,,,,,,,,,,,,,,,,,,,,,,,,,,,,,,,,,,,High,High,High,,,,,
26,9/23/25,05:42.6,4,5,"Preisel, Connor",1000213694,Left,MIA_RED,"Krupinski, Dom",702597,Left,MIA_RED,Undefined,1,Top,2,2,2,Cutter,Slider,InPlay,Undefined,GroundBall,Out,1,0,,83.57867,1.509985,2.987765,2585.808088,84.26878,8:45,4.22758,-3.18789,5.34113,-40.37884,0.76598,-5.9302,2.28142,-0.87677,76.00996,-5.878362,1.936189,0.461667,55.94292,-64.960056,-46.918395,,,,,1.33745,1.07228,4.966901,0.029743,3.86138,0.32327,2.92278,50,4.33491,-6.0693,-121.08943,1.73585,5.69947,24.94383,-31.69688,MIA_RED,MIA_RED,McKieFieldStad,TeamExclusive,Team,20250923-McKieFieldStad-Private-2,4dd2ebe0-98b0-11f0-b0f2-f5a226a5d545,81.64416,2.22245,,7.56871,,,,0.62327,2.22245,0.8741,14081ae7-7498-4b72-b6d1-2ebe0d22cb14,9/23/25,05:42.6,2025-09-23T15:05:42.5620000-04:00,2025-09-23T19:05:42.5620000Z,GroundBall,v3,471355,471355,,"Buffington, Matthew",825106,Right,MIA_RED,3c40671d-8147-4f40-9a4d-b6488419a777,55.1567,-122.14707,12.47191,4.23282,3.07982,-15.84844,3.18525,-6.31096,2.84973,,0.62269,23.84298,,,,,,,,2.22429,-74.72265,,,,,,,,0.87473,-25.49557,,,,,,,,,,,,,,,,,,,,,,,,,,,,,,High,High,High,Low,Low,,,
27,9/23/25,08:48.0,1,1,"Benko, Troy",10267339,Right,MIA_RED,"Dierks, Marcus",10322729,Left,MIA_RED,Undefined,1,Bottom,0,0,0,Fastball,Sinker,InPlay,Undefined,Bunt,Undefined,0,0,,86.65199,-1.131901,-2.526028,2090.171464,225.038423,1:30,5.94949,1.86406,5.59543,-22.19092,15.81481,14.50788,3.04229,0.71312,78.48555,-5.306321,0.061496,0.443707,,,,,,,,,,,,-8.17327,8.74859,-1.65734,50,5.83832,4.93024,-125.60857,-3.19124,-12.92679,27.82731,-18.3373,MIA_RED,MIA_RED,McKieFieldStad,TeamExclusive,Team,20250923-McKieFieldStad-Private-2,bc594b40-98b0-11f0-b0f2-f5a226a5d545,84.949,,,8.16644,,,,,,,14081ae7-7498-4b72-b6d1-2ebe0d22cb14,9/23/25,08:48.0,2025-09-23T15:08:48.0300000-04:00,2025-09-23T19:08:48.0300000Z,,v3,471355,471355,,"Raether, Carson",1000338521,Right,MIA_RED,f5ceab1a-1d4a-41cf-b6cc-0b480167bb3a,54.90216,-126.68994,13.91366,5.94849,-2.47865,-9.16865,-1.85869,5.43258,-6.4634,,,,,,,,,,,,,,,,,,,,,,,,,,,,,,,,,,,,,,,,,,,,,,,,,,,High,High,High,,,,,
28,9/23/25,09:34.5,2,1,"Benko, Troy",10267339,Right,MIA_RED,"Dierks, Marcus",10322729,Left,MIA_RED,Undefined,1,Bottom,0,0,0,TwoSeamFastBall,Changeup,StrikeCalled,Undefined,Undefined,Undefined,0,0,,86.4492,0.357506,-3.27066,1908.665356,262.7172,2:45,5.72247,1.74903,5.76176,-33.88309,3.95504,21.02706,3.23218,0.45385,78.58425,-5.911579,0.490451,0.442727,,,,,,,,,,,,-11.64237,2.29591,-1.49073,50,5.73169,6.27595,-125.36294,-0.3939,-18.40823,26.86795,-28.54392,MIA_RED,MIA_RED,McKieFieldStad,TeamExclusive,Team,20250923-McKieFieldStad-Private-2,d7faa880-98b0-11f0-b0f2-f5a226a5d545,85.1369,,,7.86495,,,,,,,14081ae7-7498-4b72-b6d1-2ebe0d22cb14,9/23/25,09:34.5,2025-09-23T15:09:34.5070000-04:00,2025-09-23T19:09:34.5070000Z,,v3,471355,471355,,"Raether, Carson",1000338521,Right,MIA_RED,33924a72-c0ec-402a-911a-bf4307727e5c,54.73671,-126.37404,13.43397,5.7263,0.68027,-14.27196,-1.73994,6.96869,-9.20411,,,,,,,,,,,,,,,,,,,,,,,,,,,,,,,,,,,,,,,,,,,,,,,,,,,High,High,High,,,,,
29,9/23/25,09:52.7,2,2,"Benko, Troy",10267339,Right,MIA_RED,"Dierks, Marcus",10322729,Left,MIA_RED,Undefined,1,Bottom,0,0,1,TwoSeamFastBall,Changeup,InPlay,Undefined,Bunt,Single,0,0,,85.28606,-0.225596,-3.220586,2015.356121,249.597668,2:15,5.78641,1.71219,5.3656,-31.0862,8.5067,19.1732,2.98403,0.28698,77.29219,-5.967454,0.183425,0.452877,,,,,,,,,,,,-10.68847,4.71429,-1.43744,50,5.74424,6.13708,-123.56052,-1.57893,-16.36239,26.8677,-24.95721,MIA_RED,MIA_RED,McKieFieldStad,TeamExclusive,Team,20250923-McKieFieldStad-Private-2,e2c7db20-98b0-11f0-b0f2-f5a226a5d545,83.2289,,,7.99387,,,,,,,14081ae7-7498-4b72-b6d1-2ebe0d22cb14,9/23/25,09:52.7,2025-09-23T15:09:52.6790000-04:00,2025-09-23T19:09:52.6790000Z,,v3,471355,471355,,"Raether, Carson",1000338521,Right,MIA_RED,698da6e2-e2e3-4bc9-ba0d-9bd4ffb8560c,55.13303,-124.67167,13.43385,5.7882,-0.54678,-12.47861,-1.70525,6.81378,-8.18119,,,,,,,,,,,,,,,,,,,,,,,,,,,,,,,,,,,,,,,,,,,,,,,,,,,High,High,High,,,,,
30,9/23/25,10:57.9,3,1,"Benko, Troy",10267339,Right,MIA_RED,"Appelwick, Evan",695485,Right,MIA_RED,Undefined,1,Bottom,0,0,0,ChangeUp,Slider,BallCalled,Undefined,Undefined,Undefined,0,0,,80.94011,-1.151704,-3.440927,1859.154698,250.916038,2:15,5.8771,1.66221,5.0564,-42.16939,3.5513,4.6487,1.27476,-1.19927,71.96325,-8.869717,-2.620118,0.486662,,,,,,,,,,,,-3.62047,2.75862,-1.33843,50,5.73459,6.81769,-116.7441,-3.86296,-4.81824,29.28204,-28.50282,MIA_RED,MIA_RED,McKieFieldStad,TeamExclusive,Team,20250923-McKieFieldStad-Private-2,09c84ac0-98b1-11f0-b0f2-f5a226a5d545,77.45088,,,8.97686,,,,,,,14081ae7-7498-4b72-b6d1-2ebe0d22cb14,9/23/25,10:57.9,2025-09-23T15:10:57.9410000-04:00,2025-09-23T19:10:57.9410000Z,,v3,471355,471355,,"Raether, Carson",1000338521,Right,MIA_RED,53bea554-2198-4e71-b87c-a452bb12fef1,55.43562,-118.09961,14.64102,5.88287,-2.54352,-14.25141,-1.65919,7.04073,-2.40912,,,,,,,,,,,,,,,,,,,,,,,,,,,,,,,,,,,,,,,,,,,,,,,,,,,High,High,High,,,,,
31,9/23/25,11:21.8,3,2,"Benko, Troy",10267339,Right,MIA_RED,"Appelwick, Evan",695485,Right,MIA_RED,Undefined,1,Bottom,0,1,0,ChangeUp,Slider,BallCalled,Undefined,Undefined,Undefined,0,0,,79.75585,-0.545373,-3.724396,2109.008772,225.071902,1:30,5.97035,1.62517,5.28812,-42.04703,4.65591,2.67969,1.95323,-1.65368,70.83551,-8.290046,-3.249831,0.491862,,,,,,,,,,,,-2.7624,3.12977,-1.28754,50,5.89073,7.37601,-115.05117,-2.53397,-3.57012,28.45349,-28.12914,MIA_RED,MIA_RED,McKieFieldStad,TeamExclusive,Team,20250923-McKieFieldStad-Private-2,1810e880-98b1-11f0-b0f2-f5a226a5d545,76.63209,,,8.92034,,,,,,,14081ae7-7498-4b72-b6d1-2ebe0d22cb14,9/23/25,11:21.8,2025-09-23T15:11:21.8160000-04:00,2025-09-23T19:11:21.8160000Z,,v3,471355,471355,,"Raether, Carson",1000338521,Right,MIA_RED,36963e69-6d80-4b30-b243-17a47af6be4d,55.2028,-116.33077,14.22675,5.97624,-1.26896,-14.06457,-1.62286,7.53656,-1.78506,,,,,,,,,,,,,,,,,,,,,,,,,,,,,,,,,,,,,,,,,,,,,,,,,,,High,High,High,,,,,
32,9/23/25,11:40.8,3,3,"Benko, Troy",10267339,Right,MIA_RED,"Appelwick, Evan",695485,Right,MIA_RED,Undefined,1,Bottom,0,2,0,Fastball,Sinker,FoulBallNotFieldable,Undefined,Undefined,Undefined,0,0,,86.92736,-1.458075,-3.210567,2018.362361,227.244205,1:30,5.95753,1.40621,5.54372,-27.85025,9.88048,9.32205,2.2716,-0.82051,79.23018,-6.610282,-1.550526,0.442099,,,,,,,,,,,,-5.67429,5.78784,-1.13432,50,5.81271,6.66874,-125.95522,-4.17284,-9.06861,26.81329,-22.92397,MIA_RED,MIA_RED,McKieFieldStad,TeamExclusive,Team,20250923-McKieFieldStad-Private-2,236aa3b0-98b1-11f0-b0f2-f5a226a5d545,85.258,,,7.69718,,,,,,,14081ae7-7498-4b72-b6d1-2ebe0d22cb14,9/23/25,11:40.9,2025-09-23T15:11:40.8580000-04:00,2025-09-23T19:11:40.8580000Z,,v3,471355,471355,,"Raether, Carson",1000338521,Right,MIA_RED,e01af1b4-2f5f-486e-a748-23245f82da73,54.95386,-127.00542,13.40664,5.95856,-3.27497,-11.46199,-1.40248,7.02393,-4.5343,,,,,,,,,,,,,,,,,,,,,,,,,,,,,,,,,,,,,,,,,,,,,,,,,,,High,High,High,,,,,
33,9/23/25,12:10.4,3,4,"Benko, Troy",10267339,Right,MIA_RED,"Appelwick, Evan",695485,Right,MIA_RED,Undefined,1,Bottom,0,2,1,TwoSeamFastBall,Sinker,FoulBallNotFieldable,Undefined,Undefined,Undefined,0,0,,85.74241,-1.146802,-2.114702,2096.220862,246.397209,2:15,5.75228,1.55304,5.76795,-30.24872,7.66319,14.98871,2.16344,0.83321,79.14847,-6.725356,0.570695,0.443159,,,,,,,,,,,,-8.25886,4.52717,-1.38759,50,5.63887,4.00244,-124.59358,-3.51182,-13.07226,23.40804,-25.00836,MIA_RED,MIA_RED,McKieFieldStad,TeamExclusive,Team,20250923-McKieFieldStad-Private-2,34fec2f0-98b1-11f0-b0f2-f5a226a5d545,85.05405,,,6.59394,,,,,,,14081ae7-7498-4b72-b6d1-2ebe0d22cb14,9/23/25,12:10.4,2025-09-23T15:12:10.4210000-04:00,2025-09-23T19:12:10.4210000Z,,v3,471355,471355,,"Raether, Carson",1000338521,Right,MIA_RED,5618f288-5608-4fe7-8902-f516be9fdb06,54.73236,-125.47952,11.70402,5.75387,-2.56531,-12.50418,-1.54844,4.4972,-6.53613,,,,,,,,,,,,,,,,,,,,,,,,,,,,,,,,,,,,,,,,,,,,,,,,,,,High,High,High,,,,,
34,9/23/25,12:39.2,3,5,"Benko, Troy",10267339,Right,MIA_RED,"Appelwick, Evan",695485,Right,MIA_RED,Undefined,1,Bottom,0,2,2,Fastball,Sinker,InPlay,Undefined,LineDrive,Triple,0,2,,89.14717,-1.165848,-2.601282,1834.803041,234.36405,1:45,6.03601,1.2215,5.51429,-26.83529,8.69304,10.62453,2.70833,-0.32714,81.96028,-6.110162,-0.70868,0.429001,100.52224,8.657821,-9.763031,1630.742776,,,,133.94474,131.55577,-11.404583,1.015078,-6.08492,5.01847,-1.00219,50,5.91632,5.41813,-129.39223,-3.60118,-10.3657,25.78116,-23.62511,MIA_RED,MIA_RED,McKieFieldStad,TeamExclusive,Team,20250923-McKieFieldStad-Private-2,45f84fe0-98b1-11f0-b0f2-f5a226a5d545,87.86086,7.42194,,7.18689,,,,1.2813,2.7458,0.31769,14081ae7-7498-4b72-b6d1-2ebe0d22cb14,9/23/25,12:39.2,2025-09-23T15:12:39.1640000-04:00,2025-09-23T19:12:39.1640000Z,LineDrive,v3,471355,471355,,"Raether, Carson",1000338521,Right,MIA_RED,dfc9a303-8f81-4e74-bdc4-63e417fca940,54.98478,-130.38165,12.89058,6.03712,-2.6945,-11.81256,-1.21776,5.81594,-5.18285,32.566656,1.2813,143.64152,-16.88804,1.84347,-0.33046,0.03546,-0.00307,0.00031,5.00E-05,2.7458,22.19345,-27.88467,4.03689,-0.89659,0.2105,-0.04324,0.00831,-0.001,0.31769,-24.71576,-2.96161,1.61073,-0.42063,0.11288,-0.02567,0.00513,-0.00064,,,,,,,,,,,,,,,,,,,,,,,High,High,High,High,High,,,
35,9/23/25,13:37.9,4,1,"Benko, Troy",10267339,Right,MIA_RED,"Kirtley, Ryder",827333,Right,MIA_RED,Undefined,1,Bottom,0,0,0,Fastball,Sinker,InPlay,Undefined,LineDrive,Single,0,1,,87.75652,-1.184316,-2.661635,2073.243749,235.243103,1:45,5.94821,1.37424,5.73322,-27.12942,8.95056,11.45016,2.5832,-0.15197,81.32186,-6.186889,-0.613687,0.432319,97.54731,8.697092,21.472757,2656.338638,99.89852,10.84838,46.04597,195.39024,192.57196,27.34727,1.690789,-6.50603,5.1552,-1.15966,50,5.8326,5.45558,-127.51152,-3.57041,-10.85117,23.02193,-23.57587,MIA_RED,MIA_RED,McKieFieldStad,TeamExclusive,Team,20250923-McKieFieldStad-Private-2,68fdc420-98b1-11f0-b0f2-f5a226a5d545,87.1866,10.9516,,6.43465,,,,0.54823,2.53232,0.20843,14081ae7-7498-4b72-b6d1-2ebe0d22cb14,9/23/25,13:37.9,2025-09-23T15:13:37.9270000-04:00,2025-09-23T19:13:37.9270000Z,LineDrive,v3,471355,471355,,"Raether, Carson",1000338521,Right,MIA_RED,06b5fdd0-bc6a-4edb-b95b-32b975aa194b,54.76675,-128.36926,11.51096,5.94927,-2.69203,-11.78793,-1.37045,5.85987,-5.42558,,0.54823,131.60807,-24.40075,5.7579,-1.27363,0.27883,-0.05775,0.00926,-0.00078,2.53232,21.63359,-13.98587,0.0174,0.17789,-0.07399,0.02049,-0.00365,0.00033,0.20843,51.76953,1.37625,-0.62454,0.20063,-0.05517,0.01288,-0.00223,0.0002,,,,,,,,,,,,,,,,,,,,,,,High,High,High,Medium,High,,,
36,9/23/25,14:20.0,5,1,"Benko, Troy",10267339,Right,MIA_RED,"Novak, Ryan",10035937,Left,MIA_RED,Undefined,1,Bottom,0,0,0,ChangeUp,Changeup,BallCalled,Undefined,Undefined,Undefined,0,0,,80.1352,3.7145,-2.481942,1828.597866,267.969246,3:00,5.85661,1.70257,5.95486,-41.39616,1.8739,17.43182,5.85971,0.85211,73.48217,-3.933835,0.643706,0.47344,,,,,,,,,,,,-9.55654,0.3998,-1.51499,50,6.12911,4.37891,-116.23053,6.2442,-13.16717,20.31854,-31.62321,MIA_RED,MIA_RED,McKieFieldStad,TeamExclusive,Team,20250923-McKieFieldStad-Private-2,82159050-98b1-11f0-b0f2-f5a226a5d545,79.61396,,,6.65303,,,,,,,14081ae7-7498-4b72-b6d1-2ebe0d22cb14,9/23/25,14:20.0,2025-09-23T15:14:20.0140000-04:00,2025-09-23T19:14:20.0140000Z,,v3,471355,471355,,"Raether, Carson",1000338521,Right,MIA_RED,6a080227-df0e-4048-8179-4b27604d095f,54.54516,-117.02238,10.15927,5.86175,7.47661,-15.8116,-1.69565,4.89206,-6.58358,,,,,,,,,,,,,,,,,,,,,,,,,,,,,,,,,,,,,,,,,,,,,,,,,,,High,High,High,,,,,
37,9/23/25,14:54.3,5,2,"Benko, Troy",10267339,Right,MIA_RED,"Novak, Ryan",10035937,Left,MIA_RED,Undefined,1,Bottom,0,1,0,ChangeUp,Changeup,StrikeCalled,Undefined,Undefined,Undefined,0,0,,81.17951,0.239119,-3.308211,1640.310404,274.992945,3:15,5.8931,1.65981,5.94661,-42.64439,-0.33181,18.8895,2.56156,0.16213,74.55755,-7.613074,0.084815,0.468173,,,,,,,,,,,,-10.60989,0.16394,-1.40689,50,5.8882,6.09349,-117.85607,-0.88796,-14.92881,22.31538,-31.94339,MIA_RED,MIA_RED,McKieFieldStad,TeamExclusive,Team,20250923-McKieFieldStad-Private-2,969759a0-98b1-11f0-b0f2-f5a226a5d545,80.50965,,,6.62196,,,,,,,14081ae7-7498-4b72-b6d1-2ebe0d22cb14,9/23/25,14:54.3,2025-09-23T15:14:54.3200000-04:00,2025-09-23T19:14:54.3200000Z,,v3,471355,471355,,"Raether, Carson",1000338521,Right,MIA_RED,bda40c9b-5fcb-4687-9e7c-c31b4f3f8ebb,54.5537,-118.71515,11.15769,5.89871,0.34178,-15.97169,-1.65253,6.66822,-7.46441,,,,,,,,,,,,,,,,,,,,,,,,,,,,,,,,,,,,,,,,,,,,,,,,,,,High,High,High,,,,,
38,9/23/25,15:17.2,5,3,"Benko, Troy",10267339,Right,MIA_RED,"Novak, Ryan",10035937,Left,MIA_RED,Undefined,1,Bottom,0,1,1,Fastball,Changeup,BallCalled,Undefined,Undefined,Undefined,0,0,,86.4601,-0.408982,-1.362625,2026.487947,245.742,2:15,5.83254,1.77952,5.53008,-29.58805,8.52685,16.08324,2.98445,1.84579,78.63753,-5.886627,1.506129,0.444343,,,,,,,,,,,,-8.49119,4.81705,-1.67201,50,5.77755,2.28384,-125.44408,-1.92933,-13.43635,27.02192,-24.55158,MIA_RED,MIA_RED,McKieFieldStad,TeamExclusive,Team,20250923-McKieFieldStad-Private-2,a42ad830-98b1-11f0-b0f2-f5a226a5d545,84.82726,,,7.82257,,,,,,,14081ae7-7498-4b72-b6d1-2ebe0d22cb14,9/23/25,15:17.2,2025-09-23T15:15:17.1870000-04:00,2025-09-23T19:15:17.1870000Z,,v3,471355,471355,,"Raether, Carson",1000338521,Right,MIA_RED,52f7d057-dd01-458b-8ce6-87983d8f3684,54.96651,-126.50939,13.51096,5.83453,-0.9614,-12.27579,-1.77249,2.81355,-6.71818,,,,,,,,,,,,,,,,,,,,,,,,,,,,,,,,,,,,,,,,,,,,,,,,,,,High,High,High,,,,,
39,9/23/25,15:42.1,5,4,"Benko, Troy",10267339,Right,MIA_RED,"Novak, Ryan",10035937,Left,MIA_RED,Undefined,1,Bottom,0,2,1,ChangeUp,Changeup,StrikeCalled,Undefined,Undefined,Undefined,0,0,,86.54423,0.172348,-1.655931,1639.047372,244.063868,2:15,5.91978,1.38549,5.57741,-32.06451,5.703,9.26335,3.40877,0.61045,79.11138,-5.74051,-0.002674,0.442314,,,,,,,,,,,,-5.13733,3.21012,-1.24915,50,5.91376,3.23371,-125.63107,-0.75978,-8.20269,25.67823,-27.04852,MIA_RED,MIA_RED,McKieFieldStad,TeamExclusive,Team,20250923-McKieFieldStad-Private-2,b327aac0-98b1-11f0-b0f2-f5a226a5d545,85.21649,,,7.43285,,,,,,,14081ae7-7498-4b72-b6d1-2ebe0d22cb14,9/23/25,15:42.1,2025-09-23T15:15:42.0640000-04:00,2025-09-23T19:15:42.0640000Z,,v3,471355,471355,,"Raether, Carson",1000338521,Right,MIA_RED,794bf07f-7235-4ff7-9e8c-fbf228c2f2bb,54.91972,-126.63264,12.83911,5.92282,0.29524,-13.52426,-1.38152,3.55365,-4.10135,,,,,,,,,,,,,,,,,,,,,,,,,,,,,78.91727,1.968583,0.721562,1.247021,-0.93135,3.1668,-0.61183,-0.88687,5.9594,0.27352,127.27732,2.21983,-0.39211,-0.76982,113.9069,-9.09761,5.96025,10.37986,-10.73307,0.24251,-2.93402,1.96975,High,High,High,,,High,High,High
40,9/23/25,16:17.1,5,5,"Benko, Troy",10267339,Right,MIA_RED,"Novak, Ryan",10035937,Left,MIA_RED,Undefined,1,Bottom,0,2,2,ChangeUp,Changeup,BallCalled,Undefined,Undefined,Undefined,0,0,,81.01188,2.790492,-1.386723,1598.607724,280.504084,3:15,5.82537,1.59327,5.95647,-44.01345,-1.46024,15.06198,4.74812,1.56222,73.94939,-5.3425,1.318387,0.469502,,,,,,,,,,,,-8.08343,-1.10524,-1.49139,50,6.02275,2.2646,-117.59154,4.30264,-11.29975,22.64183,-33.71903,MIA_RED,MIA_RED,McKieFieldStad,TeamExclusive,Team,20250923-McKieFieldStad-Private-2,c7d84c40-98b1-11f0-b0f2-f5a226a5d545,80.2817,,,7.06249,,,,,,,14081ae7-7498-4b72-b6d1-2ebe0d22cb14,9/23/25,16:17.1,2025-09-23T15:16:17.0790000-04:00,2025-09-23T19:16:17.0790000Z,,v3,471355,471355,,"Raether, Carson",1000338521,Right,MIA_RED,45d0145b-e27c-4ffe-bc09-44d4e0877ca5,54.54261,-118.46298,11.32092,5.83218,5.60041,-16.85951,-1.58692,2.6995,-5.64988,,,,,,,,,,,,,,,,,,,,,,,,,,,,,,,,,,,,,,,,,,,,,,,,,,,High,High,High,,,,,
41,9/23/25,16:41.0,5,6,"Benko, Troy",10267339,Right,MIA_RED,"Novak, Ryan",10035937,Left,MIA_RED,Undefined,1,Bottom,0,3,2,Fastball,Changeup,StrikeCalled,Strikeout,Undefined,Undefined,0,0,,86.67228,-0.82308,-1.202546,1878.070543,224.134631,1:30,5.87996,1.4977,5.53636,-27.29041,10.4469,8.95874,2.83623,1.12011,79.20786,-5.878098,0.395533,0.442137,,,,,,,,,,,,-4.86158,5.87839,-1.39947,50,5.79058,2.2553,-125.80336,-2.7483,-7.77812,25.91867,-22.76909,MIA_RED,MIA_RED,McKieFieldStad,TeamExclusive,Team,20250923-McKieFieldStad-Private-2,d6501050-98b1-11f0-b0f2-f5a226a5d545,85.25057,,,7.46442,,,,,,,14081ae7-7498-4b72-b6d1-2ebe0d22cb14,9/23/25,16:41.0,2025-09-23T15:16:41.0340000-04:00,2025-09-23T19:16:41.0340000Z,,v3,471355,471355,,"Raether, Carson",1000338521,Right,MIA_RED,23d718a8-45ce-4c8d-babb-139875eaea62,54.96048,-126.82122,12.95933,5.88095,-1.85412,-11.38455,-1.49404,2.56075,-3.88906,,,,,,,,,,,,,,,,,,,,,,,,,,,,,75.14493,2.0537,0.734413,1.319287,-1.0423,2.57741,-1.13866,-1.24259,5.8517,-0.14477,127.27788,-1.14294,4.27676,-1.13013,108.37762,-8.46407,5.88511,11.24639,-12.59365,-0.1882,0.27725,2.38977,High,High,High,,,High,High,High
42,9/23/25,17:37.3,6,1,"Benko, Troy",10267339,Right,MIA_RED,"Rasmussen, Jamie",10272616,Right,MIA_RED,Undefined,1,Bottom,1,0,0,Fastball,Sinker,StrikeCalled,Undefined,Undefined,Undefined,0,0,,87.23124,-1.176455,-3.626271,1994.462512,231.509542,1:45,5.98745,1.29479,5.65162,-27.3999,9.68812,10.71993,2.60454,-1.19848,79.96252,-6.244892,-1.714964,0.438317,,,,,,,,,,,,-6.42331,5.5913,-0.99409,50,5.87022,7.55887,-126.45859,-3.54133,-10.42422,25.26042,-23.10011,MIA_RED,MIA_RED,McKieFieldStad,TeamExclusive,Team,20250923-McKieFieldStad-Private-2,f7ac1a50-98b1-11f0-b0f2-f5a226a5d545,85.99362,,,7.26872,,,,,,,14081ae7-7498-4b72-b6d1-2ebe0d22cb14,9/23/25,17:37.3,2025-09-23T15:17:37.3300000-04:00,2025-09-23T19:17:37.3300000Z,,v3,471355,471355,,"Raether, Carson",1000338521,Right,MIA_RED,e0756d87-2fbb-45db-a3a9-c896aa78543e,54.84612,-127.42294,12.63021,5.98858,-2.65945,-11.55005,-1.29026,7.95683,-5.21211,,,,,,,,,,,,,,,,,,,,,,,,,,,,,,,,,,,,,,,,,,,,,,,,,,,High,High,High,,,,,
43,9/23/25,17:55.7,6,2,"Benko, Troy",10267339,Right,MIA_RED,"Rasmussen, Jamie",10272616,Right,MIA_RED,Undefined,1,Bottom,1,0,1,Slider,Curveball,BallCalled,Undefined,Undefined,Undefined,0,0,,77.78809,-0.965233,-2.575494,1918.426889,199.679327,12:45,5.82144,1.43524,5.11955,-41.94668,6.71607,1.73193,1.41569,-0.84804,70.06805,-8.641963,-2.269056,0.502076,,,,,,,,,,,,-1.74728,4.20906,-1.19438,50,5.69861,4.98831,-112.47341,-3.31619,-2.18778,24.68466,-26.90386,MIA_RED,MIA_RED,McKieFieldStad,TeamExclusive,Team,20250923-McKieFieldStad-Private-2,02cf0e10-98b2-11f0-b0f2-f5a226a5d545,75.07316,,,7.72004,,,,,,,14081ae7-7498-4b72-b6d1-2ebe0d22cb14,9/23/25,17:55.7,2025-09-23T15:17:55.6850000-04:00,2025-09-23T19:17:55.6850000Z,,v3,471355,471355,,"Raether, Carson",1000338521,Right,MIA_RED,7d170172-3ef4-4c96-8aef-dea86ed035c8,55.37437,-113.64681,12.34233,5.82585,-2.03731,-13.45193,-1.43397,5.0923,-1.09389,,,,,,,,,,,,,,,,,,,,,,,,,,,,,,,,,,,,,,,,,,,,,,,,,,,High,High,High,,,,,
44,9/23/25,18:14.1,6,3,"Benko, Troy",10267339,Right,MIA_RED,"Rasmussen, Jamie",10272616,Right,MIA_RED,Undefined,1,Bottom,1,1,1,ChangeUp,Changeup,BallCalled,Undefined,Undefined,Undefined,0,0,,85.11756,-2.222713,-3.218086,1798.617751,246.87182,2:15,5.80878,1.42193,5.59111,-31.13092,7.98201,15.75461,1.13484,-0.27312,78.1235,-7.944468,-0.406868,0.450123,,,,,,,,,,,,-8.90119,5.03185,-1.15622,50,5.59749,6.28579,-123.37433,-5.86333,-13.71969,24.54371,-24.41832,MIA_RED,MIA_RED,McKieFieldStad,TeamExclusive,Team,20250923-McKieFieldStad-Private-2,0dcb18e0-98b2-11f0-b0f2-f5a226a5d545,83.73802,,,6.99406,,,,,,,14081ae7-7498-4b72-b6d1-2ebe0d22cb14,9/23/25,18:14.1,2025-09-23T15:18:14.0970000-04:00,2025-09-23T19:18:14.0970000Z,,v3,471355,471355,,"Raether, Carson",1000338521,Right,MIA_RED,edc1be29-6e83-49f4-bcd7-49c3bbfc3571,54.9077,-124.34682,12.27185,5.81064,-4.89581,-12.20916,-1.41605,6.82941,-6.85984,,,,,,,,,,,,,,,,,,,,,,,,,,,,,,,,,,,,,,,,,,,,,,,,,,,High,High,High,,,,,
45,9/23/25,18:40.9,6,4,"Benko, Troy",10267339,Right,MIA_RED,"Rasmussen, Jamie",10272616,Right,MIA_RED,Undefined,1,Bottom,1,2,1,Slider,Curveball,StrikeCalled,Undefined,Undefined,Undefined,0,0,,77.65744,-0.615733,-1.571515,1924.808488,231.660974,1:45,5.86503,1.37326,5.20877,-44.43837,3.55063,2.40024,1.58257,0.09508,70.82768,-8.713421,-1.145546,0.498588,,,,,,,,,,,,-1.68386,2.43626,-1.22984,50,5.77481,2.99248,-112.56333,-2.71827,-2.13848,22.37234,-29.08002,MIA_RED,MIA_RED,McKieFieldStad,TeamExclusive,Team,20250923-McKieFieldStad-Private-2,1db9c580-98b2-11f0-b0f2-f5a226a5d545,75.5983,,,6.82976,,,,,,,14081ae7-7498-4b72-b6d1-2ebe0d22cb14,9/23/25,18:40.9,2025-09-23T15:18:40.8850000-04:00,2025-09-23T19:18:40.8850000Z,,v3,471355,471355,,"Raether, Carson",1000338521,Right,MIA_RED,820a7da7-1518-4ddd-8039-45c0d853dbb2,55.28793,-113.60947,11.18617,5.87012,-1.35849,-14.54001,-1.3721,3.09247,-1.06924,,,,,,,,,,,,,,,,,,,,,,,,,,,,,,,,,,,,,,,,,,,,,,,,,,,High,High,High,,,,,
46,9/23/25,19:04.1,6,5,"Benko, Troy",10267339,Right,MIA_RED,"Rasmussen, Jamie",10272616,Right,MIA_RED,Undefined,1,Bottom,1,2,2,Fastball,Changeup,BallCalled,Undefined,Undefined,Undefined,0,0,,87.24883,0.574545,-2.199018,1883.115175,231.811977,1:45,6.05761,1.12022,5.25733,-29.92218,7.60693,8.19654,4.10432,-0.26382,79.85519,-4.921482,-0.746279,0.440916,,,,,,,,,,,,-4.6924,3.99831,-0.92499,50,6.08829,4.49509,-126.58588,0.16334,-7.63278,25.23968,-25.6703,MIA_RED,MIA_RED,McKieFieldStad,TeamExclusive,Team,20250923-McKieFieldStad-Private-2,2b7601c0-98b2-11f0-b0f2-f5a226a5d545,85.48673,,,7.39364,,,,,,,14081ae7-7498-4b72-b6d1-2ebe0d22cb14,9/23/25,19:04.1,2025-09-23T15:19:04.1400000-04:00,2025-09-23T19:19:04.1400000Z,,v3,471355,471355,,"Raether, Carson",1000338521,Right,MIA_RED,590ca72a-11f4-4685-9180-a7213dc0ec95,55.24019,-127.62643,12.61984,6.05974,1.22165,-12.83515,-1.1168,4.80977,-3.81639,,,,,,,,,,,,,,,,,,,,,,,,,,,,,,,,,,,,,,,,,,,,,,,,,,,High,High,High,,,,,
47,9/23/25,19:23.6,6,6,"Benko, Troy",10267339,Right,MIA_RED,"Rasmussen, Jamie",10272616,Right,MIA_RED,Undefined,1,Bottom,1,3,2,Slider,Slider,BallCalled,Walk,Undefined,Undefined,0,2,,78.64534,-1.258266,-1.049066,1867.711035,166.001593,11:30,5.8707,1.54382,5.20838,-43.02963,4.28945,-0.62217,1.10124,0.50533,71.02257,-9.122335,-1.159559,0.495096,,,,,,,,,,,,-0.0472,3.04567,-1.44632,50,5.72223,2.11,-113.85965,-3.96436,-0.06058,25.21967,-28.26437,MIA_RED,MIA_RED,McKieFieldStad,TeamExclusive,Team,20250923-McKieFieldStad-Private-2,3717c270-98b2-11f0-b0f2-f5a226a5d545,76.13157,,,7.62277,,,,,,,14081ae7-7498-4b72-b6d1-2ebe0d22cb14,9/23/25,19:23.6,2025-09-23T15:19:23.6480000-04:00,2025-09-23T19:19:23.6480000Z,,v3,471355,471355,,"Raether, Carson",1000338521,Right,MIA_RED,c3c9390b-cb3e-49e1-89e3-dd3d7023023d,55.28747,-115.02485,12.60983,5.87523,-2.65849,-14.13219,-1.54387,2.1128,-0.03029,,,,,,,,,,,,,,,,,,,,,,,,,,,,,,,,,,,,,,,,,,,,,,,,,,,High,High,High,,,,,
48,9/23/25,22:36.4,1,1,"Preisel, Connor",1000213694,Left,MIA_RED,"Breidenbach, Mason",1000074554,Right,MIA_RED,Undefined,2,Top,0,0,0,Cutter,Slider,InPlay,Undefined,Bunt,Undefined,0,0,,79.67196,0.914647,3.601468,2584.751541,78.923059,8:45,4.21277,-3.26018,5.4285,-43.6351,0.77382,-2.3202,1.43489,-0.07612,73.88754,-7.01899,3.189723,0.47963,29.819,-30.703322,-33.055175,,,,,5.67601,5.67601,-13.65046,0.072865,2.06756,0.46441,2.94234,50,4.26312,-7.18894,-115.6298,0.37166,2.83121,19.25293,-31.53811,MIA_RED,MIA_RED,McKieFieldStad,TeamExclusive,Team,20250923-McKieFieldStad-Private-2,a9fce810-98b2-11f0-b0f2-f5a226a5d545,78.58646,1.64895,,5.78442,,,,3.18833,1.64895,0.17506,14081ae7-7498-4b72-b6d1-2ebe0d22cb14,9/23/25,22:36.4,2025-09-23T15:22:36.3680000-04:00,2025-09-23T19:22:36.3680000Z,GroundBall,v3,471355,471355,,"Buffington, Matthew",825106,Right,MIA_RED,97c487ca-7816-49fa-bd97-4cf63723f7b4,55.07252,-116.47133,9.62647,4.21675,1.75018,-15.76906,3.25927,-7.31269,1.41561,,3.18337,31.94047,,,,,,,,1.65246,-22.63015,,,,,,,,0.17829,-20.78614,,,,,,,,,,,,,,,,,,,,,,,,,,,,,,High,High,High,Estimated,Estimated,,,
49,9/23/25,23:20.3,2,1,"Preisel, Connor",1000213694,Left,MIA_RED,"Breidenbach, Mason",1000074554,Right,MIA_RED,Undefined,2,Top,0,0,0,Cutter,Slider,BallCalled,Undefined,Undefined,Undefined,1,0,,80.17568,0.065332,3.308891,2493.061848,106.888656,9:30,4.2999,-3.1875,5.30778,-42.62093,1.39843,-0.60004,0.80958,-0.12812,74.48451,-7.658816,3.202535,0.477522,,,,,,,,,,,,1.11469,1.00717,2.88744,50,4.27443,-6.70521,-116.38429,-1.34739,1.54672,19.46244,-30.77656,MIA_RED,MIA_RED,McKieFieldStad,TeamExclusive,Team,20250923-McKieFieldStad-Private-2,c4231700-98b2-11f0-b0f2-f5a226a5d545,78.9334,,,5.69116,,,,,,,14081ae7-7498-4b72-b6d1-2ebe0d22cb14,9/23/25,23:20.3,2025-09-23T15:23:20.3120000-04:00,2025-09-23T19:23:20.3120000Z,,v3,471355,471355,,"Buffington, Matthew",825106,Right,MIA_RED,282c522b-2b18-4f6c-bae5-3c110b5009f0,55.19278,-117.24944,9.73122,4.30391,0.0207,-15.38828,3.18703,-6.77397,0.77336,,,,,,,,,,,,,,,,,,,,,,,,,,,,,,,,,,,,,,,,,,,,,,,,,,,High,High,High,,,,,
50,9/23/25,24:32.9,2,2,"Preisel, Connor",1000213694,Left,MIA_RED,"Breidenbach, Mason",1000074554,Right,MIA_RED,Undefined,2,Top,1,1,0,Fastball,Changeup,BallCalled,Undefined,Undefined,Undefined,0,0,,87.11527,1.38228,6.133245,2309.530985,93.031278,9:00,4.35597,-3.01362,6.09911,-34.92277,2.15043,-16.92969,2.73174,1.26966,78.95469,-5.096445,3.108996,0.438229,,,,,,,,,,,,10.47875,1.09858,2.54862,50,4.4448,-12.82659,-125.84054,1.88427,16.71062,26.84952,-30.4221,MIA_RED,MIA_RED,McKieFieldStad,TeamExclusive,Team,20250923-McKieFieldStad-Private-2,ef9119f0-98b2-11f0-b0f2-f5a226a5d545,86.01074,,,8.16058,,,,,,,14081ae7-7498-4b72-b6d1-2ebe0d22cb14,9/23/25,24:32.9,2025-09-23T15:24:32.9440000-04:00,2025-09-23T19:24:32.9440000Z,,v3,471355,471355,,"Buffington, Matthew",825106,Right,MIA_RED,3b4025f0-4081-4625-9213-2fde8ab7245d,54.39882,-126.7756,13.42476,4.36073,2.94376,-15.21105,3.00546,-13.40856,8.35531,,,,,,,,,,,,,,,,,,,,,,,,,,,,,,,,,,,,,,,,,,,,,,,,,,,High,High,High,,,,,
51,9/23/25,24:53.4,2,3,"Preisel, Connor",1000213694,Left,MIA_RED,"Breidenbach, Mason",1000074554,Right,MIA_RED,Undefined,2,Top,1,2,0,Fastball,Changeup,StrikeSwinging,Undefined,Undefined,Undefined,0,0,,85.61527,0.485459,3.522528,2371.841213,100.24912,9:15,4.29945,-3.13142,5.7971,-34.61455,3.77213,-14.04646,1.86731,-1.02145,78.16824,-5.909196,1.010465,0.445925,,,,,,,,,,,,8.16961,2.15047,2.85012,50,4.31869,-7.06767,-124.1651,-0.12921,12.7304,25.287,-28.82302,MIA_RED,MIA_RED,McKieFieldStad,TeamExclusive,Team,20250923-McKieFieldStad-Private-2,fba65cf0-98b2-11f0-b0f2-f5a226a5d545,84.52645,,,7.44702,,,,,,,14081ae7-7498-4b72-b6d1-2ebe0d22cb14,9/23/25,24:53.4,2025-09-23T15:24:53.4070000-04:00,2025-09-23T19:24:53.4070000Z,,v3,471355,471355,,"Buffington, Matthew",825106,Right,MIA_RED,3f85479a-d87b-4944-9890-974447bd38a4,54.7015,-125.11892,12.6435,4.30306,0.95799,-14.41151,3.12577,-7.54786,6.3652,,,,,,,,,,,,,,,,,,,,,,,,,,,,,,,,,,,,,,,,,,,,,,,,,,,High,High,High,,,,,
52,9/23/25,25:13.8,2,4,"Preisel, Connor",1000213694,Left,MIA_RED,"Breidenbach, Mason",1000074554,Right,MIA_RED,Undefined,2,Top,1,2,1,Cutter,Slider,StrikeCalled,Undefined,Undefined,Undefined,0,0,,82.09818,1.472137,2.890839,2582.447501,102.399635,9:30,4.15579,-3.25796,5.38436,-40.72301,1.8087,-1.90571,2.14414,-0.70482,74.78265,-5.985797,2.552676,0.469383,,,,,,,,,,,,1.80118,0.89205,3.00074,50,4.25892,-5.92816,-118.96285,1.62565,2.5687,23.8524,-30.90188,MIA_RED,MIA_RED,McKieFieldStad,TeamExclusive,Team,20250923-McKieFieldStad-Private-2,07eb3b70-98b3-11f0-b0f2-f5a226a5d545,80.30202,,,7.31553,,,,,,,14081ae7-7498-4b72-b6d1-2ebe0d22cb14,9/23/25,25:13.8,2025-09-23T15:25:13.7980000-04:00,2025-09-23T19:25:13.7980000Z,,v3,471355,471355,,"Buffington, Matthew",825106,Right,MIA_RED,14fe4bc4-2268-469f-8d5a-c7b483479dfb,55.11289,-119.98362,11.9262,4.16105,2.9481,-15.45094,3.25678,-6.03808,1.28435,,,,,,,,,,,,,,,,,,,,,,,,,,,,,,,,,,,,,,,,,,,,,,,,,,,High,High,High,,,,,
53,9/23/25,25:38.9,2,5,"Preisel, Connor",1000213694,Left,MIA_RED,"Breidenbach, Mason",1000074554,Right,MIA_RED,Undefined,2,Top,1,2,2,Cutter,Slider,InPlay,Undefined,FlyBall,Out,1,0,,80.46322,0.943524,3.709677,2644.385108,233.182965,1:45,4.19269,-3.24317,5.31532,-42.43931,1.78291,0.55165,1.54355,0.2893,73.81797,-6.78773,3.807304,0.478621,75.55677,45.973648,-35.264444,,83.64834,81.40347,-71.43489,237.44656,184.20635,-43.35496,4.705177,0.75142,1.0165,2.90623,50,4.24749,-7.58124,-116.58529,0.44795,1.03453,21.85312,-30.77457,MIA_RED,MIA_RED,McKieFieldStad,TeamExclusive,Team,20250923-McKieFieldStad-Private-2,16bd7b90-98b3-11f0-b0f2-f5a226a5d545,78.75219,84.05968,,6.64525,,,,1.18038,1.54711,-0.25471,14081ae7-7498-4b72-b6d1-2ebe0d22cb14,9/23/25,25:38.9,2025-09-23T15:25:38.8800000-04:00,2025-09-23T19:25:38.8800000Z,FlyBall,v3,471355,471355,,"Buffington, Matthew",825106,Right,MIA_RED,69b6e64d-291c-4ada-9a3a-38669f06e1b8,55.18329,-117.55285,10.92656,4.19749,1.81051,-15.38728,3.24291,-7.62704,0.51726,149.35285,1.19642,62.51237,-13.15159,1.24483,1.74369,-1.11854,0.30399,-0.0394,0.00198,1.54453,79.71335,-22.32747,1.72198,0.1006,-0.26603,0.10763,-0.01854,0.00117,-0.25444,-44.4602,2.9496,0.18004,-0.40332,0.21693,-0.06411,0.00968,-0.00058,,,,,,,,,,,,,,,,,,,,,,,High,High,High,High,Low,,,
54,9/23/25,26:29.9,3,1,"Preisel, Connor",1000213694,Left,MIA_RED,"Raether, Carson",1000338521,Left,MIA_RED,Undefined,2,Top,2,0,0,Cutter,Slider,StrikeCalled,Undefined,Undefined,Undefined,0,0,,81.39025,1.182604,3.896217,2541.531997,229.579535,1:45,4.19133,-3.12693,5.31708,-41.5925,2.42835,0.9652,1.83788,0.61574,73.32314,-6.445479,4.066918,0.47753,,,,,,,,,,,,0.80417,1.32095,2.77284,50,4.26905,-8.05235,-117.63139,0.97055,1.10697,25.96643,-30.35566,MIA_RED,MIA_RED,McKieFieldStad,TeamExclusive,Team,20250923-McKieFieldStad-Private-2,3553fcf0-98b3-11f0-b0f2-f5a226a5d545,78.93209,,,8.06711,,,,,,,14081ae7-7498-4b72-b6d1-2ebe0d22cb14,9/23/25,26:29.9,2025-09-23T15:26:29.9330000-04:00,2025-09-23T19:26:29.9330000Z,,v3,471355,471355,,"Buffington, Matthew",825106,Right,MIA_RED,658f43ae-1445-4ac5-84c4-af49736afd1c,55.17739,-118.76877,12.98321,4.19742,2.30019,-15.17783,3.12661,-8.10084,0.55349,,,,,,,,,,,,,,,,,,,,,,,,,,,,,,,,,,,,,,,,,,,,,,,,,,,High,High,High,,,,,
55,9/23/25,26:50.7,3,2,"Preisel, Connor",1000213694,Left,MIA_RED,"Raether, Carson",1000338521,Left,MIA_RED,Undefined,2,Top,2,0,1,Fastball,Changeup,StrikeCalled,Undefined,Undefined,Undefined,0,0,,87.37114,0.4103,5.741856,2404.473542,102.194819,9:30,4.25581,-3.20123,5.91718,-32.04443,4.89579,-17.01544,1.96814,0.7273,79.50612,-5.52635,2.707801,0.437443,,,,,,,,,,,,10.32544,2.76166,2.74945,50,4.27069,-11.99318,-126.32985,-0.17941,16.64621,26.31277,-27.7218,MIA_RED,MIA_RED,McKieFieldStad,TeamExclusive,Team,20250923-McKieFieldStad-Private-2,4186b300-98b3-11f0-b0f2-f5a226a5d545,86.16543,,,7.86501,,,,,,,14081ae7-7498-4b72-b6d1-2ebe0d22cb14,9/23/25,26:50.7,2025-09-23T15:26:50.7180000-04:00,2025-09-23T19:26:50.7180000Z,,v3,471355,471355,,"Buffington, Matthew",825106,Right,MIA_RED,b1da0a4d-a719-4b4f-9c4c-9ceaa26053c8,54.58109,-127.28045,13.15638,4.25907,0.82209,-13.8609,3.19359,-12.59455,8.32311,,,,,,,,,,,,,,,,,,,,,,,,,,,,,,,,,,,,,,,,,,,,,,,,,,,High,High,High,,,,,
56,9/23/25,27:15.7,3,3,"Preisel, Connor",1000213694,Left,MIA_RED,"Raether, Carson",1000338521,Left,MIA_RED,Undefined,2,Top,2,0,2,Curveball,Curveball,BallCalled,Undefined,Undefined,Undefined,0,0,,79.90874,0.984061,2.440109,2561.24425,330.905255,5:00,4.67446,-2.95021,5.30095,-50.29755,-5.53874,3.84583,1.40774,-0.33761,73.51552,-8.133316,3.122687,0.481516,,,,,,,,,,,,-1.2561,-2.69083,2.72547,50,4.7269,-5.09489,-115.95343,0.21387,-1.70936,21.7732,-35.83586,MIA_RED,MIA_RED,McKieFieldStad,TeamExclusive,Team,20250923-McKieFieldStad-Private-2,50cb6400-98b3-11f0-b0f2-f5a226a5d545,78.27868,,,6.39322,,,,,,,14081ae7-7498-4b72-b6d1-2ebe0d22cb14,9/23/25,27:15.7,2025-09-23T15:27:15.6660000-04:00,2025-09-23T19:27:15.6660000Z,,v3,471355,471355,,"Buffington, Matthew",825106,Right,MIA_RED,a80c4ffd-c17d-4108-9bf3-9fb19c2ecc91,55.19933,-116.92566,10.8866,4.68162,1.81404,-17.91793,2.95127,-5.01856,-0.85468,,,,,,,,,,,,,,,,,,,,,,,,,,,,,,,,,,,,,,,,,,,,,,,,,,,High,High,High,,,,,
57,9/23/25,27:41.7,3,4,"Preisel, Connor",1000213694,Left,MIA_RED,"Raether, Carson",1000338521,Left,MIA_RED,Undefined,2,Top,2,1,2,Cutter,Slider,StrikeSwinging,Strikeout,Undefined,Undefined,0,0,,82.23329,1.981278,4.258155,2654.810689,263.233404,2:45,4.18995,-3.24305,5.32245,-41.07325,1.65189,2.02075,2.63231,0.92859,74.73404,-5.525971,4.614958,0.47045,,,,,,,,,,,,0.25886,0.67752,2.85563,50,4.34031,-8.93849,-118.90341,2.66034,0.36812,24.20261,-31.21049,MIA_RED,MIA_RED,McKieFieldStad,TeamExclusive,Team,20250923-McKieFieldStad-Private-2,5ffe13a0-98b3-11f0-b0f2-f5a226a5d545,80.12002,,,7.49925,,,,,,,14081ae7-7498-4b72-b6d1-2ebe0d22cb14,9/23/25,27:41.7,2025-09-23T15:27:41.7340000-04:00,2025-09-23T19:27:41.7340000Z,,v3,471355,471355,,"Buffington, Matthew",825106,Right,MIA_RED,fcd1df0b-8ef4-4725-ae43-67d53b961581,55.17395,-119.95193,12.1013,4.19577,4.01247,-15.60524,3.24322,-8.95444,0.18406,,,,,,,,,,,,,,,,,,,,,,,,,,,,,75.06006,,,0.902124,,,,0.26716,4.19065,-2.31808,74.05853,6.81656,50.71907,0.31194,89.20407,-8.28542,4.21912,16.524,-15.1382,-2.31043,61.21751,-2.70217,High,High,High,,,High,High,High
58,9/23/25,31:15.8,1,1,"Benko, Troy",10267339,Right,MIA_RED,"Buffington, Matthew",825106,Right,MIA_RED,Undefined,2,Bottom,0,0,0,Slider,Slider,BallCalled,Undefined,Undefined,Undefined,0,0,,77.66249,-1.70329,-4.171427,2053.621552,243.446204,2:00,5.92748,1.52314,5.1519,-45.90652,3.49819,2.91606,0.49376,-2.1677,69.54137,-10.071512,-3.656126,0.505889,,,,,,,,,,,,-3.01146,2.95559,-1.13502,50,5.73325,8.04771,-111.97392,-4.89845,-3.70002,26.29283,-28.54263,MIA_RED,MIA_RED,McKieFieldStad,TeamExclusive,Team,20250923-McKieFieldStad-Private-2,df9de400-98b3-11f0-b0f2-f5a226a5d545,74.50726,,,8.12112,,,,,,,14081ae7-7498-4b72-b6d1-2ebe0d22cb14,9/23/25,31:15.8,2025-09-23T15:31:15.7610000-04:00,2025-09-23T19:31:15.7610000Z,,v3,471355,471355,,"Raether, Carson",1000338521,Right,MIA_RED,8ae0c293-eb13-4997-b0c4-7fbc9ad06d8c,55.34127,-113.22117,13.14642,5.9335,-3.54447,-14.27132,-1.52094,8.22323,-1.85001,,,,,,,,,,,,,,,,,,,,,,,,,,,,,,,,,,,,,,,,,,,,,,,,,,,High,High,High,,,,,
59,9/23/25,31:39.4,1,2,"Benko, Troy",10267339,Right,MIA_RED,"Buffington, Matthew",825106,Right,MIA_RED,Undefined,2,Bottom,0,1,0,Fastball,Sinker,StrikeCalled,Undefined,Undefined,Undefined,0,0,,85.84261,-1.1185,-3.602647,1953.686193,225.283733,1:30,6.02019,1.15009,5.56638,-27.6086,10.91323,9.76784,2.67243,-1.40576,78.49144,-6.228812,-1.863998,0.446709,,,,,,,,,,,,-5.92914,6.21,-0.84561,50,5.90559,7.41491,-124.38627,-3.36974,-9.28658,25.01342,-22.44753,MIA_RED,MIA_RED,McKieFieldStad,TeamExclusive,Team,20250923-McKieFieldStad-Private-2,ed8a30f0-98b3-11f0-b0f2-f5a226a5d545,84.37802,,,7.35118,,,,,,,14081ae7-7498-4b72-b6d1-2ebe0d22cb14,9/23/25,31:39.5,2025-09-23T15:31:39.4590000-04:00,2025-09-23T19:31:39.4590000Z,,v3,471355,471355,,"Raether, Carson",1000338521,Right,MIA_RED,91a487bf-8e83-43a2-8ae4-30b2ef20e5aa,54.93028,-125.37381,12.50671,6.02113,-2.48351,-11.22376,-1.14559,7.78155,-4.64329,,,,,,,,,,,,,,,,,,,,,,,,,,,,,,,,,,,,,,,,,,,,,,,,,,,High,High,High,,,,,
60,9/23/25,32:02.1,1,3,"Benko, Troy",10267339,Right,MIA_RED,"Buffington, Matthew",825106,Right,MIA_RED,Undefined,2,Bottom,0,1,1,Slider,Slider,BallCalled,Undefined,Undefined,Undefined,1,0,,77.96815,-2.197926,-4.078734,2061.837331,109.133536,9:45,5.92249,1.54734,5.34135,-45.75361,3.58362,-3.94827,0.04163,-2.61431,69.11165,-10.576811,-4.778849,0.505544,,,,,,,,,,,,0.28012,3.31929,-1.17615,50,5.69187,8.16474,-112.26976,-5.83077,0.34105,29.03249,-28.1328,MIA_RED,MIA_RED,McKieFieldStad,TeamExclusive,Team,20250923-McKieFieldStad-Private-2,fb43d520-98b3-11f0-b0f2-f5a226a5d545,74.55821,,,8.8565,,,,,,,14081ae7-7498-4b72-b6d1-2ebe0d22cb14,9/23/25,32:02.1,2025-09-23T15:32:02.1190000-04:00,2025-09-23T19:32:02.1190000Z,,v3,471355,471355,,"Raether, Carson",1000338521,Right,MIA_RED,2c513294-593f-4ad5-b21e-77f05bf7b27b,55.15009,-113.59374,14.51624,5.92852,-4.54782,-14.0664,-1.54813,8.14919,0.17052,,,,,,,,,,,,,,,,,,,,,,,,,,,,,,,,,,,,,,,,,,,,,,,,,,,High,High,High,,,,,
61,9/23/25,32:43.5,1,4,"Benko, Troy",10267339,Right,MIA_RED,"Buffington, Matthew",825106,Right,MIA_RED,Undefined,2,Bottom,1,2,1,ChangeUp,Changeup,StrikeSwinging,Undefined,Undefined,Undefined,0,0,,79.52427,0.579358,-2.81452,1462.25555,275.543335,3:15,5.85626,1.45748,6.03723,-44.37243,-0.26673,17.46607,2.69568,0.30484,72.74765,-7.618929,0.329435,0.47799,,,,,,,,,,,,-9.76193,0.16382,-1.24688,50,5.87787,5.0198,-115.44981,-0.22483,-13.11944,22.34511,-31.95391,MIA_RED,MIA_RED,McKieFieldStad,TeamExclusive,Team,20250923-McKieFieldStad-Private-2,13fc1c30-98b4-11f0-b0f2-f5a226a5d545,78.85614,,,6.77662,,,,,,,14081ae7-7498-4b72-b6d1-2ebe0d22cb14,9/23/25,32:43.5,2025-09-23T15:32:43.5060000-04:00,2025-09-23T19:32:43.5060000Z,,v3,471355,471355,,"Raether, Carson",1000338521,Right,MIA_RED,245f12cb-d807-48f3-be09-707579eb8167,54.46169,-116.31015,11.17256,5.86285,1.00548,-15.97695,-1.44989,5.52493,-6.55972,,,,,,,,,,,,,,,,,,,,,,,,,,,,,,,,,,,,,,,,,,,,,,,,,,,High,High,High,,,,,
62,9/23/25,33:06.9,1,5,"Benko, Troy",10267339,Right,MIA_RED,"Buffington, Matthew",825106,Right,MIA_RED,Undefined,2,Bottom,1,2,2,Fastball,Changeup,StrikeCalled,Strikeout,Undefined,Undefined,0,0,,86.09287,-1.434579,-2.526565,2099.388437,249.111423,2:15,5.82579,1.5014,5.46779,-31.29777,7.41394,15.89461,1.87348,0.4599,78.19187,-7.20486,0.304881,0.447809,,,,,,,,,,,,-8.79819,4.5674,-1.29037,50,5.67833,4.82116,-124.75619,-4.23214,-13.72533,27.48076,-25.04886,MIA_RED,MIA_RED,McKieFieldStad,TeamExclusive,Team,20250923-McKieFieldStad-Private-2,21e6bb70-98b4-11f0-b0f2-f5a226a5d545,84.17087,,,7.901,,,,,,,14081ae7-7498-4b72-b6d1-2ebe0d22cb14,9/23/25,33:06.9,2025-09-23T15:33:06.8680000-04:00,2025-09-23T19:33:06.8680000Z,,v3,471355,471355,,"Raether, Carson",1000338521,Right,MIA_RED,55536be6-508e-4644-9fc0-319a059ca00a,55.02951,-125.85919,13.74038,5.82802,-3.22675,-12.52443,-1.49493,5.37205,-6.86266,,,,,,,,,,,,,,,,,,,,,,,,,,,,,66.45998,2.830327,1.787187,1.04314,0.52783,1.76026,-0.46499,-3.65752,5.9025,2.5159,76.47682,3.69816,48.30062,-3.60028,84.36238,-7.33074,5.92499,11.67296,-13.25733,2.52641,45.83921,-1.88601,High,High,High,,,High,High,High
63,9/23/25,33:36.3,2,1,"Benko, Troy",10267339,Right,MIA_RED,"Roa Calcano, Christopher",1000375139,Left,MIA_RED,Undefined,2,Bottom,2,0,0,TwoSeamFastBall,Changeup,InPlay,Undefined,LineDrive,Out,1,0,,85.53952,-0.537171,-2.60356,1812.768291,251.866791,2:30,5.70868,1.64343,5.74988,-32.30903,6.54752,15.80804,2.51566,0.53532,77.45701,-6.533926,0.226062,0.448646,75.52216,29.652125,22.684717,2087.673765,100.78572,46.36398,44.07063,273.68573,266.73856,25.542583,3.749529,-8.92855,3.87662,-1.43722,50,5.64439,4.99403,-124.02772,-2.24918,-13.72676,27.81961,-26.21415,MIA_RED,MIA_RED,McKieFieldStad,TeamExclusive,Team,20250923-McKieFieldStad-Private-2,333f3140-98b4-11f0-b0f2-f5a226a5d545,84.01381,49.85843,,8.08251,,,,2.535,2.68052,-0.52729,14081ae7-7498-4b72-b6d1-2ebe0d22cb14,9/23/25,33:36.3,2025-09-23T15:33:36.2750000-04:00,2025-09-23T19:33:36.2750000Z,LineDrive,v3,471355,471355,,"Raether, Carson",1000338521,Right,MIA_RED,4bf9460b-421f-4d65-aa99-4aff3f40885e,54.74819,-125.08821,13.9098,5.71108,-1.24989,-13.10707,-1.63757,5.5173,-6.86338,205.089393,2.53575,88.79453,-12.7839,2.994,-0.42699,-0.01118,0.01431,-0.00107,-7.00E-05,2.68054,54.79334,-17.02927,0.60336,0.17096,-0.17934,0.07636,-0.01507,0.00111,-0.5271,37.11765,-2.09573,0.09994,0.08296,-0.03777,0.00786,-0.00067,1.00E-05,,,,,,,,,,,,,,,,,,,,,,,High,High,High,High,High,,,
64,9/23/25,36:33.0,1,1,"Eisiminger, Jared",1000160731,Right,MIA_RED,"Christiansen, Hayden",830132,Right,MIA_RED,Undefined,3,Top,0,0,0,Fastball,Changeup,InPlay,Undefined,Bunt,Undefined,0,0,,88.16625,0.316343,-3.386109,1808.184541,249.022987,2:15,4.87239,2.73989,5.99643,-28.05667,8.11449,17.91343,2.82799,1.09131,79.80939,-4.935914,-0.170129,0.432865,25.69839,-27.985935,32.173021,,,,,7.17497,7.06162,11.570154,0.147868,-10.28808,4.42339,-2.48312,50,4.88194,6.82972,-127.84155,-0.21094,-16.85584,28.81688,-24.92683,MIA_RED,MIA_RED,McKieFieldStad,TeamExclusive,Team,20250923-McKieFieldStad-Private-2,9ca01f00-98b4-11f0-b0f2-f5a226a5d545,87.07663,2.93179,,8.35687,,,,2.87869,2.93179,-1.11064,14081ae7-7498-4b72-b6d1-2ebe0d22cb14,9/23/25,36:33.0,2025-09-23T15:36:33.0380000-04:00,2025-09-23T19:36:33.0380000Z,GroundBall,v3,471355,471355,,"Buffington, Matthew",825106,Right,MIA_RED,a328a791-a1fc-4631-90f2-4cb99b9debb7,54.50194,-128.85234,14.40844,4.87401,0.6634,-12.46342,-2.73305,7.42096,-8.42792,110.420919,2.87869,28.17189,-0.69777,,,,,,,2.93192,-17.69822,-14.40874,,,,,,,-1.11069,17.72691,-3.26759,,,,,,,,,,,,,,,,,,,,,,,,,,,,,High,High,High,High,High,,,
65,9/23/25,38:21.2,2,1,"Eisiminger, Jared",1000160731,Right,MIA_RED,"Christiansen, Hayden",830132,Right,MIA_RED,Undefined,3,Top,0,0,0,Fastball,Changeup,FoulBallNotFieldable,Undefined,Undefined,Undefined,0,0,,87.66945,-1.038958,-3.028896,1782.089416,247.135043,2:15,4.93065,2.58494,6.08036,-27.07238,9.33001,19.17611,1.71195,1.37808,79.63635,-6.110695,0.422954,0.434246,,,,,,,,,,,,-10.87044,5.48103,-2.36112,50,4.83594,5.96273,-127.18868,-3.16999,-17.64877,28.24714,-23.27528,MIA_RED,MIA_RED,McKieFieldStad,TeamExclusive,Team,20250923-McKieFieldStad-Private-2,dd12afd0-98b4-11f0-b0f2-f5a226a5d545,86.79966,,,8.0331,,,,,,,14081ae7-7498-4b72-b6d1-2ebe0d22cb14,9/23/25,38:21.2,2025-09-23T15:38:21.1840000-04:00,2025-09-23T19:38:21.1840000Z,,v3,471355,471355,,"Buffington, Matthew",825106,Right,MIA_RED,f1108b28-1c0a-440e-9787-d34d411c0524,54.41852,-128.16623,14.12357,4.93171,-2.36451,-11.63764,-2.57804,6.5735,-8.82438,,,,,,,,,,,,,,,,,,,,,,,,,,,,,,,,,,,,,,,,,,,,,,,,,,,High,High,High,,,,,
66,9/23/25,38:48.9,2,2,"Eisiminger, Jared",1000160731,Right,MIA_RED,"Christiansen, Hayden",830132,Right,MIA_RED,Undefined,3,Top,0,0,1,ChangeUp,Changeup,BallCalled,Undefined,Undefined,Undefined,0,0,,82.52524,-1.240851,-4.032268,1499.291527,282.938643,3:30,4.81217,2.62785,6.46012,-42.93231,-2.40067,16.34399,0.09169,0.2799,75.4934,-9.198564,-1.067782,0.458214,,,,,,,,,,,,-9.8619,-0.55669,-2.34988,50,4.70521,7.86532,-119.71416,-3.8865,-14.18624,25.00212,-32.97487,MIA_RED,MIA_RED,McKieFieldStad,TeamExclusive,Team,20250923-McKieFieldStad-Private-2,ede1d160-98b4-11f0-b0f2-f5a226a5d545,82.25946,,,7.03184,,,,,,,14081ae7-7498-4b72-b6d1-2ebe0d22cb14,9/23/25,38:48.9,2025-09-23T15:38:48.8960000-04:00,2025-09-23T19:38:48.8960000Z,,v3,471355,471355,,"Buffington, Matthew",825106,Right,MIA_RED,1b3f64bc-d3d2-44da-a3c8-ba05d2596cc0,54.04054,-120.55507,12.50106,4.81727,-2.77745,-16.48743,-2.62244,8.34245,-7.09312,,,,,,,,,,,,,,,,,,,,,,,,,,,,,,,,,,,,,,,,,,,,,,,,,,,High,High,High,,,,,
67,9/23/25,39:29.9,2,3,"Eisiminger, Jared",1000160731,Right,MIA_RED,"Christiansen, Hayden",830132,Right,MIA_RED,Undefined,3,Top,0,1,1,ChangeUp,Changeup,StrikeSwinging,Undefined,Undefined,Undefined,0,0,,82.10847,0.129105,-3.642323,1517.59973,273.658777,3:00,4.81739,2.66655,6.30925,-40.46943,0.08846,17.10867,1.56411,0.73251,75.84795,-7.360832,-0.55049,0.458363,,,,,,,,,,,,-9.87304,0.35957,-2.40743,50,4.80746,6.97775,-119.30034,-0.97057,-14.32666,21.47574,-31.65231,MIA_RED,MIA_RED,McKieFieldStad,TeamExclusive,Team,20250923-McKieFieldStad-Private-2,063b7db0-98b5-11f0-b0f2-f5a226a5d545,82.23281,,,6.26052,,,,,,,14081ae7-7498-4b72-b6d1-2ebe0d22cb14,9/23/25,39:29.9,2025-09-23T15:39:29.9380000-04:00,2025-09-23T19:39:29.9380000Z,,v3,471355,471355,,"Buffington, Matthew",825106,Right,MIA_RED,66150b12-f257-4c6a-9708-4698acf57d99,54.19191,-120.05257,10.73787,4.82204,0.13811,-15.82616,-2.66062,7.47957,-7.16333,,,,,,,,,,,,,,,,,,,,,,,,,,,,,,,,,,,,,,,,,,,,,,,,,,,High,High,High,,,,,
68,9/23/25,39:54.1,2,4,"Eisiminger, Jared",1000160731,Right,MIA_RED,"Christiansen, Hayden",830132,Right,MIA_RED,Undefined,3,Top,0,1,2,Slider,Slider,FoulBallNotFieldable,Undefined,Undefined,Undefined,0,0,,80.38213,0.622062,-3.727308,1934.308887,180.292745,12:00,4.85282,2.62375,5.66871,-38.0114,5.22536,0.02059,2.26644,-0.85463,74.51478,-6.340652,-3.723638,0.473258,53.32861,48.631066,141.842157,4514.82868,,,,131.15312,38.24367,148.563705,2.995201,-0.92307,2.84138,-2.30866,50,4.88113,7.59966,-116.66819,0.03329,-1.2872,19.53277,-28.21174,MIA_RED,MIA_RED,McKieFieldStad,TeamExclusive,Team,20250923-McKieFieldStad-Private-2,14841b70-98b5-11f0-b0f2-f5a226a5d545,79.64459,41.94408,,5.86736,,,,1.72369,2.33651,0.93637,14081ae7-7498-4b72-b6d1-2ebe0d22cb14,9/23/25,39:54.1,2025-09-23T15:39:54.0690000-04:00,2025-09-23T19:39:54.0690000Z,Popup,v3,471355,471355,,"Buffington, Matthew",825106,Right,MIA_RED,4f8323d5-40a8-4961-b452-2ce00f03e939,54.83125,-117.47426,9.76638,4.85573,1.19752,-14.10587,-2.62338,7.65278,-0.6436,,1.7242,-40.66754,-0.64757,0.77357,0.17721,-0.32429,0.1418,-0.02581,0.00163,2.33618,58.71281,-24.68577,2.96136,-1.0344,0.52396,-0.21771,0.04891,-0.00431,0.9362,31.94649,-6.44033,2.19352,-0.89399,0.48328,-0.20994,0.04985,-0.00466,,,,,,,,,,,,,,,,,,,,,,,High,High,High,High,Medium,,,
69,9/23/25,40:26.8,2,5,"Eisiminger, Jared",1000160731,Right,MIA_RED,"Christiansen, Hayden",830132,Right,MIA_RED,Undefined,3,Top,0,1,2,ChangeUp,Changeup,StrikeSwinging,Strikeout,Undefined,Undefined,0,0,,83.5401,1.096443,-2.672882,1601.711436,263.93516,2:45,4.81402,2.54357,6.33845,-36.54211,3.14839,17.00607,2.77953,1.49811,75.82195,-5.738892,0.40324,0.453435,,,,,,,,,,,,-9.5917,1.7435,-2.35625,50,4.87712,5.00708,-121.25657,1.19826,-14.15291,25.6888,-29.60145,MIA_RED,MIA_RED,McKieFieldStad,TeamExclusive,Team,20250923-McKieFieldStad-Private-2,27d79df0-98b5-11f0-b0f2-f5a226a5d545,83.12651,,,7.71815,,,,,,,14081ae7-7498-4b72-b6d1-2ebe0d22cb14,9/23/25,40:26.7,2025-09-23T15:40:26.7570000-04:00,2025-09-23T19:40:26.7570000Z,,v3,471355,471355,,"Buffington, Matthew",825106,Right,MIA_RED,f209eb15-2bd0-42f3-ac85-d142331478d2,54.15876,-122.13445,12.8444,4.81888,2.20984,-14.80073,-2.53562,5.49073,-7.07645,,,,,,,,,,,,,,,,,,,,,,,,,,,,,,,,,,,,,,,,,,,,,,,,,,,High,High,High,,,,,
70,9/23/25,40:56.4,3,1,"Eisiminger, Jared",1000160731,Right,MIA_RED,"Gonzalez Rivera, Ignacio",10124440,Right,MIA_RED,Undefined,3,Top,1,0,0,ChangeUp,Changeup,StrikeCalled,Undefined,Undefined,Undefined,0,0,,83.24198,0.88873,-3.453429,1550.060163,268.84894,3:00,4.79958,2.69443,6.37236,-38.26534,1.68476,16.65151,2.43006,0.90078,75.61789,-6.256698,-0.441889,0.454915,,,,,,,,,,,,-9.69941,1.02437,-2.45219,50,4.84642,6.66371,-120.77397,0.70588,-14.20179,25.42934,-30.67416,MIA_RED,MIA_RED,McKieFieldStad,TeamExclusive,Team,20250923-McKieFieldStad-Private-2,39afcb10-98b5-11f0-b0f2-f5a226a5d545,82.856,,,7.62409,,,,,,,14081ae7-7498-4b72-b6d1-2ebe0d22cb14,9/23/25,40:56.4,2025-09-23T15:40:56.3910000-04:00,2025-09-23T19:40:56.3910000Z,,v3,471355,471355,,"Buffington, Matthew",825106,Right,MIA_RED,8a79c58c-d71d-49b2-a0a7-717d2e717065,54.1259,-121.63959,12.71467,4.80462,1.75003,-15.33708,-2.68725,7.14714,-7.1009,,,,,,,,,,,,,,,,,,,,,,,,,,,,,,,,,,,,,,,,,,,,,,,,,,,High,High,High,,,,,
71,9/23/25,41:18.5,3,2,"Eisiminger, Jared",1000160731,Right,MIA_RED,"Gonzalez Rivera, Ignacio",10124440,Right,MIA_RED,Undefined,3,Top,1,0,1,Slider,Slider,StrikeSwinging,Undefined,Undefined,Undefined,0,0,,81.46225,0.795761,-2.937618,1644.219346,287.130612,3:30,4.92077,2.5895,5.64656,-42.0379,1.50158,0.52465,2.16088,-0.10924,73.06741,-6.972147,-2.844026,0.474912,,,,,,,,,,,,-1.28665,0.99602,-2.34048,50,4.96213,6.02706,-117.8692,0.2208,-1.76712,27.36145,-30.8061,MIA_RED,MIA_RED,McKieFieldStad,TeamExclusive,Team,20250923-McKieFieldStad-Private-2,46debb70-98b5-11f0-b0f2-f5a226a5d545,79.36724,,,8.39484,,,,,,,14081ae7-7498-4b72-b6d1-2ebe0d22cb14,9/23/25,41:18.5,2025-09-23T15:41:18.4830000-04:00,2025-09-23T19:41:18.4830000Z,,v3,471355,471355,,"Buffington, Matthew",825106,Right,MIA_RED,d0312589-bab4-45f2-a3d1-16d45d3fb7c2,54.84742,-118.98913,13.68073,4.92729,1.48173,-15.40305,-2.58865,6.09939,-0.88356,,,,,,,,,,,,,,,,,,,,,,,,,,,,,,,,,,,,,,,,,,,,,,,,,,,High,High,High,,,,,
72,9/23/25,41:42.0,3,3,"Eisiminger, Jared",1000160731,Right,MIA_RED,"Gonzalez Rivera, Ignacio",10124440,Right,MIA_RED,Undefined,3,Top,1,0,2,Slider,Slider,StrikeCalled,Strikeout,Undefined,Undefined,0,0,,78.28434,0.917644,-1.470753,1179.240451,88.753574,9:00,4.88113,2.63852,5.44534,-45.70703,1.64929,-6.11744,1.93172,0.75143,70.42227,-7.492174,-2.559861,0.495291,,,,,,,,,,,,2.55851,1.05618,-2.5043,50,4.93123,3.15636,-113.36011,0.2908,3.25499,25.03107,-30.83036,MIA_RED,MIA_RED,McKieFieldStad,TeamExclusive,Team,20250923-McKieFieldStad-Private-2,54d149f0-98b5-11f0-b0f2-f5a226a5d545,76.10161,,,7.86207,,,,,,,14081ae7-7498-4b72-b6d1-2ebe0d22cb14,9/23/25,41:42.0,2025-09-23T15:41:41.9970000-04:00,2025-09-23T19:41:41.9970000Z,,v3,471355,471355,,"Buffington, Matthew",825106,Right,MIA_RED,eadc5150-5272-4fec-be06-ef51b5e2e83d,55.04914,-114.46958,12.51554,4.88805,1.65732,-15.41518,-2.641,3.01209,1.62749,,,,,,,,,,,,,,,,,,,,,,,,,,,,,,,,,,,,,,,,,,,,,,,,,,,High,High,High,,,,,
73,9/23/25,42:22.8,4,1,"Eisiminger, Jared",1000160731,Right,MIA_RED,"Cruz, Diego",1000178634,Left,MIA_RED,Undefined,3,Top,2,0,0,Fastball,Sinker,StrikeCalled,Undefined,Undefined,Undefined,0,0,,90.65891,-0.072861,-3.794796,1803.280265,242.882949,2:00,5.05204,2.57499,6.00008,-23.70541,10.52953,18.24347,3.00893,0.57396,81.98824,-4.534307,-0.521771,0.42112,,,,,,,,,,,,-10.46142,5.78071,-2.28576,50,5.0334,7.91895,-131.36791,-0.94225,-18.11316,30.21953,-22.16518,MIA_RED,MIA_RED,McKieFieldStad,TeamExclusive,Team,20250923-McKieFieldStad-Private-2,6d23ca50-98b5-11f0-b0f2-f5a226a5d545,89.50515,,,8.67067,,,,,,,14081ae7-7498-4b72-b6d1-2ebe0d22cb14,9/23/25,42:22.8,2025-09-23T15:42:22.8280000-04:00,2025-09-23T19:42:22.8280000Z,,v3,471355,471355,,"Buffington, Matthew",825106,Right,MIA_RED,4ddc6e03-9a37-44b1-a598-3cb7846364af,54.4964,-132.39821,15.10977,5.05264,-0.18655,-11.08259,-2.56627,8.5365,-9.05658,,,,,,,,,,,,,,,,,,,,,,,,,,,,,,,,,,,,,,,,,,,,,,,,,,,High,High,High,,,,,
74,9/23/25,42:43.6,4,2,"Eisiminger, Jared",1000160731,Right,MIA_RED,"Cruz, Diego",1000178634,Left,MIA_RED,Undefined,3,Top,2,0,1,ChangeUp,Changeup,BallCalled,Undefined,Undefined,Undefined,0,0,,82.67782,-0.882976,-3.572153,1608.496728,266.003436,2:45,4.70837,2.81764,6.43329,-37.89167,2.56406,16.88143,0.73762,0.93731,75.29554,-7.950694,-0.51251,0.457785,,,,,,,,,,,,-9.96693,1.99366,-2.57078,50,4.62853,6.88092,-119.95594,-2.9768,-14.37217,25.44802,-29.29924,MIA_RED,MIA_RED,McKieFieldStad,TeamExclusive,Team,20250923-McKieFieldStad-Private-2,79792390-98b5-11f0-b0f2-f5a226a5d545,82.33658,,,7.38228,,,,,,,14081ae7-7498-4b72-b6d1-2ebe0d22cb14,9/23/25,42:43.6,2025-09-23T15:42:43.5530000-04:00,2025-09-23T19:42:43.5530000Z,,v3,471355,471355,,"Buffington, Matthew",825106,Right,MIA_RED,4ebbd331-d8bf-42c5-a879-ff8efe865450,54.06584,-120.8154,12.72401,4.71236,-1.98726,-14.64962,-2.81137,7.36632,-7.18608,,,,,,,,,,,,,,,,,,,,,,,,,,,,,,,,,,,,,,,,,,,,,,,,,,,High,High,High,,,,,
75,9/23/25,43:15.8,4,3,"Eisiminger, Jared",1000160731,Right,MIA_RED,"Cruz, Diego",1000178634,Left,MIA_RED,Undefined,3,Top,2,1,1,ChangeUp,Changeup,StrikeCalled,Undefined,Undefined,Undefined,0,0,,83.96709,0.082908,-3.171521,1606.327849,262.434304,2:45,4.78704,2.62732,6.5718,-35.58907,3.4602,15.86135,1.8974,1.03911,76.14771,-6.600903,-0.290097,0.449757,,,,,,,,,,,,-9.25638,2.2291,-2.41505,50,4.77833,6.1597,-121.86168,-0.8752,-13.7562,26.56568,-28.86132,MIA_RED,MIA_RED,McKieFieldStad,TeamExclusive,Team,20250923-McKieFieldStad-Private-2,8cb9e160-98b5-11f0-b0f2-f5a226a5d545,83.80625,,,7.81937,,,,,,,14081ae7-7498-4b72-b6d1-2ebe0d22cb14,9/23/25,43:15.8,2025-09-23T15:43:15.8450000-04:00,2025-09-23T19:43:15.8450000Z,,v3,471355,471355,,"Buffington, Matthew",825106,Right,MIA_RED,5d43f99f-1ce2-4ad6-938c-f78eacdae9f4,53.92507,-122.71436,13.28284,4.79155,0.05116,-14.43066,-2.61984,6.60123,-6.8781,,,,,,,,,,,,,,,,,,,,,,,,,,,,,,,,,,,,,,,,,,,,,,,,,,,High,High,High,,,,,
76,9/23/25,43:39.1,4,4,"Eisiminger, Jared",1000160731,Right,MIA_RED,"Cruz, Diego",1000178634,Left,MIA_RED,Undefined,3,Top,2,1,2,Fastball,Sinker,BallCalled,Undefined,Undefined,Undefined,0,0,,92.20482,-0.32236,-4.694084,1950.894964,244.430052,2:15,5.16868,2.33748,6.0266,-23.16643,9.97075,18.41966,2.9386,-0.48455,83.33507,-4.680774,-1.393758,0.414314,,,,,,,,,,,,-10.82615,5.56563,-1.97924,50,5.13094,10.14367,-133.45899,-1.52183,-19.34784,31.16665,-22.22748,MIA_RED,MIA_RED,McKieFieldStad,TeamExclusive,Team,20250923-McKieFieldStad-Private-2,9a770800-98b5-11f0-b0f2-f5a226a5d545,90.97562,,,8.86975,,,,,,,14081ae7-7498-4b72-b6d1-2ebe0d22cb14,9/23/25,43:39.1,2025-09-23T15:43:39.1080000-04:00,2025-09-23T19:43:39.1080000Z,,v3,471355,471355,,"Buffington, Matthew",825106,Right,MIA_RED,69824e91-2279-4b92-a507-4a6718250474,54.46992,-134.4988,15.58333,5.16934,-0.78026,-11.11374,-2.32843,10.78917,-9.67392,,,,,,,,,,,,,,,,,,,,,,,,,,,,,,,,,,,,,,,,,,,,,,,,,,,High,High,High,,,,,
77,9/23/25,44:05.1,4,5,"Eisiminger, Jared",1000160731,Right,MIA_RED,"Cruz, Diego",1000178634,Left,MIA_RED,Undefined,3,Top,2,2,2,ChangeUp,Changeup,BallCalled,Undefined,Undefined,Undefined,0,0,,84.89875,0.039998,-3.178198,1649.181511,272.331345,3:00,4.78041,2.61081,6.43178,-38.02754,0.67043,18.69686,1.64826,1.24499,76.46082,-7.079692,0.210957,0.447729,,,,,,,,,,,,-10.74871,0.80413,-2.392,50,4.76689,6.10817,-123.11115,-1.10192,-16.16883,28.96714,-30.96441,MIA_RED,MIA_RED,McKieFieldStad,TeamExclusive,Team,20250923-McKieFieldStad-Private-2,aa4c8750-98b5-11f0-b0f2-f5a226a5d545,84.18575,,,8.43793,,,,,,,14081ae7-7498-4b72-b6d1-2ebe0d22cb14,9/23/25,44:05.1,2025-09-23T15:44:05.1290000-04:00,2025-09-23T19:44:05.1290000Z,,v3,471355,471355,,"Buffington, Matthew",825106,Right,MIA_RED,befeee0a-907b-4c84-8934-06a7630af422,54.06471,-124.06386,14.48357,4.78638,-0.08352,-15.48221,-2.60164,6.63995,-8.08441,,,,,,,,,,,,,,,,,,,,,,,,,,,,,,,,,,,,,,,,,,,,,,,,,,,High,High,High,,,,,
78,9/23/25,44:30.5,4,6,"Eisiminger, Jared",1000160731,Right,MIA_RED,"Cruz, Diego",1000178634,Left,MIA_RED,Undefined,3,Top,2,3,2,Fastball,Changeup,StrikeCalled,Strikeout,Undefined,Undefined,0,0,,90.57625,-0.530123,-3.999764,1762.817587,250.314817,2:15,5.02381,2.52321,6.27493,-26.126,7.74859,18.44359,2.35678,0.36727,82.20532,-5.438748,-0.673481,0.418898,81.38026,-15.859566,16.381368,,,,,10.1135,9.87711,11.397027,0.071728,-10.81713,4.51355,-2.23621,50,4.97188,8.43605,-131.33749,-2.05394,-18.74666,29.84458,-24.35183,MIA_RED,MIA_RED,McKieFieldStad,TeamExclusive,Team,20250923-McKieFieldStad-Private-2,b93869f0-98b5-11f0-b0f2-f5a226a5d545,89.97997,2.34519,,8.37093,,,,1.99421,2.34519,-0.32965,14081ae7-7498-4b72-b6d1-2ebe0d22cb14,9/23/25,44:30.5,2025-09-23T15:44:30.4910000-04:00,2025-09-23T19:44:30.4910000Z,GroundBall,v3,471355,471355,,"Buffington, Matthew",825106,Right,MIA_RED,cda68349-ceba-404c-aa27-4a93b2b3e4f0,54.22388,-132.29383,14.92229,5.02519,-1.27361,-12.17592,-2.51616,9.03676,-9.37333,180,1.99118,110.4158,,,,,,,,2.34609,-32.6958,,,,,,,,-0.33054,32.45812,,,,,,,,,,,,,,,,,,,,,,,,,,,,,,High,High,High,Medium,High,,,
79,9/23/25,47:46.5,1,1,"Pauley, Cole",808795,Right,MIA_RED,"Vrlak, Jake",1000131822,Right,MIA_RED,Undefined,3,Bottom,0,0,0,Fastball,Sinker,InPlay,Undefined,Bunt,Undefined,0,0,,92.20208,-1.384904,-3.08305,2215.848717,241.966233,2:00,5.07646,1.76163,5.6112,-23.10875,10.15319,17.07568,1.85598,0.30422,84.29196,-5.676228,-0.037247,0.415093,,,,,,,,,,,,-9.57221,5.84378,-1.50957,50,4.94311,6.44595,-133.7395,-4.06544,-17.33539,28.86555,-21.59087,MIA_RED,MIA_RED,McKieFieldStad,TeamExclusive,Team,20250923-McKieFieldStad-Private-2,2e223930-98b6-11f0-b0f2-f5a226a5d545,90.80486,,,7.91012,,,,,,,14081ae7-7498-4b72-b6d1-2ebe0d22cb14,9/23/25,47:46.5,2025-09-23T15:47:46.5190000-04:00,2025-09-23T19:47:46.5190000Z,,v3,471355,471355,,"Raether, Carson",1000338521,Right,MIA_RED,18c61c9a-2a68-4b29-a5d3-d9d22743569b,54.88825,-134.79042,14.43277,5.07681,-3.27937,-10.79543,-1.75574,7.07709,-8.6677,,,,,,,,,,,,,,,,,,,,,,,,,,,,,,,,,,,,,,,,,,,,,,,,,,,High,High,High,,,,,
80,9/23/25,48:42.2,2,1,"Pauley, Cole",808795,Right,MIA_RED,"Vrlak, Jake",1000131822,Right,MIA_RED,Undefined,3,Bottom,0,0,0,Fastball,Sinker,StrikeCalled,Undefined,Undefined,Undefined,0,0,,92.50531,-1.866135,-2.947113,2331.284767,233.418792,1:45,5.22239,1.93047,5.68874,-20.56442,12.32284,15.21528,1.76651,0.44924,84.74956,-5.70222,-0.229226,0.412748,,,,,,,,,,,,-8.54859,7.08248,-1.69226,50,5.05244,6.23083,-134.18946,-5.08933,-15.62545,28.37113,-19.2284,MIA_RED,MIA_RED,McKieFieldStad,TeamExclusive,Team,20250923-McKieFieldStad-Private-2,4f466a50-98b6-11f0-b0f2-f5a226a5d545,91.32068,,,7.75576,,,,,,,14081ae7-7498-4b72-b6d1-2ebe0d22cb14,9/23/25,48:42.2,2025-09-23T15:48:42.1500000-04:00,2025-09-23T19:48:42.1500000Z,,v3,471355,471355,,"Raether, Carson",1000338521,Right,MIA_RED,1b19f7fb-dd30-4d67-9b0a-4abd1bcc7a3b,54.80998,-135.20259,14.18556,5.22192,-4.40268,-9.6142,-1.92473,6.78882,-7.81273,,,,,,,,,,,,,,,,,,,,,,,,,,,,,,,,,,,,,,,,,,,,,,,,,,,High,High,High,,,,,
81,9/23/25,49:02.1,2,2,"Pauley, Cole",808795,Right,MIA_RED,"Vrlak, Jake",1000131822,Right,MIA_RED,Undefined,3,Bottom,0,0,1,Fastball,Sinker,InPlay,Undefined,FlyBall,Double,0,1,,92.13093,-1.111884,-3.622311,2220.120449,236.89654,2:00,5.06012,1.87358,5.82864,-22.97371,10.02197,13.79383,2.10987,-0.34861,84.37314,-5.391702,-1.154746,0.413428,94.70854,26.063606,10.686318,3302.810591,106.8728,47.10669,26.03977,368.87015,368.87015,19.057624,4.383976,-8.06437,5.7304,-1.58589,50,4.95557,7.8632,-133.63634,-3.39304,-14.61738,28.17022,-21.78719,MIA_RED,MIA_RED,McKieFieldStad,TeamExclusive,Team,20250923-McKieFieldStad-Private-2,5b1fdcd0-98b6-11f0-b0f2-f5a226a5d545,91.1705,62.76321,,7.75779,,,,1.05483,2.08844,0.34016,14081ae7-7498-4b72-b6d1-2ebe0d22cb14,9/23/25,49:02.1,2025-09-23T15:49:02.0670000-04:00,2025-09-23T19:49:02.0670000Z,FlyBall,v3,471355,471355,,"Raether, Carson",1000338521,Right,MIA_RED,0886154e-e2bd-4a04-a5eb-fea5249dd106,54.67047,-134.61726,14.08511,5.06052,-2.63438,-10.8936,-1.86856,8.3722,-7.30869,218.804017,1.05563,122.59756,-20.3167,4.47496,-0.7871,0.11002,-0.01931,0.00362,-0.00029,2.08931,61.00639,-16.42959,0.38773,0.25542,-0.1748,0.05945,-0.00966,0.00059,0.34052,23.13176,3.95413,-1.67646,0.42759,-0.0745,0.00997,-0.00098,5.00E-05,,,,,,,,,,,,,,,,,,,,,,,High,High,High,High,High,,,
82,9/23/25,49:50.7,3,1,"Pauley, Cole",808795,Right,MIA_RED,"Dierks, Marcus",10322729,Left,MIA_RED,Undefined,3,Bottom,0,0,0,Slider,Slider,BallCalled,Undefined,Undefined,Undefined,0,0,,81.25537,1.062667,-0.807949,2495.960791,109.923141,9:45,4.64229,2.23055,5.14807,-41.89868,1.37744,-0.26055,2.15139,1.44815,74.81591,-6.552182,-0.854099,0.473473,,,,,,,,,,,,-0.0822,0.79906,-2.15479,50,4.70933,1.67479,-117.98602,0.66952,-0.11653,21.31066,-31.04161,MIA_RED,MIA_RED,McKieFieldStad,TeamExclusive,Team,20250923-McKieFieldStad-Private-2,781b72e0-98b6-11f0-b0f2-f5a226a5d545,79.60836,,,6.43947,,,,,,,14081ae7-7498-4b72-b6d1-2ebe0d22cb14,9/23/25,49:50.7,2025-09-23T15:49:50.6960000-04:00,2025-09-23T19:49:50.6960000Z,,v3,471355,471355,,"Raether, Carson",1000338521,Right,MIA_RED,43466213-c43d-41f4-b275-4172b0befaf1,55.35046,-118.94849,10.65533,4.64744,2.07148,-15.5208,-2.23055,1.68005,-0.05826,,,,,,,,,,,,,,,,,,,,,,,,,,,,,,,,,,,,,,,,,,,,,,,,,,,High,High,High,,,,,
83,9/23/25,50:10.1,3,2,"Pauley, Cole",808795,Right,MIA_RED,"Dierks, Marcus",10322729,Left,MIA_RED,Undefined,3,Bottom,0,1,0,Fastball,Sinker,InPlay,Undefined,LineDrive,Single,0,1,,92.17092,-0.969436,-3.022422,2352.658049,241.934323,2:00,5.03457,1.91357,5.611,-23.81186,9.54382,15.86237,2.14406,0.41179,84.03487,-5.393668,-0.193153,0.415677,70.93819,26.961708,9.172905,2173.949619,108.78092,38.35611,16.33107,245.5575,245.5575,8.105382,3.425649,-8.9267,5.43154,-1.66576,50,4.93635,6.34647,-133.67367,-3.12201,-16.1115,29.48678,-22.37087,MIA_RED,MIA_RED,McKieFieldStad,TeamExclusive,Team,20250923-McKieFieldStad-Private-2,8397f850-98b6-11f0-b0f2-f5a226a5d545,90.67719,39.55946,,8.13604,,,,1.33908,2.18443,-0.39667,14081ae7-7498-4b72-b6d1-2ebe0d22cb14,9/23/25,50:10.1,2025-09-23T15:50:10.0680000-04:00,2025-09-23T19:50:10.0680000Z,LineDrive,v3,471355,471355,,"Raether, Carson",1000338521,Right,MIA_RED,2281848e-6039-4550-8788-44c79df6b207,54.88753,-134.74748,14.74339,5.03521,-2.30734,-11.18544,-1.90756,6.9332,-8.05575,177.362671,1.33964,91.5306,-10.44947,1.96305,-0.18757,-0.05728,0.02253,-0.00192,-5.00E-05,2.18418,47.17872,-15.91512,0.76814,-0.07861,-0.03454,0.03367,-0.00923,0.00084,-0.39649,14.77754,-1.93148,0.15626,0.06508,-0.04134,0.0098,-0.00076,-2.00E-05,,,,,,,,,,,,,,,,,,,,,,,High,High,High,High,High,,,
84,9/23/25,51:36.5,4,1,"Pauley, Cole",808795,Right,MIA_RED,"Appelwick, Evan",695485,Right,MIA_RED,Undefined,3,Bottom,0,0,0,Slider,Slider,StrikeCalled,Undefined,Undefined,Undefined,0,0,,82.49559,1.528115,-2.166898,2556.746869,70.458817,8:15,4.65791,1.99347,5.05891,-42.74471,1.16232,-1.90839,2.53824,-0.20993,73.00505,-6.325545,-2.503806,0.476912,,,,,,,,,,,,0.10941,0.56906,-1.78581,50,4.77022,4.59224,-119.08861,1.59141,0.15165,30.26209,-31.38523,MIA_RED,MIA_RED,McKieFieldStad,TeamExclusive,Team,20250923-McKieFieldStad-Private-2,b703ba30-98b6-11f0-b0f2-f5a226a5d545,79.03434,,,9.49054,,,,,,,14081ae7-7498-4b72-b6d1-2ebe0d22cb14,9/23/25,51:36.5,2025-09-23T15:51:36.4520000-04:00,2025-09-23T19:51:36.4520000Z,,v3,471355,471355,,"Raether, Carson",1000338521,Right,MIA_RED,8af3d8b0-d122-4651-b080-3181f2e71f45,55.43186,-120.46102,15.13104,4.66577,3.01475,-15.69262,-1.99391,4.58536,0.07582,,,,,,,,,,,,,,,,,,,,,,,,,,,,,80.53906,1.898955,0.67415,1.224805,-0.33961,2.33891,0.2869,-0.50726,5.97055,0.43561,127.27841,0.59485,4.8371,-0.37185,116.23595,-9.87301,5.98429,9.50933,-11.36465,0.38112,0.119,2.89818,High,High,High,,,High,High,High
85,9/23/25,52:19.5,4,2,"Pauley, Cole",808795,Right,MIA_RED,"Appelwick, Evan",695485,Right,MIA_RED,Undefined,3,Bottom,0,0,1,Slider,Slider,StrikeSwinging,Undefined,Undefined,Undefined,0,0,,83.44943,-0.081321,-2.475475,2462.148586,42.626087,7:30,4.70348,2.16152,5.17391,-41.33648,0.85256,-0.69646,1.18218,-0.22739,74.97371,-7.639201,-2.598795,0.467489,,,,,,,,,,,,-0.51102,0.90713,-1.93046,50,4.66471,5.24924,-120.71752,-1.69531,-0.73652,28.60694,-30.86669,MIA_RED,MIA_RED,McKieFieldStad,TeamExclusive,Team,20250923-McKieFieldStad-Private-2,d0ea6f20-98b6-11f0-b0f2-f5a226a5d545,80.62747,,,8.47572,,,,,,,14081ae7-7498-4b72-b6d1-2ebe0d22cb14,9/23/25,52:19.5,2025-09-23T15:52:19.4690000-04:00,2025-09-23T19:52:19.4690000Z,,v3,471355,471355,,"Raether, Carson",1000338521,Right,MIA_RED,ae06fdf9-1992-4aad-9358-b1604bf7e837,55.32106,-121.97196,14.30347,4.70938,-0.34178,-15.43335,-2.16135,5.28154,-0.36826,,,,,,,,,,,,,,,,,,,,,,,,,,,,,,,,,,,,,,,,,,,,,,,,,,,High,High,High,,,,,
86,9/23/25,52:43.0,4,3,"Pauley, Cole",808795,Right,MIA_RED,"Appelwick, Evan",695485,Right,MIA_RED,Undefined,3,Bottom,0,0,2,Fastball,Sinker,FoulBallNotFieldable,Undefined,Undefined,Undefined,0,0,,92.75654,-1.365587,-3.399885,2377.322486,232.14043,1:45,5.1954,1.67222,5.75952,-18.92316,13.90213,16.48021,2.34493,-0.12268,84.37306,-4.930908,-0.45468,0.412359,,,,,,,,,,,,-9.39969,7.80229,-1.40054,50,5.0707,7.25506,-134.46298,-3.83775,-17.14167,30.22339,-17.94546,MIA_RED,MIA_RED,McKieFieldStad,TeamExclusive,Team,20250923-McKieFieldStad-Private-2,ded4c040-98b6-11f0-b0f2-f5a226a5d545,91.4068,,,8.38348,,,,,,,14081ae7-7498-4b72-b6d1-2ebe0d22cb14,9/23/25,52:43.0,2025-09-23T15:52:42.9620000-04:00,2025-09-23T19:52:42.9620000Z,,v3,471355,471355,,"Raether, Carson",1000338521,Right,MIA_RED,fbbbd22c-b475-4df7-b00f-f7d8a88c0c20,54.73868,-135.52391,15.11169,5.19436,-3.20781,-8.97273,-1.66578,7.85679,-8.57083,,,,,,,,,,,,,,,,,,,,,,,,,,,,,,,,,,,,,,,,,,,,,,,,,,,High,High,High,,,,,
87,9/23/25,53:11.9,4,4,"Pauley, Cole",808795,Right,MIA_RED,"Appelwick, Evan",695485,Right,MIA_RED,Undefined,3,Bottom,0,0,2,Fastball,Sinker,BallCalled,Undefined,Undefined,Undefined,0,0,,91.47597,-1.3448,-4.856529,2305.648055,252.491279,2:30,5.00422,1.87029,5.51233,-26.6984,7.30855,19.72788,1.51709,-1.03792,83.67838,-6.263764,-1.354293,0.419716,,,,,,,,,,,,-11.30213,4.37614,-1.45979,50,4.86867,10.36101,-132.41165,-4.1115,-20.10283,27.78204,-24.39033,MIA_RED,MIA_RED,McKieFieldStad,TeamExclusive,Team,20250923-McKieFieldStad-Private-2,f00ab9f0-98b6-11f0-b0f2-f5a226a5d545,89.80472,,,7.79759,,,,,,,14081ae7-7498-4b72-b6d1-2ebe0d22cb14,9/23/25,53:11.9,2025-09-23T15:53:11.9080000-04:00,2025-09-23T19:53:11.9080000Z,,v3,471355,471355,,"Raether, Carson",1000338521,Right,MIA_RED,4049ba7c-92ea-4572-8bad-4bf56dc6d9ec,54.98719,-133.45394,13.89102,5.00576,-3.19646,-12.19516,-1.86265,11.1152,-10.05142,,,,,,,,,,,,,,,,,,,,,,,,,,,,,,,,,,,,,,,,,,,,,,,,,,,High,High,High,,,,,
88,9/23/25,53:36.6,4,5,"Pauley, Cole",808795,Right,MIA_RED,"Appelwick, Evan",695485,Right,MIA_RED,Undefined,3,Bottom,0,1,2,ChangeUp,Changeup,StrikeSwinging,Strikeout,Undefined,Undefined,0,0,,85.03684,-0.353261,-3.824031,1892.279305,251.081736,2:15,4.85407,2.02783,5.22327,-32.25151,7.73996,18.59867,1.83359,-0.02273,77.24996,-6.279235,-0.533682,0.45515,,,,,,,,,,,,-10.38784,4.37433,-1.68922,50,4.79758,7.40647,-123.10029,-1.92878,-15.84052,25.85765,-25.50359,MIA_RED,MIA_RED,McKieFieldStad,TeamExclusive,Team,20250923-McKieFieldStad-Private-2,febd6420-98b6-11f0-b0f2-f5a226a5d545,82.81312,,,7.78688,,,,,,,14081ae7-7498-4b72-b6d1-2ebe0d22cb14,9/23/25,53:36.6,2025-09-23T15:53:36.5940000-04:00,2025-09-23T19:53:36.5940000Z,,v3,471355,471355,,"Raether, Carson",1000338521,Right,MIA_RED,10c1122e-16d0-4603-b8d6-ba77fbaf56c9,55.274,-124.20317,12.92883,4.85664,-0.841,-12.7518,-2.01953,8.0821,-7.92026,,,,,,,,,,,,,,,,,,,,,,,,,,,,,,,,,,,,,,,,,,,,,,,,,,,High,High,High,,,,,
89,9/23/25,54:02.9,5,1,"Pauley, Cole",808795,Right,MIA_RED,"Kirtley, Ryder",827333,Right,MIA_RED,Undefined,3,Bottom,1,0,0,Slider,Slider,StrikeCalled,Undefined,Undefined,Undefined,0,0,,83.31333,0.33909,-2.098714,2697.50077,55.370629,7:45,4.67686,2.09859,5.31846,-40.82648,-0.80673,-2.46213,1.5931,-0.07705,78.55368,-7.028259,-2.535888,0.455311,,,,,,,,,,,,0.83642,-0.23969,-1.90661,50,4.67727,4.54323,-121.28032,-0.76687,1.28179,17.28111,-32.54137,MIA_RED,MIA_RED,McKieFieldStad,TeamExclusive,Team,20250923-McKieFieldStad-Private-2,0e660710-98b7-11f0-b0f2-f5a226a5d545,82.78386,,,4.75965,,,,,,,14081ae7-7498-4b72-b6d1-2ebe0d22cb14,9/23/25,54:02.9,2025-09-23T15:54:02.8890000-04:00,2025-09-23T19:54:02.8890000Z,,v3,471355,471355,,"Raether, Carson",1000338521,Right,MIA_RED,f91574dd-f3f9-46f3-a176-c00ac55f623a,55.18408,-122.01676,8.64055,4.68041,0.61989,-16.27069,-2.09906,4.4886,0.6409,,,,,,,,,,,,,,,,,,,,,,,,,,,,,,,,,,,,,,,,,,,,,,,,,,,High,High,High,,,,,
90,9/23/25,54:22.5,5,2,"Pauley, Cole",808795,Right,MIA_RED,"Kirtley, Ryder",827333,Right,MIA_RED,Undefined,3,Bottom,1,0,1,Fastball,Sinker,BallCalled,Undefined,Undefined,Undefined,0,0,,91.14479,-2.602969,-6.039018,2279.942518,243.780857,2:15,5.06676,2.09859,5.62797,-24.46415,9.81434,17.67812,0.58409,-2.08403,83.43085,-7.123734,-2.904385,0.421388,,,,,,,,,,,,-10.61658,6.01473,-1.59426,50,4.82813,13.13934,-131.58767,-6.88538,-18.65843,27.3068,-21.60324,MIA_RED,MIA_RED,McKieFieldStad,TeamExclusive,Team,20250923-McKieFieldStad-Private-2,1a284810-98b7-11f0-b0f2-f5a226a5d545,89.44831,,,7.71394,,,,,,,14081ae7-7498-4b72-b6d1-2ebe0d22cb14,9/23/25,54:22.5,2025-09-23T15:54:22.5430000-04:00,2025-09-23T19:54:22.5430000Z,,v3,471355,471355,,"Raether, Carson",1000338521,Right,MIA_RED,bd9c7c08-acf8-4afb-8226-a3a496d6302e,54.8711,-132.59466,13.6534,5.06735,-6.08872,-10.80162,-2.09148,13.82741,-9.32922,,,,,,,,,,,,,,,,,,,,,,,,,,,,,,,,,,,,,,,,,,,,,,,,,,,High,High,High,,,,,
91,9/23/25,54:45.8,5,3,"Pauley, Cole",808795,Right,MIA_RED,"Kirtley, Ryder",827333,Right,MIA_RED,Undefined,3,Bottom,1,1,1,Slider,Slider,BallCalled,Undefined,Undefined,Undefined,0,0,,82.50148,1.514079,-0.807479,2613.536571,76.967656,8:30,4.67926,2.12811,5.17354,-41.56589,1.33382,-1.0139,2.64067,1.28373,74.2389,-6.104349,-0.987075,0.47141,,,,,,,,,,,,0.23622,0.65114,-2.05216,50,4.78894,1.72799,-119.45733,1.63537,0.33535,26.76373,-31.24962,MIA_RED,MIA_RED,McKieFieldStad,TeamExclusive,Team,20250923-McKieFieldStad-Private-2,28130e60-98b7-11f0-b0f2-f5a226a5d545,79.95686,,,8.26258,,,,,,,14081ae7-7498-4b72-b6d1-2ebe0d22cb14,9/23/25,54:45.8,2025-09-23T15:54:45.8290000-04:00,2025-09-23T19:54:45.8290000Z,,v3,471355,471355,,"Raether, Carson",1000338521,Right,MIA_RED,89698886-2766-448e-b983-744beb935c10,55.321,-120.64358,13.38187,4.68576,3.02045,-15.62481,-2.12842,1.71312,0.16768,,,,,,,,,,,,,,,,,,,,,,,,,,,,,,,,,,,,,,,,,,,,,,,,,,,High,High,High,,,,,
92,9/23/25,55:09.4,5,4,"Pauley, Cole",808795,Right,MIA_RED,"Kirtley, Ryder",827333,Right,MIA_RED,Undefined,3,Bottom,1,2,1,Slider,Slider,FoulBallNotFieldable,Undefined,Undefined,Undefined,0,0,,82.33062,1.893704,-1.244419,2683.743377,55.546653,7:45,4.6627,1.9305,5.36795,-41.48341,0.29713,-1.33654,2.98237,0.65216,75.78598,-5.675144,-1.481895,0.46522,68.56025,67.184349,137.74622,5421.535775,,,,,35.5948,,,0.3528,-0.0185,-1.81789,50,4.8028,2.65157,-119.56242,2.48089,0.51396,21.66833,-32.20101,MIA_RED,MIA_RED,McKieFieldStad,TeamExclusive,Team,20250923-McKieFieldStad-Private-2,360093d0-98b7-11f0-b0f2-f5a226a5d545,81.02067,68.19503,,6.54464,,,,1.17028,2.82916,-0.75713,14081ae7-7498-4b72-b6d1-2ebe0d22cb14,9/23/25,55:09.4,2025-09-23T15:55:09.3510000-04:00,2025-09-23T19:55:09.3510000Z,,v3,471355,471355,,"Raether, Carson",1000338521,Right,MIA_RED,e14e0652-c5ea-49fd-8a2d-68cfa319d6ca,55.13193,-120.48889,10.83416,4.66729,3.85771,-16.10051,-1.93079,2.62959,0.25698,336.456966,1.17028,-28.86079,-5.05673,3.2052,-1.06066,0.28736,-0.06334,0.00821,6.00E-05,2.82916,92.68716,-30.75652,4.2594,-0.77345,0.07099,0.03895,-0.02919,0.00655,-0.75713,26.21875,-8.87269,2.76238,-0.68044,0.12931,-0.0028,-0.01141,0.00314,,,,,,,,,,,,,,,,,,,,,,,High,High,High,High,Undefined,,,
93,9/23/25,55:43.5,5,5,"Pauley, Cole",808795,Right,MIA_RED,"Kirtley, Ryder",827333,Right,MIA_RED,Undefined,3,Bottom,1,2,2,Fastball,Sinker,FoulBallNotFieldable,Undefined,Undefined,Undefined,0,0,,92.26642,-1.114323,-2.527678,2341.185831,232.113926,1:45,5.05284,1.9411,5.79927,-17.48686,15.66745,18.69442,2.55805,1.14649,83.72135,-4.434444,0.819384,0.414421,48.37889,43.629268,114.195254,5098.587805,,,,,17.92127,,,-10.2876,8.65248,-1.74466,50,4.9509,5.07755,-133.8426,-3.15603,-18.53578,30.70249,-16.58436,MIA_RED,MIA_RED,McKieFieldStad,TeamExclusive,Team,20250923-McKieFieldStad-Private-2,4a7f4fe0-98b7-11f0-b0f2-f5a226a5d545,90.95208,19.67558,,8.54507,,,,0.4606,2.52442,-1.18708,14081ae7-7498-4b72-b6d1-2ebe0d22cb14,9/23/25,55:43.5,2025-09-23T15:55:43.4750000-04:00,2025-09-23T19:55:43.4750000Z,,v3,471355,471355,,"Raether, Carson",1000338521,Right,MIA_RED,e0d76de9-c213-40d6-91fb-42b552c71424,54.69848,-134.91609,15.35125,5.05111,-2.57616,-8.29218,-1.93352,5.72564,-9.26789,,0.45925,-21.00545,1.76074,,,,,,,2.52691,48.8779,-16.73822,,,,,,,-1.17496,46.44729,-9.9019,,,,,,,,,,,,,,,,,,,,,,,,,,,,,High,High,High,High,Undefined,,,
94,9/23/25,56:06.3,5,6,"Pauley, Cole",808795,Right,MIA_RED,"Kirtley, Ryder",827333,Right,MIA_RED,Undefined,3,Bottom,1,2,2,ChangeUp,Changeup,BallCalled,Undefined,Undefined,Undefined,0,0,,85.17577,-1.258762,-5.130433,1789.755357,274.270881,3:15,4.66452,1.963,5.38337,-39.78734,-0.17776,19.86477,0.16409,-1.20346,77.92938,-8.496676,-1.609532,0.452972,,,,,,,,,,,,-11.51268,0.61839,-1.51789,50,4.52319,10.22168,-123.19545,-4.17715,-17.64002,25.16069,-31.22653,MIA_RED,MIA_RED,McKieFieldStad,TeamExclusive,Team,20250923-McKieFieldStad-Private-2,57eea4a0-98b7-11f0-b0f2-f5a226a5d545,83.21136,,,7.24639,,,,,,,14081ae7-7498-4b72-b6d1-2ebe0d22cb14,9/23/25,56:06.3,2025-09-23T15:56:06.2780000-04:00,2025-09-23T19:56:06.2780000Z,,v3,471355,471355,,"Raether, Carson",1000338521,Right,MIA_RED,6c1b334b-b200-43bb-a74c-d516f2c3f5c3,55.11702,-124.23613,12.58034,4.66925,-2.88558,-15.61326,-1.95576,10.95129,-8.82001,,,,,,,,,,,,,,,,,,,,,,,,,,,,,,,,,,,,,,,,,,,,,,,,,,,High,High,High,,,,,
95,9/23/25,56:32.0,5,7,"Pauley, Cole",808795,Right,MIA_RED,"Kirtley, Ryder",827333,Right,MIA_RED,Undefined,3,Bottom,1,3,2,Slider,Slider,InPlay,Undefined,LineDrive,Single,0,1,,82.60887,1.228062,-2.258778,2552.579306,98.872053,9:15,4.7129,1.95448,5.35969,-39.88042,2.04476,-4.53799,2.54222,-0.54296,75.46024,-6.067555,-3.064193,0.466025,78.57711,15.041169,-20.263714,1286.757365,101.64989,12.68269,-42.03799,165.98071,148.0267,-24.061054,1.708575,1.6435,1.02587,-1.74809,50,4.79476,4.91194,-119.81016,1.1614,2.38043,23.91543,-30.68818,MIA_RED,MIA_RED,McKieFieldStad,TeamExclusive,Team,20250923-McKieFieldStad-Private-2,676d7870-98b7-11f0-b0f2-f5a226a5d545,80.88081,14.04437,,7.14863,,,,1.95001,2.60703,0.53911,14081ae7-7498-4b72-b6d1-2ebe0d22cb14,9/23/25,56:32.0,2025-09-23T15:56:31.9630000-04:00,2025-09-23T19:56:31.9630000Z,LineDrive,v3,471355,471355,,"Raether, Carson",1000338521,Right,MIA_RED,29973b47-54a1-4a49-8542-2938381dda3b,55.13896,-120.8316,11.95771,4.71717,2.4721,-15.34409,-1.95571,4.81027,1.19021,78.911619,1.95001,104.40946,-12.02158,1.76431,-0.35281,0.04524,-0.00747,0.00118,-7.00E-05,2.60703,29.9079,-20.80698,1.86564,-0.36244,0.06978,-0.01006,0.00144,-0.00014,0.53911,-38.54708,-2.06512,1.09583,-0.30326,0.07156,-0.01295,0.00208,-0.00016,,,,,,,,,,,,,,,,,,,,,,,High,High,High,High,High,,,
96,9/23/25,57:25.4,6,1,"Pauley, Cole",808795,Right,MIA_RED,"Novak, Ryan",10035937,Left,MIA_RED,Undefined,3,Bottom,1,0,0,Fastball,Sinker,BallCalled,Undefined,Undefined,Undefined,0,0,,92.06961,-2.214532,-4.31956,2328.924845,244.209101,2:15,5.08561,1.90248,5.60638,-22.11639,11.4226,21.3417,1.16851,-0.35879,83.97392,-6.330506,-0.519538,0.416818,,,,,,,,,,,,-12.09036,6.74178,-1.54685,50,4.88143,9.11595,-133.28845,-5.94877,-21.71,29.14372,-20.06822,MIA_RED,MIA_RED,McKieFieldStad,TeamExclusive,Team,20250923-McKieFieldStad-Private-2,8749c040-98b7-11f0-b0f2-f5a226a5d545,90.42901,,,8.09568,,,,,,,14081ae7-7498-4b72-b6d1-2ebe0d22cb14,9/23/25,57:25.4,2025-09-23T15:57:25.3630000-04:00,2025-09-23T19:57:25.3630000Z,,v3,471355,471355,,"Raether, Carson",1000338521,Right,MIA_RED,e6e64f67-f003-43e6-aab5-edf33a235874,54.8932,-134.35409,14.57186,5.08553,-5.21497,-10.03411,-1.89469,9.90978,-10.855,,,,,,,,,,,,,,,,,,,,,,,,,,,,,,,,,,,,,,,,,,,,,,,,,,,High,High,High,,,,,
97,9/23/25,57:47.1,6,2,"Pauley, Cole",808795,Right,MIA_RED,"Novak, Ryan",10035937,Left,MIA_RED,Undefined,3,Bottom,1,1,0,Slider,Slider,FoulBallNotFieldable,Undefined,Undefined,Undefined,0,0,,81.6493,1.365,-2.503863,2715.356287,105.681427,9:30,4.62084,2.22057,5.18185,-40.70294,2.87555,-4.90111,2.51467,-0.54513,73.99092,-6.079793,-3.370356,0.475125,93.18625,9.169945,45.655458,3993.631834,72.30136,5.38443,82.90018,140.2641,138.51428,50.229466,1.171992,1.67697,1.40224,-1.98381,50,4.71694,5.37525,-118.24402,1.3706,2.34631,25.02392,-30.21214,MIA_RED,MIA_RED,McKieFieldStad,TeamExclusive,Team,20250923-McKieFieldStad-Private-2,941b0040-98b7-11f0-b0f2-f5a226a5d545,79.33169,8.1069,,7.65838,,,,2.64874,2.79962,0.60449,14081ae7-7498-4b72-b6d1-2ebe0d22cb14,9/23/25,57:47.1,2025-09-23T15:57:47.1590000-04:00,2025-09-23T19:57:47.1590000Z,GroundBall,v3,471355,471355,,"Raether, Carson",1000338521,Right,MIA_RED,0077c6a4-3536-423a-8767-49a0801ae233,55.3155,-119.36364,12.51196,4.62537,2.72234,-15.10607,-2.22196,5.27027,1.17316,,2.64874,94.3096,-20.27097,3.42697,-0.70908,0.11312,-0.01628,0.00248,-0.00021,2.79962,21.78066,-23.87438,3.49542,-0.79115,0.18567,-0.03684,0.00651,-0.00071,0.60449,96.49245,-3.15801,-1.41519,0.55221,-0.18197,0.04448,-0.0087,0.00099,,,,,,,,,,,,,,,,,,,,,,,High,High,High,High,High,,,
98,9/23/25,58:16.9,6,3,"Pauley, Cole",808795,Right,MIA_RED,"Novak, Ryan",10035937,Left,MIA_RED,Undefined,3,Bottom,1,1,1,ChangeUp,Changeup,BallCalled,Undefined,Undefined,Undefined,0,0,,84.20253,-0.671895,-4.008737,1757.964243,269.059433,3:00,4.77946,2.21995,5.16127,-39.12246,1.74232,21.97493,0.88528,0.27194,76.74621,-7.792223,-0.121934,0.460093,,,,,,,,,,,,-12.17481,1.44728,-1.86323,50,4.6866,7.59264,-121.90784,-2.8884,-18.20964,25.33356,-30.00935,MIA_RED,MIA_RED,McKieFieldStad,TeamExclusive,Team,20250923-McKieFieldStad-Private-2,a5d8eea0-98b7-11f0-b0f2-f5a226a5d545,81.92344,,,7.45631,,,,,,,14081ae7-7498-4b72-b6d1-2ebe0d22cb14,9/23/25,58:16.9,2025-09-23T15:58:16.9100000-04:00,2025-09-23T19:58:16.9100000Z,,v3,471355,471355,,"Raether, Carson",1000338521,Right,MIA_RED,0b423d59-2b9a-4c75-9728-8f0fbdd67425,55.33842,-123.01221,12.66678,4.784,-1.5802,-15.00468,-2.21152,8.38646,-9.10482,,,,,,,,,,,,,,,,,,,,,,,,,,,,,,,,,,,,,,,,,,,,,,,,,,,High,High,High,,,,,
99,9/23/25,58:41.3,6,4,"Pauley, Cole",808795,Right,MIA_RED,"Novak, Ryan",10035937,Left,MIA_RED,Undefined,3,Bottom,1,2,1,ChangeUp,Changeup,BallCalled,Undefined,Undefined,Undefined,0,0,,84.34416,-1.994222,-5.560953,1919.302843,263.368981,2:45,4.77639,2.23269,5.31436,-36.79707,3.89492,21.50773,-0.17131,-1.21065,76.94512,-8.700524,-1.757762,0.45912,,,,,,,,,,,,-12.53816,2.89181,-1.74394,50,4.56797,10.96225,-121.81436,-5.58211,-18.73042,25.22302,-27.85402,MIA_RED,MIA_RED,McKieFieldStad,TeamExclusive,Team,20250923-McKieFieldStad-Private-2,b4841ec0-98b7-11f0-b0f2-f5a226a5d545,82.0972,,,7.39905,,,,,,,14081ae7-7498-4b72-b6d1-2ebe0d22cb14,9/23/25,58:41.3,2025-09-23T15:58:41.3160000-04:00,2025-09-23T19:58:41.3160000Z,,v3,471355,471355,,"Raether, Carson",1000338521,Right,MIA_RED,f809568d-eced-44c4-bb9d-545bc4f6c6e6,55.18595,-122.88348,12.61151,4.77955,-4.40148,-13.92701,-2.22542,11.75617,-9.36521,,,,,,,,,,,,,,,,,,,,,,,,,,,,,,,,,,,,,,,,,,,,,,,,,,,High,High,High,,,,,
100,9/23/25,59:05.1,6,5,"Pauley, Cole",808795,Right,MIA_RED,"Novak, Ryan",10035937,Left,MIA_RED,Undefined,3,Bottom,1,3,1,Fastball,Sinker,StrikeCalled,Undefined,Undefined,Undefined,0,0,,91.1925,0.476343,-4.263096,2321.76102,244.669697,2:15,4.96574,1.95309,5.5371,-25.87068,8.39682,15.36808,3.25631,-0.75814,82.9113,-4.318932,-1.533217,0.421321,,,,,,,,,,,,-8.96434,4.4367,-1.59322,50,4.9901,9.14538,-132.05411,0.15716,-15.79173,28.74411,-24.35833,MIA_RED,MIA_RED,McKieFieldStad,TeamExclusive,Team,20250923-McKieFieldStad-Private-2,c2997780-98b7-11f0-b0f2-f5a226a5d545,89.46261,,,8.2812,,,,,,,14081ae7-7498-4b72-b6d1-2ebe0d22cb14,9/23/25,59:05.1,2025-09-23T15:59:05.0500000-04:00,2025-09-23T19:59:05.0500000Z,,v3,471355,471355,,"Raether, Carson",1000338521,Right,MIA_RED,1ad30484-6476-4711-aafd-97c40e4a3881,54.96061,-133.1295,14.37205,4.96717,1.06847,-12.17917,-1.94642,9.73619,-7.89586,,,,,,,,,,,,,,,,,,,,,,,,,,,,,,,,,,,,,,,,,,,,,,,,,,,High,High,High,,,,,
101,9/23/25,59:25.9,6,6,"Pauley, Cole",808795,Right,MIA_RED,"Novak, Ryan",10035937,Left,MIA_RED,Undefined,3,Bottom,1,3,2,Slider,Slider,StrikeSwinging,Strikeout,Undefined,Undefined,0,1,,82.41612,1.048467,-2.961171,2579.466121,40.079341,7:15,4.67461,2.07951,5.41247,-43.13396,-0.29358,-1.5985,2.06378,-0.83029,74.05142,-6.871508,-3.245009,0.471084,,,,,,,,,,,,-0.21181,-0.03098,-1.8149,50,4.7382,6.23498,-119.22863,0.65418,-0.29828,27.57531,-32.21767,MIA_RED,MIA_RED,McKieFieldStad,TeamExclusive,Team,20250923-McKieFieldStad-Private-2,cf10d7b0-98b7-11f0-b0f2-f5a226a5d545,80.01218,,,8.3647,,,,,,,14081ae7-7498-4b72-b6d1-2ebe0d22cb14,9/23/25,59:25.9,2025-09-23T15:59:25.8630000-04:00,2025-09-23T19:59:25.8630000Z,,v3,471355,471355,,"Raether, Carson",1000338521,Right,MIA_RED,c9e7a710-a4a6-467e-945f-dbac7b21c618,55.0826,-120.3984,13.78765,4.68146,2.02088,-16.10884,-2.07966,6.24764,-0.14914,,,,,,,,,,,,,,,,,,,,,,,,,,,,,,,,,,,,,,,,,,,,,,,,,,,High,High,High,,,,,
102,9/23/25,02:32.6,1,1,"Gay, Alex",813960,Right,MIA_RED,"Proctor, Keenan",823047,Left,MIA_RED,Undefined,4,Top,0,0,0,Fastball,Four-Seam,BallCalled,Undefined,Undefined,Undefined,0,0,,89.05747,-1.691592,-0.852521,2094.93194,223.066531,1:30,6.52988,0.82934,5.65627,-18.90044,16.84139,14.61694,3.37667,1.25232,80.99057,-5.259522,1.760133,0.430289,,,,,,,,,,,,-7.60705,9.38319,-0.76631,50,6.37483,1.27119,-129.19457,-4.40422,-12.78295,28.36701,-16.40652,MIA_RED,MIA_RED,McKieFieldStad,TeamExclusive,Team,20250923-McKieFieldStad-Private-2,3e36ab60-98b8-11f0-b0f2-f5a226a5d545,87.59802,,,8.0669,,,,,,,14081ae7-7498-4b72-b6d1-2ebe0d22cb14,9/23/25,02:32.6,2025-09-23T16:02:32.5770000-04:00,2025-09-23T20:02:32.5770000Z,,v3,471355,471355,,"Buffington, Matthew",825106,Right,MIA_RED,25d6102c-284a-4769-ad44-4d292493bb7b,54.83921,-130.25278,14.1835,6.52771,-3.79219,-8.20326,-0.82262,1.74804,-6.39148,,,,,,,,,,,,,,,,,,,,,,,,,,,,,,,,,,,,,,,,,,,,,,,,,,,High,High,High,,,,,
103,9/23/25,02:53.2,1,2,"Gay, Alex",813960,Right,MIA_RED,"Proctor, Keenan",823047,Left,MIA_RED,Undefined,4,Top,0,1,0,Fastball,Sinker,BallCalled,Undefined,Undefined,Undefined,0,0,,87.87774,-1.096639,-1.804266,2199.070595,225.647739,1:30,6.60528,0.68337,5.71245,-20.41619,16.39111,15.44265,3.88167,0.28885,79.48706,-4.960695,0.957671,0.436655,,,,,,,,,,,,-8.33579,9.03048,-0.54175,50,6.50103,3.33479,-127.4139,-3.06803,-13.55783,28.77112,-17.48636,MIA_RED,MIA_RED,McKieFieldStad,TeamExclusive,Team,20250923-McKieFieldStad-Private-2,4a5eda20-98b8-11f0-b0f2-f5a226a5d545,86.32085,,,8.39069,,,,,,,14081ae7-7498-4b72-b6d1-2ebe0d22cb14,9/23/25,02:53.2,2025-09-23T16:02:53.1880000-04:00,2025-09-23T20:02:53.1880000Z,,v3,471355,471355,,"Buffington, Matthew",825106,Right,MIA_RED,9eba8fdc-f16d-417f-9eaa-e13aa4f767c4,54.78237,-128.48926,14.38556,6.60349,-2.41445,-8.74318,-0.67586,3.84154,-6.77892,,,,,,,,,,,,,,,,,,,,,,,,,,,,,,,,,,,,,,,,,,,,,,,,,,,High,High,High,,,,,
104,9/23/25,03:12.4,1,3,"Gay, Alex",813960,Right,MIA_RED,"Proctor, Keenan",823047,Left,MIA_RED,Undefined,4,Top,0,2,0,Fastball,Sinker,InPlay,Undefined,Bunt,Undefined,0,0,,89.47109,-2.450542,-1.464971,2185.587964,229.688426,1:45,6.56259,0.78871,5.63755,-19.63848,16.03127,17.40056,2.63779,0.87178,81.00637,-6.151806,1.644488,0.429854,,,,,,,,,,,,-9.33075,9.27733,-0.67579,50,6.342,2.56007,-129.67472,-6.17931,-15.69225,30.23373,-16.5717,MIA_RED,MIA_RED,McKieFieldStad,TeamExclusive,Team,20250923-McKieFieldStad-Private-2,5603cf20-98b8-11f0-b0f2-f5a226a5d545,87.68652,,,8.46472,,,,,,,14081ae7-7498-4b72-b6d1-2ebe0d22cb14,9/23/25,03:12.4,2025-09-23T16:03:12.4420000-04:00,2025-09-23T20:03:12.4420000Z,,v3,471355,471355,,"Buffington, Matthew",825106,Right,MIA_RED,a2c3bd44-1990-430f-9e04-aca958dddd44,54.85998,-130.80292,15.11686,6.56105,-5.56093,-8.28585,-0.78224,3.14564,-7.84613,,,,,,,,,,,,,,,,,,,,,,,,,,,,,,,,,,,,,,,,,,,,,,,,,,,High,High,High,,,,,
105,9/23/25,04:01.1,2,1,"Gay, Alex",813960,Right,MIA_RED,"Proctor, Keenan",823047,Left,MIA_RED,Undefined,4,Top,0,0,0,Curveball,Slider,BallCalled,Undefined,Undefined,Undefined,0,0,,76.64641,3.891476,1.259965,833.552959,75.177276,8:30,6.53436,0.77372,4.90122,-50.64574,0.12673,-6.97335,6.00083,1.38442,68.24677,-5.362773,0.033071,0.512844,,,,,,,,,,,,3.81756,-0.62268,-0.89094,50,6.87408,-2.13255,-110.58898,5.7228,4.61613,24.05983,-32.927,MIA_RED,MIA_RED,McKieFieldStad,TeamExclusive,Team,20250923-McKieFieldStad-Private-2,72f18280-98b8-11f0-b0f2-f5a226a5d545,73.49684,,,8.39964,,,,,,,14081ae7-7498-4b72-b6d1-2ebe0d22cb14,9/23/25,04:01.1,2025-09-23T16:04:01.1470000-04:00,2025-09-23T20:04:01.1470000Z,,v3,471355,471355,,"Buffington, Matthew",825106,Right,MIA_RED,d51745f0-d96e-4a17-8e4e-8ea4844d7479,55.59091,-111.79873,12.02992,6.54471,7.37839,-16.4635,-0.77788,-2.36465,2.30806,,,,,,,,,,,,,,,,,,,,,,,,,,,,,,,,,,,,,,,,,,,,,,,,,,,High,High,High,,,,,
106,9/23/25,04:20.7,2,2,"Gay, Alex",813960,Right,MIA_RED,"Proctor, Keenan",823047,Left,MIA_RED,Undefined,4,Top,0,1,0,Fastball,Four-Seam,BallCalled,Undefined,Undefined,Undefined,0,0,,90.67608,0.067734,-1.026409,2133.478186,223.66285,1:30,6.60248,0.39121,5.66304,-20.03009,14.37544,12.63985,4.99648,0.48735,82.39035,-3.705625,1.232353,0.422168,,,,,,,,,,,,-6.66851,7.6017,-0.31237,50,6.59571,1.7864,-131.60922,-0.50204,-11.64115,29.15644,-18.90381,MIA_RED,MIA_RED,McKieFieldStad,TeamExclusive,Team,20250923-McKieFieldStad-Private-2,7e97fe20-98b8-11f0-b0f2-f5a226a5d545,89.28298,,,8.28573,,,,,,,14081ae7-7498-4b72-b6d1-2ebe0d22cb14,9/23/25,04:20.7,2025-09-23T16:04:20.6700000-04:00,2025-09-23T20:04:20.6700000Z,,v3,471355,471355,,"Buffington, Matthew",825106,Right,MIA_RED,5d68d067-05a3-4242-b8fb-bc6325381acb,54.83268,-132.67552,14.57822,6.60143,0.1893,-9.45191,-0.38549,2.21214,-5.82057,,,,,,,,,,,,,,,,,,,,,,,,,,,,,83.52098,1.441337,0.676762,0.764575,-2.25313,4.74901,-0.57126,-1.45294,5.41255,-3.18124,63.12655,4.84246,-61.65032,-1.44227,88.62448,-5.4901,5.42225,9.83003,-13.87785,-3.20442,-83.33,9.07516,High,High,High,,,High,High,High
107,9/23/25,04:53.3,2,3,"Gay, Alex",813960,Right,MIA_RED,"Proctor, Keenan",823047,Left,MIA_RED,Undefined,4,Top,0,2,0,Curveball,Slider,FoulBallNotFieldable,Undefined,Undefined,Undefined,0,0,,76.97951,0.917398,-0.041721,1145.773246,67.390503,8:15,6.4729,0.61302,5.37663,-49.73062,-1.20158,-6.87815,3.18879,0.00073,70.07155,-8.169357,-1.266255,0.501386,54.14294,58.842141,-159.259456,5277.556453,,,,128.64324,36.04668,-163.303485,3.333359,3.45477,-0.43839,-0.60418,50,6.5198,0.34752,-111.66603,0.13091,4.31153,22.28526,-32.72115,MIA_RED,MIA_RED,McKieFieldStad,TeamExclusive,Team,20250923-McKieFieldStad-Private-2,923ea9b0-98b8-11f0-b0f2-f5a226a5d545,75.1765,53.33124,,6.90796,,,,1.53026,3.36079,0.00655,14081ae7-7498-4b72-b6d1-2ebe0d22cb14,9/23/25,04:53.4,2025-09-23T16:04:53.3570000-04:00,2025-09-23T20:04:53.3570000Z,Popup,v3,471355,471355,,"Buffington, Matthew",825106,Right,MIA_RED,ae61ca96-32f9-4097-ae0d-14afa5713ab9,55.12143,-112.68348,11.14263,6.47972,1.62482,-16.36057,-0.61556,0.15067,2.15576,10.248458,1.53086,-38.44482,-0.0911,-0.04893,0.14051,-0.01072,-0.02384,0.00877,-0.00093,3.36088,67.95164,-26.77676,3.25362,-0.77474,0.22623,-0.06693,0.01195,-0.00086,0.00642,-14.54568,1.89336,-0.35956,0.02646,0.00364,-0.00151,0.00042,-5.00E-05,,,,,,,,,,,,,,,,,,,,,,,High,High,High,High,Low,,,
108,9/23/25,05:17.1,2,4,"Gay, Alex",813960,Right,MIA_RED,"Proctor, Keenan",823047,Left,MIA_RED,Undefined,4,Top,0,2,1,Curveball,Curveball,BallCalled,Undefined,Undefined,Undefined,0,0,,77.99299,-0.14902,-1.585884,1561.986708,25.354369,6:45,6.43764,0.6586,5.22225,-57.56015,-9.53343,-5.35,1.50081,-1.27858,70.78872,-10.5652,-2.537169,0.498784,,,,,,,,,,,,2.13658,-4.23559,-0.50813,50,6.38071,3.34304,-112.99843,-2.32314,2.70207,24.79107,-37.53068,MIA_RED,MIA_RED,McKieFieldStad,TeamExclusive,Team,20250923-McKieFieldStad-Private-2,a089df80-98b8-11f0-b0f2-f5a226a5d545,75.56859,,,7.20427,,,,,,,14081ae7-7498-4b72-b6d1-2ebe0d22cb14,9/23/25,05:17.1,2025-09-23T16:05:17.1410000-04:00,2025-09-23T20:05:17.1410000Z,,v3,471355,471355,,"Buffington, Matthew",825106,Right,MIA_RED,8d549e54-b556-44bd-8877-36f71ca20b87,55.27618,-114.15012,12.39554,6.44813,-0.57962,-18.76534,-0.66052,3.21751,1.35104,,,,,,,,,,,,,,,,,,,,,,,,,,,,,,,,,,,,,,,,,,,,,,,,,,,High,High,High,,,,,
109,9/23/25,05:44.7,2,5,"Gay, Alex",813960,Right,MIA_RED,"Proctor, Keenan",823047,Left,MIA_RED,Undefined,4,Top,0,3,1,Fastball,Sinker,FoulBallNotFieldable,Undefined,Undefined,Undefined,0,0,,91.41344,-2.713678,-1.914752,2196.590398,228.122988,1:30,6.47235,0.608,5.61829,-19.82111,14.29615,14.62643,2.28477,0.03928,83.00886,-6.430002,0.697581,0.420396,83.53316,3.513852,-51.836147,3612.503716,,,,74.74594,74.74594,-53.773722,0.66778,-8.00591,8.41729,-0.45431,50,6.22808,3.7734,-132.45759,-6.9454,-14.10071,30.57269,-17.34882,MIA_RED,MIA_RED,McKieFieldStad,TeamExclusive,Team,20250923-McKieFieldStad-Private-2,b0d5c750-98b8-11f0-b0f2-f5a226a5d545,89.65939,2.97565,,8.40458,,,,0.20898,2.13222,-0.06023,14081ae7-7498-4b72-b6d1-2ebe0d22cb14,9/23/25,05:44.6,2025-09-23T16:05:44.6530000-04:00,2025-09-23T20:05:44.6530000Z,GroundBall,v3,471355,471355,,"Buffington, Matthew",825106,Right,MIA_RED,b986e31c-b1a7-4fc7-ba74-aaab1c74f1b3,54.87887,-133.57893,15.28635,6.47116,-6.30908,-8.67441,-0.60219,4.29059,-7.05035,,0.20898,75.56129,-16.77044,3.86404,-0.95005,0.19151,-0.03913,0.0094,-0.00179,2.13222,7.50893,-17.09992,1.79562,-0.32516,0.07454,-0.01424,0.00283,-0.00049,-0.06023,-96.14602,9.16008,-0.31618,-0.16864,0.09826,-0.02922,0.00673,-0.0009,,,,,,,,,,,,,,,,,,,,,,,High,High,High,High,High,,,
110,9/23/25,06:16.2,2,6,"Gay, Alex",813960,Right,MIA_RED,"Proctor, Keenan",823047,Left,MIA_RED,Undefined,4,Top,0,3,2,Fastball,Four-Seam,StrikeCalled,Strikeout,Undefined,Undefined,0,0,,91.49638,-2.862296,-1.945653,2080.520214,216.974471,1:15,6.5551,0.3928,5.87333,-19.69363,14.10438,9.72331,2.25175,-0.60472,82.96764,-6.573098,-0.200921,0.418425,,,,,,,,,,,,-5.56488,8.44599,-0.24104,50,6.31209,4.07691,-132.56725,-7.26097,-9.79995,31.09277,-17.30034,MIA_RED,MIA_RED,McKieFieldStad,TeamExclusive,Team,20250923-McKieFieldStad-Private-2,c382f7b0-98b8-11f0-b0f2-f5a226a5d545,90.08181,,,8.52874,,,,,,,14081ae7-7498-4b72-b6d1-2ebe0d22cb14,9/23/25,06:16.2,2025-09-23T16:06:16.1660000-04:00,2025-09-23T20:06:16.1660000Z,,v3,471355,471355,,"Buffington, Matthew",825106,Right,MIA_RED,53275c2e-e581-4317-bc95-e516d1b00e30,54.62261,-133.64705,15.54639,6.55382,-6.66016,-8.65017,-0.38854,4.41724,-4.89998,,,,,,,,,,,,,,,,,,,,,,,,,,,,,,,,,,,,,,,,,,,,,,,,,,,High,High,High,,,,,
111,9/23/25,08:28.3,3,1,"Gay, Alex",813960,Right,MIA_RED,"Phillips, Drew",1000194003,Right,MIA_RED,Undefined,4,Top,1,0,0,Fastball,Four-Seam,BallCalled,Undefined,Undefined,Undefined,0,0,,89.73882,-0.157363,-1.290722,2124.311766,214.397069,1:15,6.57034,0.47177,5.88101,-21.85147,13.17091,8.18977,4.60322,-0.04458,81.18293,-4.283765,0.178808,0.425936,,,,,,,,,,,,-4.54114,7.13378,-0.37208,50,6.54515,2.57179,-130.19189,-1.05444,-7.71718,29.85433,-20.05093,MIA_RED,MIA_RED,McKieFieldStad,TeamExclusive,Team,20250923-McKieFieldStad-Private-2,12203e00-98b9-11f0-b0f2-f5a226a5d545,88.49325,,,8.55589,,,,,,,14081ae7-7498-4b72-b6d1-2ebe0d22cb14,9/23/25,08:28.3,2025-09-23T16:08:28.3210000-04:00,2025-09-23T20:08:28.3210000Z,,v3,471355,471355,,"Buffington, Matthew",825106,Right,MIA_RED,9a0b6e69-1ea8-4aae-953b-39fd3faa6118,54.61306,-131.24545,14.92717,6.56988,-0.34684,-10.02546,-0.46764,2.84413,-3.85859,,,,,,,,,,,,,,,,,,,,,,,,,,,,,,,,,,,,,,,,,,,,,,,,,,,High,High,High,,,,,
112,9/23/25,08:53.4,3,2,"Gay, Alex",813960,Right,MIA_RED,"Phillips, Drew",1000194003,Right,MIA_RED,Undefined,4,Top,1,1,0,Fastball,Four-Seam,BallCalled,Undefined,Undefined,Undefined,0,0,,90.46566,-0.013244,-1.035309,2170.951365,213.777697,1:15,6.41137,0.67578,5.63722,-17.57843,17.49824,10.83221,4.93415,0.61251,81.07125,-3.380102,0.899318,0.426266,,,,,,,,,,,,-5.7565,9.20276,-0.59451,50,6.3993,1.86507,-131.07303,-0.55721,-9.83139,32.42562,-16.45684,MIA_RED,MIA_RED,McKieFieldStad,TeamExclusive,Team,20250923-McKieFieldStad-Private-2,210ae820-98b9-11f0-b0f2-f5a226a5d545,88.42471,,,9.39441,,,,,,,14081ae7-7498-4b72-b6d1-2ebe0d22cb14,9/23/25,08:53.4,2025-09-23T16:08:53.3650000-04:00,2025-09-23T20:08:53.3650000Z,,v3,471355,471355,,"Buffington, Matthew",825106,Right,MIA_RED,cc078b04-1a08-482e-9f1a-3eff2a1139c8,54.85492,-132.26861,16.21281,6.40866,0.04958,-8.22842,-0.66996,2.22757,-4.9157,,,,,,,,,,,,,,,,,,,,,,,,,,,,,82.3344,1.433165,0.648448,0.784717,-2.97189,4.66194,-0.68748,-2.47614,5.59917,-3.54386,61.10985,3.42435,-63.66662,-2.4617,85.77549,-6.1099,5.61033,7.92963,-13.68696,-3.57112,-83.84685,9.33179,High,High,High,,,High,High,High
113,9/23/25,09:16.8,3,3,"Gay, Alex",813960,Right,MIA_RED,"Phillips, Drew",1000194003,Right,MIA_RED,Undefined,4,Top,1,2,0,Curveball,Curveball,BallCalled,Undefined,Undefined,Undefined,0,0,,77.4905,4.439503,1.374735,1164.939617,25.276729,6:45,6.46129,0.57191,5.19051,-58.64968,-9.73902,-5.45579,5.75967,1.41073,69.41603,-6.244197,0.409741,0.503354,,,,,,,,,,,,3.1339,-5.63776,-0.69527,50,6.83024,-2.45638,-111.92427,6.58539,3.89931,23.80277,-39.18876,MIA_RED,MIA_RED,McKieFieldStad,TeamExclusive,Team,20250923-McKieFieldStad-Private-2,2f2dae60-98b9-11f0-b0f2-f5a226a5d545,74.88262,,,8.07447,,,,,,,14081ae7-7498-4b72-b6d1-2ebe0d22cb14,9/23/25,09:16.8,2025-09-23T16:09:16.7610000-04:00,2025-09-23T20:09:16.7610000Z,,v3,471355,471355,,"Buffington, Matthew",825106,Right,MIA_RED,4315504b-4ba2-41cb-9d97-42b6202c9453,55.30579,-113.04701,11.90138,6.47602,8.43386,-19.59438,-0.57507,-2.64031,1.94966,,,,,,,,,,,,,,,,,,,,,,,,,,,,,,,,,,,,,,,,,,,,,,,,,,,High,High,High,,,,,
114,9/23/25,09:38.2,3,4,"Gay, Alex",813960,Right,MIA_RED,"Phillips, Drew",1000194003,Right,MIA_RED,Undefined,4,Top,1,3,0,Fastball,Four-Seam,BallCalled,Walk,Undefined,Undefined,0,0,,87.99831,0.388349,-0.048353,2021.785675,213.63269,1:00,6.56862,0.419,5.83313,-21.77544,14.86068,9.01666,5.11497,1.12544,79.2516,-3.742078,1.568029,0.435638,,,,,,,,,,,,-4.55528,7.8239,-0.42006,50,6.58763,-0.2898,-127.6118,0.19621,-7.4048,29.74592,-19.45591,MIA_RED,MIA_RED,McKieFieldStad,TeamExclusive,Team,20250923-McKieFieldStad-Private-2,3bca22c0-98b9-11f0-b0f2-f5a226a5d545,86.52229,,,8.74671,,,,,,,14081ae7-7498-4b72-b6d1-2ebe0d22cb14,9/23/25,09:38.2,2025-09-23T16:09:38.1880000-04:00,2025-09-23T20:09:38.1880000Z,,v3,471355,471355,,"Buffington, Matthew",825106,Right,MIA_RED,455e8c2e-a3ac-474d-8edf-6756a148a9ae,54.65948,-128.69333,14.87296,6.56763,0.9036,-9.72795,-0.41442,-0.02057,-3.7024,,,,,,,,,,,,,,,,,,,,,,,,,,,,,,,,,,,,,,,,,,,,,,,,,,,High,High,High,,,,,
115,9/23/25,10:15.4,4,1,"Gay, Alex",813960,Right,MIA_RED,"Harrison, Tommy",811731,Left,MIA_RED,Undefined,4,Top,1,0,0,Fastball,Sinker,InPlay,Undefined,FlyBall,Out,1,0,,90.62163,-1.974959,-2.60858,2075.215266,224.362479,1:30,6.26477,0.88064,5.70037,-20.10131,14.6752,13.12135,2.74674,-0.45829,81.79995,-5.768765,-0.263588,0.424438,77.10388,58.154679,-30.06778,5007.530989,80.7612,113.30746,-74.68346,202.86956,87.73731,-47.04409,5.283491,-7.52245,8.45461,-0.67015,50,6.08669,5.40318,-131.26315,-5.18293,-12.94122,31.407,-17.62922,MIA_RED,MIA_RED,McKieFieldStad,TeamExclusive,Team,20250923-McKieFieldStad-Private-2,52267870-98b9-11f0-b0f2-f5a226a5d545,88.80546,113.314,,8.82168,,,,1.44599,2.95982,0.07188,14081ae7-7498-4b72-b6d1-2ebe0d22cb14,9/23/25,10:15.4,2025-09-23T16:10:15.3800000-04:00,2025-09-23T20:10:15.3800000Z,Popup,v3,471355,471355,,"Buffington, Matthew",825106,Right,MIA_RED,18925b32-03b0-4d15-afeb-958447714e0e,54.79624,-132.40576,15.7035,6.26358,-4.54156,-8.81461,-0.87529,5.87399,-6.47061,149.744886,1.46396,51.21069,-11.98457,0.18861,2.38735,-1.32388,0.33784,-0.04205,0.00205,2.94441,96.32573,-26.30004,3.90483,-1.15895,0.23648,-0.01788,-0.00144,0.00021,0.08834,-30.23884,-0.17653,-1.38895,1.74511,-0.84192,0.20551,-0.02501,0.0012,,,,,,,,,,,,,,,,,,,,,,,High,High,High,Medium,Low,,,
116,9/23/25,11:19.6,5,1,"Gay, Alex",813960,Right,MIA_RED,"Krupinski, Dom",702597,Left,MIA_RED,Undefined,4,Top,2,0,0,Curveball,Curveball,BallCalled,Undefined,Undefined,Undefined,0,0,,76.3076,1.372301,1.188777,1574.726352,40.122481,7:15,6.39996,0.7385,5.19055,-57.04062,-7.16772,-7.50689,2.93803,1.23138,69.37743,-8.983323,-0.143566,0.508281,,,,,,,,,,,,4.09028,-3.40839,-0.84298,50,6.48444,-1.99196,-110.60257,0.65913,4.99851,22.20316,-36.33926,MIA_RED,MIA_RED,McKieFieldStad,TeamExclusive,Team,20250923-McKieFieldStad-Private-2,7844ec80-98b9-11f0-b0f2-f5a226a5d545,74.15672,,,6.93017,,,,,,,14081ae7-7498-4b72-b6d1-2ebe0d22cb14,9/23/25,11:19.6,2025-09-23T16:11:19.5970000-04:00,2025-09-23T20:11:19.5970000Z,,v3,471355,471355,,"Buffington, Matthew",825106,Right,MIA_RED,79bc9de5-0b08-4b08-9d63-7ec800c28f4a,55.30711,-111.66287,11.10158,6.41153,2.3945,-18.16963,-0.74215,-2.23066,2.49926,,,,,,,,,,,,,,,,,,,,,,,,,,,,,81.31096,1.918921,0.688794,1.230127,-1.80748,2.40896,-1.22103,-1.17518,5.4776,0.34932,127.27716,1.70762,2.95045,-1.05655,116.98859,-10.4038,5.52712,13.91096,-13.88185,0.32105,0.14727,1.64369,High,High,High,,,High,High,High
117,9/23/25,11:52.7,5,2,"Gay, Alex",813960,Right,MIA_RED,"Krupinski, Dom",702597,Left,MIA_RED,Undefined,4,Top,2,1,0,Fastball,Four-Seam,StrikeCalled,Undefined,Undefined,Undefined,0,0,,89.42168,-2.302882,-2.782615,2127.328057,216.068324,1:15,6.36526,0.83309,5.952,-19.69229,15.54662,10.42938,2.58484,-0.88047,81.12072,-6.030842,-0.910618,0.42725,,,,,,,,,,,,-6.16457,9.02682,-0.61744,50,6.17095,5.85016,-129.56448,-5.81145,-10.3879,29.26399,-16.96294,MIA_RED,MIA_RED,McKieFieldStad,TeamExclusive,Team,20250923-McKieFieldStad-Private-2,8c160370-98b9-11f0-b0f2-f5a226a5d545,88.22096,,,8.30096,,,,,,,14081ae7-7498-4b72-b6d1-2ebe0d22cb14,9/23/25,11:52.7,2025-09-23T16:11:52.7010000-04:00,2025-09-23T20:11:52.7010000Z,,v3,471355,471355,,"Buffington, Matthew",825106,Right,MIA_RED,49cac42a-8e46-4181-b1b9-757e12dbbad9,54.54344,-130.58665,14.632,6.36359,-5.21894,-8.48147,-0.82812,6.213,-5.19395,,,,,,,,,,,,,,,,,,,,,,,,,,,,,,,,,,,,,,,,,,,,,,,,,,,High,High,High,,,,,
118,9/23/25,12:16.9,5,3,"Gay, Alex",813960,Right,MIA_RED,"Krupinski, Dom",702597,Left,MIA_RED,Undefined,4,Top,2,1,1,Curveball,Curveball,BallCalled,Undefined,Undefined,Undefined,0,0,,77.73981,-0.247608,-0.655232,1746.588418,43.424047,7:30,6.39824,1.03309,5.29646,-54.91983,-7.1,-8.27957,1.5891,-0.27207,71.01195,-10.197906,-2.129965,0.497709,,,,,,,,,,,,3.95063,-3.02248,-0.96722,50,6.3356,1.61613,-112.76618,-2.38921,5.01505,23.21437,-36.01086,MIA_RED,MIA_RED,McKieFieldStad,TeamExclusive,Team,20250923-McKieFieldStad-Private-2,9a8032f0-98b9-11f0-b0f2-f5a226a5d545,75.7319,,,6.72786,,,,,,,14081ae7-7498-4b72-b6d1-2ebe0d22cb14,9/23/25,12:16.9,2025-09-23T16:12:16.9280000-04:00,2025-09-23T20:12:16.9280000Z,,v3,471355,471355,,"Buffington, Matthew",825106,Right,MIA_RED,1b63fbee-1a73-4190-aa22-a1712f70cc64,55.20258,-113.83216,11.60719,6.40734,-0.73562,-18.00543,-1.03615,1.38585,2.50752,,,,,,,,,,,,,,,,,,,,,,,,,,,,,,,,,,,,,,,,,,,,,,,,,,,High,High,High,,,,,
119,9/23/25,12:39.7,5,4,"Gay, Alex",813960,Right,MIA_RED,"Krupinski, Dom",702597,Left,MIA_RED,Undefined,4,Top,2,2,1,Curveball,Curveball,BallCalled,Undefined,Undefined,Undefined,0,0,,77.08832,2.620989,1.154283,1547.160412,23.882156,6:45,6.36067,0.78791,5.07645,-57.44405,-8.18461,-4.40323,4.04669,1.50926,69.67143,-7.807627,0.375462,0.505145,,,,,,,,,,,,2.53162,-4.26197,-0.89374,50,6.56436,-2.0643,-111.59278,3.0403,3.1433,22.95871,-37.46584,MIA_RED,MIA_RED,McKieFieldStad,TeamExclusive,Team,20250923-McKieFieldStad-Private-2,a8070750-98b9-11f0-b0f2-f5a226a5d545,74.61706,,,7.41689,,,,,,,14081ae7-7498-4b72-b6d1-2ebe0d22cb14,9/23/25,12:39.7,2025-09-23T16:12:39.7410000-04:00,2025-09-23T20:12:39.7410000Z,,v3,471355,471355,,"Buffington, Matthew",825106,Right,MIA_RED,46255e5d-84cc-489c-af07-18dceb8c353d,55.42033,-112.70242,11.47936,6.37366,4.8511,-18.73292,-0.7903,-2.21623,1.57165,,,,,,,,,,,,,,,,,,,,,,,,,,,,,,,,,,,,,,,,,,,,,,,,,,,High,High,High,,,,,
120,9/23/25,13:02.7,5,5,"Gay, Alex",813960,Right,MIA_RED,"Krupinski, Dom",702597,Left,MIA_RED,Undefined,4,Top,2,3,1,Fastball,Four-Seam,BallCalled,Walk,Undefined,Undefined,0,3,,88.57028,0.551636,-1.905542,2121.817149,217.217136,1:15,6.49633,0.59595,5.99116,-23.43497,12.54115,8.54859,5.05494,-0.45824,79.73748,-3.885047,-0.369412,0.431696,,,,,,,,,,,,-4.96142,6.63323,-0.45023,50,6.52708,3.90554,-128.42575,0.5068,-8.16562,30.20465,-21.25693,MIA_RED,MIA_RED,McKieFieldStad,TeamExclusive,Team,20250923-McKieFieldStad-Private-2,b5ae34f0-98b9-11f0-b0f2-f5a226a5d545,87.31237,,,8.8328,,,,,,,14081ae7-7498-4b72-b6d1-2ebe0d22cb14,9/23/25,13:02.7,2025-09-23T16:13:02.7110000-04:00,2025-09-23T20:13:02.7110000Z,,v3,471355,471355,,"Buffington, Matthew",825106,Right,MIA_RED,508c84c8-4332-4bc2-831e-1f277b328334,54.50275,-129.48043,15.10232,6.49642,1.24905,-10.62846,-0.59158,4.19067,-4.08281,,,,,,,,,,,,,,,,,,,,,,,,,,,,,81.33504,1.440211,0.63191,0.808301,-1.7955,4.82801,0.47635,-1.33816,5.33271,-2.07873,67.36068,4.96839,-57.41591,-1.31134,89.57121,-5.69307,5.35257,10.04309,-13.0022,-2.15173,-76.65052,10.20732,High,High,High,,,High,High,High
121,9/23/25,16:22.7,1,1,"Ross, Luke",1000078058,Left,MIA_RED,"Rasmussen, Jamie",10272616,Right,MIA_RED,Undefined,4,Bottom,0,0,0,Curveball,Curveball,BallCalled,Undefined,Undefined,Undefined,0,0,,75.3155,1.10721,1.920569,2002.170476,320.190727,4:45,5.77552,-0.87507,5.4297,-62.12196,-11.53493,11.00634,1.63634,1.84147,69.04454,-10.152738,3.88222,0.511907,,,,,,,,,,,,-5.03914,-5.91544,0.69666,50,5.8296,-4.06385,-109.29338,0.08892,-6.02178,21.42555,-39.24303,MIA_RED,MIA_RED,McKieFieldStad,TeamExclusive,Team,20250923-McKieFieldStad-Private-2,2d25b3f0-98ba-11f0-b0f2-f5a226a5d545,73.63145,,,6.27096,,,,,,,14081ae7-7498-4b72-b6d1-2ebe0d22cb14,9/23/25,16:22.7,2025-09-23T16:16:22.6950000-04:00,2025-09-23T20:16:22.6950000Z,,v3,471355,471355,,"Raether, Carson",1000338521,Right,MIA_RED,5f5d3a47-8093-4435-84fc-65b1032b55ac,55.07262,-110.28332,10.71277,5.78361,1.90209,-19.62152,0.87799,-3.78562,-3.01089,,,,,,,,,,,,,,,,,,,,,,,,,,,,,,,,,,,,,,,,,,,,,,,,,,,High,High,High,,,,,
122,9/23/25,16:47.5,1,2,"Ross, Luke",1000078058,Left,MIA_RED,"Rasmussen, Jamie",10272616,Right,MIA_RED,Undefined,4,Bottom,0,1,0,Fastball,Four-Seam,FoulBallNotFieldable,Undefined,Undefined,Undefined,0,0,,86.11864,-1.962361,1.971412,1982.204188,147.345756,11:00,5.80742,-0.67269,6.06287,-19.81013,18.18777,-10.76536,2.33866,0.25543,77.69207,-5.750348,0.033558,0.443661,,,,,,,,,,,,6.21473,10.42119,0.52557,50,5.64469,-3.8696,-124.85196,-4.82721,9.65378,28.86215,-15.98604,MIA_RED,MIA_RED,McKieFieldStad,TeamExclusive,Team,20250923-McKieFieldStad-Private-2,3bcac990-98ba-11f0-b0f2-f5a226a5d545,84.95776,,,8.42658,,,,,,,14081ae7-7498-4b72-b6d1-2ebe0d22cb14,9/23/25,16:47.5,2025-09-23T16:16:47.5410000-04:00,2025-09-23T20:16:47.5410000Z,,v3,471355,471355,,"Raether, Carson",1000338521,Right,MIA_RED,33c1ef7f-4f81-4bb0-8bfa-3983981ec424,54.43358,-125.8727,14.43108,5.80541,-4.26185,-7.99302,0.66846,-4.21102,4.82689,,,,,,,,,,,,,,,,,,,,,,,,,,,,,,,,,,,,,,,,,,,,,,,,,,,High,High,High,,,,,
123,9/23/25,17:10.2,1,3,"Ross, Luke",1000078058,Left,MIA_RED,"Rasmussen, Jamie",10272616,Right,MIA_RED,Undefined,4,Bottom,0,1,1,ChangeUp,Changeup,InPlay,Undefined,Bunt,Out,1,0,,82.63024,-2.170412,1.625118,1657.933006,122.931146,10:00,5.58459,-0.96058,6.56304,-28.87616,11.27839,-15.32398,1.18676,-0.74735,75.44546,-7.610042,-1.16355,0.456078,,,,,,,,,,,,8.59949,6.97874,0.85495,50,5.42284,-2.87028,-120.02266,-5.3336,12.43949,25.03811,-22.07904,MIA_RED,MIA_RED,McKieFieldStad,TeamExclusive,Team,20250923-McKieFieldStad-Private-2,495854b0-98ba-11f0-b0f2-f5a226a5d545,82.64477,,,7.18478,,,,,,,14081ae7-7498-4b72-b6d1-2ebe0d22cb14,9/23/25,17:10.2,2025-09-23T16:17:10.1800000-04:00,2025-09-23T20:17:10.1800000Z,,v3,471355,471355,,"Raether, Carson",1000338521,Right,MIA_RED,992c1ae5-6f80-4a93-832f-310a3a6f8f17,53.93554,-120.84087,12.51906,5.58535,-4.61208,-11.03952,0.95539,-3.27678,6.21975,,,,,,,,,,,,,,,,,,,,,,,,,,,,,,,,,,,,,,,,,,,,,,,,,,,High,High,High,,,,,
124,9/23/25,17:43.2,2,1,"Ross, Luke",1000078058,Left,MIA_RED,"Buffington, Matthew",825106,Right,MIA_RED,Undefined,4,Bottom,1,0,0,Fastball,Four-Seam,BallCalled,Undefined,Undefined,Undefined,0,0,,87.51889,-3.157224,3.045724,2010.278483,148.006571,11:00,5.81099,-0.60811,6.16487,-18.59438,18.11863,-10.48119,1.33804,1.33445,79.11518,-6.712791,1.157534,0.436095,,,,,,,,,,,,6.40528,10.77457,0.38243,50,5.56177,-6.32191,-126.69925,-7.50315,10.26602,29.2691,-14.90523,MIA_RED,MIA_RED,McKieFieldStad,TeamExclusive,Team,20250923-McKieFieldStad-Private-2,5d1e9630-98ba-11f0-b0f2-f5a226a5d545,86.43168,,,8.40371,,,,,,,14081ae7-7498-4b72-b6d1-2ebe0d22cb14,9/23/25,17:43.2,2025-09-23T16:17:43.1630000-04:00,2025-09-23T20:17:43.1630000Z,,v3,471355,471355,,"Raether, Carson",1000338521,Right,MIA_RED,e9dbead9-e22d-44e1-98a6-50302de35ade,54.33146,-127.69595,14.63455,5.80864,-6.99558,-7.45262,0.60366,-6.6715,5.13301,,,,,,,,,,,,,,,,,,,,,,,,,,,,,,,,,,,,,,,,,,,,,,,,,,,High,High,High,,,,,
125,9/23/25,18:02.0,2,2,"Ross, Luke",1000078058,Left,MIA_RED,"Buffington, Matthew",825106,Right,MIA_RED,Undefined,4,Bottom,1,1,0,Fastball,Changeup,BallCalled,Undefined,Undefined,Undefined,0,0,,85.84548,-3.356282,1.635885,1841.266012,132.562767,10:30,5.79972,-0.72597,6.09699,-24.15927,13.96288,-13.7293,0.67745,-0.35666,77.99221,-7.892934,-0.840256,0.444386,,,,,,,,,,,,7.63473,8.66024,0.60732,50,5.52844,-3.01502,-124.40363,-8.01523,11.81844,27.80353,-18.76819,MIA_RED,MIA_RED,McKieFieldStad,TeamExclusive,Team,20250923-McKieFieldStad-Private-2,6849ee60-98ba-11f0-b0f2-f5a226a5d545,84.81918,,,7.85327,,,,,,,14081ae7-7498-4b72-b6d1-2ebe0d22cb14,9/23/25,18:02.0,2025-09-23T16:18:02.0260000-04:00,2025-09-23T20:18:02.0260000Z,,v3,471355,471355,,"Raether, Carson",1000338521,Right,MIA_RED,6c3c1076-7917-453a-8780-d258887d9008,54.40034,-125.38322,13.90177,5.79919,-7.35397,-9.38409,0.72089,-3.43141,5.90922,,,,,,,,,,,,,,,,,,,,,,,,,,,,,,,,,,,,,,,,,,,,,,,,,,,High,High,High,,,,,
126,9/23/25,18:26.9,2,3,"Ross, Luke",1000078058,Left,MIA_RED,"Buffington, Matthew",825106,Right,MIA_RED,Undefined,4,Bottom,1,2,0,Fastball,Four-Seam,InPlay,Undefined,FlyBall,Out,1,0,,86.92454,-2.430377,1.198169,2079.360466,146.151548,10:45,5.79206,-0.61888,6.07343,-17.8954,19.16662,-11.98938,2.05012,-0.50918,78.89152,-5.853597,-0.961501,0.438163,90.4976,33.950579,-6.796194,,109.36614,66.47652,-11.78891,344.64701,342.54422,-5.37772,5.162197,6.57099,11.01737,0.53258,50,5.59446,-2.15809,-126.1044,-5.83871,10.4781,27.97441,-14.60578,MIA_RED,MIA_RED,McKieFieldStad,TeamExclusive,Team,20250923-McKieFieldStad-Private-2,76fee280-98ba-11f0-b0f2-f5a226a5d545,86.02372,89.60179,,8.03303,,,,1.87881,2.14564,0.49235,14081ae7-7498-4b72-b6d1-2ebe0d22cb14,9/23/25,18:26.9,2025-09-23T16:18:26.8830000-04:00,2025-09-23T20:18:26.8830000Z,FlyBall,v3,471355,471355,,"Raether, Carson",1000338521,Right,MIA_RED,e8978a25-164f-4d47-973e-ce83ef4cdf05,54.42366,-127.08193,13.98721,5.78957,-5.32833,-7.30289,0.61439,-2.52424,5.23905,182.022356,1.88132,109.27611,-19.40925,4.22846,-0.65509,0.06281,-0.00427,0.0005,-4.00E-05,2.14556,74.12874,-17.70825,1.2088,-0.19703,0.00295,0.00958,-0.00197,0.00012,0.49188,-13.02103,2.72531,-0.53415,0.08401,-0.01199,0.00217,-0.00032,2.00E-05,,,,,,,,,,,,,,,,,,,,,,,High,High,High,High,Medium,,,
127,9/23/25,19:15.3,3,1,"Ross, Luke",1000078058,Left,MIA_RED,"Roa Calcano, Christopher",1000375139,Right,MIA_RED,Undefined,4,Bottom,2,0,0,Fastball,Four-Seam,StrikeCalled,Undefined,Undefined,Undefined,0,0,,87.12926,-2.642773,1.959797,1990.750395,140.107477,10:45,5.78146,-0.74219,6.17655,-21.00564,15.84863,-12.15556,1.58724,0.05541,78.9891,-6.629597,-0.233926,0.436934,,,,,,,,,,,,6.89008,9.40697,0.60001,50,5.57087,-3.83407,-126.31919,-6.43084,11.00382,28.51258,-17.15057,MIA_RED,MIA_RED,McKieFieldStad,TeamExclusive,Team,20250923-McKieFieldStad-Private-2,93de6510-98ba-11f0-b0f2-f5a226a5d545,86.26583,,,8.14016,,,,,,,14081ae7-7498-4b72-b6d1-2ebe0d22cb14,9/23/25,19:15.3,2025-09-23T16:19:15.3130000-04:00,2025-09-23T20:19:15.3130000Z,,v3,471355,471355,,"Raether, Carson",1000338521,Right,MIA_RED,f15d7282-fe54-46f8-bb80-2cae2d678c0a,54.3195,-127.29045,14.25629,5.77998,-5.84662,-8.57529,0.73699,-4.2089,5.50191,,,,,,,,,,,,,,,,,,,,,,,,,,,,,,,,,,,,,,,,,,,,,,,,,,,High,High,High,,,,,
128,9/23/25,19:33.2,3,2,"Ross, Luke",1000078058,Left,MIA_RED,"Roa Calcano, Christopher",1000375139,Right,MIA_RED,Undefined,4,Bottom,2,0,1,Curveball,Curveball,BallCalled,Undefined,Undefined,Undefined,0,0,,74.44511,3.055386,-1.829167,1894.375251,316.693763,4:30,5.75475,-0.70609,5.21819,-62.73917,-10.34371,11.45694,3.40343,-1.47175,67.56706,-8.338334,0.201883,0.520977,,,,,,,,,,,,-6.26347,-5.54079,0.86601,50,5.98999,2.99581,-107.8114,3.62498,-7.28109,20.90025,-38.61506,MIA_RED,MIA_RED,McKieFieldStad,TeamExclusive,Team,20250923-McKieFieldStad-Private-2,9e79b240-98ba-11f0-b0f2-f5a226a5d545,72.34959,,,6.87805,,,,,,,14081ae7-7498-4b72-b6d1-2ebe0d22cb14,9/23/25,19:33.2,2025-09-23T16:19:33.2150000-04:00,2025-09-23T20:19:33.2150000Z,,v3,471355,471355,,"Raether, Carson",1000338521,Right,MIA_RED,8d467ff8-cec0-41a3-85f2-1b1f87a2ac9b,55.28167,-108.83049,10.45013,5.76734,5.50783,-19.30753,0.71128,3.35083,-3.64054,,,,,,,,,,,,,,,,,,,,,,,,,,,,,,,,,,,,,,,,,,,,,,,,,,,High,High,High,,,,,
129,9/23/25,19:51.6,3,3,"Ross, Luke",1000078058,Left,MIA_RED,"Roa Calcano, Christopher",1000375139,Right,MIA_RED,Undefined,4,Bottom,2,1,1,Fastball,Four-Seam,BallCalled,Undefined,Undefined,Undefined,0,0,,87.50535,-3.984215,2.914781,2054.052214,146.755287,11:00,5.72946,-0.60649,6.2,-17.63088,19.04792,-11.61087,0.57173,1.11886,79.25447,-7.358574,0.821081,0.435892,,,,,,,,,,,,6.98437,11.54166,0.39317,50,5.4204,-5.99312,-126.62514,-9.29903,11.1923,28.99617,-13.67884,MIA_RED,MIA_RED,McKieFieldStad,TeamExclusive,Team,20250923-McKieFieldStad-Private-2,a9a0ebc0-98ba-11f0-b0f2-f5a226a5d545,86.47198,,,8.25087,,,,,,,14081ae7-7498-4b72-b6d1-2ebe0d22cb14,9/23/25,19:51.5,2025-09-23T16:19:51.5500000-04:00,2025-09-23T20:19:51.5500000Z,,v3,471355,471355,,"Raether, Carson",1000338521,Right,MIA_RED,710b3091-f24c-4261-b575-2c9815357a7a,54.29758,-127.60546,14.49808,5.72697,-8.83657,-6.83942,0.60218,-6.37151,5.59615,,,,,,,,,,,,,,,,,,,,,,,,,,,,,,,,,,,,,,,,,,,,,,,,,,,High,High,High,,,,,
130,9/23/25,20:13.0,3,4,"Ross, Luke",1000078058,Left,MIA_RED,"Roa Calcano, Christopher",1000375139,Right,MIA_RED,Undefined,4,Bottom,2,2,1,Fastball,Four-Seam,InPlay,Undefined,GroundBall,Double,0,1,,86.87331,-2.808326,1.909946,2109.097456,141.896143,10:45,5.77427,-0.7091,6.29296,-19.54631,17.30371,-12.55757,1.55412,0.00504,78.87564,-6.537469,-0.361081,0.436908,78.64926,-9.987039,-48.370505,,,,,11.36835,10.32034,-38.680194,0.083864,7.16024,10.258,0.57463,50,5.55808,-3.71908,-126.00364,-6.71289,11.39032,28.11923,-15.85586,MIA_RED,MIA_RED,McKieFieldStad,TeamExclusive,Team,20250923-McKieFieldStad-Private-2,b635bf00-98ba-11f0-b0f2-f5a226a5d545,86.27086,1.68059,,7.99767,,,,2.53467,1.68059,0.0286,14081ae7-7498-4b72-b6d1-2ebe0d22cb14,9/23/25,20:13.0,2025-09-23T16:20:12.9660000-04:00,2025-09-23T20:20:12.9660000Z,GroundBall,v3,471355,471355,,"Raether, Carson",1000338521,Right,MIA_RED,98b46a39-8f98-4c2c-915f-92f50e7bba79,54.20473,-126.93851,14.05962,5.77249,-6.18574,-7.92793,0.70457,-4.09777,5.69516,180,2.53291,75.59876,,,,,,,,1.68105,-20.03951,,,,,,,,0.03057,-85.06069,,,,,,,,,,,,,,,,,,,,,,,,,,,,,,High,High,High,Low,Low,,,
131,9/23/25,21:02.1,4,1,"Ross, Luke",1000078058,Left,MIA_RED,"Vrlak, Jake",1000131822,Right,MIA_RED,Undefined,4,Bottom,2,0,0,Fastball,Changeup,BallCalled,Undefined,Undefined,Undefined,0,0,,84.44466,-0.846329,0.329517,1839.234055,143.944214,10:45,5.81779,-0.67822,6.07382,-23.23045,15.9332,-10.63335,3.09875,-1.25943,76.71738,-5.245464,-1.586125,0.450415,,,,,,,,,,,,5.54024,8.85335,0.65806,50,5.73998,-0.27915,-122.60186,-2.47389,8.36527,26.04735,-18.80629,MIA_RED,MIA_RED,McKieFieldStad,TeamExclusive,Team,20250923-McKieFieldStad-Private-2,d3965870-98ba-11f0-b0f2-f5a226a5d545,83.6838,,,7.72727,,,,,,,14081ae7-7498-4b72-b6d1-2ebe0d22cb14,9/23/25,21:02.1,2025-09-23T16:21:02.1380000-04:00,2025-09-23T20:21:02.1380000Z,,v3,471355,471355,,"Raether, Carson",1000338521,Right,MIA_RED,c6a05bf8-25fc-48a9-a33e-b65031ca3dd5,54.42114,-123.53758,13.02367,5.81672,-1.7983,-9.40314,0.67349,-0.57966,4.18263,,,,,,,,,,,,,,,,,,,,,,,,,,,,,76.67543,1.566264,0.708915,0.857349,-1.09966,2.86228,1.33111,-1.96025,5.74313,-2.65404,64.11851,1.68558,-60.65831,-1.94485,81.4713,-5.18016,5.75447,6.07105,-12.63982,-2.69916,-76.25821,10.18036,High,High,High,,,High,High,High
132,9/23/25,21:35.7,4,2,"Ross, Luke",1000078058,Left,MIA_RED,"Vrlak, Jake",1000131822,Right,MIA_RED,Undefined,4,Bottom,2,1,0,Fastball,Four-Seam,FoulBallNotFieldable,Undefined,Undefined,Undefined,0,0,,85.91008,-2.315282,1.638677,2038.879591,146.311539,11:00,5.77044,-0.69848,6.13502,-20.06434,18.01895,-11.08245,1.95654,-0.1071,77.5546,-6.150023,-0.359761,0.444159,82.19308,7.389666,-47.12584,4720.330612,,,,83.26331,82.69257,-47.833475,0.753356,6.28327,10.47564,0.57918,50,5.5834,-3.12753,-124.55789,-5.58521,9.71316,28.75503,-15.98006,MIA_RED,MIA_RED,McKieFieldStad,TeamExclusive,Team,20250923-McKieFieldStad-Private-2,e7ba7160-98ba-11f0-b0f2-f5a226a5d545,84.86244,4.44374,,8.35548,,,,2.24359,2.122,0.10478,14081ae7-7498-4b72-b6d1-2ebe0d22cb14,9/23/25,21:35.7,2025-09-23T16:21:35.7520000-04:00,2025-09-23T20:21:35.7520000Z,GroundBall,v3,471355,471355,,"Raether, Carson",1000338521,Right,MIA_RED,7da962bb-55be-497c-8505-b31879914c3a,54.36137,-125.56071,14.37751,5.76846,-5.02791,-7.99003,0.69415,-3.46627,4.85658,,2.27747,80.72773,-12.74186,,,,,,,2.18468,14.37262,-23.02885,,,,,,,0.10434,-87.6063,7.3661,,,,,,,,,,,,,,,,,,,,,,,,,,,,,High,High,High,High,High,,,
133,9/23/25,22:00.0,4,3,"Ross, Luke",1000078058,Left,MIA_RED,"Vrlak, Jake",1000131822,Right,MIA_RED,Undefined,4,Bottom,2,1,1,ChangeUp,Changeup,BallCalled,Undefined,Undefined,Undefined,0,0,,82.9652,-2.276943,3.187909,1499.689299,114.326187,9:45,5.61699,-0.83279,6.83901,-32.59203,6.86878,-12.27938,0.82025,1.05409,75.89009,-8.406002,0.944041,0.452121,,,,,,,,,,,,7.5067,4.71264,0.6326,50,5.45914,-6.29367,-120.42748,-5.66644,10.94226,25.0063,-25.30457,MIA_RED,MIA_RED,McKieFieldStad,TeamExclusive,Team,20250923-McKieFieldStad-Private-2,f6314b10-98ba-11f0-b0f2-f5a226a5d545,83.36809,,,7.07512,,,,,,,14081ae7-7498-4b72-b6d1-2ebe0d22cb14,9/23/25,22:00.0,2025-09-23T16:21:59.9970000-04:00,2025-09-23T20:21:59.9970000Z,,v3,471355,471355,,"Raether, Carson",1000338521,Right,MIA_RED,92f859f9-c477-4c64-961c-8ba738dc6205,53.65959,-121.185,12.50315,5.61918,-4.89989,-12.65229,0.82827,-6.62514,5.47113,,,,,,,,,,,,,,,,,,,,,,,,,,,,,,,,,,,,,,,,,,,,,,,,,,,High,High,High,,,,,
134,9/23/25,22:22.2,4,4,"Ross, Luke",1000078058,Left,MIA_RED,"Vrlak, Jake",1000131822,Right,MIA_RED,Undefined,4,Bottom,2,2,1,Fastball,Four-Seam,BallCalled,Undefined,Undefined,Undefined,1,0,,87.49813,-3.699437,1.970446,2085.839263,146.866412,11:00,5.84077,-0.6363,6.1486,-18.82363,17.96284,-10.838,0.84713,0.28192,79.08515,-7.29007,0.015692,0.436531,,,,,,,,,,,,6.2604,10.88737,0.49194,50,5.5493,-3.92518,-126.68472,-8.71145,10.01541,29.64337,-14.75642,MIA_RED,MIA_RED,McKieFieldStad,TeamExclusive,Team,20250923-McKieFieldStad-Private-2,03608990-98bb-11f0-b0f2-f5a226a5d545,86.3453,,,8.41298,,,,,,,14081ae7-7498-4b72-b6d1-2ebe0d22cb14,9/23/25,22:22.2,2025-09-23T16:22:22.1710000-04:00,2025-09-23T20:22:22.1710000Z,,v3,471355,471355,,"Raether, Carson",1000338521,Right,MIA_RED,4d173afc-6390-4fbf-9006-32ef90e96ace,54.3478,-127.69802,14.82168,5.83846,-8.20703,-7.37821,0.63196,-4.26753,5.0077,,,,,,,,,,,,,,,,,,,,,,,,,,,,,77.38273,1.665837,0.846746,0.819092,2.75568,1.01716,-0.28097,-0.918,5.86117,-4.16562,63.31332,4.98563,-61.46248,-0.90372,82.54761,-5.09411,5.86985,9.50595,-12.94338,-4.19359,-76.54853,8.15532,High,High,High,,,High,High,High
135,9/23/25,25:17.3,1,1,"Fulk, Landon",824476,Right,MIA_RED,"Breidenbach, Mason",1000074554,Right,MIA_RED,Undefined,5,Top,0,0,0,Fastball,Sinker,BallCalled,Undefined,Undefined,Undefined,0,0,,92.82623,0.404078,-2.268606,2556.889916,235.955793,1:45,5.08624,1.77286,5.45454,-21.05615,11.94997,16.12761,3.71012,0.99208,84.55099,-3.524453,0.600257,0.413493,,,,,,,,,,,,-8.70497,6.21508,-1.58395,50,5.10765,4.57303,-134.67355,0.19179,-15.9755,29.44626,-20.76802,MIA_RED,MIA_RED,McKieFieldStad,TeamExclusive,Team,20250923-McKieFieldStad-Private-2,6ba33610-98bb-11f0-a8f4-43aa46516001,91.1561,,,8.27525,,,,,,,14081ae7-7498-4b72-b6d1-2ebe0d22cb14,9/23/25,25:17.3,2025-09-23T16:25:17.2881408-04:00,2025-09-23T20:25:17.2881408Z,,v3,471355,471355,,"Buffington, Matthew",825106,Right,MIA_RED,bd2b66c3-4df8-4519-a4b8-11b0c4a53660,55.04239,-135.77159,14.72313,5.08606,0.96622,-10.38401,-1.76558,5.16875,-7.98775,,,,,,,,,,,,,,,,,,,,,,,,,,,,,,,,,,,,,,,,,,,,,,,,,,,High,High,High,,,,,
136,9/23/25,25:38.2,1,2,"Fulk, Landon",824476,Right,MIA_RED,"Breidenbach, Mason",1000074554,Right,MIA_RED,Undefined,5,Top,0,1,0,Fastball,Sinker,FoulBallNotFieldable,Undefined,Undefined,Undefined,0,0,,92.56468,-1.131456,-2.323646,2567.389424,229.895712,1:45,5.03081,1.67532,5.47724,-22.52273,10.73623,11.44886,2.0942,0.45396,84.30735,-5.316928,-0.285473,0.415074,,,,,,,,,,,,-6.5037,6.06197,-1.47955,50,4.91627,4.93153,-134.26367,-3.47347,-11.82175,30.21418,-21.15522,MIA_RED,MIA_RED,McKieFieldStad,TeamExclusive,Team,20250923-McKieFieldStad-Private-2,77fb9c90-98bb-11f0-a8f4-43aa46516001,90.8089,,,8.25732,,,,,,,14081ae7-7498-4b72-b6d1-2ebe0d22cb14,9/23/25,25:38.2,2025-09-23T16:25:38.1892608-04:00,2025-09-23T20:25:38.1892608Z,,v3,471355,471355,,"Buffington, Matthew",825106,Right,MIA_RED,f4ae865c-3e8f-4ae7-8978-fd95428a3a19,55.02145,-135.38896,15.10709,5.03097,-2.68557,-10.57761,-1.67142,5.37181,-5.91087,,,,,,,,,,,,,,,,,,,,,,,,,,,,,,,,,,,,,,,,,,,,,,,,,,,High,High,High,,,,,
137,9/23/25,26:05.4,1,3,"Fulk, Landon",824476,Right,MIA_RED,"Breidenbach, Mason",1000074554,Right,MIA_RED,Undefined,5,Top,0,1,1,ChangeUp,Changeup,BallCalled,Undefined,Undefined,Undefined,0,0,,86.29278,0.345613,-0.905952,1330.749938,275.413951,3:15,4.8578,1.79239,5.30511,-37.92242,0.27736,9.24,2.02207,1.7119,79.32169,-6.564082,0.7361,0.444838,,,,,,,,,,,,-4.8667,0.40819,-1.71708,50,4.86158,1.57621,-125.33103,-0.68054,-7.76646,24.54777,-31.52268,MIA_RED,MIA_RED,McKieFieldStad,TeamExclusive,Team,20250923-McKieFieldStad-Private-2,882d1e90-98bb-11f0-a8f4-43aa46516001,84.73292,,,6.97109,,,,,,,14081ae7-7498-4b72-b6d1-2ebe0d22cb14,9/23/25,26:05.4,2025-09-23T16:26:05.4078464-04:00,2025-09-23T20:26:05.4078464Z,,v3,471355,471355,,"Buffington, Matthew",825106,Right,MIA_RED,810ccd75-64a0-4c5d-9699-0c8367e69f83,55.19354,-126.34416,12.27388,4.86282,0.62045,-15.76134,-1.78875,1.89675,-3.88323,,,,,,,,,,,,,,,,,,,,,,,,,,,,,,,,,,,,,,,,,,,,,,,,,,,High,High,High,,,,,
138,9/23/25,26:26.7,1,4,"Fulk, Landon",824476,Right,MIA_RED,"Breidenbach, Mason",1000074554,Right,MIA_RED,Undefined,5,Top,0,2,1,Fastball,Sinker,InPlay,Undefined,Bunt,Undefined,0,0,,90.92956,-1.422795,-3.747942,2376.646243,232.698192,1:45,5.12268,1.52333,5.42698,-21.41525,12.99902,15.63871,2.00239,-0.6887,83.2235,-5.402234,-0.971866,0.422222,,,,,,,,,,,,-8.95941,7.25827,-1.20218,50,4.98162,7.93785,-131.78841,-4.03989,-15.7951,27.37366,-19.37802,MIA_RED,MIA_RED,McKieFieldStad,TeamExclusive,Team,20250923-McKieFieldStad-Private-2,9504ee40-98bb-11f0-a8f4-43aa46516001,89.27164,,,7.70606,,,,,,,14081ae7-7498-4b72-b6d1-2ebe0d22cb14,9/23/25,26:26.7,2025-09-23T16:26:26.7224576-04:00,2025-09-23T20:26:26.7224576Z,,v3,471355,471355,,"Buffington, Matthew",825106,Right,MIA_RED,8657fb0e-fae3-426b-9509-42708c4fc6b3,55.07259,-132.83786,13.68683,5.12226,-3.29698,-9.68901,-1.5181,8.5434,-7.89755,,,,,,,,,,,,,,,,,,,,,,,,,,,,,,,,,,,,,,,,,,,,,,,,,,,High,High,High,,,,,
139,9/23/25,27:15.0,2,1,"Fulk, Landon",824476,Right,MIA_RED,"Breidenbach, Mason",1000074554,Right,MIA_RED,Undefined,5,Top,0,0,0,Fastball,Sinker,BallCalled,Undefined,Undefined,Undefined,0,0,,93.06111,-0.442017,-1.643443,2566.880818,233.256831,1:45,4.97011,1.70745,5.40579,-21.01769,11.78209,14.41146,2.80431,1.36816,85.08347,-4.349477,0.919654,0.412199,,,,,,,,,,,,-7.65953,6.35213,-1.57138,50,4.91626,3.19381,-135.08742,-1.81242,-14.17891,28.93682,-20.41531,MIA_RED,MIA_RED,McKieFieldStad,TeamExclusive,Team,20250923-McKieFieldStad-Private-2,b1adf780-98bb-11f0-a8f4-43aa46516001,91.44235,,,7.97764,,,,,,,14081ae7-7498-4b72-b6d1-2ebe0d22cb14,9/23/25,27:15.0,2025-09-23T16:27:14.9819392-04:00,2025-09-23T20:27:14.9819392Z,,v3,471355,471355,,"Buffington, Matthew",825106,Right,MIA_RED,90b5860e-70bc-4003-bd57-0b33433db625,55.09144,-136.17368,14.46841,4.96991,-1.04605,-10.20765,-1.70126,3.72607,-7.08946,,,,,,,,,,,,,,,,,,,,,,,,,,,,,,,,,,,,,,,,,,,,,,,,,,,High,High,High,,,,,
140,9/23/25,27:31.7,2,2,"Fulk, Landon",824476,Right,MIA_RED,"Breidenbach, Mason",1000074554,Right,MIA_RED,Undefined,5,Top,0,1,0,Fastball,Sinker,InPlay,Undefined,GroundBall,Single,0,0,,91.64229,-0.729387,-2.678488,2444.78676,232.19687,1:45,4.87934,1.70657,5.49103,-21.49415,12.24335,14.42257,2.40507,0.401,83.82898,-4.729658,-0.111579,0.41805,87.2037,-20.935663,13.334284,,,,,7.24045,6.90875,8.35398,0.052362,-8.03516,6.69374,-1.48217,50,4.80105,5.57124,-132.97931,-2.45904,-14.41598,27.99728,-20.16471,MIA_RED,MIA_RED,McKieFieldStad,TeamExclusive,Team,20250923-McKieFieldStad-Private-2,bbb6a1a0-98bb-11f0-a8f4-43aa46516001,90.16259,2.39818,,7.81332,,,,1.06413,2.39818,-0.39376,14081ae7-7498-4b72-b6d1-2ebe0d22cb14,9/23/25,27:31.7,2025-09-23T16:27:31.6918784-04:00,2025-09-23T20:27:31.6918784Z,GroundBall,v3,471355,471355,,"Buffington, Matthew",825106,Right,MIA_RED,bdeecdf2-923e-476c-9047-908805dd2441,55.00768,-134.02947,13.99864,4.8791,-1.70267,-10.08236,-1.70129,6.11197,-7.20799,180,1.06201,116.48617,,,,,,,,2.39901,-45.79955,,,,,,,,-0.39427,27.60977,,,,,,,,,,,,,,,,,,,,,,,,,,,,,,High,High,High,High,High,,,
141,9/23/25,28:12.6,3,1,"Fulk, Landon",824476,Right,MIA_RED,"Gonzalez Rivera, Ignacio",10124440,Right,MIA_RED,Undefined,5,Top,0,0,0,Slider,Slider,StrikeSwinging,Undefined,Undefined,Undefined,0,0,,81.90603,-0.19173,-1.699812,2396.514096,77.994338,8:30,4.91758,1.71669,4.9157,-43.04199,0.18783,-5.47705,1.14939,-0.34738,75.25558,-7.96195,-2.665885,0.47322,,,,,,,,,,,,2.23414,0.54559,-1.54599,50,4.86289,3.76219,-118.80083,-2.02214,3.19071,22.90441,-31.39488,MIA_RED,MIA_RED,McKieFieldStad,TeamExclusive,Team,20250923-McKieFieldStad-Private-2,d412e600-98bb-11f0-a8f4-43aa46516001,79.65096,,,6.65045,,,,,,,14081ae7-7498-4b72-b6d1-2ebe0d22cb14,9/23/25,28:12.6,2025-09-23T16:28:12.5993472-04:00,2025-09-23T20:28:12.5993472Z,,v3,471355,471355,,"Buffington, Matthew",825106,Right,MIA_RED,22a46fb8-bcf7-48e9-9eb8-918aca6d9d16,55.58257,-119.8723,11.45221,4.92313,-0.55348,-15.69744,-1.71849,3.61292,1.59535,,,,,,,,,,,,,,,,,,,,,,,,,,,,,,,,,,,,,,,,,,,,,,,,,,,High,High,High,,,,,
142,9/23/25,28:34.0,3,2,"Fulk, Landon",824476,Right,MIA_RED,"Gonzalez Rivera, Ignacio",10124440,Right,MIA_RED,Undefined,5,Top,0,0,1,Fastball,Four-Seam,StrikeCalled,Undefined,Undefined,Undefined,0,0,,92.28736,-1.443826,-3.399212,2511.692488,230.52685,1:45,5.03609,1.51618,5.4345,-21.33678,12.10859,13.40398,1.90328,-0.55374,84.32954,-5.407938,-1.018324,0.416236,,,,,,,,,,,,-7.6815,6.81304,-1.22455,50,4.89349,7.32491,-133.74978,-4.14742,-13.92663,28.61365,-19.82196,MIA_RED,MIA_RED,McKieFieldStad,TeamExclusive,Team,20250923-McKieFieldStad-Private-2,e0d95090-98bb-11f0-a8f4-43aa46516001,90.55548,,,7.95783,,,,,,,14081ae7-7498-4b72-b6d1-2ebe0d22cb14,9/23/25,28:34.0,2025-09-23T16:28:33.9751424-04:00,2025-09-23T20:28:33.9751424Z,,v3,471355,471355,,"Buffington, Matthew",825106,Right,MIA_RED,7a6fa878-dbb3-4913-ad97-c3714cef030b,55.06327,-134.82864,14.30683,5.03577,-3.40006,-9.91098,-1.51063,7.85,-6.96332,,,,,,,,,,,,,,,,,,,,,,,,,,,,,,,,,,,,,,,,,,,,,,,,,,,High,High,High,,,,,
143,9/23/25,28:55.3,3,3,"Fulk, Landon",824476,Right,MIA_RED,"Gonzalez Rivera, Ignacio",10124440,Right,MIA_RED,Undefined,5,Top,0,0,2,Slider,Slider,BallCalled,Undefined,Undefined,Undefined,0,0,,82.53919,1.816283,-3.292527,2611.015087,88.499607,9:00,4.93908,1.66462,4.89555,-41.60675,1.09327,-8.20418,3.19321,-2.13675,75.61474,-5.711026,-4.732367,0.470311,,,,,,,,,,,,3.13055,0.44492,-1.33465,50,5.08238,7.23686,-119.51664,2.21414,4.53153,22.87233,-31.53,MIA_RED,MIA_RED,McKieFieldStad,TeamExclusive,Team,20250923-McKieFieldStad-Private-2,ed88fed0-98bb-11f0-a8f4-43aa46516001,80.14357,,,6.92445,,,,,,,14081ae7-7498-4b72-b6d1-2ebe0d22cb14,9/23/25,28:55.3,2025-09-23T16:28:55.2681984-04:00,2025-09-23T20:28:55.2681984Z,,v3,471355,471355,,"Buffington, Matthew",825106,Right,MIA_RED,aefb3ff9-9e1a-46d9-b6cb-f6c624239623,55.60223,-120.58399,11.43617,4.94472,3.68551,-15.765,-1.66743,7.02539,2.26576,,,,,,,,,,,,,,,,,,,,,,,,,,,,,,,,,,,,,,,,,,,,,,,,,,,High,High,High,,,,,
144,9/23/25,29:20.0,3,4,"Fulk, Landon",824476,Right,MIA_RED,"Gonzalez Rivera, Ignacio",10124440,Right,MIA_RED,Undefined,5,Top,0,1,2,Slider,Slider,StrikeSwinging,Strikeout,Undefined,Undefined,0,0,,81.18376,0.834539,-2.344558,2666.223324,68.184645,8:15,4.95515,1.62566,4.75231,-47.1618,-2.70323,-10.29788,1.81717,-1.4572,74.34662,-7.650566,-4.152504,0.479898,,,,,,,,,,,,4.38236,-1.15795,-1.38049,50,4.99733,5.26635,-117.63958,-0.09779,6.11532,23.19544,-33.7899,MIA_RED,MIA_RED,McKieFieldStad,TeamExclusive,Team,20250923-McKieFieldStad-Private-2,fc59df60-98bb-11f0-a8f4-43aa46516001,78.54258,,,6.83713,,,,,,,14081ae7-7498-4b72-b6d1-2ebe0d22cb14,9/23/25,29:20.0,2025-09-23T16:29:20.0416256-04:00,2025-09-23T20:29:20.0416256Z,,v3,471355,471355,,"Buffington, Matthew",825106,Right,MIA_RED,d859a18c-36ea-4330-9c2c-6ebea8f24724,55.74637,-118.76721,11.59772,4.96216,1.54489,-16.89495,-1.62928,4.96906,3.05766,,,,,,,,,,,,,,,,,,,,,,,,,,,,,,,,,,,,,,,,,,,,,,,,,,,High,High,High,,,,,
145,9/23/25,29:54.0,4,1,"Fulk, Landon",824476,Right,MIA_RED,"Raether, Carson",1000338521,Left,MIA_RED,Undefined,5,Top,1,0,0,ChangeUp,Changeup,BallCalled,Undefined,Undefined,Undefined,0,0,,85.19915,0.829976,-1.660756,1289.863708,275.572677,3:15,4.70275,1.97038,5.51178,-39.29577,-0.07772,13.95835,2.20459,1.58017,77.64984,-6.377351,0.828189,0.450728,,,,,,,,,,,,-7.50217,0.12626,-1.8351,50,4.74889,2.98575,-123.6346,0.36177,-11.55043,25.86884,-31.97966,MIA_RED,MIA_RED,McKieFieldStad,TeamExclusive,Team,20250923-McKieFieldStad-Private-2,10a57d80-98bc-11f0-a8f4-43aa46516001,83.62571,,,7.54932,,,,,,,14081ae7-7498-4b72-b6d1-2ebe0d22cb14,9/23/25,29:54.0,2025-09-23T16:29:54.0409344-04:00,2025-09-23T20:29:54.0409344Z,,v3,471355,471355,,"Buffington, Matthew",825106,Right,MIA_RED,d83d82d7-1035-4a1e-a942-f562499a6db9,54.98612,-124.67351,12.93442,4.70857,1.64609,-15.98983,-1.96432,3.44963,-5.77522,,,,,,,,,,,,,,,,,,,,,,,,,,,,,,,,,,,,,,,,,,,,,,,,,,,High,High,High,,,,,
146,9/23/25,30:17.8,4,2,"Fulk, Landon",824476,Right,MIA_RED,"Raether, Carson",1000338521,Left,MIA_RED,Undefined,5,Top,1,1,0,Fastball,Sinker,InPlay,Undefined,GroundBall,Sacrifice,0,0,,92.78209,-1.308051,-2.704665,2547.500722,228.294447,1:30,4.98984,1.60208,5.39318,-21.84548,11.32087,11.49741,1.94194,0.02359,84.64906,-5.361934,-0.662072,0.414496,76.15551,-27.54866,62.415923,,,,,5.51113,5.51113,38.54259,0.03944,-6.59063,6.38028,-1.36912,50,4.85784,5.82859,-134.53695,-3.87896,-12.05711,29.69362,-20.50181,MIA_RED,MIA_RED,McKieFieldStad,TeamExclusive,Team,20250923-McKieFieldStad-Private-2,1ec22940-98bc-11f0-a8f4-43aa46516001,90.93564,2.04251,,8.13303,,,,2.49744,2.04251,-0.03646,14081ae7-7498-4b72-b6d1-2ebe0d22cb14,9/23/25,30:17.8,2025-09-23T16:30:17.8202624-04:00,2025-09-23T20:30:17.8202624Z,GroundBall,v3,471355,471355,,"Buffington, Matthew",825106,Right,MIA_RED,51dc09ec-3938-49b7-8d2f-2ca776066e51,55.10541,-135.65908,14.84681,4.98979,-3.10419,-10.2509,-1.598,6.28424,-6.02855,,2.49671,45.96997,,,,,,,,2.04332,-51.7873,,,,,,,,-0.03785,87.99199,,,,,,,,,,,,,,,,,,,,,,,,,,,,,,High,High,High,Estimated,Estimated,,,
147,9/23/25,31:03.8,5,1,"Fulk, Landon",824476,Right,MIA_RED,"Christiansen, Hayden",830132,Right,MIA_RED,Undefined,5,Top,1,0,0,Slider,Slider,StrikeCalled,Undefined,Undefined,Undefined,0,0,,82.31071,2.244312,0.900444,2627.436589,73.809587,8:30,4.82342,1.81314,4.83307,-44.44199,-1.47146,-9.72993,3.24652,1.85505,75.17375,-5.796927,-0.811792,0.471799,,,,,,,,,,,,5.0141,-0.91091,-1.89355,50,5.00764,-1.44027,-119.31981,2.95482,7.22646,23.02351,-33.48685,MIA_RED,MIA_RED,McKieFieldStad,TeamExclusive,Team,20250923-McKieFieldStad-Private-2,3a1abdb0-98bc-11f0-a8f4-43aa46516001,79.89095,,,7.13696,,,,,,,14081ae7-7498-4b72-b6d1-2ebe0d22cb14,9/23/25,31:03.8,2025-09-23T16:31:03.8368768-04:00,2025-09-23T20:31:03.8368768Z,,v3,471355,471355,,"Buffington, Matthew",825106,Right,MIA_RED,b780bdc3-58ee-433c-b1e4-67dd9f1eefa6,55.66483,-120.40792,11.51176,4.83059,4.53742,-16.74343,-1.81741,-1.78179,3.61323,,,,,,,,,,,,,,,,,,,,,,,,,,,,,,,,,,,,,,,,,,,,,,,,,,,High,High,High,,,,,
148,9/23/25,31:46.6,5,2,"Fulk, Landon",824476,Right,MIA_RED,"Christiansen, Hayden",830132,Right,MIA_RED,Undefined,5,Top,1,0,1,Slider,Slider,StrikeCalled,Undefined,Undefined,Undefined,0,0,,82.43306,2.143261,-1.307903,2580.905618,70.376262,8:15,4.91327,1.75025,4.91085,-43.68876,-1.02347,-6.55839,3.30066,-0.03323,75.45235,-5.767221,-2.46295,0.47012,,,,,,,,,,,,2.86784,-0.67909,-1.61677,50,5.08616,3.01805,-119.51946,2.80128,4.15281,22.8012,-33.15742,MIA_RED,MIA_RED,McKieFieldStad,TeamExclusive,Team,20250923-McKieFieldStad-Private-2,539d80b0-98bc-11f0-a8f4-43aa46516001,80.17619,,,6.98071,,,,,,,14081ae7-7498-4b72-b6d1-2ebe0d22cb14,9/23/25,31:46.6,2025-09-23T16:31:46.6142720-04:00,2025-09-23T20:31:46.6142720Z,,v3,471355,471355,,"Buffington, Matthew",825106,Right,MIA_RED,22dd9131-4fd8-47e7-8e03-303c747723df,55.58722,-120.58065,11.4006,4.91987,4.34445,-16.57871,-1.75274,2.82477,2.07641,,,,,,,,,,,,,,,,,,,,,,,,,,,,,,,,,,,,,,,,,,,,,,,,,,,High,High,High,,,,,
149,9/23/25,32:08.0,5,3,"Fulk, Landon",824476,Right,MIA_RED,"Christiansen, Hayden",830132,Right,MIA_RED,Undefined,5,Top,1,0,2,Fastball,Four-Seam,BallCalled,Undefined,Undefined,Undefined,0,0,,92.30271,-0.807783,-5.170961,2541.178573,227.960024,1:30,5.11513,1.52963,5.47583,-20.87812,12.66327,12.83894,2.61629,-2.25224,84.12942,-4.696371,-2.898409,0.416833,,,,,,,,,,,,-7.87552,6.92496,-1.08337,50,5.02991,11.48266,-133.47886,-2.62994,-14.21567,28.59126,-19.67416,MIA_RED,MIA_RED,McKieFieldStad,TeamExclusive,Team,20250923-McKieFieldStad-Private-2,60506340-98bc-11f0-a8f4-43aa46516001,90.42582,,,8.17329,,,,,,,14081ae7-7498-4b72-b6d1-2ebe0d22cb14,9/23/25,32:08.0,2025-09-23T16:32:08.0313344-04:00,2025-09-23T20:32:08.0313344Z,,v3,471355,471355,,"Buffington, Matthew",825106,Right,MIA_RED,dc9ade2f-6451-47c5-acdb-939b6c27dd56,55.02118,-134.5501,14.29563,5.11464,-1.8928,-9.83708,-1.52357,12.01529,-7.10783,,,,,,,,,,,,,,,,,,,,,,,,,,,,,,,,,,,,,,,,,,,,,,,,,,,High,High,High,,,,,
150,9/23/25,32:35.4,5,4,"Fulk, Landon",824476,Right,MIA_RED,"Christiansen, Hayden",830132,Right,MIA_RED,Undefined,5,Top,1,1,2,Fastball,Sinker,InPlay,Undefined,GroundBall,Out,2,0,,92.39613,-0.424783,-2.798724,2513.217273,233.547264,1:45,5.00306,1.58338,5.43741,-20.82529,12.48194,15.4678,2.86937,0.24956,84.34038,-4.30557,-0.049153,0.415375,85.33812,-5.057738,8.871776,1767.011975,,,,28.70522,28.53982,8.58092,0.230839,-8.57563,6.71662,-1.34674,50,4.95126,5.84026,-134.03355,-1.74235,-15.6091,28.81622,-19.94868,MIA_RED,MIA_RED,McKieFieldStad,TeamExclusive,Team,20250923-McKieFieldStad-Private-2,70b7e960-98bc-11f0-a8f4-43aa46516001,90.7431,2.96514,,8.05576,,,,0.62406,2.96514,-0.26339,14081ae7-7498-4b72-b6d1-2ebe0d22cb14,9/23/25,32:35.4,2025-09-23T16:32:35.3704960-04:00,2025-09-23T20:32:35.3704960Z,GroundBall,v3,471355,471355,,"Buffington, Matthew",825106,Right,MIA_RED,19a8a11f-c075-44e8-b6bc-b5ece1d30c25,55.06093,-135.11723,14.40811,5.00268,-0.99215,-9.97434,-1.57741,6.42726,-7.80455,210.333916,0.6251,123.12377,-12.46174,,,,,,,2.96492,-11.02159,-7.89123,,,,,,,-0.26365,19.24269,1.96892,,,,,,,,,,,,,,,,,,,,,,,,,,,,,High,High,High,High,High,,,
151,9/23/25,36:37.1,1,1,"Berggren, Austin",1000190938,Right,MIA_RED,"Vrlak, Jake",1000131822,Right,MIA_RED,Undefined,5,Bottom,0,0,0,Fastball,Four-Seam,BallCalled,Undefined,Undefined,Undefined,0,0,,90.05695,0.406408,-2.418408,2178.746619,211.507441,1:00,5.84441,1.65079,5.45244,-25.12434,9.7406,5.333,4.13151,-0.1701,82.63203,-4.237563,-1.470266,0.424978,,,,,,,,,,,,-3.32599,5.11646,-1.44117,50,5.8631,5.28326,-130.72544,0.01595,-5.78761,26.11561,-23.27076,MIA_RED,MIA_RED,McKieFieldStad,TeamExclusive,Team,20250923-McKieFieldStad-Private-2,00e05c70-98bd-11f0-a8f4-43aa46516001,88.69277,,,7.42492,,,,,,,14081ae7-7498-4b72-b6d1-2ebe0d22cb14,9/23/25,36:37.1,2025-09-23T16:36:37.0890000-04:00,2025-09-23T20:36:37.0890000Z,,v3,471355,471355,,"Raether, Carson",1000338521,Right,MIA_RED,31f5b994-456a-4d03-ab8b-cce1fbd7068b,55.04563,-131.72957,13.0578,5.84529,0.9107,-11.63538,-1.64859,5.50579,-2.89381,,,,,,,,,,,,,,,,,,,,,,,,,,,,,76.60496,1.637918,0.792166,0.845752,-0.06409,4.0199,0.20776,-1.57161,5.30953,2.5846,66.84181,2.36944,57.93411,-1.5448,88.88912,-9.60677,5.31717,7.44647,-12.96025,2.588,67.60408,-2.57354,High,High,High,,,High,High,High
152,9/23/25,36:58.3,1,2,"Berggren, Austin",1000190938,Right,MIA_RED,"Vrlak, Jake",1000131822,Right,MIA_RED,Undefined,5,Bottom,0,1,0,Fastball,Four-Seam,StrikeSwinging,Undefined,Undefined,Undefined,0,0,,89.82605,-0.624595,-2.983682,2359.743209,219.150668,1:15,5.75564,1.73048,5.7209,-22.60257,12.31823,9.11934,3.2895,-0.29124,81.9965,-4.848798,-1.354893,0.425318,,,,,,,,,,,,-5.49177,6.77764,-1.48689,50,5.68955,6.39885,-130.30455,-2.18156,-9.43399,27.60241,-20.53116,MIA_RED,MIA_RED,McKieFieldStad,TeamExclusive,Team,20250923-McKieFieldStad-Private-2,0d73d020-98bd-11f0-a8f4-43aa46516001,88.62181,,,7.82955,,,,,,,14081ae7-7498-4b72-b6d1-2ebe0d22cb14,9/23/25,36:58.3,2025-09-23T16:36:58.2581760-04:00,2025-09-23T20:36:58.2581760Z,,v3,471355,471355,,"Raether, Carson",1000338521,Right,MIA_RED,48350ba4-9b40-44b4-8d45-3ac452584a83,54.7769,-131.31255,13.80121,5.75553,-1.43179,-10.26558,-1.72685,6.74336,-4.71699,,,,,,,,,,,,,,,,,,,,,,,,,,,,,,,,,,,,,,,,,,,,,,,,,,,High,High,High,,,,,
153,9/23/25,37:20.4,1,3,"Berggren, Austin",1000190938,Right,MIA_RED,"Vrlak, Jake",1000131822,Right,MIA_RED,Undefined,5,Bottom,0,1,1,Fastball,Four-Seam,StrikeSwinging,Undefined,Undefined,Undefined,0,0,,89.33322,-0.447262,-3.133044,2398.132496,209.575578,1:00,5.78881,1.83315,5.61682,-24.19462,11.03634,5.66626,3.35455,-0.62154,82.09188,-4.933204,-2.123428,0.427202,,,,,,,,,,,,-3.69295,6.03414,-1.5693,50,5.73504,6.85015,-129.63376,-1.85365,-6.32317,25.52546,-21.84223,MIA_RED,MIA_RED,McKieFieldStad,TeamExclusive,Team,20250923-McKieFieldStad-Private-2,1ab3fe90-98bd-11f0-a8f4-43aa46516001,88.23087,,,7.24134,,,,,,,14081ae7-7498-4b72-b6d1-2ebe0d22cb14,9/23/25,37:20.4,2025-09-23T16:37:20.3816960-04:00,2025-09-23T20:37:20.3816960Z,,v3,471355,471355,,"Raether, Carson",1000338521,Right,MIA_RED,67680dd6-2cb9-4a79-be6e-d92e149cdd9b,54.88125,-130.59137,12.76273,5.78921,-1.03422,-10.92112,-1.83074,7.08737,-3.16158,,,,,,,,,,,,,,,,,,,,,,,,,,,,,,,,,,,,,,,,,,,,,,,,,,,High,High,High,,,,,
154,9/23/25,37:45.7,1,4,"Berggren, Austin",1000190938,Right,MIA_RED,"Vrlak, Jake",1000131822,Right,MIA_RED,Undefined,5,Bottom,0,1,2,Cutter,Slider,InPlay,Undefined,Bunt,Single,0,0,,89.2722,0.027465,-2.863792,2514.768652,194.637394,12:30,5.66902,1.71091,5.48324,-28.05647,7.33516,1.64658,3.35671,-0.83347,82.20501,-5.130429,-2.571055,0.428175,,,,,,,,,,,,-1.58177,3.98103,-1.46086,50,5.65224,6.41312,-129.60524,-0.95878,-2.70911,25.33302,-25.35579,MIA_RED,MIA_RED,McKieFieldStad,TeamExclusive,Team,20250923-McKieFieldStad-Private-2,29b27ed0-98bd-11f0-a8f4-43aa46516001,88.0304,,,7.06718,,,,,,,14081ae7-7498-4b72-b6d1-2ebe0d22cb14,9/23/25,37:45.7,2025-09-23T16:37:45.7331712-04:00,2025-09-23T20:37:45.7331712Z,,v3,471355,471355,,"Raether, Carson",1000338521,Right,MIA_RED,4addc89e-e11d-4945-b23b-14155b245e9d,55.01676,-130.58215,12.66651,5.67036,0.01901,-12.6779,-1.71018,6.51759,-1.35455,,,,,,,,,,,,,,,,,,,,,,,,,,,,,,,,,,,,,,,,,,,,,,,,,,,High,High,High,,,,,
155,9/23/25,38:40.8,2,1,"Berggren, Austin",1000190938,Right,MIA_RED,"Dierks, Marcus",10322729,Left,MIA_RED,Undefined,5,Bottom,0,0,0,Fastball,Four-Seam,BallCalled,Undefined,Undefined,Undefined,0,0,,90.59545,0.711649,-2.397332,2301.027264,214.694776,1:15,5.79728,1.71292,5.46222,-21.91088,12.45768,7.92977,4.63806,0.12861,83.19911,-3.359287,-0.987372,0.421942,,,,,,,,,,,,-4.59532,6.4037,-1.50731,50,5.84509,5.14669,-131.52179,0.85926,-8.11494,25.75957,-20.86564,MIA_RED,MIA_RED,McKieFieldStad,TeamExclusive,Team,20250923-McKieFieldStad-Private-2,4a6ddc00-98bd-11f0-a8f4-43aa46516001,89.33095,,,7.39634,,,,,,,14081ae7-7498-4b72-b6d1-2ebe0d22cb14,9/23/25,38:40.8,2025-09-23T16:38:40.8238592-04:00,2025-09-23T20:38:40.8238592Z,,v3,471355,471355,,"Raether, Carson",1000338521,Right,MIA_RED,74cbfb84-74b7-481a-9d23-a609ae49c4ad,55.03529,-132.50432,12.87979,5.79714,1.65512,-10.43282,-1.70952,5.45621,-4.05747,,,,,,,,,,,,,,,,,,,,,,,,,,,,,,,,,,,,,,,,,,,,,,,,,,,High,High,High,,,,,
156,9/23/25,39:04.3,2,2,"Berggren, Austin",1000190938,Right,MIA_RED,"Dierks, Marcus",10322729,Left,MIA_RED,Undefined,5,Bottom,0,1,0,Cutter,Cutter,BallCalled,Undefined,Undefined,Undefined,0,0,,89.34247,0.473482,-1.748041,2203.41709,192.334479,12:30,5.70492,1.77202,5.65418,-24.68769,10.2193,2.02319,4.08941,0.30987,82.51333,-4.098171,-1.386778,0.425233,,,,,,,,,,,,-1.4565,5.37662,-1.62529,50,5.7293,3.87674,-129.86496,0.21252,-2.51735,24.11934,-22.88126,MIA_RED,MIA_RED,McKieFieldStad,TeamExclusive,Team,20250923-McKieFieldStad-Private-2,5897f540-98bd-11f0-a8f4-43aa46516001,88.63941,,,6.82914,,,,,,,14081ae7-7498-4b72-b6d1-2ebe0d22cb14,9/23/25,39:04.3,2025-09-23T16:39:04.3260416-04:00,2025-09-23T20:39:04.3260416Z,,v3,471355,471355,,"Raether, Carson",1000338521,Right,MIA_RED,553eecfb-cb52-4664-99bf-845840c72ac7,54.84466,-130.76165,12.05967,5.70558,1.06318,-11.44063,-1.77115,3.97032,-1.25867,,,,,,,,,,,,,,,,,,,,,,,,,,,,,,,,,,,,,,,,,,,,,,,,,,,High,High,High,,,,,
157,9/23/25,39:29.3,2,3,"Berggren, Austin",1000190938,Right,MIA_RED,"Dierks, Marcus",10322729,Left,MIA_RED,Undefined,5,Bottom,0,2,0,Fastball,Four-Seam,BallCalled,Undefined,Undefined,Undefined,0,0,,90.50934,1.577629,-2.905423,2224.032511,208.414887,1:00,5.7018,1.91149,5.57774,-23.98025,10.23166,5.01949,5.17914,-0.38606,83.35643,-2.862429,-2.012015,0.420979,,,,,,,,,,,,-3.2465,5.09126,-1.66473,50,5.822,6.44468,-131.37544,2.76864,-5.74077,24.76104,-23.17119,MIA_RED,MIA_RED,McKieFieldStad,TeamExclusive,Team,20250923-McKieFieldStad-Private-2,67668be0-98bd-11f0-a8f4-43aa46516001,89.53527,,,7.15291,,,,,,,14081ae7-7498-4b72-b6d1-2ebe0d22cb14,9/23/25,39:29.3,2025-09-23T16:39:29.3033472-04:00,2025-09-23T20:39:29.3033472Z,,v3,471355,471355,,"Raether, Carson",1000338521,Right,MIA_RED,feb2d7d0-5f12-4836-a19f-805a044bdc8c,54.92034,-132.29956,12.38052,5.70254,3.63342,-11.58559,-1.90925,6.65893,-2.87039,,,,,,,,,,,,,,,,,,,,,,,,,,,,,,,,,,,,,,,,,,,,,,,,,,,High,High,High,,,,,
158,9/23/25,39:55.9,2,4,"Berggren, Austin",1000190938,Right,MIA_RED,"Dierks, Marcus",10322729,Left,MIA_RED,Undefined,5,Bottom,0,3,0,Cutter,Four-Seam,BallCalled,Walk,Undefined,Undefined,0,0,,90.17049,-1.246878,-3.602923,2115.657029,197.276879,12:30,5.7856,1.59927,5.55253,-24.38139,10.09737,2.84291,2.58626,-1.53479,83.52601,-5.732535,-3.097391,0.422617,,,,,,,,,,,,-2.30516,5.71189,-1.28933,50,5.66142,8.11419,-130.84094,-3.72826,-4.05002,24.1123,-22.13865,MIA_RED,MIA_RED,McKieFieldStad,TeamExclusive,Team,20250923-McKieFieldStad-Private-2,775b04e0-98bd-11f0-a8f4-43aa46516001,89.18813,,,6.64448,,,,,,,14081ae7-7498-4b72-b6d1-2ebe0d22cb14,9/23/25,39:55.9,2025-09-23T16:39:55.8835712-04:00,2025-09-23T20:39:55.8835712Z,,v3,471355,471355,,"Raether, Carson",1000338521,Right,MIA_RED,9b8f6e05-8d65-4b32-8227-a687b6896404,54.94626,-131.74932,12.05615,5.78617,-2.89424,-11.06933,-1.59789,8.26676,-2.02501,,,,,,,,,,,,,,,,,,,,,,,,,,,,,,,,,,,,,,,,,,,,,,,,,,,High,High,High,,,,,
159,9/23/25,40:35.9,3,1,"Berggren, Austin",1000190938,Right,MIA_RED,"Appelwick, Evan",695485,Right,MIA_RED,Undefined,5,Bottom,0,0,0,Slider,Slider,BallCalled,Undefined,Undefined,Undefined,0,0,,84.28483,0.426557,-2.86708,2353.345534,124.010555,10:15,5.41584,1.95029,5.2942,-35.19274,5.29737,-5.89563,2.88412,-1.23515,76.86555,-6.019424,-3.911125,0.457979,,,,,,,,,,,,2.10406,2.93445,-1.68487,50,5.42926,6.37159,-122.1294,-0.35945,3.16193,25.17823,-27.76419,MIA_RED,MIA_RED,McKieFieldStad,TeamExclusive,Team,20250923-McKieFieldStad-Private-2,8f092ef0-98bd-11f0-a8f4-43aa46516001,82.30164,,,7.41928,,,,,,,14081ae7-7498-4b72-b6d1-2ebe0d22cb14,9/23/25,40:35.9,2025-09-23T16:40:35.8610432-04:00,2025-09-23T20:40:35.8610432Z,,v3,471355,471355,,"Raether, Carson",1000338521,Right,MIA_RED,1f12833e-7115-4dcb-af12-14fa671ee4ed,55.20205,-123.19719,12.58912,5.41954,0.81801,-13.88209,-1.95223,6.23749,1.58096,,,,,,,,,,,,,,,,,,,,,,,,,,,,,,,,,,,,,,,,,,,,,,,,,,,High,High,High,,,,,
160,9/23/25,40:54.7,3,2,"Berggren, Austin",1000190938,Right,MIA_RED,"Appelwick, Evan",695485,Right,MIA_RED,Undefined,5,Bottom,0,1,0,Slider,Slider,InPlay,Undefined,Popup,Out,1,1,,84.76784,0.061199,-1.367883,2521.52587,89.623825,9:00,5.44585,1.94159,5.15218,-38.66514,1.13221,-7.71516,2.28139,0.01073,78.10988,-6.954756,-2.734295,0.454044,97.17298,21.817357,-26.013784,1706.219452,96.27494,34.32906,-53.2071,306.57753,291.37929,-34.382043,3.096239,3.51425,0.85728,-1.80746,50,5.42158,3.26881,-123.09591,-1.31908,5.41234,23.57591,-30.85371,MIA_RED,MIA_RED,McKieFieldStad,TeamExclusive,Team,20250923-McKieFieldStad-Private-2,9a5b4900-98bd-11f0-a8f4-43aa46516001,83.01487,39.19049,,6.65796,,,,1.98323,2.34724,0.01566,14081ae7-7498-4b72-b6d1-2ebe0d22cb14,9/23/25,40:54.7,2025-09-23T16:40:54.6867712-04:00,2025-09-23T20:40:54.6867712Z,LineDrive,v3,471355,471355,,"Raether, Carson",1000338521,Right,MIA_RED,b70231a2-cb4b-4a1f-a6ed-1adbcb8bb9e2,55.34767,-124.11589,11.78796,5.44977,0.01577,-15.42686,-1.94381,3.03466,2.70617,110.972055,1.98334,118.89967,-21.00448,4.66476,-0.71989,-0.0412,0.06356,-0.01678,0.00159,2.34718,52.97147,-21.19515,1.97763,-0.49911,0.18949,-0.06428,0.01335,-0.00115,0.0156,-58.03092,-0.96542,1.13975,-0.27333,0.00405,0.01745,-0.00475,0.00041,,,,,,,,,,,,,,,,,,,,,,,High,High,High,High,Medium,,,
161,9/23/25,41:42.0,4,1,"Berggren, Austin",1000190938,Right,MIA_RED,"Kirtley, Ryder",827333,Right,MIA_RED,Undefined,5,Bottom,1,0,0,Cutter,Slider,BallCalled,Undefined,Undefined,Undefined,0,0,,89.08371,0.590062,-1.867318,2402.895344,176.292867,12:00,5.64352,1.81442,5.32085,-29.39769,6.32874,-0.34268,3.74776,0.0329,81.96815,-4.798569,-1.928121,0.430196,,,,,,,,,,,,-0.30744,3.33744,-1.64513,50,5.67571,4.23271,-129.35789,0.22457,-0.52482,25.10995,-26.47699,MIA_RED,MIA_RED,McKieFieldStad,TeamExclusive,Team,20250923-McKieFieldStad-Private-2,b6a409d0-98bd-11f0-a8f4-43aa46516001,87.61688,,,7.11556,,,,,,,14081ae7-7498-4b72-b6d1-2ebe0d22cb14,9/23/25,41:42.0,2025-09-23T16:41:42.0422144-04:00,2025-09-23T20:41:42.0422144Z,,v3,471355,471355,,"Raether, Carson",1000338521,Right,MIA_RED,84ba8298-2eea-40b4-b641-9fdea4d8e075,55.17748,-130.35903,12.55497,5.64571,1.28021,-13.2385,-1.8143,4.25364,-0.26241,,,,,,,,,,,,,,,,,,,,,,,,,,,,,,,,,,,,,,,,,,,,,,,,,,,High,High,High,,,,,
162,9/23/25,42:02.3,4,2,"Berggren, Austin",1000190938,Right,MIA_RED,"Kirtley, Ryder",827333,Right,MIA_RED,Undefined,5,Bottom,1,1,0,Fastball,Four-Seam,StrikeCalled,Undefined,Undefined,Undefined,0,0,,90.80267,-0.125925,-2.372047,2212.961253,218.676317,1:15,5.73291,1.48093,5.42947,-27.17612,6.90107,4.77055,3.3502,-0.3443,84.00467,-5.10902,-1.523923,0.420149,,,,,,,,,,,,-2.97591,3.80079,-1.27407,50,5.70283,5.25031,-131.91735,-1.31579,-5.31312,24.59586,-25.38818,MIA_RED,MIA_RED,McKieFieldStad,TeamExclusive,Team,20250923-McKieFieldStad-Private-2,c28da8f0-98bd-11f0-a8f4-43aa46516001,89.71208,,,6.798,,,,,,,14081ae7-7498-4b72-b6d1-2ebe0d22cb14,9/23/25,42:02.3,2025-09-23T16:42:02.3485952-04:00,2025-09-23T20:42:02.3485952Z,,v3,471355,471355,,"Raether, Carson",1000338521,Right,MIA_RED,27d38b59-278a-4627-990e-35c888876f08,55.06949,-132.85919,12.29793,5.73461,-0.34362,-12.69409,-1.47901,5.45376,-2.65656,,,,,,,,,,,,,,,,,,,,,,,,,,,,,,,,,,,,,,,,,,,,,,,,,,,High,High,High,,,,,
163,9/23/25,42:21.1,4,3,"Berggren, Austin",1000190938,Right,MIA_RED,"Kirtley, Ryder",827333,Right,MIA_RED,Undefined,5,Bottom,1,1,1,Cutter,Slider,StrikeSwinging,Undefined,Undefined,Undefined,0,0,,89.06205,0.31108,-2.123929,2399.035232,156.666751,11:15,5.65892,1.69788,5.25561,-31.06061,4.87181,-1.6385,3.36302,-0.43516,81.8204,-5.366491,-2.414294,0.431434,,,,,,,,,,,,0.25827,2.68323,-1.50192,50,5.66449,4.86818,-129.26262,-0.4904,0.43908,25.73456,-27.61244,MIA_RED,MIA_RED,McKieFieldStad,TeamExclusive,Team,20250923-McKieFieldStad-Private-2,cdc9a2f0-98bd-11f0-a8f4-43aa46516001,87.36542,,,7.24165,,,,,,,14081ae7-7498-4b72-b6d1-2ebe0d22cb14,9/23/25,42:21.1,2025-09-23T16:42:21.0501632-04:00,2025-09-23T20:42:21.0501632Z,,v3,471355,471355,,"Raether, Carson",1000338521,Right,MIA_RED,3ae5242c-9866-4a36-8cd9-1f62b4f733dd,55.2423,-130.30211,12.86728,5.66177,0.62495,-13.80622,-1.6982,4.85044,0.21954,,,,,,,,,,,,,,,,,,,,,,,,,,,,,,,,,,,,,,,,,,,,,,,,,,,High,High,High,,,,,
164,9/23/25,42:44.7,4,4,"Berggren, Austin",1000190938,Right,MIA_RED,"Kirtley, Ryder",827333,Right,MIA_RED,Undefined,5,Bottom,1,1,2,Slider,Slider,FoulBallNotFieldable,Undefined,Undefined,Undefined,0,0,,85.01494,0.774463,-1.329088,2359.593203,94.666902,9:15,5.28908,1.93713,5.32399,-37.76648,1.64461,-5.40768,2.86885,0.23908,78.00584,-6.120389,-2.289446,0.451836,,,,,,,,,,,,2.36209,0.94528,-1.8128,50,5.33172,3.09336,-123.43208,0.28182,3.64886,24.26642,-30.71379,MIA_RED,MIA_RED,McKieFieldStad,TeamExclusive,Team,20250923-McKieFieldStad-Private-2,dbe60090-98bd-11f0-a8f4-43aa46516001,83.42068,,,7.0091,,,,,,,14081ae7-7498-4b72-b6d1-2ebe0d22cb14,9/23/25,42:44.7,2025-09-23T16:42:44.6650368-04:00,2025-09-23T20:42:44.6650368Z,,v3,471355,471355,,"Raether, Carson",1000338521,Right,MIA_RED,e2348f79-bd5f-4f28-b5d9-c2f7e665ba99,55.17499,-124.44531,12.13321,5.29318,1.56426,-15.35689,-1.93878,2.941,1.82443,,,,,,,,,,,,,,,,,,,,,,,,,,,,,,,,,,,,,,,,,,,,,,,,,,,High,High,High,,,,,
165,9/23/25,43:14.6,4,5,"Berggren, Austin",1000190938,Right,MIA_RED,"Kirtley, Ryder",827333,Right,MIA_RED,Undefined,5,Bottom,1,1,2,Fastball,Sinker,InPlay,Undefined,GroundBall,Out,1,0,,89.58766,-0.630785,-3.146237,2156.645568,234.232944,1:45,5.4547,1.8754,5.90644,-27.39785,7.32571,8.69831,2.58514,-0.32305,82.226,-5.713227,-1.587012,0.424115,78.58018,-34.921285,31.881177,,,,,4.05308,4.05308,33.337034,0.037474,-5.31918,4.24036,-1.62765,50,5.38825,6.7853,-130.042,-2.37086,-9.13829,26.43927,-24.88918,MIA_RED,MIA_RED,McKieFieldStad,TeamExclusive,Team,20250923-McKieFieldStad-Private-2,edbca710-98bd-11f0-a8f4-43aa46516001,88.87315,2.47941,,7.36166,,,,0.37056,2.47941,0.35176,14081ae7-7498-4b72-b6d1-2ebe0d22cb14,9/23/25,43:14.6,2025-09-23T16:43:14.6021376-04:00,2025-09-23T20:43:14.6021376Z,GroundBall,v3,471355,471355,,"Raether, Carson",1000338521,Right,MIA_RED,58ac11dc-880e-4ecc-9c71-5db71160e629,54.59229,-130.97234,13.21963,5.45627,-1.49506,-12.44459,-1.87207,7.10685,-4.56914,,0.36918,80.47246,,,,,,,,2.48054,-66.16397,,,,,,,,0.3509,50.05302,,,,,,,,,,,,,,,,,,,,,,,,,,,,,,High,High,High,Estimated,Estimated,,,
166,9/23/25,44:02.2,5,1,"Berggren, Austin",1000190938,Right,MIA_RED,"Novak, Ryan",10035937,Left,MIA_RED,Undefined,5,Bottom,2,0,0,ChangeUp,Changeup,BallCalled,Undefined,Undefined,Undefined,0,0,,81.46043,0.774172,-1.777576,1573.773809,282.976565,3:30,5.31526,2.17352,5.44008,-43.8701,-0.89658,9.93146,2.38471,1.33618,74.44777,-7.245148,-0.008657,0.471815,,,,,,,,,,,,-5.50662,-0.24744,-2.02336,50,5.3535,3.26094,-118.20546,0.05434,-7.75913,23.39621,-32.5227,MIA_RED,MIA_RED,McKieFieldStad,TeamExclusive,Team,20250923-McKieFieldStad-Private-2,0a087520-98be-11f0-a8f4-43aa46516001,79.88812,,,7.01266,,,,,,,14081ae7-7498-4b72-b6d1-2ebe0d22cb14,9/23/25,44:02.2,2025-09-23T16:44:02.2231552-04:00,2025-09-23T20:44:02.2231552Z,,v3,471355,471355,,"Raether, Carson",1000338521,Right,MIA_RED,72dfeb84-fe60-4300-8c71-1013c33dfc52,55.05812,-119.2024,11.69811,5.32166,1.44017,-16.26135,-2.16936,3.59157,-3.87957,,,,,,,,,,,,,,,,,,,,,,,,,,,,,,,,,,,,,,,,,,,,,,,,,,,High,High,High,,,,,
167,9/23/25,44:19.6,5,2,"Berggren, Austin",1000190938,Right,MIA_RED,"Novak, Ryan",10035937,Left,MIA_RED,Undefined,5,Bottom,2,1,0,ChangeUp,Changeup,StrikeSwinging,Undefined,Undefined,Undefined,0,0,,83.48296,-0.907169,-2.575905,1490.13992,243.405131,2:00,5.34514,2.12313,5.51137,-33.86773,6.91737,11.18079,1.6736,0.64449,76.39927,-7.134287,-0.583319,0.459645,,,,,,,,,,,,-6.37985,4.14516,-1.90617,50,5.24333,4.98509,-121.08555,-3.0824,-9.45196,24.10648,-26.03285,MIA_RED,MIA_RED,McKieFieldStad,TeamExclusive,Team,20250923-McKieFieldStad-Private-2,1493bcc0-98be-11f0-a8f4-43aa46516001,82.00342,,,7.08369,,,,,,,14081ae7-7498-4b72-b6d1-2ebe0d22cb14,9/23/25,44:19.6,2025-09-23T16:44:19.6017664-04:00,2025-09-23T20:44:19.6017664Z,,v3,471355,471355,,"Raether, Carson",1000338521,Right,MIA_RED,aa04e353-19be-4717-9f45-225a114504ce,54.98625,-122.07421,12.05324,5.34785,-2.01474,-13.01642,-2.11857,5.37274,-4.72598,,,,,,,,,,,,,,,,,,,,,,,,,,,,,,,,,,,,,,,,,,,,,,,,,,,High,High,High,,,,,
168,9/23/25,44:40.7,5,3,"Berggren, Austin",1000190938,Right,MIA_RED,"Novak, Ryan",10035937,Left,MIA_RED,Undefined,5,Bottom,2,1,1,ChangeUp,Changeup,BallCalled,Undefined,Undefined,Undefined,0,0,,83.90987,0.155694,-1.547838,1528.31905,267.189241,3:00,5.32558,2.17124,5.41937,-38.42963,1.7748,11.56438,2.26901,1.6847,77.23895,-6.862527,0.511331,0.456361,,,,,,,,,,,,-6.22335,1.23122,-2.04205,50,5.31264,2.80667,-121.87662,-1.05359,-9.4002,23.00548,-30.31433,MIA_RED,MIA_RED,McKieFieldStad,TeamExclusive,Team,20250923-McKieFieldStad-Private-2,20f63560-98be-11f0-a8f4-43aa46516001,82.59351,,,6.67092,,,,,,,14081ae7-7498-4b72-b6d1-2ebe0d22cb14,9/23/25,44:40.7,2025-09-23T16:44:40.6690304-04:00,2025-09-23T20:44:40.6690304Z,,v3,471355,471355,,"Raether, Carson",1000338521,Right,MIA_RED,201d5be5-0225-48ca-9ecc-b5dbb969a9b2,55.07945,-122.83167,11.50274,5.33026,0.20489,-15.15717,-2.16667,3.19691,-4.7001,,,,,,,,,,,,,,,,,,,,,,,,,,,,,,,,,,,,,,,,,,,,,,,,,,,High,High,High,,,,,
169,9/23/25,44:59.8,5,4,"Berggren, Austin",1000190938,Right,MIA_RED,"Novak, Ryan",10035937,Left,MIA_RED,Undefined,5,Bottom,2,2,1,Sinker,Sinker,StrikeSwinging,Undefined,Undefined,Undefined,0,0,,90.43677,-1.029652,-3.579355,2036.965112,284.871064,3:30,5.35137,1.827,5.5538,-36.7749,-2.55362,13.12438,1.32273,-0.42809,84.05714,-7.707566,-1.239845,0.421036,,,,,,,,,,,,-7.56406,-0.81661,-1.52638,50,5.23735,7.65199,-131.33123,-3.77405,-13.39014,24.27744,-33.61964,MIA_RED,MIA_RED,McKieFieldStad,TeamExclusive,Team,20250923-McKieFieldStad-Private-2,2c746880-98be-11f0-a8f4-43aa46516001,89.523,,,6.37963,,,,,,,14081ae7-7498-4b72-b6d1-2ebe0d22cb14,9/23/25,44:59.8,2025-09-23T16:44:59.8384640-04:00,2025-09-23T20:44:59.8384640Z,,v3,471355,471355,,"Raether, Carson",1000338521,Right,MIA_RED,ee99aeef-c985-4300-ae8b-c8ad23c790f8,54.94822,-132.24277,12.13872,5.35535,-2.51174,-16.80982,-1.82313,8.15475,-6.69507,,,,,,,,,,,,,,,,,,,,,,,,,,,,,,,,,,,,,,,,,,,,,,,,,,,High,High,High,,,,,
170,9/23/25,45:20.7,5,5,"Berggren, Austin",1000190938,Right,MIA_RED,"Novak, Ryan",10035937,Left,MIA_RED,Undefined,5,Bottom,2,2,2,ChangeUp,Changeup,StrikeCalled,Strikeout,Undefined,Undefined,0,0,,85.3177,-0.026575,-2.032135,1398.610249,264.395454,2:45,5.32866,2.11937,5.22661,-37.03789,1.96102,8.63213,2.21717,0.92755,78.8832,-6.755927,-0.501242,0.449467,,,,,,,,,,,,-4.82725,1.32973,-1.93877,50,5.29835,4.02303,-123.92046,-1.44999,-7.57919,22.51111,-30.08628,MIA_RED,MIA_RED,McKieFieldStad,TeamExclusive,Team,20250923-McKieFieldStad-Private-2,38d24d40-98be-11f0-a8f4-43aa46516001,83.86034,,,6.43451,,,,,,,14081ae7-7498-4b72-b6d1-2ebe0d22cb14,9/23/25,45:20.7,2025-09-23T16:45:20.7421440-04:00,2025-09-23T20:45:20.7421440Z,,v3,471355,471355,,"Raether, Carson",1000338521,Right,MIA_RED,a092cb90-7af0-4180-9b48-592afaa30a35,55.27275,-124.87462,11.25555,5.33279,-0.17475,-15.04314,-2.1161,4.34428,-3.78959,,,,,,,,,,,,,,,,,,,,,,,,,,,,,,,,,,,,,,,,,,,,,,,,,,,High,High,High,,,,,
171,9/23/25,48:11.2,1,1,"Fulk, Landon",824476,Right,MIA_RED,"Cruz, Diego",1000178634,Left,MIA_RED,Undefined,6,Top,0,0,0,Fastball,Four-Seam,FoulBallNotFieldable,Undefined,Undefined,Undefined,0,0,,91.75065,-0.635114,-3.694212,2673.376035,228.284242,1:30,4.99496,1.92511,5.42857,-20.04281,13.56076,14.09367,2.72865,-0.36505,84.31376,-4.362281,-1.193094,0.417219,,,,,,,,,,,,-8.11248,7.30339,-1.60771,50,4.92484,7.9654,-133.09233,-2.19138,-14.66705,26.43583,-18.9698,MIA_RED,MIA_RED,McKieFieldStad,TeamExclusive,Team,20250923-McKieFieldStad-Private-2,9e95c8f0-98be-11f0-a8f4-43aa46516001,90.34211,,,7.43689,,,,,,,14081ae7-7498-4b72-b6d1-2ebe0d22cb14,9/23/25,48:11.2,2025-09-23T16:48:11.2557568-04:00,2025-09-23T20:48:11.2557568Z,,v3,471355,471355,,"Buffington, Matthew",825106,Right,MIA_RED,317d8c50-a8d7-4a3f-b1f9-de36ae18fbf4,55.07155,-134.0959,13.21792,4.99436,-1.47124,-9.4849,-1.92067,8.5222,-7.33353,,,,,,,,,,,,,,,,,,,,,,,,,,,,,,,,,,,,,,,,,,,,,,,,,,,High,High,High,,,,,
172,9/23/25,48:44.4,1,2,"Fulk, Landon",824476,Right,MIA_RED,"Cruz, Diego",1000178634,Left,MIA_RED,Undefined,6,Top,0,0,1,Slider,Slider,StrikeCalled,Undefined,Undefined,Undefined,0,0,,81.37711,1.272844,-1.060573,2641.075972,84.895663,8:45,4.80482,2.10337,4.89384,-43.19231,0.86047,-6.61335,2.40983,0.54896,74.14336,-6.563531,-2.225922,0.477703,,,,,,,,,,,,2.94437,0.48677,-1.99363,50,4.89333,2.47201,-117.95183,0.9999,4.12403,23.64754,-31.49223,MIA_RED,MIA_RED,McKieFieldStad,TeamExclusive,Team,20250923-McKieFieldStad-Private-2,b25d42f0-98be-11f0-a8f4-43aa46516001,78.90349,,,7.23375,,,,,,,14081ae7-7498-4b72-b6d1-2ebe0d22cb14,9/23/25,48:44.4,2025-09-23T16:48:44.4125184-04:00,2025-09-23T20:48:44.4125184Z,,v3,471355,471355,,"Buffington, Matthew",825106,Right,MIA_RED,5086913c-3895-4988-b38e-c48fc7cd6857,55.6032,-119.06989,11.82377,4.81086,2.48886,-15.74611,-2.10589,2.27703,2.06202,,,,,,,,,,,,,,,,,,,,,,,,,,,,,,,,,,,,,,,,,,,,,,,,,,,High,High,High,,,,,
173,9/23/25,49:12.6,1,3,"Fulk, Landon",824476,Right,MIA_RED,"Cruz, Diego",1000178634,Left,MIA_RED,Undefined,6,Top,0,0,2,Fastball,Sinker,InPlay,Undefined,Bunt,Undefined,0,0,,92.28849,-0.294922,-2.156867,2517.113968,235.941014,1:45,5.03757,1.82464,5.52495,-22.83202,10.45827,13.89902,2.85899,0.96555,84.19574,-4.540559,0.3197,0.41527,29.13417,-47.904322,-22.911532,,,,,5.70362,5.70343,-20.568008,0.091445,-7.70107,5.67776,-1.64691,50,4.99679,4.42477,-133.95746,-1.51553,-13.9712,29.3663,-21.87351,MIA_RED,MIA_RED,McKieFieldStad,TeamExclusive,Team,20250923-McKieFieldStad-Private-2,c325d4d0-98be-11f0-a8f4-43aa46516001,90.76618,2.97248,,8.09274,,,,2.86644,2.97248,-0.95831,14081ae7-7498-4b72-b6d1-2ebe0d22cb14,9/23/25,49:12.6,2025-09-23T16:49:12.5670400-04:00,2025-09-23T20:49:12.5670400Z,GroundBall,v3,471355,471355,,"Buffington, Matthew",825106,Right,MIA_RED,6472327c-c82b-4330-ab17-02afee4140e5,54.97431,-135.04353,14.68315,5.03788,-0.70657,-10.93676,-1.82011,4.94147,-6.9856,,2.85665,27.05021,,,,,,,,2.98424,-32.5061,,,,,,,,-0.95417,-11.43287,,,,,,,,,,,,,,,,,,,,,,,,,,,,,,High,High,High,Estimated,Estimated,,,
174,9/23/25,50:00.0,2,1,"Fulk, Landon",824476,Right,MIA_RED,"Cruz, Diego",1000178634,Left,MIA_RED,Undefined,6,Top,0,0,0,Slider,Slider,BallCalled,Undefined,Undefined,Undefined,0,0,,78.51073,2.530426,3.410193,2391.717843,95.91216,9:15,4.64642,1.98411,4.81697,-44.80719,3.01693,-13.15851,3.31519,4.12161,70.9951,-5.615372,1.101639,0.497731,,,,,,,,,,,,7.41414,1.26791,-2.31131,50,4.86014,-6.18644,-113.45857,3.38761,9.58639,22.32352,-30.53465,MIA_RED,MIA_RED,McKieFieldStad,TeamExclusive,Team,20250923-McKieFieldStad-Private-2,df660a20-98be-11f0-a8f4-43aa46516001,75.72849,,,7.51564,,,,,,,14081ae7-7498-4b72-b6d1-2ebe0d22cb14,9/23/25,50:00.0,2025-09-23T16:50:00.0129024-04:00,2025-09-23T20:50:00.0129024Z,,v3,471355,471355,,"Buffington, Matthew",825106,Right,MIA_RED,d09cb51f-03ea-4949-96fa-af8f3bbf9dcc,55.67807,-114.57031,11.16176,4.65357,4.90827,-15.26733,-1.99133,-6.66386,4.7932,,,,,,,,,,,,,,,,,,,,,,,,,,,,,,,,,,,,,,,,,,,,,,,,,,,High,High,High,,,,,
175,9/23/25,50:31.2,2,2,"Fulk, Landon",824476,Right,MIA_RED,"Cruz, Diego",1000178634,Left,MIA_RED,Undefined,6,Top,0,1,0,Fastball,Sinker,BallCalled,Undefined,Undefined,Undefined,0,0,,91.66438,-0.655836,-1.235572,2433.194504,229.583449,1:45,4.92611,1.65232,5.30611,-21.62773,12.40205,13.27922,2.508,1.59892,83.60766,-4.674147,1.12235,0.419857,,,,,,,,,,,,-6.96209,6.72178,-1.55001,50,4.85117,2.24025,-133.00482,-2.3118,-12.45635,28.84716,-20.14765,MIA_RED,MIA_RED,McKieFieldStad,TeamExclusive,Team,20250923-McKieFieldStad-Private-2,f1d2fd30-98be-11f0-a8f4-43aa46516001,89.77454,,,8.05672,,,,,,,14081ae7-7498-4b72-b6d1-2ebe0d22cb14,9/23/25,50:31.1,2025-09-23T16:50:31.1513600-04:00,2025-09-23T20:50:31.1513600Z,,v3,471355,471355,,"Buffington, Matthew",825106,Right,MIA_RED,79bbf3d7-5984-4c7f-baf3-e16d345a40e3,55.19031,-134.12581,14.42358,4.92579,-1.52887,-10.07382,-1.64647,2.7243,-6.22817,,,,,,,,,,,,,,,,,,,,,,,,,,,,,,,,,,,,,,,,,,,,,,,,,,,High,High,High,,,,,
176,9/23/25,50:48.5,2,3,"Fulk, Landon",824476,Right,MIA_RED,"Cruz, Diego",1000178634,Left,MIA_RED,Undefined,6,Top,0,2,0,Fastball,Sinker,InPlay,Undefined,FlyBall,Sacrifice,1,1,,90.59281,-0.330839,-3.36211,2345.779462,234.819739,1:45,4.95051,1.65306,5.35597,-23.65194,11.05075,14.14961,2.66871,-0.32448,82.91035,-4.707196,-0.852731,0.423988,94.23245,40.933682,24.8347,3155.456144,98.03526,86.79728,49.89072,338.28229,295.24492,29.413652,5.754771,-8.07264,5.95508,-1.36126,50,4.90402,7.0855,-131.38107,-1.62332,-14.15098,27.07351,-21.73501,MIA_RED,MIA_RED,McKieFieldStad,TeamExclusive,Team,20250923-McKieFieldStad-Private-2,fc451780-98be-11f0-a8f4-43aa46516001,88.89985,116.02659,,7.68246,,,,2.46726,2.69972,0.23588,14081ae7-7498-4b72-b6d1-2ebe0d22cb14,9/23/25,50:48.5,2025-09-23T16:50:48.5318144-04:00,2025-09-23T20:50:48.5318144Z,FlyBall,v3,471355,471355,,"Buffington, Matthew",825106,Right,MIA_RED,cd291194-a5f3-44ef-acfb-3b91d226e993,55.14348,-132.43673,13.53676,4.95079,-0.77582,-10.8675,-1.6483,7.63728,-7.07549,199.64603,2.48317,94.44877,-20.01361,3.59741,0.32817,-0.41351,0.10722,-0.01223,0.00053,2.68959,90.71633,-21.78883,2.39517,-0.66549,0.14225,-0.01259,-0.00025,7.00E-05,0.23575,43.84528,-4.35915,0.19503,0.17627,-0.09018,0.0224,-0.00276,0.00013,,,,,,,,,,,,,,,,,,,,,,,High,High,High,High,Medium,,,
177,9/23/25,51:33.0,3,1,"Fulk, Landon",824476,Right,MIA_RED,"Proctor, Keenan",823047,Left,MIA_RED,Undefined,6,Top,1,0,0,ChangeUp,Changeup,BallCalled,Undefined,Undefined,Undefined,0,0,,84.66844,1.067096,-1.253652,1236.084274,287.930902,3:30,4.7293,1.98463,5.16921,-42.29837,-2.14445,10.62016,2.20901,1.68968,77.31713,-6.626143,0.628569,0.456074,,,,,,,,,,,,-5.62536,-0.95075,-1.87621,50,4.79651,2.21686,-122.83278,0.66866,-8.56748,25.04412,-33.62203,MIA_RED,MIA_RED,McKieFieldStad,TeamExclusive,Team,20250923-McKieFieldStad-Private-2,16b68040-98bf-11f0-a8f4-43aa46516001,82.64544,,,7.35131,,,,,,,14081ae7-7498-4b72-b6d1-2ebe0d22cb14,9/23/25,51:33.0,2025-09-23T16:51:32.9573376-04:00,2025-09-23T20:51:32.9573376Z,,v3,471355,471355,,"Buffington, Matthew",825106,Right,MIA_RED,cf32ab20-306f-47f0-bbbd-6c67d32a2b9c,55.32868,-123.91447,12.52206,4.73627,2.12085,-16.81102,-1.97995,2.5869,-4.28374,,,,,,,,,,,,,,,,,,,,,,,,,,,,,,,,,,,,,,,,,,,,,,,,,,,High,High,High,,,,,
178,9/23/25,51:52.3,3,2,"Fulk, Landon",824476,Right,MIA_RED,"Proctor, Keenan",823047,Left,MIA_RED,Undefined,6,Top,1,1,0,Fastball,Sinker,InPlay,Undefined,GroundBall,Single,0,0,,92.27476,-0.796994,-2.204053,2355.154634,233.046201,1:45,4.92665,1.70751,5.31229,-23.50734,10.14552,12.02253,2.21906,0.63968,84.05579,-5.147613,-0.070127,0.417525,80.68247,-24.893644,8.915291,,,,,5.83274,5.83274,0.922218,0.043976,-6.68359,5.63544,-1.5168,50,4.83756,4.5917,-133.82614,-2.74544,-12.08122,29.76033,-21.98743,MIA_RED,MIA_RED,McKieFieldStad,TeamExclusive,Team,20250923-McKieFieldStad-Private-2,224a5e40-98bf-11f0-a8f4-43aa46516001,90.27591,2.19567,,8.21896,,,,1.15761,2.19567,-0.63939,14081ae7-7498-4b72-b6d1-2ebe0d22cb14,9/23/25,51:52.3,2025-09-23T16:51:52.2553344-04:00,2025-09-23T20:51:52.2553344Z,GroundBall,v3,471355,471355,,"Buffington, Matthew",825106,Right,MIA_RED,dc99158d-acc7-42aa-9d2c-4d96498a4d67,55.18563,-134.9744,14.88016,4.92712,-1.89709,-10.99372,-1.70295,5.05784,-6.04061,,1.15584,106.29297,,,,,,,,2.1965,-49.92843,,,,,,,,-0.63967,16.6741,,,,,,,,,,,,,,,,,,,,,,,,,,,,,,High,High,High,Estimated,Estimated,,,
179,9/23/25,52:32.4,4,1,"Fulk, Landon",824476,Right,MIA_RED,"Phillips, Drew",1000194003,Right,MIA_RED,Undefined,6,Top,1,0,0,Slider,Slider,StrikeCalled,Undefined,Undefined,Undefined,0,0,,80.9166,1.306532,-0.817452,2520.967267,55.769228,7:45,4.79763,1.83794,4.98115,-45.41278,-1.19114,-3.81024,2.24741,0.7484,74.04872,-6.923298,-1.490247,0.478618,,,,,,,,,,,,1.65465,-0.54327,-1.75584,50,4.8865,1.83738,-117.37471,0.98955,2.30414,22.59243,-32.93053,MIA_RED,MIA_RED,McKieFieldStad,TeamExclusive,Team,20250923-McKieFieldStad-Private-2,3a45e500-98bf-11f0-a8f4-43aa46516001,78.75271,,,6.86788,,,,,,,14081ae7-7498-4b72-b6d1-2ebe0d22cb14,9/23/25,52:32.4,2025-09-23T16:52:32.4084736-04:00,2025-09-23T20:52:32.4084736Z,,v3,471355,471355,,"Buffington, Matthew",825106,Right,MIA_RED,50f0c4be-e7f9-4103-b319-de67c161cef8,55.51704,-118.43187,11.29622,4.80414,2.53047,-16.46527,-1.8393,1.72956,1.15207,,,,,,,,,,,,,,,,,,,,,,,,,,,,,,,,,,,,,,,,,,,,,,,,,,,High,High,High,,,,,
180,9/23/25,52:53.4,4,2,"Fulk, Landon",824476,Right,MIA_RED,"Phillips, Drew",1000194003,Right,MIA_RED,Undefined,6,Top,1,0,1,Slider,Slider,HitByPitch,Undefined,Undefined,Undefined,0,0,,80.23122,-0.012075,1.455506,2355.845964,81.942112,8:45,4.8577,1.53366,4.99994,-45.15573,-0.21811,-11.65434,1.08333,1.93681,73.61898,-8.183305,-0.605306,0.482477,,,,,,,,,,,,6.33508,0.13252,-1.66325,50,4.81933,-2.49226,-116.43941,-1.64584,8.66943,22.52098,-31.99269,MIA_RED,MIA_RED,McKieFieldStad,TeamExclusive,Team,20250923-McKieFieldStad-Private-2,46b492a0-98bf-11f0-a8f4-43aa46516001,78.1228,,,6.61224,,,,,,,14081ae7-7498-4b72-b6d1-2ebe0d22cb14,9/23/25,52:53.4,2025-09-23T16:52:53.3616128-04:00,2025-09-23T20:52:53.3616128Z,,v3,471355,471355,,"Buffington, Matthew",825106,Right,MIA_RED,c19f9934-8283-4a52-a04b-d3e5bbcfdc58,55.50148,-117.49866,11.26049,4.86136,-0.14111,-15.99634,-1.53644,-2.90001,4.33471,,,,,,,,,,,,,,,,,,,,,,,,,,,,,,,,,,,,,,,,,,,,,,,,,,,High,High,High,,,,,
181,9/23/25,53:33.1,5,1,"Fulk, Landon",824476,Right,MIA_RED,"Harrison, Tommy",811731,Left,MIA_RED,Undefined,6,Top,1,0,0,ChangeUp,Changeup,BallCalled,Undefined,Undefined,Undefined,0,0,,85.62314,0.043479,-0.93865,1314.113424,274.540966,3:15,4.82893,1.75727,5.1926,-38.84797,0.70142,8.53623,1.6325,1.58558,77.63166,-7.050482,0.57565,0.452628,,,,,,,,,,,,-4.52189,0.78059,-1.67685,50,4.80388,1.64836,-124.11159,-1.38771,-6.97014,27.56998,-30.97083,MIA_RED,MIA_RED,McKieFieldStad,TeamExclusive,Team,20250923-McKieFieldStad-Private-2,5e71b0d0-98bf-11f0-a8f4-43aa46516001,83.27469,,,7.99148,,,,,,,14081ae7-7498-4b72-b6d1-2ebe0d22cb14,9/23/25,53:33.1,2025-09-23T16:53:33.0937344-04:00,2025-09-23T20:53:33.0937344Z,,v3,471355,471355,,"Buffington, Matthew",825106,Right,MIA_RED,b42484f4-1942-4c62-ab3b-137223776be9,55.30306,-125.28407,13.78499,4.83489,-0.07061,-15.48542,-1.75325,1.94478,-3.48507,,,,,,,,,,,,,,,,,,,,,,,,,,,,,,,,,,,,,,,,,,,,,,,,,,,High,High,High,,,,,
182,9/23/25,53:54.9,5,2,"Fulk, Landon",824476,Right,MIA_RED,"Harrison, Tommy",811731,Left,MIA_RED,Undefined,6,Top,1,1,0,Slider,Slider,BallCalled,Undefined,Undefined,Undefined,0,0,,80.58734,1.597074,0.29517,2532.83452,77.927062,8:30,4.74957,1.83641,4.73366,-44.78691,0.14504,-5.90508,2.53285,1.62434,73.77044,-6.491865,-0.742736,0.482446,,,,,,,,,,,,2.96709,0.07469,-1.86063,50,4.87083,-0.34216,-116.8578,1.54864,4.10455,21.93468,-32.07075,MIA_RED,MIA_RED,McKieFieldStad,TeamExclusive,Team,20250923-McKieFieldStad-Private-2,6b525a20-98bf-11f0-a8f4-43aa46516001,78.12772,,,6.8169,,,,,,,14081ae7-7498-4b72-b6d1-2ebe0d22cb14,9/23/25,53:54.9,2025-09-23T16:53:54.9358592-04:00,2025-09-23T20:53:54.9358592Z,,v3,471355,471355,,"Buffington, Matthew",825106,Right,MIA_RED,d21bf22d-5d87-42d3-b2f5-70f0c9f70ad1,55.76389,-117.93474,10.96734,4.75614,3.12324,-16.03537,-1.83889,-0.54368,2.05227,,,,,,,,,,,,,,,,,,,,,,,,,,,,,,,,,,,,,,,,,,,,,,,,,,,High,High,High,,,,,
183,9/23/25,54:19.1,5,3,"Fulk, Landon",824476,Right,MIA_RED,"Harrison, Tommy",811731,Left,MIA_RED,Undefined,6,Top,1,2,0,Slider,Slider,BallCalled,Undefined,Undefined,Undefined,0,0,,79.3482,2.725178,0.198791,2486.447676,65.146507,8:15,4.67741,1.91018,4.94782,-46.16014,-0.28012,-3.59555,3.40783,1.79839,72.73078,-5.641483,-0.435108,0.48751,,,,,,,,,,,,1.82272,-0.42067,-1.92636,50,4.90382,-0.24682,-115.06087,3.78545,2.45314,20.56305,-32.7402,MIA_RED,MIA_RED,McKieFieldStad,TeamExclusive,Team,20250923-McKieFieldStad-Private-2,79b7ceb0-98bf-11f0-a8f4-43aa46516001,77.31629,,,6.61741,,,,,,,14081ae7-7498-4b72-b6d1-2ebe0d22cb14,9/23/25,54:19.1,2025-09-23T16:54:19.0645248-04:00,2025-09-23T20:54:19.0645248Z,,v3,471355,471355,,"Buffington, Matthew",825106,Right,MIA_RED,04142b0f-9112-47cf-9e93-b6a2c6813205,55.55024,-116.04854,10.28153,4.68424,5.358,-16.3701,-1.91167,-0.36465,1.22657,,,,,,,,,,,,,,,,,,,,,,,,,,,,,,,,,,,,,,,,,,,,,,,,,,,High,High,High,,,,,
184,9/23/25,54:45.4,5,4,"Fulk, Landon",824476,Right,MIA_RED,"Harrison, Tommy",811731,Left,MIA_RED,Undefined,6,Top,1,3,0,Fastball,Four-Seam,StrikeCalled,Undefined,Undefined,Undefined,0,0,,90.93967,-1.340823,-3.514815,2477.0911,220.448062,1:15,4.96282,1.66447,5.37595,-23.36151,11.41146,8.71989,1.75645,-0.90805,82.59337,-5.676187,-1.968307,0.424416,,,,,,,,,,,,-5.4213,6.47516,-1.35579,50,4.82632,7.68549,-131.65905,-3.93282,-9.45493,29.62249,-20.88116,MIA_RED,MIA_RED,McKieFieldStad,TeamExclusive,Team,20250923-McKieFieldStad-Private-2,897d9690-98bf-11f0-a8f4-43aa46516001,88.81005,,,8.3463,,,,,,,14081ae7-7498-4b72-b6d1-2ebe0d22cb14,9/23/25,54:45.4,2025-09-23T16:54:45.3811200-04:00,2025-09-23T20:54:45.3811200Z,,v3,471355,471355,,"Buffington, Matthew",825106,Right,MIA_RED,ec7032cb-e0b4-4227-b1c5-bb5be0c62715,55.12049,-132.80613,14.81125,4.96295,-3.12423,-10.44058,-1.66049,8.05162,-4.72746,,,,,,,,,,,,,,,,,,,,,,,,,,,,,,,,,,,,,,,,,,,,,,,,,,,High,High,High,,,,,
185,9/23/25,55:09.3,5,5,"Fulk, Landon",824476,Right,MIA_RED,"Harrison, Tommy",811731,Left,MIA_RED,Undefined,6,Top,1,3,1,Fastball,Four-Seam,FoulBallNotFieldable,Undefined,Undefined,Undefined,0,0,,92.27817,-1.422648,-3.12391,2492.507175,227.024953,1:30,4.9994,1.4409,5.40743,-19.81265,13.76241,13.58284,2.01318,-0.35695,84.03396,-5.123192,-0.711678,0.417042,70.79026,61.665943,-132.492785,5275.613499,,,,,43.08844,,,-7.75725,7.65945,-1.17264,50,4.85907,6.67537,-133.73276,-4.02686,-14.00842,29.60334,-18.34222,MIA_RED,MIA_RED,McKieFieldStad,TeamExclusive,Team,20250923-McKieFieldStad-Private-2,97b08970-98bf-11f0-a8f4-43aa46516001,90.3804,62.19192,,8.24421,,,,2.13185,1.92368,0.40313,14081ae7-7498-4b72-b6d1-2ebe0d22cb14,9/23/25,55:09.2,2025-09-23T16:55:09.2577280-04:00,2025-09-23T20:55:09.2577280Z,,v3,471355,471355,,"Buffington, Matthew",825106,Right,MIA_RED,4d98826c-9606-45fe-9727-e6154a6198d2,55.0907,-134.85494,14.80167,4.99853,-3.33156,-9.17111,-1.43575,7.20639,-7.00421,15.842675,2.13185,-33.28576,-4.4797,2.32433,-0.67259,-0.43528,1.62636,-1.58942,0.53122,1.92368,91.38696,-30.59099,4.10736,-0.77436,-0.33574,1.01627,-0.90259,0.28614,0.40313,-36.33485,2.71782,-0.42013,0.03862,0.05197,-0.08952,0.06573,-0.01852,,,,,,,,,,,,,,,,,,,,,,,High,High,High,High,Undefined,,,
186,9/23/25,55:57.3,5,6,"Fulk, Landon",824476,Right,MIA_RED,"Harrison, Tommy",811731,Left,MIA_RED,Undefined,6,Top,1,3,2,Fastball,Sinker,FoulBallNotFieldable,Undefined,Undefined,Undefined,0,0,,91.717,-1.130562,-2.149773,2246.512845,229.702666,1:45,4.97324,1.5637,5.41296,-21.97584,12.32272,13.07154,2.0819,0.63809,82.69717,-5.240634,0.174833,0.421512,86.80224,-0.709404,-45.531474,2705.833274,,,,47.04998,40.7495,-47.295996,0.375472,-7.24835,6.91004,-1.38196,50,4.85776,4.37747,-132.85889,-3.40541,-12.77378,32.19412,-19.99645,MIA_RED,MIA_RED,McKieFieldStad,TeamExclusive,Team,20250923-McKieFieldStad-Private-2,b4609790-98bf-11f0-a8f4-43aa46516001,89.42208,2.2147,,9.01983,,,,0.23186,2.2147,-0.81992,14081ae7-7498-4b72-b6d1-2ebe0d22cb14,9/23/25,55:57.4,2025-09-23T16:55:57.3561344-04:00,2025-09-23T20:55:57.3561344Z,GroundBall,v3,471355,471355,,"Buffington, Matthew",825106,Right,MIA_RED,08037e18-1bbc-4816-ab8d-06d6922861c8,55.0827,-134.08486,16.09706,4.97294,-2.64393,-9.99823,-1.55792,4.8639,-6.38689,,0.23585,89.03475,-12.48406,,,,,,,2.21513,-1.59116,-11.47781,,,,,,,-0.81983,-90.84917,2.52255,,,,,,,,,,,,,,,,,,,,,,,,,,,,,High,High,High,High,High,,,
187,9/23/25,56:33.5,5,7,"Fulk, Landon",824476,Right,MIA_RED,"Harrison, Tommy",811731,Left,MIA_RED,Undefined,6,Top,1,3,2,Slider,Slider,BallCalled,Walk,Undefined,Undefined,0,0,,81.4078,2.303505,0.300499,2441.45927,78.987932,8:45,4.79809,1.77634,4.92944,-44.70148,-0.52598,-10.4876,3.25159,1.18642,73.70263,-5.8269,-1.548357,0.478368,,,,,,,,,,,,5.2387,-0.48776,-1.79647,50,4.98551,-0.1559,-117.90107,3.05976,7.3001,24.51144,-32.85372,MIA_RED,MIA_RED,McKieFieldStad,TeamExclusive,Team,20250923-McKieFieldStad-Private-2,c9d28d40-98bf-11f0-a8f4-43aa46516001,78.79382,,,7.70517,,,,,,,14081ae7-7498-4b72-b6d1-2ebe0d22cb14,9/23/25,56:33.5,2025-09-23T16:56:33.4641152-04:00,2025-09-23T20:56:33.4641152Z,,v3,471355,471355,,"Buffington, Matthew",825106,Right,MIA_RED,69ca34e8-526d-4cbb-8bb5-3ef9b4134c16,55.56695,-119.0528,12.25572,4.80547,4.60348,-16.42686,-1.78109,-0.49891,3.65005,,,,,,,,,,,,,,,,,,,,,,,,,,,,,,,,,,,,,,,,,,,,,,,,,,,High,High,High,,,,,
188,9/23/25,57:23.4,6,1,"Fulk, Landon",824476,Right,MIA_RED,"Krupinski, Dom",702597,Left,MIA_RED,Undefined,6,Top,1,0,0,Fastball,Sinker,FoulBallNotFieldable,Undefined,Undefined,Undefined,0,0,,91.82882,-1.440703,-3.161244,2421.473425,235.96271,1:45,4.95299,1.44861,5.33096,-23.64096,10.29867,13.6245,1.62882,-0.38509,83.86755,-5.807933,-0.744366,0.4193,,,,,,,,,,,,-7.76382,5.89051,-1.17318,50,4.80582,6.72692,-133.09634,-4.23389,-13.91473,28.79513,-21.61678,MIA_RED,MIA_RED,McKieFieldStad,TeamExclusive,Team,20250923-McKieFieldStad-Private-2,e7c18400-98bf-11f0-a8f4-43aa46516001,89.89373,,,7.96127,,,,,,,14081ae7-7498-4b72-b6d1-2ebe0d22cb14,9/23/25,57:23.4,2025-09-23T16:57:23.3552896-04:00,2025-09-23T20:57:23.3552896Z,,v3,471355,471355,,"Buffington, Matthew",825106,Right,MIA_RED,29ec7d75-c4c4-42cf-983c-6140a9d67679,55.16775,-134.20972,14.39757,4.95337,-3.39806,-10.80839,-1.44368,7.26494,-6.95737,,,,,,,,,,,,,,,,,,,,,,,,,,,,,,,,,,,,,,,,,,,,,,,,,,,High,High,High,,,,,
189,9/23/25,57:51.5,6,2,"Fulk, Landon",824476,Right,MIA_RED,"Krupinski, Dom",702597,Left,MIA_RED,Undefined,6,Top,1,0,1,ChangeUp,Changeup,BallCalled,Undefined,Undefined,Undefined,0,0,,84.51387,-0.609064,-1.77849,1374.529093,242.573302,2:00,4.74037,1.77112,5.08392,-34.4801,6.03071,9.03839,1.29265,0.84743,77.11186,-6.904667,-0.17948,0.458096,,,,,,,,,,,,-5.02083,3.56106,-1.61027,50,4.65574,3.40816,-122.53425,-2.58101,-7.59769,25.27646,-26.78531,MIA_RED,MIA_RED,McKieFieldStad,TeamExclusive,Team,20250923-McKieFieldStad-Private-2,f86f8900-98bf-11f0-a8f4-43aa46516001,82.28059,,,7.40201,,,,,,,14081ae7-7498-4b72-b6d1-2ebe0d22cb14,9/23/25,57:51.5,2025-09-23T16:57:51.4965504-04:00,2025-09-23T20:57:51.4965504Z,,v3,471355,471355,,"Buffington, Matthew",825106,Right,MIA_RED,f5f6ad06-6da5-42db-9908-9d82a99ff3d8,55.4134,-123.64589,12.63823,4.74336,-1.40302,-13.39265,-1.76751,3.7423,-3.79885,,,,,,,,,,,,,,,,,,,,,,,,,,,,,,,,,,,,,,,,,,,,,,,,,,,High,High,High,,,,,
190,9/23/25,58:14.5,6,3,"Fulk, Landon",824476,Right,MIA_RED,"Krupinski, Dom",702597,Left,MIA_RED,Undefined,6,Top,1,1,1,Slider,Slider,InPlay,Undefined,FlyBall,HomeRun,0,4,,81.42723,1.355731,-1.413985,2445.608035,88.685657,9:00,4.75999,1.95902,4.97565,-42.46601,1.1365,-9.05063,2.50221,-0.13092,74.65445,-6.345127,-3.010225,0.475256,100.25751,35.693447,32.926751,3156.462277,90.2207,71.71199,62.9292,391.61825,208.12382,41.911351,5.400207,4.11977,0.54047,-1.81462,50,4.85598,3.29774,-118.12742,1.2297,5.8219,22.4765,-31.41025,MIA_RED,MIA_RED,McKieFieldStad,TeamExclusive,Team,20250923-McKieFieldStad-Private-2,062f20a0-98c0-11f0-a8f4-43aa46516001,79.30982,103.84056,,6.77279,,,,2.53083,3.22453,-0.24892,14081ae7-7498-4b72-b6d1-2ebe0d22cb14,9/23/25,58:14.5,2025-09-23T16:58:14.5406464-04:00,2025-09-23T20:58:14.5406464Z,FlyBall,v3,471355,471355,,"Buffington, Matthew",825106,Right,MIA_RED,4c313c01-b87d-4bc2-b788-51a7d84f11c2,55.52361,-119.17378,11.23825,4.76469,2.69196,-15.70513,-1.96184,3.02671,2.91095,,2.53543,100.15497,-20.64914,4.74023,-0.86159,0.11561,-0.01263,0.00127,-7.00E-05,3.2249,85.77332,-21.82,1.93674,-0.1414,-0.07391,0.03009,-0.00438,0.00023,-0.24719,64.88149,-5.83851,0.84229,-0.02884,-0.02497,0.00592,-0.00051,1.00E-05,,,,,,,,,,,,,,,,,,,,,,,High,High,High,High,Low,,,
191,9/23/25,59:11.6,7,1,"Fulk, Landon",824476,Right,MIA_RED,"Breidenbach, Mason",1000074554,Right,MIA_RED,Undefined,6,Top,1,0,0,Fastball,Four-Seam,InPlay,Undefined,LineDrive,Double,0,0,,92.47154,-1.299492,-3.291598,2497.815473,228.291967,1:30,5.00227,1.38466,5.29829,-21.31863,12.6491,12.80154,2.0035,-0.64219,83.28066,-5.282905,-1.023315,0.419474,101.60052,15.215749,32.804388,2240.049392,88.82781,20.99408,64.88067,250.89032,250.89032,40.326343,2.248403,-7.50867,7.10528,-1.09508,50,4.86892,7.09642,-133.80531,-3.81344,-13.41092,32.86703,-19.48361,MIA_RED,MIA_RED,McKieFieldStad,TeamExclusive,Team,20250923-McKieFieldStad-Private-2,2834ff30-98c0-11f0-a8f4-43aa46516001,89.85652,21.70558,,9.19088,,,,2.37012,2.21719,0.87037,14081ae7-7498-4b72-b6d1-2ebe0d22cb14,9/23/25,59:11.6,2025-09-23T16:59:11.5675648-04:00,2025-09-23T20:59:11.5675648Z,LineDrive,v3,471355,471355,,"Buffington, Matthew",825106,Right,MIA_RED,9b500a0f-2b69-42de-a90d-0c8b696ad841,55.19857,-135.07621,16.43351,5.00181,-3.06004,-9.7418,-1.37951,7.61499,-6.70546,,2.37012,120.85892,-25.47462,6.38193,-1.51098,0.29564,-0.05032,0.0061,-0.00036,2.21719,39.10936,-21.59661,2.24786,-0.33549,0.03959,-0.00139,-0.0001,-2.00E-05,0.87037,77.90168,-0.37443,-2.30681,1.00853,-0.31034,0.07061,-0.01061,0.00072,,,,,,,,,,,,,,,,,,,,,,,High,High,High,High,High,,,
192,9/23/25,59:48.5,8,1,"Fulk, Landon",824476,Right,MIA_RED,"Gonzalez Rivera, Ignacio",10124440,Right,MIA_RED,Undefined,6,Top,1,0,0,Slider,Slider,BallCalled,Undefined,Undefined,Undefined,0,0,,80.99377,2.65878,0.262377,2594.066948,56.051686,7:45,4.80188,1.72655,5.09022,-46.38554,-2.0411,-5.27469,3.44403,1.53427,73.35323,-5.793171,-0.670124,0.479282,,,,,,,,,,,,2.67083,-1.29878,-1.7471,50,5.0173,-0.30702,-117.30311,3.72733,3.68784,24.05593,-33.96739,MIA_RED,MIA_RED,McKieFieldStad,TeamExclusive,Team,20250923-McKieFieldStad-Private-2,3e0ae6d0-98c0-11f0-a8f4-43aa46516001,78.64361,,,7.64054,,,,,,,14081ae7-7498-4b72-b6d1-2ebe0d22cb14,9/23/25,59:48.5,2025-09-23T16:59:48.4697600-04:00,2025-09-23T20:59:48.4697600Z,,v3,471355,471355,,"Buffington, Matthew",825106,Right,MIA_RED,d9167388-a4a1-475d-88d8-4b38f94ea857,55.40559,-118.40648,12.02797,4.81062,5.28529,-16.98369,-1.72914,-0.47617,1.84392,,,,,,,,,,,,,,,,,,,,,,,,,,,,,,,,,,,,,,,,,,,,,,,,,,,High,High,High,,,,,
193,9/23/25,00:04.6,8,2,"Fulk, Landon",824476,Right,MIA_RED,"Gonzalez Rivera, Ignacio",10124440,Right,MIA_RED,Undefined,6,Top,1,1,0,Fastball,Sinker,BallCalled,Undefined,Undefined,Undefined,0,0,,90.86806,-2.049443,-4.337658,2420.374935,230.490988,1:45,5.00077,1.40579,5.32963,-21.63218,13.35142,14.72032,1.26879,-1.44524,82.44819,-6.075631,-1.732185,0.4257,,,,,,,,,,,,-8.66264,7.65374,-1.02421,50,4.79983,9.28365,-131.37887,-5.48399,-15.04147,29.53426,-18.88435,MIA_RED,MIA_RED,McKieFieldStad,TeamExclusive,Team,20250923-McKieFieldStad-Private-2,47c8cc50-98c0-11f0-a8f4-43aa46516001,88.54227,,,8.41987,,,,,,,14081ae7-7498-4b72-b6d1-2ebe0d22cb14,9/23/25,00:04.6,2025-09-23T17:00:04.6179840-04:00,2025-09-23T21:00:04.6179840Z,,v3,471355,471355,,"Buffington, Matthew",825106,Right,MIA_RED,8031003a-d7be-46dc-ae96-4844fa4ec878,55.16722,-132.53538,14.76713,5.00009,-4.74451,-9.44218,-1.39928,9.87264,-7.52074,,,,,,,,,,,,,,,,,,,,,,,,,,,,,,,,,,,,,,,,,,,,,,,,,,,High,High,High,,,,,
194,9/23/25,00:24.7,8,3,"Fulk, Landon",824476,Right,MIA_RED,"Gonzalez Rivera, Ignacio",10124440,Right,MIA_RED,Undefined,6,Top,1,2,0,Fastball,Sinker,FoulBallNotFieldable,Undefined,Undefined,Undefined,1,0,,90.17109,-0.36007,-3.113058,2478.218036,242.987039,2:00,4.99638,1.6212,5.51826,-25.18009,9.89753,17.10938,2.56088,0.13344,81.91735,-5.039224,-0.067519,0.426272,,,,,,,,,,,,-9.58839,5.44154,-1.36194,50,4.9483,6.34861,-130.71956,-1.72086,-16.49689,29.01171,-22.81187,MIA_RED,MIA_RED,McKieFieldStad,TeamExclusive,Team,20250923-McKieFieldStad-Private-2,53cde2b0-98c0-11f0-a8f4-43aa46516001,88.42352,,,8.25374,,,,,,,14081ae7-7498-4b72-b6d1-2ebe0d22cb14,9/23/25,00:24.7,2025-09-23T17:00:24.7372288-04:00,2025-09-23T21:00:24.7372288Z,,v3,471355,471355,,"Buffington, Matthew",825106,Right,MIA_RED,474b9bcb-a489-44ad-ac8c-93015ab63343,54.98003,-131.82019,14.50585,4.99717,-0.85544,-11.40594,-1.61466,6.97446,-8.24845,,,,,,,,,,,,,,,,,,,,,,,,,,,,,,,,,,,,,,,,,,,,,,,,,,,High,High,High,,,,,
195,9/23/25,01:23.8,8,4,"Fulk, Landon",824476,Right,MIA_RED,"Gonzalez Rivera, Ignacio",10124440,Right,MIA_RED,Undefined,6,Top,2,2,1,Fastball,Four-Seam,BallCalled,Undefined,Undefined,Undefined,0,0,,91.49014,-0.828757,-3.940458,2472.899689,226.970114,1:30,4.97196,1.57929,5.49984,-24.17045,9.94705,9.44721,2.18072,-1.32481,83.27092,-5.311258,-2.262595,0.420397,,,,,,,,,,,,-5.87496,5.59469,-1.24093,50,4.88328,8.68935,-132.4741,-2.79832,-10.40651,29.15073,-22.26397,MIA_RED,MIA_RED,McKieFieldStad,TeamExclusive,Team,20250923-McKieFieldStad-Private-2,76f29ec0-98c0-11f0-a8f4-43aa46516001,89.65908,,,8.21922,,,,,,,14081ae7-7498-4b72-b6d1-2ebe0d22cb14,9/23/25,01:23.8,2025-09-23T17:01:23.7596672-04:00,2025-09-23T21:01:23.7596672Z,,v3,471355,471355,,"Buffington, Matthew",825106,Right,MIA_RED,74d72d50-2648-45a4-996c-d9e129106f20,54.99634,-133.56901,14.57537,4.97268,-1.96208,-11.13199,-1.57465,9.08022,-5.20325,,,,,,,,,,,,,,,,,,,,,,,,,,,,,,,,,,,,,,,,,,,,,,,,,,,High,High,High,,,,,
196,9/23/25,01:43.5,8,5,"Fulk, Landon",824476,Right,MIA_RED,"Gonzalez Rivera, Ignacio",10124440,Right,MIA_RED,Undefined,6,Top,2,3,1,Slider,Slider,HitByPitch,Walk,Undefined,Undefined,0,0,,80.05439,2.488653,0.875736,2489.688188,120.745382,10:00,4.78451,1.57523,4.87371,-39.80439,5.58914,-6.98343,3.82409,1.82199,72.98356,-4.761592,-0.353421,0.484918,,,,,,,,,,,,3.73819,2.4052,-1.6549,50,4.99559,-1.48386,-116.03618,3.6118,5.08929,22.00616,-28.89954,MIA_RED,MIA_RED,McKieFieldStad,TeamExclusive,Team,20250923-McKieFieldStad-Private-2,82b8fe70-98c0-11f0-a8f4-43aa46516001,77.72947,,,7.07084,,,,,,,14081ae7-7498-4b72-b6d1-2ebe0d22cb14,9/23/25,01:43.5,2025-09-23T17:01:43.5434496-04:00,2025-09-23T21:01:43.5434496Z,,v3,471355,471355,,"Buffington, Matthew",825106,Right,MIA_RED,039b1065-56d0-4193-b1c7-1a38bfbfbb49,55.62552,-117.0982,11.00308,4.78763,5.00649,-14.44977,-1.57737,-1.72947,2.54465,,,,,,,,,,,,,,,,,,,,,,,,,,,,,,,,,,,,,,,,,,,,,,,,,,,High,High,High,,,,,
197,9/23/25,05:04.8,1,1,"Berggren, Austin",1000190938,Right,MIA_RED,"Rasmussen, Jamie",10272616,Right,MIA_RED,Undefined,6,Bottom,0,0,0,Fastball,Slider,BallCalled,Undefined,Undefined,Undefined,0,0,,88.99696,0.316983,-3.457836,2233.215945,210.584904,1:00,5.76896,1.61443,5.55932,-27.50714,8.46623,4.30331,3.77339,-1.26143,80.92464,-4.779955,-2.692503,0.43168,,,,,,,,,,,,-3.18343,4.53973,-1.31846,50,5.77842,7.60142,-128.94481,-0.2633,-5.33421,28.00468,-24.56725,MIA_RED,MIA_RED,McKieFieldStad,TeamExclusive,Team,20250923-McKieFieldStad-Private-2,fab0a9f0-98c0-11f0-a8f4-43aa46516001,87.3157,,,8.07232,,,,,,,14081ae7-7498-4b72-b6d1-2ebe0d22cb14,9/23/25,05:04.8,2025-09-23T17:05:04.7870000-04:00,2025-09-23T21:05:04.7870000Z,,v3,471355,471355,,"Raether, Carson",1000338521,Right,MIA_RED,964349c7-eb62-4ffa-b700-68376aef7b89,54.93717,-130.01266,14.00234,5.7706,0.67347,-12.28363,-1.61219,7.80482,-2.6671,,,,,,,,,,,,,,,,,,,,,,,,,,,,,76.45935,1.554246,0.702464,0.851782,0.06484,3.65851,1.32478,-2.18845,5.3813,3.82032,66.90135,3.28202,57.87493,-2.15905,89.58149,-10.10937,5.39363,9.48061,-14.09646,3.82416,65.97069,-2.96921,High,High,High,,,High,High,High
198,9/23/25,05:49.5,1,2,"Berggren, Austin",1000190938,Right,MIA_RED,"Rasmussen, Jamie",10272616,Right,MIA_RED,Undefined,6,Bottom,0,1,0,Fastball,Slider,BallCalled,Undefined,Undefined,Undefined,0,0,,89.58745,0.03461,-3.15234,2282.468798,208.834382,1:00,5.72042,1.66283,5.70526,-26.79895,8.61989,4.07988,3.51947,-0.93724,81.18769,-4.954235,-2.424284,0.42834,,,,,,,,,,,,-3.02776,4.72898,-1.40102,50,5.70686,6.97024,-129.81543,-0.85484,-5.12057,29.44157,-24.17641,MIA_RED,MIA_RED,McKieFieldStad,TeamExclusive,Team,20250923-McKieFieldStad-Private-2,1557c8b0-98c1-11f0-a8f4-43aa46516001,87.99655,,,8.39976,,,,,,,14081ae7-7498-4b72-b6d1-2ebe0d22cb14,9/23/25,05:49.5,2025-09-23T17:05:49.5220224-04:00,2025-09-23T21:05:49.5220224Z,,v3,471355,471355,,"Raether, Carson",1000338521,Right,MIA_RED,946a9377-5735-4410-884b-b02c9d0f82b7,54.79057,-130.8974,14.72078,5.72195,0.03364,-12.08821,-1.66063,7.15842,-2.56028,,,,,,,,,,,,,,,,,,,,,,,,,,,,,,,,,,,,,,,,,,,,,,,,,,,High,High,High,,,,,
199,9/23/25,06:08.5,1,3,"Berggren, Austin",1000190938,Right,MIA_RED,"Rasmussen, Jamie",10272616,Right,MIA_RED,Undefined,6,Bottom,0,2,0,Fastball,Four-Seam,StrikeCalled,Undefined,Undefined,Undefined,0,0,,89.88654,-0.022434,-3.139642,2285.934109,224.690217,1:30,5.78432,1.68134,5.50971,-27.34387,8.17622,6.86052,3.48466,-0.68588,81.26639,-5.09608,-1.91947,0.428952,,,,,,,,,,,,-4.42095,4.49894,-1.412,50,5.76428,6.82918,-130.17773,-1.04061,-7.50384,30.09959,-24.53787,MIA_RED,MIA_RED,McKieFieldStad,TeamExclusive,Team,20250923-McKieFieldStad-Private-2,20b07270-98c1-11f0-a8f4-43aa46516001,87.87101,,,8.62014,,,,,,,14081ae7-7498-4b72-b6d1-2ebe0d22cb14,9/23/25,06:08.5,2025-09-23T17:06:08.4939776-04:00,2025-09-23T21:06:08.4939776Z,,v3,471355,471355,,"Raether, Carson",1000338521,Right,MIA_RED,d5e80e70-1962-4680-bb61-89c88f3b3ef7,54.98566,-131.32546,15.04979,5.78612,-0.10496,-12.26893,-1.67786,7.11531,-3.75192,,,,,,,,,,,,,,,,,,,,,,,,,,,,,,,,,,,,,,,,,,,,,,,,,,,High,High,High,,,,,
200,9/23/25,06:32.5,1,4,"Berggren, Austin",1000190938,Right,MIA_RED,"Rasmussen, Jamie",10272616,Right,MIA_RED,Undefined,6,Bottom,0,2,1,Fastball,Four-Seam,BallCalled,Undefined,Undefined,Undefined,0,0,,89.81901,0.359906,-2.955735,2355.949296,204.819366,12:45,5.80371,1.4574,5.57132,-25.15293,10.21662,4.17181,4.04426,-0.95824,81.40433,-4.325631,-2.213065,0.428042,,,,,,,,,,,,-2.99398,5.41032,-1.20541,50,5.81848,6.53377,-130.1548,-0.06428,-5.09629,29.27971,-22.96469,MIA_RED,MIA_RED,McKieFieldStad,TeamExclusive,Team,20250923-McKieFieldStad-Private-2,2f09d910-98c1-11f0-a8f4-43aa46516001,88.05785,,,8.41468,,,,,,,14081ae7-7498-4b72-b6d1-2ebe0d22cb14,9/23/25,06:32.5,2025-09-23T17:06:32.5219328-04:00,2025-09-23T21:06:32.5219328Z,,v3,471355,471355,,"Raether, Carson",1000338521,Right,MIA_RED,4d14f1d7-0363-4b96-8f6e-2201539415ee,54.92452,-131.25795,14.63985,5.80461,0.80094,-11.48235,-1.4552,6.72578,-2.54815,,,,,,,,,,,,,,,,,,,,,,,,,,,,,,,,,,,,,,,,,,,,,,,,,,,High,High,High,,,,,
201,9/23/25,06:58.0,1,5,"Berggren, Austin",1000190938,Right,MIA_RED,"Rasmussen, Jamie",10272616,Right,MIA_RED,Undefined,6,Bottom,0,3,1,Sinker,Sinker,BallCalled,Walk,Undefined,Undefined,0,0,,89.12581,-0.142732,-4.639036,2180.877518,268.988722,3:00,5.44611,1.85028,5.89153,-34.1477,1.28528,7.94867,2.46751,-1.80398,81.3737,-6.436651,-3.218587,0.428425,,,,,,,,,,,,-5.40075,1.04484,-1.48045,50,5.41498,10.13831,-129.07651,-1.53461,-9.08377,27.62871,-30.41667,MIA_RED,MIA_RED,McKieFieldStad,TeamExclusive,Team,20250923-McKieFieldStad-Private-2,3e35d1f0-98c1-11f0-a8f4-43aa46516001,87.97902,,,7.75212,,,,,,,14081ae7-7498-4b72-b6d1-2ebe0d22cb14,9/23/25,06:58.0,2025-09-23T17:06:58.0050944-04:00,2025-09-23T21:06:58.0050944Z,,v3,471355,471355,,"Raether, Carson",1000338521,Right,MIA_RED,31880b1a-8e04-4b78-98a7-856af7d742c6,54.60657,-130.0588,13.81435,5.45032,-0.45319,-15.20833,-1.84664,10.46127,-4.54189,,,,,,,,,,,,,,,,,,,,,,,,,,,,,,,,,,,,,,,,,,,,,,,,,,,High,High,High,,,,,
202,9/23/25,07:38.9,2,1,"Berggren, Austin",1000190938,Right,MIA_RED,"Buffington, Matthew",825106,Right,MIA_RED,Undefined,6,Bottom,0,0,0,Fastball,Four-Seam,FoulBallNotFieldable,Undefined,Undefined,Undefined,0,0,,89.26695,0.40581,-2.012049,2279.277527,215.16793,1:15,5.81312,1.70145,5.54794,-26.18249,9.43528,5.83756,4.0107,0.30695,81.30541,-4.455082,-0.971817,0.429541,,,,,,,,,,,,-3.5402,4.98843,-1.53131,50,5.83105,4.29511,-129.52824,-0.00873,-5.99585,27.83638,-23.72539,MIA_RED,MIA_RED,McKieFieldStad,TeamExclusive,Team,20250923-McKieFieldStad-Private-2,5687dd20-98c1-11f0-a8f4-43aa46516001,87.75051,,,7.96153,,,,,,,14081ae7-7498-4b72-b6d1-2ebe0d22cb14,9/23/25,07:38.9,2025-09-23T17:07:38.8988928-04:00,2025-09-23T21:07:38.8988928Z,,v3,471355,471355,,"Raether, Carson",1000338521,Right,MIA_RED,e49c00f8-5d25-4d9d-9483-d64414bc2cec,54.94962,-130.58761,13.91819,5.8142,0.89419,-11.86269,-1.69911,4.5233,-2.99793,,,,,,,,,,,,,,,,,,,,,,,,,,,,,,,,,,,,,,,,,,,,,,,,,,,High,High,High,,,,,
203,9/23/25,08:06.0,2,2,"Berggren, Austin",1000190938,Right,MIA_RED,"Buffington, Matthew",825106,Right,MIA_RED,Undefined,6,Bottom,0,0,1,Slider,Slider,InPlay,Undefined,Bunt,FieldersChoice,1,0,,83.2885,1.370387,-0.707616,2517.797275,87.347354,9:00,5.39426,2.04303,5.04225,-41.09931,0.97815,-10.48347,3.26234,0.50189,75.37884,-6.126352,-2.559956,0.46687,27.20595,6.773952,-28.013912,1006.83856,,,,26.18832,25.29115,-28.099322,0.648196,4.9887,0.45803,-1.96669,50,5.49223,1.94878,-120.68403,1.34835,7.26313,26.29718,-31.50722,MIA_RED,MIA_RED,McKieFieldStad,TeamExclusive,Team,20250923-McKieFieldStad-Private-2,66b0d3a0-98c1-11f0-a8f4-43aa46516001,80.73431,3.5505,,7.90966,,,,1.02432,3.18143,-0.46831,14081ae7-7498-4b72-b6d1-2ebe0d22cb14,9/23/25,08:06.0,2025-09-23T17:08:05.9724288-04:00,2025-09-23T21:08:05.9724288Z,GroundBall,v3,471355,471355,,"Raether, Carson",1000338521,Right,MIA_RED,9f4775e0-a84b-47a1-9150-e17a7ece6251,55.45487,-121.86685,13.14859,5.39971,2.76552,-15.75361,-2.04699,1.62209,3.63157,166.030173,1.02432,34.98086,-1.62217,0.3616,-0.43585,1.5989,-2.92027,2.69849,-1.00695,3.18143,4.70656,-15.06129,0.33736,0.27132,-1.06855,1.88804,-1.73307,0.64462,-0.46831,-18.61056,0.55321,-0.15035,0.15986,-0.58262,1.06572,-0.98489,0.36753,,,,,,,,,,,,,,,,,,,,,,,High,High,High,High,High,,,
204,9/23/25,09:14.6,3,1,"Berggren, Austin",1000190938,Right,MIA_RED,"Roa Calcano, Christopher",1000375139,Left,MIA_RED,Undefined,6,Bottom,1,0,0,ChangeUp,Changeup,BallCalled,Undefined,Undefined,Undefined,0,0,,82.79246,0.379001,-1.498811,1751.530705,297.095666,4:00,5.30781,2.10681,5.35954,-45.0803,-3.87063,9.85607,1.90665,1.52231,76.66724,-7.797912,0.255324,0.462031,,,,,,,,,,,,-5.34111,-1.68945,-1.97944,50,5.30944,2.7414,-120.33039,-0.8485,-7.89631,21.5284,-34.67173,MIA_RED,MIA_RED,McKieFieldStad,TeamExclusive,Team,20250923-McKieFieldStad-Private-2,8f9ce6a0-98c1-11f0-a8f4-43aa46516001,81.57992,,,6.12522,,,,,,,14081ae7-7498-4b72-b6d1-2ebe0d22cb14,9/23/25,09:14.6,2025-09-23T17:09:14.6226176-04:00,2025-09-23T21:09:14.6226176Z,,v3,471355,471355,,"Raether, Carson",1000338521,Right,MIA_RED,2305ca87-b929-456e-b181-49a8ba1bc7e0,55.14118,-121.24672,10.7642,5.31415,0.62724,-17.33587,-2.10327,3.07749,-3.94816,,,,,,,,,,,,,,,,,,,,,,,,,,,,,,,,,,,,,,,,,,,,,,,,,,,High,High,High,,,,,
205,9/23/25,09:33.5,3,2,"Berggren, Austin",1000190938,Right,MIA_RED,"Roa Calcano, Christopher",1000375139,Left,MIA_RED,Undefined,6,Bottom,1,1,0,Cutter,Four-Seam,InPlay,Undefined,Popup,Out,1,0,,89.31165,-0.888289,-3.061801,2202.925018,194.069615,12:30,5.67115,1.84873,5.9136,-23.19218,11.79351,2.68433,2.91282,-0.7719,81.84516,-5.221279,-2.580833,0.425713,73.53222,59.328719,23.177724,,102.73211,114.17362,39.32018,178.5797,177.58248,20.214588,5.451741,-2.22217,6.6189,-1.60467,50,5.58662,6.8221,-129.61366,-2.76822,-3.78616,26.69205,-20.89665,MIA_RED,MIA_RED,McKieFieldStad,TeamExclusive,Team,20250923-McKieFieldStad-Private-2,9ae40430-98c1-11f0-a8f4-43aa46516001,88.53961,116.52476,,7.46649,,,,1.63006,2.92761,0.73518,14081ae7-7498-4b72-b6d1-2ebe0d22cb14,9/23/25,09:33.5,2025-09-23T17:09:33.5112192-04:00,2025-09-23T21:09:33.5112192Z,Popup,v3,471355,471355,,"Raether, Carson",1000338521,Right,MIA_RED,661878b8-700f-41fe-9dc4-4f130bee0647,54.5847,-130.5544,13.34602,5.6712,-2.03174,-10.44832,-1.84746,6.95554,-1.89308,176.398839,1.6229,50.68169,-12.9034,4.34945,-1.05266,0.16578,-0.00971,-0.00097,0.00012,2.90138,93.27291,-24.5031,5.08811,-2.70121,1.03415,-0.22775,0.02569,-0.00115,0.73178,21.7023,-6.57933,2.1578,-0.49416,0.06737,-0.00107,-0.00095,8.00E-05,,,,,,,,,,,,,,,,,,,,,,,High,High,High,High,Medium,,,
206,9/23/25,10:19.5,4,1,"Berggren, Austin",1000190938,Right,MIA_RED,"Vrlak, Jake",1000131822,Right,MIA_RED,Undefined,6,Bottom,2,0,0,Sinker,Sinker,BallCalled,Undefined,Undefined,Undefined,0,0,,88.99891,1.177991,-2.425775,2122.495272,265.503676,2:45,5.37892,1.92885,5.71737,-33.27447,2.36453,15.39351,3.7045,0.95066,81.02342,-4.966925,0.326245,0.429669,,,,,,,,,,,,-8.49918,1.22161,-1.73557,50,5.457,4.79862,-129.13548,1.44835,-14.30024,27.79407,-30.11861,MIA_RED,MIA_RED,McKieFieldStad,TeamExclusive,Team,20250923-McKieFieldStad-Private-2,b64ac970-98c1-11f0-a8f4-43aa46516001,87.72431,,,7.97549,,,,,,,14081ae7-7498-4b72-b6d1-2ebe0d22cb14,9/23/25,10:19.5,2025-09-23T17:10:19.5290000-04:00,2025-09-23T21:10:19.5290000Z,,v3,471355,471355,,"Raether, Carson",1000338521,Right,MIA_RED,8840e72e-7f68-44a1-8b4d-2111dc220767,54.78069,-130.16037,13.89704,5.38312,2.55896,-15.0593,-1.92223,5.32593,-7.15012,,,,,,,,,,,,,,,,,,,,,,,,,,,,,,,,,,,,,,,,,,,,,,,,,,,High,High,High,,,,,
207,9/23/25,10:43.2,4,2,"Berggren, Austin",1000190938,Right,MIA_RED,"Vrlak, Jake",1000131822,Right,MIA_RED,Undefined,6,Bottom,2,1,0,Slider,Slider,StrikeCalled,Undefined,Undefined,Undefined,0,0,,82.76951,0.918288,-0.67081,2519.076281,90.32719,9:00,5.23076,2.07838,5.11485,-40.70542,1.41532,-10.59717,2.70383,0.56333,75.6017,-6.493614,-2.546183,0.46711,,,,,,,,,,,,5.06067,0.86256,-2.0067,50,5.28563,1.86582,-120.07068,0.41495,7.36008,24.06649,-30.91958,MIA_RED,MIA_RED,McKieFieldStad,TeamExclusive,Team,20250923-McKieFieldStad-Private-2,c463a4a0-98c1-11f0-a8f4-43aa46516001,80.69281,,,7.1678,,,,,,,14081ae7-7498-4b72-b6d1-2ebe0d22cb14,9/23/25,10:43.2,2025-09-23T17:10:43.2070000-04:00,2025-09-23T21:10:43.2070000Z,,v3,471355,471355,,"Raether, Carson",1000338521,Right,MIA_RED,fdff6223-81eb-47f6-a4e5-f9a56e03eebf,55.38251,-121.14472,12.03324,5.23632,1.79484,-15.45979,-2.08263,1.53736,3.68004,,,,,,,,,,,,,,,,,,,,,,,,,,,,,,,,,,,,,,,,,,,,,,,,,,,High,High,High,,,,,
208,9/23/25,11:03.3,4,3,"Berggren, Austin",1000190938,Right,MIA_RED,"Vrlak, Jake",1000131822,Right,MIA_RED,Undefined,6,Bottom,2,1,1,Fastball,Sinker,InPlay,Undefined,LineDrive,Single,0,0,,91.66687,-1.227954,-3.534727,2222.540073,237.109453,2:00,5.44846,1.73748,5.91464,-24.01387,9.33827,12.77095,2.30533,-0.48291,83.67292,-5.707848,-1.245932,0.415655,94.65517,6.135939,0.366662,818.295085,,,,102.3208,55.30002,2.488071,0.807242,-7.57158,5.45402,-1.46129,50,5.33618,7.66408,-132.92813,-3.67343,-13.52088,29.01727,-22.43462,MIA_RED,MIA_RED,McKieFieldStad,TeamExclusive,Team,20250923-McKieFieldStad-Private-2,d069a560-98c1-11f0-a8f4-43aa46516001,90.68197,4.65495,,7.99395,,,,0.95749,2.27655,0.48316,14081ae7-7498-4b72-b6d1-2ebe0d22cb14,9/23/25,11:03.3,2025-09-23T17:11:03.2700000-04:00,2025-09-23T21:11:03.2700000Z,GroundBall,v3,471355,471355,,"Raether, Carson",1000338521,Right,MIA_RED,78575d17-1e7b-4ba1-ad3f-7f00df004ec6,54.58377,-133.925,14.50864,5.44914,-2.9027,-11.21731,-1.73257,8.12858,-6.76044,315.02684,0.99675,137.36963,-14.88427,,,,,,,2.33477,13.85889,-20.83345,,,,,,,0.45471,1.36488,4.46753,,,,,,,,,,,,,,,,,,,,,,,,,,,,,High,High,High,High,Medium,,,
209,9/23/25,12:38.7,5,1,"Berggren, Austin",1000190938,Right,MIA_RED,"Fulk, Landon",824476,Right,MIA_RED,Undefined,6,Bottom,2,0,0,Sinker,Sinker,StrikeCalled,Undefined,Undefined,Undefined,0,0,,89.6334,0.53459,-3.223705,2186.262812,278.778019,3:15,5.34994,1.96993,5.61568,-35.53852,-0.63059,10.60607,2.88813,-0.15805,82.63738,-5.964841,-1.332498,0.425239,,,,,,,,,,,,-6.19536,-0.14291,-1.70149,50,5.37258,6.8671,-130.13356,-0.12447,-10.71404,25.13991,-32.42122,MIA_RED,MIA_RED,McKieFieldStad,TeamExclusive,Team,20250923-McKieFieldStad-Private-2,093cc3e0-98c2-11f0-a8f4-43aa46516001,88.63818,,,6.99603,,,,,,,14081ae7-7498-4b72-b6d1-2ebe0d22cb14,9/23/25,12:38.7,2025-09-23T17:12:38.6850000-04:00,2025-09-23T21:12:38.6850000Z,,v3,471355,471355,,"Raether, Carson",1000338521,Right,MIA_RED,9c3b0a1d-adf5-410a-8844-8f986534a169,54.88417,-131.07372,12.56995,5.35456,1.08798,-16.21061,-1.96579,7.26777,-5.35702,,,,,,,,,,,,,,,,,,,,,,,,,,,,,,,,,,,,,,,,,,,,,,,,,,,High,High,High,,,,,
210,9/23/25,12:56.7,5,2,"Berggren, Austin",1000190938,Right,MIA_RED,"Fulk, Landon",824476,Right,MIA_RED,Undefined,6,Bottom,2,0,1,ChangeUp,Changeup,InPlay,Undefined,Popup,Out,1,0,,84.81987,-0.881168,-4.021024,1637.01513,265.520839,2:45,5.1846,2.06762,5.57138,-37.22565,2.87681,17.72517,1.2573,-0.21733,76.50101,-7.737711,-0.863182,0.455782,57.33307,40.095564,9.79514,3642.663219,109.07144,45.90263,14.26255,179.67401,175.07335,6.211711,3.618115,-10.33225,2.1461,-1.73291,50,5.0842,7.88448,-122.70769,-3.19487,-15.47032,28.35246,-28.96072,MIA_RED,MIA_RED,McKieFieldStad,TeamExclusive,Team,20250923-McKieFieldStad-Private-2,14093330-98c2-11f0-a8f4-43aa46516001,82.69843,47.15009,,8.31887,,,,2.2552,1.43132,0.20579,14081ae7-7498-4b72-b6d1-2ebe0d22cb14,9/23/25,12:56.8,2025-09-23T17:12:56.7520000-04:00,2025-09-23T21:12:56.7520000Z,LineDrive,v3,471355,471355,,"Raether, Carson",1000338521,Right,MIA_RED,c6d88970-691f-4b4f-9a00-b221bfa55de7,54.92627,-123.84071,14.17623,5.18875,-2.03754,-14.48036,-2.06034,8.5027,-7.73516,167.597839,2.25594,63.36197,-8.65954,2.00765,-0.02167,-0.22566,0.09312,-0.01612,0.00105,1.43056,54.18116,-17.33718,1.07442,-0.33268,0.10912,-0.01407,-0.00092,0.00024,0.20609,10.93314,-2.87039,0.47588,0.07865,-0.09977,0.03497,-0.00562,0.00035,,,,,,,,,,,,,,,,,,,,,,,High,High,High,High,High,,,