PitchNo,Date,Time,PAofInning,PitchofPA,Pitcher,PitcherId,PitcherThrows,PitcherTeam,Batter,BatterId,BatterSide,BatterTeam,PitcherSet,Inning,Top/Bottom,Outs,Balls,Strikes,TaggedPitchType,AutoPitchType,PitchCall,KorBB,TaggedHitType,PlayResult,OutsOnPlay,RunsScored,Notes,RelSpeed,VertRelAngle,HorzRelAngle,SpinRate,SpinAxis,Tilt,RelHeight,RelSide,Extension,VertBreak,InducedVertBreak,HorzBreak,PlateLocHeight,PlateLocSide,ZoneSpeed,VertApprAngle,HorzApprAngle,ZoneTime,ExitSpeed,Angle,Direction,HitSpinRate,PositionAt110X,PositionAt110Y,PositionAt110Z,Distance,LastTrackedDistance,Bearing,HangTime,pfxx,pfxz,x0,y0,z0,vx0,vy0,vz0,ax0,ay0,az0,HomeTeam,AwayTeam,Stadium,Level,League,GameID,PitchUID,EffectiveVelo,MaxHeight,MeasuredDuration,SpeedDrop,PitchLastMeasuredX,PitchLastMeasuredY,PitchLastMeasuredZ,ContactPositionX,ContactPositionY,ContactPositionZ,GameUID,UTCDate,UTCTime,LocalDateTime,UTCDateTime,AutoHitType,System,HomeTeamForeignID,AwayTeamForeignID,GameForeignID,Catcher,CatcherId,CatcherThrows,CatcherTeam,PlayID,PitchTrajectoryXc0,PitchTrajectoryXc1,PitchTrajectoryXc2,PitchTrajectoryYc0,PitchTrajectoryYc1,PitchTrajectoryYc2,PitchTrajectoryZc0,PitchTrajectoryZc1,PitchTrajectoryZc2,HitSpinAxis,HitTrajectoryXc0,HitTrajectoryXc1,HitTrajectoryXc2,HitTrajectoryXc3,HitTrajectoryXc4,HitTrajectoryXc5,HitTrajectoryXc6,HitTrajectoryXc7,HitTrajectoryXc8,HitTrajectoryYc0,HitTrajectoryYc1,HitTrajectoryYc2,HitTrajectoryYc3,HitTrajectoryYc4,HitTrajectoryYc5,HitTrajectoryYc6,HitTrajectoryYc7,HitTrajectoryYc8,HitTrajectoryZc0,HitTrajectoryZc1,HitTrajectoryZc2,HitTrajectoryZc3,HitTrajectoryZc4,HitTrajectoryZc5,HitTrajectoryZc6,HitTrajectoryZc7,HitTrajectoryZc8,ThrowSpeed,PopTime,ExchangeTime,TimeToBase,CatchPositionX,CatchPositionY,CatchPositionZ,ThrowPositionX,ThrowPositionY,ThrowPositionZ,BasePositionX,BasePositionY,BasePositionZ,ThrowTrajectoryXc0,ThrowTrajectoryXc1,ThrowTrajectoryXc2,ThrowTrajectoryYc0,ThrowTrajectoryYc1,ThrowTrajectoryYc2,ThrowTrajectoryZc0,ThrowTrajectoryZc1,ThrowTrajectoryZc2,PitchReleaseConfidence,PitchLocationConfidence,PitchMovementConfidence,HitLaunchConfidence,HitLandingConfidence,CatcherThrowCatchConfidence,CatcherThrowReleaseConfidence,CatcherThrowLocationConfidence
1,2025-10-04,12:03:28.76,1,1,"Preisel, Connor",1000213694,Left,MIA_RED,"Ritlinger-Nirider, Dennis",1000224620,Right,BAL_UNI,Undefined,1,Top,0,0,0,Cutter,Slider,StrikeSwinging,Undefined,Undefined,Undefined,0,0,,82.16949,1.43691,4.878116,2634.216119,57.719544,8:00,4.28925,-3.08424,5.48208,-42.93191,-1.19815,-3.6887,2.06115,1.18347,76.19763,-6.360756,4.225086,0.464959,,,,,,,,,,,,3.02725,-0.59744,2.65809,50,4.38623,-10.0126,-119.05942,1.485,4.40614,19.85737,-33.04363,MIA_RED,BAL_UNI,McKieFieldStad,TeamExclusive,Team,20251004-McKieFieldStad-Private-1,ab13a860-a13b-11f0-9f0b-09fe507a42b3,81.06608,,,5.97186,,,,,,,6a89286b-1dc2-4afe-ba41-38a51ea46870,2025-10-04,16:03:28.76,2025-10-04T12:03:28.7670000-04:00,2025-10-04T16:03:28.7670000Z,,v3,471355,,,"Raether, Carson",1000338521,Right,MIA_RED,b60cabd4-40b9-4ee2-b883-f492a1617389,55.01822,-119.89347,9.92868,4.29471,2.87289,-16.52181,3.08252,-10.19766,2.20307,,,,,,,,,,,,,,,,,,,,,,,,,,,,,,,,,,,,,,,,,,,,,,,,,,,High,High,High,,,,,
2,2025-10-04,12:03:47.36,1,2,"Preisel, Connor",1000213694,Left,MIA_RED,"Ritlinger-Nirider, Dennis",1000224620,Right,BAL_UNI,Undefined,1,Top,0,0,1,Fastball,Sinker,BallCalled,Undefined,Undefined,Undefined,0,0,,88.16824,0.892891,2.604582,2431.767319,114.319875,9:45,4.45705,-3.04943,5.85011,-27.40568,8.45552,-16.31954,3.00384,-1.98756,80.80371,-4.203762,-0.319145,0.431007,,,,,,,,,,,,9.17733,4.38138,2.84785,50,4.51346,-5.17153,-128.07744,1.07973,15.29577,25.61211,-24.87164,MIA_RED,BAL_UNI,McKieFieldStad,TeamExclusive,Team,20251004-McKieFieldStad-Private-1,b63f4eb0-a13b-11f0-9f0b-09fe507a42b3,87.45212,,,7.36453,,,,,,,6a89286b-1dc2-4afe-ba41-38a51ea46870,2025-10-04,16:03:47.36,2025-10-04T12:03:47.3600000-04:00,2025-10-04T16:03:47.3600000Z,,v3,471355,,,"Raether, Carson",1000338521,Right,MIA_RED,a01fb0d9-3b1e-47e5-b829-c8cb67f9906d,54.65083,-129.00413,12.80606,4.45811,1.97962,-12.43582,3.04498,-5.72495,7.64789,,,,,,,,,,,,,,,,,,,,,,,,,,,,,,,,,,,,,,,,,,,,,,,,,,,High,High,High,,,,,
3,2025-10-04,12:04:07.90,1,3,"Preisel, Connor",1000213694,Left,MIA_RED,"Ritlinger-Nirider, Dennis",1000224620,Right,BAL_UNI,Undefined,1,Top,0,1,1,Cutter,Slider,BallCalled,Undefined,Undefined,Undefined,0,0,,82.68168,-0.230911,6.195304,2651.244356,79.499706,8:45,4.18709,-3.2383,5.30886,-41.68392,0.19606,-5.53158,0.49541,2.13867,76.44488,-7.764983,5.221989,0.465774,,,,,,,,,,,,4.36079,0.52169,2.67836,50,4.13553,-12.74029,-119.46939,-1.98687,6.35468,21.23352,-31.41383,MIA_RED,BAL_UNI,McKieFieldStad,TeamExclusive,Team,20251004-McKieFieldStad-Private-1,c28369e0-a13b-11f0-9f0b-09fe507a42b3,80.92439,,,6.2368,,,,,,,6a89286b-1dc2-4afe-ba41-38a51ea46870,2025-10-04,16:04:07.90,2025-10-04T12:04:07.9020000-04:00,2025-10-04T16:04:07.9020000Z,,v3,471355,,,"Raether, Carson",1000338521,Right,MIA_RED,888dab85-9bde-475c-aef9-7c56465a6699,55.19074,-120.38841,10.61676,4.1921,-0.62722,-15.70692,3.23573,-13.01533,3.17734,,,,,,,,,,,,,,,,,,,,,,,,,,,,,,,,,,,,,,,,,,,,,,,,,,,High,High,High,,,,,
4,2025-10-04,12:04:34.92,1,4,"Preisel, Connor",1000213694,Left,MIA_RED,"Ritlinger-Nirider, Dennis",1000224620,Right,BAL_UNI,Undefined,1,Top,0,2,1,Fastball,Changeup,StrikeCalled,Undefined,Undefined,Undefined,0,0,,87.97849,0.077528,5.373158,2430.424188,111.718065,9:45,4.2781,-3.0728,5.8586,-28.10273,8.33056,-17.91804,2.00855,0.44062,80.10549,-5.148476,2.178305,0.434431,,,,,,,,,,,,10.63603,4.59614,2.6461,50,4.26809,-11.21262,-127.28346,-0.77229,17.42712,26.42643,-24.64329,MIA_RED,BAL_UNI,McKieFieldStad,TeamExclusive,Team,20251004-McKieFieldStad-Private-1,d2a0c7a0-a13b-11f0-9f0b-09fe507a42b3,86.76274,,,7.873,,,,,,,6a89286b-1dc2-4afe-ba41-38a51ea46870,2025-10-04,16:04:34.92,2025-10-04T12:04:34.9250000-04:00,2025-10-04T16:04:34.9250000Z,,v3,471355,,,"Raether, Carson",1000338521,Right,MIA_RED,b8adb6cf-772b-4ea5-a57b-39fbff5892fa,54.63942,-128.24307,13.21321,4.27989,0.12257,-12.32164,3.06475,-11.84544,8.71356,,,,,,,,,,,,,,,,,,,,,,,,,,,,,,,,,,,,,,,,,,,,,,,,,,,High,High,High,,,,,
5,2025-10-04,12:04:54.13,1,5,"Preisel, Connor",1000213694,Left,MIA_RED,"Ritlinger-Nirider, Dennis",1000224620,Right,BAL_UNI,Undefined,1,Top,0,2,2,Cutter,Slider,StrikeCalled,Strikeout,Undefined,Undefined,0,0,,82.11058,1.506529,2.569113,2655.292524,159.988018,11:15,4.14126,-3.33195,5.29398,-40.49412,3.32118,-0.55512,2.18299,-0.96446,72.8412,-5.975296,2.470749,0.476414,,,,,,,,,,,,1.2348,1.62898,3.09852,50,4.24963,-5.29756,-118.60278,1.69197,1.70232,29.4686,-29.92827,MIA_RED,BAL_UNI,McKieFieldStad,TeamExclusive,Team,20251004-McKieFieldStad-Private-1,de29f740-a13b-11f0-9f0b-09fe507a42b3,79.11702,,,9.26939,,,,,,,6a89286b-1dc2-4afe-ba41-38a51ea46870,2025-10-04,16:04:54.13,2025-10-04T12:04:54.1390000-04:00,2025-10-04T16:04:54.1390000Z,,v3,471355,,,"Raether, Carson",1000338521,Right,MIA_RED,dd4c661c-4f5f-45e2-a0bd-d7a3fa1b8b62,55.19797,-119.88734,14.7343,4.14744,2.99656,-14.96414,3.33107,-5.37176,0.85116,,,,,,,,,,,,,,,,,,,,,,,,,,,,,65.1314,2.404824,1.350502,1.054321,0.49887,2.08567,0.92487,-1.00048,5.61242,-0.55445,75.99961,4.03953,-48.77606,-0.98532,77.62367,-4.39303,5.64766,14.79649,-15.54364,-0.59686,-52.63933,6.6554,High,High,High,,,High,High,High
6,2025-10-04,12:05:24.64,2,1,"Preisel, Connor",1000213694,Left,MIA_RED,"Kolenich, Sean",1000224524,Right,BAL_UNI,Undefined,1,Top,1,0,0,Fastball,Changeup,BallCalled,Undefined,Undefined,Undefined,0,0,,87.8664,1.162821,2.709252,2375.444425,102.349079,9:30,4.41389,-3.15965,5.67864,-32.0214,4.37945,-14.93308,2.83078,-1.87666,80.45993,-4.744854,0.042601,0.434237,,,,,,,,,,,,8.30851,2.24937,2.94079,50,4.49184,-5.39715,-127.54146,1.44982,13.72907,25.45184,-28.45719,MIA_RED,BAL_UNI,McKieFieldStad,TeamExclusive,Team,20251004-McKieFieldStad-Private-1,f03198d0-a13b-11f0-9f0b-09fe507a42b3,86.80149,,,7.40647,,,,,,,6a89286b-1dc2-4afe-ba41-38a51ea46870,2025-10-04,16:05:24.64,2025-10-04T12:05:24.6490000-04:00,2025-10-04T16:05:24.6490000Z,,v3,471355,,,"Raether, Carson",1000338521,Right,MIA_RED,e2e84702-da4f-426a-9170-48960b615f61,54.82028,-128.49979,12.72592,4.41707,2.5213,-14.22859,3.15374,-5.91408,6.86454,,,,,,,,,,,,,,,,,,,,,,,,,,,,,,,,,,,,,,,,,,,,,,,,,,,High,High,High,,,,,
7,2025-10-04,12:05:43.35,2,2,"Preisel, Connor",1000213694,Left,MIA_RED,"Kolenich, Sean",1000224524,Right,BAL_UNI,Undefined,1,Top,1,1,0,Fastball,Changeup,BallCalled,Undefined,Undefined,Undefined,0,0,,87.66793,1.361876,2.974888,2360.552069,116.425935,10:00,4.33475,-3.15604,6.06416,-27.54624,8.58571,-15.01143,3.30153,-1.65138,80.01679,-3.789969,0.276706,0.43263,,,,,,,,,,,,8.52819,4.3917,2.93301,50,4.42579,-5.99744,-127.2429,2.14006,13.99307,25.91134,-24.96814,MIA_RED,BAL_UNI,McKieFieldStad,TeamExclusive,Team,20251004-McKieFieldStad-Private-1,fb5a58f0-a13b-11f0-9f0b-09fe507a42b3,87.12386,,,7.65114,,,,,,,6a89286b-1dc2-4afe-ba41-38a51ea46870,2025-10-04,16:05:43.35,2025-10-04T12:05:43.3500000-04:00,2025-10-04T16:05:43.3500000Z,,v3,471355,,,"Raether, Carson",1000338521,Right,MIA_RED,5329d4a7-6b85-4984-918c-2bb85e98568c,54.43379,-128.14261,12.95567,4.33643,3.00701,-12.48407,3.14969,-6.48331,6.99654,,,,,,,,,,,,,,,,,,,,,,,,,,,,,,,,,,,,,,,,,,,,,,,,,,,High,High,High,,,,,
8,2025-10-04,12:06:04.67,2,3,"Preisel, Connor",1000213694,Left,MIA_RED,"Kolenich, Sean",1000224524,Right,BAL_UNI,Undefined,1,Top,1,2,0,Cutter,Slider,BallCalled,Undefined,Undefined,Undefined,0,0,,83.85148,0.549547,2.599308,2654.925376,95.245176,9:15,4.23978,-3.08991,5.29171,-39.33951,1.92697,-4.8987,1.47803,-1.05587,75.75062,-6.661857,1.730466,0.462349,,,,,,,,,,,,3.27319,1.2402,2.85689,50,4.26145,-5.2983,-121.40972,-0.27054,4.81473,26.98811,-30.34979,MIA_RED,BAL_UNI,McKieFieldStad,TeamExclusive,Team,20251004-McKieFieldStad-Private-1,0846e920-a13c-11f0-9f0b-09fe507a42b3,81.52377,,,8.10086,,,,,,,6a89286b-1dc2-4afe-ba41-38a51ea46870,2025-10-04,16:06:04.67,2025-10-04T12:06:04.6710000-04:00,2025-10-04T16:06:04.6710000Z,,v3,471355,,,"Raether, Carson",1000338521,Right,MIA_RED,0a9c72cf-84ad-4f38-9c97-18dd4ae22c11,55.20362,-122.56097,13.49405,4.24538,1.02411,-15.17489,3.08729,-5.50369,2.40737,,,,,,,,,,,,,,,,,,,,,,,,,,,,,,,,,,,,,,,,,,,,,,,,,,,High,High,High,,,,,
9,2025-10-04,12:06:25.39,2,4,"Preisel, Connor",1000213694,Left,MIA_RED,"Kolenich, Sean",1000224524,Right,BAL_UNI,Undefined,1,Top,1,3,0,Cutter,Slider,BallCalled,Walk,Undefined,Undefined,0,0,,81.62504,0.553247,6.30608,2586.260997,29.848137,7:00,4.24729,-3.14097,5.34263,-46.23117,-2.53358,-2.31221,0.91684,2.60577,74.24,-7.835849,5.899397,0.475773,,,,,,,,,,,,3.11843,-1.0398,2.57216,50,4.26419,-12.91246,-117.70268,-0.49742,4.32843,24.54509,-33.61733,MIA_RED,BAL_UNI,McKieFieldStad,TeamExclusive,Team,20251004-McKieFieldStad-Private-1,145d3d90-a13c-11f0-9f0b-09fe507a42b3,79.22351,,,7.38504,,,,,,,6a89286b-1dc2-4afe-ba41-38a51ea46870,2025-10-04,16:06:25.39,2025-10-04T12:06:25.3960000-04:00,2025-10-04T16:06:25.3960000Z,,v3,471355,,,"Raether, Carson",1000338521,Right,MIA_RED,ae3c6daa-b998-4ed4-aef1-d8d7c6aa6b0b,55.1555,-118.77291,12.27254,4.25392,0.96839,-16.80867,3.13929,-13.10119,2.16422,,,,,,,,,,,,,,,,,,,,,,,,,,,,,,,,,,,,,,,,,,,,,,,,,,,High,High,High,,,,,
10,2025-10-04,12:07:03.89,3,1,"Preisel, Connor",1000213694,Left,MIA_RED,"West, Colin",10030647,Right,BAL_UNI,Undefined,1,Top,1,0,0,Fastball,Changeup,BallCalled,Undefined,Undefined,Undefined,0,0,,87.19458,1.622181,2.051253,2352.277303,109.702324,9:45,4.22149,-3.09575,5.73492,-30.36198,6.62016,-15.25646,3.20328,-2.45617,79.55344,-4.009158,-0.676876,0.437691,,,,,,,,,,,,8.32248,3.26744,2.93436,50,4.33808,-3.88693,-126.56163,2.53841,13.49723,25.85847,-26.87499,MIA_RED,BAL_UNI,McKieFieldStad,TeamExclusive,Team,20251004-McKieFieldStad-Private-1,2b549ac0-a13c-11f0-9f0b-09fe507a42b3,86.11658,,,7.64113,,,,,,,6a89286b-1dc2-4afe-ba41-38a51ea46870,2025-10-04,16:07:03.89,2025-10-04T12:07:03.8950000-04:00,2025-10-04T16:07:03.8950000Z,,v3,471355,,,"Raether, Carson",1000338521,Right,MIA_RED,d7486af1-f2fd-4e89-8a45-707393abe87d,54.76324,-127.53112,12.92924,4.22403,3.54601,-13.43749,3.08957,-4.39297,6.74862,,,,,,,,,,,,,,,,,,,,,,,,,,,,,,,,,,,,,,,,,,,,,,,,,,,High,High,High,,,,,
11,2025-10-04,12:07:45.81,3,2,"Preisel, Connor",1000213694,Left,MIA_RED,"West, Colin",10030647,Right,BAL_UNI,Undefined,1,Top,1,1,0,Fastball,Changeup,BallCalled,Undefined,Undefined,Undefined,0,0,,86.55993,0.076823,3.948144,2290.518976,93.430384,9:00,4.22813,-3.32681,5.84024,-35.08002,2.26977,-18.63328,1.37636,-1.2045,79.40077,-6.387366,0.613474,0.439861,,,,,,,,,,,,10.57934,1.49382,3.01583,50,4.21375,-7.89778,-125.56697,-1.04879,16.93817,24.7571,-29.78234,MIA_RED,BAL_UNI,McKieFieldStad,TeamExclusive,Team,20251004-McKieFieldStad-Private-1,448a7640-a13c-11f0-9f0b-09fe507a42b3,85.69171,,,7.15916,,,,,,,6a89286b-1dc2-4afe-ba41-38a51ea46870,2025-10-04,16:07:45.81,2025-10-04T12:07:45.8180000-04:00,2025-10-04T16:07:45.8180000Z,,v3,471355,,,"Raether, Carson",1000338521,Right,MIA_RED,46d451fe-5847-46d2-a3fa-def6b0cf9a80,54.65959,-126.48233,12.37855,4.23217,0.05237,-14.89117,3.31942,-8.52404,8.46908,,,,,,,,,,,,,,,,,,,,,,,,,,,,,,,,,,,,,,,,,,,,,,,,,,,High,High,High,,,,,
12,2025-10-04,12:08:08.44,3,3,"Preisel, Connor",1000213694,Left,MIA_RED,"West, Colin",10030647,Right,BAL_UNI,Undefined,1,Top,1,2,0,Fastball,Changeup,StrikeCalled,Undefined,Undefined,Undefined,0,0,,87.69707,-0.404099,4.941973,2405.038912,104.230081,9:30,4.32967,-2.96953,6.12075,-30.45088,5.6524,-17.83765,1.41711,0.12407,80.3366,-6.062286,1.740563,0.432459,,,,,,,,,,,,10.54422,3.37225,2.59948,50,4.28275,-10.27105,-127.08043,-1.89796,17.2874,25.41316,-26.64519,MIA_RED,BAL_UNI,McKieFieldStad,TeamExclusive,Team,20251004-McKieFieldStad-Private-1,51d1d0a0-a13c-11f0-9f0b-09fe507a42b3,87.15845,,,7.36047,,,,,,,6a89286b-1dc2-4afe-ba41-38a51ea46870,2025-10-04,16:08:08.44,2025-10-04T12:08:08.4430000-04:00,2025-10-04T16:08:08.4430000Z,,v3,471355,,,"Raether, Carson",1000338521,Right,MIA_RED,e279075b-7b13-447b-b680-2816bf28c5e8,54.37865,-127.95307,12.70658,4.33221,-0.98302,-13.3226,2.96236,-10.86466,8.6437,,,,,,,,,,,,,,,,,,,,,,,,,,,,,,,,,,,,,,,,,,,,,,,,,,,High,High,High,,,,,
13,2025-10-04,12:08:48.19,3,4,"Preisel, Connor",1000213694,Left,MIA_RED,"West, Colin",10030647,Right,BAL_UNI,Undefined,1,Top,1,2,1,Fastball,Changeup,BallCalled,Undefined,Undefined,Undefined,0,0,,87.79394,-0.564456,5.385692,2351.14637,93.106632,9:00,4.29607,-3.04996,6.02811,-34.00738,2.09941,-18.40332,0.93705,0.4188,80.69834,-6.83717,2.090604,0.43248,,,,,,,,,,,,10.97579,1.52142,2.63814,50,4.23303,-11.26034,-127.17504,-2.40851,18.063,24.89105,-29.6702,MIA_RED,BAL_UNI,McKieFieldStad,TeamExclusive,Team,20251004-McKieFieldStad-Private-1,69881100-a13c-11f0-9f0b-09fe507a42b3,87.15419,,,7.0956,,,,,,,6a89286b-1dc2-4afe-ba41-38a51ea46870,2025-10-04,16:08:48.19,2025-10-04T12:08:48.1970000-04:00,2025-10-04T16:08:48.1970000Z,,v3,471355,,,"Raether, Carson",1000338521,Right,MIA_RED,7e4b2c46-eb44-4572-85f8-88b299db3413,54.47309,-128.04753,12.44553,4.29922,-1.3685,-14.8351,3.04394,-11.89349,9.0315,,,,,,,,,,,,,,,,,,,,,,,,,,,,,,,,,,,,,,,,,,,,,,,,,,,High,High,High,,,,,
14,2025-10-04,12:09:10.87,3,5,"Preisel, Connor",1000213694,Left,MIA_RED,"West, Colin",10030647,Right,BAL_UNI,Undefined,1,Top,1,3,1,Cutter,Slider,InPlay,Undefined,FlyBall,HomeRun,0,2,,82.59141,0.98953,4.451419,2496.030047,79.552943,8:45,4.17266,-3.17152,5.40379,-42.24829,0.52032,-5.91406,1.58204,0.51496,74.16279,-6.764913,3.404175,0.470689,98.02034,23.528341,-20.949019,2366.216425,101.63122,42.46673,-42.08248,385.13184,377.39373,-25.846283,4.419146,4.49744,0.35134,2.7787,50,4.23159,-9.04152,-119.3104,0.57806,6.34599,27.4716,-31.67831,MIA_RED,BAL_UNI,McKieFieldStad,TeamExclusive,Team,20251004-McKieFieldStad-Private-1,771463a0-a13c-11f0-9f0b-09fe507a42b3,80.07932,59.90402,,8.42862,,,,1.88445,1.68103,-0.44217,6a89286b-1dc2-4afe-ba41-38a51ea46870,2025-10-04,16:09:10.87,2025-10-04T12:09:10.8770000-04:00,2025-10-04T16:09:10.8770000Z,FlyBall,v3,471355,,,"Raether, Carson",1000338521,Right,MIA_RED,88e52e77-0b57-4571-a8e8-fb85fd67cbf9,55.0925,-120.47725,13.7358,4.17846,1.9236,-15.83916,3.16847,-9.31106,3.173,153.623119,1.88482,123.09481,-20.9957,4.78144,-1.00581,0.20862,-0.04299,0.00639,-0.00041,1.68198,57.35951,-14.87924,0.08832,0.38251,-0.22717,0.07199,-0.01122,0.00067,-0.44261,-47.11545,2.61642,0.13152,-0.16933,0.0537,-0.00937,0.00073,-1E-05,,,,,,,,,,,,,,,,,,,,,,,High,High,High,High,High,,,
15,2025-10-04,12:10:03.54,4,1,"Preisel, Connor",1000213694,Left,MIA_RED,"Gordon, Ryan",1000401460,Right,BAL_UNI,Undefined,1,Top,1,0,0,Fastball,Changeup,StrikeCalled,Undefined,Undefined,Undefined,0,0,,87.01645,1.457437,3.561328,2378.600141,103.924425,9:30,4.29422,-3.13778,5.93099,-32.04954,4.90733,-15.06292,2.97851,-1.08462,79.33045,-4.492657,0.862745,0.437541,,,,,,,,,,,,8.69186,2.46858,2.86148,50,4.39277,-7.22921,-126.18552,2.13339,14.00556,25.82612,-28.1963,MIA_RED,BAL_UNI,McKieFieldStad,TeamExclusive,Team,20251004-McKieFieldStad-Private-1,9692fb10-a13c-11f0-9f0b-09fe507a42b3,86.146,,,7.686,,,,,,,6a89286b-1dc2-4afe-ba41-38a51ea46870,2025-10-04,16:10:03.54,2025-10-04T12:10:03.5450000-04:00,2025-10-04T16:10:03.5450000Z,,v3,471355,,,"Raether, Carson",1000338521,Right,MIA_RED,5c8ed407-fb34-4665-a2ae-54cb8b7985a7,54.56718,-127.11684,12.91306,4.29751,3.15018,-14.09815,3.13128,-7.73427,7.00278,,,,,,,,,,,,,,,,,,,,,,,,,,,,,,,,,,,,,,,,,,,,,,,,,,,High,High,High,,,,,
16,2025-10-04,12:10:22.59,4,2,"Preisel, Connor",1000213694,Left,MIA_RED,"Gordon, Ryan",1000401460,Right,BAL_UNI,Undefined,1,Top,1,0,1,Cutter,Slider,BallCalled,Undefined,Undefined,Undefined,0,0,,82.44039,1.49947,1.572433,2606.017291,122.533475,10:00,4.18346,-3.19309,5.33609,-39.49998,3.37106,-2.75134,2.2994,-1.94679,73.88959,-5.78475,1.083878,0.471252,,,,,,,,,,,,1.89945,1.68469,3.05319,50,4.29105,-3.15592,-119.30888,1.72335,2.68067,27.42496,-29.79646,MIA_RED,BAL_UNI,McKieFieldStad,TeamExclusive,Team,20251004-McKieFieldStad-Private-1,a1be5340-a13c-11f0-9f0b-09fe507a42b3,79.98358,,,8.5508,,,,,,,6a89286b-1dc2-4afe-ba41-38a51ea46870,2025-10-04,16:10:22.59,2025-10-04T12:10:22.5990000-04:00,2025-10-04T16:10:22.5990000Z,,v3,471355,,,"Raether, Carson",1000338521,Right,MIA_RED,74f19143-fc04-497b-96f5-9158b3d47280,55.15714,-120.48849,13.71248,4.18936,3.00497,-14.89823,3.19141,-3.27122,1.34033,,,,,,,,,,,,,,,,,,,,,,,,,,,,,,,,,,,,,,,,,,,,,,,,,,,High,High,High,,,,,
17,2025-10-04,12:10:41.61,4,3,"Preisel, Connor",1000213694,Left,MIA_RED,"Gordon, Ryan",1000401460,Right,BAL_UNI,Undefined,1,Top,1,1,1,Cutter,Slider,BallCalled,Undefined,Undefined,Undefined,0,0,,82.48487,0.505828,4.752461,2652.144904,62.104978,8:00,4.16967,-3.1423,5.46749,-44.01113,-1.60028,-5.80815,0.97712,0.83161,74.85786,-7.533561,3.722955,0.468716,,,,,,,,,,,,4.43276,-0.58516,2.72761,50,4.18408,-9.67887,-119.26894,-0.4908,6.30891,25.49411,-33.00685,MIA_RED,BAL_UNI,McKieFieldStad,TeamExclusive,Team,20251004-McKieFieldStad-Private-1,ad25a300-a13c-11f0-9f0b-09fe507a42b3,80.41633,,,7.627,,,,,,,6a89286b-1dc2-4afe-ba41-38a51ea46870,2025-10-04,16:10:41.61,2025-10-04T12:10:41.6100000-04:00,2025-10-04T16:10:41.6100000Z,,v3,471355,,,"Raether, Carson",1000338521,Right,MIA_RED,0f85de49-a75c-4c73-966c-2a35b8913e86,55.03075,-120.33948,12.74706,4.17559,0.8952,-16.50343,3.13961,-9.94379,3.15446,,,,,,,,,,,,,,,,,,,,,,,,,,,,,,,,,,,,,,,,,,,,,,,,,,,High,High,High,,,,,
18,2025-10-04,12:11:02.95,4,4,"Preisel, Connor",1000213694,Left,MIA_RED,"Gordon, Ryan",1000401460,Right,BAL_UNI,Undefined,1,Top,1,2,1,Fastball,Changeup,StrikeSwinging,Undefined,Undefined,Undefined,0,0,,86.33342,1.031488,3.549894,2346.746184,92.154402,9:00,4.20048,-3.15069,5.74437,-35.93026,1.64768,-13.94568,2.1686,-1.0035,79.29448,-5.575685,1.059093,0.441202,,,,,,,,,,,,8.02477,0.91654,2.86395,50,4.26432,-7.19136,-125.27146,0.99297,12.82267,23.99187,-30.7095,MIA_RED,BAL_UNI,McKieFieldStad,TeamExclusive,Team,20251004-McKieFieldStad-Private-1,b9e9c3a0-a13c-11f0-9f0b-09fe507a42b3,85.43117,,,7.03894,,,,,,,6a89286b-1dc2-4afe-ba41-38a51ea46870,2025-10-04,16:11:02.95,2025-10-04T12:11:02.9560000-04:00,2025-10-04T16:11:02.9560000Z,,v3,471355,,,"Raether, Carson",1000338521,Right,MIA_RED,32b67417-e9d8-45a1-8d62-077f1f436b1f,54.75511,-126.17887,11.99594,4.2048,2.15444,-15.35475,3.14511,-7.67633,6.41134,,,,,,,,,,,,,,,,,,,,,,,,,,,,,,,,,,,,,,,,,,,,,,,,,,,High,High,High,,,,,
19,2025-10-04,12:11:24.56,4,5,"Preisel, Connor",1000213694,Left,MIA_RED,"Gordon, Ryan",1000401460,Right,BAL_UNI,Undefined,1,Top,1,2,2,Fastball,Changeup,StrikeSwinging,Strikeout,Undefined,Undefined,0,0,,86.88074,1.99443,3.229342,2398.048042,106.585338,9:30,4.26444,-3.13577,5.82993,-31.56919,5.363,-14.37954,3.49129,-1.32906,79.73255,-3.84503,0.657625,0.437395,,,,,,,,,,,,8.16185,2.56173,2.88048,50,4.40882,-6.51731,-126.07524,3.31635,13.23508,23.83531,-28.01998,MIA_RED,BAL_UNI,McKieFieldStad,TeamExclusive,Team,20251004-McKieFieldStad-Private-1,c69e05c0-a13c-11f0-9f0b-09fe507a42b3,86.17482,,,7.1482,,,,,,,6a89286b-1dc2-4afe-ba41-38a51ea46870,2025-10-04,16:11:24.56,2025-10-04T12:11:24.5610000-04:00,2025-10-04T16:11:24.5610000Z,,v3,471355,,,"Raether, Carson",1000338521,Right,MIA_RED,e80109a0-fdbf-4c0e-b8e3-66b1855e385f,54.6692,-126.95492,11.91766,4.26735,4.35046,-14.00999,3.13003,-7.00577,6.61754,,,,,,,,,,,,,,,,,,,,,,,,,,,,,66.48833,,,0.98562,,,,0.44388,5.93202,-3.17051,69.67183,6.1118,-55.10272,0.46867,74.73963,-4.61159,5.96127,14.15056,-14.22532,-3.22586,-59.74931,7.26087,High,High,High,,,High,High,High
20,2025-10-04,12:11:55.79,5,1,"Preisel, Connor",1000213694,Left,MIA_RED,"Kellicker, Nolan",1000224606,Left,BAL_UNI,Undefined,1,Top,2,0,0,Cutter,Slider,FoulBallNotFieldable,Undefined,Undefined,Undefined,0,0,,81.679,2.173743,3.996634,2529.094062,108.060539,9:30,4.26001,-3.26168,5.32596,-40.97896,2.67764,-3.38166,2.89076,0.21282,73.49627,-5.352862,3.398857,0.47555,,,,,,,,,,,,2.98288,1.09973,2.90231,50,4.42785,-8.10255,-118.01141,3.05122,4.14105,25.71941,-30.64732,MIA_RED,BAL_UNI,McKieFieldStad,TeamExclusive,Team,20251004-McKieFieldStad-Private-1,d9680cf0-a13c-11f0-9f0b-09fe507a42b3,79.26069,,,8.18272,,,,,,,6a89286b-1dc2-4afe-ba41-38a51ea46870,2025-10-04,16:11:55.79,2025-10-04T12:11:55.7990000-04:00,2025-10-04T16:11:55.7990000Z,,v3,471355,,,"Raether, Carson",1000338521,Right,MIA_RED,83fd4872-8563-409f-b2f3-6472fac2e2fb,55.16937,-119.13269,12.85971,4.2657,4.38735,-15.32366,3.25949,-8.28309,2.07053,,,,,,,,,,,,,,,,,,,,,,,,,,,,,,,,,,,,,,,,,,,,,,,,,,,High,High,High,,,,,
21,2025-10-04,12:12:16.60,5,2,"Preisel, Connor",1000213694,Left,MIA_RED,"Kellicker, Nolan",1000224606,Left,BAL_UNI,Undefined,1,Top,2,0,1,Cutter,Slider,InPlay,Undefined,FlyBall,Double,0,0,,81.85947,0.671829,3.602144,2644.101487,91.295678,9:00,4.21002,-3.25412,5.27988,-40.91935,1.26551,-5.56366,1.4323,-0.33035,76.03656,-6.748029,2.617246,0.467466,92.95898,22.348639,18.086623,2373.426222,104.99528,40.07929,32.80118,363.19845,363.19845,15.747815,4.328509,3.66981,0.76591,2.92949,50,4.24085,-7.25662,-118.81982,-0.0602,5.32277,19.65982,-31.06318,MIA_RED,BAL_UNI,McKieFieldStad,TeamExclusive,Team,20251004-McKieFieldStad-Private-1,e5dbeab0-a13c-11f0-9f0b-09fe507a42b3,80.63147,55.06003,,5.82291,,,,2.24989,1.57136,0.34422,6a89286b-1dc2-4afe-ba41-38a51ea46870,2025-10-04,16:12:16.60,2025-10-04T12:12:16.6010000-04:00,2025-10-04T16:12:16.6010000Z,LineDrive,v3,471355,,,"Raether, Carson",1000338521,Right,MIA_RED,6b9c6a27-fd62-4824-8c0e-ee26289c8d4e,55.22121,-119.68059,9.82991,4.21371,1.29986,-15.53159,3.25232,-7.48967,2.66138,173.366811,2.24925,119.88686,-18.51766,4.28211,-1.0271,0.26512,-0.05861,0.00804,-0.00047,1.57267,51.80368,-12.61608,-0.36566,0.45686,-0.22386,0.06354,-0.00926,0.00053,0.34389,39.15689,-7.36084,1.59622,-0.38581,0.10864,-0.02606,0.00373,-0.00022,,,,,,,,,,,,,,,,,,,,,,,High,High,High,High,High,,,
22,2025-10-04,12:13:09.79,6,1,"Preisel, Connor",1000213694,Left,MIA_RED,"Druschel, Jace",1000401455,Right,BAL_UNI,Undefined,1,Top,2,0,0,Cutter,Slider,StrikeCalled,Undefined,Undefined,Undefined,0,0,,81.59217,1.260298,2.86487,2493.05143,140.840358,10:45,4.25122,-3.27114,5.18912,-40.50164,2.47752,-0.97272,2.06336,-0.65488,75.01651,-6.109408,2.692885,0.471846,,,,,,,,,,,,1.24358,1.2811,3.00585,50,4.3375,-5.88109,-118.33011,1.15091,1.77172,21.56033,-30.34886,MIA_RED,BAL_UNI,McKieFieldStad,TeamExclusive,Team,20251004-McKieFieldStad-Private-1,05890c30-a13d-11f0-9f0b-09fe507a42b3,79.88294,,,6.57566,,,,,,,6a89286b-1dc2-4afe-ba41-38a51ea46870,2025-10-04,16:13:09.79,2025-10-04T12:13:09.7970000-04:00,2025-10-04T16:13:09.7970000Z,,v3,471355,,,"Raether, Carson",1000338521,Right,MIA_RED,4d105253-69e9-45fc-84b1-55ed54fceaaa,55.30944,-119.29359,10.78016,4.25577,2.50713,-15.17443,3.27043,-5.96026,0.88586,,,,,,,,,,,,,,,,,,,,,,,,,,,,,,,,,,,,,,,,,,,,,,,,,,,High,High,High,,,,,
23,2025-10-04,12:13:30.87,6,2,"Preisel, Connor",1000213694,Left,MIA_RED,"Druschel, Jace",1000401455,Right,BAL_UNI,Undefined,1,Top,2,0,1,Cutter,Slider,StrikeCalled,Undefined,Undefined,Undefined,0,0,,81.86411,1.134499,3.807652,2607.39846,59.362799,8:00,4.12865,-3.30742,5.39006,-42.54502,-0.76547,-3.04902,1.649,0.01238,76.48752,-6.571749,3.267252,0.465214,,,,,,,,,,,,2.37083,-0.32217,2.96919,50,4.19971,-7.78949,-118.87485,0.84878,3.46471,18.23943,-32.64483,MIA_RED,BAL_UNI,McKieFieldStad,TeamExclusive,Team,20251004-McKieFieldStad-Private-1,122bc220-a13d-11f0-9f0b-09fe507a42b3,81.02165,,,5.37659,,,,,,,6a89286b-1dc2-4afe-ba41-38a51ea46870,2025-10-04,16:13:30.87,2025-10-04T12:13:30.8730000-04:00,2025-10-04T16:13:30.8730000Z,,v3,471355,,,"Raether, Carson",1000338521,Right,MIA_RED,b850cbdf-8d20-4a91-8850-ad426d826bab,55.11119,-119.65651,9.11971,4.13336,2.24779,-16.32242,3.3062,-7.93797,1.73236,,,,,,,,,,,,,,,,,,,,,,,,,,,,,,,,,,,,,,,,,,,,,,,,,,,High,High,High,,,,,
24,2025-10-04,12:14:18.73,6,3,"Preisel, Connor",1000213694,Left,MIA_RED,"Druschel, Jace",1000401455,Right,BAL_UNI,Undefined,1,Top,2,0,2,Cutter,Slider,StrikeSwinging,Strikeout,Undefined,Undefined,0,0,,81.66729,0.565842,3.889661,2577.598441,236.187356,1:45,4.19951,-3.18743,5.39341,-39.8186,2.88965,2.39425,1.41282,0.66295,75.13317,-6.693793,4.313768,0.470357,,,,,,,,,,,,-0.15701,1.68803,2.8381,50,4.22208,-8.14438,-118.35084,-0.2169,-0.22338,21.93652,-29.77248,MIA_RED,BAL_UNI,McKieFieldStad,TeamExclusive,Team,20251004-McKieFieldStad-Private-1,2e926b30-a13d-11f0-9f0b-09fe507a42b3,80.13588,,,6.53412,,,,,,,6a89286b-1dc2-4afe-ba41-38a51ea46870,2025-10-04,16:14:18.73,2025-10-04T12:14:18.7330000-04:00,2025-10-04T16:14:18.7330000Z,,v3,471355,,,"Raether, Carson",1000338521,Right,MIA_RED,e09cc931-ddfb-4c98-8fef-6f776b7031fb,55.10487,-119.29328,10.96826,4.20392,1.06219,-14.88624,3.1878,-8.13478,-0.11169,,,,,,,,,,,,,,,,,,,,,,,,,,,,,,,,,,,,,,,,,,,,,,,,,,,High,High,High,,,,,
25,2025-10-04,12:17:14.91,1,1,"Kostura, Brit",1000146015,Left,BAL_UNI,"Novak, Ryan",10035937,Left,MIA_RED,Undefined,1,Bottom,0,0,0,Slider,Curveball,BallCalled,Undefined,Undefined,Undefined,0,0,,75.30157,3.25414,0.502125,2123.302258,286.242123,3:30,4.79669,-1.41326,5.26316,-50.08778,0.06575,4.69425,3.68318,-0.55035,69.36895,-5.861923,1.334154,0.509709,,,,,,,,,,,,-2.21165,-0.32532,1.36374,50,5.0577,-1.13907,-109.24833,4.54367,-2.69597,17.69175,-32.57061,MIA_RED,BAL_UNI,McKieFieldStad,TeamExclusive,Team,20251004-McKieFieldStad-Private-1,97a782e0-a13d-11f0-9f0b-09fe507a42b3,73.94896,,,5.93262,,,,,,,6a89286b-1dc2-4afe-ba41-38a51ea46870,2025-10-04,16:17:14.91,2025-10-04T12:17:14.9130000-04:00,2025-10-04T16:17:14.9130000Z,,v3,471355,,,"Fixx, Mason",10305580,Right,BAL_UNI,983fbc7d-8270-4299-bc42-35a192ec22ca,55.23573,-110.09295,8.84587,4.80367,6.09861,-16.28531,1.41505,-1.01037,-1.34798,,,,,,,,,,,,,,,,,,,,,,,,,,,,,,,,,,,,,,,,,,,,,,,,,,,High,High,High,,,,,
26,2025-10-04,12:17:28.14,1,2,"Kostura, Brit",1000146015,Left,BAL_UNI,"Novak, Ryan",10035937,Left,MIA_RED,Undefined,1,Bottom,0,1,0,Fastball,Changeup,InPlay,Undefined,GroundBall,Out,1,0,,85.54396,0.825514,3.279971,2129.129347,118.218264,10:00,4.69104,-1.61701,5.74925,-27.03001,11.14709,-18.67355,3.20837,-0.1163,78.56806,-4.199822,-0.056311,0.444706,79.18229,-12.545437,15.197414,,,,,15.02975,14.57857,14.240279,0.120512,10.4117,5.80292,1.35629,50,4.74312,-6.3628,-124.19285,0.90844,16.37772,23.20438,-23.046,MIA_RED,BAL_UNI,McKieFieldStad,TeamExclusive,Team,20251004-McKieFieldStad-Private-1,9f829ea0-a13d-11f0-9f0b-09fe507a42b3,84.7581,3.20355,,6.9759,,,,1.44149,3.20355,0.08025,6a89286b-1dc2-4afe-ba41-38a51ea46870,2025-10-04,16:17:28.14,2025-10-04T12:17:28.1440000-04:00,2025-10-04T16:17:28.1440000Z,GroundBall,v3,471355,,,"Fixx, Mason",10305580,Right,BAL_UNI,182b768c-7efd-4215-8257-31766555cbef,54.75084,-125.07735,11.60219,4.69175,1.78691,-11.523,1.61072,-6.98708,8.18886,222.369726,1.44152,109.39408,-3.91999,,,,,,,3.20356,-25.22756,-11.24748,,,,,,,0.08025,29.71732,2.45161,,,,,,,,,,,,,,,,,,,,,,,,,,,,,High,High,High,High,High,,,
27,2025-10-04,12:18:02.52,2,1,"Kostura, Brit",1000146015,Left,BAL_UNI,"Krupinski, Dom",702597,Left,MIA_RED,Undefined,1,Bottom,1,0,0,Fastball,Sinker,StrikeCalled,Undefined,Undefined,Undefined,0,0,,87.81289,0.440404,3.815531,2161.248549,124.09207,10:15,4.78221,-1.39619,5.83242,-22.76686,13.47816,-18.27836,3.29525,0.63241,80.38174,-3.825961,0.547685,0.433307,,,,,,,,,,,,10.30587,7.09977,1.09522,50,4.80477,-7.72289,-127.38001,0.25372,17.01641,24.9547,-20.45135,MIA_RED,BAL_UNI,McKieFieldStad,TeamExclusive,Team,20251004-McKieFieldStad-Private-1,b3d40920-a13d-11f0-9f0b-09fe507a42b3,86.98788,,,7.43115,,,,,,,6a89286b-1dc2-4afe-ba41-38a51ea46870,2025-10-04,16:18:02.52,2025-10-04T12:18:02.5240000-04:00,2025-10-04T16:18:02.5240000Z,,v3,471355,,,"Fixx, Mason",10305580,Right,BAL_UNI,4cf82243-fd8a-49d7-ad10-b4afa1111120,54.66594,-128.29084,12.47735,4.78188,1.00019,-10.22567,1.38844,-8.34399,8.50821,,,,,,,,,,,,,,,,,,,,,,,,,,,,,,,,,,,,,,,,,,,,,,,,,,,High,High,High,,,,,
28,2025-10-04,12:18:16.03,2,2,"Kostura, Brit",1000146015,Left,BAL_UNI,"Krupinski, Dom",702597,Left,MIA_RED,Undefined,1,Bottom,1,0,1,Slider,Slider,BallCalled,Undefined,Undefined,Undefined,0,0,,76.29196,1.269158,2.268094,2338.052738,279.624246,3:15,4.65502,-1.34849,5.22646,-48.11353,0.65752,4.13193,1.8398,1.12914,70.76549,-7.450705,2.999914,0.502635,,,,,,,,,,,,-1.50984,0.40929,1.13616,50,4.73573,-4.54645,-110.78369,0.83628,-1.89593,17.86304,-31.66012,MIA_RED,BAL_UNI,McKieFieldStad,TeamExclusive,Team,20251004-McKieFieldStad-Private-1,bc1783a0-a13d-11f0-9f0b-09fe507a42b3,74.98975,,,5.52648,,,,,,,6a89286b-1dc2-4afe-ba41-38a51ea46870,2025-10-04,16:18:16.03,2025-10-04T12:18:16.0320000-04:00,2025-10-04T16:18:16.0320000Z,,v3,471355,,,"Fixx, Mason",10305580,Right,BAL_UNI,6f223f38-7c2c-4ac7-89d3-df3ec54fae19,55.27348,-111.63076,8.93152,4.66048,2.33761,-15.83006,1.34962,-4.45655,-0.94797,,,,,,,,,,,,,,,,,,,,,,,,,,,,,,,,,,,,,,,,,,,,,,,,,,,High,High,High,,,,,
29,2025-10-04,12:18:35.86,2,3,"Kostura, Brit",1000146015,Left,BAL_UNI,"Krupinski, Dom",702597,Left,MIA_RED,Undefined,1,Bottom,1,1,1,Fastball,Changeup,BallCalled,Undefined,Undefined,Undefined,0,0,,85.8661,1.064305,2.958574,2008.687522,116.026794,9:45,4.76205,-1.19497,5.82208,-27.28785,10.70398,-19.4917,3.47896,-0.0663,78.40941,-4.027562,-0.530129,0.443625,78.30883,-11.984075,-54.843592,,,,,15.70702,14.52986,-54.964721,0.140731,10.75977,5.52737,0.96457,50,4.83303,-5.63959,-124.61825,1.43287,16.93834,24.79127,-23.47269,MIA_RED,BAL_UNI,McKieFieldStad,TeamExclusive,Team,20251004-McKieFieldStad-Private-1,c7cfd990-a13d-11f0-9f0b-09fe507a42b3,84.96455,3.36819,,7.45669,,,,-0.11973,3.36819,0.11233,6a89286b-1dc2-4afe-ba41-38a51ea46870,2025-10-04,16:18:35.86,2025-10-04T12:18:35.8620000-04:00,2025-10-04T16:18:35.8620000Z,GroundBall,v3,471355,,,"Fixx, Mason",10305580,Right,BAL_UNI,70c0b56f-e7ba-43a3-814f-49f889ef36f8,54.67667,-125.54516,12.39563,4.76305,2.31049,-11.73635,1.18727,-6.27289,8.46917,180,-0.12498,64.924,,,,,,,,3.37012,-23.9335,,,,,,,,0.11979,-92.18446,,,,,,,,,,,,,,,,,,,,,,,,,,,,,,High,High,High,Low,Low,,,
30,2025-10-04,12:18:55.69,2,4,"Kostura, Brit",1000146015,Left,BAL_UNI,"Krupinski, Dom",702597,Left,MIA_RED,Undefined,1,Bottom,1,2,1,Fastball,Changeup,InPlay,Undefined,GroundBall,Out,1,0,,85.7026,0.726057,2.090743,2159.610299,111.434963,9:45,4.69369,-1.10091,5.72182,-29.90013,8.78934,-18.96277,2.87877,-0.73288,77.48714,-4.84996,-1.300696,0.44768,56.25559,8.086793,-29.521527,3699.975505,,,,74.40377,71.87127,-32.610706,0.993928,10.28398,4.63398,0.93816,50,4.7361,-3.74173,-124.29684,0.57921,15.90271,27.60251,-25.00827,MIA_RED,BAL_UNI,McKieFieldStad,TeamExclusive,Team,20251004-McKieFieldStad-Private-1,d3b6e0a0-a13d-11f0-9f0b-09fe507a42b3,84.195,5.03937,,8.21546,,,,0.31294,2.77135,0.74616,6a89286b-1dc2-4afe-ba41-38a51ea46870,2025-10-04,16:18:55.69,2025-10-04T12:18:55.6960000-04:00,2025-10-04T16:18:55.6960000Z,GroundBall,v3,471355,,,"Fixx, Mason",10305580,Right,BAL_UNI,c493155a-cc12-481f-a919-ffc31b2fed25,54.77533,-125.35281,13.80126,4.69564,1.53593,-12.50413,1.09294,-4.3501,7.95136,111.127542,0.31294,71.0822,-9.91004,1.84711,-0.37133,0.05667,-0.00566,-0.00069,0.00055,2.77135,11.60661,-15.05175,0.5928,-0.03164,0.01331,-0.00491,0.00383,-0.00105,0.74616,-40.25156,-1.2566,0.56403,-0.18411,0.03366,-0.00066,-0.00321,0.00098,,,,,,,,,,,,,,,,,,,,,,,High,High,High,High,High,,,
31,2025-10-04,12:19:27.71,3,1,"Kostura, Brit",1000146015,Left,BAL_UNI,"Appelwick, Evan",695485,Right,MIA_RED,Undefined,1,Bottom,2,0,0,Fastball,Sinker,StrikeCalled,Undefined,Undefined,Undefined,0,0,,87.07233,-0.301712,3.554763,2169.734472,131.518666,10:30,4.81551,-1.32278,5.78044,-21.84064,15.38737,-15.98367,2.7142,0.65689,79.13861,-4.418368,0.698743,0.439143,,,,,,,,,,,,9.09914,8.28185,1.03863,50,4.77751,-7.15283,-126.19873,-1.34204,14.62354,26.50733,-18.86395,MIA_RED,BAL_UNI,McKieFieldStad,TeamExclusive,Team,20251004-McKieFieldStad-Private-1,e69bc2d0-a13d-11f0-9f0b-09fe507a42b3,85.83178,,,7.93371,,,,,,,6a89286b-1dc2-4afe-ba41-38a51ea46870,2025-10-04,16:19:27.71,2025-10-04T12:19:27.7130000-04:00,2025-10-04T16:19:27.7130000Z,,v3,471355,,,"Fixx, Mason",10305580,Right,BAL_UNI,8ce18437-a542-4de5-b41c-bde63d6f6f1a,54.71556,-127.18536,13.25367,4.81439,-0.63991,-9.43198,1.315,-7.69712,7.31177,,,,,,,,,,,,,,,,,,,,,,,,,,,,,,,,,,,,,,,,,,,,,,,,,,,High,High,High,,,,,
32,2025-10-04,12:19:40.22,3,2,"Kostura, Brit",1000146015,Left,BAL_UNI,"Appelwick, Evan",695485,Right,MIA_RED,Undefined,1,Bottom,2,0,1,Slider,Curveball,StrikeCalled,Undefined,Undefined,Undefined,0,0,,76.38039,1.974023,-0.300396,2233.917294,296.317763,4:00,4.61778,-1.65149,5.29574,-50.63479,-1.54366,6.28032,2.25232,-1.41017,69.88947,-7.256215,0.815059,0.504281,,,,,,,,,,,,-3.22055,-0.84472,1.67408,50,4.76047,0.33445,-110.8174,2.11051,-3.99446,20.28248,-33.22176,MIA_RED,BAL_UNI,McKieFieldStad,TeamExclusive,Team,20251004-McKieFieldStad-Private-1,ee34cc80-a13d-11f0-9f0b-09fe507a42b3,74.74485,,,6.49093,,,,,,,6a89286b-1dc2-4afe-ba41-38a51ea46870,2025-10-04,16:19:40.22,2025-10-04T12:19:40.2250000-04:00,2025-10-04T16:19:40.2250000Z,,v3,471355,,,"Fixx, Mason",10305580,Right,BAL_UNI,013c58eb-7578-4233-bf3d-696c4b6f45e7,55.20241,-111.76552,10.14124,4.62552,3.66348,-16.61088,1.65408,0.52117,-1.99723,,,,,,,,,,,,,,,,,,,,,,,,,,,,,,,,,,,,,,,,,,,,,,,,,,,High,High,High,,,,,
33,2025-10-04,12:19:54.17,3,3,"Kostura, Brit",1000146015,Left,BAL_UNI,"Appelwick, Evan",695485,Right,MIA_RED,Undefined,1,Bottom,2,0,2,ChangeUp,Changeup,BallCalled,Undefined,Undefined,Undefined,0,0,,78.96308,0.774193,1.020532,1746.637286,71.891092,8:30,4.52989,-1.7479,5.63256,-50.57707,-4.82299,-19.58206,1.03761,-2.42749,71.82242,-8.490147,-2.484027,0.48684,,,,,,,,,,,,10.20686,-2.18024,1.67367,50,4.56372,-1.26989,-114.59538,-0.15458,13.38371,23.92844,-35.03286,MIA_RED,BAL_UNI,McKieFieldStad,TeamExclusive,Team,20251004-McKieFieldStad-Private-1,f6afaab0-a13d-11f0-9f0b-09fe507a42b3,77.42263,,,7.14066,,,,,,,6a89286b-1dc2-4afe-ba41-38a51ea46870,2025-10-04,16:19:54.17,2025-10-04T12:19:54.1730000-04:00,2025-10-04T16:19:54.1730000Z,,v3,471355,,,"Fixx, Mason",10305580,Right,BAL_UNI,68869bb5-e6ff-47e9-a978-9d412ea13431,54.86642,-115.60706,11.96422,4.53895,1.32658,-17.51643,1.73932,-1.83574,6.69186,,,,,,,,,,,,,,,,,,,,,,,,,,,,,,,,,,,,,,,,,,,,,,,,,,,High,High,High,,,,,
34,2025-10-04,12:20:07.87,3,4,"Kostura, Brit",1000146015,Left,BAL_UNI,"Appelwick, Evan",695485,Right,MIA_RED,Undefined,1,Bottom,2,1,1,Fastball,Changeup,FoulBallNotFieldable,Undefined,Undefined,Undefined,0,0,,86.93001,0.383171,3.938865,2156.861089,112.941795,9:45,4.69986,-1.55831,5.71558,-27.90293,9.63367,-19.7647,2.73241,0.46964,78.85766,-4.816052,0.412486,0.44096,72.51354,5.830149,168.434017,1000.447294,,,,123.45582,43.3888,173.788964,1.478515,11.21882,5.15158,1.24103,50,4.71482,-7.83647,-125.94619,-0.09281,17.91019,27.03885,-23.94985,MIA_RED,BAL_UNI,McKieFieldStad,TeamExclusive,Team,20251004-McKieFieldStad-Private-1,febe80a0-a13d-11f0-9f0b-09fe507a42b3,85.47819,6.51138,,8.07235,,,,1.49348,2.89144,-0.74958,6a89286b-1dc2-4afe-ba41-38a51ea46870,2025-10-04,16:20:07.87,2025-10-04T12:20:07.8740000-04:00,2025-10-04T16:20:07.8740000Z,GroundBall,v3,471355,,,"Fixx, Mason",10305580,Right,BAL_UNI,1fbb6c34-b8df-4cbd-99d3-03f5904b198f,54.7826,-126.96879,13.51942,4.7012,0.81297,-11.97492,1.55021,-8.51383,8.9551,217.289955,1.12583,-100.15879,11.22668,,,,,,,2.81075,11.64902,-9.14093,,,,,,,-0.46549,18.45407,-6.26408,,,,,,,,,,,,,,,,,,,,,,,,,,,,,High,High,High,Medium,Low,,,
35,2025-10-04,12:20:28.30,3,5,"Kostura, Brit",1000146015,Left,BAL_UNI,"Appelwick, Evan",695485,Right,MIA_RED,Undefined,1,Bottom,2,1,2,Fastball,Sinker,BallCalled,Undefined,Undefined,Undefined,0,0,,88.49801,0.428319,0.944348,2125.773376,124.813469,10:15,4.9617,-1.22816,5.90363,-22.90568,12.97347,-16.93005,3.45054,-1.76232,80.26236,-3.890622,-2.094814,0.431114,,,,,,,,,,,,8.86642,6.8652,1.16153,50,4.9831,-1.38497,-128.47121,0.2362,14.70488,28.51826,-20.78817,MIA_RED,BAL_UNI,McKieFieldStad,TeamExclusive,Team,20251004-McKieFieldStad-Private-1,0ab7b020-a13e-11f0-9f0b-09fe507a42b3,87.43027,,,8.23565,,,,,,,6a89286b-1dc2-4afe-ba41-38a51ea46870,2025-10-04,16:20:28.30,2025-10-04T12:20:28.3070000-04:00,2025-10-04T16:20:28.3070000Z,,v3,471355,,,"Fixx, Mason",10305580,Right,BAL_UNI,53283f4a-bb59-4340-931f-db64c862fb93,54.59195,-129.48653,14.25913,4.96152,0.97631,-10.39408,1.22015,-1.9085,7.35244,,,,,,,,,,,,,,,,,,,,,,,,,,,,,,,,,,,,,,,,,,,,,,,,,,,High,High,High,,,,,
36,2025-10-04,12:20:44.92,3,6,"Kostura, Brit",1000146015,Left,BAL_UNI,"Appelwick, Evan",695485,Right,MIA_RED,Undefined,1,Bottom,2,2,2,Slider,Curveball,BallCalled,Undefined,Undefined,Undefined,0,0,,76.46812,1.567822,-0.223105,2113.200088,305.727832,4:15,4.62357,-1.51588,5.37044,-49.15011,-0.63181,2.89524,1.99804,-1.48379,70.43927,-7.388084,0.291941,0.501331,,,,,,,,,,,,-1.51441,-0.29724,1.53375,50,4.72911,0.32118,-111.0578,1.4037,-1.89856,19.18392,-32.5467,MIA_RED,BAL_UNI,McKieFieldStad,TeamExclusive,Team,20251004-McKieFieldStad-Private-1,14e7b860-a13e-11f0-9f0b-09fe507a42b3,75.18478,,,6.02885,,,,,,,6a89286b-1dc2-4afe-ba41-38a51ea46870,2025-10-04,16:20:44.92,2025-10-04T12:20:44.9210000-04:00,2025-10-04T16:20:44.9210000Z,,v3,471355,,,"Fixx, Mason",10305580,Right,BAL_UNI,5ba30126-ef31-458b-9cde-66dd6e2302e6,55.12864,-111.94021,9.59196,4.63011,2.90076,-16.27335,1.51697,0.40851,-0.94928,,,,,,,,,,,,,,,,,,,,,,,,,,,,,,,,,,,,,,,,,,,,,,,,,,,High,High,High,,,,,
37,2025-10-04,12:21:02.90,3,7,"Kostura, Brit",1000146015,Left,BAL_UNI,"Appelwick, Evan",695485,Right,MIA_RED,Undefined,1,Bottom,2,3,2,Slider,Curveball,BallCalled,Walk,Undefined,Undefined,0,0,,74.90464,3.380844,-0.969196,2257.587694,330.774032,5:00,4.59651,-1.57352,5.16431,-59.09247,-7.70674,5.22335,2.85822,-2.0505,68.4683,-7.335504,-0.044479,0.515932,,,,,,,,,,,,-2.86327,-4.25918,1.65973,50,4.86677,1.631,-108.5572,4.38711,-3.40929,19.39446,-37.24541,MIA_RED,BAL_UNI,McKieFieldStad,TeamExclusive,Team,20251004-McKieFieldStad-Private-1,1f84da50-a13e-11f0-9f0b-09fe507a42b3,73.05694,,,6.43634,,,,,,,6a89286b-1dc2-4afe-ba41-38a51ea46870,2025-10-04,16:21:02.90,2025-10-04T12:21:02.9050000-04:00,2025-10-04T16:21:02.9050000Z,,v3,471355,,,"Fixx, Mason",10305580,Right,BAL_UNI,968edc92-0521-4177-96a8-0d8244bba7be,55.3354,-109.50626,9.69723,4.60749,6.2097,-18.62271,1.57584,1.79783,-1.70464,,,,,,,,,,,,,,,,,,,,,,,,,,,,,,,,,,,,,,,,,,,,,,,,,,,High,High,High,,,,,
38,2025-10-04,12:21:33.22,4,1,"Kostura, Brit",1000146015,Left,BAL_UNI,"Breidenbach, Mason",1000074554,Right,MIA_RED,Undefined,1,Bottom,2,0,0,Fastball,Changeup,StrikeCalled,Undefined,Undefined,Undefined,0,0,,85.79064,0.153306,4.607361,2065.924715,121.455963,10:00,4.59104,-1.49818,5.91349,-26.35529,11.97942,-17.44635,2.53751,1.33324,77.76857,-4.790734,1.488147,0.445623,,,,,,,,,,,,10.24776,6.47256,1.13785,50,4.58846,-9.28641,-124.19478,-0.49344,15.90645,26.31368,-22.12743,MIA_RED,BAL_UNI,McKieFieldStad,TeamExclusive,Team,20251004-McKieFieldStad-Private-1,3176d100-a13e-11f0-9f0b-09fe507a42b3,84.58373,,,8.02207,,,,,,,6a89286b-1dc2-4afe-ba41-38a51ea46870,2025-10-04,16:21:33.22,2025-10-04T12:21:33.2230000-04:00,2025-10-04T16:21:33.2230000Z,,v3,471355,,,"Fixx, Mason",10305580,Right,BAL_UNI,42adc8f1-202f-4fdf-9f58-ebc08fdbaffa,54.58319,-125.16208,13.15684,4.59165,0.31997,-11.06371,1.48996,-9.87114,7.95323,,,,,,,,,,,,,,,,,,,,,,,,,,,,,,,,,,,,,,,,,,,,,,,,,,,High,High,High,,,,,
39,2025-10-04,12:21:48.55,4,2,"Kostura, Brit",1000146015,Left,BAL_UNI,"Breidenbach, Mason",1000074554,Right,MIA_RED,Undefined,1,Bottom,2,0,1,Slider,Curveball,StrikeSwinging,Undefined,Undefined,Undefined,0,0,,75.56832,1.33856,2.213115,2265.098538,308.2604,4:15,4.70918,-1.37578,5.37585,-52.0646,-2.52421,4.98544,1.62649,1.11544,70.03871,-8.108583,3.099024,0.506584,,,,,,,,,,,,-1.95036,-1.22217,1.17384,50,4.79183,-4.42721,-109.74814,0.85469,-2.39649,18.07065,-33.67576,MIA_RED,BAL_UNI,McKieFieldStad,TeamExclusive,Team,20251004-McKieFieldStad-Private-1,3acd6930-a13e-11f0-9f0b-09fe507a42b3,74.40517,,,5.52961,,,,,,,6a89286b-1dc2-4afe-ba41-38a51ea46870,2025-10-04,16:21:48.55,2025-10-04T12:21:48.5550000-04:00,2025-10-04T16:21:48.5550000Z,,v3,471355,,,"Fixx, Mason",10305580,Right,BAL_UNI,88afd90b-d987-48fc-82e7-7e5135fe738b,55.12478,-110.58874,9.03533,4.71564,2.4212,-16.83788,1.37719,-4.31574,-1.19824,,,,,,,,,,,,,,,,,,,,,,,,,,,,,,,,,,,,,,,,,,,,,,,,,,,High,High,High,,,,,
40,2025-10-04,12:22:10.64,4,3,"Kostura, Brit",1000146015,Left,BAL_UNI,"Breidenbach, Mason",1000074554,Right,MIA_RED,Undefined,1,Bottom,2,0,2,Slider,Curveball,InPlay,Undefined,FlyBall,Out,1,0,,77.13749,1.32698,1.70126,2317.883051,295.502342,3:45,4.69752,-1.43547,5.3411,-48.45404,-0.65697,4.38067,1.90527,0.52596,71.06327,-7.490356,2.479447,0.49759,80.58011,35.568831,1.718708,3735.773308,109.98733,66.22089,-1.66217,296.96971,292.00531,-5.729059,4.832063,-1.75299,-0.30626,1.27877,50,4.7821,-3.49399,-111.99136,0.97261,-2.23241,19.70842,-32.56407,MIA_RED,BAL_UNI,McKieFieldStad,TeamExclusive,Team,20251004-McKieFieldStad-Private-1,47de7150-a13e-11f0-9f0b-09fe507a42b3,75.74992,77.91596,,6.07422,,,,1.46206,1.9042,-0.52436,6a89286b-1dc2-4afe-ba41-38a51ea46870,2025-10-04,16:22:10.64,2025-10-04T12:22:10.6460000-04:00,2025-10-04T16:22:10.6460000Z,FlyBall,v3,471355,,,"Fixx, Mason",10305580,Right,BAL_UNI,509b67dd-4e8d-4540-9498-470b3f8bd94e,55.15871,-112.89555,9.85421,4.70321,2.46658,-16.28204,1.43672,-3.39157,-1.1162,166.595922,1.46553,96.01324,-16.71342,3.46654,-0.26189,-0.11598,0.04252,-0.00557,0.00027,1.9015,68.79673,-17.23859,1.12946,-0.28732,0.05762,-0.00022,-0.00151,0.00014,-0.52376,2.86907,-3.12606,0.29487,0.06727,-0.0457,0.01138,-0.00135,6E-05,,,,,,,,,,,,,,,,,,,,,,,High,High,High,High,Medium,,,
41,2025-10-04,12:24:49.82,1,1,"Burke, Clayton",1000266653,Right,MIA_RED,"Bellina (Mendek), Yuri",10129893,Right,BAL_UNI,Undefined,2,Top,0,0,0,Fastball,Sinker,FoulBallNotFieldable,Undefined,Undefined,Undefined,0,0,,92.34363,-0.22442,-1.776127,2067.677855,240.739011,2:00,4.96717,1.20368,5.90888,-21.5184,11.43961,18.43595,2.96557,1.09094,83.74812,-4.276094,1.533517,0.413192,,,,,,,,,,,,-10.01745,6.25429,-1.07187,50,4.93696,3.35605,-134.06355,-1.24102,-18.07656,31.28039,-20.88811,MIA_RED,BAL_UNI,McKieFieldStad,TeamExclusive,Team,20251004-McKieFieldStad-Private-1,a6a7e270-a13e-11f0-9f0b-09fe507a42b3,91.22257,,,8.59551,,,,,,,6a89286b-1dc2-4afe-ba41-38a51ea46870,2025-10-04,16:24:49.82,2025-10-04T12:24:49.8200000-04:00,2025-10-04T16:24:49.8200000Z,,v3,471355,,,"Raether, Carson",1000338521,Right,MIA_RED,0a8bcd44-13b4-427b-b9f6-adcefa0fe8a4,54.58941,-135.13013,15.6402,4.96713,-0.52879,-10.44406,-1.19681,3.97241,-9.03828,,,,,,,,,,,,,,,,,,,,,,,,,,,,,,,,,,,,,,,,,,,,,,,,,,,High,High,High,,,,,
42,2025-10-04,12:25:12.56,1,2,"Burke, Clayton",1000266653,Right,MIA_RED,"Bellina (Mendek), Yuri",10129893,Right,BAL_UNI,Undefined,2,Top,0,0,1,Fastball,Sinker,StrikeCalled,Undefined,Undefined,Undefined,0,0,,93.43999,-0.73107,-3.131357,2306.384785,226.660513,1:30,5.03241,0.96881,5.80068,-15.65654,16.65426,16.5021,3.04672,-0.57126,84.78441,-3.720385,-0.179673,0.409115,,,,,,,,,,,,-9.29319,9.01276,-0.72121,50,4.96302,6.66053,-135.4873,-2.20904,-17.18879,30.97112,-15.50393,MIA_RED,BAL_UNI,McKieFieldStad,TeamExclusive,Team,20251004-McKieFieldStad-Private-1,b4529280-a13e-11f0-9f0b-09fe507a42b3,92.13169,,,8.65558,,,,,,,6a89286b-1dc2-4afe-ba41-38a51ea46870,2025-10-04,16:25:12.56,2025-10-04T12:25:12.5680000-04:00,2025-10-04T16:25:12.5680000Z,,v3,471355,,,"Raether, Carson",1000338521,Right,MIA_RED,3cc527ac-9c22-4697-a26d-0b8deb5ed75d,54.69622,-136.55659,15.48556,5.03005,-1.67376,-7.75197,-0.96141,7.25399,-8.59439,,,,,,,,,,,,,,,,,,,,,,,,,,,,,,,,,,,,,,,,,,,,,,,,,,,High,High,High,,,,,
43,2025-10-04,12:25:30.49,1,3,"Burke, Clayton",1000266653,Right,MIA_RED,"Bellina (Mendek), Yuri",10129893,Right,BAL_UNI,Undefined,2,Top,0,0,2,Slider,Slider,StrikeSwinging,Strikeout,Undefined,Undefined,0,0,,83.24633,0.825118,-3.114944,2403.808024,121.299282,10:00,4.72339,1.2652,5.63883,-36.71518,4.70016,-5.30055,2.43472,-2.08526,75.15336,-5.963914,-4.059112,0.463182,,,,,,,,,,,,1.66272,2.56201,-0.99694,50,4.77052,6.77867,-120.51956,0.49454,2.40616,26.94034,-28.46647,MIA_RED,BAL_UNI,McKieFieldStad,TeamExclusive,Team,20251004-McKieFieldStad-Private-1,befc1080-a13e-11f0-9f0b-09fe507a42b3,81.37712,,,8.09297,,,,,,,6a89286b-1dc2-4afe-ba41-38a51ea46870,2025-10-04,16:25:30.49,2025-10-04T12:25:30.4950000-04:00,2025-10-04T16:25:30.4950000Z,,v3,471355,,,"Raether, Carson",1000338521,Right,MIA_RED,9c61dae4-66ff-4814-a0fc-b11ef4aeb4b7,54.85608,-121.60022,13.47017,4.72778,1.63641,-14.23324,-1.26692,6.68215,1.20308,,,,,,,,,,,,,,,,,,,,,,,,,,,,,64.97249,2.409801,1.368883,1.040918,-0.35204,2.24557,2.21126,-1.63985,5.73651,0.12455,68.45505,5.63458,-56.31964,-1.62613,70.80111,-3.3477,5.77246,15.51871,-15.06233,0.07616,-60.91187,6.5018,High,High,High,,,High,High,High
44,2025-10-04,12:25:59.16,2,1,"Burke, Clayton",1000266653,Right,MIA_RED,"Fixx, Mason",10305580,Right,BAL_UNI,Undefined,2,Top,1,0,0,Fastball,Sinker,StrikeSwinging,Undefined,Undefined,Undefined,0,0,,93.58305,-0.852635,-2.142638,2276.251328,229.050813,1:45,5.00282,0.94129,5.946,-15.26442,16.64288,17.98611,2.93933,0.45186,85.20043,-3.771219,1.087142,0.406552,,,,,,,,,,,,-9.79823,9.07725,-0.78057,50,4.92629,4.28053,-135.87292,-2.47609,-18.26764,30.51889,-15.25062,MIA_RED,BAL_UNI,McKieFieldStad,TeamExclusive,Team,20251004-McKieFieldStad-Private-1,d0088930-a13e-11f0-9f0b-09fe507a42b3,92.71241,,,8.38262,,,,,,,6a89286b-1dc2-4afe-ba41-38a51ea46870,2025-10-04,16:25:59.16,2025-10-04T12:25:59.1690000-04:00,2025-10-04T16:25:59.1690000Z,,v3,471355,,,"Raether, Carson",1000338521,Right,MIA_RED,c708a327-fec0-46b2-a449-9406c91440c1,54.55156,-136.89145,15.25944,5.00043,-1.96712,-7.62531,-0.9336,4.89018,-9.13382,,,,,,,,,,,,,,,,,,,,,,,,,,,,,,,,,,,,,,,,,,,,,,,,,,,High,High,High,,,,,
45,2025-10-04,12:26:18.82,2,2,"Burke, Clayton",1000266653,Right,MIA_RED,"Fixx, Mason",10305580,Right,BAL_UNI,Undefined,2,Top,1,0,1,Fastball,Sinker,BallCalled,Undefined,Undefined,Undefined,0,0,,93.47902,-2.911372,-2.483976,2366.529313,237.020553,2:00,5.02403,0.99204,5.69512,-19.81206,12.59387,17.7482,0.65502,0.15478,85.26917,-6.612203,0.689716,0.409717,,,,,,,,,,,,-9.80091,7.57134,-0.7949,50,4.76693,5.08584,-135.49074,-7.58154,-18.14541,30.72044,-18.15649,MIA_RED,BAL_UNI,McKieFieldStad,TeamExclusive,Team,20251004-McKieFieldStad-Private-1,dbc09100-a13e-11f0-9f0b-09fe507a42b3,91.99634,,,8.20985,,,,,,,6a89286b-1dc2-4afe-ba41-38a51ea46870,2025-10-04,16:26:18.82,2025-10-04T12:26:18.8230000-04:00,2025-10-04T16:26:18.8230000Z,,v3,471355,,,"Raether, Carson",1000338521,Right,MIA_RED,bf1fd38b-b2e1-4969-ae51-c04e48e525ef,54.80389,-136.5756,15.36022,5.02334,-6.94036,-9.07825,-0.98581,5.72663,-9.0727,,,,,,,,,,,,,,,,,,,,,,,,,,,,,,,,,,,,,,,,,,,,,,,,,,,High,High,High,,,,,
46,2025-10-04,12:26:42.45,2,3,"Burke, Clayton",1000266653,Right,MIA_RED,"Fixx, Mason",10305580,Right,BAL_UNI,Undefined,2,Top,1,1,1,Fastball,Four-Seam,StrikeSwinging,Undefined,Undefined,Undefined,0,0,,93.48916,-0.820026,-1.816908,2418.144822,214.73823,1:15,4.94373,1.12986,5.81047,-14.10068,18.0504,11.78879,3.00571,0.42217,85.04392,-3.52593,0.294647,0.408102,,,,,,,,,,,,-6.50532,9.74071,-0.98784,50,4.86813,3.76821,-135.69789,-2.35258,-12.09381,30.5172,-14.06547,MIA_RED,BAL_UNI,McKieFieldStad,TeamExclusive,Team,20251004-McKieFieldStad-Private-1,e9d41500-a13e-11f0-9f0b-09fe507a42b3,92.36023,,,8.44523,,,,,,,6a89286b-1dc2-4afe-ba41-38a51ea46870,2025-10-04,16:26:42.45,2025-10-04T12:26:42.4500000-04:00,2025-10-04T16:26:42.4500000Z,,v3,471355,,,"Raether, Carson",1000338521,Right,MIA_RED,f36d1285-dc31-406a-937f-3a971b988514,54.68592,-136.74765,15.2586,4.94074,-1.86874,-7.03273,-1.12462,4.18422,-6.0469,,,,,,,,,,,,,,,,,,,,,,,,,,,,,,,,,,,,,,,,,,,,,,,,,,,High,High,High,,,,,
47,2025-10-04,12:27:04.88,2,4,"Burke, Clayton",1000266653,Right,MIA_RED,"Fixx, Mason",10305580,Right,BAL_UNI,Undefined,2,Top,1,1,2,Fastball,Four-Seam,StrikeSwinging,Strikeout,Undefined,Undefined,0,0,,93.76599,-1.173052,-2.350738,2334.195444,214.983806,1:15,5.00766,0.92813,5.99432,-15.12076,16.58304,10.89119,2.65949,-0.34387,85.48789,-4.063042,-0.394012,0.405254,,,,,,,,,,,,-6.25122,9.1554,-0.74885,50,4.90684,5.10821,-136.1151,-3.23699,-11.71221,30.2477,-15.02063,MIA_RED,BAL_UNI,McKieFieldStad,TeamExclusive,Team,20251004-McKieFieldStad-Private-1,f737a9f0-a13e-11f0-9f0b-09fe507a42b3,93.00948,,,8.2781,,,,,,,6a89286b-1dc2-4afe-ba41-38a51ea46870,2025-10-04,16:27:04.88,2025-10-04T12:27:04.8820000-04:00,2025-10-04T16:27:04.8820000Z,,v3,471355,,,"Raether, Carson",1000338521,Right,MIA_RED,e3b52108-46e5-44b7-bb7c-daf5cba441fe,54.50296,-137.1121,15.12385,5.00538,-2.7419,-7.51032,-0.92358,5.49426,-5.85611,,,,,,,,,,,,,,,,,,,,,,,,,,,,,65.74096,,,0.991406,,,,-0.2986,5.75077,-3.26697,69.71584,5.29801,-55.05935,-0.28181,74.66736,-4.11129,5.7849,14.69136,-15.34222,-3.30583,-58.27198,6.1529,High,High,High,,,High,High,High
48,2025-10-04,12:27:31.07,3,1,"Burke, Clayton",1000266653,Right,MIA_RED,"Terzola, Matthew",1000224622,Right,BAL_UNI,Undefined,2,Top,2,0,0,Fastball,Sinker,InPlay,Undefined,GroundBall,Out,1,0,,93.70564,-1.140326,-1.629985,2403.789677,225.793985,1:30,4.93963,1.12736,5.66627,-14.96426,17.16816,16.58465,2.62879,0.9892,85.40165,-3.988092,1.333554,0.407984,58.71384,-8.527859,-39.899526,,,,,19.13659,16.59622,-39.95822,0.206703,-8.89898,9.3556,-1.00042,50,4.83403,3.11683,-136.03696,-3.17895,-16.64234,30.41119,-14.67783,MIA_RED,BAL_UNI,McKieFieldStad,TeamExclusive,Team,20251004-McKieFieldStad-Private-1,06cfd220-a13f-11f0-9f0b-09fe507a42b3,92.38709,2.6527,,8.30399,,,,1.09662,2.6527,-0.94245,6a89286b-1dc2-4afe-ba41-38a51ea46870,2025-10-04,16:27:31.07,2025-10-04T12:27:31.0760000-04:00,2025-10-04T16:27:31.0760000Z,GroundBall,v3,471355,,,"Raether, Carson",1000338521,Right,MIA_RED,f232d066-e313-4262-ad32-acc75e8c6a15,54.83198,-137.11289,15.2056,4.93732,-2.65965,-7.33892,-1.12111,3.70564,-8.32117,180,1.0858,65.65865,,,,,,,,2.65481,-12.83338,,,,,,,,-0.93341,-54.89823,,,,,,,,,,,,,,,,,,,,,,,,,,,,,,High,High,High,Medium,Medium,,,
49,2025-10-04,12:29:32.87,1,1,"Kostura, Brit",1000146015,Left,BAL_UNI,"Gonzalez Rivera, Ignacio",10124440,Right,MIA_RED,Undefined,2,Bottom,0,0,0,ChangeUp,Changeup,BallCalled,Undefined,Undefined,Undefined,0,0,,78.22587,0.856721,1.53724,1603.853728,76.479857,8:30,4.45313,-1.72109,5.45481,-48.80054,-2.43043,-16.07969,1.18874,-1.62172,71.91813,-8.039038,-1.329232,0.490107,,,,,,,,,,,,8.49985,-0.99358,1.59677,50,4.49524,-2.41493,-113.60133,0.04065,11.10614,20.83418,-33.4723,MIA_RED,BAL_UNI,McKieFieldStad,TeamExclusive,Team,20251004-McKieFieldStad-Private-1,4f79a870-a13f-11f0-9f0b-09fe507a42b3,76.90663,,,6.30773,,,,,,,6a89286b-1dc2-4afe-ba41-38a51ea46870,2025-10-04,16:29:32.87,2025-10-04T12:29:32.8700000-04:00,2025-10-04T16:29:32.8700000Z,,v3,471355,,,"Fixx, Mason",10305580,Right,BAL_UNI,b1bdacba-b32d-4b0b-86a9-b60e458ab5ac,55.04487,-114.52281,10.41709,4.46071,1.52111,-16.73615,1.71445,-2.90614,5.55307,,,,,,,,,,,,,,,,,,,,,,,,,,,,,,,,,,,,,,,,,,,,,,,,,,,High,High,High,,,,,
50,2025-10-04,12:29:45.42,1,2,"Kostura, Brit",1000146015,Left,BAL_UNI,"Gonzalez Rivera, Ignacio",10124440,Right,MIA_RED,Undefined,2,Bottom,0,1,0,Fastball,Changeup,BallCalled,Undefined,Undefined,Undefined,0,0,,87.60782,-1.360975,1.884131,2193.522242,121.787776,10:00,4.79213,-1.48578,5.85419,-23.97084,12.70788,-18.51131,1.52913,-1.27718,79.70404,-5.854015,-1.436871,0.435892,,,,,,,,,,,,9.95977,7.26748,1.34331,50,4.66768,-3.39298,-127.11949,-3.78888,16.19127,27.63994,-20.35956,MIA_RED,BAL_UNI,McKieFieldStad,TeamExclusive,Team,20251004-McKieFieldStad-Private-1,56fba7b0-a13f-11f0-9f0b-09fe507a42b3,86.47206,,,7.90378,,,,,,,6a89286b-1dc2-4afe-ba41-38a51ea46870,2025-10-04,16:29:45.42,2025-10-04T12:29:45.4260000-04:00,2025-10-04T16:29:45.4260000Z,,v3,471355,,,"Fixx, Mason",10305580,Right,BAL_UNI,cb17f5e1-1861-4fc2-8cce-b01d799ebe03,54.64243,-128.12493,13.81997,4.79204,-3.04827,-10.17978,1.47745,-3.98196,8.09563,,,,,,,,,,,,,,,,,,,,,,,,,,,,,,,,,,,,,,,,,,,,,,,,,,,High,High,High,,,,,
51,2025-10-04,12:29:58.66,1,3,"Kostura, Brit",1000146015,Left,BAL_UNI,"Gonzalez Rivera, Ignacio",10124440,Right,MIA_RED,Undefined,2,Bottom,0,2,0,Fastball,Sinker,BallCalled,Undefined,Undefined,Undefined,0,0,,86.52777,0.879955,2.323042,2132.662961,128.497348,10:15,4.69363,-1.52813,5.69268,-22.39171,15.33473,-17.74123,3.64846,-0.84044,78.65966,-3.335815,-0.84625,0.442073,,,,,,,,,,,,9.63138,7.89237,1.34395,50,4.75378,-4.33398,-125.5389,1.22679,15.32371,26.13517,-19.61716,MIA_RED,BAL_UNI,McKieFieldStad,TeamExclusive,Team,20251004-McKieFieldStad-Private-1,5edb0930-a13f-11f0-9f0b-09fe507a42b3,85.26287,,,7.86811,,,,,,,6a89286b-1dc2-4afe-ba41-38a51ea46870,2025-10-04,16:29:58.66,2025-10-04T12:29:58.6690000-04:00,2025-10-04T16:29:58.6690000Z,,v3,471355,,,"Fixx, Mason",10305580,Right,BAL_UNI,aba2af71-17c5-43b0-9dc7-264c41f78ce6,54.80414,-126.53509,13.06759,4.69277,1.97454,-9.80858,1.52028,-4.91807,7.66186,,,,,,,,,,,,,,,,,,,,,,,,,,,,,,,,,,,,,,,,,,,,,,,,,,,High,High,High,,,,,
52,2025-10-04,12:30:11.58,1,4,"Kostura, Brit",1000146015,Left,BAL_UNI,"Gonzalez Rivera, Ignacio",10124440,Right,MIA_RED,Undefined,2,Bottom,0,3,0,Fastball,Changeup,StrikeCalled,Undefined,Undefined,Undefined,0,0,,85.86778,-0.369946,4.061145,2106.689815,115.165071,9:45,4.68359,-1.49045,5.69462,-27.7982,10.42886,-19.62422,2.02145,0.66516,78.54863,-5.530452,0.561113,0.444997,,,,,,,,,,,,11.06327,5.76445,1.16131,50,4.63515,-8.01729,-124.47734,-1.73252,17.3926,24.52231,-23.11172,MIA_RED,BAL_UNI,McKieFieldStad,TeamExclusive,Team,20251004-McKieFieldStad-Private-1,668c2ec0-a13f-11f0-9f0b-09fe507a42b3,84.7027,,,7.31915,,,,,,,6a89286b-1dc2-4afe-ba41-38a51ea46870,2025-10-04,16:30:11.58,2025-10-04T12:30:11.5840000-04:00,2025-10-04T16:30:11.5840000Z,,v3,471355,,,"Fixx, Mason",10305580,Right,BAL_UNI,835d9829-86eb-4a81-aed3-9386c2dd5c29,54.80411,-125.42018,12.26115,4.68468,-0.8439,-11.55586,1.48242,-8.68601,8.6963,,,,,,,,,,,,,,,,,,,,,,,,,,,,,,,,,,,,,,,,,,,,,,,,,,,High,High,High,,,,,
53,2025-10-04,12:30:27.65,1,5,"Kostura, Brit",1000146015,Left,BAL_UNI,"Gonzalez Rivera, Ignacio",10124440,Right,MIA_RED,Undefined,2,Bottom,0,3,1,Fastball,Changeup,FoulBallNotFieldable,Undefined,Undefined,Undefined,0,0,,85.95608,0.883275,2.582443,2203.837627,109.641881,9:45,4.58934,-1.71484,5.78204,-28.85635,9.28473,-22.51092,3.00733,-1.18646,78.16356,-4.496179,-1.446551,0.444496,76.62671,31.897439,45.037882,4014.437426,68.93388,49.73474,85.72093,259.41578,194.30224,57.730349,3.875857,12.21698,4.84481,1.5155,50,4.64496,-4.6902,-124.73427,0.97122,19.1571,26.1904,-24.57707,MIA_RED,BAL_UNI,McKieFieldStad,TeamExclusive,Team,20251004-McKieFieldStad-Private-1,70400220-a13f-11f0-9f0b-09fe507a42b3,84.79814,53.02095,,7.79252,,,,0.07601,2.70059,1.41598,6a89286b-1dc2-4afe-ba41-38a51ea46870,2025-10-04,16:30:27.65,2025-10-04T12:30:27.6500000-04:00,2025-10-04T16:30:27.6500000Z,FlyBall,v3,471355,,,"Fixx, Mason",10305580,Right,BAL_UNI,655f942b-3b76-4312-a999-61609c2bf278,54.71663,-125.72072,13.0952,4.59095,1.8969,-12.28854,1.70574,-5.41174,9.57855,,0.06451,67.71075,-17.10343,6.6485,-3.34302,1.30694,-0.30625,0.03402,-0.00101,2.70759,59.18115,-18.91619,-0.77537,2.6365,-1.74533,0.60878,-0.10871,0.00773,1.43196,67.05422,-0.06593,-6.26345,6.50765,-3.75604,1.21526,-0.20394,0.01375,,,,,,,,,,,,,,,,,,,,,,,High,High,High,High,Medium,,,
54,2025-10-04,12:30:48.57,1,6,"Kostura, Brit",1000146015,Left,BAL_UNI,"Gonzalez Rivera, Ignacio",10124440,Right,MIA_RED,Undefined,2,Bottom,0,3,2,Fastball,Sinker,BallCalled,Walk,Undefined,Undefined,0,0,,87.41527,2.17895,1.350214,2098.891778,130.560059,10:15,4.75904,-1.42946,5.81353,-22.44005,14.12761,-15.22993,4.91663,-1.44292,79.9001,-2.037781,-1.377267,0.435231,,,,,,,,,,,,8.09622,6.95441,1.3278,50,4.92428,-2.34708,-126.92061,4.12288,13.25446,25.09267,-20.78887,MIA_RED,BAL_UNI,McKieFieldStad,TeamExclusive,Team,20251004-McKieFieldStad-Private-1,7c6ec090-a13f-11f0-9f0b-09fe507a42b3,86.60327,,,7.51517,,,,,,,6a89286b-1dc2-4afe-ba41-38a51ea46870,2025-10-04,16:30:48.57,2025-10-04T12:30:48.5790000-04:00,2025-10-04T16:30:48.5790000Z,,v3,471355,,,"Fixx, Mason",10305580,Right,BAL_UNI,5026c60e-59af-4026-a2c2-9a0b8dc0e11a,54.68387,-127.84327,12.54634,4.75862,4.88729,-10.39444,1.42306,-2.83445,6.62723,,,,,,,,,,,,,,,,,,,,,,,,,,,,,,,,,,,,,,,,,,,,,,,,,,,High,High,High,,,,,
55,2025-10-04,12:31:14.75,2,1,"Kostura, Brit",1000146015,Left,BAL_UNI,"Harrison, Tommy",811731,Left,MIA_RED,Undefined,2,Bottom,0,0,0,Fastball,Changeup,HitByPitch,Undefined,Undefined,Undefined,0,0,,85.29114,1.82312,1.605843,2116.787335,116.475129,10:00,4.65604,-1.68624,5.64823,-28.67671,9.8615,-17.53588,3.96802,-1.64938,78.25905,-3.495329,-1.525204,0.446804,59.96453,9.211018,-171.558789,3128.526126,,,,77.80736,42.71142,-176.477695,0.966236,9.32697,4.87118,1.56152,50,4.79246,-2.74792,-123.88322,2.98318,14.58373,23.32298,-24.55744,MIA_RED,BAL_UNI,McKieFieldStad,TeamExclusive,Team,20251004-McKieFieldStad-Private-1,8c4466f0-a13f-11f0-9f0b-09fe507a42b3,84.3601,6.34289,,7.0321,,,,0.36921,3.81171,1.69823,6a89286b-1dc2-4afe-ba41-38a51ea46870,2025-10-04,16:31:14.75,2025-10-04T12:31:14.7520000-04:00,2025-10-04T16:31:14.7520000Z,GroundBall,v3,471355,,,"Fixx, Mason",10305580,Right,BAL_UNI,25ca10a1-8a04-4120-9dc6-55ddb492b7a1,54.85097,-124.79315,11.66149,4.65739,3.94127,-12.27872,1.67983,-3.3169,7.29187,63.3349,0.36921,-85.87334,5.2249,0.11526,-0.09548,0.06363,-0.01134,0.00192,-0.00037,3.81171,14.0779,-20.22821,1.93041,-0.37583,0.07501,-0.00848,0.00143,-0.00025,1.69823,-12.74379,7.31231,-1.40423,0.36268,-0.05302,0.00619,-0.00235,0.00032,,,,,,,,,,,,,,,,,,,,,,,High,High,High,High,Medium,,,
56,2025-10-04,12:31:46.86,3,1,"Kostura, Brit",1000146015,Left,BAL_UNI,"Raether, Carson",1000338521,Left,MIA_RED,Undefined,2,Bottom,0,0,0,Fastball,Changeup,HitByPitch,Undefined,Undefined,Undefined,0,0,,83.7399,1.2962,1.978439,2119.871204,116.434412,10:00,4.56208,-1.75628,6.04189,-28.75694,10.47548,-18.84422,3.36668,-1.49417,77.18387,-4.068037,-1.411172,0.450811,,,,,,,,,,,,10.33595,5.39524,1.61277,50,4.6474,-3.50692,-121.77717,1.87615,15.66128,21.89073,-23.99902,MIA_RED,BAL_UNI,McKieFieldStad,TeamExclusive,Team,20251004-McKieFieldStad-Private-1,9f4f20a0-a13f-11f0-9f0b-09fe507a42b3,83.61038,,,6.55603,,,,,,,6a89286b-1dc2-4afe-ba41-38a51ea46870,2025-10-04,16:31:46.86,2025-10-04T12:31:46.8620000-04:00,2025-10-04T16:31:46.8620000Z,,v3,471355,,,"Fixx, Mason",10305580,Right,BAL_UNI,9963afe0-1092-45cd-912c-db5afb0c03aa,54.45941,-122.57618,10.94537,4.56293,2.7521,-11.99951,1.7512,-4.07855,7.83064,,,,,,,,,,,,,,,,,,,,,,,,,,,,,,,,,,,,,,,,,,,,,,,,,,,High,High,High,,,,,
57,2025-10-04,12:32:15.51,4,1,"Kostura, Brit",1000146015,Left,BAL_UNI,"Dierks, Marcus",10322729,Left,MIA_RED,Undefined,2,Bottom,0,0,0,Slider,Slider,BallCalled,Undefined,Undefined,Undefined,0,0,,75.90132,3.196753,2.590937,2184.160759,305.817865,4:15,4.68402,-1.57185,5.36598,-49.88526,-0.96492,3.11811,3.53051,1.11903,70.42856,-5.864849,3.14355,0.503403,,,,,,,,,,,,-0.96039,-0.82063,1.33698,50,4.93559,-5.10178,-110.12589,4.5051,-1.198,16.66546,-33.19773,MIA_RED,BAL_UNI,McKieFieldStad,TeamExclusive,Team,20251004-McKieFieldStad-Private-1,b04b45a0-a13f-11f0-9f0b-09fe507a42b3,74.87522,,,5.47275,,,,,,,6a89286b-1dc2-4afe-ba41-38a51ea46870,2025-10-04,16:32:15.51,2025-10-04T12:32:15.5110000-04:00,2025-10-04T16:32:15.5110000Z,,v3,471355,,,"Fixx, Mason",10305580,Right,BAL_UNI,9ac831f8-4807-4be6-ae64-e6ab9defae7f,55.13432,-110.90015,8.33273,4.69046,6.04742,-16.59887,1.57271,-5.04612,-0.599,,,,,,,,,,,,,,,,,,,,,,,,,,,,,,,,,,,,,,,,,,,,,,,,,,,High,High,High,,,,,
58,2025-10-04,12:32:29.33,4,2,"Kostura, Brit",1000146015,Left,BAL_UNI,"Dierks, Marcus",10322729,Left,MIA_RED,Undefined,2,Bottom,0,1,0,Fastball,Changeup,StrikeCalled,Undefined,Undefined,Undefined,0,0,,84.52263,0.641505,3.653546,2124.1623,111.271424,9:45,4.50234,-1.68307,5.99547,-30.4088,8.43402,-18.64784,2.56397,0.15312,77.5469,-5.016558,0.307367,0.448566,,,,,,,,,,,,10.51827,4.53071,1.40516,50,4.53619,-7.09359,-122.67492,0.4087,16.11199,23.08595,-25.23386,MIA_RED,BAL_UNI,McKieFieldStad,TeamExclusive,Team,20251004-McKieFieldStad-Private-1,b8c31690-a13f-11f0-9f0b-09fe507a42b3,84.02868,,,6.97573,,,,,,,6a89286b-1dc2-4afe-ba41-38a51ea46870,2025-10-04,16:32:29.33,2025-10-04T12:32:29.3340000-04:00,2025-10-04T16:32:29.3340000Z,,v3,471355,,,"Fixx, Mason",10305580,Right,BAL_UNI,ec1a51ac-df9f-4f77-b7c4-dd7f88533f89,54.50357,-123.51953,11.54298,4.50435,1.33189,-12.61693,1.67546,-7.68305,8.05599,,,,,,,,,,,,,,,,,,,,,,,,,,,,,,,,,,,,,,,,,,,,,,,,,,,High,High,High,,,,,
59,2025-10-04,12:32:42.24,4,3,"Kostura, Brit",1000146015,Left,BAL_UNI,"Dierks, Marcus",10322729,Left,MIA_RED,Undefined,2,Bottom,0,1,1,Slider,Curveball,StrikeCalled,Undefined,Undefined,Undefined,0,0,,75.73072,2.679269,2.343727,2361.285847,305.045278,4:15,4.62864,-1.43995,5.41476,-50.56763,-1.86599,4.35225,2.92852,1.11955,70.79887,-6.489897,3.116464,0.502277,,,,,,,,,,,,-1.68626,-1.14161,1.22845,50,4.83131,-4.66585,-110.03515,3.48994,-2.11255,15.52895,-33.60426,MIA_RED,BAL_UNI,McKieFieldStad,TeamExclusive,Team,20251004-McKieFieldStad-Private-1,c0495b90-a13f-11f0-9f0b-09fe507a42b3,75.04315,,,4.93185,,,,,,,6a89286b-1dc2-4afe-ba41-38a51ea46870,2025-10-04,16:32:42.24,2025-10-04T12:32:42.2440000-04:00,2025-10-04T16:32:42.2440000Z,,v3,471355,,,"Fixx, Mason",10305580,Right,BAL_UNI,ec71c692-9cdc-4ddb-ae90-a4ee98150f2e,55.08666,-110.75069,7.76448,4.63482,5.03835,-16.80213,1.4412,-4.56851,-1.05628,,,,,,,,,,,,,,,,,,,,,,,,,,,,,,,,,,,,,,,,,,,,,,,,,,,High,High,High,,,,,
60,2025-10-04,12:32:56.17,4,4,"Kostura, Brit",1000146015,Left,BAL_UNI,"Dierks, Marcus",10322729,Left,MIA_RED,Undefined,2,Bottom,0,1,2,Fastball,Changeup,InPlay,Undefined,Popup,Out,1,0,,84.5913,1.133034,2.456899,1965.172368,123.366238,10:00,4.68878,-1.53675,5.69251,-26.57395,12.40745,-17.15836,3.53132,-0.67552,77.90496,-3.805882,-0.607844,0.449366,61.79712,78.911553,-0.936366,,,,,31.42921,16.36007,-6.474042,4.92123,9.39792,6.36433,1.34145,50,4.76739,-4.58673,-122.90248,1.57139,14.5174,22.09022,-22.34278,MIA_RED,BAL_UNI,McKieFieldStad,TeamExclusive,Team,20251004-McKieFieldStad-Private-1,c89e1420-a13f-11f0-9f0b-09fe507a42b3,83.8792,101.80833,,6.68635,,,,1.27352,3.03345,0.66154,6a89286b-1dc2-4afe-ba41-38a51ea46870,2025-10-04,16:32:56.17,2025-10-04T12:32:56.1790000-04:00,2025-10-04T16:32:56.1790000Z,Popup,v3,471355,,,"Fixx, Mason",10305580,Right,BAL_UNI,5d5d4eea-b75c-4eaf-8a56-9a48f279e388,54.80764,-123.76358,11.04511,4.68916,2.44234,-11.17139,1.53128,-5.15263,7.2587,178.935961,1.27229,17.46079,-8.36405,2.96566,-0.75348,0.18379,-0.03897,0.005,-0.00027,3.03601,88.90207,-23.69211,2.27671,-0.43297,0.11976,-0.038,0.00637,-0.00039,0.66169,-0.28714,-0.49445,0.18181,-0.03812,0.00756,-0.00189,0.00031,-2E-05,,,,,,,,,,,,,,,,,,,,,,,High,High,High,Low,Low,,,
61,2025-10-04,12:33:28.96,5,1,"Kostura, Brit",1000146015,Left,BAL_UNI,"Cruz, Diego",1000178634,Left,MIA_RED,Undefined,2,Bottom,1,0,0,Slider,Curveball,StrikeCalled,Undefined,Undefined,Undefined,0,0,,75.57777,2.409428,1.344229,2436.335825,288.717987,3:30,4.59776,-1.50173,5.35505,-49.49802,0.1935,3.72693,2.73453,0.06974,69.61082,-6.612713,2.006066,0.507356,,,,,,,,,,,,-1.51323,-0.06091,1.37814,50,4.77921,-2.71696,-109.68663,2.98414,-1.85432,18.33685,-32.24868,MIA_RED,BAL_UNI,McKieFieldStad,TeamExclusive,Team,20251004-McKieFieldStad-Private-1,dc1a0630-a13f-11f0-9f0b-09fe507a42b3,74.29193,,,5.96695,,,,,,,6a89286b-1dc2-4afe-ba41-38a51ea46870,2025-10-04,16:33:28.96,2025-10-04T12:33:28.9670000-04:00,2025-10-04T16:33:28.9670000Z,,v3,471355,,,"Fixx, Mason",10305580,Right,BAL_UNI,e9d423dd-a0ae-48b7-980b-77d271a9968d,55.14355,-110.54316,9.16843,4.60464,4.49051,-16.12434,1.50302,-2.63034,-0.92716,,,,,,,,,,,,,,,,,,,,,,,,,,,,,,,,,,,,,,,,,,,,,,,,,,,High,High,High,,,,,
62,2025-10-04,12:33:43.14,5,2,"Kostura, Brit",1000146015,Left,BAL_UNI,"Cruz, Diego",1000178634,Left,MIA_RED,Undefined,2,Bottom,1,0,1,Fastball,Changeup,StrikeCalled,Undefined,Undefined,Undefined,0,0,,85.45044,0.483307,4.370311,2234.224629,114.545431,9:45,4.60116,-1.52181,5.89466,-27.22624,10.87115,-21.33202,2.78234,0.76588,78.51338,-4.585471,0.554706,0.444241,,,,,,,,,,,,12.02721,5.78807,1.18174,50,4.62444,-8.61327,-123.94805,0.17724,18.86708,22.83191,-23.09428,MIA_RED,BAL_UNI,McKieFieldStad,TeamExclusive,Team,20251004-McKieFieldStad-Private-1,e4b4c870-a13f-11f0-9f0b-09fe507a42b3,84.84676,,,6.93706,,,,,,,6a89286b-1dc2-4afe-ba41-38a51ea46870,2025-10-04,16:33:43.14,2025-10-04T12:33:43.1420000-04:00,2025-10-04T16:33:43.1420000Z,,v3,471355,,,"Fixx, Mason",10305580,Right,BAL_UNI,c8a21017-087d-40b6-b3fd-668347b513a1,54.60529,-124.79349,11.41596,4.60204,1.0324,-11.54714,1.51361,-9.3119,9.43354,,,,,,,,,,,,,,,,,,,,,,,,,,,,,,,,,,,,,,,,,,,,,,,,,,,High,High,High,,,,,
63,2025-10-04,12:33:57.18,5,3,"Kostura, Brit",1000146015,Left,BAL_UNI,"Cruz, Diego",1000178634,Left,MIA_RED,Undefined,2,Bottom,1,0,2,Fastball,Changeup,BallCalled,Undefined,Undefined,Undefined,0,0,,86.65493,0.716572,4.863848,2210.014092,118.62567,10:00,4.62928,-1.43145,5.93506,-24.68895,12.40512,-20.67828,3.23908,1.36848,79.40497,-3.900585,1.167381,0.438353,,,,,,,,,,,,11.81666,6.51292,1.05404,50,4.67263,-9.83713,-125.58078,0.79789,19.00468,23.73699,-21.69937,MIA_RED,BAL_UNI,McKieFieldStad,TeamExclusive,Team,20251004-McKieFieldStad-Private-1,ecf24f80-a13f-11f0-9f0b-09fe507a42b3,85.98658,,,7.24997,,,,,,,6a89286b-1dc2-4afe-ba41-38a51ea46870,2025-10-04,16:33:57.18,2025-10-04T12:33:57.1840000-04:00,2025-10-04T16:33:57.1840000Z,,v3,471355,,,"Fixx, Mason",10305580,Right,BAL_UNI,e12755ad-5af9-4556-a45b-8be0c044f493,54.56415,-126.44055,11.8685,4.6295,1.58385,-10.84969,1.42281,-10.52548,9.50234,,,,,,,,,,,,,,,,,,,,,,,,,,,,,,,,,,,,,,,,,,,,,,,,,,,High,High,High,,,,,
64,2025-10-04,12:34:16.21,5,4,"Kostura, Brit",1000146015,Left,BAL_UNI,"Cruz, Diego",1000178634,Left,MIA_RED,Undefined,2,Bottom,1,1,2,Fastball,Changeup,StrikeCalled,Strikeout,Undefined,Undefined,0,0,,85.55871,-0.717255,3.852223,2192.692057,123.54662,10:00,4.63644,-1.46507,5.83866,-24.39864,13.80639,-19.03218,1.93507,0.53455,78.41155,-5.280012,0.447838,0.444869,,,,,,,,,,,,10.72733,7.60441,1.16199,50,4.56352,-7.57684,-124.09536,-2.32168,16.79597,23.88774,-20.2677,MIA_RED,BAL_UNI,McKieFieldStad,TeamExclusive,Team,20251004-McKieFieldStad-Private-1,f84ca6f0-a13f-11f0-9f0b-09fe507a42b3,84.72714,,,7.14716,,,,,,,6a89286b-1dc2-4afe-ba41-38a51ea46870,2025-10-04,16:34:16.21,2025-10-04T12:34:16.2100000-04:00,2025-10-04T16:34:16.2100000Z,,v3,471355,,,"Fixx, Mason",10305580,Right,BAL_UNI,32681096-55ec-4054-860b-73bdbe77606e,54.65988,-124.98914,11.94387,4.6362,-1.56334,-10.13385,1.45724,-8.20528,8.39799,,,,,,,,,,,,,,,,,,,,,,,,,,,,,,,,,,,,,,,,,,,,,,,,,,,High,High,High,,,,,
65,2025-10-04,12:34:42.62,6,1,"Kostura, Brit",1000146015,Left,BAL_UNI,"Novak, Ryan",10035937,Left,MIA_RED,Undefined,2,Bottom,2,0,0,Slider,Slider,StrikeCalled,Undefined,Undefined,Undefined,0,0,,76.03685,2.120998,1.846985,2293.350845,276.391713,3:15,4.60263,-1.54513,5.53363,-47.67408,0.7578,4.9213,2.61427,0.59199,70.54972,-6.576725,2.723412,0.500884,,,,,,,,,,,,-2.03973,0.29374,1.38145,50,4.75493,-3.74588,-110.46083,2.55545,-2.55281,17.287,-31.80641,MIA_RED,BAL_UNI,McKieFieldStad,TeamExclusive,Team,20251004-McKieFieldStad-Private-1,080bdf20-a140-11f0-9f0b-09fe507a42b3,75.25184,,,5.48713,,,,,,,6a89286b-1dc2-4afe-ba41-38a51ea46870,2025-10-04,16:34:42.62,2025-10-04T12:34:42.6240000-04:00,2025-10-04T16:34:42.6240000Z,,v3,471355,,,"Fixx, Mason",10305580,Right,BAL_UNI,40ca83d7-c5d8-4dab-83f6-a780179c034e,54.96604,-111.23529,8.6435,4.60853,3.98039,-15.90321,1.54671,-3.63151,-1.27641,,,,,,,,,,,,,,,,,,,,,,,,,,,,,,,,,,,,,,,,,,,,,,,,,,,High,High,High,,,,,
66,2025-10-04,12:35:28.05,6,2,"Kostura, Brit",1000146015,Left,BAL_UNI,"Novak, Ryan",10035937,Left,MIA_RED,Undefined,2,Bottom,2,0,1,Fastball,Changeup,FoulBallNotFieldable,Undefined,Undefined,Undefined,0,0,,84.47825,0.687398,2.115431,2127.681329,114.373312,9:45,4.55532,-1.52541,6.06223,-28.85915,9.8078,-19.1204,2.78704,-1.16007,77.62327,-4.699804,-1.325977,0.44755,,,,,,,,,,,,10.45288,5.21941,1.37159,50,4.59312,-3.80086,-122.80454,0.58038,16.04457,23.15063,-24.16257,MIA_RED,BAL_UNI,McKieFieldStad,TeamExclusive,Team,20251004-McKieFieldStad-Private-1,232520a0-a140-11f0-9f0b-09fe507a42b3,84.21958,,,6.85498,,,,,,,6a89286b-1dc2-4afe-ba41-38a51ea46870,2025-10-04,16:35:28.05,2025-10-04T12:35:28.0510000-04:00,2025-10-04T16:35:28.0510000Z,,v3,471355,,,"Fixx, Mason",10305580,Right,BAL_UNI,e5368aa8-e438-4c63-8887-b2b1d510cded,54.43772,-123.63829,11.57531,4.55655,1.45057,-12.08128,1.51888,-4.37869,8.02229,,,,,,,,,,,,,,,,,,,,,,,,,,,,,,,,,,,,,,,,,,,,,,,,,,,High,High,High,,,,,
67,2025-10-04,12:35:46.71,6,3,"Kostura, Brit",1000146015,Left,BAL_UNI,"Novak, Ryan",10035937,Left,MIA_RED,Undefined,2,Bottom,2,0,2,Fastball,Changeup,BallCalled,Undefined,Undefined,Undefined,0,0,,85.09539,1.511368,3.029286,2191.911271,126.358689,10:15,4.7665,-1.2848,5.83506,-24.84564,14.00591,-17.3134,4.10307,0.09063,77.29714,-3.161293,-0.068634,0.448617,,,,,,,,,,,,9.62524,7.08583,1.04751,50,4.87535,-5.80557,-123.38028,2.49406,14.79646,25.17183,-21.28132,MIA_RED,BAL_UNI,McKieFieldStad,TeamExclusive,Team,20251004-McKieFieldStad-Private-1,2e50ee00-a140-11f0-9f0b-09fe507a42b3,84.01919,,,7.79825,,,,,,,6a89286b-1dc2-4afe-ba41-38a51ea46870,2025-10-04,16:35:46.71,2025-10-04T12:35:46.7170000-04:00,2025-10-04T16:35:46.7170000Z,,v3,471355,,,"Fixx, Mason",10305580,Right,BAL_UNI,a9b9530f-df5c-4f2e-bb7a-3866b7be6922,54.66115,-124.3276,12.58592,4.76642,3.29497,-10.64066,1.27648,-6.36242,7.39823,,,,,,,,,,,,,,,,,,,,,,,,,,,,,,,,,,,,,,,,,,,,,,,,,,,High,High,High,,,,,
68,2025-10-04,12:36:03.38,6,4,"Kostura, Brit",1000146015,Left,BAL_UNI,"Novak, Ryan",10035937,Left,MIA_RED,Undefined,2,Bottom,2,1,2,Fastball,Changeup,StrikeCalled,Strikeout,Undefined,Undefined,0,0,,84.63295,0.779495,4.24705,2050.047017,120.797466,10:00,4.5725,-1.40535,5.92627,-27.53627,11.55087,-17.29001,3.00311,1.10173,77.1845,-4.369821,1.153304,0.449975,,,,,,,,,,,,9.99083,6.07803,1.0749,50,4.6194,-8.40842,-122.65336,0.81309,15.22828,24.12729,-22.90976,MIA_RED,BAL_UNI,McKieFieldStad,TeamExclusive,Team,20251004-McKieFieldStad-Private-1,38339990-a140-11f0-9f0b-09fe507a42b3,83.76562,,,7.44845,,,,,,,6a89286b-1dc2-4afe-ba41-38a51ea46870,2025-10-04,16:36:03.38,2025-10-04T12:36:03.3850000-04:00,2025-10-04T16:36:03.3850000Z,,v3,471355,,,"Fixx, Mason",10305580,Right,BAL_UNI,18d9215f-87a7-4cfa-8c1c-ea068dbd8e49,54.57134,-123.54932,12.06365,4.57341,1.66384,-11.45488,1.39764,-8.97392,7.61414,,,,,,,,,,,,,,,,,,,,,,,,,,,,,,,,,,,,,,,,,,,,,,,,,,,High,High,High,,,,,
69,2025-10-04,12:38:15.14,1,1,"Burke, Clayton",1000266653,Right,MIA_RED,"Fleming, Reid",1000224596,Right,BAL_UNI,Undefined,3,Top,0,0,0,Fastball,Sinker,StrikeCalled,Undefined,Undefined,Undefined,0,0,,92.32527,-1.450121,-1.761639,2154.763386,239.380202,2:00,4.94821,1.09087,5.87077,-21.70611,11.17308,17.07714,1.79152,0.87718,84.25658,-5.512846,1.303139,0.412698,,,,,,,,,,,,-9.25485,6.45296,-0.95833,50,4.81827,3.37648,-134.04537,-4.12902,-16.78728,29.80355,-20.46907,MIA_RED,BAL_UNI,McKieFieldStad,TeamExclusive,Team,20251004-McKieFieldStad-Private-1,86b122e0-a140-11f0-9f0b-09fe507a42b3,91.33185,,,8.06869,,,,,,,6a89286b-1dc2-4afe-ba41-38a51ea46870,2025-10-04,16:38:15.14,2025-10-04T12:38:15.1460000-04:00,2025-10-04T16:38:15.1460000Z,,v3,471355,,,"Raether, Carson",1000338521,Right,MIA_RED,1a008170-df4f-4ffa-bb4a-8fcfdfccd190,54.62758,-135.07034,14.90178,4.94817,-3.42507,-10.23453,-1.08437,3.95381,-8.39364,,,,,,,,,,,,,,,,,,,,,,,,,,,,,,,,,,,,,,,,,,,,,,,,,,,High,High,High,,,,,
70,2025-10-04,12:38:29.34,1,2,"Burke, Clayton",1000266653,Right,MIA_RED,"Fleming, Reid",1000224596,Right,BAL_UNI,Undefined,3,Top,0,0,1,Fastball,Sinker,StrikeCalled,Undefined,Undefined,Undefined,0,0,,92.78873,0.125654,-1.812698,2138.568463,236.54511,2:00,4.97313,1.19969,5.65039,-21.7371,11.08528,15.17103,3.27896,0.77272,84.46145,-3.93862,0.897177,0.412341,,,,,,,,,,,,-8.18441,5.90335,-1.05573,50,4.97011,3.56619,-134.68182,-0.47073,-14.99056,30.02174,-21.3615,MIA_RED,BAL_UNI,McKieFieldStad,TeamExclusive,Team,20251004-McKieFieldStad-Private-1,8f2ceb70-a140-11f0-9f0b-09fe507a42b3,91.41083,,,8.32728,,,,,,,6a89286b-1dc2-4afe-ba41-38a51ea46870,2025-10-04,16:38:29.34,2025-10-04T12:38:29.3430000-04:00,2025-10-04T16:38:29.3430000Z,,v3,471355,,,"Raether, Carson",1000338521,Right,MIA_RED,551d2e63-e65c-455c-b6dc-8d5d212b27a2,54.84672,-135.7579,15.01087,4.97327,0.29493,-10.68075,-1.19319,4.1035,-7.49528,,,,,,,,,,,,,,,,,,,,,,,,,,,,,,,,,,,,,,,,,,,,,,,,,,,High,High,High,,,,,
71,2025-10-04,12:38:42.82,1,3,"Burke, Clayton",1000266653,Right,MIA_RED,"Fleming, Reid",1000224596,Right,BAL_UNI,Undefined,3,Top,0,0,2,Cutter,Slider,BallCalled,Undefined,Undefined,Undefined,0,0,,81.96088,2.082295,-1.107035,2217.645016,174.852427,11:45,4.62864,1.34951,5.51465,-32.98029,8.655,-0.67917,3.82856,0.25766,75.81585,-3.983711,-1.227969,0.464411,,,,,,,,,,,,0.08303,4.20843,-1.25259,50,4.78782,2.32838,-119.10673,3.22995,0.12097,19.81002,-26.04209,MIA_RED,BAL_UNI,McKieFieldStad,TeamExclusive,Team,20251004-McKieFieldStad-Private-1,973bc160-a140-11f0-9f0b-09fe507a42b3,81.16184,,,6.14503,,,,,,,6a89286b-1dc2-4afe-ba41-38a51ea46870,2025-10-04,16:38:42.82,2025-10-04T12:38:42.8250000-04:00,2025-10-04T16:38:42.8250000Z,,v3,471355,,,"Raether, Carson",1000338521,Right,MIA_RED,67fed7a0-fd79-49a7-af45-c3474714444a,54.98501,-119.93297,9.90501,4.63045,4.31613,-13.02104,-1.3496,2.32334,0.06049,,,,,,,,,,,,,,,,,,,,,,,,,,,,,,,,,,,,,,,,,,,,,,,,,,,High,High,High,,,,,
72,2025-10-04,12:39:04.56,1,4,"Burke, Clayton",1000266653,Right,MIA_RED,"Fleming, Reid",1000224596,Right,BAL_UNI,Undefined,3,Top,0,1,2,Slider,Slider,StrikeSwinging,Strikeout,Undefined,Undefined,0,0,,83.60849,-0.301909,-3.009867,2465.219541,140.32979,10:45,4.65664,1.30381,5.6628,-31.06494,9.25567,-6.65363,1.78598,-2.05983,76.79316,-6.033771,-4.195862,0.45702,,,,,,,,,,,,2.55697,5.16209,-1.04489,50,4.6115,6.64664,-121.29219,-1.66684,3.81456,23.40816,-24.47305,MIA_RED,BAL_UNI,McKieFieldStad,TeamExclusive,Team,20251004-McKieFieldStad-Private-1,a4568d80-a140-11f0-9f0b-09fe507a42b3,82.4744,,,6.81533,,,,,,,6a89286b-1dc2-4afe-ba41-38a51ea46870,2025-10-04,16:39:04.56,2025-10-04T12:39:04.5600000-04:00,2025-10-04T16:39:04.5600000Z,,v3,471355,,,"Raether, Carson",1000338521,Right,MIA_RED,732afd46-7ea7-43af-bae9-74b65c953a13,54.83463,-122.22166,11.70408,4.6584,-0.69508,-12.23653,-1.3058,6.49518,1.90728,,,,,,,,,,,,,,,,,,,,,,,,,,,,,62.18072,2.871617,1.801011,1.070605,-0.14738,1.61764,2.17505,-0.0922,5.87809,-0.98176,69.92169,1.80733,-54.85639,-0.0712,70.03834,-4.38967,5.91108,12.18649,-15.0243,-1.01628,-56.19077,5.57098,High,High,High,,,High,High,High
73,2025-10-04,12:39:31.13,2,1,"Burke, Clayton",1000266653,Right,MIA_RED,"Ritlinger-Nirider, Dennis",1000224620,Right,BAL_UNI,Undefined,3,Top,1,0,0,Fastball,Sinker,BallCalled,Undefined,Undefined,Undefined,0,0,,91.83472,1.03295,-1.353319,2094.494929,250.738121,2:15,4.77501,1.47792,5.84933,-26.17505,6.87067,16.81702,3.55396,1.62159,84.11693,-3.832303,1.66227,0.413741,,,,,,,,,,,,-8.93874,3.5439,-1.3777,50,4.84368,2.41387,-133.45131,1.4776,-16.1713,27.86142,-25.76269,MIA_RED,BAL_UNI,McKieFieldStad,TeamExclusive,Team,20251004-McKieFieldStad-Private-1,b4299bd0-a140-11f0-9f0b-09fe507a42b3,91.10146,,,7.71779,,,,,,,6a89286b-1dc2-4afe-ba41-38a51ea46870,2025-10-04,16:39:31.13,2025-10-04T12:39:31.1310000-04:00,2025-10-04T16:39:31.1310000Z,,v3,471355,,,"Raether, Carson",1000338521,Right,MIA_RED,54d79886-fa58-4e9c-8074-a6384e668406,54.64939,-134.41848,13.93071,4.77686,2.37192,-12.88134,-1.47124,2.97524,-8.08565,,,,,,,,,,,,,,,,,,,,,,,,,,,,,,,,,,,,,,,,,,,,,,,,,,,High,High,High,,,,,
74,2025-10-04,12:39:47.42,2,2,"Burke, Clayton",1000266653,Right,MIA_RED,"Ritlinger-Nirider, Dennis",1000224620,Right,BAL_UNI,Undefined,3,Top,1,1,0,ChangeUp,Changeup,StrikeSwinging,Undefined,Undefined,Undefined,0,0,,78.41276,0.331515,-1.830416,1821.706876,261.560686,2:45,4.50487,1.40441,5.62502,-41.95774,4.05847,17.3304,1.3179,1.14002,71.76662,-7.383871,1.267152,0.488233,,,,,,,,,,,,-9.29906,2.41717,-1.25974,50,4.50629,2.96876,-113.83124,-0.69721,-12.15791,21.58725,-29.01377,MIA_RED,BAL_UNI,McKieFieldStad,TeamExclusive,Team,20251004-McKieFieldStad-Private-1,bddd9640-a140-11f0-9f0b-09fe507a42b3,77.20179,,,6.64614,,,,,,,6a89286b-1dc2-4afe-ba41-38a51ea46870,2025-10-04,16:39:47.42,2025-10-04T12:39:47.4280000-04:00,2025-10-04T16:39:47.4280000Z,,v3,471355,,,"Raether, Carson",1000338521,Right,MIA_RED,aae8047e-5cb5-4bd1-a1eb-420718af55bf,54.87334,-114.75171,10.79363,4.50965,0.53992,-14.50688,-1.39738,3.48717,-6.07895,,,,,,,,,,,,,,,,,,,,,,,,,,,,,,,,,,,,,,,,,,,,,,,,,,,High,High,High,,,,,
75,2025-10-04,12:40:05.52,2,3,"Burke, Clayton",1000266653,Right,MIA_RED,"Ritlinger-Nirider, Dennis",1000224620,Right,BAL_UNI,Undefined,3,Top,1,1,1,Fastball,Four-Seam,StrikeSwinging,Undefined,Undefined,Undefined,0,0,,93.24951,-1.444502,-2.278628,2151.379738,217.706501,1:15,4.98241,1.01445,5.77245,-14.26619,18.06076,13.15532,2.44804,-0.01077,85.01859,-4.172795,0.075324,0.409217,,,,,,,,,,,,-7.31748,9.90886,-0.83404,50,4.8544,4.78768,-135.31224,-3.83642,-13.55546,29.75461,-13.81816,MIA_RED,BAL_UNI,McKieFieldStad,TeamExclusive,Team,20251004-McKieFieldStad-Private-1,c8abda50-a140-11f0-9f0b-09fe507a42b3,92.10865,,,8.23092,,,,,,,6a89286b-1dc2-4afe-ba41-38a51ea46870,2025-10-04,16:40:05.52,2025-10-04T12:40:05.5210000-04:00,2025-10-04T16:40:05.5210000Z,,v3,471355,,,"Raether, Carson",1000338521,Right,MIA_RED,44a5ff4b-ac7a-458d-8f3d-d6340ab28986,54.72459,-136.3472,14.8773,4.97948,-3.35578,-6.90908,-1.00877,5.25918,-6.77773,,,,,,,,,,,,,,,,,,,,,,,,,,,,,,,,,,,,,,,,,,,,,,,,,,,High,High,High,,,,,
76,2025-10-04,12:40:25.85,2,4,"Burke, Clayton",1000266653,Right,MIA_RED,"Ritlinger-Nirider, Dennis",1000224620,Right,BAL_UNI,Undefined,3,Top,1,1,2,ChangeUp,Changeup,StrikeSwinging,Strikeout,Undefined,Undefined,0,0,,78.88126,0.676523,-2.62333,1746.527451,284.278326,3:30,4.54405,1.20484,5.79819,-47.09211,-1.90244,13.16194,1.24963,-0.14,72.28221,-7.97055,-0.264042,0.483828,,,,,,,,,,,,-7.46315,-0.72075,-0.99708,50,4.57158,4.74718,-114.50046,-0.17262,-9.87593,21.77656,-33.12778,MIA_RED,BAL_UNI,McKieFieldStad,TeamExclusive,Team,20251004-McKieFieldStad-Private-1,d4c19280-a140-11f0-9f0b-09fe507a42b3,77.90465,,,6.59905,,,,,,,6a89286b-1dc2-4afe-ba41-38a51ea46870,2025-10-04,16:40:25.85,2025-10-04T12:40:25.8540000-04:00,2025-10-04T16:40:25.8540000Z,,v3,471355,,,"Raether, Carson",1000338521,Right,MIA_RED,9ce18a73-4f43-4503-9054-5c83e6dff58a,54.70106,-115.39108,10.88828,4.55093,1.18224,-16.56389,-1.19949,5.15109,-4.93797,,,,,,,,,,,,,,,,,,,,,,,,,,,,,65.40565,2.969651,1.948314,1.021338,0.60968,1.13562,0.14346,0.21978,5.68415,-1.66704,73.76464,4.79624,-51.0114,0.24476,76.82925,-4.78254,5.70757,13.37019,-14.00342,-1.70969,-54.69561,6.35479,High,High,High,,,High,High,High
77,2025-10-04,12:40:51.20,3,1,"Burke, Clayton",1000266653,Right,MIA_RED,"Kolenich, Sean",1000224524,Right,BAL_UNI,Undefined,3,Top,2,0,0,Slider,Slider,BallCalled,Undefined,Undefined,Undefined,0,0,,81.63,2.610017,-0.276116,2234.501629,62.795187,8:00,4.66432,1.38003,5.4832,-43.05443,-0.09165,-2.98866,3.5201,0.87264,73.9837,-5.302094,-0.808288,0.471756,,,,,,,,,,,,1.41217,-0.36587,-1.35378,50,4.86433,0.69478,-118.31714,3.88569,1.98502,24.33889,-32.68832,MIA_RED,BAL_UNI,McKieFieldStad,TeamExclusive,Team,20251004-McKieFieldStad-Private-1,e3b16cc0-a140-11f0-9f0b-09fe507a42b3,79.89814,,,7.6463,,,,,,,6a89286b-1dc2-4afe-ba41-38a51ea46870,2025-10-04,16:40:51.20,2025-10-04T12:40:51.2090000-04:00,2025-10-04T16:40:51.2090000Z,,v3,471355,,,"Raether, Carson",1000338521,Right,MIA_RED,4854cd28-40d2-4c27-957a-4f2fffc59347,55.01301,-119.3439,12.16945,4.67132,5.26468,-16.34416,-1.38132,0.61104,0.99251,,,,,,,,,,,,,,,,,,,,,,,,,,,,,,,,,,,,,,,,,,,,,,,,,,,High,High,High,,,,,
78,2025-10-04,12:41:07.26,3,2,"Burke, Clayton",1000266653,Right,MIA_RED,"Kolenich, Sean",1000224524,Right,BAL_UNI,Undefined,3,Top,2,1,0,Fastball,Sinker,StrikeCalled,Undefined,Undefined,Undefined,0,0,,91.66218,-0.548,-3.0564,2181.062135,224.419711,1:30,5.0828,0.93987,5.57296,-17.39151,16.47725,15.03458,3.12091,-0.66473,83.17291,-3.842317,-0.378624,0.418862,,,,,,,,,,,,-8.45937,8.81367,-0.68646,50,5.0244,6.40366,-132.86328,-1.83103,-15.04918,29.73378,-16.49463,MIA_RED,BAL_UNI,McKieFieldStad,TeamExclusive,Team,20251004-McKieFieldStad-Private-1,ed2db560-a140-11f0-9f0b-09fe507a42b3,89.98769,,,8.48927,,,,,,,6a89286b-1dc2-4afe-ba41-38a51ea46870,2025-10-04,16:41:07.26,2025-10-04T12:41:07.2640000-04:00,2025-10-04T16:41:07.2640000Z,,v3,471355,,,"Raether, Carson",1000338521,Right,MIA_RED,1ae612bd-5095-46d2-b330-36d5375fc307,54.92349,-133.96059,14.86689,5.08074,-1.22231,-8.24732,-0.93303,6.95904,-7.52459,,,,,,,,,,,,,,,,,,,,,,,,,,,,,,,,,,,,,,,,,,,,,,,,,,,High,High,High,,,,,
79,2025-10-04,12:41:23.56,3,3,"Burke, Clayton",1000266653,Right,MIA_RED,"Kolenich, Sean",1000224524,Right,BAL_UNI,Undefined,3,Top,2,1,1,Fastball,Sinker,FoulBallNotFieldable,Undefined,Undefined,Undefined,0,0,,93.37084,-0.511334,-2.281389,2129.615753,232.8529,1:45,5.06093,0.90195,5.61114,-19.41273,12.99946,15.79383,2.96555,0.0876,85.1617,-4.150313,0.536847,0.409756,70.92012,34.066442,66.991905,5361.834344,29.31515,50.4804,106.02179,213.71127,92.07461,85.455098,3.762639,-8.65906,7.04059,-0.71748,50,5.00484,4.67926,-135.522,-1.88513,-16.09033,29.85361,-19.09121,MIA_RED,BAL_UNI,McKieFieldStad,TeamExclusive,Team,20251004-McKieFieldStad-Private-1,f72dd400-a140-11f0-9f0b-09fe507a42b3,91.98748,51.31985,,8.20914,,,,0.19375,2.81129,0.07625,6a89286b-1dc2-4afe-ba41-38a51ea46870,2025-10-04,16:41:23.56,2025-10-04T12:41:23.5640000-04:00,2025-10-04T16:41:23.5640000Z,FlyBall,v3,471355,,,"Raether, Carson",1000338521,Right,MIA_RED,52c2400d-0d9e-402c-aedd-c2a9c964b70b,54.8872,-136.59434,14.9268,5.06024,-1.19937,-9.54561,-0.89594,5.25722,-8.04516,,0.19447,33.65076,-11.68622,1.57357,0.16448,-0.32916,0.12881,-0.02233,0.00149,2.81056,58.28907,-20.01557,2.15686,-0.74028,0.30509,-0.08174,0.01158,-0.00067,0.07721,79.27584,-6.65608,-0.22104,0.69882,-0.47588,0.15781,-0.02582,0.00168,,,,,,,,,,,,,,,,,,,,,,,High,High,High,High,Low,,,
80,2025-10-04,12:41:51.21,3,4,"Burke, Clayton",1000266653,Right,MIA_RED,"Kolenich, Sean",1000224524,Right,BAL_UNI,Undefined,3,Top,2,1,2,Slider,Slider,BallCalled,Undefined,Undefined,Undefined,0,0,,83.84335,-1.306333,-4.288489,2385.524893,151.709856,11:00,4.71693,1.28447,5.66756,-37.54156,3.0591,-0.91106,0.36683,-2.79744,76.53446,-8.183895,-4.450749,0.458604,,,,,,,,,,,,-0.84169,2.3426,-0.92108,50,4.58265,9.13532,-121.332,-4.05651,-1.24347,25.72969,-28.71329,MIA_RED,BAL_UNI,McKieFieldStad,TeamExclusive,Team,20251004-McKieFieldStad-Private-1,077fd650-a141-11f0-9f0b-09fe507a42b3,82.18947,,,7.30889,,,,,,,6a89286b-1dc2-4afe-ba41-38a51ea46870,2025-10-04,16:41:51.21,2025-10-04T12:41:51.2180000-04:00,2025-10-04T16:41:51.2180000Z,,v3,471355,,,"Raether, Carson",1000338521,Right,MIA_RED,9cf36861-b8a1-429b-b4ae-d904ac80616a,54.8298,-122.35192,12.86484,4.7209,-2.91831,-14.35665,-1.28418,9.18461,-0.62174,,,,,,,,,,,,,,,,,,,,,,,,,,,,,,,,,,,,,,,,,,,,,,,,,,,High,High,High,,,,,
81,2025-10-04,12:42:07.88,3,5,"Burke, Clayton",1000266653,Right,MIA_RED,"Kolenich, Sean",1000224524,Right,BAL_UNI,Undefined,3,Top,2,2,2,Slider,Slider,InPlay,Undefined,GroundBall,Out,1,0,,84.10326,1.215002,-2.254613,2364.231047,125.910577,10:15,4.69066,1.26081,5.5063,-37.16045,3.31713,-2.68559,2.73127,-1.07258,76.28465,-5.628047,-2.732526,0.457908,92.26147,-6.15822,9.939495,,,,,25.94388,24.8081,12.02208,0.189281,0.66642,1.68902,-1.0621,50,4.77185,4.91175,-121.90618,1.28434,0.99289,26.18065,-29.65751,MIA_RED,BAL_UNI,McKieFieldStad,TeamExclusive,Team,20251004-McKieFieldStad-Private-1,118c29f0-a141-11f0-9f0b-09fe507a42b3,82.31438,2.81126,,7.81862,,,,0.76846,2.81126,1.06713,6a89286b-1dc2-4afe-ba41-38a51ea46870,2025-10-04,16:42:07.88,2025-10-04T12:42:07.8870000-04:00,2025-10-04T16:42:07.8870000Z,GroundBall,v3,471355,,,"Raether, Carson",1000338521,Right,MIA_RED,535a868a-1734-4a79-8f74-944f90cd53c3,54.99065,-122.9733,13.09033,4.69487,2.49318,-14.82875,-1.26148,4.87128,0.49645,183.126801,0.76906,132.47496,-13.11329,,,,,,,2.81076,-14.48136,-1.93364,,,,,,,1.06719,23.21766,-1.62194,,,,,,,,,,,,,,,,,,,,,,,,,,,,,High,High,High,High,High,,,
82,2025-10-04,12:44:24.74,1,1,"Walker, Tyler",1000231387,Right,BAL_UNI,"Krupinski, Dom",702597,Left,MIA_RED,Undefined,3,Bottom,0,0,0,Fastball,Four-Seam,BallCalled,Undefined,Undefined,Undefined,0,0,,87.32348,-2.743653,-2.926872,1908.740632,206.974977,1:00,5.6785,1.0233,7.04662,-19.87344,15.26678,7.19985,1.52512,-1.03753,80.04119,-6.554923,-1.607719,0.426652,,,,,,,,,,,,-4.68437,9.29213,-0.84839,50,5.50565,6.23645,-126.81505,-6.55367,-7.62122,26.1601,-17.05622,MIA_RED,BAL_UNI,McKieFieldStad,TeamExclusive,Team,20251004-McKieFieldStad-Private-1,63366220-a141-11f0-9f0b-09fe507a42b3,88.34472,,,7.28228,,,,,,,6a89286b-1dc2-4afe-ba41-38a51ea46870,2025-10-04,16:44:24.74,2025-10-04T12:44:24.7450000-04:00,2025-10-04T16:44:24.7450000Z,,v3,471355,,,"Fixx, Mason",10305580,Right,BAL_UNI,234813a9-43f9-41aa-bcc6-ec7706c1d0f7,53.45149,-127.52505,13.08005,5.67724,-6.09076,-8.52811,-1.02046,6.4433,-3.81061,,,,,,,,,,,,,,,,,,,,,,,,,,,,,,,,,,,,,,,,,,,,,,,,,,,High,High,High,,,,,
83,2025-10-04,12:44:40.30,1,2,"Walker, Tyler",1000231387,Right,BAL_UNI,"Krupinski, Dom",702597,Left,MIA_RED,Undefined,3,Bottom,0,1,0,Slider,Slider,BallCalled,Undefined,Undefined,Undefined,0,0,,77.29287,2.987759,1.076197,2206.566529,113.547212,9:45,5.47968,1.61543,6.18329,-42.56731,3.92815,-5.58154,4.69423,2.14415,70.32675,-4.949731,0.069869,0.490769,,,,,,,,,,,,3.16158,1.68705,-1.69409,50,5.68438,-1.9013,-112.12942,4.60511,4.00955,21.00819,-30.03449,MIA_RED,BAL_UNI,McKieFieldStad,TeamExclusive,Team,20251004-McKieFieldStad-Private-1,6c5dfb10-a141-11f0-9f0b-09fe507a42b3,76.80289,,,6.96612,,,,,,,6a89286b-1dc2-4afe-ba41-38a51ea46870,2025-10-04,16:44:40.30,2025-10-04T12:44:40.3060000-04:00,2025-10-04T16:44:40.3060000Z,,v3,471355,,,"Fixx, Mason",10305580,Right,BAL_UNI,6a4ca491-66ca-4f10-8447-7609a6ad4565,54.31216,-112.93444,10.5041,5.48586,5.75601,-15.01724,-1.61829,-2.05494,2.00478,,,,,,,,,,,,,,,,,,,,,,,,,,,,,,,,,,,,,,,,,,,,,,,,,,,High,High,High,,,,,
84,2025-10-04,12:44:55.97,1,3,"Walker, Tyler",1000231387,Right,BAL_UNI,"Krupinski, Dom",702597,Left,MIA_RED,Undefined,3,Bottom,0,2,0,Fastball,Four-Seam,BallCalled,Undefined,Undefined,Undefined,0,0,,85.02549,-2.99362,-1.872316,1885.553306,203.394101,12:45,5.61604,1.20737,7.1203,-21.88702,15.09103,6.01162,1.07291,0.0095,77.93943,-7.183996,-0.76763,0.437667,,,,,,,,,,,,-3.76984,9.32918,-1.09821,50,5.43173,3.83982,-123.54024,-6.96707,-5.81025,25.23696,-17.79547,MIA_RED,BAL_UNI,McKieFieldStad,TeamExclusive,Team,20251004-McKieFieldStad-Private-1,75b41e10-a141-11f0-9f0b-09fe507a42b3,86.12136,,,7.08605,,,,,,,6a89286b-1dc2-4afe-ba41-38a51ea46870,2025-10-04,16:44:55.97,2025-10-04T12:44:55.9790000-04:00,2025-10-04T16:44:55.9790000Z,,v3,471355,,,"Fixx, Mason",10305580,Right,BAL_UNI,f5add96a-9469-4154-8d91-e831d03543eb,53.37752,-124.22829,12.61848,5.61506,-6.4819,-8.89773,-1.20506,3.99823,-2.90512,,,,,,,,,,,,,,,,,,,,,,,,,,,,,,,,,,,,,,,,,,,,,,,,,,,High,High,High,,,,,
85,2025-10-04,12:45:13.88,1,4,"Walker, Tyler",1000231387,Right,BAL_UNI,"Krupinski, Dom",702597,Left,MIA_RED,Undefined,3,Bottom,0,3,0,Fastball,Changeup,StrikeCalled,Undefined,Undefined,Undefined,0,0,,85.09469,-1.236536,-2.284817,1911.312429,208.170082,1:00,5.61078,1.08811,7.2363,-21.60222,15.00013,7.42122,2.69047,-0.36231,77.98834,-5.398295,-0.919291,0.435437,,,,,,,,,,,,-4.60827,8.77587,-0.95907,50,5.53339,4.68989,-123.77205,-3.15107,-7.15062,24.63881,-18.55657,MIA_RED,BAL_UNI,McKieFieldStad,TeamExclusive,Team,20251004-McKieFieldStad-Private-1,8052c6a0-a141-11f0-9f0b-09fe507a42b3,86.56224,,,7.10635,,,,,,,6a89286b-1dc2-4afe-ba41-38a51ea46870,2025-10-04,16:45:13.88,2025-10-04T12:45:13.8870000-04:00,2025-10-04T16:45:13.8870000Z,,v3,471355,,,"Fixx, Mason",10305580,Right,BAL_UNI,3e62264a-0d9f-4078-a11a-c6c65ce67856,53.26041,-124.41939,12.31941,5.60978,-2.66353,-9.27828,-1.08476,4.87776,-3.57531,,,,,,,,,,,,,,,,,,,,,,,,,,,,,,,,,,,,,,,,,,,,,,,,,,,High,High,High,,,,,
86,2025-10-04,12:45:29.25,1,5,"Walker, Tyler",1000231387,Right,BAL_UNI,"Krupinski, Dom",702597,Left,MIA_RED,Undefined,3,Bottom,0,3,1,Fastball,Four-Seam,InPlay,Undefined,FlyBall,Out,1,0,,85.92159,-0.577434,-1.970288,1918.348995,209.599768,1:00,5.62088,0.92485,7.20633,-21.67544,14.33772,7.49343,3.29138,-0.23555,78.47988,-4.758864,-0.592055,0.431919,92.84628,48.249144,31.757797,4189.722999,93.51893,119.0066,57.91546,275.62003,266.76384,32.684776,6.143895,-4.61985,8.2413,-0.81312,50,5.58082,4.05505,-125.02033,-1.75261,-7.28644,26.02392,-19.17585,MIA_RED,BAL_UNI,McKieFieldStad,TeamExclusive,Team,20251004-McKieFieldStad-Private-1,897ad4c0-a141-11f0-9f0b-09fe507a42b3,87.2674,142.54395,,7.44171,,,,1.75734,3.10202,-0.19473,6a89286b-1dc2-4afe-ba41-38a51ea46870,2025-10-04,16:45:29.25,2025-10-04T12:45:29.2550000-04:00,2025-10-04T16:45:29.2550000Z,FlyBall,v3,471355,,,"Fixx, Mason",10305580,Right,BAL_UNI,9dd53abf-7b61-4212-a487-49431667c19f,53.2919,-125.70369,13.01196,5.62024,-1.24906,-9.58792,-0.92212,4.24639,-3.64322,182.083846,1.76419,76.97666,-19.87595,4.82643,-0.65946,0.01956,0.0078,-0.00101,4E-05,3.10294,101.56355,-21.71022,1.41204,0.03028,-0.10906,0.03309,-0.00434,0.00021,-0.19054,47.651,-11.54863,2.74891,-0.36545,0.00882,0.00454,-0.00055,2E-05,,,,,,,,,,,,,,,,,,,,,,,High,High,High,Medium,Low,,,
87,2025-10-04,12:46:02.60,2,1,"Walker, Tyler",1000231387,Right,BAL_UNI,"Appelwick, Evan",695485,Right,MIA_RED,Undefined,3,Bottom,1,0,0,Cutter,Slider,BallCalled,Undefined,Undefined,Undefined,0,0,,84.66161,0.607026,-1.082099,1912.462898,182.948774,12:00,5.62692,1.22157,6.94769,-28.18183,9.40142,0.42118,3.83097,0.2718,77.06344,-4.763393,-1.004986,0.441234,,,,,,,,,,,,-0.54374,5.21327,-1.15448,50,5.65503,2.31051,-123.11238,0.57284,-0.82916,25.90769,-24.22429,MIA_RED,BAL_UNI,McKieFieldStad,TeamExclusive,Team,20251004-McKieFieldStad-Private-1,9d411640-a141-11f0-9f0b-09fe507a42b3,85.42512,,,7.59818,,,,,,,6a89286b-1dc2-4afe-ba41-38a51ea46870,2025-10-04,16:46:02.60,2025-10-04T12:46:02.6000000-04:00,2025-10-04T16:46:02.6000000Z,,v3,471355,,,"Fixx, Mason",10305580,Right,BAL_UNI,30a91452-9978-42f7-9dff-2f9d7fc5ee3e,53.54805,-123.85678,12.95385,5.62858,1.26887,-12.11215,-1.22121,2.33434,-0.41458,,,,,,,,,,,,,,,,,,,,,,,,,,,,,,,,,,,,,,,,,,,,,,,,,,,High,High,High,,,,,
88,2025-10-04,12:46:15.99,2,2,"Walker, Tyler",1000231387,Right,BAL_UNI,"Appelwick, Evan",695485,Right,MIA_RED,Undefined,3,Bottom,1,1,0,Cutter,Slider,BallCalled,Undefined,Undefined,Undefined,0,0,,83.51597,2.669956,-1.149591,1958.316957,170.890642,11:45,5.63123,1.053,6.6668,-32.26671,6.99575,-0.91106,5.38745,-0.07488,75.55098,-3.440805,-1.315337,0.450983,,,,,,,,,,,,0.1235,3.28855,-0.97567,50,5.79774,2.46618,-121.21885,4.75188,0.18198,25.82063,-27.32796,MIA_RED,BAL_UNI,McKieFieldStad,TeamExclusive,Team,20251004-McKieFieldStad-Private-1,a54b5850-a141-11f0-9f0b-09fe507a42b3,83.57838,,,7.96498,,,,,,,6a89286b-1dc2-4afe-ba41-38a51ea46870,2025-10-04,16:46:15.99,2025-10-04T12:46:15.9990000-04:00,2025-10-04T16:46:15.9990000Z,,v3,471355,,,"Fixx, Mason",10305580,Right,BAL_UNI,3b6b7f41-367b-4f27-86ed-bb61b8711b75,53.82804,-122.03153,12.91032,5.63464,5.612,-13.66398,-1.0532,2.46045,0.09099,,,,,,,,,,,,,,,,,,,,,,,,,,,,,,,,,,,,,,,,,,,,,,,,,,,High,High,High,,,,,
89,2025-10-04,12:46:32.44,2,3,"Walker, Tyler",1000231387,Right,BAL_UNI,"Appelwick, Evan",695485,Right,MIA_RED,Undefined,3,Bottom,1,2,0,Cutter,Slider,BallCalled,Undefined,Undefined,Undefined,0,0,,83.18261,1.00992,-1.499646,1944.806792,167.074579,11:30,5.60051,1.2779,6.87561,-31.05136,8.05874,-1.5541,3.93364,-0.21854,75.63705,-4.887701,-1.783655,0.450107,,,,,,,,,,,,0.36969,4.38418,-1.18244,50,5.65365,3.21988,-120.90568,1.31246,0.54296,25.27799,-25.73465,MIA_RED,BAL_UNI,McKieFieldStad,TeamExclusive,Team,20251004-McKieFieldStad-Private-1,af237c90-a141-11f0-9f0b-09fe507a42b3,83.74102,,,7.54556,,,,,,,6a89286b-1dc2-4afe-ba41-38a51ea46870,2025-10-04,16:46:32.44,2025-10-04T12:46:32.4450000-04:00,2025-10-04T16:46:32.4450000Z,,v3,471355,,,"Fixx, Mason",10305580,Right,BAL_UNI,09ff2120-42f6-4ea0-a1ec-364b3dd03162,53.62013,-121.66019,12.63899,5.60301,2.08061,-12.86733,-1.2783,3.20367,0.27148,,,,,,,,,,,,,,,,,,,,,,,,,,,,,,,,,,,,,,,,,,,,,,,,,,,High,High,High,,,,,
90,2025-10-04,12:46:48.79,2,4,"Walker, Tyler",1000231387,Right,BAL_UNI,"Appelwick, Evan",695485,Right,MIA_RED,Undefined,3,Bottom,1,3,0,Fastball,Four-Seam,StrikeCalled,Undefined,Undefined,Undefined,0,0,,85.26809,-0.789797,-2.787759,1944.488486,187.189807,12:15,5.57484,1.16231,7.19799,-19.91722,17.07304,1.99083,3.19888,-1.19857,77.14431,-4.670904,-2.422191,0.437739,,,,,,,,,,,,-1.93921,9.79268,-1.0016,50,5.5226,5.96068,-123.83314,-2.12093,-2.97265,27.68414,-17.16277,MIA_RED,BAL_UNI,McKieFieldStad,TeamExclusive,Team,20251004-McKieFieldStad-Private-1,b8e7a3a0-a141-11f0-9f0b-09fe507a42b3,86.10712,,,8.12379,,,,,,,6a89286b-1dc2-4afe-ba41-38a51ea46870,2025-10-04,16:46:48.79,2025-10-04T12:46:48.7980000-04:00,2025-10-04T16:46:48.7980000Z,,v3,471355,,,"Fixx, Mason",10305580,Right,BAL_UNI,09ba31ce-7484-4d13-92b2-3f2f222415ca,53.2961,-124.56784,13.84207,5.57284,-1.66545,-8.58138,-1.16084,6.03957,-1.48633,,,,,,,,,,,,,,,,,,,,,,,,,,,,,,,,,,,,,,,,,,,,,,,,,,,High,High,High,,,,,
91,2025-10-04,12:47:05.49,2,5,"Walker, Tyler",1000231387,Right,BAL_UNI,"Appelwick, Evan",695485,Right,MIA_RED,Undefined,3,Bottom,1,3,1,Fastball,Four-Seam,BallCalled,Walk,Undefined,Undefined,0,0,,85.97225,-0.521549,-1.223375,1871.185011,195.252856,12:30,5.64251,1.1445,7.11982,-19.23308,17.23828,4.35032,3.56657,0.39721,77.64659,-4.277158,-0.424308,0.434658,,,,,,,,,,,,-2.69366,9.75831,-1.07302,50,5.60499,2.51218,-124.94644,-1.5399,-4.19889,28.45066,-16.96282,MIA_RED,BAL_UNI,McKieFieldStad,TeamExclusive,Team,20251004-McKieFieldStad-Private-1,c2ca9d50-a141-11f0-9f0b-09fe507a42b3,86.71749,,,8.32566,,,,,,,6a89286b-1dc2-4afe-ba41-38a51ea46870,2025-10-04,16:47:05.49,2025-10-04T12:47:05.4920000-04:00,2025-10-04T16:47:05.4920000Z,,v3,471355,,,"Fixx, Mason",10305580,Right,BAL_UNI,ed6f386b-51d2-4504-b114-d554384a29ce,53.37374,-125.7123,14.22533,5.6403,-1.08327,-8.48141,-1.14217,2.62521,-2.09945,,,,,,,,,,,,,,,,,,,,,,,,,,,,,,,,,,,,,,,,,,,,,,,,,,,High,High,High,,,,,
92,2025-10-04,12:47:39.87,3,1,"Walker, Tyler",1000231387,Right,BAL_UNI,"Breidenbach, Mason",1000074554,Right,MIA_RED,Undefined,3,Bottom,1,0,0,ChangeUp,Changeup,StrikeCalled,Undefined,Undefined,Undefined,0,0,,79.39151,1.150622,-1.998502,1711.889525,246.576453,2:15,5.39964,1.58712,6.70083,-35.4962,7.84615,14.71753,3.49448,0.98551,72.03898,-5.565589,0.68287,0.473835,,,,,,,,,,,,-8.3189,4.25016,-1.4591,50,5.46252,3.5135,-115.32284,1.38016,-11.09037,23.46057,-26.50793,MIA_RED,BAL_UNI,McKieFieldStad,TeamExclusive,Team,20251004-McKieFieldStad-Private-1,d77c2930-a141-11f0-9f0b-09fe507a42b3,79.54752,,,7.35252,,,,,,,6a89286b-1dc2-4afe-ba41-38a51ea46870,2025-10-04,16:47:39.87,2025-10-04T12:47:39.8750000-04:00,2025-10-04T16:47:39.8750000Z,,v3,471355,,,"Fixx, Mason",10305580,Right,BAL_UNI,71e0598f-d381-4595-adce-5b844d83e634,53.79534,-116.09238,11.73029,5.40299,2.24965,-13.25396,-1.58032,3.87728,-5.54518,,,,,,,,,,,,,,,,,,,,,,,,,,,,,,,,,,,,,,,,,,,,,,,,,,,High,High,High,,,,,
93,2025-10-04,12:47:58.99,3,2,"Walker, Tyler",1000231387,Right,BAL_UNI,"Breidenbach, Mason",1000074554,Right,MIA_RED,Undefined,3,Bottom,1,0,1,Fastball,Four-Seam,StrikeCalled,Undefined,Undefined,Undefined,0,0,,84.9021,-0.48353,-1.604356,1857.149935,203.508896,12:45,5.56934,0.82815,7.24453,-23.4182,13.62036,5.38276,3.18011,-0.17538,77.13277,-5.006116,-0.613288,0.438025,,,,,,,,,,,,-3.36567,7.85965,-0.73776,50,5.53474,3.27528,-123.46905,-1.56908,-5.14816,26.67364,-20.15183,MIA_RED,BAL_UNI,McKieFieldStad,TeamExclusive,Team,20251004-McKieFieldStad-Private-1,e2d5e460-a141-11f0-9f0b-09fe507a42b3,86.05098,,,7.76932,,,,,,,6a89286b-1dc2-4afe-ba41-38a51ea46870,2025-10-04,16:47:58.99,2025-10-04T12:47:58.9930000-04:00,2025-10-04T16:47:58.9930000Z,,v3,471355,,,"Fixx, Mason",10305580,Right,BAL_UNI,2f052a31-4002-44b9-8b8f-98bc639379fc,53.25072,-124.16933,13.33682,5.56899,-1.04002,-10.07592,-0.82552,3.41043,-2.57408,,,,,,,,,,,,,,,,,,,,,,,,,,,,,,,,,,,,,,,,,,,,,,,,,,,High,High,High,,,,,
94,2025-10-04,12:48:30.89,3,3,"Walker, Tyler",1000231387,Right,BAL_UNI,"Breidenbach, Mason",1000074554,Right,MIA_RED,Undefined,3,Bottom,1,0,2,ChangeUp,Changeup,StrikeCalled,Strikeout,Undefined,Undefined,0,0,,79.97631,0.920588,-1.38315,1490.142208,245.963185,2:15,5.40046,1.50617,6.88074,-36.40935,5.98847,10.20831,3.20551,1.09629,72.63093,-5.976977,0.484173,0.468644,,,,,,,,,,,,-5.80587,3.36366,-1.42142,50,5.4463,2.45902,-116.24252,0.92054,-7.85986,23.94251,-27.62038,MIA_RED,BAL_UNI,McKieFieldStad,TeamExclusive,Team,20251004-McKieFieldStad-Private-1,f5e09e10-a141-11f0-9f0b-09fe507a42b3,80.4287,,,7.34538,,,,,,,6a89286b-1dc2-4afe-ba41-38a51ea46870,2025-10-04,16:48:30.89,2025-10-04T12:48:30.8900000-04:00,2025-10-04T16:48:30.8900000Z,,v3,471355,,,"Fixx, Mason",10305580,Right,BAL_UNI,dca9a47d-605a-47db-adb4-4464bbdbbd82,53.61512,-116.98475,11.97126,5.40449,1.77679,-13.81019,-1.50143,2.70269,-3.92993,,,,,,,,,,,,,,,,,,,,,,,,,,,,,,,,,,,,,,,,,,,,,,,,,,,High,High,High,,,,,
95,2025-10-04,12:48:52.90,4,1,"Walker, Tyler",1000231387,Right,BAL_UNI,"Gonzalez Rivera, Ignacio",10124440,Right,MIA_RED,Undefined,3,Bottom,2,0,0,Cutter,Slider,BallCalled,Undefined,Undefined,Undefined,0,0,,83.20694,0.093484,-3.70359,1842.986963,173.749592,11:45,5.56502,1.08351,6.85745,-32.6188,6.6263,-0.5837,2.93219,-2.34608,75.80072,-6.067666,-3.809918,0.450883,,,,,,,,,,,,-0.80866,3.90524,-0.84719,50,5.55954,7.83662,-120.7501,-0.67946,-1.18436,25.26869,-26.45436,MIA_RED,BAL_UNI,McKieFieldStad,TeamExclusive,Team,20251004-McKieFieldStad-Private-1,02e12b70-a142-11f0-9f0b-09fe507a42b3,83.59692,,,7.40622,,,,,,,6a89286b-1dc2-4afe-ba41-38a51ea46870,2025-10-04,16:48:52.90,2025-10-04T12:48:52.9060000-04:00,2025-10-04T16:48:52.9060000Z,,v3,471355,,,"Fixx, Mason",10305580,Right,BAL_UNI,0d3959d1-8aa2-4593-aa2f-c8f949bfaa1e,53.63855,-121.50913,12.63435,5.56802,0.11519,-13.22718,-1.08313,7.8722,-0.59218,,,,,,,,,,,,,,,,,,,,,,,,,,,,,,,,,,,,,,,,,,,,,,,,,,,High,High,High,,,,,
96,2025-10-04,12:49:09.52,4,2,"Walker, Tyler",1000231387,Right,BAL_UNI,"Gonzalez Rivera, Ignacio",10124440,Right,MIA_RED,Undefined,3,Bottom,2,1,0,Fastball,Changeup,StrikeCalled,Undefined,Undefined,Undefined,0,0,,85.58619,-0.892205,-2.380293,1805.597427,191.738969,12:30,5.68525,0.9113,7.03794,-19.17198,17.8484,3.43327,3.27629,-0.96625,77.21261,-4.63295,-1.751374,0.437917,,,,,,,,,,,,-2.58654,10.19225,-0.76792,50,5.6243,5.04254,-124.27104,-2.3417,-3.98244,28.48738,-16.48129,MIA_RED,BAL_UNI,McKieFieldStad,TeamExclusive,Team,20251004-McKieFieldStad-Private-1,0cc42520-a142-11f0-9f0b-09fe507a42b3,86.0721,,,8.37359,,,,,,,6a89286b-1dc2-4afe-ba41-38a51ea46870,2025-10-04,16:49:09.52,2025-10-04T12:49:09.5260000-04:00,2025-10-04T16:49:09.5260000Z,,v3,471355,,,"Fixx, Mason",10305580,Right,BAL_UNI,570e40e4-374e-4632-9e2a-4914121662b5,53.4559,-125.06075,14.24369,5.68288,-1.88481,-8.24064,-0.90924,5.15294,-1.99122,,,,,,,,,,,,,,,,,,,,,,,,,,,,,80.04035,,0.709222,,-0.91697,3.08298,1.03703,-0.02213,6.01932,2.44974,,,,0.0741,115.78439,-10.17527,6.02309,6.18903,-10.78234,2.42835,-6.98616,1.8762,High,High,High,,,High,Medium,Medium
97,2025-10-04,12:49:36.56,4,3,"Walker, Tyler",1000231387,Right,BAL_UNI,"Gonzalez Rivera, Ignacio",10124440,Right,MIA_RED,Undefined,3,Bottom,2,1,1,ChangeUp,Changeup,InPlay,Undefined,LineDrive,Single,0,0,,79.91963,-1.347123,-2.708592,1614.084909,229.865328,1:45,5.41768,1.23749,6.89816,-32.36907,9.92957,10.1252,1.49157,-0.38784,73.11111,-7.470036,-0.85659,0.468095,77.31659,14.474537,-11.559586,1131.108541,107.91832,15.7169,-21.29705,194.70226,193.06939,-11.236277,2.150144,-6.20595,6.09626,-1.06996,50,5.3213,5.16655,-116.12176,-3.53984,-8.42391,22.93805,-23.89899,MIA_RED,BAL_UNI,McKieFieldStad,TeamExclusive,Team,20251004-McKieFieldStad-Private-1,1d105b10-a142-11f0-9f0b-09fe507a42b3,80.52297,15.80124,,6.80852,,,,1.64904,1.53531,0.40087,6a89286b-1dc2-4afe-ba41-38a51ea46870,2025-10-04,16:49:36.56,2025-10-04T12:49:36.5640000-04:00,2025-10-04T16:49:36.5640000Z,LineDrive,v3,471355,,,"Fixx, Mason",10305580,Right,BAL_UNI,709260ce-e84b-41d2-adcd-bddfb44d17e1,53.59983,-116.83068,11.46903,5.41929,-2.80121,-11.9495,-1.23366,5.4269,-4.21196,179.181998,1.64904,107.57112,-12.64709,2.36877,-0.45649,0.0804,-0.0134,0.00189,-0.00014,1.53531,28.34352,-14.6777,0.6613,-0.08478,0.01485,-0.0006,-1E-05,-1E-05,0.40087,-22.00204,2.51447,-0.35331,0.04823,-0.0046,0.00047,-6E-05,0,,,,,,,,,,,,,,,,,,,,,,,High,High,High,High,High,,,
98,2025-10-04,12:50:13.76,5,1,"Walker, Tyler",1000231387,Right,BAL_UNI,"Harrison, Tommy",811731,Left,MIA_RED,Undefined,3,Bottom,2,0,0,Fastball,Four-Seam,BallCalled,Undefined,Undefined,Undefined,0,0,,85.76927,0.41999,-2.368688,1949.127536,202.563133,12:45,5.65451,1.10701,7.09209,-19.55178,16.94658,6.53863,4.40668,-0.49896,77.82695,-3.383294,-1.169745,0.434819,,,,,,,,,,,,-4.17693,9.29123,-0.96718,50,5.67269,4.92427,-124.64672,0.49515,-6.52274,26.7873,-17.66477,MIA_RED,BAL_UNI,McKieFieldStad,TeamExclusive,Team,20251004-McKieFieldStad-Private-1,3309f750-a142-11f0-9f0b-09fe507a42b3,86.68543,,,7.94232,,,,,,,6a89286b-1dc2-4afe-ba41-38a51ea46870,2025-10-04,16:50:13.76,2025-10-04T12:50:13.7620000-04:00,2025-10-04T16:50:13.7620000Z,,v3,471355,,,"Fixx, Mason",10305580,Right,BAL_UNI,14e23a8e-595b-4f88-9865-75e154237aa0,53.40282,-125.37588,13.39365,5.65267,0.97599,-8.83239,-1.10363,5.10182,-3.26137,,,,,,,,,,,,,,,,,,,,,,,,,,,,,,,,,,,,,,,,,,,,,,,,,,,High,High,High,,,,,
99,2025-10-04,12:50:31.41,5,2,"Walker, Tyler",1000231387,Right,BAL_UNI,"Harrison, Tommy",811731,Left,MIA_RED,Undefined,3,Bottom,2,1,0,ChangeUp,Changeup,StrikeCalled,Undefined,Undefined,Undefined,0,0,,80.43448,-0.692924,-3.556919,1641.219007,248.267196,2:15,5.33066,1.35631,6.88499,-34.25029,7.55741,15.5078,1.84388,-0.59636,73.50037,-7.162031,-0.724125,0.465371,,,,,,,,,,,,-9.26304,4.64906,-1.13577,50,5.27483,6.74345,-116.80745,-2.29738,-12.7312,23.07105,-25.78436,MIA_RED,BAL_UNI,McKieFieldStad,TeamExclusive,Team,20251004-McKieFieldStad-Private-1,3da7b580-a142-11f0-9f0b-09fe507a42b3,80.99432,,,6.93411,,,,,,,6a89286b-1dc2-4afe-ba41-38a51ea46870,2025-10-04,16:50:31.41,2025-10-04T12:50:31.4100000-04:00,2025-10-04T16:50:31.4100000Z,,v3,471355,,,"Fixx, Mason",10305580,Right,BAL_UNI,2b390b9c-a69b-44c8-85da-c5c28b3460f4,53.61292,-117.51888,11.53553,5.33341,-1.50228,-12.89218,-1.34977,7.13604,-6.3656,,,,,,,,,,,,,,,,,,,,,,,,,,,,,,,,,,,,,,,,,,,,,,,,,,,High,High,High,,,,,
100,2025-10-04,12:51:07.28,5,3,"Walker, Tyler",1000231387,Right,BAL_UNI,"Harrison, Tommy",811731,Left,MIA_RED,Undefined,3,Bottom,2,1,1,Fastball,Four-Seam,FoulBallNotFieldable,Undefined,Undefined,Undefined,0,0,,84.75277,0.32172,-1.853115,1961.782777,199.043406,12:45,5.65782,0.99568,7.01861,-22.69194,14.34698,4.57382,4.05936,-0.30786,77.84328,-4.026882,-1.015147,0.438027,64.49595,38.237957,-159.852917,3188.862265,,,,,45.19365,,,-2.94984,7.93119,-0.88416,50,5.66954,3.83914,-123.35529,0.15227,-4.56293,23.64284,-19.9058,MIA_RED,BAL_UNI,McKieFieldStad,TeamExclusive,Team,20251004-McKieFieldStad-Private-1,52f951f0-a142-11f0-9f0b-09fe507a42b3,86.05055,31.49345,,6.90949,,,,1.34076,4.11396,0.3062,6a89286b-1dc2-4afe-ba41-38a51ea46870,2025-10-04,16:51:07.28,2025-10-04T12:51:07.2880000-04:00,2025-10-04T16:51:07.2880000Z,,v3,471355,,,"Fixx, Mason",10305580,Right,BAL_UNI,bcf34d9a-863d-4106-a679-4627cfca0c8f,53.47997,-124.02048,11.82142,5.65737,0.71232,-9.9529,-0.99398,3.96752,-2.28147,15.746545,1.34076,-69.75223,2.83175,0.6421,-0.48764,1.21243,-2.42903,2.593,-1.09339,4.11396,58.54703,-27.00842,3.15907,-1.19317,2.22317,-4.39954,4.64427,-1.93339,0.3062,-25.59076,3.44786,-0.56143,0.24313,-0.54908,1.11507,-1.17699,0.48908,,,,,,,,,,,,,,,,,,,,,,,High,High,High,High,Undefined,,,
101,2025-10-04,12:51:29.92,5,4,"Walker, Tyler",1000231387,Right,BAL_UNI,"Harrison, Tommy",811731,Left,MIA_RED,Undefined,3,Bottom,2,1,2,Curveball,Curveball,InPlay,Undefined,GroundBall,Out,1,0,,71.41658,3.397388,-0.717693,2319.687833,50.092362,7:45,5.73817,0.77308,6.43344,-62.90389,-9.03697,-12.81048,3.62234,-0.95406,65.51654,-8.262994,-3.040303,0.528242,31.6778,-35.800882,8.141721,,,,,6.143,6.03916,15.382793,0.123792,6.49768,-5.2417,-0.71655,50,5.95197,1.70019,-103.74954,4.47787,7.04806,18.13964,-37.85974,MIA_RED,BAL_UNI,McKieFieldStad,TeamExclusive,Team,20251004-McKieFieldStad-Private-1,60804d60-a142-11f0-9f0b-09fe507a42b3,71.35455,3.60077,,5.90005,,,,1.31171,3.60077,0.97403,6a89286b-1dc2-4afe-ba41-38a51ea46870,2025-10-04,16:51:29.92,2025-10-04T12:51:29.9200000-04:00,2025-10-04T16:51:29.9200000Z,GroundBall,v3,471355,,,"Fixx, Mason",10305580,Right,BAL_UNI,32ed76d9-9745-4bca-b121-30018c87c7e1,54.06857,-104.45847,9.06982,5.74805,5.95749,-18.92987,-0.77761,1.42474,3.52403,139.544377,1.31171,37.30229,-0.42565,,,,,,,3.60079,-27.18041,-15.40591,,,,,,,0.97403,5.33721,-0.33885,,,,,,,,,,,,,,,,,,,,,,,,,,,,,High,High,High,High,High,,,
102,2025-10-04,12:54:00.29,1,1,"Sohosky, Zac",1000224033,Left,MIA_RED,"West, Colin",10030647,Right,BAL_UNI,Undefined,4,Top,0,0,0,Fastball,Four-Seam,BallCalled,Undefined,Undefined,Undefined,0,0,,92.47168,-1.397486,-0.007396,1900.629689,134.233305,10:30,5.95019,-0.9046,5.87058,-20.25639,12.18879,-11.54575,2.96387,-1.87362,85.20582,-5.179157,-2.079675,0.409965,,,,,,,,,,,,5.89965,6.89654,0.91185,50,5.82531,0.52218,-134.42484,-3.96085,10.87292,27.17113,-19.46387,MIA_RED,BAL_UNI,McKieFieldStad,TeamExclusive,Team,20251004-McKieFieldStad-Private-1,ba0ec910-a142-11f0-9f0b-09fe507a42b3,91.94068,,,7.26587,,,,,,,6a89286b-1dc2-4afe-ba41-38a51ea46870,2025-10-04,16:54:00.29,2025-10-04T12:54:00.2960000-04:00,2025-10-04T16:54:00.2960000Z,,v3,471355,,,"Raether, Carson",1000338521,Right,MIA_RED,6b2c65c7-3441-4d94-abc4-13a3898f1ced,54.62768,-135.357,13.58556,5.94974,-3.29311,-9.73194,0.90033,0.14916,5.43646,,,,,,,,,,,,,,,,,,,,,,,,,,,,,,,,,,,,,,,,,,,,,,,,,,,High,High,High,,,,,
103,2025-10-04,12:54:12.49,1,2,"Sohosky, Zac",1000224033,Left,MIA_RED,"West, Colin",10030647,Right,BAL_UNI,Undefined,4,Top,0,1,0,Fastball,Four-Seam,BallCalled,Undefined,Undefined,Undefined,0,0,,92.29121,-0.167671,-0.463872,1974.492324,148.329786,11:00,5.853,-1.04047,5.94436,-17.24591,15.26666,-8.82741,4.26031,-2.20636,84.75542,-3.428698,-2.049448,0.41039,,,,,,,,,,,,4.3876,8.16626,1.08221,50,5.82983,1.47241,-134.17225,-0.92844,8.04549,27.42369,-17.19971,MIA_RED,BAL_UNI,McKieFieldStad,TeamExclusive,Team,20251004-McKieFieldStad-Private-1,c14edd50-a142-11f0-9f0b-09fe507a42b3,91.84531,,,7.53579,,,,,,,6a89286b-1dc2-4afe-ba41-38a51ea46870,2025-10-04,16:54:12.49,2025-10-04T12:54:12.4950000-04:00,2025-10-04T16:54:12.4950000Z,,v3,471355,,,"Raether, Carson",1000338521,Right,MIA_RED,9fc2d325-3dca-49e2-9cf7-9c991810a7f8,54.55284,-135.09961,13.71184,5.85139,-0.34681,-8.59985,1.03702,1.20034,4.02275,,,,,,,,,,,,,,,,,,,,,,,,,,,,,,,,,,,,,,,,,,,,,,,,,,,High,High,High,,,,,
104,2025-10-04,12:54:28.52,1,3,"Sohosky, Zac",1000224033,Left,MIA_RED,"West, Colin",10030647,Right,BAL_UNI,Undefined,4,Top,0,2,0,Fastball,Four-Seam,StrikeCalled,Undefined,Undefined,Undefined,0,0,,91.37584,-1.555689,1.572001,1909.44959,150.483739,11:00,5.81971,-1.02337,5.89093,-19.60048,13.66127,-7.17221,2.74101,-0.16111,84.0529,-5.229504,0.28474,0.415092,,,,,,,,,,,,4.0865,7.71245,0.90088,50,5.68302,-3.33614,-132.75875,-4.24437,7.33883,26.75603,-18.32348,MIA_RED,BAL_UNI,McKieFieldStad,TeamExclusive,Team,20251004-McKieFieldStad-Private-1,cb03e930-a142-11f0-9f0b-09fe507a42b3,90.80512,,,7.32293,,,,,,,6a89286b-1dc2-4afe-ba41-38a51ea46870,2025-10-04,16:54:28.52,2025-10-04T12:54:28.5280000-04:00,2025-10-04T16:54:28.5280000Z,,v3,471355,,,"Raether, Carson",1000338521,Right,MIA_RED,1ecf9526-5c4c-47b0-bfa1-1be7837f92e1,54.60722,-133.68406,13.37802,5.81884,-3.61069,-9.16174,1.02064,-3.58994,3.66941,,,,,,,,,,,,,,,,,,,,,,,,,,,,,,,,,,,,,,,,,,,,,,,,,,,High,High,High,,,,,
105,2025-10-04,12:54:40.42,1,4,"Sohosky, Zac",1000224033,Left,MIA_RED,"West, Colin",10030647,Right,BAL_UNI,Undefined,4,Top,0,2,1,ChangeUp,Changeup,InPlay,Undefined,GroundBall,Out,1,0,,86.25077,-2.079362,2.445094,1731.074301,130.421008,10:15,5.7267,-1.0049,6.36412,-25.88612,10.87733,-11.46012,1.65346,0.29148,79.44358,-6.926375,0.369772,0.436395,93.27545,7.800481,13.48123,2664.527132,105.13438,6.63202,32.35369,160.51888,155.4517,19.043759,1.396669,6.67233,6.56937,0.83335,50,5.56398,-4.92523,-125.30692,-5.3176,10.65051,24.38818,-21.68784,MIA_RED,BAL_UNI,McKieFieldStad,TeamExclusive,Team,20251004-McKieFieldStad-Private-1,d1f95fe0-a142-11f0-9f0b-09fe507a42b3,86.37235,7.52898,,6.80719,,,,1.30114,1.62722,-0.30611,6a89286b-1dc2-4afe-ba41-38a51ea46870,2025-10-04,16:54:40.42,2025-10-04T12:54:40.4280000-04:00,2025-10-04T16:54:40.4280000Z,GroundBall,v3,471355,,,"Raether, Carson",1000338521,Right,MIA_RED,c1217958-4040-4664-a0f9-fdb48d03fdd2,54.13533,-126.1092,12.19409,5.72717,-4.60415,-10.84392,1.00114,-5.27559,5.32525,251.148336,1.30114,131.80283,-21.74802,4.02492,-0.54949,-0.16602,0.18522,-0.0739,0.01173,1.62722,18.56808,-15.0499,0.85418,-0.39062,0.41099,-0.27969,0.10467,-0.01638,-0.30611,31.59867,6.81495,-2.20997,0.0048,0.68569,-0.55492,0.21445,-0.03387,,,,,,,,,,,,,,,,,,,,,,,High,High,High,High,High,,,
106,2025-10-04,12:55:11.11,2,1,"Sohosky, Zac",1000224033,Left,MIA_RED,"Gordon, Ryan",1000401460,Right,BAL_UNI,Undefined,4,Top,1,0,0,Slider,Curveball,BallCalled,Undefined,Undefined,Undefined,0,0,,81.47271,2.304953,-0.287235,1870.750866,336.357072,5:15,5.57851,-1.54389,5.54807,-44.31014,-1.94528,1.38866,4.04109,-1.69659,75.00312,-5.79721,-0.039572,0.468462,,,,,,,,,,,,-0.77453,-1.18327,1.56781,50,5.74863,0.53725,-118.34019,3.21951,-1.10594,21.12792,-33.8636,MIA_RED,BAL_UNI,McKieFieldStad,TeamExclusive,Team,20251004-McKieFieldStad-Private-1,e4318750-a142-11f0-9f0b-09fe507a42b3,80.45997,,,6.46959,,,,,,,6a89286b-1dc2-4afe-ba41-38a51ea46870,2025-10-04,16:55:11.11,2025-10-04T12:55:11.1140000-04:00,2025-10-04T16:55:11.1140000Z,,v3,471355,,,"Raether, Carson",1000338521,Right,MIA_RED,4abc8fd6-f2a7-480c-a122-11cd60bc7249,54.95115,-119.22087,10.56396,5.58501,4.63105,-16.9318,1.54446,0.58335,-0.55297,,,,,,,,,,,,,,,,,,,,,,,,,,,,,,,,,,,,,,,,,,,,,,,,,,,High,High,High,,,,,
107,2025-10-04,12:55:29.37,2,2,"Sohosky, Zac",1000224033,Left,MIA_RED,"Gordon, Ryan",1000401460,Right,BAL_UNI,Undefined,4,Top,1,1,0,Fastball,Four-Seam,StrikeSwinging,Undefined,Undefined,Undefined,0,0,,91.97281,-1.274346,1.245865,1829.611179,142.367349,10:45,5.91095,-0.88854,6.09168,-17.08918,15.57895,-11.23623,3.30763,-0.67231,84.27458,-4.518053,-0.778524,0.411371,,,,,,,,,,,,6.10662,8.68107,0.7982,50,5.80356,-2.42525,-133.65055,-3.48337,11.07672,28.03967,-16.42757,MIA_RED,BAL_UNI,McKieFieldStad,TeamExclusive,Team,20251004-McKieFieldStad-Private-1,ef44c3a0-a142-11f0-9f0b-09fe507a42b3,91.62643,,,7.69823,,,,,,,6a89286b-1dc2-4afe-ba41-38a51ea46870,2025-10-04,16:55:29.37,2025-10-04T12:55:29.3770000-04:00,2025-10-04T16:55:29.3770000Z,,v3,471355,,,"Raether, Carson",1000338521,Right,MIA_RED,b09fa530-4666-4647-ba5c-6b13a1789f0a,54.40555,-134.57165,14.01983,5.90912,-2.94373,-8.21378,0.88385,-2.78912,5.53836,,,,,,,,,,,,,,,,,,,,,,,,,,,,,,,,,,,,,,,,,,,,,,,,,,,High,High,High,,,,,
108,2025-10-04,12:55:40.45,2,3,"Sohosky, Zac",1000224033,Left,MIA_RED,"Gordon, Ryan",1000401460,Right,BAL_UNI,Undefined,4,Top,1,1,1,ChangeUp,Changeup,BallCalled,Undefined,Undefined,Undefined,0,0,,83.90143,-2.194855,1.455424,1696.899095,136.505744,10:30,5.68108,-0.98919,6.31767,-25.44277,13.53245,-11.6882,1.53768,-0.62242,77.15005,-6.971255,-0.660871,0.44933,,,,,,,,,,,,6.48607,8.01981,0.88811,50,5.50829,-2.66283,-121.89907,-5.3953,9.77794,23.53424,-20.08394,MIA_RED,BAL_UNI,McKieFieldStad,TeamExclusive,Team,20251004-McKieFieldStad-Private-1,f5dbc6a0-a142-11f0-9f0b-09fe507a42b3,83.88584,,,6.75138,,,,,,,6a89286b-1dc2-4afe-ba41-38a51ea46870,2025-10-04,16:55:40.45,2025-10-04T12:55:40.4530000-04:00,2025-10-04T16:55:40.4530000Z,,v3,471355,,,"Raether, Carson",1000338521,Right,MIA_RED,36687a82-aa0d-4e47-a692-1ecbf40643bf,54.18032,-122.70348,11.76712,5.68097,-4.70882,-10.04197,0.98484,-2.99704,4.88897,,,,,,,,,,,,,,,,,,,,,,,,,,,,,,,,,,,,,,,,,,,,,,,,,,,High,High,High,,,,,
109,2025-10-04,12:55:55.57,2,4,"Sohosky, Zac",1000224033,Left,MIA_RED,"Gordon, Ryan",1000401460,Right,BAL_UNI,Undefined,4,Top,1,2,1,ChangeUp,Changeup,BallCalled,Undefined,Undefined,Undefined,0,0,,84.91309,-3.397513,3.456618,1745.30925,138.790594,10:45,5.66636,-0.85073,6.53054,-23.79883,14.30646,-11.42032,0.55718,1.37224,77.72424,-7.889257,1.384806,0.444288,,,,,,,,,,,,7.03776,8.87796,0.6154,50,5.41957,-7.02444,-123.06346,-7.9608,10.75208,25.28185,-18.61061,MIA_RED,BAL_UNI,McKieFieldStad,TeamExclusive,Team,20251004-McKieFieldStad-Private-1,fed4d580-a142-11f0-9f0b-09fe507a42b3,84.83793,,,7.18885,,,,,,,6a89286b-1dc2-4afe-ba41-38a51ea46870,2025-10-04,16:55:55.57,2025-10-04T12:55:55.5780000-04:00,2025-10-04T16:55:55.5780000Z,,v3,471355,,,"Raether, Carson",1000338521,Right,MIA_RED,6b23515f-70a5-47dc-938e-0af19434cb04,53.96811,-123.87598,12.64093,5.6658,-7.36268,-9.30531,0.8467,-7.36999,5.37604,,,,,,,,,,,,,,,,,,,,,,,,,,,,,,,,,,,,,,,,,,,,,,,,,,,High,High,High,,,,,
110,2025-10-04,12:56:13.37,2,5,"Sohosky, Zac",1000224033,Left,MIA_RED,"Gordon, Ryan",1000401460,Right,BAL_UNI,Undefined,4,Top,1,3,1,Fastball,Sinker,BallCalled,Walk,Undefined,Undefined,0,0,,91.64527,-0.181575,2.594415,1888.546517,128.368808,10:15,5.84493,-1.04321,6.21441,-20.36714,12.26241,-14.28107,3.97993,0.16256,84.2499,-4.020164,0.018226,0.411128,,,,,,,,,,,,8.03087,6.69776,0.85544,50,5.82098,-5.43713,-133.19921,-1.05633,14.53704,26.58591,-20.05015,MIA_RED,BAL_UNI,McKieFieldStad,TeamExclusive,Team,20251004-McKieFieldStad-Private-1,095065b0-a143-11f0-9f0b-09fe507a42b3,91.68056,,,7.39538,,,,,,,6a89286b-1dc2-4afe-ba41-38a51ea46870,2025-10-04,16:56:13.37,2025-10-04T12:56:13.3770000-04:00,2025-10-04T16:56:13.3770000Z,,v3,471355,,,"Raether, Carson",1000338521,Right,MIA_RED,737201d5-24cb-4707-b948-df3f57fc5e2d,54.28386,-134.05152,13.29295,5.84454,-0.41355,-10.02508,1.03722,-5.90317,7.26852,,,,,,,,,,,,,,,,,,,,,,,,,,,,,,,,,,,,,,,,,,,,,,,,,,,High,High,High,,,,,
111,2025-10-04,12:56:38.10,3,1,"Sohosky, Zac",1000224033,Left,MIA_RED,"Kellicker, Nolan",1000224606,Left,BAL_UNI,Undefined,4,Top,1,0,0,Slider,Slider,StrikeCalled,Undefined,Undefined,Undefined,0,0,,80.29299,-0.055439,2.5995,2125.899298,270.175403,3:00,5.55524,-1.5892,5.68449,-42.41266,1.36177,3.92252,1.96912,1.16229,73.7453,-7.82609,3.300396,0.476192,,,,,,,,,,,,-1.2552,1.13232,1.36783,50,5.52405,-5.44261,-116.51457,-1.51751,-1.7221,22.29211,-30.62054,MIA_RED,BAL_UNI,McKieFieldStad,TeamExclusive,Team,20251004-McKieFieldStad-Private-1,18491990-a143-11f0-9f0b-09fe507a42b3,79.15395,,,6.54769,,,,,,,6a89286b-1dc2-4afe-ba41-38a51ea46870,2025-10-04,16:56:38.10,2025-10-04T12:56:38.1070000-04:00,2025-10-04T16:56:38.1070000Z,,v3,471355,,,"Raether, Carson",1000338521,Right,MIA_RED,98107310-4c11-48e2-953e-7ad30a628845,54.81342,-117.43189,11.14606,5.56057,-0.25748,-15.31027,1.59033,-5.37175,-0.86105,,,,,,,,,,,,,,,,,,,,,,,,,,,,,,,,,,,,,,,,,,,,,,,,,,,High,High,High,,,,,
112,2025-10-04,12:56:55.56,3,2,"Sohosky, Zac",1000224033,Left,MIA_RED,"Kellicker, Nolan",1000224606,Left,BAL_UNI,Undefined,4,Top,1,0,1,Fastball,Four-Seam,StrikeCalled,Undefined,Undefined,Undefined,0,0,,91.6341,-0.965904,2.71428,1962.338066,142.18098,10:45,5.8615,-1.11093,5.9687,-17.79481,15.23643,-11.05296,3.48199,0.48635,84.08736,-4.328269,0.730161,0.413651,,,,,,,,,,,,6.38044,8.38276,0.90192,50,5.77493,-5.83466,-133.07229,-2.79753,11.50442,27.07457,-17.05929,MIA_RED,BAL_UNI,McKieFieldStad,TeamExclusive,Team,20251004-McKieFieldStad-Private-1,22894e70-a143-11f0-9f0b-09fe507a42b3,91.12142,,,7.54674,,,,,,,6a89286b-1dc2-4afe-ba41-38a51ea46870,2025-10-04,16:56:55.56,2025-10-04T12:56:55.5630000-04:00,2025-10-04T16:56:55.5630000Z,,v3,471355,,,"Raether, Carson",1000338521,Right,MIA_RED,560e2ba1-cdea-4c7f-afec-61427a6d60de,54.5293,-133.99064,13.53728,5.86001,-2.21889,-8.52965,1.10644,-6.22488,5.75221,,,,,,,,,,,,,,,,,,,,,,,,,,,,,,,,,,,,,,,,,,,,,,,,,,,High,High,High,,,,,
113,2025-10-04,12:57:13.22,3,3,"Sohosky, Zac",1000224033,Left,MIA_RED,"Kellicker, Nolan",1000224606,Left,BAL_UNI,Undefined,4,Top,1,0,2,Fastball,Sinker,StrikeSwinging,Strikeout,Undefined,Undefined,0,0,,92.67856,-1.805293,1.026052,1722.283636,120.291063,10:00,5.86121,-1.01132,5.86644,-23.50297,8.83563,-13.49552,2.22485,-1.18274,85.43999,-6.16234,-1.397259,0.409291,,,,,,,,,,,,7.20681,5.2852,0.93625,50,5.70122,-1.83104,-134.69809,-5.07089,13.32423,27.5294,-22.40253,MIA_RED,BAL_UNI,McKieFieldStad,TeamExclusive,Team,20251004-McKieFieldStad-Private-1,2d27f700-a143-11f0-9f0b-09fe507a42b3,92.09209,,,7.23857,,,,,,,6a89286b-1dc2-4afe-ba41-38a51ea46870,2025-10-04,16:57:13.22,2025-10-04T12:57:13.2220000-04:00,2025-10-04T16:57:13.2220000Z,,v3,471355,,,"Raether, Carson",1000338521,Right,MIA_RED,c5133f75-a336-4e00-9b19-a0e153b68eaa,54.63311,-135.6417,13.7647,5.86187,-4.30302,-11.20126,1.00683,-2.28774,6.66211,,,,,,,,,,,,,,,,,,,,,,,,,,,,,,,,,,,,,,,,,,,,,,,,,,,High,High,High,,,,,
114,2025-10-04,12:57:34.79,4,1,"Sohosky, Zac",1000224033,Left,MIA_RED,"Druschel, Jace",1000401455,Right,BAL_UNI,Undefined,4,Top,2,0,0,Sinker,Sinker,BallCalled,Undefined,Undefined,Undefined,0,0,,91.51177,-3.287891,3.538041,1727.035988,124.936983,10:15,5.81664,-1.01801,5.92064,-22.71328,10.53308,-13.65414,0.86365,1.1315,84.46796,-7.497226,1.089114,0.414995,,,,,,,,,,,,7.95193,6.55406,0.74247,50,5.53973,-7.6287,-132.64739,-8.40351,14.27705,26.32983,-20.40678,MIA_RED,BAL_UNI,McKieFieldStad,TeamExclusive,Team,20251004-McKieFieldStad-Private-1,39f9d340-a143-11f0-9f0b-09fe507a42b3,90.82615,,,7.04382,,,,,,,6a89286b-1dc2-4afe-ba41-38a51ea46870,2025-10-04,16:57:34.79,2025-10-04T12:57:34.7980000-04:00,2025-10-04T16:57:34.7980000Z,,v3,471355,,,"Raether, Carson",1000338521,Right,MIA_RED,c5be616c-d61d-432b-ae28-27547d32cb78,54.57919,-133.55324,13.16492,5.81677,-7.70143,-10.20339,1.01338,-8.1199,7.13853,,,,,,,,,,,,,,,,,,,,,,,,,,,,,,,,,,,,,,,,,,,,,,,,,,,High,High,High,,,,,
115,2025-10-04,12:57:53.03,4,2,"Sohosky, Zac",1000224033,Left,MIA_RED,"Druschel, Jace",1000401455,Right,BAL_UNI,Undefined,4,Top,2,1,0,Slider,Slider,BallCalled,Undefined,Undefined,Undefined,0,0,,80.77551,2.37317,1.09693,1926.004649,269.685175,3:00,5.66,-1.4427,5.62148,-41.80766,1.31748,6.67111,4.39231,0.13699,74.14199,-5.303826,2.287286,0.472647,,,,,,,,,,,,-3.07725,0.44752,1.34485,50,5.83561,-2.51095,-117.26418,3.4505,-4.30174,21.3539,-31.54844,MIA_RED,BAL_UNI,McKieFieldStad,TeamExclusive,Team,20251004-McKieFieldStad-Private-1,44c75400-a143-11f0-9f0b-09fe507a42b3,79.74761,,,6.63351,,,,,,,6a89286b-1dc2-4afe-ba41-38a51ea46870,2025-10-04,16:57:53.03,2025-10-04T12:57:53.0300000-04:00,2025-10-04T16:57:53.0300000Z,,v3,471355,,,"Raether, Carson",1000338521,Right,MIA_RED,bfe24e18-98a1-4636-a3ce-fe3cad3b4be8,54.87676,-118.1489,10.67695,5.66557,4.7576,-15.77422,1.44519,-2.33272,-2.15087,,,,,,,,,,,,,,,,,,,,,,,,,,,,,,,,,,,,,,,,,,,,,,,,,,,High,High,High,,,,,
116,2025-10-04,12:58:10.41,4,3,"Sohosky, Zac",1000224033,Left,MIA_RED,"Druschel, Jace",1000401455,Right,BAL_UNI,Undefined,4,Top,2,2,0,Slider,Curveball,BallCalled,Undefined,Undefined,Undefined,0,0,,80.58889,2.838655,0.797109,1845.559556,333.395645,5:00,5.64954,-1.42029,5.70636,-45.894,-3.03268,2.10469,4.47224,-0.50219,74.51616,-5.560611,1.173347,0.471199,,,,,,,,,,,,-0.87382,-1.84791,1.3522,50,5.85887,-1.7112,-117.09433,4.25613,-1.22792,19.60175,-34.77073,MIA_RED,BAL_UNI,McKieFieldStad,TeamExclusive,Team,20251004-McKieFieldStad-Private-1,4f372460-a143-11f0-9f0b-09fe507a42b3,79.99264,,,6.07272,,,,,,,6a89286b-1dc2-4afe-ba41-38a51ea46870,2025-10-04,16:58:10.41,2025-10-04T12:58:10.4130000-04:00,2025-10-04T16:58:10.4130000Z,,v3,471355,,,"Raether, Carson",1000338521,Right,MIA_RED,2f1efe5d-04dd-4f23-9254-ee342cbdcda0,54.79382,-117.89409,9.80088,5.65628,5.67479,-17.38536,1.421,-1.6611,-0.61396,,,,,,,,,,,,,,,,,,,,,,,,,,,,,,,,,,,,,,,,,,,,,,,,,,,High,High,High,,,,,
117,2025-10-04,12:58:27.09,4,4,"Sohosky, Zac",1000224033,Left,MIA_RED,"Druschel, Jace",1000401455,Right,BAL_UNI,Undefined,4,Top,2,3,0,Fastball,Four-Seam,BallCalled,Walk,Undefined,Undefined,0,0,,92.30715,-3.42613,2.507288,2053.35568,143.721883,10:45,5.83977,-1.03106,6.02534,-17.4632,15.00583,-10.30682,1.20462,0.43362,85.19727,-6.703596,0.653813,0.410116,,,,,,,,,,,,5.95874,8.9041,0.8405,50,5.5617,-5.43077,-133.91933,-8.57143,10.91611,26.54887,-15.86223,MIA_RED,BAL_UNI,McKieFieldStad,TeamExclusive,Team,20251004-McKieFieldStad-Private-1,591ae160-a143-11f0-9f0b-09fe507a42b3,91.90688,,,7.10987,,,,,,,6a89286b-1dc2-4afe-ba41-38a51ea46870,2025-10-04,16:58:27.09,2025-10-04T12:58:27.0990000-04:00,2025-10-04T16:58:27.0990000Z,,v3,471355,,,"Raether, Carson",1000338521,Right,MIA_RED,449aaf28-7c5a-4ce4-a292-5971444cc601,54.47376,-134.80331,13.27443,5.8383,-8.04327,-7.93112,1.02737,-5.79424,5.45805,,,,,,,,,,,,,,,,,,,,,,,,,,,,,,,,,,,,,,,,,,,,,,,,,,,High,High,High,,,,,
118,2025-10-04,12:59:31.15,5,1,"Sohosky, Zac",1000224033,Left,MIA_RED,"Bellina (Mendek), Yuri",10129893,Right,BAL_UNI,Undefined,4,Top,2,0,0,Sinker,Sinker,InPlay,Undefined,LineDrive,Out,1,0,,91.12912,-2.17259,2.462887,1678.131536,117.379663,10:00,5.82426,-1.22566,5.95533,-24.49643,8.9417,-15.31473,1.76529,-0.2165,83.90203,-6.719619,-0.289708,0.416191,97.15118,14.106515,1.519397,2206.854766,109.77493,23.2299,7.02708,304.6256,290.91805,8.362808,3.083593,8.56308,5.47166,1.03871,50,5.63766,-5.05241,-132.32584,-5.85713,15.25621,26.96197,-22.4256,MIA_RED,BAL_UNI,McKieFieldStad,TeamExclusive,Team,20251004-McKieFieldStad-Private-1,7f5f5400-a143-11f0-9f0b-09fe507a42b3,90.56529,27.28457,,7.22709,,,,1.37197,1.75474,0.21294,6a89286b-1dc2-4afe-ba41-38a51ea46870,2025-10-04,16:59:31.15,2025-10-04T12:59:31.1520000-04:00,2025-10-04T16:59:31.1520000Z,LineDrive,v3,471355,,,"Raether, Carson",1000338521,Right,MIA_RED,b14b0cf1-4b7a-4454-9760-776ed43586d1,54.5445,-133.24859,13.48098,5.82498,-5.08964,-11.2128,1.22055,-5.57453,7.6281,210.704335,1.37198,138.1422,-21.93485,4.6892,-0.99241,0.19627,-0.03297,0.00387,-0.00022,1.75474,34.72806,-12.0439,0.10102,0.06217,-0.02192,0.00556,-0.00071,4E-05,0.21294,3.66421,5.09596,-0.78375,0.11287,-0.01455,0.00184,-0.00018,1E-05,,,,,,,,,,,,,,,,,,,,,,,High,High,High,High,High,,,
119,2025-10-04,13:01:51.92,1,1,"Walker, Tyler",1000231387,Right,BAL_UNI,"Raether, Carson",1000338521,Left,MIA_RED,Undefined,4,Bottom,0,0,0,Fastball,Sinker,BallCalled,Undefined,Undefined,Undefined,0,0,,86.71517,-0.042214,4.21239,2154.142777,124.445169,10:15,4.70189,-1.13974,5.64811,-25.55931,11.85288,-15.63206,2.53247,1.49366,79.57216,-4.788411,1.429295,0.440228,,,,,,,,,,,,9.00709,6.36918,0.79207,50,4.68207,-8.5967,-125.71082,-0.9483,14.50949,23.89445,-21.91397,MIA_RED,BAL_UNI,McKieFieldStad,TeamExclusive,Team,20251004-McKieFieldStad-Private-1,d33c23a0-a143-11f0-9f0b-09fe507a42b3,85.62023,,,7.14301,,,,,,,6a89286b-1dc2-4afe-ba41-38a51ea46870,2025-10-04,17:01:51.92,2025-10-04T13:01:51.9270000-04:00,2025-10-04T17:01:51.9270000Z,,v3,471355,,,"Fixx, Mason",10305580,Right,BAL_UNI,9fb74770-6eb8-4689-ae21-90070f38d5b9,54.85031,-126.62939,11.94722,4.70234,-0.10587,-10.95699,1.13327,-9.15449,7.25475,,,,,,,,,,,,,,,,,,,,,,,,,,,,,,,,,,,,,,,,,,,,,,,,,,,High,High,High,,,,,
120,2025-10-04,13:02:02.08,1,2,"Walker, Tyler",1000231387,Right,BAL_UNI,"Raether, Carson",1000338521,Left,MIA_RED,Undefined,4,Bottom,0,1,0,Fastball,Changeup,StrikeCalled,Undefined,Undefined,Undefined,0,0,,87.11337,1.174688,4.175893,2077.575986,110.377044,9:45,4.62149,-1.30873,5.63727,-29.38836,7.7217,-17.77237,3.27141,1.11288,79.80944,-4.256325,1.012525,0.438447,,,,,,,,,,,,10.08339,3.95024,0.96484,50,4.7028,-8.46119,-126.27751,1.57239,16.37978,24.26302,-25.75715,MIA_RED,BAL_UNI,McKieFieldStad,TeamExclusive,Team,20251004-McKieFieldStad-Private-1,d9478870-a143-11f0-9f0b-09fe507a42b3,85.96805,,,7.30393,,,,,,,6a89286b-1dc2-4afe-ba41-38a51ea46870,2025-10-04,17:02:02.08,2025-10-04T13:02:02.0800000-04:00,2025-10-04T17:02:02.0800000Z,,v3,471355,,,"Fixx, Mason",10305580,Right,BAL_UNI,d79f22b8-8a73-4f42-912c-70d3aef0a7d1,54.8618,-127.20823,12.13151,4.62353,2.56042,-12.87857,1.30146,-9.08951,8.18989,,,,,,,,,,,,,,,,,,,,,,,,,,,,,,,,,,,,,,,,,,,,,,,,,,,High,High,High,,,,,
121,2025-10-04,13:02:11.29,1,3,"Walker, Tyler",1000231387,Right,BAL_UNI,"Raether, Carson",1000338521,Left,MIA_RED,Undefined,4,Bottom,0,1,1,Fastball,Changeup,InPlay,Undefined,GroundBall,Single,0,0,,86.17165,0.250287,3.125112,2133.25654,111.280087,9:45,4.54735,-1.07429,5.89371,-29.34238,8.1439,-18.00029,2.33488,0.33003,79.09251,-5.198974,-0.101677,0.440664,94.30459,-9.944542,-21.34196,,,,,13.82101,13.13949,-19.791775,0.089649,10.11615,4.43197,0.83321,50,4.55052,-6.11538,-125.13856,-0.41617,16.11042,24.23191,-25.11593,MIA_RED,BAL_UNI,McKieFieldStad,TeamExclusive,Team,20251004-McKieFieldStad-Private-1,dec55340-a143-11f0-9f0b-09fe507a42b3,85.53557,2.36384,,7.07914,,,,1.81808,2.36384,-0.30105,6a89286b-1dc2-4afe-ba41-38a51ea46870,2025-10-04,17:02:11.29,2025-10-04T13:02:11.2910000-04:00,2025-10-04T17:02:11.2910000Z,GroundBall,v3,471355,,,"Fixx, Mason",10305580,Right,BAL_UNI,d2e89329-50b7-4c0e-91b8-3ef911cffb63,54.60651,-126.02741,12.11596,4.54889,0.50511,-12.55797,1.06836,-6.70633,8.05521,3.473121,1.81817,126.87957,-23.42851,,,,,,,2.36403,-23.91447,-27.41215,,,,,,,-0.30108,-49.57674,8.18435,,,,,,,,,,,,,,,,,,,,,,,,,,,,,High,High,High,High,High,,,
122,2025-10-04,13:03:09.68,2,1,"Walker, Tyler",1000231387,Right,BAL_UNI,"Dierks, Marcus",10322729,Left,MIA_RED,Undefined,4,Bottom,0,0,0,Fastball,Changeup,InPlay,Undefined,Bunt,Sacrifice,1,0,,84.86093,1.008141,3.540281,2105.095196,117.104473,10:00,4.50617,-1.42695,5.93491,-28.29309,10.35158,-17.93509,3.08556,0.36701,77.73647,-4.268422,0.326286,0.447421,25.37544,-66.658533,-3.226513,,,,,5.03602,5.03596,-4.906525,0.091671,10.23504,5.37922,1.15477,50,4.57064,-6.92501,-123.16904,1.27895,15.78532,23.55439,-23.87777,MIA_RED,BAL_UNI,McKieFieldStad,TeamExclusive,Team,20251004-McKieFieldStad-Private-1,018f9340-a144-11f0-9f0b-09fe507a42b3,84.24382,3.24527,,7.12446,,,,3.61931,3.24527,-0.35191,6a89286b-1dc2-4afe-ba41-38a51ea46870,2025-10-04,17:03:09.68,2025-10-04T13:03:09.6840000-04:00,2025-10-04T17:03:09.6840000Z,GroundBall,v3,471355,,,"Fixx, Mason",10305580,Right,BAL_UNI,7677d077-4dec-4b5b-86a4-388e39941fd6,54.5654,-124.03903,11.7772,4.50711,2.1609,-11.93888,1.42132,-7.50805,7.89266,,3.61148,15.25307,,,,,,,,3.26343,-35.40291,,,,,,,,-0.35147,-0.85986,,,,,,,,,,,,,,,,,,,,,,,,,,,,,,High,High,High,Estimated,Estimated,,,
123,2025-10-04,13:03:39.25,3,1,"Walker, Tyler",1000231387,Right,BAL_UNI,"Cruz, Diego",1000178634,Left,MIA_RED,Undefined,4,Bottom,1,0,0,Fastball,Changeup,BallCalled,Undefined,Undefined,Undefined,0,0,,86.41465,1.430972,2.286094,1914.052997,110.587708,9:45,4.69529,-1.34134,5.49679,-30.45198,7.45091,-16.74619,3.49744,-0.5974,79.03998,-4.190172,-0.694748,0.443106,,,,,,,,,,,,9.05193,3.72414,1.153,50,4.80001,-4.28466,-125.4129,2.05743,14.45709,24.69773,-26.22615,MIA_RED,BAL_UNI,McKieFieldStad,TeamExclusive,Team,20251004-McKieFieldStad-Private-1,13244ec0-a144-11f0-9f0b-09fe507a42b3,85.06417,,,7.37466,,,,,,,6a89286b-1dc2-4afe-ba41-38a51ea46870,2025-10-04,17:03:39.25,2025-10-04T13:03:39.2590000-04:00,2025-10-04T17:03:39.2590000Z,,v3,471355,,,"Fixx, Mason",10305580,Right,BAL_UNI,6a216aed-c63b-456c-bbe9-b219b8abf4c6,55.00172,-126.39406,12.34887,4.69758,3.0993,-13.11308,1.33462,-4.85899,7.22855,,,,,,,,,,,,,,,,,,,,,,,,,,,,,,,,,,,,,,,,,,,,,,,,,,,High,High,High,,,,,
124,2025-10-04,13:03:57.68,3,2,"Walker, Tyler",1000231387,Right,BAL_UNI,"Cruz, Diego",1000178634,Left,MIA_RED,Undefined,4,Bottom,1,1,0,ChangeUp,Slider,BallCalled,Undefined,Undefined,Undefined,0,0,,73.47127,3.234357,0.08069,1957.671939,216.411,1:15,4.30156,-1.65158,5.17793,-42.47679,10.34693,6.52819,3.80835,-1.03164,67.61676,-4.539432,1.235385,0.523101,,,,,,,,,,,,-3.22169,4.8202,1.63893,50,4.57045,-0.39883,-106.55041,4.6786,-3.74109,16.5763,-26.57676,MIA_RED,BAL_UNI,McKieFieldStad,TeamExclusive,Team,20251004-McKieFieldStad-Private-1,1e1fe460-a144-11f0-9f0b-09fe507a42b3,72.05569,,,5.85451,,,,,,,6a89286b-1dc2-4afe-ba41-38a51ea46870,2025-10-04,17:03:57.68,2025-10-04T13:03:57.6850000-04:00,2025-10-04T17:03:57.6850000Z,,v3,471355,,,"Fixx, Mason",10305580,Right,BAL_UNI,dcfa5627-a387-48b9-beb6-4c06efaf9acb,55.31889,-107.37469,8.28815,4.30493,6.00017,-13.28838,1.65414,-0.2128,-1.87054,,,,,,,,,,,,,,,,,,,,,,,,,,,,,,,,,,,,,,,,,,,,,,,,,,,High,High,High,,,,,
125,2025-10-04,13:04:15.94,3,3,"Walker, Tyler",1000231387,Right,BAL_UNI,"Cruz, Diego",1000178634,Left,MIA_RED,Undefined,4,Bottom,1,2,0,Fastball,Sinker,BallCalled,Undefined,Undefined,Undefined,0,0,,86.77676,-1.400147,5.459667,2067.920969,128.556435,10:15,4.56731,-1.11518,5.75246,-24.06293,13.22493,-15.18253,1.25248,2.71744,79.84912,-5.871965,2.759062,0.439496,,,,,,,,,,,,9.08264,7.43516,0.67012,50,4.43591,-11.36573,-125.57258,-3.86479,14.63433,23.26292,-20.19422,MIA_RED,BAL_UNI,McKieFieldStad,TeamExclusive,Team,20251004-McKieFieldStad-Private-1,292034f0-a144-11f0-9f0b-09fe507a42b3,85.76282,,,6.92765,,,,,,,6a89286b-1dc2-4afe-ba41-38a51ea46870,2025-10-04,17:04:15.94,2025-10-04T13:04:15.9420000-04:00,2025-10-04T17:04:15.9420000Z,,v3,471355,,,"Fixx, Mason",10305580,Right,BAL_UNI,7650b192-3a25-4085-86eb-9c1e0d0ac105,54.74586,-126.44872,11.63146,4.56714,-3.10423,-10.09711,1.10856,-11.91689,7.31717,,,,,,,,,,,,,,,,,,,,,,,,,,,,,,,,,,,,,,,,,,,,,,,,,,,High,High,High,,,,,
126,2025-10-04,13:04:35.42,3,4,"Walker, Tyler",1000231387,Right,BAL_UNI,"Cruz, Diego",1000178634,Left,MIA_RED,Undefined,4,Bottom,1,3,0,Fastball,Changeup,FoulBallNotFieldable,Undefined,Undefined,Undefined,0,0,,84.94417,0.345053,3.176058,2073.631389,117.296783,10:00,4.45667,-1.38827,5.76048,-28.95254,9.86599,-16.81706,2.36561,0.16949,77.86732,-5.030688,0.169669,0.448426,,,,,,,,,,,,9.50292,5.27748,1.1357,50,4.4676,-6.17327,-123.3068,-0.20345,14.68014,23.74525,-24.02135,MIA_RED,BAL_UNI,McKieFieldStad,TeamExclusive,Team,20251004-McKieFieldStad-Private-1,34a59400-a144-11f0-9f0b-09fe507a42b3,84.05493,,,7.07685,,,,,,,6a89286b-1dc2-4afe-ba41-38a51ea46870,2025-10-04,17:04:35.42,2025-10-04T13:04:35.4250000-04:00,2025-10-04T17:04:35.4250000Z,,v3,471355,,,"Fixx, Mason",10305580,Right,BAL_UNI,7e87d2ec-371e-4a9a-8f02-84ca3a1c34b0,54.73952,-124.21614,11.87262,4.45778,0.71646,-12.01068,1.38288,-6.73546,7.34007,,,,,,,,,,,,,,,,,,,,,,,,,,,,,,,,,,,,,,,,,,,,,,,,,,,High,High,High,,,,,
127,2025-10-04,13:05:00.21,3,5,"Walker, Tyler",1000231387,Right,BAL_UNI,"Cruz, Diego",1000178634,Left,MIA_RED,Undefined,4,Bottom,1,3,1,Fastball,Changeup,StrikeCalled,Undefined,Undefined,Undefined,0,0,,85.78962,0.406493,3.731717,2011.608172,108.000631,9:30,4.47543,-1.36228,5.96098,-31.39439,6.65178,-16.65725,2.23697,0.71479,78.17451,-5.434123,0.744833,0.443943,,,,,,,,,,,,9.59146,3.67453,1.07503,50,4.4903,-7.43616,-124.40155,-0.14486,14.9881,25.61496,-26.43204,MIA_RED,BAL_UNI,McKieFieldStad,TeamExclusive,Team,20251004-McKieFieldStad-Private-1,436f6fb0-a144-11f0-9f0b-09fe507a42b3,84.90387,,,7.61511,,,,,,,6a89286b-1dc2-4afe-ba41-38a51ea46870,2025-10-04,17:05:00.21,2025-10-04T13:05:00.2190000-04:00,2025-10-04T17:05:00.2190000Z,,v3,471355,,,"Fixx, Mason",10305580,Right,BAL_UNI,3135536f-20c5-4dbc-9824-ab8bdeeadd7b,54.53701,-125.33226,12.80748,4.47812,0.81554,-13.21602,1.35511,-7.98075,7.49405,,,,,,,,,,,,,,,,,,,,,,,,,,,,,,,,,,,,,,,,,,,,,,,,,,,High,High,High,,,,,
128,2025-10-04,13:05:19.73,3,6,"Walker, Tyler",1000231387,Right,BAL_UNI,"Cruz, Diego",1000178634,Left,MIA_RED,Undefined,4,Bottom,1,3,2,Fastball,Changeup,BallCalled,Walk,Undefined,Undefined,0,0,,86.00074,-0.718509,3.521897,2063.876958,104.920496,9:30,4.39053,-1.35107,5.96808,-32.12888,5.61512,-16.5641,1.04567,0.53798,78.73921,-6.67294,0.54819,0.442176,,,,,,,,,,,,9.51095,3.43933,1.08108,50,4.31559,-7.01697,-124.77732,-2.6284,14.98525,25.25515,-26.7551,MIA_RED,BAL_UNI,McKieFieldStad,TeamExclusive,Team,20251004-McKieFieldStad-Private-1,4f32c220-a144-11f0-9f0b-09fe507a42b3,85.243,,,7.26153,,,,,,,6a89286b-1dc2-4afe-ba41-38a51ea46870,2025-10-04,17:05:19.73,2025-10-04T13:05:19.7310000-04:00,2025-10-04T17:05:19.7310000Z,,v3,471355,,,"Fixx, Mason",10305580,Right,BAL_UNI,d06981b6-7f7c-4503-a0e7-4bf5916f399e,54.53105,-125.69107,12.62758,4.39318,-1.66038,-13.37755,1.34477,-7.55914,7.49262,,,,,,,,,,,,,,,,,,,,,,,,,,,,,,,,,,,,,,,,,,,,,,,,,,,High,High,High,,,,,
129,2025-10-04,13:05:48.73,4,1,"Walker, Tyler",1000231387,Right,BAL_UNI,"Novak, Ryan",10035937,Left,MIA_RED,Undefined,4,Bottom,1,0,0,Fastball,Changeup,BallCalled,Undefined,Undefined,Undefined,0,0,,86.99618,1.038836,4.825557,2156.89973,109.592413,9:45,4.46092,-1.1618,5.90551,-29.8184,7.22847,-17.01836,2.94386,1.90984,79.37735,-4.501017,1.785492,0.438074,,,,,,,,,,,,9.98772,3.77941,0.783,50,4.52764,-9.92563,-125.98781,1.29649,16.07841,25.22052,-26.08991,MIA_RED,BAL_UNI,McKieFieldStad,TeamExclusive,Team,20251004-McKieFieldStad-Private-1,60472a10-a144-11f0-9f0b-09fe507a42b3,86.04132,,,7.61883,,,,,,,6a89286b-1dc2-4afe-ba41-38a51ea46870,2025-10-04,17:05:48.73,2025-10-04T13:05:48.7350000-04:00,2025-10-04T17:05:48.7350000Z,,v3,471355,,,"Fixx, Mason",10305580,Right,BAL_UNI,15d4040d-1ee2-490b-9dfc-cbcb91a164bf,54.5926,-126.90384,12.61026,4.46334,2.2441,-13.04495,1.1541,-10.50961,8.0392,,,,,,,,,,,,,,,,,,,,,,,,,,,,,,,,,,,,,,,,,,,,,,,,,,,High,High,High,,,,,
130,2025-10-04,13:06:07.40,4,2,"Walker, Tyler",1000231387,Right,BAL_UNI,"Novak, Ryan",10035937,Left,MIA_RED,Undefined,4,Bottom,1,1,0,Fastball,Changeup,BallCalled,Undefined,Undefined,Undefined,0,0,,85.39197,-0.055362,5.025649,2050.345348,117.962824,10:00,4.44834,-1.42236,5.92071,-29.77206,8.65985,-14.02505,1.91577,2.0845,78.10261,-5.585719,2.520411,0.446188,,,,,,,,,,,,8.53989,4.82445,1.02705,50,4.427,-10.30552,-123.64537,-1.08456,13.24537,24.2188,-24.69132,MIA_RED,BAL_UNI,McKieFieldStad,TeamExclusive,Team,20251004-McKieFieldStad-Private-1,6b6562e0-a144-11f0-9f0b-09fe507a42b3,84.47667,,,7.28936,,,,,,,6a89286b-1dc2-4afe-ba41-38a51ea46870,2025-10-04,17:06:07.40,2025-10-04T13:06:07.4050000-04:00,2025-10-04T17:06:07.4050000Z,,v3,471355,,,"Fixx, Mason",10305580,Right,BAL_UNI,93ee2092-d53e-4de0-815e-4b040c85a9b3,54.57724,-124.5387,12.1094,4.45021,-0.1738,-12.34566,1.41619,-10.79408,6.62269,,,,,,,,,,,,,,,,,,,,,,,,,,,,,,,,,,,,,,,,,,,,,,,,,,,High,High,High,,,,,
131,2025-10-04,13:06:28.19,4,3,"Walker, Tyler",1000231387,Right,BAL_UNI,"Novak, Ryan",10035937,Left,MIA_RED,Undefined,4,Bottom,1,2,0,Fastball,Changeup,StrikeCalled,Undefined,Undefined,Undefined,0,0,,86.8654,1.061341,2.980263,2139.313949,116.552534,10:00,4.48916,-1.24742,5.79263,-28.4908,8.72945,-15.11477,3.10364,0.26775,79.23668,-4.240046,0.276895,0.439098,,,,,,,,,,,,8.49276,4.51878,1.01101,50,4.55961,-5.92082,-126.01804,1.38087,13.65807,25.58884,-24.90695,MIA_RED,BAL_UNI,McKieFieldStad,TeamExclusive,Team,20251004-McKieFieldStad-Private-1,77bd0610-a144-11f0-9f0b-09fe507a42b3,85.84068,,,7.62872,,,,,,,6a89286b-1dc2-4afe-ba41-38a51ea46870,2025-10-04,17:06:28.19,2025-10-04T13:06:28.1980000-04:00,2025-10-04T17:06:28.1980000Z,,v3,471355,,,"Fixx, Mason",10305580,Right,BAL_UNI,e98b294c-0d45-43e4-980f-9d508a2e3e71,54.70471,-126.96977,12.79442,4.49102,2.30723,-12.45348,1.24067,-6.42881,6.82904,,,,,,,,,,,,,,,,,,,,,,,,,,,,,,,,,,,,,,,,,,,,,,,,,,,High,High,High,,,,,
132,2025-10-04,13:06:49.98,4,4,"Walker, Tyler",1000231387,Right,BAL_UNI,"Novak, Ryan",10035937,Left,MIA_RED,Undefined,4,Bottom,1,2,1,Fastball,Changeup,InPlay,Undefined,GroundBall,Error,0,0,,86.03884,0.602648,3.646472,2127.06219,105.632311,9:30,4.4779,-1.36354,5.73706,-32.23671,5.8578,-16.56084,2.35384,0.65646,78.48721,-5.362479,0.68922,0.444225,73.00355,-50.347083,0.403788,,,,,3.15173,3.15173,-11.827148,0.028164,9.47237,3.16756,1.07007,50,4.50837,-7.2646,-124.7561,0.21229,14.90693,25.44284,-27.18917,MIA_RED,BAL_UNI,McKieFieldStad,TeamExclusive,Team,20251004-McKieFieldStad-Private-1,84d8e3a0-a144-11f0-9f0b-09fe507a42b3,84.84997,2.32912,,7.55164,,,,1.15442,2.32912,-0.65958,6a89286b-1dc2-4afe-ba41-38a51ea46870,2025-10-04,17:06:49.98,2025-10-04T13:06:49.9840000-04:00,2025-10-04T17:06:49.9840000Z,GroundBall,v3,471355,,,"Fixx, Mason",10305580,Right,BAL_UNI,4a261710-3136-4983-9d73-6995ace07643,54.76174,-125.72347,12.72142,4.48065,1.24605,-13.59459,1.35705,-7.83137,7.45346,,1.15344,68.54019,,,,,,,,2.3303,-82.69729,,,,,,,,-0.65959,0.48304,,,,,,,,,,,,,,,,,,,,,,,,,,,,,,High,High,High,Estimated,Estimated,,,
133,2025-10-04,13:07:24.16,5,1,"Walker, Tyler",1000231387,Right,BAL_UNI,"Krupinski, Dom",702597,Left,MIA_RED,Undefined,4,Bottom,1,0,0,Fastball,Sinker,StrikeCalled,Undefined,Undefined,Undefined,0,0,,86.89727,-0.033604,2.483634,2099.970617,127.159694,10:15,4.58283,-1.11883,5.6427,-25.40151,11.83705,-14.1115,2.43467,0.02343,79.62978,-4.758094,-0.0353,0.439206,,,,,,,,,,,,7.77311,6.36374,0.91684,50,4.56388,-4.86301,-126.14191,-0.92638,12.57446,24.6962,-21.87949,MIA_RED,BAL_UNI,McKieFieldStad,TeamExclusive,Team,20251004-McKieFieldStad-Private-1,992c7100-a144-11f0-9f0b-09fe507a42b3,85.81956,,,7.26748,,,,,,,6a89286b-1dc2-4afe-ba41-38a51ea46870,2025-10-04,17:07:24.16,2025-10-04T13:07:24.1620000-04:00,2025-10-04T17:07:24.1620000Z,,v3,471355,,,"Fixx, Mason",10305580,Right,BAL_UNI,2a00d97b-05db-4c5e-acf7-a8211c787f34,54.85439,-127.08875,12.3481,4.58332,-0.08753,-10.93974,1.11252,-5.34511,6.28723,,,,,,,,,,,,,,,,,,,,,,,,,,,,,,,,,,,,,,,,,,,,,,,,,,,High,High,High,,,,,
134,2025-10-04,13:07:36.59,5,2,"Walker, Tyler",1000231387,Right,BAL_UNI,"Krupinski, Dom",702597,Left,MIA_RED,Undefined,4,Bottom,1,0,1,Fastball,Changeup,InPlay,Undefined,GroundBall,Error,0,2,,87.06594,0.637351,3.034498,2221.519761,111.483279,9:45,4.55949,-1.02788,5.8937,-30.02254,6.65181,-14.13607,2.65021,0.61408,79.98984,-4.928279,0.50101,0.435866,103.04913,-4.208639,-3.523765,,,,,25.76455,24.75432,-4.580614,0.170365,8.07115,3.55772,0.79175,50,4.59346,-6.13182,-126.444,0.40173,13.14337,24.36869,-26.38051,MIA_RED,BAL_UNI,McKieFieldStad,TeamExclusive,Team,20251004-McKieFieldStad-Private-1,a0ae2220-a144-11f0-9f0b-09fe507a42b3,86.4772,2.58309,,7.07609,,,,0.76132,2.58309,-0.59241,6a89286b-1dc2-4afe-ba41-38a51ea46870,2025-10-04,17:07:36.59,2025-10-04T13:07:36.5980000-04:00,2025-10-04T17:07:36.5980000Z,GroundBall,v3,471355,,,"Fixx, Mason",10305580,Right,BAL_UNI,ff591c1e-6f46-451c-9850-3b52e25c7d67,54.60608,-127.32861,12.18434,4.56149,1.35936,-13.19025,1.023,-6.60894,6.57169,346.427726,0.76218,150.379,-24.11858,,,,,,,2.58406,-11.16727,-23.51499,,,,,,,-0.59262,-9.24761,3.81401,,,,,,,,,,,,,,,,,,,,,,,,,,,,,High,High,High,High,High,,,
135,2025-10-04,13:08:19.45,6,1,"Walker, Tyler",1000231387,Right,BAL_UNI,"Appelwick, Evan",695485,Right,MIA_RED,Undefined,4,Bottom,1,0,0,Fastball,Changeup,StrikeCalled,Undefined,Undefined,Undefined,0,0,,86.19935,-0.52952,2.639162,2099.073381,129.909735,10:15,4.59831,-1.30647,5.85781,-24.56505,13.0906,-14.22446,2.05873,-0.03817,78.80991,-5.128353,0.089996,0.441658,,,,,,,,,,,,7.98272,7.20016,1.10047,50,4.54101,-5.18001,-125.11852,-1.93358,12.66051,25.12567,-20.75468,MIA_RED,BAL_UNI,McKieFieldStad,TeamExclusive,Team,20251004-McKieFieldStad-Private-1,ba502cf0-a144-11f0-9f0b-09fe507a42b3,85.34298,,,7.38944,,,,,,,6a89286b-1dc2-4afe-ba41-38a51ea46870,2025-10-04,17:08:19.45,2025-10-04T13:08:19.4590000-04:00,2025-10-04T17:08:19.4590000Z,,v3,471355,,,"Fixx, Mason",10305580,Right,BAL_UNI,accd07d3-7994-473b-ac77-336e54f9ccf0,54.63956,-126.04677,12.56283,4.59828,-1.16681,-10.37734,1.30048,-5.64774,6.33025,,,,,,,,,,,,,,,,,,,,,,,,,,,,,,,,,,,,,,,,,,,,,,,,,,,High,High,High,,,,,
136,2025-10-04,13:08:37.57,6,2,"Walker, Tyler",1000231387,Right,BAL_UNI,"Appelwick, Evan",695485,Right,MIA_RED,Undefined,4,Bottom,1,0,1,Fastball,Changeup,BallCalled,Undefined,Undefined,Undefined,0,0,,85.8763,0.832833,0.859497,2059.181826,115.263231,9:45,4.56778,-1.43199,5.84437,-29.36061,8.57398,-15.65335,2.89515,-1.93765,78.46698,-4.632323,-1.947709,0.443291,,,,,,,,,,,,8.20922,4.51579,1.37113,50,4.61841,-1.22383,-124.75283,0.84451,12.92643,25.29279,-25.06336,MIA_RED,BAL_UNI,McKieFieldStad,TeamExclusive,Team,20251004-McKieFieldStad-Private-1,c4eefc90-a144-11f0-9f0b-09fe507a42b3,85.02864,,,7.40932,,,,,,,6a89286b-1dc2-4afe-ba41-38a51ea46870,2025-10-04,17:08:37.57,2025-10-04T13:08:37.5700000-04:00,2025-10-04T17:08:37.5700000Z,,v3,471355,,,"Fixx, Mason",10305580,Right,BAL_UNI,d576bbd8-5dbe-4c26-9db2-b51939585bde,54.65318,-125.69269,12.64639,4.56972,1.77585,-12.53168,1.42553,-1.70417,6.46322,,,,,,,,,,,,,,,,,,,,,,,,,,,,,,,,,,,,,,,,,,,,,,,,,,,High,High,High,,,,,
137,2025-10-04,13:08:59.09,6,3,"Walker, Tyler",1000231387,Right,BAL_UNI,"Appelwick, Evan",695485,Right,MIA_RED,Undefined,4,Bottom,1,1,1,ChangeUp,Changeup,InPlay,Undefined,FlyBall,Out,1,1,,80.26988,1.94246,2.890076,1818.100074,112.050882,9:45,4.26904,-1.3167,5.31954,-36.26801,8.06552,-16.50694,3.07263,0.02223,73.34063,-4.724822,-0.035818,0.479223,97.54964,23.141393,2.578665,2512.567864,109.686,44.1254,8.29574,359.90603,355.17183,8.850049,4.382574,9.0865,3.90705,1.06745,50,4.41899,-5.20685,-116.36859,2.72759,12.4815,21.47981,-26.8072,MIA_RED,BAL_UNI,McKieFieldStad,TeamExclusive,Team,20251004-McKieFieldStad-Private-1,d1d2b320-a144-11f0-9f0b-09fe507a42b3,78.65326,60.67984,,6.92925,,,,1.13127,3.09107,-0.0211,6a89286b-1dc2-4afe-ba41-38a51ea46870,2025-10-04,17:08:59.09,2025-10-04T13:08:59.0940000-04:00,2025-10-04T17:08:59.0940000Z,LineDrive,v3,471355,,,"Fixx, Mason",10305580,Right,BAL_UNI,1981131d-d52a-4ef4-bc65-8a2d547fcb7a,55.17925,-117.3207,10.73991,4.27175,3.91584,-13.4036,1.31051,-5.7601,6.24075,201.665394,1.1308,131.4363,-23.80856,5.53735,-1.2424,0.27838,-0.05286,0.00634,-0.00033,3.09112,56.23138,-14.59375,0.50921,-0.02166,-0.02965,0.0126,-0.00186,9E-05,-0.02134,5.92601,3.53924,-0.89835,0.17709,-0.02849,0.0039,-0.00041,2E-05,,,,,,,,,,,,,,,,,,,,,,,High,High,High,High,High,,,
138,,,7,1,"Walker, Tyler",1000231387,Right,BAL_UNI,"Breidenbach, Mason",1000074554,Right,MIA_RED,Undefined,4,Bottom,2,0,0,Fastball,,BallCalled,Undefined,Undefined,Undefined,0,0,,,,,,,,,,,,,,,,,,,,,,,,,,,,,,,,,,,,,,,,,,MIA_RED,BAL_UNI,McKieFieldStad,TeamExclusive,Team,20251004-McKieFieldStad-Private-1,4b378330-a145-11f0-9f0b-09fe507a42b3,,,,,,,,,,,6a89286b-1dc2-4afe-ba41-38a51ea46870,,,,,,v3,471355,,,"Fixx, Mason",10305580,Right,BAL_UNI,6ae41c2b-9eac-4742-93ea-35ecaef82125,,,,,,,,,,,,,,,,,,,,,,,,,,,,,,,,,,,,,,,,,,,,,,,,,,,,,,,,,,,,,,,,,,,
139,2025-10-04,13:12:36.81,7,2,"Walker, Tyler",1000231387,Right,BAL_UNI,"Breidenbach, Mason",1000074554,Right,MIA_RED,Undefined,4,Bottom,2,1,0,ChangeUp,Changeup,StrikeCalled,Undefined,Undefined,Undefined,0,0,,78.19239,-0.623166,-3.532098,1741.783865,240.422431,2:00,5.40129,1.65464,7.13846,-34.24557,9.18252,13.86761,1.98136,-0.39637,72.0796,-7.108468,-0.987161,0.474304,,,,,,,,,,,,-8.38276,5.51449,-1.45007,50,5.35413,6.59329,-113.67854,-2.04044,-11.01179,20.08569,-24.93008,MIA_RED,BAL_UNI,McKieFieldStad,TeamExclusive,Team,20251004-McKieFieldStad-Private-1,53bff5f0-a145-11f0-9f0b-09fe507a42b3,79.46895,,,6.11279,,,,,,,6a89286b-1dc2-4afe-ba41-38a51ea46870,2025-10-04,17:12:36.81,2025-10-04T13:12:36.8190000-04:00,2025-10-04T17:12:36.8190000Z,,v3,471355,,,"Fixx, Mason",10305580,Right,BAL_UNI,c21f1f7c-28cd-4dcf-b168-b603563ef738,53.36035,-114.27073,10.04284,5.40346,-1.30542,-12.46504,-1.64925,6.91795,-5.5059,,,,,,,,,,,,,,,,,,,,,,,,,,,,,,,,,,,,,,,,,,,,,,,,,,,High,High,High,,,,,
140,2025-10-04,13:12:50.55,7,3,"Walker, Tyler",1000231387,Right,BAL_UNI,"Breidenbach, Mason",1000074554,Right,MIA_RED,Undefined,4,Bottom,2,1,1,ChangeUp,Changeup,StrikeCalled,Undefined,Undefined,Undefined,0,0,,78.44451,1.12944,-3.429926,1566.980522,249.791263,2:15,5.40752,1.57088,7.14803,-36.80435,6.92406,14.74969,3.36635,-0.31306,71.15703,-5.881397,-0.724081,0.475941,,,,,,,,,,,,-8.89016,3.85559,-1.3725,50,5.46325,6.34992,-113.89858,1.36824,-11.55636,22.96207,-27.16216,MIA_RED,BAL_UNI,McKieFieldStad,TeamExclusive,Team,20251004-McKieFieldStad-Private-1,5bcecbe0-a145-11f0-9f0b-09fe507a42b3,79.19559,,,7.28748,,,,,,,6a89286b-1dc2-4afe-ba41-38a51ea46870,2025-10-04,17:12:50.55,2025-10-04T13:12:50.5570000-04:00,2025-10-04T17:12:50.5570000Z,,v3,471355,,,"Fixx, Mason",10305580,Right,BAL_UNI,7993f6d3-0106-4bd8-b05f-8791bfec9b06,53.34809,-114.57157,11.48103,5.41148,2.16433,-13.58108,-1.56357,6.68862,-5.77818,,,,,,,,,,,,,,,,,,,,,,,,,,,,,,,,,,,,,,,,,,,,,,,,,,,High,High,High,,,,,
141,2025-10-04,13:13:03.31,7,4,"Walker, Tyler",1000231387,Right,BAL_UNI,"Breidenbach, Mason",1000074554,Right,MIA_RED,Undefined,4,Bottom,2,1,2,Fastball,Changeup,FoulBallNotFieldable,Undefined,Undefined,Undefined,0,0,,84.73808,-2.060687,-2.072196,1802.288541,206.309203,1:00,5.58878,1.13235,7.20899,-22.34056,14.65851,6.66953,1.85914,-0.18901,77.71145,-6.349505,-0.845005,0.437791,74.07945,65.631537,-62.348492,4833.052428,,,,,53.71103,,,-4.18481,8.8406,-1.0146,50,5.46311,4.24286,-123.23076,-4.94053,-6.42744,24.75876,-18.59578,MIA_RED,BAL_UNI,McKieFieldStad,TeamExclusive,Team,20251004-McKieFieldStad-Private-1,637f7c40-a145-11f0-9f0b-09fe507a42b3,86.0969,92.52978,,7.02663,,,,1.33214,1.97489,0.30184,6a89286b-1dc2-4afe-ba41-38a51ea46870,2025-10-04,17:13:03.31,2025-10-04T13:13:03.3170000-04:00,2025-10-04T17:13:03.3170000Z,,v3,471355,,,"Fixx, Mason",10305580,Right,BAL_UNI,261f1652-2a9f-4ac4-a134-5bcee91f1209,53.2891,-123.88982,12.37938,5.58804,-4.44553,-9.29789,-1.12982,4.41395,-3.21372,,1.33214,20.80511,-9.44186,2.92547,-0.90294,0.60733,-0.53577,0.28124,-0.05893,1.97489,98.97026,-27.0071,3.22961,-0.67466,0.18728,-0.09815,0.04328,-0.00841,0.30184,-39.70905,1.17334,0.30623,-0.23057,0.21118,-0.19758,0.10542,-0.02224,,,,,,,,,,,,,,,,,,,,,,,High,High,High,Medium,Undefined,,,
142,2025-10-04,13:13:21.24,7,5,"Walker, Tyler",1000231387,Right,BAL_UNI,"Breidenbach, Mason",1000074554,Right,MIA_RED,Undefined,4,Bottom,2,1,2,ChangeUp,Changeup,BallCalled,Undefined,Undefined,Undefined,0,0,,80.4118,-2.560346,-2.759918,1767.908932,254.33058,2:30,5.34455,1.43396,6.98163,-35.12518,6.28638,17.86733,0.0847,0.41097,74.29961,-9.145895,0.51844,0.463161,,,,,,,,,,,,-10.39882,4.42229,-1.26962,50,5.17486,5.08113,-116.88161,-6.11853,-14.39743,21.85436,-26.05128,MIA_RED,BAL_UNI,McKieFieldStad,TeamExclusive,Team,20251004-McKieFieldStad-Private-1,6e0ac3e0-a145-11f0-9f0b-09fe507a42b3,81.3808,,,6.11219,,,,,,,6a89286b-1dc2-4afe-ba41-38a51ea46870,2025-10-04,17:13:21.24,2025-10-04T13:13:21.2490000-04:00,2025-10-04T17:13:21.2490000Z,,v3,471355,,,"Fixx, Mason",10305580,Right,BAL_UNI,d32aaf09-cb8c-463b-b763-78b59c85177d,53.51922,-117.53779,10.92718,5.34682,-5.33634,-13.02564,-1.42867,5.51341,-7.19872,,,,,,,,,,,,,,,,,,,,,,,,,,,,,,,,,,,,,,,,,,,,,,,,,,,High,High,High,,,,,
143,2025-10-04,13:13:37.20,7,6,"Walker, Tyler",1000231387,Right,BAL_UNI,"Breidenbach, Mason",1000074554,Right,MIA_RED,Undefined,4,Bottom,2,2,2,ChangeUp,Changeup,FoulBallNotFieldable,Undefined,Undefined,Undefined,0,0,,80.09498,0.272356,-3.262369,1672.069676,254.861033,2:30,5.35304,1.34869,7.10137,-36.28301,5.5289,15.35402,2.57699,-0.33514,73.07243,-6.607508,-0.445531,0.465395,,,,,,,,,,,,-9.23792,3.27666,-1.15866,50,5.35803,6.15442,-116.41187,-0.33869,-12.58902,23.26557,-27.70874,MIA_RED,BAL_UNI,McKieFieldStad,TeamExclusive,Team,20251004-McKieFieldStad-Private-1,77a36e20-a145-11f0-9f0b-09fe507a42b3,80.99026,,,7.02254,,,,,,,6a89286b-1dc2-4afe-ba41-38a51ea46870,2025-10-04,17:13:37.20,2025-10-04T13:13:37.2010000-04:00,2025-10-04T17:13:37.2010000Z,,v3,471355,,,"Fixx, Mason",10305580,Right,BAL_UNI,a95959e6-cfc5-404d-a50b-a11953356e75,53.39775,-117.08896,11.63279,5.35616,0.46771,-13.85437,-1.3431,6.5208,-6.29451,,,,,,,,,,,,,,,,,,,,,,,,,,,,,,,,,,,,,,,,,,,,,,,,,,,High,High,High,,,,,
144,2025-10-04,13:13:58.89,7,7,"Walker, Tyler",1000231387,Right,BAL_UNI,"Breidenbach, Mason",1000074554,Right,MIA_RED,Undefined,4,Bottom,2,2,2,Curveball,Curveball,InPlay,Undefined,FlyBall,Out,1,0,,69.15296,3.157881,-0.560404,2201.681076,35.358686,7:15,5.76151,0.77617,6.31393,-71.64716,-13.86422,-11.13398,2.70272,-0.66787,63.59312,-10.055708,-2.577816,0.547106,91.10749,37.486717,19.211457,2874.50056,103.47668,78.38068,37.31716,354.987,308.43664,18.883143,5.767042,5.64567,-7.67524,-0.72996,50,5.95883,1.32447,-100.4895,3.6365,5.73086,17.39205,-39.9651,MIA_RED,BAL_UNI,McKieFieldStad,TeamExclusive,Team,20251004-McKieFieldStad-Private-1,848f3b00-a145-11f0-9f0b-09fe507a42b3,68.89424,108.25219,,5.55984,,,,1.6288,2.73626,0.61787,6a89286b-1dc2-4afe-ba41-38a51ea46870,2025-10-04,17:13:58.89,2025-10-04T13:13:58.8940000-04:00,2025-10-04T17:13:58.8940000Z,FlyBall,v3,471355,,,"Fixx, Mason",10305580,Right,BAL_UNI,ba0cd65c-c401-4d14-90fd-707268a740e9,54.18961,-101.21201,8.69602,5.77328,5.29675,-19.98255,-0.78004,1.08639,2.86543,186.342294,1.63335,100.02798,-19.07679,4.05326,-0.36371,-0.1016,0.03955,-0.00507,0.00023,2.72746,81.47788,-18.13113,1.75581,-0.69229,0.21971,-0.03786,0.00322,-0.00011,0.61844,34.87457,-5.12498,0.62535,0.03252,-0.04696,0.0125,-0.00149,7E-05,,,,,,,,,,,,,,,,,,,,,,,High,High,High,High,Medium,,,
145,2025-10-04,13:16:26.50,1,1,"Sohosky, Zac",1000224033,Left,MIA_RED,"Fixx, Mason",10305580,Right,BAL_UNI,Undefined,5,Top,0,0,0,Fastball,Sinker,BallCalled,Undefined,Undefined,Undefined,0,0,,89.94459,-1.879301,-0.395384,1688.471154,150.910215,11:00,5.95777,-1.06988,5.963,-18.03438,16.22729,-8.45406,2.7117,-2.141,82.7121,-5.279661,-1.915022,0.421285,,,,,,,,,,,,4.23355,9.14926,1.10589,50,5.79856,1.25722,-130.69545,-4.83488,7.3599,26.23034,-16.26828,MIA_RED,BAL_UNI,McKieFieldStad,TeamExclusive,Team,20251004-McKieFieldStad-Private-1,dc87ad60-a145-11f0-9f0b-09fe507a42b3,89.47027,,,7.23249,,,,,,,6a89286b-1dc2-4afe-ba41-38a51ea46870,2025-10-04,17:16:26.50,2025-10-04T13:16:26.5090000-04:00,2025-10-04T17:16:26.5090000Z,,v3,471355,,,"Raether, Carson",1000338521,Right,MIA_RED,ef11fb18-080e-45a2-b65e-df6e7963dc0b,54.53465,-131.6024,13.11517,5.95601,-4.27238,-8.13414,1.06681,1.00274,3.67995,,,,,,,,,,,,,,,,,,,,,,,,,,,,,,,,,,,,,,,,,,,,,,,,,,,High,High,High,,,,,
146,2025-10-04,13:16:39.53,1,2,"Sohosky, Zac",1000224033,Left,MIA_RED,"Fixx, Mason",10305580,Right,BAL_UNI,Undefined,5,Top,0,1,0,Fastball,Four-Seam,StrikeCalled,Undefined,Undefined,Undefined,0,0,,90.58584,-2.096219,2.377536,1693.279607,155.205498,11:15,5.89535,-0.74012,6.00228,-17.8956,15.9504,-6.8837,2.45928,0.89038,83.09495,-5.477216,1.140552,0.418721,,,,,,,,,,,,4.17981,9.08965,0.55689,50,5.7205,-5.17011,-131.48854,-5.35847,7.34174,27.01972,-16.2082,MIA_RED,BAL_UNI,McKieFieldStad,TeamExclusive,Team,20251004-McKieFieldStad-Private-1,e4678410-a145-11f0-9f0b-09fe507a42b3,90.01797,,,7.49089,,,,,,,6a89286b-1dc2-4afe-ba41-38a51ea46870,2025-10-04,17:16:39.53,2025-10-04T13:16:39.5300000-04:00,2025-10-04T17:16:39.5300000Z,,v3,471355,,,"Raether, Carson",1000338521,Right,MIA_RED,bd9aafb3-ebca-41e6-a986-0c46ac99dd72,54.49539,-132.40908,13.50986,5.89365,-4.80627,-8.1041,0.7373,-5.42024,3.67087,,,,,,,,,,,,,,,,,,,,,,,,,,,,,,,,,,,,,,,,,,,,,,,,,,,High,High,High,,,,,
147,2025-10-04,13:16:52.26,1,3,"Sohosky, Zac",1000224033,Left,MIA_RED,"Fixx, Mason",10305580,Right,BAL_UNI,Undefined,5,Top,0,1,1,ChangeUp,Changeup,InPlay,Undefined,GroundBall,Out,1,0,,82.76188,-2.242706,2.318249,1613.316784,128.783834,10:15,5.68091,-1.11315,6.52707,-27.97257,11.90158,-13.22351,1.28971,-0.08724,75.96294,-7.501698,-0.084788,0.454483,87.95932,-0.574221,29.25531,3335.331495,,,,33.7888,30.36288,28.443058,0.270115,7.59654,7.2678,0.95736,50,5.51285,-4.39518,-120.19756,-5.47628,11.10092,23.54145,-21.55352,MIA_RED,BAL_UNI,McKieFieldStad,TeamExclusive,Team,20251004-McKieFieldStad-Private-1,ebe9aa60-a145-11f0-9f0b-09fe507a42b3,82.93485,1.1059,,6.79894,,,,0.40521,1.1059,0.09344,6a89286b-1dc2-4afe-ba41-38a51ea46870,2025-10-04,17:16:52.26,2025-10-04T13:16:52.2620000-04:00,2025-10-04T17:16:52.2620000Z,GroundBall,v3,471355,,,"Raether, Carson",1000338521,Right,MIA_RED,cfc501cf-93d7-4ae1-9cab-6ccec225a2e0,53.971,-120.9728,11.77073,5.68151,-4.7665,-10.77676,1.10812,-4.76075,5.55046,,0.40783,112.41712,-14.60649,,,,,,,1.10588,-1.29135,-10.37633,,,,,,,0.09647,62.8932,-13.63269,,,,,,,,,,,,,,,,,,,,,,,,,,,,,High,High,High,High,High,,,
148,2025-10-04,13:17:23.62,2,1,"Sohosky, Zac",1000224033,Left,MIA_RED,"Terzola, Matthew",1000224622,Right,BAL_UNI,Undefined,5,Top,1,0,0,Sinker,Sinker,BallCalled,Undefined,Undefined,Undefined,0,0,,91.13375,0.063501,0.30112,1571.810854,120.989175,10:00,5.9016,-1.08138,5.65012,-25.22903,8.39634,-12.37961,3.85841,-1.83216,84.00087,-4.601885,-1.911498,0.417355,,,,,,,,,,,,6.36036,4.54803,1.06385,50,5.89093,-0.14966,-132.50273,-0.76325,11.40452,26.03992,-24.01914,MIA_RED,BAL_UNI,McKieFieldStad,TeamExclusive,Team,20251004-McKieFieldStad-Private-1,fe676650-a145-11f0-9f0b-09fe507a42b3,90.31275,,,7.13288,,,,,,,6a89286b-1dc2-4afe-ba41-38a51ea46870,2025-10-04,17:17:23.62,2025-10-04T13:17:23.6280000-04:00,2025-10-04T17:17:23.6280000Z,,v3,471355,,,"Raether, Carson",1000338521,Right,MIA_RED,ec3cfaf9-7ae3-4f2b-8b46-4f47f7403054,54.8487,-133.45221,13.01996,5.90279,0.11255,-12.00957,1.07689,-0.5655,5.70226,,,,,,,,,,,,,,,,,,,,,,,,,,,,,,,,,,,,,,,,,,,,,,,,,,,High,High,High,,,,,
149,2025-10-04,13:17:42.21,2,2,"Sohosky, Zac",1000224033,Left,MIA_RED,"Terzola, Matthew",1000224622,Right,BAL_UNI,Undefined,5,Top,1,1,0,Fastball,Sinker,BallCalled,Undefined,Undefined,Undefined,0,0,,89.74206,-0.100432,1.065544,1791.883866,150.752675,11:00,5.90931,-0.91141,5.93876,-17.50564,16.96599,-8.91524,4.35733,-0.66579,82.19625,-3.424103,-0.535704,0.422574,,,,,,,,,,,,4.84859,9.04497,0.83143,50,5.89137,-2.04822,-130.42402,-0.74802,8.38204,26.49435,-16.53745,MIA_RED,BAL_UNI,McKieFieldStad,TeamExclusive,Team,20251004-McKieFieldStad-Private-1,09966800-a146-11f0-9f0b-09fe507a42b3,89.19733,,,7.5458,,,,,,,6a89286b-1dc2-4afe-ba41-38a51ea46870,2025-10-04,17:17:42.21,2025-10-04T13:17:42.2110000-04:00,2025-10-04T17:17:42.2110000Z,,v3,471355,,,"Raether, Carson",1000338521,Right,MIA_RED,4847e6ee-e7a7-4aac-a213-73841d773df1,54.55853,-131.34677,13.24717,5.90739,-0.17205,-8.26873,0.90785,-2.34015,4.19102,,,,,,,,,,,,,,,,,,,,,,,,,,,,,,,,,,,,,,,,,,,,,,,,,,,High,High,High,,,,,
150,2025-10-04,13:17:56.66,2,3,"Sohosky, Zac",1000224033,Left,MIA_RED,"Terzola, Matthew",1000224622,Right,BAL_UNI,Undefined,5,Top,1,2,0,Fastball,Sinker,StrikeCalled,Undefined,Undefined,Undefined,0,0,,89.54409,-2.046272,1.408223,1772.556624,149.159308,11:00,5.79428,-0.98216,6.09635,-18.89115,15.42056,-8.60524,2.32606,-0.39654,82.57103,-5.604115,-0.14248,0.421592,,,,,,,,,,,,4.7967,8.79792,0.87818,50,5.62658,-2.84651,-130.13147,-5.21798,8.29331,25.1895,-16.96276,MIA_RED,BAL_UNI,McKieFieldStad,TeamExclusive,Team,20251004-McKieFieldStad-Private-1,122e1d00-a146-11f0-9f0b-09fe507a42b3,89.40499,,,6.97307,,,,,,,6a89286b-1dc2-4afe-ba41-38a51ea46870,2025-10-04,17:17:56.66,2025-10-04T13:17:56.6640000-04:00,2025-10-04T17:17:56.6640000Z,,v3,471355,,,"Raether, Carson",1000338521,Right,MIA_RED,7c8fd8f2-2faf-4c47-b800-05fc3497cbea,54.40176,-130.98075,12.59475,5.79287,-4.64607,-8.48138,0.97887,-3.12613,4.14666,,,,,,,,,,,,,,,,,,,,,,,,,,,,,,,,,,,,,,,,,,,,,,,,,,,High,High,High,,,,,
151,2025-10-04,13:18:08.62,2,4,"Sohosky, Zac",1000224033,Left,MIA_RED,"Terzola, Matthew",1000224622,Right,BAL_UNI,Undefined,5,Top,1,2,1,Fastball,Four-Seam,FoulBallNotFieldable,Undefined,Undefined,Undefined,0,0,,91.75158,-1.84118,1.925155,2050.558308,149.617951,11:00,5.83702,-0.92742,6.22845,-15.81481,16.70623,-9.2341,2.81892,0.07987,84.5058,-4.850497,0.258004,0.410444,75.33876,7.734168,167.521628,1339.723854,,,,,39.27002,,,5.28803,9.44075,0.78812,50,5.69138,-4.10429,-133.35692,-4.73959,9.59936,26.51882,-15.03625,MIA_RED,BAL_UNI,McKieFieldStad,TeamExclusive,Team,20251004-McKieFieldStad-Private-1,19526be0-a146-11f0-9f0b-09fe507a42b3,91.83343,6.56585,,7.24578,,,,0.95171,2.89953,-0.33578,6a89286b-1dc2-4afe-ba41-38a51ea46870,2025-10-04,17:18:08.62,2025-10-04T13:18:08.6290000-04:00,2025-10-04T17:18:08.6290000Z,,v3,471355,,,"Raether, Carson",1000338521,Right,MIA_RED,039b0240-2788-4ae0-be41-7ac564635a2b,54.27022,-134.20339,13.25941,5.83501,-4.25964,-7.51812,0.92402,-4.41071,4.79968,237.409634,0.94727,-106.75111,10.61698,,,,,,,2.90093,14.82231,-13.76518,,,,,,,-0.33164,23.51416,-7.24464,,,,,,,,,,,,,,,,,,,,,,,,,,,,,High,High,High,Medium,Undefined,,,
152,2025-10-04,13:18:29.81,2,5,"Sohosky, Zac",1000224033,Left,MIA_RED,"Terzola, Matthew",1000224622,Right,BAL_UNI,Undefined,5,Top,1,2,2,Sinker,Sinker,FoulBallNotFieldable,Undefined,Undefined,Undefined,0,0,,92.30477,-2.096521,1.289049,1727.078687,113.320288,9:45,5.85595,-1.11493,6.09666,-24.52509,8.12138,-16.38044,1.87179,-1.28754,84.35788,-6.670637,-1.665492,0.411234,,,,,,,,,,,,8.8239,5.12225,1.02414,50,5.68164,-2.3188,-134.03474,-5.73411,15.9856,30.09271,-22.89443,MIA_RED,BAL_UNI,McKieFieldStad,TeamExclusive,Team,20251004-McKieFieldStad-Private-1,25f4aca0-a146-11f0-9f0b-09fe507a42b3,91.65682,,,7.94689,,,,,,,6a89286b-1dc2-4afe-ba41-38a51ea46870,2025-10-04,17:18:29.81,2025-10-04T13:18:29.8100000-04:00,2025-10-04T17:18:29.8100000Z,,v3,471355,,,"Raether, Carson",1000338521,Right,MIA_RED,01134869-8e3c-45c1-82e9-b783f18d4035,54.40153,-135.01932,15.04635,5.857,-4.98504,-11.44721,1.10856,-2.84182,7.9928,,,,,,,,,,,,,,,,,,,,,,,,,,,,,,,,,,,,,,,,,,,,,,,,,,,High,High,High,,,,,
153,2025-10-04,13:18:49.25,2,6,"Sohosky, Zac",1000224033,Left,MIA_RED,"Terzola, Matthew",1000224622,Right,BAL_UNI,Undefined,5,Top,1,2,2,Fastball,Sinker,BallCalled,Undefined,Undefined,Undefined,0,0,,90.19682,0.630205,1.716111,1587.143308,134.787033,10:30,5.80441,-1.17491,5.95111,-26.56942,7.46052,-6.51355,4.17505,-0.12566,82.9044,-4.311008,0.546244,0.419858,,,,,,,,,,,,3.78394,3.97744,1.04207,50,5.83959,-3.65239,-131.09477,0.53374,6.62852,25.99793,-25.20658,MIA_RED,BAL_UNI,McKieFieldStad,TeamExclusive,Team,20251004-McKieFieldStad-Private-1,31ac6650-a146-11f0-9f0b-09fe507a42b3,89.77433,,,7.29243,,,,,,,6a89286b-1dc2-4afe-ba41-38a51ea46870,2025-10-04,17:18:49.25,2025-10-04T13:18:49.2520000-04:00,2025-10-04T17:18:49.2520000Z,,v3,471355,,,"Raether, Carson",1000338521,Right,MIA_RED,d7cc57fc-c54f-4a31-bf59-dfd4456c3af7,54.54705,-131.99343,12.99897,5.80608,1.40505,-12.60329,1.17228,-3.88151,3.31426,,,,,,,,,,,,,,,,,,,,,,,,,,,,,,,,,,,,,,,,,,,,,,,,,,,High,High,High,,,,,
154,2025-10-04,13:19:08.64,2,7,"Sohosky, Zac",1000224033,Left,MIA_RED,"Terzola, Matthew",1000224622,Right,BAL_UNI,Undefined,5,Top,1,3,2,ChangeUp,Changeup,FoulBallNotFieldable,Undefined,Undefined,Undefined,0,0,,85.32472,-2.39089,2.669135,1599.889488,160.41945,11:15,5.66054,-1.13596,6.4919,-19.52737,18.2656,-6.04209,1.83479,0.81256,77.71113,-6.1307,1.573731,0.442463,90.67916,22.23369,-51.120274,3118.06237,64.94887,33.88333,-88.77849,287.64476,135.31294,-59.890908,3.1509,3.97075,10.67221,0.95136,50,5.48404,-5.54861,-123.79343,-5.6657,6.12078,26.24784,-15.72315,MIA_RED,BAL_UNI,McKieFieldStad,TeamExclusive,Team,20251004-McKieFieldStad-Private-1,3d3595f0-a146-11f0-9f0b-09fe507a42b3,85.1878,37.66207,,7.61359,,,,2.07385,2.12207,-0.89669,6a89286b-1dc2-4afe-ba41-38a51ea46870,2025-10-04,17:19:08.64,2025-10-04T13:19:08.6410000-04:00,2025-10-04T17:19:08.6410000Z,LineDrive,v3,471355,,,"Raether, Carson",1000338521,Right,MIA_RED,8d63061a-bdb8-4e4e-8162-cf856236f82a,54.00531,-124.63978,13.12392,5.65855,-5.15872,-7.86158,1.13345,-5.74597,3.06039,,2.07432,77.25186,-16.36093,2.9379,-0.21685,-0.14225,0.06639,-0.013,0.00103,2.12179,50.33598,-20.1233,2.26392,-0.7331,0.27024,-0.07635,0.0134,-0.00103,-0.89655,-95.84196,8.15803,-1.5773,0.44268,-0.11165,0.01552,-0,-0.00018,,,,,,,,,,,,,,,,,,,,,,,High,High,High,High,Low,,,
155,2025-10-04,13:19:32.49,2,8,"Sohosky, Zac",1000224033,Left,MIA_RED,"Terzola, Matthew",1000224622,Right,BAL_UNI,Undefined,5,Top,1,3,2,Sinker,Sinker,BallCalled,Walk,Undefined,Undefined,0,0,,92.84638,-1.652574,0.91738,1685.217004,109.437748,9:45,5.83132,-1.03761,6.09834,-25.2958,7.04512,-16.91875,2.19432,-1.59898,84.59156,-6.372531,-2.134488,0.409306,,,,,,,,,,,,8.98666,4.4587,0.97563,50,5.69095,-1.42891,-134.83003,-4.75545,16.42022,31.34505,-24.02723,MIA_RED,BAL_UNI,McKieFieldStad,TeamExclusive,Team,20251004-McKieFieldStad-Private-1,4b4fa9a0-a146-11f0-9f0b-09fe507a42b3,92.08875,,,8.25483,,,,,,,6a89286b-1dc2-4afe-ba41-38a51ea46870,2025-10-04,17:19:32.49,2025-10-04T13:19:32.4910000-04:00,2025-10-04T17:19:32.4910000Z,,v3,471355,,,"Raether, Carson",1000338521,Right,MIA_RED,de4592b8-b1a9-41d0-86bc-fb9487835bc3,54.39934,-135.84893,15.67252,5.83284,-3.97442,-12.01362,1.03075,-1.96267,8.21011,,,,,,,,,,,,,,,,,,,,,,,,,,,,,,,,,,,,,,,,,,,,,,,,,,,High,High,High,,,,,
156,2025-10-04,13:20:01.18,3,1,"Sohosky, Zac",1000224033,Left,MIA_RED,"Fleming, Reid",1000224596,Right,BAL_UNI,Undefined,5,Top,1,0,0,ChangeUp,Changeup,InPlay,Undefined,FlyBall,Out,1,0,,84.19288,-1.751748,2.238603,1596.967215,137.087071,10:30,5.75548,-1.16691,6.30093,-26.72525,12.53095,-10.36501,1.91271,0.03288,76.37987,-6.794283,0.363785,0.450947,80.4072,30.062252,10.558437,4543.78266,106.59647,51.72621,27.14935,274.06991,270.87602,20.338706,4.166118,6.10496,7.47044,1.00736,50,5.61401,-4.38391,-122.14529,-4.50176,9.11043,26.802,-21.02592,MIA_RED,BAL_UNI,McKieFieldStad,TeamExclusive,Team,20251004-McKieFieldStad-Private-1,5c852e20-a146-11f0-9f0b-09fe507a42b3,83.58507,58.50391,,7.81301,,,,1.46732,1.95175,-0.04046,6a89286b-1dc2-4afe-ba41-38a51ea46870,2025-10-04,17:20:01.18,2025-10-04T13:20:01.1850000-04:00,2025-10-04T17:20:01.1850000Z,LineDrive,v3,471355,,,"Raether, Carson",1000338521,Right,MIA_RED,7b721fc4-ad23-49db-be76-d8815227ad72,54.19576,-123.06251,13.401,5.75575,-3.7822,-10.51296,1.16272,-4.69569,4.55522,211.42167,1.46664,100.35782,-18.86354,4.50723,-1.1288,0.30698,-0.0713,0.01022,-0.00062,1.95283,59.04623,-16.61171,0.48868,0.26712,-0.18873,0.05878,-0.00883,0.00051,-0.04057,18.70528,2.81815,-0.95268,0.23379,-0.04062,0.00449,-0.00031,1E-05,,,,,,,,,,,,,,,,,,,,,,,High,High,High,High,High,,,
157,2025-10-04,13:20:33.45,4,1,"Sohosky, Zac",1000224033,Left,MIA_RED,"Ritlinger-Nirider, Dennis",1000224620,Right,BAL_UNI,Undefined,5,Top,2,0,0,Slider,Curveball,BallCalled,Undefined,Undefined,Undefined,0,0,,81.1224,1.784332,0.977019,1887.685302,0.464739,6:00,5.64643,-1.35034,5.54142,-46.07176,-2.88827,-0.03472,3.47551,-0.44004,74.03674,-6.652924,0.970825,0.472967,,,,,,,,,,,,0.30154,-1.53484,1.26571,50,5.77062,-2.00616,-117.71969,2.06337,0.42127,23.26975,-34.31831,MIA_RED,BAL_UNI,McKieFieldStad,TeamExclusive,Team,20251004-McKieFieldStad-Private-1,6fbf3530-a146-11f0-9f0b-09fe507a42b3,79.69367,,,7.08566,,,,,,,6a89286b-1dc2-4afe-ba41-38a51ea46870,2025-10-04,17:20:33.45,2025-10-04T13:20:33.4540000-04:00,2025-10-04T17:20:33.4540000Z,,v3,471355,,,"Raether, Carson",1000338521,Right,MIA_RED,03852ba0-f78d-438f-9d0c-890cc63e40db,54.95654,-118.69541,11.63488,5.65393,3.50236,-17.15916,1.3502,-2.02383,0.21063,,,,,,,,,,,,,,,,,,,,,,,,,,,,,,,,,,,,,,,,,,,,,,,,,,,High,High,High,,,,,
158,2025-10-04,13:21:09.38,4,2,"Sohosky, Zac",1000224033,Left,MIA_RED,"Ritlinger-Nirider, Dennis",1000224620,Right,BAL_UNI,Undefined,5,Top,2,1,0,Fastball,Four-Seam,InPlay,Undefined,GroundBall,Single,0,0,,90.63928,-1.174354,0.817693,1599.410293,138.958028,10:45,5.76757,-1.00147,5.81181,-23.8134,10.01048,-7.85792,2.69087,-0.8959,83.5839,-5.594276,-0.591425,0.418585,84.19019,-7.772915,-19.860447,,,,,17.88385,17.25263,-15.814241,0.139785,4.24756,5.71811,0.93929,50,5.65709,-1.54843,-131.76926,-3.52037,7.52499,26.00084,-22.04386,MIA_RED,BAL_UNI,McKieFieldStad,TeamExclusive,Team,20251004-McKieFieldStad-Private-1,852b5e80-a146-11f0-9f0b-09fe507a42b3,90.04737,2.67853,,7.05538,,,,1.47108,2.67853,0.91458,6a89286b-1dc2-4afe-ba41-38a51ea46870,2025-10-04,17:21:09.38,2025-10-04T13:21:09.3810000-04:00,2025-10-04T17:21:09.3810000Z,GroundBall,v3,471355,,,"Raether, Carson",1000338521,Right,MIA_RED,d859c1ea-d0d0-41c5-bbf6-07f2a2ce59cb,54.68742,-132.69097,13.00042,5.76804,-2.73894,-11.02193,0.99891,-1.81518,3.7625,50.947595,1.47141,115.03702,-17.6705,,,,,,,2.67879,-16.72456,-17.46155,,,,,,,0.91462,-41.56825,1.14022,,,,,,,,,,,,,,,,,,,,,,,,,,,,,High,High,High,High,High,,,
159,2025-10-04,13:21:50.15,5,1,"Sohosky, Zac",1000224033,Left,MIA_RED,"Kolenich, Sean",1000224524,Right,BAL_UNI,Undefined,5,Top,2,0,0,Fastball,Four-Seam,StrikeCalled,Undefined,Undefined,Undefined,0,0,,90.56178,-1.452203,1.347992,1615.235394,138.611229,10:30,5.91074,-1.15866,5.79286,-22.91356,11.22654,-8.9539,2.64978,-0.6507,82.98568,-5.722528,-0.256804,0.420537,,,,,,,,,,,,4.93307,6.45292,1.05315,50,5.77753,-2.70583,-131.51168,-4.11247,8.65133,27.53082,-20.85736,MIA_RED,BAL_UNI,McKieFieldStad,TeamExclusive,Team,20251004-McKieFieldStad-Private-1,9d5e9710-a146-11f0-9f0b-09fe507a42b3,89.6294,,,7.5761,,,,,,,6a89286b-1dc2-4afe-ba41-38a51ea46870,2025-10-04,17:21:50.15,2025-10-04T13:21:50.1530000-04:00,2025-10-04T17:21:50.1530000Z,,v3,471355,,,"Raether, Carson",1000338521,Right,MIA_RED,d4763c34-f8f1-4703-a771-e4c8a26b73b7,54.70455,-132.49288,13.76541,5.91085,-3.36911,-10.42868,1.15508,-3.01416,4.32566,,,,,,,,,,,,,,,,,,,,,,,,,,,,,,,,,,,,,,,,,,,,,,,,,,,High,High,High,,,,,
160,2025-10-04,13:22:07.63,5,2,"Sohosky, Zac",1000224033,Left,MIA_RED,"Kolenich, Sean",1000224524,Right,BAL_UNI,Undefined,5,Top,2,0,1,ChangeUp,Changeup,InPlay,Undefined,GroundBall,Out,1,0,,84.00526,-1.692272,1.545115,1536.343012,107.902594,9:30,5.72267,-1.29839,6.33007,-32.74478,6.32914,-15.65489,1.43465,-1.17985,76.93238,-7.794912,-1.292291,0.449899,68.98737,-66.050148,-126.985054,,,,,1.41486,1.41486,27.556442,0.015818,8.66229,4.15461,1.19308,50,5.58373,-2.71797,-122.05419,-4.59047,12.99617,25.23959,-25.94082,MIA_RED,BAL_UNI,McKieFieldStad,TeamExclusive,Team,20251004-McKieFieldStad-Private-1,a7f59e80-a146-11f0-9f0b-09fe507a42b3,83.77981,1.466,,7.07288,,,,1.6461,1.466,1.17469,6a89286b-1dc2-4afe-ba41-38a51ea46870,2025-10-04,17:22:07.63,2025-10-04T13:22:07.6380000-04:00,2025-10-04T17:22:07.6380000Z,GroundBall,v3,471355,,,"Raether, Carson",1000338521,Right,MIA_RED,ec4f7897-6f02-408f-9f08-2199e174c9ba,54.16916,-122.9133,12.6198,5.72496,-3.70748,-12.97041,1.29313,-3.16033,6.49808,,1.64624,-24.76531,,,,,,,,1.46653,-92.67697,,,,,,,,1.17489,-32.88252,,,,,,,,,,,,,,,,,,,,,,,,,,,,,,High,High,High,Estimated,Estimated,,,
161,2025-10-04,13:24:33.28,1,1,"Coffey, Joe",10091322,Right,BAL_UNI,"Gonzalez Rivera, Ignacio",10124440,Right,MIA_RED,Undefined,5,Bottom,0,0,0,Fastball,Changeup,FoulBallNotFieldable,Undefined,Undefined,Undefined,0,0,,86.78317,-0.348721,-4.115593,1733.551671,225.479973,1:30,4.84558,2.31526,6.2146,-21.78544,14.89552,13.97973,2.70748,-0.32431,79.36116,-4.470211,-1.600122,0.435905,,,,,,,,,,,,-8.20032,8.13682,-2.01223,50,4.80825,8.46923,-125.82442,-1.39049,-13.19211,24.69528,-19.0841,MIA_RED,BAL_UNI,McKieFieldStad,TeamExclusive,Team,20251004-McKieFieldStad-Private-1,fe916710-a146-11f0-9f0b-09fe507a42b3,86.46942,,,7.42201,,,,,,,6a89286b-1dc2-4afe-ba41-38a51ea46870,2025-10-04,17:24:33.28,2025-10-04T13:24:33.2820000-04:00,2025-10-04T17:24:33.2820000Z,,v3,471355,,,"Fixx, Mason",10305580,Right,BAL_UNI,b50bfcea-3e2d-4c5b-9c48-e51eb211fcae,54.27998,-126.66166,12.34764,4.84443,-0.74349,-9.54205,-2.30695,8.91648,-6.59606,,,,,,,,,,,,,,,,,,,,,,,,,,,,,,,,,,,,,,,,,,,,,,,,,,,High,High,High,,,,,
162,2025-10-04,13:24:51.56,1,2,"Coffey, Joe",10091322,Right,BAL_UNI,"Gonzalez Rivera, Ignacio",10124440,Right,MIA_RED,Undefined,5,Bottom,0,0,1,Fastball,Changeup,StrikeCalled,Undefined,Undefined,Undefined,0,0,,86.88499,-0.251313,-4.194086,1803.201902,221.428178,1:30,4.78546,2.31666,6.21154,-19.49088,17.17017,14.12387,2.92866,-0.38394,79.28217,-3.964766,-1.653679,0.435787,,,,,,,,,,,,-8.44481,9.30504,-2.00846,50,4.75663,8.67557,-125.98335,-1.08899,-13.5834,25.39879,-17.20692,MIA_RED,BAL_UNI,McKieFieldStad,TeamExclusive,Team,20251004-McKieFieldStad-Private-1,0966fe20-a147-11f0-9f0b-09fe507a42b3,86.4929,,,7.60282,,,,,,,6a89286b-1dc2-4afe-ba41-38a51ea46870,2025-10-04,17:24:51.56,2025-10-04T13:24:51.5670000-04:00,2025-10-04T17:24:51.5670000Z,,v3,471355,,,"Fixx, Mason",10305580,Right,BAL_UNI,f5fb8a27-3a69-4d92-816b-eeab8b528bc6,54.28575,-126.84443,12.69939,4.78366,-0.50563,-8.60346,-2.31039,9.13608,-6.7917,,,,,,,,,,,,,,,,,,,,,,,,,,,,,,,,,,,,,,,,,,,,,,,,,,,High,High,High,,,,,
163,2025-10-04,13:25:05.55,1,3,"Coffey, Joe",10091322,Right,BAL_UNI,"Gonzalez Rivera, Ignacio",10124440,Right,MIA_RED,Undefined,5,Bottom,0,0,2,Fastball,Changeup,BallinDirt,Undefined,Undefined,Undefined,0,0,,80.91902,-3.146249,-4.01974,1454.042151,254.446581,2:30,4.69856,2.14963,6.12475,-36.75482,5.69158,15.66178,-1.28284,-0.26718,74.74508,-9.907182,-1.19714,0.468912,,,,,,,,,,,,-9.44784,4.08878,-1.85064,50,4.43749,7.70824,-117.27055,-7.55516,-13.16,22.12562,-26.47872,MIA_RED,BAL_UNI,McKieFieldStad,TeamExclusive,Team,20251004-McKieFieldStad-Private-1,11fa9470-a147-11f0-9f0b-09fe507a42b3,80.38269,,,6.17394,,,,,,,6a89286b-1dc2-4afe-ba41-38a51ea46870,2025-10-04,17:25:05.55,2025-10-04T13:25:05.5560000-04:00,2025-10-04T17:25:05.5560000Z,,v3,471355,,,"Fixx, Mason",10305580,Right,BAL_UNI,0dc2fad2-3c56-46f6-8bb0-8a6afd7ac3ec,54.37751,-118.09357,11.06281,4.70021,-6.57021,-13.23936,-2.14647,8.19777,-6.58,,,,,,,,,,,,,,,,,,,,,,,,,,,,,,,,,,,,,,,,,,,,,,,,,,,High,High,High,,,,,
164,2025-10-04,13:25:27.75,1,4,"Coffey, Joe",10091322,Right,BAL_UNI,"Gonzalez Rivera, Ignacio",10124440,Right,MIA_RED,Undefined,5,Bottom,0,1,2,Fastball,Sinker,BallCalled,Undefined,Undefined,Undefined,0,0,,87.68065,-0.688006,-5.454219,2030.886263,220.914214,1:15,4.79416,2.19631,6.19492,-19.3571,16.97458,13.6515,2.543,-1.71654,79.60276,-4.379951,-3.007338,0.433825,,,,,,,,,,,,-8.6004,9.32938,-1.79114,50,4.73225,11.55255,-126.82262,-2.06256,-13.95097,26.90944,-17.04059,MIA_RED,BAL_UNI,McKieFieldStad,TeamExclusive,Team,20251004-McKieFieldStad-Private-1,1f127a60-a147-11f0-9f0b-09fe507a42b3,86.88406,,,8.07789,,,,,,,6a89286b-1dc2-4afe-ba41-38a51ea46870,2025-10-04,17:25:27.75,2025-10-04T13:25:27.7530000-04:00,2025-10-04T17:25:27.7530000Z,,v3,471355,,,"Fixx, Mason",10305580,Right,BAL_UNI,fc27b5cb-443d-4b2a-9837-1d1ddfbf58ea,54.30131,-127.73202,13.45472,4.79222,-1.48667,-8.5203,-2.18952,12.02402,-6.97549,,,,,,,,,,,,,,,,,,,,,,,,,,,,,,,,,,,,,,,,,,,,,,,,,,,High,High,High,,,,,
165,2025-10-04,13:25:43.10,1,5,"Coffey, Joe",10091322,Right,BAL_UNI,"Gonzalez Rivera, Ignacio",10124440,Right,MIA_RED,Undefined,5,Bottom,0,2,2,Curveball,Curveball,StrikeSwinging,Strikeout,Undefined,Undefined,0,0,,72.10204,0.662637,-1.27301,2578.14896,56.951319,8:00,5.18512,2.06928,5.59058,-64.35114,-9.508,-17.39186,0.44143,-0.56887,66.31366,-11.023316,-4.38555,0.533007,,,,,,,,,,,,8.50052,-4.62662,-1.94818,50,5.19961,2.92769,-104.70025,-0.75754,9.31606,19.77147,-37.24455,MIA_RED,BAL_UNI,McKieFieldStad,TeamExclusive,Team,20251004-McKieFieldStad-Private-1,285144d0-a147-11f0-9f0b-09fe507a42b3,70.71665,,,5.78839,,,,,,,6a89286b-1dc2-4afe-ba41-38a51ea46870,2025-10-04,17:25:43.10,2025-10-04T13:25:43.1010000-04:00,2025-10-04T17:25:43.1010000Z,,v3,471355,,,"Fixx, Mason",10305580,Right,BAL_UNI,8bfe0432-a210-403e-a558-61278a82884f,54.91156,-105.62367,9.88573,5.19437,0.98195,-18.62228,-2.07475,2.49259,4.65803,,,,,,,,,,,,,,,,,,,,,,,,,,,,,,,,,,,,,,,,,,,,,,,,,,,High,High,High,,,,,
166,2025-10-04,13:26:15.95,2,1,"Coffey, Joe",10091322,Right,BAL_UNI,"Harrison, Tommy",811731,Left,MIA_RED,Undefined,5,Bottom,1,0,0,Fastball,Sinker,InPlay,Undefined,LineDrive,Single,0,0,,87.37235,-0.241367,-3.904169,1939.706521,220.377927,1:15,4.93556,2.13678,6.10734,-19.07686,17.20867,13.67883,3.12211,-0.33911,79.9221,-3.866535,-1.447226,0.433549,91.15879,8.811522,32.575701,2093.535698,89.96916,6.01123,63.28939,143.60524,138.49176,36.256507,1.236564,-8.16477,9.30501,-1.84392,50,4.90695,8.11392,-126.77067,-1.0788,-13.32363,25.24294,-16.98969,MIA_RED,BAL_UNI,McKieFieldStad,TeamExclusive,Team,20251004-McKieFieldStad-Private-1,3bc91830-a147-11f0-9f0b-09fe507a42b3,86.93931,8.55111,,7.45025,,,,2.38034,3.27318,0.39342,6a89286b-1dc2-4afe-ba41-38a51ea46870,2025-10-04,17:26:15.95,2025-10-04T13:26:15.9580000-04:00,2025-10-04T17:26:15.9580000Z,LineDrive,v3,471355,,,"Fixx, Mason",10305580,Right,BAL_UNI,ddd8bf41-effe-431d-a0b0-bfa98d19989a,54.3918,-127.64219,12.62147,4.93407,-0.49223,-8.49485,-2.13199,8.57392,-6.66181,,2.38035,111.33488,-19.31857,3.42701,-0.27534,-0.70493,0.73991,-0.33095,0.05609,3.27318,20.48065,-20.90367,2.24876,-0.48583,0.10403,-0.01781,0.00342,-0.00065,0.3934,71.13789,-2.38406,0.36016,-0.83468,1.40315,-1.26579,0.56155,-0.09686,,,,,,,,,,,,,,,,,,,,,,,High,High,High,High,High,,,
167,2025-10-04,13:26:53.27,3,1,"Coffey, Joe",10091322,Right,BAL_UNI,"Raether, Carson",1000338521,Left,MIA_RED,Undefined,5,Bottom,1,0,0,ChangeUp,Changeup,StrikeCalled,Undefined,Undefined,Undefined,0,0,,79.27195,0.618496,-3.870486,1412.578879,247.812341,2:15,4.6409,2.15753,5.86165,-36.6427,7.93481,16.0165,2.16326,-0.1089,72.59594,-6.169893,-1.004677,0.48054,,,,,,,,,,,,-9.22823,4.31973,-1.85263,50,4.66985,7.16954,-114.94748,0.11394,-12.36484,21.01639,-26.38607,MIA_RED,BAL_UNI,McKieFieldStad,TeamExclusive,Team,20251004-McKieFieldStad-Private-1,524b1e50-a147-11f0-9f0b-09fe507a42b3,78.43773,,,6.67602,,,,,,,6a89286b-1dc2-4afe-ba41-38a51ea46870,2025-10-04,17:26:53.27,2025-10-04T13:26:53.2760000-04:00,2025-10-04T17:26:53.2760000Z,,v3,471355,,,"Fixx, Mason",10305580,Right,BAL_UNI,c26b7387-2a61-41db-9dc8-59cc2d57b209,54.63645,-115.79208,10.5082,4.64396,1.17434,-13.19304,-2.15074,7.66646,-6.18242,,,,,,,,,,,,,,,,,,,,,,,,,,,,,,,,,,,,,,,,,,,,,,,,,,,High,High,High,,,,,
168,2025-10-04,13:27:11.93,3,2,"Coffey, Joe",10091322,Right,BAL_UNI,"Raether, Carson",1000338521,Left,MIA_RED,Undefined,5,Bottom,1,0,1,Sinker,Changeup,FoulBallNotFieldable,Undefined,Undefined,Undefined,0,0,,79.71023,0.665812,-3.802828,1462.274472,257.627422,2:30,4.66417,2.41131,5.87749,-38.74679,5.48693,18.4145,2.05501,0.4089,72.73285,-6.509052,-0.505311,0.478683,,,,,,,,,,,,-10.56532,3.01799,-2.11465,50,4.69555,6.99339,-115.57664,0.14082,-14.23915,22.27025,-28.10659,MIA_RED,BAL_UNI,McKieFieldStad,TeamExclusive,Team,20251004-McKieFieldStad-Private-1,5d3c0590-a147-11f0-9f0b-09fe507a42b3,78.74192,,,6.97737,,,,,,,6a89286b-1dc2-4afe-ba41-38a51ea46870,2025-10-04,17:27:11.93,2025-10-04T13:27:11.9380000-04:00,2025-10-04T17:27:11.9380000Z,,v3,471355,,,"Fixx, Mason",10305580,Right,BAL_UNI,b72416c8-7529-474b-88d9-a63171c0a8a8,54.62186,-116.46382,11.13513,4.66764,1.26049,-14.0533,-2.40454,7.56063,-7.11957,,,,,,,,,,,,,,,,,,,,,,,,,,,,,,,,,,,,,,,,,,,,,,,,,,,High,High,High,,,,,
169,2025-10-04,13:27:39.43,3,3,"Coffey, Joe",10091322,Right,BAL_UNI,"Raether, Carson",1000338521,Left,MIA_RED,Undefined,5,Bottom,1,0,2,Curveball,Curveball,FoulBallNotFieldable,Undefined,Undefined,Undefined,1,0,,71.47823,2.093053,-1.64485,2552.575588,61.533275,8:00,5.13246,2.23218,5.353,-62.38027,-6.41949,-15.02698,1.8988,-0.56315,65.84684,-9.221052,-4.314742,0.53841,,,,,,,,,,,,7.15111,-3.44662,-2.07279,50,5.27562,3.5071,-103.73666,1.84934,7.76286,17.96962,-35.91551,MIA_RED,BAL_UNI,McKieFieldStad,TeamExclusive,Team,20251004-McKieFieldStad-Private-1,6db6eca0-a147-11f0-9f0b-09fe507a42b3,70.00691,,,5.63139,,,,,,,6a89286b-1dc2-4afe-ba41-38a51ea46870,2025-10-04,17:27:39.43,2025-10-04T13:27:39.4360000-04:00,2025-10-04T17:27:39.4360000Z,,v3,471355,,,"Fixx, Mason",10305580,Right,BAL_UNI,dc8c7aac-042f-4e65-8d14-c4e17f6b0773,55.14897,-104.62478,8.98481,5.14035,3.62441,-17.95776,-2.23664,3.12343,3.88143,,,,,,,,,,,,,,,,,,,,,,,,,,,,,,,,,,,,,,,,,,,,,,,,,,,High,High,High,,,,,
170,2025-10-04,13:28:31.20,3,4,"Coffey, Joe",10091322,Right,BAL_UNI,"Raether, Carson",1000338521,Left,MIA_RED,Undefined,5,Bottom,2,0,2,ChangeUp,Changeup,BallCalled,Undefined,Undefined,Undefined,0,0,,82.98966,-2.156408,-2.747775,1409.934339,243.411027,2:00,4.85733,2.15994,5.89005,-31.36891,9.37205,16.06143,0.23779,0.94514,76.04041,-7.965616,0.136129,0.459396,,,,,,,,,,,,-9.12071,5.79327,-1.94813,50,4.66518,5.16847,-120.38771,-5.52404,-13.33862,24.13474,-23.70164,MIA_RED,BAL_UNI,McKieFieldStad,TeamExclusive,Team,20251004-McKieFieldStad-Private-1,8c796000-a147-11f0-9f0b-09fe507a42b3,82.04784,,,6.94924,,,,,,,6a89286b-1dc2-4afe-ba41-38a51ea46870,2025-10-04,17:28:31.20,2025-10-04T13:28:31.2010000-04:00,2025-10-04T17:28:31.2010000Z,,v3,471355,,,"Fixx, Mason",10305580,Right,BAL_UNI,bfd90b1b-516c-45c9-9def-4be33be3b244,54.60967,-121.30832,12.06737,4.85865,-4.61996,-11.85082,-2.15498,5.67727,-6.66931,,,,,,,,,,,,,,,,,,,,,,,,,,,,,,,,,,,,,,,,,,,,,,,,,,,High,High,High,,,,,
171,2025-10-04,13:28:49.85,3,5,"Coffey, Joe",10091322,Right,BAL_UNI,"Raether, Carson",1000338521,Left,MIA_RED,Undefined,5,Bottom,2,1,2,Fastball,Changeup,BallCalled,Undefined,Undefined,Undefined,0,0,,87.3364,-0.021517,-1.830729,1842.071165,225.67328,1:30,4.82603,2.06327,6.31278,-19.97233,15.98332,15.22682,3.14184,1.64528,79.89196,-3.824774,0.922754,0.431574,,,,,,,,,,,,-8.38241,8.65008,-1.93596,50,4.81468,3.45493,-126.94739,-0.59867,-13.70026,25.61059,-18.03634,MIA_RED,BAL_UNI,McKieFieldStad,TeamExclusive,Team,20251004-McKieFieldStad-Private-1,9771c150-a147-11f0-9f0b-09fe507a42b3,87.33722,,,7.44444,,,,,,,6a89286b-1dc2-4afe-ba41-38a51ea46870,2025-10-04,17:28:49.85,2025-10-04T13:28:49.8570000-04:00,2025-10-04T17:28:49.8570000Z,,v3,471355,,,"Fixx, Mason",10305580,Right,BAL_UNI,d0e610f1-ccc3-42cb-842f-ffb93d8cbb8d,54.18467,-127.78883,12.8053,4.82462,-0.00609,-9.01817,-2.05687,3.90506,-6.85013,,,,,,,,,,,,,,,,,,,,,,,,,,,,,,,,,,,,,,,,,,,,,,,,,,,High,High,High,,,,,
172,2025-10-04,13:29:04.49,3,6,"Coffey, Joe",10091322,Right,BAL_UNI,"Raether, Carson",1000338521,Left,MIA_RED,Undefined,5,Bottom,2,2,2,Curveball,Curveball,BallCalled,Undefined,Undefined,Undefined,0,0,,73.20641,3.477054,-0.520934,2615.58302,63.715808,8:00,5.1327,1.86318,5.46723,-58.85109,-5.66091,-14.83135,3.48667,0.13969,67.00293,-7.261466,-3.160001,0.524913,,,,,,,,,,,,7.27626,-3.28299,-1.80709,50,5.3988,1.51711,-106.15193,4.56731,8.27938,18.64091,-35.90963,MIA_RED,BAL_UNI,McKieFieldStad,TeamExclusive,Team,20251004-McKieFieldStad-Private-1,a03fefa0-a147-11f0-9f0b-09fe507a42b3,71.80705,,,6.20348,,,,,,,6a89286b-1dc2-4afe-ba41-38a51ea46870,2025-10-04,17:29:04.49,2025-10-04T13:29:04.4930000-04:00,2025-10-04T17:29:04.4930000Z,,v3,471355,,,"Fixx, Mason",10305580,Right,BAL_UNI,950a8698-1e84-40ac-8367-7c65da4a1900,55.03283,-107.03207,9.32045,5.14312,6.26281,-17.95482,-1.86949,1.12619,4.13969,,,,,,,,,,,,,,,,,,,,,,,,,,,,,,,,,,,,,,,,,,,,,,,,,,,High,High,High,,,,,
173,2025-10-04,13:29:27.95,3,7,"Coffey, Joe",10091322,Right,BAL_UNI,"Raether, Carson",1000338521,Left,MIA_RED,Undefined,5,Bottom,2,3,2,Fastball,Changeup,FoulBallNotFieldable,Undefined,Undefined,Undefined,0,0,,87.85486,-0.585524,-3.063167,1895.296313,217.787762,1:15,4.84845,2.03685,6.24157,-17.58084,18.173,13.20831,2.84253,0.3095,80.1808,-3.953594,-0.681307,0.430361,75.19763,9.415911,-171.21493,,,,,,34.02424,,,-7.53414,9.86127,-1.81383,50,4.79551,6.25951,-127.48624,-1.75857,-12.41618,25.87594,-15.92278,MIA_RED,BAL_UNI,McKieFieldStad,TeamExclusive,Team,20251004-McKieFieldStad-Private-1,ae2a67d0-a147-11f0-9f0b-09fe507a42b3,87.58334,7.31321,,7.67406,,,,-1.21043,2.93179,0.36963,6a89286b-1dc2-4afe-ba41-38a51ea46870,2025-10-04,17:29:27.95,2025-10-04T13:29:27.9580000-04:00,2025-10-04T17:29:27.9580000Z,,v3,471355,,,"Fixx, Mason",10305580,Right,BAL_UNI,ed9e8cc5-0e82-49fb-a609-9e89ade77904,54.252,-128.34637,12.93797,4.84517,-1.22929,-7.96139,-2.02876,6.67223,-6.20809,,-1.20878,-107.59907,7.58721,,,,,,,2.93136,18.06188,-12.21866,,,,,,,0.37216,-16.7262,-17.72191,,,,,,,,,,,,,,,,,,,,,,,,,,,,,High,High,High,Low,Undefined,,,
174,2025-10-04,13:29:52.12,3,8,"Coffey, Joe",10091322,Right,BAL_UNI,"Raether, Carson",1000338521,Left,MIA_RED,Undefined,5,Bottom,2,3,2,Fastball,Sinker,StrikeCalled,Strikeout,Undefined,Undefined,0,0,,88.24316,-1.874482,-4.01334,2090.313733,220.126487,1:15,4.84965,2.13436,6.32048,-16.82686,19.04332,14.95524,1.71618,-0.32165,79.60549,-5.132238,-1.316048,0.431061,,,,,,,,,,,,-8.99953,10.85095,-1.84728,50,4.70414,8.35875,-127.77591,-4.61117,-14.68665,29.49574,-14.46599,MIA_RED,BAL_UNI,McKieFieldStad,TeamExclusive,Team,20251004-McKieFieldStad-Private-1,bca7f840-a147-11f0-9f0b-09fe507a42b3,87.44116,,,8.63767,,,,,,,6a89286b-1dc2-4afe-ba41-38a51ea46870,2025-10-04,17:29:52.12,2025-10-04T13:29:52.1210000-04:00,2025-10-04T17:29:52.1210000Z,,v3,471355,,,"Fixx, Mason",10305580,Right,BAL_UNI,94145718-cf50-4b78-bd3e-75b181ac2e56,54.17513,-128.73609,14.74787,4.84658,-4.14026,-7.233,-2.12716,8.83685,-7.34332,,,,,,,,,,,,,,,,,,,,,,,,,,,,,,,,,,,,,,,,,,,,,,,,,,,High,High,High,,,,,
175,2025-10-04,13:32:58.45,1,1,"Eisiminger, Jared",1000160731,Right,MIA_RED,"West, Colin",10030647,Right,BAL_UNI,Undefined,6,Top,0,0,0,Slider,Slider,StrikeSwinging,Undefined,Undefined,Undefined,0,0,,82.25091,0.38984,-3.67903,1910.975546,86.673921,9:00,4.93461,2.61437,5.52377,-41.3029,1.14543,-5.1974,1.85792,-1.26297,74.77971,-7.17626,-4.602339,0.468923,,,,,,,,,,,,1.47169,0.9052,-2.29051,50,4.94124,7.87075,-119.0748,-0.62212,2.08915,25.27422,-30.88908,MIA_RED,BAL_UNI,McKieFieldStad,TeamExclusive,Team,20251004-McKieFieldStad-Private-1,2bc6a000-a148-11f0-9f0b-09fe507a42b3,80.38086,,,7.47119,,,,,,,6a89286b-1dc2-4afe-ba41-38a51ea46870,2025-10-04,17:32:58.45,2025-10-04T13:32:58.4550000-04:00,2025-10-04T17:32:58.4550000Z,,v3,471355,,,"Raether, Carson",1000338521,Right,MIA_RED,9fda31c2-75e5-4840-b1c5-901a1143d5da,54.97254,-120.1256,12.63711,4.94041,0.66214,-15.44454,-2.61594,7.78389,1.04457,,,,,,,,,,,,,,,,,,,,,,,,,,,,,,,,,,,,,,,,,,,,,,,,,,,High,High,High,,,,,
176,2025-10-04,13:33:15.36,1,2,"Eisiminger, Jared",1000160731,Right,MIA_RED,"West, Colin",10030647,Right,BAL_UNI,Undefined,6,Top,0,0,1,Slider,Slider,BallCalled,Undefined,Undefined,Undefined,0,0,,82.43367,-1.542298,-4.343786,1835.238446,94.200226,9:15,4.91988,2.63833,5.58575,-40.93376,1.7198,-1.7935,0.06402,-1.57518,74.52991,-9.03514,-4.662836,0.470055,,,,,,,,,,,,-0.57287,1.80756,-2.2634,50,4.76043,9.11984,-119.11674,-4.60634,-0.80512,27.53071,-29.63361,MIA_RED,BAL_UNI,McKieFieldStad,TeamExclusive,Team,20251004-McKieFieldStad-Private-1,35d8e710-a148-11f0-9f0b-09fe507a42b3,80.18724,,,7.90376,,,,,,,6a89286b-1dc2-4afe-ba41-38a51ea46870,2025-10-04,17:33:15.36,2025-10-04T13:33:15.3660000-04:00,2025-10-04T17:33:15.3660000Z,,v3,471355,,,"Raether, Carson",1000338521,Right,MIA_RED,99b453d5-969e-4e0a-9488-1d5f3512c58e,54.91097,-120.24642,13.76535,4.9245,-3.39036,-14.8168,-2.63829,9.15287,-0.40256,,,,,,,,,,,,,,,,,,,,,,,,,,,,,,,,,,,,,,,,,,,,,,,,,,,High,High,High,,,,,
177,2025-10-04,13:33:36.94,1,3,"Eisiminger, Jared",1000160731,Right,MIA_RED,"West, Colin",10030647,Right,BAL_UNI,Undefined,6,Top,0,1,1,Fastball,Sinker,StrikeCalled,Undefined,Undefined,Undefined,0,0,,94.11537,-1.452981,-5.350278,2155.309881,235.960745,1:45,5.21979,2.43885,6.0894,-18.18469,13.37198,18.25867,2.35419,-1.00313,85.69378,-4.896322,-2.080349,0.404312,,,,,,,,,,,,-10.8643,7.60347,-2.0345,50,5.0976,11.94761,-136.17607,-4.04118,-20.38476,30.11954,-17.90757,MIA_RED,BAL_UNI,McKieFieldStad,TeamExclusive,Team,20251004-McKieFieldStad-Private-1,42aa0000-a148-11f0-9f0b-09fe507a42b3,93.22606,,,8.42159,,,,,,,6a89286b-1dc2-4afe-ba41-38a51ea46870,2025-10-04,17:33:36.94,2025-10-04T13:33:36.9440000-04:00,2025-10-04T17:33:36.9440000Z,,v3,471355,,,"Raether, Carson",1000338521,Right,MIA_RED,7582faf3-c09b-4cd1-a7f5-7a89226913cc,54.40851,-137.14768,15.05977,5.21864,-3.46351,-8.95379,-2.43052,12.60519,-10.19238,,,,,,,,,,,,,,,,,,,,,,,,,,,,,,,,,,,,,,,,,,,,,,,,,,,High,High,High,,,,,
178,2025-10-04,13:33:55.01,1,4,"Eisiminger, Jared",1000160731,Right,MIA_RED,"West, Colin",10030647,Right,BAL_UNI,Undefined,6,Top,0,1,2,Fastball,Sinker,BallCalled,Undefined,Undefined,Undefined,0,0,,93.19085,1.181759,-4.504089,2176.222597,242.871501,2:00,5.30448,2.38848,5.85334,-21.07446,11.38205,20.13285,4.64985,-0.12735,84.51791,-2.778675,-0.908366,0.410036,,,,,,,,,,,,-11.52528,5.78579,-2.03365,50,5.38849,9.72164,-134.95375,2.08,-21.1934,30.16357,-21.53476,MIA_RED,BAL_UNI,McKieFieldStad,TeamExclusive,Team,20251004-McKieFieldStad-Private-1,4d77a7d0-a148-11f0-9f0b-09fe507a42b3,91.92467,,,8.67294,,,,,,,6a89286b-1dc2-4afe-ba41-38a51ea46870,2025-10-04,17:33:55.01,2025-10-04T13:33:55.0160000-04:00,2025-10-04T17:33:55.0160000Z,,v3,471355,,,"Raether, Carson",1000338521,Right,MIA_RED,2d27f150-5782-48eb-bc04-7b6b2e165ed5,54.64458,-135.98789,15.08179,5.30452,2.81831,-10.76738,-2.37941,10.44825,-10.5967,,,,,,,,,,,,,,,,,,,,,,,,,,,,,,,,,,,,,,,,,,,,,,,,,,,High,High,High,,,,,
179,2025-10-04,13:34:13.59,1,5,"Eisiminger, Jared",1000160731,Right,MIA_RED,"West, Colin",10030647,Right,BAL_UNI,Undefined,6,Top,0,2,2,Slider,Slider,StrikeSwinging,Strikeout,Undefined,Undefined,0,0,,82.46798,0.095826,-3.743116,1820.306235,81.864212,8:45,4.95343,2.60506,5.62346,-41.17199,1.05287,-3.08067,1.61205,-1.14953,74.725,-7.466065,-4.291609,0.467687,,,,,,,,,,,,0.34929,0.95016,-2.28364,50,4.93544,7.93445,-119.35775,-1.20991,0.49614,26.26024,-30.82441,MIA_RED,BAL_UNI,McKieFieldStad,TeamExclusive,Team,20251004-McKieFieldStad-Private-1,58820a80-a148-11f0-9f0b-09fe507a42b3,80.59325,,,7.74298,,,,,,,6a89286b-1dc2-4afe-ba41-38a51ea46870,2025-10-04,17:34:13.59,2025-10-04T13:34:13.5990000-04:00,2025-10-04T17:34:13.5990000Z,,v3,471355,,,"Raether, Carson",1000338521,Right,MIA_RED,6c17ad7b-99af-4833-9266-9f7a37880e0c,54.87259,-120.42501,13.13012,4.95915,0.04284,-15.4122,-2.6057,7.91429,0.24807,,,,,,,,,,,,,,,,,,,,,,,,,,,,,59.76173,2.513831,1.384192,1.129639,0.38865,1.47548,1.22677,-1.15331,6.26722,-0.77446,68.26282,5.93711,-56.51229,-1.12324,65.42333,-3.55253,6.31145,16.19102,-14.64431,-0.82714,-54.85274,4.94038,High,High,High,,,High,High,High
180,2025-10-04,13:34:44.61,2,1,"Eisiminger, Jared",1000160731,Right,MIA_RED,"Gordon, Ryan",1000401460,Right,BAL_UNI,Undefined,6,Top,1,0,0,Fastball,Sinker,StrikeCalled,Undefined,Undefined,Undefined,0,0,,92.99779,-0.290504,-4.816582,1996.147481,240.869684,2:00,5.24373,2.37998,6.01067,-20.708,11.70225,19.07084,3.24799,-0.50336,84.47969,-4.193141,-1.40189,0.409744,,,,,,,,,,,,-11.09934,6.41099,-2.01116,50,5.20954,10.49782,-134.66376,-1.36193,-20.32547,29.99539,-20.43403,MIA_RED,BAL_UNI,McKieFieldStad,TeamExclusive,Team,20251004-McKieFieldStad-Private-1,6af258f0-a148-11f0-9f0b-09fe507a42b3,91.99026,,,8.5181,,,,,,,6a89286b-1dc2-4afe-ba41-38a51ea46870,2025-10-04,17:34:44.61,2025-10-04T13:34:44.6100000-04:00,2025-10-04T17:34:44.6100000Z,,v3,471355,,,"Raether, Carson",1000338521,Right,MIA_RED,4a746c0a-03ca-4a3a-a639-d75696a91fbb,54.48665,-135.65945,14.99769,5.24349,-0.68362,-10.21701,-2.37083,11.17252,-10.16273,,,,,,,,,,,,,,,,,,,,,,,,,,,,,,,,,,,,,,,,,,,,,,,,,,,High,High,High,,,,,
181,2025-10-04,13:35:00.41,2,2,"Eisiminger, Jared",1000160731,Right,MIA_RED,"Gordon, Ryan",1000401460,Right,BAL_UNI,Undefined,6,Top,1,0,1,ChangeUp,Changeup,StrikeCalled,Undefined,Undefined,Undefined,0,0,,86.34099,0.547616,-5.203621,1661.422003,265.682649,2:45,4.96076,2.53728,6.53216,-34.28541,2.64689,18.81005,2.60806,-0.68161,78.53237,-5.869281,-1.803847,0.437396,,,,,,,,,,,,-11.32623,1.61957,-2.18255,50,4.98456,10.67065,-125.06712,0.14837,-17.85272,26.36347,-29.62123,MIA_RED,BAL_UNI,McKieFieldStad,TeamExclusive,Team,20251004-McKieFieldStad-Private-1,746ec8a0-a148-11f0-9f0b-09fe507a42b3,86.17464,,,7.80862,,,,,,,6a89286b-1dc2-4afe-ba41-38a51ea46870,2025-10-04,17:35:00.41,2025-10-04T13:35:00.4190000-04:00,2025-10-04T17:35:00.4190000Z,,v3,471355,,,"Raether, Carson",1000338521,Right,MIA_RED,3c004435-006d-4cfe-8e57-86527f6805e4,53.96647,-125.90046,13.18173,4.96507,1.08468,-14.81061,-2.52876,11.23496,-8.92636,,,,,,,,,,,,,,,,,,,,,,,,,,,,,,,,,,,,,,,,,,,,,,,,,,,High,High,High,,,,,
182,2025-10-04,13:35:16.15,2,3,"Eisiminger, Jared",1000160731,Right,MIA_RED,"Gordon, Ryan",1000401460,Right,BAL_UNI,Undefined,6,Top,1,0,2,Slider,Slider,BallCalled,Undefined,Undefined,Undefined,0,0,,81.83524,-1.780951,-3.956652,1769.847573,103.07509,9:30,4.99922,2.52053,5.54538,-40.60179,2.19335,-3.27945,-0.0531,-1.45618,74.91605,-9.176826,-4.540102,0.470835,,,,,,,,,,,,0.46984,2.0028,-2.17514,50,4.81752,8.32106,-118.45197,-5.06492,0.66119,24.62586,-29.35548,MIA_RED,BAL_UNI,McKieFieldStad,TeamExclusive,Team,20251004-McKieFieldStad-Private-1,7dce8890-a148-11f0-9f0b-09fe507a42b3,80.05449,,,6.91919,,,,,,,6a89286b-1dc2-4afe-ba41-38a51ea46870,2025-10-04,17:35:16.15,2025-10-04T13:35:16.1580000-04:00,2025-10-04T17:35:16.1580000Z,,v3,471355,,,"Raether, Carson",1000338521,Right,MIA_RED,aecc370c-8e28-41d4-9fea-baeb4470ff9a,54.95354,-119.47735,12.31293,5.00297,-3.8426,-14.67774,-2.52105,8.29352,0.3306,,,,,,,,,,,,,,,,,,,,,,,,,,,,,,,,,,,,,,,,,,,,,,,,,,,High,High,High,,,,,
183,2025-10-04,13:35:34.73,2,4,"Eisiminger, Jared",1000160731,Right,MIA_RED,"Gordon, Ryan",1000401460,Right,BAL_UNI,Undefined,6,Top,1,1,2,Fastball,Sinker,FoulBallNotFieldable,Undefined,Undefined,Undefined,0,0,,92.52531,-0.359269,-5.349028,2049.170674,243.488528,2:00,5.37453,2.41585,5.99568,-22.03749,10.8365,19.48891,3.20369,-0.93122,83.88382,-4.503235,-1.864692,0.412665,72.93989,31.001114,149.735423,4966.068252,,,,,42.78018,,,-11.54008,5.9967,-2.00411,50,5.33404,11.67775,-133.85388,-1.57185,-20.83312,30.22907,-21.34832,MIA_RED,BAL_UNI,McKieFieldStad,TeamExclusive,Team,20251004-McKieFieldStad-Private-1,88dce2e0-a148-11f0-9f0b-09fe507a42b3,91.33907,23.43309,,8.6415,,,,0.06213,3.06629,0.96351,6a89286b-1dc2-4afe-ba41-38a51ea46870,2025-10-04,17:35:34.73,2025-10-04T13:35:34.7300000-04:00,2025-10-04T17:35:34.7300000Z,,v3,471355,,,"Raether, Carson",1000338521,Right,MIA_RED,dd99f7ba-040c-4a07-94af-d135f9294032,54.5022,-134.86681,15.11453,5.37473,-0.8565,-10.67416,-2.40711,12.37583,-10.41656,,0.06475,-79.27774,6.22609,,,,,,,3.09351,54.35708,-27.06842,,,,,,,0.9897,45.49861,-14.15144,,,,,,,,,,,,,,,,,,,,,,,,,,,,,High,High,High,High,Undefined,,,
184,2025-10-04,13:35:55.89,2,5,"Eisiminger, Jared",1000160731,Right,MIA_RED,"Gordon, Ryan",1000401460,Right,BAL_UNI,Undefined,6,Top,1,1,2,Fastball,Sinker,BallCalled,Undefined,Undefined,Undefined,0,0,,93.4804,-0.77877,-6.591952,2140.65336,244.273269,2:15,5.29199,2.38109,5.99564,-22.5106,9.71233,17.9532,2.68961,-2.25837,85.06711,-4.988949,-3.394733,0.408558,,,,,,,,,,,,-10.99678,5.52516,-1.8694,50,5.21792,14.79632,-134.96393,-2.61103,-20.27808,29.44473,-21.98568,MIA_RED,BAL_UNI,McKieFieldStad,TeamExclusive,Team,20251004-McKieFieldStad-Private-1,956dbe80-a148-11f0-9f0b-09fe507a42b3,92.25722,,,8.41329,,,,,,,6a89286b-1dc2-4afe-ba41-38a51ea46870,2025-10-04,17:35:55.89,2025-10-04T13:35:55.8920000-04:00,2025-10-04T17:35:55.8920000Z,,v3,471355,,,"Raether, Carson",1000338521,Right,MIA_RED,70d2139b-9619-4357-b9ff-9b192b8aff44,54.50209,-135.9426,14.72237,5.29256,-1.88029,-10.99284,-2.37239,15.47031,-10.13904,,,,,,,,,,,,,,,,,,,,,,,,,,,,,,,,,,,,,,,,,,,,,,,,,,,High,High,High,,,,,
185,2025-10-04,13:36:15.57,2,6,"Eisiminger, Jared",1000160731,Right,MIA_RED,"Gordon, Ryan",1000401460,Right,BAL_UNI,Undefined,6,Top,1,2,2,ChangeUp,Changeup,FoulBallNotFieldable,Undefined,Undefined,Undefined,0,0,,86.92712,-0.034143,-5.067532,1666.791635,265.751503,2:45,4.8825,2.64668,6.24896,-34.36805,2.33508,15.57312,1.98688,-0.74123,79.42995,-6.417185,-2.266876,0.436037,,,,,,,,,,,,-9.52886,1.5637,-2.27671,50,4.86308,10.56068,-125.93402,-1.18713,-15.28071,25.91699,-29.66646,MIA_RED,BAL_UNI,McKieFieldStad,TeamExclusive,Team,20251004-McKieFieldStad-Private-1,a1545060-a148-11f0-9f0b-09fe507a42b3,86.44327,,,7.49716,,,,,,,6a89286b-1dc2-4afe-ba41-38a51ea46870,2025-10-04,17:36:15.57,2025-10-04T13:36:15.5720000-04:00,2025-10-04T17:36:15.5720000Z,,v3,471355,,,"Raether, Carson",1000338521,Right,MIA_RED,3ab482b1-effe-4dfe-8897-46533fbb191a,54.25051,-126.80575,12.95849,4.88623,-0.18928,-14.83323,-2.64056,11.07465,-7.64035,,,,,,,,,,,,,,,,,,,,,,,,,,,,,,,,,,,,,,,,,,,,,,,,,,,High,High,High,,,,,
186,2025-10-04,13:36:41.77,2,7,"Eisiminger, Jared",1000160731,Right,MIA_RED,"Gordon, Ryan",1000401460,Right,BAL_UNI,Undefined,6,Top,1,2,2,Slider,Slider,BallCalled,Undefined,Undefined,Undefined,0,0,,79.91938,2.106916,-1.532333,1659.09315,109.586404,9:45,4.8572,2.77992,5.61574,-41.43786,2.89315,-4.18855,3.37199,1.00043,72.9553,-5.522123,-2.279538,0.479209,,,,,,,,,,,,1.67453,1.32051,-2.64641,50,5.01068,3.26808,-115.93116,2.89087,2.27406,22.10416,-30.38076,MIA_RED,BAL_UNI,McKieFieldStad,TeamExclusive,Team,20251004-McKieFieldStad-Private-1,b0bb0850-a148-11f0-9f0b-09fe507a42b3,78.65547,,,6.96408,,,,,,,6a89286b-1dc2-4afe-ba41-38a51ea46870,2025-10-04,17:36:41.77,2025-10-04T13:36:41.7790000-04:00,2025-10-04T17:36:41.7790000Z,,v3,471355,,,"Raether, Carson",1000338521,Right,MIA_RED,6bd18876-04dd-4048-a71e-927c7cc99e2a,54.88096,-116.85808,11.05208,4.86274,4.16487,-15.19038,-2.78146,3.17272,1.13703,,,,,,,,,,,,,,,,,,,,,,,,,,,,,,,,,,,,,,,,,,,,,,,,,,,High,High,High,,,,,
187,2025-10-04,13:37:00.91,2,8,"Eisiminger, Jared",1000160731,Right,MIA_RED,"Gordon, Ryan",1000401460,Right,BAL_UNI,Undefined,6,Top,1,3,2,Fastball,Sinker,StrikeSwinging,Strikeout,Undefined,Undefined,0,0,,91.6935,-1.606104,-4.937166,1945.573512,258.361588,2:30,4.97562,2.47227,6.05889,-28.06659,5.3065,20.29265,1.14428,-0.41762,83.44618,-6.824964,-1.296661,0.415786,,,,,,,,,,,,-11.90568,3.53929,-2.0989,50,4.8355,10.60153,-132.72603,-4.70424,-21.12111,29.86312,-25.89525,MIA_RED,BAL_UNI,McKieFieldStad,TeamExclusive,Team,20251004-McKieFieldStad-Private-1,bc3f07d0-a148-11f0-9f0b-09fe507a42b3,90.65351,,,8.24732,,,,,,,6a89286b-1dc2-4afe-ba41-38a51ea46870,2025-10-04,17:37:00.91,2025-10-04T13:37:00.9180000-04:00,2025-10-04T17:37:00.9180000Z,,v3,471355,,,"Raether, Carson",1000338521,Right,MIA_RED,bfd1b5b9-7864-4880-8bcf-5254d0f7f45c,54.44011,-133.72131,14.93156,4.9779,-3.84119,-12.94763,-2.46396,11.30546,-10.56055,,,,,,,,,,,,,,,,,,,,,,,,,,,,,60.89233,2.825114,1.67255,1.152563,1.13568,1.11057,0.42393,-3.27133,4.53564,1.44761,70.90872,5.79117,-53.86796,-3.2416,68.25295,-3.41073,4.57823,17.87903,-14.61692,1.39304,-53.53276,4.8682,High,High,High,,,High,High,High
188,2025-10-04,13:37:29.84,3,1,"Eisiminger, Jared",1000160731,Right,MIA_RED,"Kellicker, Nolan",1000224606,Left,BAL_UNI,Undefined,6,Top,2,0,0,Fastball,Sinker,FoulBallNotFieldable,Undefined,Undefined,Undefined,0,0,,92.45821,-0.189428,-3.525358,2041.914689,251.251785,2:30,5.23109,2.51688,6.14068,-24.47525,8.02398,20.52871,3.0161,0.96562,84.20977,-4.777559,0.170385,0.410306,68.56445,48.326737,-66.017161,4587.562829,,,,,62.67771,,,-11.6428,4.51103,-2.25848,50,5.20397,7.40011,-134.17747,-1.26127,-21.15968,29.87165,-23.97568,MIA_RED,BAL_UNI,McKieFieldStad,TeamExclusive,Team,20251004-McKieFieldStad-Private-1,cda44ee0-a148-11f0-9f0b-09fe507a42b3,91.86422,56.62766,,8.24844,,,,0.7849,2.82424,-0.77549,6a89286b-1dc2-4afe-ba41-38a51ea46870,2025-10-04,17:37:29.84,2025-10-04T13:37:29.8450000-04:00,2025-10-04T17:37:29.8450000Z,,v3,471355,,,"Raether, Carson",1000338521,Right,MIA_RED,e674c972-5942-4e02-a2d2-3594b63bbf64,54.35871,-135.14435,14.93582,5.23224,-0.48523,-11.98784,-2.50909,8.085,-10.57984,,0.7849,27.17661,-9.02798,2.59236,-0.63291,0.15356,-0.03615,0.00709,-0.0008,2.82424,75.11392,-26.57316,3.3044,-0.68646,0.13687,-0.0287,0.00513,-0.00053,-0.77549,-61.0889,9.59887,-2.46416,0.55417,-0.12896,0.02954,-0.00567,0.00064,,,,,,,,,,,,,,,,,,,,,,,High,High,High,Medium,Undefined,,,
189,2025-10-04,13:37:52.29,3,2,"Eisiminger, Jared",1000160731,Right,MIA_RED,"Kellicker, Nolan",1000224606,Left,BAL_UNI,Undefined,6,Top,2,0,1,ChangeUp,Changeup,BallCalled,Undefined,Undefined,Undefined,0,0,,85.03192,-2.640349,-5.754902,1705.061369,262.209291,2:45,4.84999,2.66636,6.36258,-34.41136,4.08213,20.3095,-0.46144,-0.95501,77.71576,-9.027196,-2.09393,0.446545,,,,,,,,,,,,-12.45591,3.22701,-2.25859,50,4.6417,11.65659,-122.9356,-6.7408,-18.94225,25.80204,-27.26657,MIA_RED,BAL_UNI,McKieFieldStad,TeamExclusive,Team,20251004-McKieFieldStad-Private-1,db01f060-a148-11f0-9f0b-09fe507a42b3,84.40908,,,7.31616,,,,,,,6a89286b-1dc2-4afe-ba41-38a51ea46870,2025-10-04,17:37:52.29,2025-10-04T13:37:52.2990000-04:00,2025-10-04T17:37:52.2990000Z,,v3,471355,,,"Raether, Carson",1000338521,Right,MIA_RED,4d53797a-67be-4018-b83f-8983068e847f,54.13844,-123.80114,12.90102,4.85248,-5.82614,-13.63329,-2.66027,12.29201,-9.47113,,,,,,,,,,,,,,,,,,,,,,,,,,,,,,,,,,,,,,,,,,,,,,,,,,,High,High,High,,,,,
190,2025-10-04,13:38:11.94,3,3,"Eisiminger, Jared",1000160731,Right,MIA_RED,"Kellicker, Nolan",1000224606,Left,BAL_UNI,Undefined,6,Top,2,1,1,ChangeUp,Changeup,BallCalled,Undefined,Undefined,Undefined,0,0,,86.08695,-1.340948,-5.637157,1711.077093,257.461412,2:30,4.93622,2.65531,6.52722,-31.71584,5.47091,19.03784,1.05688,-0.94635,78.56109,-7.275242,-2.197624,0.4389,,,,,,,,,,,,-11.65489,3.61382,-2.27041,50,4.82902,11.59658,-124.60483,-3.87485,-18.25,25.98052,-26.51531,MIA_RED,BAL_UNI,McKieFieldStad,TeamExclusive,Team,20251004-McKieFieldStad-Private-1,e68b6e20-a148-11f0-9f0b-09fe507a42b3,85.87937,,,7.52586,,,,,,,6a89286b-1dc2-4afe-ba41-38a51ea46870,2025-10-04,17:38:11.94,2025-10-04T13:38:11.9460000-04:00,2025-10-04T17:38:11.9460000Z,,v3,471355,,,"Raether, Carson",1000338521,Right,MIA_RED,fd6f6486-1467-4abb-b8ff-cacac2d93fe2,53.97242,-125.43036,12.99026,4.93875,-3.03233,-13.25765,-2.6481,12.17647,-9.125,,,,,,,,,,,,,,,,,,,,,,,,,,,,,,,,,,,,,,,,,,,,,,,,,,,High,High,High,,,,,
191,2025-10-04,13:38:30.04,3,4,"Eisiminger, Jared",1000160731,Right,MIA_RED,"Kellicker, Nolan",1000224606,Left,BAL_UNI,Undefined,6,Top,2,2,1,Fastball,Sinker,BallCalled,Undefined,Undefined,Undefined,0,0,,92.06701,-1.591431,-5.194671,2091.386632,239.989096,2:00,5.08416,2.59021,6.09962,-21.59186,11.5354,17.9941,1.80657,-0.72772,83.50289,-5.661046,-1.969306,0.414252,,,,,,,,,,,,-10.82064,6.75796,-2.19895,50,4.94991,11.3392,-133.17784,-4.40638,-19.30317,30.39588,-20.11838,MIA_RED,BAL_UNI,McKieFieldStad,TeamExclusive,Team,20251004-McKieFieldStad-Private-1,f158a0c0-a148-11f0-9f0b-09fe507a42b3,90.98921,,,8.56412,,,,,,,6a89286b-1dc2-4afe-ba41-38a51ea46870,2025-10-04,17:38:30.04,2025-10-04T13:38:30.0410000-04:00,2025-10-04T17:38:30.0410000Z,,v3,471355,,,"Raether, Carson",1000338521,Right,MIA_RED,d5ef5fb9-2b05-4a1d-874f-8776aee55dd4,54.39826,-134.17792,15.19794,5.084,-3.74445,-10.05919,-2.58248,11.97431,-9.65158,,,,,,,,,,,,,,,,,,,,,,,,,,,,,,,,,,,,,,,,,,,,,,,,,,,High,High,High,,,,,
192,2025-10-04,13:38:46.97,3,5,"Eisiminger, Jared",1000160731,Right,MIA_RED,"Kellicker, Nolan",1000224606,Left,BAL_UNI,Undefined,6,Top,2,3,1,Fastball,Sinker,BallCalled,Walk,Undefined,Undefined,0,0,,92.17328,-2.000764,-5.226539,2095.468535,234.247971,1:45,4.94793,2.61167,6.0252,-19.87048,13.33796,16.91186,1.43058,-0.83298,83.49551,-5.758006,-2.200301,0.414759,,,,,,,,,,,,-10.31977,7.80835,-2.21116,50,4.78003,11.47026,-133.26709,-5.30194,-18.40466,30.86423,-18.24833,MIA_RED,BAL_UNI,McKieFieldStad,TeamExclusive,Team,20251004-McKieFieldStad-Private-1,fb99e710-a148-11f0-9f0b-09fe507a42b3,90.87795,,,8.67777,,,,,,,6a89286b-1dc2-4afe-ba41-38a51ea46870,2025-10-04,17:38:46.97,2025-10-04T13:38:46.9760000-04:00,2025-10-04T17:38:46.9760000Z,,v3,471355,,,"Raether, Carson",1000338521,Right,MIA_RED,110259d6-15e7-4637-9b84-c4b9a6f644c2,54.47304,-134.29904,15.43212,4.9471,-4.69181,-9.12416,-2.60496,12.08562,-9.20233,,,,,,,,,,,,,,,,,,,,,,,,,,,,,,,,,,,,,,,,,,,,,,,,,,,High,High,High,,,,,
193,2025-10-04,13:39:19.85,4,1,"Eisiminger, Jared",1000160731,Right,MIA_RED,"Druschel, Jace",1000401455,Right,BAL_UNI,Undefined,6,Top,2,0,0,Fastball,Sinker,StrikeCalled,Undefined,Undefined,Undefined,0,0,,92.30256,-1.236201,-5.189977,2033.629752,233.200514,1:45,5.04998,2.76157,6.1608,-19.73599,13.16036,16.07182,2.25847,-0.70662,83.60613,-4.979623,-2.307189,0.412805,,,,,,,,,,,,-9.84296,7.50311,-2.37487,50,4.94573,11.44219,-133.52936,-3.4996,-17.64052,30.72782,-18.72701,MIA_RED,BAL_UNI,McKieFieldStad,TeamExclusive,Team,20251004-McKieFieldStad-Private-1,0f35bd30-a149-11f0-9f0b-09fe507a42b3,91.30806,,,8.69643,,,,,,,6a89286b-1dc2-4afe-ba41-38a51ea46870,2025-10-04,17:39:19.85,2025-10-04T13:39:19.8520000-04:00,2025-10-04T17:39:19.8520000Z,,v3,471355,,,"Raether, Carson",1000338521,Right,MIA_RED,cf5b5c87-c950-44c4-a7c4-cf82e912e4a0,54.33641,-134.52355,15.36391,5.04915,-2.89369,-9.3635,-2.75431,12.01294,-8.82026,,,,,,,,,,,,,,,,,,,,,,,,,,,,,,,,,,,,,,,,,,,,,,,,,,,High,High,High,,,,,
194,2025-10-04,13:39:41.60,4,2,"Eisiminger, Jared",1000160731,Right,MIA_RED,"Druschel, Jace",1000401455,Right,BAL_UNI,Undefined,6,Top,2,0,1,Fastball,Sinker,BallCalled,Undefined,Undefined,Undefined,0,0,,91.81456,-2.950445,-6.196346,2015.099307,231.194084,1:45,5.04529,2.55962,5.82076,-19.53855,14.35954,16.35662,0.65547,-1.86067,83.16769,-6.630707,-3.288909,0.419044,,,,,,,,,,,,-10.22619,8.57107,-2.06086,50,4.79099,13.65361,-132.37033,-7.49125,-18.00058,30.34157,-17.08688,MIA_RED,BAL_UNI,McKieFieldStad,TeamExclusive,Team,20251004-McKieFieldStad-Private-1,1bfe71b0-a149-11f0-9f0b-09fe507a42b3,89.94874,,,8.64687,,,,,,,6a89286b-1dc2-4afe-ba41-38a51ea46870,2025-10-04,17:39:41.60,2025-10-04T13:39:41.6070000-04:00,2025-10-04T17:39:41.6070000Z,,v3,471355,,,"Raether, Carson",1000338521,Right,MIA_RED,feeeb404-12b2-487f-9cbf-8a550d08e34f,54.67676,-133.43802,15.17078,5.04402,-6.88998,-8.54344,-2.55246,14.28703,-9.00029,,,,,,,,,,,,,,,,,,,,,,,,,,,,,,,,,,,,,,,,,,,,,,,,,,,High,High,High,,,,,
195,2025-10-04,13:40:09.81,4,3,"Eisiminger, Jared",1000160731,Right,MIA_RED,"Druschel, Jace",1000401455,Right,BAL_UNI,Undefined,6,Top,2,1,1,ChangeUp,Changeup,StrikeSwinging,Undefined,Undefined,Undefined,0,0,,85.16558,-1.629582,-4.293864,1759.180226,255.237596,2:30,4.88064,2.86689,6.22654,-31.83624,6.5839,20.02458,0.71949,0.56655,77.59647,-7.565491,-0.683964,0.446119,,,,,,,,,,,,-11.67646,4.28461,-2.5553,50,4.74282,8.49369,-123.4018,-4.50802,-17.87745,26.18205,-25.61399,MIA_RED,BAL_UNI,McKieFieldStad,TeamExclusive,Team,20251004-McKieFieldStad-Private-1,2ce009d0-a149-11f0-9f0b-09fe507a42b3,84.48961,,,7.56911,,,,,,,6a89286b-1dc2-4afe-ba41-38a51ea46870,2025-10-04,17:40:09.81,2025-10-04T13:40:09.8190000-04:00,2025-10-04T17:40:09.8190000Z,,v3,471355,,,"Raether, Carson",1000338521,Right,MIA_RED,5f0706c5-fb85-423a-a2a0-f89fd08c9a2e,54.27229,-124.30494,13.09102,4.88308,-3.62447,-12.807,-2.85892,9.11036,-8.93873,,,,,,,,,,,,,,,,,,,,,,,,,,,,,,,,,,,,,,,,,,,,,,,,,,,High,High,High,,,,,
196,2025-10-04,13:40:32.72,4,4,"Eisiminger, Jared",1000160731,Right,MIA_RED,"Druschel, Jace",1000401455,Right,BAL_UNI,Undefined,6,Top,2,1,2,ChangeUp,Changeup,StrikeCalled,Strikeout,Undefined,Undefined,0,0,,85.12323,-0.870068,-5.278725,1648.277009,241.49864,2:00,4.92667,2.69097,6.27943,-27.9125,10.66036,17.1395,1.7952,-0.75995,77.11349,-6.123654,-2.196776,0.447005,,,,,,,,,,,,-10.53233,6.19406,-2.30859,50,4.84872,10.72128,-123.15545,-2.70114,-16.01938,26.66948,-22.75306,MIA_RED,BAL_UNI,McKieFieldStad,TeamExclusive,Team,20251004-McKieFieldStad-Private-1,3a9bf7f0-a149-11f0-9f0b-09fe507a42b3,84.3222,,,8.00974,,,,,,,6a89286b-1dc2-4afe-ba41-38a51ea46870,2025-10-04,17:40:32.72,2025-10-04T13:40:32.7270000-04:00,2025-10-04T17:40:32.7270000Z,,v3,471355,,,"Raether, Carson",1000338521,Right,MIA_RED,320b87b2-6eb9-490c-a593-7df64a7ce93f,54.21833,-124.06557,13.33474,4.92765,-1.92467,-11.37653,-2.68379,11.26795,-8.00969,,,,,,,,,,,,,,,,,,,,,,,,,,,,,,,,,,,,,,,,,,,,,,,,,,,High,High,High,,,,,
197,2025-10-04,13:42:29.37,1,1,"Coffey, Joe",10091322,Right,BAL_UNI,"Dierks, Marcus",10322729,Left,MIA_RED,Undefined,6,Bottom,0,0,0,Fastball,Changeup,InPlay,Undefined,Bunt,Single,0,0,,85.30749,-0.090745,-3.461992,1791.328858,214.75691,1:15,4.874,2.09839,6.14335,-21.52702,16.99458,10.85134,2.99607,-0.20038,77.02437,-4.201232,-1.510381,0.446708,,,,,,,,,,,,-6.73882,9.2167,-1.84017,50,4.85608,7.06171,-123.66064,-0.79268,-10.30423,27.54103,-18.08098,MIA_RED,BAL_UNI,McKieFieldStad,TeamExclusive,Team,20251004-McKieFieldStad-Private-1,80309f00-a149-11f0-9f0b-09fe507a42b3,84.37829,,,8.28312,,,,,,,6a89286b-1dc2-4afe-ba41-38a51ea46870,2025-10-04,17:42:29.37,2025-10-04T13:42:29.3790000-04:00,2025-10-04T17:42:29.3790000Z,,v3,471355,,,"Fixx, Mason",10305580,Right,BAL_UNI,87175286-4c28-4220-81b5-200b11c8ee59,54.35392,-124.62655,13.77052,4.87276,-0.15855,-9.04049,-2.09417,7.42309,-5.15212,,,,,,,,,,,,,,,,,,,,,,,,,,,,,,,,,,,,,,,,,,,,,,,,,,,High,High,High,,,,,
198,2025-10-04,13:43:03.63,2,1,"Coffey, Joe",10091322,Right,BAL_UNI,"Cruz, Diego",1000178634,Left,MIA_RED,Undefined,6,Bottom,0,0,0,Fastball,Changeup,BallCalled,Undefined,Undefined,Undefined,0,0,,82.99495,-1.810329,-5.141939,1838.443851,221.399013,1:30,4.86492,2.33017,6.05487,-23.00608,17.7434,14.42241,1.26474,-1.24026,75.56206,-6.159961,-2.560117,0.459444,,,,,,,,,,,,-8.95922,10.08225,-1.93751,50,4.71138,10.25509,-120.05558,-4.45061,-13.02005,24.17119,-17.52194,MIA_RED,BAL_UNI,McKieFieldStad,TeamExclusive,Team,20251004-McKieFieldStad-Private-1,94839020-a149-11f0-9f0b-09fe507a42b3,82.0393,,,7.43289,,,,,,,6a89286b-1dc2-4afe-ba41-38a51ea46870,2025-10-04,17:43:03.63,2025-10-04T13:43:03.6300000-04:00,2025-10-04T17:43:03.6300000Z,,v3,471355,,,"Fixx, Mason",10305580,Right,BAL_UNI,21063d7f-8038-49a1-b117-c9d8d64f0bff,54.44306,-120.94681,12.0856,4.86357,-3.80455,-8.76097,-2.32448,10.73516,-6.51002,,,,,,,,,,,,,,,,,,,,,,,,,,,,,,,,,,,,,,,,,,,,,,,,,,,High,High,High,,,,,
199,2025-10-04,13:43:45.01,2,2,"Coffey, Joe",10091322,Right,BAL_UNI,"Cruz, Diego",1000178634,Left,MIA_RED,Undefined,6,Bottom,0,1,0,ChangeUp,Changeup,InPlay,Undefined,Bunt,Out,1,0,,77.46506,2.315929,-3.049033,1322.647684,252.037274,2:30,4.82395,2.36494,5.89669,-40.12006,6.79906,16.17871,3.6349,0.87983,70.35067,-5.142667,-0.151217,0.492999,18.88259,-16.79103,-3.464328,2311.635682,,,,10.1916,10.04015,-7.285681,0.293226,-9.22945,3.2191,-2.12904,50,4.98753,5.39284,-112.28708,3.3491,-11.71014,21.51424,-28.08974,MIA_RED,BAL_UNI,McKieFieldStad,TeamExclusive,Team,20251004-McKieFieldStad-Private-1,ad4eea00-a149-11f0-9f0b-09fe507a42b3,76.45535,3.7815,,7.11439,,,,2.38767,3.7815,-0.92156,6a89286b-1dc2-4afe-ba41-38a51ea46870,2025-10-04,17:43:45.01,2025-10-04T13:43:45.0180000-04:00,2025-10-04T17:43:45.0180000Z,GroundBall,v3,471355,,,"Fixx, Mason",10305580,Right,BAL_UNI,df34d1d4-9622-498a-bc92-13f73a4eb4f9,54.60193,-113.16538,10.75712,4.8274,4.49584,-14.04487,-2.35895,5.8709,-5.85507,304.899667,2.38722,26.48468,-0.50514,,,,,,,3.78152,-8.00138,-16.69348,,,,,,,-0.92122,-1.61723,1.19327,,,,,,,,,,,,,,,,,,,,,,,,,,,,,High,High,High,High,High,,,
200,2025-10-04,13:44:19.02,3,1,"Coffey, Joe",10091322,Right,BAL_UNI,"Novak, Ryan",10035937,Left,MIA_RED,Undefined,6,Bottom,1,0,0,ChangeUp,Changeup,StrikeCalled,Undefined,Undefined,Undefined,0,0,,80.05344,0.53055,-3.059729,1354.555224,247.520999,2:15,4.65999,2.59788,5.82446,-35.67175,8.4239,16.72383,2.18129,1.14437,72.69834,-6.103125,-0.065407,0.477936,,,,,,,,,,,,-9.40044,4.60292,-2.35737,50,4.68256,5.54826,-116.05693,-0.03554,-12.72036,23.31565,-25.94552,MIA_RED,BAL_UNI,McKieFieldStad,TeamExclusive,Team,20251004-McKieFieldStad-Private-1,c173c640-a149-11f0-9f0b-09fe507a42b3,78.86511,,,7.3551,,,,,,,6a89286b-1dc2-4afe-ba41-38a51ea46870,2025-10-04,17:44:19.02,2025-10-04T13:44:19.0220000-04:00,2025-10-04T17:44:19.0220000Z,,v3,471355,,,"Fixx, Mason",10305580,Right,BAL_UNI,4b7ec02c-a97d-4457-8e49-7e17aacae103,54.67188,-116.99174,11.65783,4.66313,1.00471,-12.97276,-2.59004,6.05827,-6.36018,,,,,,,,,,,,,,,,,,,,,,,,,,,,,,,,,,,,,,,,,,,,,,,,,,,High,High,High,,,,,
201,2025-10-04,13:44:40.40,3,2,"Coffey, Joe",10091322,Right,BAL_UNI,"Novak, Ryan",10035937,Left,MIA_RED,Undefined,6,Bottom,1,0,1,Fastball,Changeup,HitByPitch,Undefined,Undefined,Undefined,1,0,,85.26443,-3.061013,-5.822694,1906.229341,212.410639,1:00,4.87791,2.24724,6.06301,-19.19666,19.4634,11.53351,0.42788,-2.19904,77.83831,-6.702072,-3.762684,0.44751,,,,,,,,,,,,-7.80504,11.39323,-1.80095,50,4.62909,12.13998,-123.16584,-7.15742,-11.94887,25.23367,-14.73197,MIA_RED,BAL_UNI,McKieFieldStad,TeamExclusive,Team,20251004-McKieFieldStad-Private-1,ce1591d0-a149-11f0-9f0b-09fe507a42b3,84.22702,,,7.42612,,,,,,,6a89286b-1dc2-4afe-ba41-38a51ea46870,2025-10-04,17:44:40.40,2025-10-04T13:44:40.4060000-04:00,2025-10-04T17:44:40.4060000Z,,v3,471355,,,"Fixx, Mason",10305580,Right,BAL_UNI,e1022524-0711-43c8-9c0d-2c58f3c6057c,54.43828,-124.07181,12.61684,4.87657,-6.6285,-7.36598,-2.24451,12.56898,-5.97444,,,,,,,,,,,,,,,,,,,,,,,,,,,,,,,,,,,,,,,,,,,,,,,,,,,High,High,High,,,,,
202,2025-10-04,13:46:10.06,4,1,"Coffey, Joe",10091322,Right,BAL_UNI,"Krupinski, Dom",702597,Left,MIA_RED,Undefined,6,Bottom,2,0,0,ChangeUp,Changeup,StrikeCalled,Undefined,Undefined,Undefined,0,0,,79.12068,0.258995,-4.173642,1338.574126,244.197256,2:15,4.78794,2.25268,5.92204,-36.14344,8.50091,14.68946,2.01696,-0.40295,72.54336,-6.440932,-1.5439,0.4809,,,,,,,,,,,,-8.63949,4.72063,-1.92643,50,4.78823,7.81854,-114.70292,-0.57834,-11.5358,20.77176,-25.87085,MIA_RED,BAL_UNI,McKieFieldStad,TeamExclusive,Team,20251004-McKieFieldStad-Private-1,03bc4f90-a14a-11f0-9f0b-09fe507a42b3,78.37898,,,6.57732,,,,,,,6a89286b-1dc2-4afe-ba41-38a51ea46870,2025-10-04,17:46:10.06,2025-10-04T13:46:10.0610000-04:00,2025-10-04T17:46:10.0610000Z,,v3,471355,,,"Fixx, Mason",10305580,Right,BAL_UNI,c79b660a-2ac2-44c4-80da-9d46712789b5,54.57585,-115.52859,10.38588,4.79078,0.45003,-12.93543,-2.24634,8.27709,-5.7679,,,,,,,,,,,,,,,,,,,,,,,,,,,,,,,,,,,,,,,,,,,,,,,,,,,High,High,High,,,,,
203,2025-10-04,13:46:30.83,4,2,"Coffey, Joe",10091322,Right,BAL_UNI,"Krupinski, Dom",702597,Left,MIA_RED,Undefined,6,Bottom,2,0,1,Fastball,Changeup,BallCalled,Undefined,Undefined,Undefined,0,0,,84.741,0.190129,-5.267756,1880.793296,237.54937,2:00,4.80049,2.38276,6.17463,-27.41053,11.56048,16.09036,2.69261,-1.15507,76.8301,-4.966864,-2.382018,0.449306,,,,,,,,,,,,-9.81052,6.3174,-1.99104,50,4.80107,10.66272,-122.59631,-0.40738,-14.83985,25.61701,-22.61803,MIA_RED,BAL_UNI,McKieFieldStad,TeamExclusive,Team,20251004-McKieFieldStad-Private-1,10012e10-a14a-11f0-9f0b-09fe507a42b3,83.89035,,,7.9109,,,,,,,6a89286b-1dc2-4afe-ba41-38a51ea46870,2025-10-04,17:46:30.83,2025-10-04T13:46:30.8310000-04:00,2025-10-04T17:46:30.8310000Z,,v3,471355,,,"Fixx, Mason",10305580,Right,BAL_UNI,7d6fe891-10d2-4eb8-9741-8f5921cebfa0,54.32157,-123.49602,12.8085,4.80142,0.387,-11.30902,-2.37469,11.18392,-7.41992,,,,,,,,,,,,,,,,,,,,,,,,,,,,,,,,,,,,,,,,,,,,,,,,,,,High,High,High,,,,,
204,2025-10-04,13:46:51.80,4,3,"Coffey, Joe",10091322,Right,BAL_UNI,"Krupinski, Dom",702597,Left,MIA_RED,Undefined,6,Bottom,2,1,1,ChangeUp,Changeup,InPlay,Undefined,LineDrive,Single,0,0,,79.01405,-0.416401,-3.73607,1357.812087,236.210515,1:45,4.65517,2.49848,5.96121,-34.74577,10.06256,12.8693,1.37275,0.10171,72.30505,-6.874353,-1.428098,0.481782,97.42558,11.133401,31.442784,2302.682144,91.88964,9.96448,60.46691,173.61837,171.98296,35.552166,1.466501,-7.70678,5.70311,-2.20909,50,4.60261,7.01317,-114.58385,-1.865,-10.22599,21.56098,-24.60672,MIA_RED,BAL_UNI,McKieFieldStad,TeamExclusive,Team,20251004-McKieFieldStad-Private-1,1ca395e0-a14a-11f0-9f0b-09fe507a42b3,78.23541,10.53881,,6.70901,,,,2.36869,1.48628,-0.06611,6a89286b-1dc2-4afe-ba41-38a51ea46870,2025-10-04,17:46:51.80,2025-10-04T13:46:51.8010000-04:00,2025-10-04T17:46:51.8010000Z,LineDrive,v3,471355,,,"Fixx, Mason",10305580,Right,BAL_UNI,9d3a5eb0-9a32-44d1-8bc7-8c37b4b6b349,54.53725,-115.43446,10.78049,4.65704,-0.89424,-12.30336,-2.49373,7.4166,-5.11299,,2.36869,119.61455,-20.61864,3.3388,-0.81491,0.26795,-0.14205,0.06127,-0.01152,1.48628,27.59129,-22.61958,2.77692,-0.65375,0.26631,-0.16969,0.08215,-0.01654,-0.06611,73.13559,-4.13013,1.1025,-0.30905,0.23328,-0.21827,0.11689,-0.02429,,,,,,,,,,,,,,,,,,,,,,,High,High,High,Medium,High,,,
205,2025-10-04,13:47:38.81,5,1,"Coffey, Joe",10091322,Right,BAL_UNI,"Appelwick, Evan",695485,Right,MIA_RED,Undefined,6,Bottom,2,0,0,Fastball,Changeup,StrikeCalled,Undefined,Undefined,Undefined,0,0,,84.688,0.010568,-4.848578,1640.625045,238.796841,2:00,4.76329,2.45008,6.08158,-28.05655,11.06725,16.06544,2.43506,-0.70756,76.80951,-5.25506,-1.968778,0.450186,,,,,,,,,,,,-9.64127,6.10221,-2.08278,50,4.74938,9.74883,-122.57465,-0.8328,-14.57488,25.66634,-22.94923,MIA_RED,BAL_UNI,McKieFieldStad,TeamExclusive,Team,20251004-McKieFieldStad-Private-1,38694400-a14a-11f0-9f0b-09fe507a42b3,83.7264,,,7.87849,,,,,,,6a89286b-1dc2-4afe-ba41-38a51ea46870,2025-10-04,17:47:38.81,2025-10-04T13:47:38.8150000-04:00,2025-10-04T17:47:38.8150000Z,,v3,471355,,,"Fixx, Mason",10305580,Right,BAL_UNI,8554035d-e97b-4a81-b25a-ff61e082fc9b,54.4144,-123.49554,12.83317,4.76449,-0.0094,-11.47462,-2.44194,10.27176,-7.28744,,,,,,,,,,,,,,,,,,,,,,,,,,,,,,,,,,,,,,,,,,,,,,,,,,,High,High,High,,,,,
206,2025-10-04,13:47:59.30,5,2,"Coffey, Joe",10091322,Right,BAL_UNI,"Appelwick, Evan",695485,Right,MIA_RED,Undefined,6,Bottom,2,0,1,Curveball,Curveball,BallCalled,Undefined,Undefined,Undefined,0,0,,71.65373,1.287315,-1.839407,2515.983452,44.212925,7:30,4.95209,2.15641,5.70897,-66.81614,-11.29359,-12.82568,0.58424,-0.62668,65.6017,-10.889628,-4.137638,0.536298,,,,,,,,,,,,5.9617,-5.68969,-1.99415,50,5.01829,3.78044,-103.98109,0.32339,6.42076,20.08436,-38.30185,MIA_RED,BAL_UNI,McKieFieldStad,TeamExclusive,Team,20251004-McKieFieldStad-Private-1,44bd16a0-a14a-11f0-9f0b-09fe507a42b3,70.28263,,,6.05202,,,,,,,6a89286b-1dc2-4afe-ba41-38a51ea46870,2025-10-04,17:47:59.30,2025-10-04T13:47:59.3000000-04:00,2025-10-04T17:47:59.3000000Z,,v3,471355,,,"Fixx, Mason",10305580,Right,BAL_UNI,c4c41c3a-fa70-4641-97a9-db729a544300,54.79245,-104.90268,10.04218,4.96313,2.08092,-19.15092,-2.16086,3.48582,3.21038,,,,,,,,,,,,,,,,,,,,,,,,,,,,,,,,,,,,,,,,,,,,,,,,,,,High,High,High,,,,,
207,2025-10-04,13:48:24.04,5,3,"Coffey, Joe",10091322,Right,BAL_UNI,"Appelwick, Evan",695485,Right,MIA_RED,Undefined,6,Bottom,2,1,1,Fastball,Changeup,StrikeCalled,Undefined,Undefined,Undefined,0,0,,85.47821,0.497583,-4.541145,1941.94386,230.204109,1:45,4.75852,2.28897,6.21016,-24.89808,13.33016,14.43013,3.14437,-0.70839,77.36877,-4.214837,-1.947598,0.445004,,,,,,,,,,,,-8.77871,7.13315,-1.95449,50,4.78351,9.25405,-123.77431,0.3569,-13.51414,26.47369,-21.19311,MIA_RED,BAL_UNI,McKieFieldStad,TeamExclusive,Team,20251004-McKieFieldStad-Private-1,536316a0-a14a-11f0-9f0b-09fe507a42b3,84.70141,,,8.10944,,,,,,,6a89286b-1dc2-4afe-ba41-38a51ea46870,2025-10-04,17:48:24.04,2025-10-04T13:48:24.0430000-04:00,2025-10-04T17:48:24.0430000Z,,v3,471355,,,"Fixx, Mason",10305580,Right,BAL_UNI,f2279af7-93cc-4134-8e64-fcc1ea0ed859,54.28558,-124.68757,13.23685,4.75858,1.088,-10.59656,-2.28177,9.72025,-6.75707,,,,,,,,,,,,,,,,,,,,,,,,,,,,,,,,,,,,,,,,,,,,,,,,,,,High,High,High,,,,,
208,2025-10-04,13:48:47.05,5,4,"Coffey, Joe",10091322,Right,BAL_UNI,"Appelwick, Evan",695485,Right,MIA_RED,Undefined,6,Bottom,2,1,2,Fastball,Changeup,StrikeCalled,Strikeout,Undefined,Undefined,0,0,,86.21803,-1.022436,-3.312551,1718.21509,234.179035,1:45,4.73247,2.29683,6.15088,-25.31639,12.30611,15.23576,1.67642,0.50245,78.14901,-5.796865,-0.568754,0.441464,,,,,,,,,,,,-8.85264,7.05882,-2.05223,50,4.64169,6.62145,-124.99554,-2.99402,-13.86966,27.47767,-21.11484,MIA_RED,BAL_UNI,McKieFieldStad,TeamExclusive,Team,20251004-McKieFieldStad-Private-1,6120b270-a14a-11f0-9f0b-09fe507a42b3,85.38055,,,8.06903,,,,,,,6a89286b-1dc2-4afe-ba41-38a51ea46870,2025-10-04,17:48:47.05,2025-10-04T13:48:47.0590000-04:00,2025-10-04T17:48:47.0590000Z,,v3,471355,,,"Fixx, Mason",10305580,Right,BAL_UNI,4ed44c89-c26f-4104-ad1d-41747b832212,54.34538,-125.94716,13.73884,4.73272,-2.26276,-10.55742,-2.28987,7.10179,-6.93483,,,,,,,,,,,,,,,,,,,,,,,,,,,,,,,,,,,,,,,,,,,,,,,,,,,High,High,High,,,,,
209,2025-10-04,13:51:25.42,1,1,"Eisiminger, Jared",1000160731,Right,MIA_RED,"Bellina (Mendek), Yuri",10129893,Right,BAL_UNI,Undefined,7,Top,0,0,0,Slider,Slider,BallCalled,Undefined,Undefined,Undefined,0,0,,78.80934,3.446973,0.218768,1778.690039,133.417002,10:30,5.01251,2.78362,5.60665,-44.09699,2.09362,-0.49295,4.55923,2.94675,70.95086,-4.704715,0.130853,0.489157,,,,,,,,,,,,0.31177,0.61051,-2.80203,50,5.28031,-0.41478,-114.04105,5.39528,0.40544,23.41545,-31.38009,MIA_RED,BAL_UNI,McKieFieldStad,TeamExclusive,Team,20251004-McKieFieldStad-Private-1,bf9b8e60-a14a-11f0-9f0b-09fe507a42b3,77.05588,,,7.85848,,,,,,,6a89286b-1dc2-4afe-ba41-38a51ea46870,2025-10-04,17:51:25.42,2025-10-04T13:51:25.4220000-04:00,2025-10-04T17:51:25.4220000Z,,v3,471355,,,"Buffington, Matthew",825106,Right,MIA_RED,7ede32d6-a1f5-45c3-a485-c449e1d7bb5a,54.8848,-115.03964,11.70773,5.02168,6.73354,-15.69004,-2.78398,-0.43207,0.20272,,,,,,,,,,,,,,,,,,,,,,,,,,,,,,,,,,,,,,,,,,,,,,,,,,,High,High,High,,,,,
210,2025-10-04,13:51:51.68,1,2,"Eisiminger, Jared",1000160731,Right,MIA_RED,"Bellina (Mendek), Yuri",10129893,Right,BAL_UNI,Undefined,7,Top,0,1,0,Fastball,Sinker,FoulBallNotFieldable,Undefined,Undefined,Undefined,0,0,,90.84342,-1.951844,-4.931418,2302.355219,229.540267,1:45,5.28372,2.57418,5.87069,-18.35308,16.14379,17.45926,1.93392,-0.5627,81.9343,-5.445685,-1.814366,0.422728,64.4931,38.049034,148.007899,5280.845861,,,,,44.90816,,,-10.47028,9.2241,-2.1845,50,5.11471,10.56901,-131.30528,-5.04886,-18.05889,30.93332,-16.26451,MIA_RED,BAL_UNI,McKieFieldStad,TeamExclusive,Team,20251004-McKieFieldStad-Private-1,cf5a5160-a14a-11f0-9f0b-09fe507a42b3,89.16467,29.07368,,8.90911,,,,1.08707,1.91763,0.65793,6a89286b-1dc2-4afe-ba41-38a51ea46870,2025-10-04,17:51:51.68,2025-10-04T13:51:51.6860000-04:00,2025-10-04T17:51:51.6860000Z,,v3,471355,,,"Buffington, Matthew",825106,Right,MIA_RED,dc371792-0694-4eb4-b8c7-0d4088567b0d,54.62621,-132.39065,15.46666,5.28185,-4.47819,-8.13225,-2.56645,11.20265,-9.02945,,1.08707,-63.17472,2.61918,0.81227,-0.42804,0.14264,-0.03757,0.00889,-0.00116,1.91763,58.29902,-27.62799,3.4042,-0.65942,0.1047,-0.01782,0.00358,-0.00067,0.65793,39.46385,-11.59951,3.52053,-0.89457,0.19868,-0.04596,0.01038,-0.00172,,,,,,,,,,,,,,,,,,,,,,,High,High,High,High,Undefined,,,
211,2025-10-04,13:52:15.24,1,3,"Eisiminger, Jared",1000160731,Right,MIA_RED,"Bellina (Mendek), Yuri",10129893,Right,BAL_UNI,Undefined,7,Top,0,1,1,Slider,Slider,BallCalled,Undefined,Undefined,Undefined,0,0,,79.61487,-0.119387,-3.856329,1931.676563,152.488967,11:00,4.96133,2.72838,5.52356,-37.93069,6.72634,-2.80866,1.68857,-1.11638,73.4185,-7.058976,-4.355118,0.480968,,,,,,,,,,,,0.39472,3.85536,-2.39065,50,4.92565,7.88956,-115.40282,-1.49009,0.5348,20.53157,-26.95044,MIA_RED,BAL_UNI,McKieFieldStad,TeamExclusive,Team,20251004-McKieFieldStad-Private-1,dd3b2ca0-a14a-11f0-9f0b-09fe507a42b3,78.36783,,,6.19638,,,,,,,6a89286b-1dc2-4afe-ba41-38a51ea46870,2025-10-04,17:52:15.24,2025-10-04T13:52:15.2400000-04:00,2025-10-04T17:52:15.2400000Z,,v3,471355,,,"Buffington, Matthew",825106,Right,MIA_RED,3ad0cefb-0b8c-4415-a3dd-ac477643742f,54.97373,-116.28434,10.26578,4.96479,-0.33297,-13.47522,-2.72889,7.8666,0.2674,,,,,,,,,,,,,,,,,,,,,,,,,,,,,,,,,,,,,,,,,,,,,,,,,,,High,High,High,,,,,
212,2025-10-04,13:52:36.03,1,4,"Eisiminger, Jared",1000160731,Right,MIA_RED,"Bellina (Mendek), Yuri",10129893,Right,BAL_UNI,Undefined,7,Top,0,2,1,Fastball,Sinker,BallCalled,Undefined,Undefined,Undefined,0,0,,91.02866,-1.695546,-5.819963,1989.598508,236.131843,1:45,5.14985,2.62549,5.9934,-21.82796,12.11678,16.37462,1.751,-1.42191,82.92369,-5.791412,-2.896713,0.419331,,,,,,,,,,,,-9.97686,7.03591,-2.17413,50,5.00358,12.69385,-131.54177,-4.61813,-17.46195,28.18241,-19.85944,MIA_RED,BAL_UNI,McKieFieldStad,TeamExclusive,Team,20251004-McKieFieldStad-Private-1,e98932e0-a14a-11f0-9f0b-09fe507a42b3,89.88698,,,8.10497,,,,,,,6a89286b-1dc2-4afe-ba41-38a51ea46870,2025-10-04,17:52:36.03,2025-10-04T13:52:36.0390000-04:00,2025-10-04T17:52:36.0390000Z,,v3,471355,,,"Buffington, Matthew",825106,Right,MIA_RED,fccdccf8-bf4b-41f7-9566-233cf496a589,54.50349,-132.50311,14.0912,5.14955,-3.94069,-9.92972,-2.6173,13.28951,-8.73098,,,,,,,,,,,,,,,,,,,,,,,,,,,,,,,,,,,,,,,,,,,,,,,,,,,High,High,High,,,,,
213,2025-10-04,13:52:55.46,1,5,"Eisiminger, Jared",1000160731,Right,MIA_RED,"Bellina (Mendek), Yuri",10129893,Right,BAL_UNI,Undefined,7,Top,0,3,1,Fastball,Sinker,BallCalled,Walk,Undefined,Undefined,0,0,,91.17161,-1.105617,-2.573054,1905.172054,235.029875,1:45,5.15232,2.6299,5.88111,-20.72029,13.19383,17.19855,2.39773,1.67203,82.64862,-5.014671,0.511291,0.419142,,,,,,,,,,,,-9.78284,7.44969,-2.43281,50,5.05117,5.23561,-132.28671,-3.22777,-17.15957,30.89422,-19.10697,MIA_RED,BAL_UNI,McKieFieldStad,TeamExclusive,Team,20251004-McKieFieldStad-Private-1,f54161c0-a14a-11f0-9f0b-09fe507a42b3,89.92756,,,8.523,,,,,,,6a89286b-1dc2-4afe-ba41-38a51ea46870,2025-10-04,17:52:55.46,2025-10-04T13:52:55.4690000-04:00,2025-10-04T17:52:55.4690000Z,,v3,471355,,,"Buffington, Matthew",825106,Right,MIA_RED,33e529e5-027e-496e-91b4-3168dcb70e4c,54.61912,-133.3611,15.44711,5.15187,-2.5633,-9.55348,-2.62526,5.83235,-8.57978,,,,,,,,,,,,,,,,,,,,,,,,,,,,,,,,,,,,,,,,,,,,,,,,,,,High,High,High,,,,,
214,2025-10-04,13:53:26.86,2,1,"Eisiminger, Jared",1000160731,Right,MIA_RED,"Fixx, Mason",10305580,Right,BAL_UNI,Undefined,7,Top,0,0,0,Fastball,Sinker,StrikeCalled,Undefined,Undefined,Undefined,0,0,,90.78435,-1.037784,-4.860414,1877.451531,235.962231,1:45,5.06824,2.64116,5.9214,-22.59399,11.57568,15.44662,2.21882,-0.59269,82.55487,-5.275102,-2.099801,0.420719,,,,,,,,,,,,-9.2643,6.56776,-2.25989,50,4.97213,10.49788,-131.38888,-3.13096,-16.13993,28.71453,-20.7319,MIA_RED,BAL_UNI,McKieFieldStad,TeamExclusive,Team,20251004-McKieFieldStad-Private-1,07ef5570-a14b-11f0-9f0b-09fe507a42b3,89.59063,,,8.22948,,,,,,,6a89286b-1dc2-4afe-ba41-38a51ea46870,2025-10-04,17:53:26.86,2025-10-04T13:53:26.8670000-04:00,2025-10-04T17:53:26.8670000Z,,v3,471355,,,"Buffington, Matthew",825106,Right,MIA_RED,236670d5-5f26-4d76-a84c-9b7da3a6b90e,54.57543,-132.38505,14.35727,5.06828,-2.41173,-10.36595,-2.63379,11.05781,-8.06996,,,,,,,,,,,,,,,,,,,,,,,,,,,,,,,,,,,,,,,,,,,,,,,,,,,High,High,High,,,,,
215,2025-10-04,13:54:04.93,2,2,"Eisiminger, Jared",1000160731,Right,MIA_RED,"Fixx, Mason",10305580,Right,BAL_UNI,Undefined,7,Top,0,0,1,Fastball,Sinker,StrikeSwinging,Undefined,Undefined,Undefined,0,0,,91.77471,-1.471656,-4.687981,1963.549545,233.833127,1:45,5.14537,2.71312,6.03609,-20.19757,13.1565,16.43808,2.09469,-0.26758,83.27728,-5.2887,-1.742253,0.415667,,,,,,,,,,,,-9.76595,7.53095,-2.35501,50,5.01924,10.171,-132.82615,-4.05903,-17.34884,29.94557,-18.79558,MIA_RED,BAL_UNI,McKieFieldStad,TeamExclusive,Team,20251004-McKieFieldStad-Private-1,1ea45270-a14b-11f0-9f0b-09fe507a42b3,90.67933,,,8.49743,,,,,,,6a89286b-1dc2-4afe-ba41-38a51ea46870,2025-10-04,17:54:04.93,2025-10-04T13:54:04.9370000-04:00,2025-10-04T17:54:04.9370000Z,,v3,471355,,,"Buffington, Matthew",825106,Right,MIA_RED,181dd70a-5d57-4df2-a985-c9a0bc11f5bb,54.46024,-133.82793,14.97279,5.14451,-3.43025,-9.39779,-2.70497,10.75138,-8.67442,,,,,,,,,,,,,,,,,,,,,,,,,,,,,,,,,,,,,,,,,,,,,,,,,,,High,High,High,,,,,
216,2025-10-04,13:54:29.31,2,3,"Eisiminger, Jared",1000160731,Right,MIA_RED,"Fixx, Mason",10305580,Right,BAL_UNI,Undefined,7,Top,0,0,2,Slider,Slider,FoulBallNotFieldable,Undefined,Undefined,Undefined,0,0,,83.25618,0.220479,-3.869142,1796.489022,218.73652,1:15,4.8918,2.78632,5.73329,-36.6564,3.42855,1.8935,2.04289,-0.66445,77.41406,-6.485992,-3.531428,0.455682,,,,,,,,,,,,-1.87272,2.03532,-2.46474,50,4.88747,8.09994,-120.86917,-0.77348,-2.81325,20.14484,-29.11654,MIA_RED,BAL_UNI,McKieFieldStad,TeamExclusive,Team,20251004-McKieFieldStad-Private-1,2d0b2690-a14b-11f0-9f0b-09fe507a42b3,82.71651,,,5.84212,,,,,,,6a89286b-1dc2-4afe-ba41-38a51ea46870,2025-10-04,17:54:29.31,2025-10-04T13:54:29.3150000-04:00,2025-10-04T17:54:29.3150000Z,,v3,471355,,,"Buffington, Matthew",825106,Right,MIA_RED,1a74ef14-8759-4bb4-ab4f-f65a50d4de2a,54.76631,-121.66097,10.07242,4.89538,0.37094,-14.55827,-2.78528,8.21052,-1.40663,,,,,,,,,,,,,,,,,,,,,,,,,,,,,,,,,,,,,,,,,,,,,,,,,,,High,High,High,,,,,
217,2025-10-04,13:54:52.56,2,4,"Eisiminger, Jared",1000160731,Right,MIA_RED,"Fixx, Mason",10305580,Right,BAL_UNI,Undefined,7,Top,0,0,2,Slider,Slider,InPlay,Undefined,FlyBall,Out,1,0,,80.85868,1.562838,-3.247568,1865.521819,86.017268,8:45,4.81422,2.7566,5.63428,-42.42097,1.40736,-1.83087,2.73991,-0.42907,73.13779,-6.253173,-3.573642,0.476485,87.92821,19.616232,-2.784217,2033.699019,109.98859,32.70272,-1.54434,306.2328,296.82247,1.977778,3.507477,-0.1072,0.64083,-2.47898,50,4.9203,6.71553,-117.07368,1.78517,-0.14671,25.01731,-31.29723,MIA_RED,BAL_UNI,McKieFieldStad,TeamExclusive,Team,20251004-McKieFieldStad-Private-1,3b0be5e0-a14b-11f0-9f0b-09fe507a42b3,79.10526,38.01135,,7.72089,,,,1.56709,2.7845,0.43767,6a89286b-1dc2-4afe-ba41-38a51ea46870,2025-10-04,17:54:52.56,2025-10-04T13:54:52.5600000-04:00,2025-10-04T17:54:52.5600000Z,LineDrive,v3,471355,,,"Buffington, Matthew",825106,Right,MIA_RED,98ba1dfa-d902-4437-b224-af9c175784d3,54.86256,-118.10819,12.50866,4.81972,3.07935,-15.64862,-2.7568,6.7216,-0.07335,207.306434,1.56668,121.34621,-16.76321,3.49361,-0.84442,0.23856,-0.05974,0.00921,-0.00058,2.7849,43.28164,-13.85966,0.21771,0.19057,-0.11762,0.0378,-0.00568,0.0003,0.43771,-5.90225,5.00944,-1.38863,0.35596,-0.08198,0.01599,-0.00215,0.00013,,,,,,,,,,,,,,,,,,,,,,,High,High,High,High,High,,,
218,2025-10-04,13:55:27.66,3,1,"Eisiminger, Jared",1000160731,Right,MIA_RED,"Terzola, Matthew",1000224622,Right,BAL_UNI,Undefined,7,Top,1,0,0,Fastball,Sinker,InPlay,Undefined,GroundBall,Out,2,0,,90.26489,-0.221802,-4.285541,2031.68551,245.094357,2:15,5.05781,2.71038,5.99972,-24.30757,10.36245,19.65064,2.82608,0.3696,81.39484,-4.798216,-0.762847,0.423788,76.10607,4.308703,5.328434,1441.724988,,,,73.84616,72.67799,6.926022,0.709301,-11.43678,5.74835,-2.38346,50,5.02708,8.95548,-130.70276,-1.29842,-19.53549,30.77801,-22.3551,MIA_RED,BAL_UNI,McKieFieldStad,TeamExclusive,Team,20251004-McKieFieldStad-Private-1,50146b60-a14b-11f0-9f0b-09fe507a42b3,88.94176,3.70447,,8.87005,,,,0.4334,2.72082,-0.36348,6a89286b-1dc2-4afe-ba41-38a51ea46870,2025-10-04,17:55:27.66,2025-10-04T13:55:27.6640000-04:00,2025-10-04T17:55:27.6640000Z,GroundBall,v3,471355,,,"Buffington, Matthew",825106,Right,MIA_RED,cba598f3-e3d0-4499-bd2a-c90644d16b48,54.49765,-131.75762,15.38901,5.05845,-0.53224,-11.17755,-2.70186,9.62502,-9.76775,281.813451,0.45332,110.44577,-10.9396,,,,,,,2.74104,8.00314,-16.76939,,,,,,,-0.37767,10.60788,3.52121,,,,,,,,,,,,,,,,,,,,,,,,,,,,,High,High,High,High,High,,,
219,2025-10-04,13:57:50.13,1,1,"Coffey, Joe",10091322,Right,BAL_UNI,"Roa Calcano, Christopher",1000375139,Left,MIA_RED,Undefined,7,Bottom,0,0,0,Fastball,Changeup,BallCalled,Undefined,Undefined,Undefined,0,0,,84.83924,2.729705,-2.252191,1579.514198,211.124464,1:00,4.84981,2.36862,5.91039,-26.42494,12.72611,6.90107,5.18516,0.85228,76.72157,-2.2438,-1.015612,0.450343,,,,,,,,,,,,-4.16154,6.0841,-2.19163,50,5.05414,4.54665,-122.91538,5.05349,-6.32491,25.85129,-22.92713,MIA_RED,BAL_UNI,McKieFieldStad,TeamExclusive,Team,20251004-McKieFieldStad-Private-1,a4dbc210-a14b-11f0-9f0b-09fe507a42b3,83.69721,,,8.11767,,,,,,,6a89286b-1dc2-4afe-ba41-38a51ea46870,2025-10-04,17:57:50.13,2025-10-04T13:57:50.1390000-04:00,2025-10-04T17:57:50.1390000Z,,v3,471355,,,"Fixx, Mason",10305580,Right,BAL_UNI,ac253906-6dd6-4e17-88dc-744da7855b8f,54.58366,-123.87566,12.92564,4.8506,5.90514,-11.46356,-2.36488,4.78159,-3.16245,,,,,,,,,,,,,,,,,,,,,,,,,,,,,,,,,,,,,,,,,,,,,,,,,,,High,High,High,,,,,
220,2025-10-04,13:58:06.22,1,2,"Coffey, Joe",10091322,Right,BAL_UNI,"Roa Calcano, Christopher",1000375139,Left,MIA_RED,Undefined,7,Bottom,0,1,0,ChangeUp,Changeup,StrikeCalled,Undefined,Undefined,Undefined,0,0,,79.40358,0.201704,-2.795917,1256.6032,239.01362,2:00,4.64737,2.28486,6.15974,-34.59376,9.28201,13.15501,1.95111,0.79622,72.74523,-6.254092,-0.424879,0.476743,,,,,,,,,,,,-7.56099,5.17327,-2.07908,50,4.64504,5.15031,-115.29766,-0.59908,-10.17943,21.40659,-25.20925,MIA_RED,BAL_UNI,McKieFieldStad,TeamExclusive,Team,20251004-McKieFieldStad-Private-1,ae9031b0-a14b-11f0-9f0b-09fe507a42b3,79.06247,,,6.65835,,,,,,,6a89286b-1dc2-4afe-ba41-38a51ea46870,2025-10-04,17:58:06.22,2025-10-04T13:58:06.2230000-04:00,2025-10-04T17:58:06.2230000Z,,v3,471355,,,"Fixx, Mason",10305580,Right,BAL_UNI,1d3233e2-0ec9-40d1-87d6-ad96ece3943c,54.33777,-116.10023,10.70329,4.64978,0.34605,-12.60462,-2.27933,5.53195,-5.08971,,,,,,,,,,,,,,,,,,,,,,,,,,,,,,,,,,,,,,,,,,,,,,,,,,,High,High,High,,,,,
221,2025-10-04,13:58:21.66,1,3,"Coffey, Joe",10091322,Right,BAL_UNI,"Roa Calcano, Christopher",1000375139,Left,MIA_RED,Undefined,7,Bottom,0,1,1,Fastball,Changeup,InPlay,Undefined,FlyBall,Out,1,0,,85.07685,-0.116686,-3.340663,1830.808885,216.884039,1:15,4.8287,2.04471,6.0909,-22.8347,15.57438,10.76268,2.81769,-0.15199,77.60912,-4.433759,-1.406393,0.446055,82.41729,21.673384,-15.807749,2951.03984,103.10658,32.99681,-38.32667,260.13303,250.51181,-26.216894,3.113376,-6.49843,8.43674,-1.79264,50,4.8076,6.78429,-123.43994,-0.91129,-10.01462,24.84854,-19.17235,MIA_RED,BAL_UNI,McKieFieldStad,TeamExclusive,Team,20251004-McKieFieldStad-Private-1,b7b818c0-a14b-11f0-9f0b-09fe507a42b3,84.50178,34.79175,,7.46772,,,,0.84403,2.79567,0.16689,6a89286b-1dc2-4afe-ba41-38a51ea46870,2025-10-04,17:58:21.66,2025-10-04T13:58:21.6620000-04:00,2025-10-04T17:58:21.6620000Z,LineDrive,v3,471355,,,"Fixx, Mason",10305580,Right,BAL_UNI,7f44e108-e20c-45a6-8cd3-5374707e7688,54.40653,-124.32381,12.42427,4.82789,-0.22932,-9.58617,-2.0403,7.14052,-5.00731,125.435492,0.84399,108.08652,-18.65001,4.25976,-0.84968,0.13029,-0.01154,-0.00049,0.00021,2.79564,44.6423,-16.36747,0.53757,-0.01201,0.03829,-0.02743,0.00829,-0.0009,0.16686,-30.59831,-5.16101,2.03858,-0.58951,0.13368,-0.02363,0.00269,-0.00013,,,,,,,,,,,,,,,,,,,,,,,High,High,High,High,High,,,
222,2025-10-04,13:58:49.45,2,1,"Coffey, Joe",10091322,Right,BAL_UNI,"Gonzalez Rivera, Ignacio",10124440,Right,MIA_RED,Undefined,7,Bottom,1,0,0,Fastball,Changeup,BallCalled,Undefined,Undefined,Undefined,0,0,,85.92043,-0.852065,-4.544787,1701.815806,218.643572,1:15,4.76203,2.33613,6.27695,-22.41867,15.26835,11.18552,2.10589,-0.92969,78.02374,-5.10889,-2.531935,0.441842,,,,,,,,,,,,-7.09882,8.54788,-2.00491,50,4.68796,9.44498,-124.42417,-2.48056,-11.06339,26.32853,-18.85234,MIA_RED,BAL_UNI,McKieFieldStad,TeamExclusive,Team,20251004-McKieFieldStad-Private-1,c832d8c0-a14b-11f0-9f0b-09fe507a42b3,85.30742,,,7.89669,,,,,,,6a89286b-1dc2-4afe-ba41-38a51ea46870,2025-10-04,17:58:49.45,2025-10-04T13:58:49.4550000-04:00,2025-10-04T17:58:49.4550000Z,,v3,471355,,,"Fixx, Mason",10305580,Right,BAL_UNI,90d5a016-668a-425b-b8e9-0025feaa9d4a,54.21835,-125.31361,13.16427,4.761,-1.84368,-9.42617,-2.33029,9.81872,-5.5317,,,,,,,,,,,,,,,,,,,,,,,,,,,,,,,,,,,,,,,,,,,,,,,,,,,High,High,High,,,,,
223,2025-10-04,13:59:03.41,2,2,"Coffey, Joe",10091322,Right,BAL_UNI,"Gonzalez Rivera, Ignacio",10124440,Right,MIA_RED,Undefined,7,Bottom,1,1,0,Fastball,Changeup,BallCalled,Undefined,Undefined,Undefined,0,0,,85.9322,0.040801,-5.151615,1720.324013,216.934033,1:15,4.80777,2.41087,6.1128,-22.37379,15.3919,10.65949,2.98116,-1.47695,78.34034,-4.185929,-3.24318,0.442303,,,,,,,,,,,,-6.88709,8.2841,-2.02004,50,4.7991,10.78224,-124.37831,-0.55632,-10.79091,24.89578,-19.19427,MIA_RED,BAL_UNI,McKieFieldStad,TeamExclusive,Team,20251004-McKieFieldStad-Private-1,d0712320-a14b-11f0-9f0b-09fe507a42b3,85.21854,,,7.59186,,,,,,,6a89286b-1dc2-4afe-ba41-38a51ea46870,2025-10-04,17:59:03.41,2025-10-04T13:59:03.4110000-04:00,2025-10-04T17:59:03.4110000Z,,v3,471355,,,"Fixx, Mason",10305580,Right,BAL_UNI,13a7b689-13e9-43f0-84ad-1177b57bedef,54.38315,-125.25258,12.44789,4.8068,0.11772,-9.59713,-2.40534,11.16118,-5.39546,,,,,,,,,,,,,,,,,,,,,,,,,,,,,,,,,,,,,,,,,,,,,,,,,,,High,High,High,,,,,
224,2025-10-04,13:59:21.72,2,3,"Coffey, Joe",10091322,Right,BAL_UNI,"Gonzalez Rivera, Ignacio",10124440,Right,MIA_RED,Undefined,7,Bottom,1,2,0,Fastball,Changeup,FoulBallNotFieldable,Undefined,Undefined,Undefined,0,0,,84.07419,0.218192,-4.218579,1666.422845,228.077588,1:30,4.83695,2.17559,6.13165,-24.87891,14.7365,14.89249,2.96593,-0.48958,76.11117,-4.492868,-1.54374,0.453005,68.02774,40.650264,145.631205,4503.309582,,,,,43.66201,,,-8.97434,7.93996,-1.86058,50,4.84079,8.4063,-121.7959,-0.24628,-13.3646,25.84288,-20.34986,MIA_RED,BAL_UNI,McKieFieldStad,TeamExclusive,Team,20251004-McKieFieldStad-Private-1,db6fc600-a14b-11f0-9f0b-09fe507a42b3,83.20526,32.3846,,7.96303,,,,0.35512,2.83927,0.57166,6a89286b-1dc2-4afe-ba41-38a51ea46870,2025-10-04,17:59:21.72,2025-10-04T13:59:21.7280000-04:00,2025-10-04T17:59:21.7280000Z,,v3,471355,,,"Fixx, Mason",10305580,Right,BAL_UNI,bff66f51-f171-4988-8413-7f699e108e46,54.36535,-122.71866,12.92144,4.83661,0.48033,-10.17493,-2.16926,8.8835,-6.6823,,0.35512,-62.48309,0.95613,1.90519,-0.79855,0.23894,-0.02366,-0.03522,0.02045,2.83927,64.99669,-29.63249,4.27512,-0.87653,0.1972,-0.14659,0.14865,-0.06623,0.57166,42.7331,-12.12757,3.63948,-0.94399,0.25361,-0.16072,0.1443,-0.06217,,,,,,,,,,,,,,,,,,,,,,,High,High,High,High,Undefined,,,
225,2025-10-04,13:59:41.58,2,4,"Coffey, Joe",10091322,Right,BAL_UNI,"Gonzalez Rivera, Ignacio",10124440,Right,MIA_RED,Undefined,7,Bottom,1,2,1,Fastball,Changeup,BallCalled,Undefined,Undefined,Undefined,0,0,,86.21204,-2.082499,-5.593101,1860.091333,234.383593,1:45,4.70034,2.37024,6.37854,-24.90159,12.30481,15.4856,0.69936,-1.50119,78.85754,-6.765996,-2.805768,0.439016,,,,,,,,,,,,-9.56099,7.36355,-1.97248,50,4.53797,11.60785,-124.69731,-5.27509,-15.06189,24.95402,-20.57389,MIA_RED,BAL_UNI,McKieFieldStad,TeamExclusive,Team,20251004-McKieFieldStad-Private-1,e74b0d40-a14b-11f0-9f0b-09fe507a42b3,85.85668,,,7.3545,,,,,,,6a89286b-1dc2-4afe-ba41-38a51ea46870,2025-10-04,17:59:41.58,2025-10-04T13:59:41.5890000-04:00,2025-10-04T17:59:41.5890000Z,,v3,471355,,,"Fixx, Mason",10305580,Right,BAL_UNI,137cede6-379e-4ded-b36e-acc4392d9d20,54.11863,-125.51882,12.47701,4.70048,-4.59779,-10.28695,-2.36278,12.1037,-7.53095,,,,,,,,,,,,,,,,,,,,,,,,,,,,,,,,,,,,,,,,,,,,,,,,,,,High,High,High,,,,,
226,2025-10-04,14:00:00.61,2,5,"Coffey, Joe",10091322,Right,BAL_UNI,"Gonzalez Rivera, Ignacio",10124440,Right,MIA_RED,Undefined,7,Bottom,1,3,1,Fastball,Changeup,BallCalled,Walk,Undefined,Undefined,0,0,,85.79332,-1.444123,-5.613142,1879.523479,231.32863,1:45,4.73057,2.29624,6.41967,-23.98194,13.46729,15.323,1.39789,-1.60332,78.46651,-5.971451,-2.854096,0.440446,,,,,,,,,,,,-9.4965,7.79205,-1.90094,50,4.61605,11.61503,-124.15233,-3.81724,-14.84415,24.51158,-19.9942,MIA_RED,BAL_UNI,McKieFieldStad,TeamExclusive,Team,20251004-McKieFieldStad-Private-1,f29f7140-a14b-11f0-9f0b-09fe507a42b3,85.57784,,,7.32681,,,,,,,6a89286b-1dc2-4afe-ba41-38a51ea46870,2025-10-04,18:00:00.61,2025-10-04T14:00:00.6130000-04:00,2025-10-04T18:00:00.6130000Z,,v3,471355,,,"Fixx, Mason",10305580,Right,BAL_UNI,bb0b55e1-8123-4a49-b94c-99fabf6b3da6,54.07788,-124.95484,12.25579,4.73031,-3.16263,-9.9971,-2.28917,12.10103,-7.42208,,,,,,,,,,,,,,,,,,,,,,,,,,,,,,,,,,,,,,,,,,,,,,,,,,,High,High,High,,,,,
227,2025-10-04,14:00:32.09,3,1,"Coffey, Joe",10091322,Right,BAL_UNI,"Harrison, Tommy",811731,Left,MIA_RED,Undefined,7,Bottom,1,0,0,ChangeUp,Changeup,StrikeCalled,Undefined,Undefined,Undefined,0,0,,79.07761,-0.502227,-3.230621,1515.733683,227.666783,1:30,4.69289,2.27049,5.86216,-32.06966,12.6565,12.35009,1.55311,0.29529,72.54657,-6.465785,-1.018508,0.48134,,,,,,,,,,,,-7.205,7.03701,-2.01566,50,4.63345,6.01466,-114.73496,-1.96211,-9.62163,20.86924,-22.77678,MIA_RED,BAL_UNI,McKieFieldStad,TeamExclusive,Team,20251004-McKieFieldStad-Private-1,0589d1b0-a14c-11f0-9f0b-09fe507a42b3,78.30725,,,6.53104,,,,,,,6a89286b-1dc2-4afe-ba41-38a51ea46870,2025-10-04,18:00:32.09,2025-10-04T14:00:32.0970000-04:00,2025-10-04T18:00:32.0970000Z,,v3,471355,,,"Fixx, Mason",10305580,Right,BAL_UNI,34459be1-74fb-400f-a055-c957a6fce882,54.63552,-115.57504,10.43462,4.69398,-1.04524,-11.38839,-2.26557,6.40198,-4.81082,,,,,,,,,,,,,,,,,,,,,,,,,,,,,,,,,,,,,,,,,,,,,,,,,,,High,High,High,,,,,
228,2025-10-04,14:00:52.68,3,2,"Coffey, Joe",10091322,Right,BAL_UNI,"Harrison, Tommy",811731,Left,MIA_RED,Undefined,7,Bottom,1,0,1,Fastball,Changeup,StrikeCalled,Undefined,Undefined,Undefined,0,0,,84.00674,-0.426249,-4.972141,1934.148931,228.794728,1:45,4.64551,2.51829,6.13361,-24.0008,15.52524,16.24099,2.24998,-0.73535,76.4833,-4.961638,-2.05932,0.452494,,,,,,,,,,,,-9.76312,8.52107,-2.14599,50,4.60036,9.94702,-121.63143,-1.58941,-14.59656,24.30197,-19.43445,MIA_RED,BAL_UNI,McKieFieldStad,TeamExclusive,Team,20251004-McKieFieldStad-Private-1,11ce6210-a14c-11f0-9f0b-09fe507a42b3,83.29926,,,7.52344,,,,,,,6a89286b-1dc2-4afe-ba41-38a51ea46870,2025-10-04,18:00:52.68,2025-10-04T14:00:52.6880000-04:00,2025-10-04T18:00:52.6880000Z,,v3,471355,,,"Fixx, Mason",10305580,Right,BAL_UNI,5c8d5626-7c9d-4793-a3b6-35cf7f6f4136,54.36345,-122.50014,12.15098,4.64476,-0.89469,-9.71722,-2.51089,10.4688,-7.29828,,,,,,,,,,,,,,,,,,,,,,,,,,,,,,,,,,,,,,,,,,,,,,,,,,,High,High,High,,,,,
229,2025-10-04,14:01:14.91,3,3,"Coffey, Joe",10091322,Right,BAL_UNI,"Harrison, Tommy",811731,Left,MIA_RED,Undefined,7,Bottom,1,0,2,ChangeUp,Changeup,InPlay,Undefined,GroundBall,Error,0,0,,80.32206,-0.130528,-3.409699,1281.469761,250.915915,2:15,4.60579,2.38282,6.08083,-36.27659,6.37079,14.88013,1.46177,0.46456,74.3119,-6.842436,-0.732805,0.470021,55.86388,-77.953269,103.814362,,,,,0.99916,0.99916,-9.566758,0.017644,-8.56182,3.68697,-2.12712,50,4.57625,6.41315,-116.68951,-1.36585,-11.92114,19.93919,-27.04045,MIA_RED,BAL_UNI,McKieFieldStad,TeamExclusive,Team,20251004-McKieFieldStad-Private-1,1efd5270-a14c-11f0-9f0b-09fe507a42b3,80.19303,1.41848,,6.01016,,,,1.05755,1.41848,-0.46002,6a89286b-1dc2-4afe-ba41-38a51ea46870,2025-10-04,18:01:14.91,2025-10-04T14:01:14.9160000-04:00,2025-10-04T18:01:14.9160000Z,GroundBall,v3,471355,,,"Fixx, Mason",10305580,Right,BAL_UNI,bd281594-af56-4383-a382-fb80b6c4db57,54.41933,-117.44223,9.96959,4.60855,-0.34505,-13.52022,-2.37772,6.86318,-5.96057,,1.05758,-4.09673,,,,,,,,1.41923,-80.39556,,,,,,,,-0.46017,16.66087,,,,,,,,,,,,,,,,,,,,,,,,,,,,,,High,High,High,Estimated,Estimated,,,
230,2025-10-04,14:01:48.35,4,1,"Coffey, Joe",10091322,Right,BAL_UNI,"Rasmussen, Jamie",10272616,Right,MIA_RED,Undefined,7,Bottom,1,0,2,Curveball,Curveball,StrikeCalled,Strikeout,Undefined,Undefined,0,0,,70.11822,3.076479,-1.080001,2422.303298,70.332635,8:15,4.91925,2.62451,5.45157,-62.75901,-4.53481,-17.94127,2.57266,0.11825,64.16926,-8.370718,-4.27147,0.549191,,,,,,,,,,,,8.65107,-2.56902,-2.51677,50,5.14815,2.55849,-101.65801,3.54598,8.98747,17.79114,-34.84297,MIA_RED,BAL_UNI,McKieFieldStad,TeamExclusive,Team,20251004-McKieFieldStad-Private-1,32f30860-a14c-11f0-9f0b-09fe507a42b3,68.63271,,,5.94896,,,,,,,6a89286b-1dc2-4afe-ba41-38a51ea46870,2025-10-04,18:01:48.35,2025-10-04T14:01:48.3520000-04:00,2025-10-04T18:01:48.3520000Z,,v3,471355,,,"Fixx, Mason",10305580,Right,BAL_UNI,9d8023d1-a608-4505-9b36-df554aeacca2,55.0482,-102.53768,8.89557,4.93022,5.26879,-17.42149,-2.63228,2.1141,4.49373,,,,,,,,,,,,,,,,,,,,,,,,,,,,,,,,,,,,,,,,,,,,,,,,,,,High,High,High,,,,,
231,2025-10-04,14:02:05.85,5,1,"Coffey, Joe",10091322,Right,BAL_UNI,"Rasmussen, Jamie",10272616,Right,MIA_RED,Undefined,7,Bottom,1,0,1,Fastball,Changeup,StrikeSwinging,Undefined,Undefined,Undefined,0,0,,84.3198,-0.237234,-5.006676,1900.059407,234.318077,1:45,4.75234,2.77645,6.02947,-26.60706,12.5415,15.77607,2.31455,-0.55722,77.26459,-5.212936,-2.182952,0.450328,,,,,,,,,,,,-9.38898,6.88678,-2.3925,50,4.71927,10.07203,-122.13602,-1.3157,-14.25075,22.96728,-21.72118,MIA_RED,BAL_UNI,McKieFieldStad,TeamExclusive,Team,20251004-McKieFieldStad-Private-1,3d33b270-a14c-11f0-9f0b-09fe507a42b3,83.6999,,,7.05521,,,,,,,6a89286b-1dc2-4afe-ba41-38a51ea46870,2025-10-04,18:02:05.85,2025-10-04T14:02:05.8550000-04:00,2025-10-04T18:02:05.8550000Z,,v3,471355,,,"Fixx, Mason",10305580,Right,BAL_UNI,d5e1cf0b-e0ed-45ff-baeb-9bbc4609983d,54.46812,-122.97336,11.48364,4.7528,-0.52378,-10.86059,-2.76918,10.59159,-7.12537,,,,,,,,,,,,,,,,,,,,,,,,,,,,,,,,,,,,,,,,,,,,,,,,,,,High,High,High,,,,,
232,2025-10-04,14:02:26.56,5,2,"Coffey, Joe",10091322,Right,BAL_UNI,"Rasmussen, Jamie",10272616,Right,MIA_RED,Undefined,7,Bottom,1,0,2,Fastball,Changeup,BallCalled,Undefined,Undefined,Undefined,0,0,,86.03351,-0.273523,-6.90756,1993.989363,232.03238,1:45,4.56994,2.52804,6.36405,-23.35395,14.17891,16.59339,2.37024,-2.47665,78.33391,-4.690341,-3.936759,0.440938,,,,,,,,,,,,-10.49075,7.81957,-2.03323,50,4.53899,14.39628,-124.19841,-1.24927,-16.39011,24.8181,-19.95723,MIA_RED,BAL_UNI,McKieFieldStad,TeamExclusive,Team,20251004-McKieFieldStad-Private-1,4985b050-a14c-11f0-9f0b-09fe507a42b3,85.48246,,,7.69959,,,,,,,6a89286b-1dc2-4afe-ba41-38a51ea46870,2025-10-04,18:02:26.56,2025-10-04T14:02:26.5650000-04:00,2025-10-04T18:02:26.5650000Z,,v3,471355,,,"Fixx, Mason",10305580,Right,BAL_UNI,f0432ada-f20a-4094-88fa-9caa6cce2ea9,54.13299,-125.02156,12.40905,4.56945,-0.58734,-9.97862,-2.51973,14.9399,-8.19506,,,,,,,,,,,,,,,,,,,,,,,,,,,,,,,,,,,,,,,,,,,,,,,,,,,High,High,High,,,,,
233,2025-10-04,14:02:53.00,5,3,"Coffey, Joe",10091322,Right,BAL_UNI,"Rasmussen, Jamie",10272616,Right,MIA_RED,Undefined,7,Bottom,1,1,2,Curveball,Curveball,InPlay,Undefined,LineDrive,Single,0,1,,71.30336,2.148772,-1.818309,2564.557472,48.901382,7:45,4.83304,2.48511,5.54092,-67.76397,-11.64792,-15.41997,1.19622,-0.49984,65.53629,-10.161124,-4.569606,0.539157,84.53692,9.826927,-1.023002,848.995808,109.99461,5.22743,1.01383,140.23943,140.23943,0.724454,1.307393,7.2854,-6.0974,-2.3168,50,4.97396,3.82133,-103.47679,1.80166,7.824,18.80012,-38.7222,MIA_RED,BAL_UNI,McKieFieldStad,TeamExclusive,Team,20251004-McKieFieldStad-Private-1,59723a10-a14c-11f0-9f0b-09fe507a42b3,69.91001,7.5176,,5.76706,,,,1.96373,1.27439,0.42256,6a89286b-1dc2-4afe-ba41-38a51ea46870,2025-10-04,18:02:53.00,2025-10-04T14:02:53.0090000-04:00,2025-10-04T18:02:53.0090000Z,LineDrive,v3,471355,,,"Fixx, Mason",10305580,Right,BAL_UNI,1f3f2d60-6ff5-46e5-8456-f3b06b4d0c7c,54.96169,-104.37436,9.40006,4.84381,3.65036,-19.3611,-2.49033,3.44779,3.912,272.038872,1.96373,122.14869,-15.38306,2.80173,-0.57406,0.09876,-0.0285,0.00811,-0.00112,1.27439,21.16123,-18.90261,1.81452,-0.29699,0.05803,-0.01052,0.00256,-0.00044,0.42256,-2.18117,4.45374,-2.2377,0.73164,-0.18903,0.04563,-0.0095,0.00103,,,,,,,,,,,,,,,,,,,,,,,High,High,High,High,High,,,
234,2025-10-04,14:03:33.30,6,1,"Coffey, Joe",10091322,Right,BAL_UNI,"Buffington, Matthew",825106,Right,MIA_RED,Undefined,7,Bottom,1,0,0,Fastball,Changeup,BallCalled,Undefined,Undefined,Undefined,0,0,,85.10409,0.459581,-4.264377,1900.879279,221.743504,1:30,4.83364,2.45558,6.0056,-23.01541,15.53729,12.76839,3.34268,-0.43856,77.59312,-3.88336,-1.97759,0.446888,,,,,,,,,,,,-7.67804,8.21422,-2.12663,50,4.85716,8.67416,-123.31792,0.31857,-11.83199,24.35563,-19.5158,MIA_RED,BAL_UNI,McKieFieldStad,TeamExclusive,Team,20251004-McKieFieldStad-Private-1,716387a0-a14c-11f0-9f0b-09fe507a42b3,84.34423,,,7.51097,,,,,,,6a89286b-1dc2-4afe-ba41-38a51ea46870,2025-10-04,18:03:33.30,2025-10-04T14:03:33.3040000-04:00,2025-10-04T18:03:33.3040000Z,,v3,471355,,,"Fixx, Mason",10305580,Right,BAL_UNI,c0a770fc-ed58-41f6-96a5-94ef57523070,54.49031,-124.20161,12.17782,4.83275,1.02665,-9.7579,-2.44914,9.10346,-5.916,,,,,,,,,,,,,,,,,,,,,,,,,,,,,,,,,,,,,,,,,,,,,,,,,,,High,High,High,,,,,
235,2025-10-04,14:03:51.85,6,2,"Coffey, Joe",10091322,Right,BAL_UNI,"Buffington, Matthew",825106,Right,MIA_RED,Undefined,7,Bottom,1,1,0,Fastball,Changeup,BallCalled,Undefined,Undefined,Undefined,0,0,,84.48525,-0.600403,-6.131354,1997.202559,231.434628,1:45,4.66162,2.50695,6.18321,-26.26596,12.60855,14.30934,1.91518,-1.98388,77.49615,-5.51667,-3.571391,0.448749,,,,,,,,,,,,-8.98016,7.05055,-2.04952,50,4.60266,12.5708,-122.17805,-2.06262,-13.65318,22.75776,-21.45454,MIA_RED,BAL_UNI,McKieFieldStad,TeamExclusive,Team,20251004-McKieFieldStad-Private-1,7c8f06e0-a14c-11f0-9f0b-09fe507a42b3,83.99443,,,6.98911,,,,,,,6a89286b-1dc2-4afe-ba41-38a51ea46870,2025-10-04,18:03:51.85,2025-10-04T14:03:51.8520000-04:00,2025-10-04T18:03:51.8520000Z,,v3,471355,,,"Fixx, Mason",10305580,Right,BAL_UNI,d263e720-99a5-4ef2-9d77-b819eecfcf5d,54.31473,-122.97911,11.37888,4.66197,-1.30743,-10.72727,-2.50046,13.05138,-6.82659,,,,,,,,,,,,,,,,,,,,,,,,,,,,,,,,,,,,,,,,,,,,,,,,,,,High,High,High,,,,,
236,,,6,3,"Coffey, Joe",10091322,Right,BAL_UNI,"Buffington, Matthew",825106,Right,MIA_RED,Undefined,7,Bottom,1,2,0,Other,,BallCalled,Undefined,Undefined,Undefined,0,0,,,,,,,,,,,,,,,,,,,,,,,,,,,,,,,,,,,,,,,,,,MIA_RED,BAL_UNI,McKieFieldStad,TeamExclusive,Team,20251004-McKieFieldStad-Private-1,91dbe860-a14c-11f0-9f0b-09fe507a42b3,,,,,,,,,,,6a89286b-1dc2-4afe-ba41-38a51ea46870,,,,,,v3,471355,,,"Fixx, Mason",10305580,Right,BAL_UNI,229220d9-f5b3-4c64-8385-6e20a05a3607,,,,,,,,,,,,,,,,,,,,,,,,,,,,,,,,,,,,,,,,,,,,,,,,,,,,,,,,,,,,,,,,,,,
237,2025-10-04,14:04:41.14,6,4,"Coffey, Joe",10091322,Right,BAL_UNI,"Buffington, Matthew",825106,Right,MIA_RED,Undefined,7,Bottom,1,2,1,Fastball,Changeup,StrikeCalled,Undefined,Undefined,Undefined,0,0,,83.69505,0.110156,-3.393174,1785.273986,214.656192,1:15,4.90646,2.32414,6.07162,-25.11631,14.52784,9.18418,2.91555,-0.05398,76.52596,-4.615827,-1.743457,0.45317,,,,,,,,,,,,-5.63666,7.83178,-2.06591,50,4.90157,6.83896,-121.42726,-0.49889,-8.42812,23.44926,-20.46368,MIA_RED,BAL_UNI,McKieFieldStad,TeamExclusive,Team,20251004-McKieFieldStad-Private-1,99bc3440-a14c-11f0-9f0b-09fe507a42b3,83.1751,,,7.1691,,,,,,,6a89286b-1dc2-4afe-ba41-38a51ea46870,2025-10-04,18:04:41.14,2025-10-04T14:04:41.1450000-04:00,2025-10-04T18:04:41.1450000Z,,v3,471355,,,"Fixx, Mason",10305580,Right,BAL_UNI,98c331ed-2844-4c6a-8bd3-63341ecc12c9,54.42469,-122.27875,11.72463,4.9062,0.24418,-10.23184,-2.3198,7.145,-4.21406,,,,,,,,,,,,,,,,,,,,,,,,,,,,,,,,,,,,,,,,,,,,,,,,,,,High,High,High,,,,,
238,2025-10-04,14:04:57.27,6,5,"Coffey, Joe",10091322,Right,BAL_UNI,"Buffington, Matthew",825106,Right,MIA_RED,Undefined,7,Bottom,1,2,2,Fastball,Changeup,InPlay,Undefined,FlyBall,Out,1,0,,84.60989,-0.683299,-3.723676,1574.058245,231.613452,1:45,4.69351,2.46279,6.10674,-26.6732,12.24198,13.83879,1.83752,0.16783,77.14424,-5.691055,-1.235743,0.448984,90.04736,18.401664,14.50675,3703.4892,104.54444,29.18162,34.21187,283.38543,275.47692,24.123512,3.168961,-8.2452,6.89406,-2.18378,50,4.62694,7.45242,-122.7046,-2.2654,-12.52678,25.07331,-21.70001,MIA_RED,BAL_UNI,McKieFieldStad,TeamExclusive,Team,20251004-McKieFieldStad-Private-1,a38f4f70-a14c-11f0-9f0b-09fe507a42b3,83.9505,32.66395,,7.46565,,,,0.94946,1.82399,-0.15543,6a89286b-1dc2-4afe-ba41-38a51ea46870,2025-10-04,18:04:57.27,2025-10-04T14:04:57.2770000-04:00,2025-10-04T18:04:57.2770000Z,LineDrive,v3,471355,,,"Fixx, Mason",10305580,Right,BAL_UNI,88a55e35-a2bc-4576-9a72-c43e55228f3a,54.39144,-123.59868,12.53666,4.69392,-1.4916,-10.85,-2.45749,7.89911,-6.26339,228.950354,0.94963,121.31525,-21.1961,4.47185,-0.85868,0.13398,-0.01399,7E-05,0.00015,1.82377,41.69834,-14.71174,0.39933,0.0145,-0.00094,-0.0046,0.00252,-0.00034,-0.15552,31.39283,4.51052,-1.9179,0.6582,-0.22491,0.06404,-0.01099,0.0008,,,,,,,,,,,,,,,,,,,,,,,High,High,High,High,High,,,
239,2025-10-04,14:05:32.56,7,1,"Coffey, Joe",10091322,Right,BAL_UNI,"Proctor, Keenan",823047,Left,MIA_RED,Undefined,7,Bottom,2,0,0,Fastball,Changeup,HitByPitch,Undefined,Undefined,Undefined,0,0,,85.22932,-0.497265,-5.510667,1695.724988,228.190858,1:30,4.78945,2.44251,5.96188,-24.73139,14.12705,14.31166,2.26526,-1.49039,77.33036,-5.148798,-2.956406,0.448657,,,,,,,,,,,,-9.13749,7.79284,-2.01272,50,4.73611,11.34549,-123.26613,-1.82087,-13.95804,26.14504,-20.27005,MIA_RED,BAL_UNI,McKieFieldStad,TeamExclusive,Team,20251004-McKieFieldStad-Private-1,b86f8c70-a14c-11f0-9f0b-09fe507a42b3,84.01173,,,7.89897,,,,,,,6a89286b-1dc2-4afe-ba41-38a51ea46870,2025-10-04,18:05:32.56,2025-10-04T14:05:32.5670000-04:00,2025-10-04T18:05:32.5670000Z,,v3,471355,,,"Fixx, Mason",10305580,Right,BAL_UNI,f023f8d1-7bba-4877-a21f-d23fe658749e,54.53796,-124.22491,13.07252,4.78925,-1.07753,-10.13502,-2.43816,11.85736,-6.97902,,,,,,,,,,,,,,,,,,,,,,,,,,,,,,,,,,,,,,,,,,,,,,,,,,,High,High,High,,,,,
240,2025-10-04,14:08:03.19,8,1,"Henderlich, Will",10270730,Right,BAL_UNI,"Vrlak, Jake",1000131822,Right,MIA_RED,Undefined,7,Bottom,2,0,0,Curveball,Curveball,BallCalled,Undefined,Undefined,Undefined,0,0,,74.90819,3.402963,-1.452133,1525.971427,19.051424,6:45,5.72523,0.63812,5.74796,-54.462,-3.96362,-1.94165,4.35956,-0.87588,68.14453,-6.612244,-1.799265,0.511458,,,,,,,,,,,,0.54543,-2.42669,-0.51636,50,5.9756,2.82461,-108.55306,4.7422,0.6465,20.17452,-35.05054,MIA_RED,BAL_UNI,McKieFieldStad,TeamExclusive,Team,20251004-McKieFieldStad-Private-1,1257c0e0-a14d-11f0-9f0b-09fe507a42b3,73.69606,,,6.76365,,,,,,,6a89286b-1dc2-4afe-ba41-38a51ea46870,2025-10-04,18:08:03.19,2025-10-04T14:08:03.1940000-04:00,2025-10-04T18:08:03.1940000Z,,v3,471355,,,"Fixx, Mason",10305580,Right,BAL_UNI,85d0194f-7240-496a-b014-8aa60b230d1f,54.74928,-109.43215,10.08726,5.73569,6.2695,-17.52527,-0.63883,2.79644,0.32325,,,,,,,,,,,,,,,,,,,,,,,,,,,,,,,,,,,,,,,,,,,,,,,,,,,High,High,High,,,,,
241,2025-10-04,14:08:16.30,8,2,"Henderlich, Will",10270730,Right,BAL_UNI,"Vrlak, Jake",1000131822,Right,MIA_RED,Undefined,7,Bottom,2,1,0,Fastball,Changeup,InPlay,Undefined,FlyBall,Out,1,0,,87.18371,-2.469786,-1.859137,1815.832339,208.542212,1:00,5.80929,0.48048,6.12454,-21.40946,15.10887,7.57489,1.73947,-0.60747,79.78815,-6.503445,-0.493569,0.434937,90.18649,30.494055,1.850229,2865.719361,109.66012,57.2974,8.63757,351.70165,348.04018,8.135014,4.897662,-4.46221,8.87225,-0.34224,50,5.60906,3.80985,-126.54204,-6.09214,-7.22248,26.2508,-17.81356,MIA_RED,BAL_UNI,McKieFieldStad,TeamExclusive,Team,20251004-McKieFieldStad-Private-1,1a14a640-a14d-11f0-9f0b-09fe507a42b3,86.66175,76.45298,,7.39556,,,,1.33557,1.79389,0.62427,6a89286b-1dc2-4afe-ba41-38a51ea46870,2025-10-04,18:08:16.30,2025-10-04T14:08:16.3040000-04:00,2025-10-04T18:08:16.3040000Z,FlyBall,v3,471355,,,"Fixx, Mason",10305580,Right,BAL_UNI,7d78a9ad-be5b-4474-ab8d-1fe62d1f7614,54.37349,-127.44608,13.1254,5.8083,-5.47867,-8.90678,-0.47773,4.05858,-3.61124,204.61414,1.33987,113.82655,-19.05525,3.69622,-0.28354,-0.11122,0.03993,-0.00495,0.00022,1.79116,67.17168,-16.60389,0.91898,-0.1777,0.0188,0.00893,-0.00264,0.00019,0.62324,3.70009,4.38861,-1.46564,0.29858,-0.03585,0.00275,-0.00025,2E-05,,,,,,,,,,,,,,,,,,,,,,,High,High,High,High,High,,,
242,,,1,1,"Tedesco, Jake",803230,Left,MIA_RED,"Tarquinio, Maddox",10322218,Right,BAL_UNI,Undefined,8,Top,0,0,0,Fastball,,BallCalled,Undefined,Undefined,Undefined,0,0,,,,,,,,,,,,,,,,,,,,,,,,,,,,,,,,,,,,,,,,,,MIA_RED,BAL_UNI,McKieFieldStad,TeamExclusive,Team,20251004-McKieFieldStad-Private-1,83eee2b0-a14d-11f0-9f0b-09fe507a42b3,,,,,,,,,,,6a89286b-1dc2-4afe-ba41-38a51ea46870,,,,,,v3,471355,,,"Buffington, Matthew",825106,Right,MIA_RED,41ffeb65-9374-49b6-97ef-a7c13767d0b9,,,,,,,,,,,,,,,,,,,,,,,,,,,,,,,,,,,,,,,,,,,,,,,,,,,,,,,,,,,,,,,,,,,
243,2025-10-04,14:11:21.89,1,2,"Tedesco, Jake",803230,Left,MIA_RED,"Tarquinio, Maddox",10322218,Right,BAL_UNI,Undefined,8,Top,0,1,0,Fastball,Four-Seam,BallCalled,Undefined,Undefined,Undefined,0,0,,90.04868,-0.453249,2.99198,2044.017517,147.568456,11:00,6.28224,-0.96044,6.34374,-14.94855,19.23674,-11.47737,4.6187,0.83997,81.45825,-3.362455,0.918352,0.420815,,,,,,,,,,,,6.81059,10.4489,0.74761,50,6.24179,-6.34669,-130.62227,-1.39138,11.66571,29.72117,-14.27632,MIA_RED,BAL_UNI,McKieFieldStad,TeamExclusive,Team,20251004-McKieFieldStad-Private-1,889cda60-a14d-11f0-9f0b-09fe507a42b3,89.57012,,,8.59043,,,,,,,6a89286b-1dc2-4afe-ba41-38a51ea46870,2025-10-04,18:11:21.89,2025-10-04T14:11:21.8990000-04:00,2025-10-04T18:11:21.8990000Z,,v3,471355,,,"Buffington, Matthew",825106,Right,MIA_RED,2718e9dd-724b-463f-a4dd-1dca72eb1c3e,54.15086,-131.56335,14.86059,6.27869,-0.93935,-7.13816,0.95442,-6.71607,5.83285,,,,,,,,,,,,,,,,,,,,,,,,,,,,,,,,,,,,,,,,,,,,,,,,,,,High,High,High,,,,,
244,2025-10-04,14:11:42.69,1,3,"Tedesco, Jake",803230,Left,MIA_RED,"Tarquinio, Maddox",10322218,Right,BAL_UNI,Undefined,8,Top,0,2,0,ChangeUp,Changeup,StrikeCalled,Undefined,Undefined,Undefined,0,0,,82.93249,0.523145,3.223589,1570.246558,99.888558,9:15,6.06951,-1.49459,5.90322,-36.55553,4.4513,-17.46757,3.50962,0.0453,75.25229,-6.262161,0.091148,0.460892,,,,,,,,,,,,9.83627,2.57819,1.24495,50,6.09107,-6.06316,-120.2293,-0.09635,14.26971,25.24331,-28.4338,MIA_RED,BAL_UNI,McKieFieldStad,TeamExclusive,Team,20251004-McKieFieldStad-Private-1,950ff4d0-a14d-11f0-9f0b-09fe507a42b3,81.78145,,,7.6802,,,,,,,6a89286b-1dc2-4afe-ba41-38a51ea46870,2025-10-04,18:11:42.69,2025-10-04T14:11:42.6950000-04:00,2025-10-04T18:11:42.6950000Z,,v3,471355,,,"Buffington, Matthew",825106,Right,MIA_RED,861e1db1-2b32-4d8e-a13b-9e514e1f2572,54.59334,-121.18987,12.62166,6.07415,0.98564,-14.2169,1.486,-6.60616,7.13485,,,,,,,,,,,,,,,,,,,,,,,,,,,,,,,,,,,,,,,,,,,,,,,,,,,High,High,High,,,,,
245,2025-10-04,14:11:59.24,1,4,"Tedesco, Jake",803230,Left,MIA_RED,"Tarquinio, Maddox",10322218,Right,BAL_UNI,Undefined,8,Top,0,2,1,ChangeUp,Changeup,FoulBallNotFieldable,Undefined,Undefined,Undefined,0,0,,84.57916,-2.065977,2.900178,1536.979757,115.034917,9:45,6.0894,-1.5809,5.67701,-30.54084,9.08312,-16.61867,1.61509,-0.25989,77.28686,-7.707836,-0.070933,0.453055,70.27364,65.190643,46.107717,5395.016373,48.29675,76.67293,98.83021,138.89506,138.39334,64.815396,5.093168,9.34914,5.59634,1.34718,50,5.89583,-5.53973,-122.60999,-5.44351,14.16167,25.35955,-23.69693,MIA_RED,BAL_UNI,McKieFieldStad,TeamExclusive,Team,20251004-McKieFieldStad-Private-1,9ef3fff0-a14d-11f0-9f0b-09fe507a42b3,83.19625,106.69176,,7.2923,,,,1.93391,1.91015,-0.13248,6a89286b-1dc2-4afe-ba41-38a51ea46870,2025-10-04,18:11:59.24,2025-10-04T14:11:59.2470000-04:00,2025-10-04T18:11:59.2470000Z,Popup,v3,471355,,,"Buffington, Matthew",825106,Right,MIA_RED,b6399794-279b-4c1e-aeea-00acee3d5972,54.82181,-123.60327,12.67978,6.09086,-4.51535,-11.84847,1.57502,-6.09442,7.08084,,1.93123,29.97288,-12.04798,3.10582,0.20718,-0.5001,0.17273,-0.02564,0.00143,1.89495,93.85343,-26.35625,4.37754,-1.70761,0.53533,-0.09972,0.0093,-0.00032,-0.13212,31.1719,-1.83945,0.15931,-0.14755,0.11638,-0.039,0.00599,-0.00035,,,,,,,,,,,,,,,,,,,,,,,High,High,High,Medium,Low,,,
246,2025-10-04,14:12:34.76,1,5,"Tedesco, Jake",803230,Left,MIA_RED,"Tarquinio, Maddox",10322218,Right,BAL_UNI,Undefined,8,Top,0,2,2,Slider,Slider,BallCalled,Undefined,Undefined,Undefined,0,0,,80.73476,0.794395,1.117737,2348.117454,304.925934,4:15,6.51035,-1.44391,5.30591,-44.94491,-1.16646,3.60862,3.51082,-0.09385,74.14551,-7.385713,1.758915,0.476213,,,,,,,,,,,,-1.49142,-0.36071,1.33978,50,6.5499,-2.43604,-117.20031,0.02147,-2.07518,22.07453,-32.67595,MIA_RED,BAL_UNI,McKieFieldStad,TeamExclusive,Team,20251004-McKieFieldStad-Private-1,b4602940-a14d-11f0-9f0b-09fe507a42b3,79.15032,,,6.58925,,,,,,,6a89286b-1dc2-4afe-ba41-38a51ea46870,2025-10-04,18:12:34.76,2025-10-04T14:12:34.7630000-04:00,2025-10-04T18:12:34.7630000Z,,v3,471355,,,"Buffington, Matthew",825106,Right,MIA_RED,07d6a3f5-ba64-4341-aaf1-1cc1e8dae605,55.19208,-118.17418,11.03726,6.51715,1.46305,-16.33798,1.44523,-2.34448,-1.03759,,,,,,,,,,,,,,,,,,,,,,,,,,,,,,,,,,,,,,,,,,,,,,,,,,,High,High,High,,,,,
247,2025-10-04,14:12:52.13,1,6,"Tedesco, Jake",803230,Left,MIA_RED,"Tarquinio, Maddox",10322218,Right,BAL_UNI,Undefined,8,Top,0,3,2,Slider,Slider,BallCalled,Walk,Undefined,Undefined,0,0,,79.55741,-1.430066,1.900415,2442.144209,287.068967,3:30,6.53275,-1.10928,5.10845,-45.59636,0.32098,4.03138,1.38472,1.01778,72.79328,-9.676185,2.614852,0.487708,,,,,,,,,,,,-1.42835,1.0441,0.9269,50,6.36243,-3.99041,-115.27055,-4.50314,-1.9028,23.40703,-30.78316,MIA_RED,BAL_UNI,McKieFieldStad,TeamExclusive,Team,20251004-McKieFieldStad-Private-1,be86bba0-a14d-11f0-9f0b-09fe507a42b3,77.28488,,,6.76413,,,,,,,6a89286b-1dc2-4afe-ba41-38a51ea46870,2025-10-04,18:12:52.13,2025-10-04T14:12:52.1310000-04:00,2025-10-04T18:12:52.1310000Z,,v3,471355,,,"Buffington, Matthew",825106,Right,MIA_RED,4a70bbcf-ecca-44bf-952e-1ef0127b2d4c,55.38897,-116.3597,11.70352,6.53864,-3.07078,-15.39158,1.11052,-3.90187,-0.9514,,,,,,,,,,,,,,,,,,,,,,,,,,,,,,,,,,,,,,,,,,,,,,,,,,,High,High,High,,,,,
248,2025-10-04,14:13:21.30,2,1,"Tedesco, Jake",803230,Left,MIA_RED,"Ritlinger-Nirider, Dennis",1000224620,Right,BAL_UNI,Undefined,8,Top,0,0,0,Fastball,Four-Seam,StrikeCalled,Undefined,Undefined,Undefined,0,0,,89.43338,-2.342758,3.074936,2227.645449,145.021184,10:45,6.34396,-1.3797,6.15583,-16.22958,18.85135,-12.30646,2.82279,0.4383,80.79557,-5.472965,0.858866,0.426292,,,,,,,,,,,,7.25926,10.80961,1.15183,50,6.15724,-6.43669,-129.54071,-5.72839,12.18887,30.05606,-14.02387,MIA_RED,BAL_UNI,McKieFieldStad,TeamExclusive,Team,20251004-McKieFieldStad-Private-1,d005cc40-a14d-11f0-9f0b-09fe507a42b3,88.41934,,,8.63781,,,,,,,6a89286b-1dc2-4afe-ba41-38a51ea46870,2025-10-04,18:13:21.30,2025-10-04T14:13:21.3030000-04:00,2025-10-04T18:13:21.3030000Z,,v3,471355,,,"Buffington, Matthew",825106,Right,MIA_RED,b639610f-ce5f-409a-bfe5-cfe5c9a7caf2,54.3387,-130.54349,15.02803,6.34055,-5.2605,-7.01194,1.37337,-6.84335,6.09444,,,,,,,,,,,,,,,,,,,,,,,,,,,,,,,,,,,,,,,,,,,,,,,,,,,High,High,High,,,,,
249,2025-10-04,14:13:40.08,2,2,"Tedesco, Jake",803230,Left,MIA_RED,"Ritlinger-Nirider, Dennis",1000224620,Right,BAL_UNI,Undefined,8,Top,0,0,1,Fastball,Four-Seam,BallCalled,Undefined,Undefined,Undefined,0,0,,89.06769,-3.36469,3.343534,2310.538013,142.548931,10:45,6.37648,-1.2732,6.06898,-19.06812,16.3319,-11.56823,1.66497,0.86031,80.98859,-6.976749,1.263823,0.428226,,,,,,,,,,,,6.94961,9.78497,1.02001,50,6.10503,-7.05161,-128.927,-8.14825,11.6124,28.62219,-15.82393,MIA_RED,BAL_UNI,McKieFieldStad,TeamExclusive,Team,20251004-McKieFieldStad-Private-1,db0e8140-a14d-11f0-9f0b-09fe507a42b3,88.01997,,,8.0791,,,,,,,6a89286b-1dc2-4afe-ba41-38a51ea46870,2025-10-04,18:13:40.08,2025-10-04T14:13:40.0820000-04:00,2025-10-04T18:13:40.0820000Z,,v3,471355,,,"Buffington, Matthew",825106,Right,MIA_RED,f7631428-4fd4-43c8-9c39-9e17b73f31b8,54.42748,-129.9062,14.3111,6.37453,-7.60689,-7.91197,1.26805,-7.44888,5.8062,,,,,,,,,,,,,,,,,,,,,,,,,,,,,,,,,,,,,,,,,,,,,,,,,,,High,High,High,,,,,
250,2025-10-04,14:14:01.05,2,3,"Tedesco, Jake",803230,Left,MIA_RED,"Ritlinger-Nirider, Dennis",1000224620,Right,BAL_UNI,Undefined,8,Top,0,1,1,Fastball,Four-Seam,StrikeSwinging,Undefined,Undefined,Undefined,0,0,,90.32533,-2.550081,1.300748,2266.229451,159.915237,11:15,6.45309,-1.1419,6.35328,-12.47686,21.51383,-7.43059,3.06408,-0.56368,81.79981,-5.003019,-0.0442,0.419615,,,,,,,,,,,,4.24307,12.30552,1.05075,50,6.26184,-2.66859,-131.03981,-6.10115,7.30393,30.27866,-10.99163,MIA_RED,BAL_UNI,McKieFieldStad,TeamExclusive,Team,20251004-McKieFieldStad-Private-1,e7a57760-a14d-11f0-9f0b-09fe507a42b3,89.82621,,,8.52552,,,,,,,6a89286b-1dc2-4afe-ba41-38a51ea46870,2025-10-04,18:14:01.05,2025-10-04T14:14:01.0580000-04:00,2025-10-04T18:14:01.0580000Z,,v3,471355,,,"Buffington, Matthew",825106,Right,MIA_RED,26a121cb-43e3-40ab-9a65-a67302ebfed8,54.14186,-131.99337,15.13933,6.44854,-5.75499,-5.49581,1.13842,-2.89862,3.65197,,,,,,,,,,,,,,,,,,,,,,,,,,,,,,,,,,,,,,,,,,,,,,,,,,,High,High,High,,,,,
251,2025-10-04,14:14:21.70,2,4,"Tedesco, Jake",803230,Left,MIA_RED,"Ritlinger-Nirider, Dennis",1000224620,Right,BAL_UNI,Undefined,8,Top,0,1,2,Fastball,Four-Seam,StrikeSwinging,Strikeout,Undefined,Undefined,0,0,,89.69957,-1.763214,1.131049,2183.309789,153.787203,11:15,6.46502,-1.06347,6.30486,-14.21249,20.30351,-9.40162,3.65544,-0.80482,81.16631,-4.534973,-0.569378,0.422845,,,,,,,,,,,,5.21012,11.43154,0.98468,50,6.32858,-2.18325,-130.19235,-4.34153,8.84558,30.09787,-12.76586,MIA_RED,BAL_UNI,McKieFieldStad,TeamExclusive,Team,20251004-McKieFieldStad-Private-1,f3de47f0-a14d-11f0-9f0b-09fe507a42b3,89.14003,,,8.53327,,,,,,,6a89286b-1dc2-4afe-ba41-38a51ea46870,2025-10-04,18:14:21.70,2025-10-04T14:14:21.7000000-04:00,2025-10-04T18:14:21.7000000Z,,v3,471355,,,"Buffington, Matthew",825106,Right,MIA_RED,fd7d313c-bdc8-4403-a262-7c4cb4a8efd5,54.19043,-131.15752,15.04893,6.46124,-3.93216,-6.38293,1.05924,-2.46691,4.42279,,,,,,,,,,,,,,,,,,,,,,,,,,,,,,,,,,,,,,,,,,,,,,,,,,,High,High,High,,,,,
252,2025-10-04,14:14:53.17,3,1,"Tedesco, Jake",803230,Left,MIA_RED,"Kolenich, Sean",1000224524,Right,BAL_UNI,Undefined,8,Top,1,0,0,Slider,Slider,StrikeCalled,Undefined,Undefined,Undefined,0,0,,79.09503,-0.33159,1.40986,2314.686374,320.211672,4:45,6.52132,-1.36639,5.03788,-49.81345,-3.66189,4.25051,2.0573,0.31811,72.86552,-9.309631,2.162302,0.48895,,,,,,,,,,,,-1.71457,-1.29811,1.22826,50,6.44964,-2.99965,-114.77406,-2.47155,-2.2834,21.56258,-33.9028,MIA_RED,BAL_UNI,McKieFieldStad,TeamExclusive,Team,20251004-McKieFieldStad-Private-1,06c5e940-a14e-11f0-9f0b-09fe507a42b3,77.08852,,,6.2295,,,,,,,6a89286b-1dc2-4afe-ba41-38a51ea46870,2025-10-04,18:14:53.17,2025-10-04T14:14:53.1760000-04:00,2025-10-04T18:14:53.1760000Z,,v3,471355,,,"Buffington, Matthew",825106,Right,MIA_RED,5baf6d3d-97f5-4ed1-b6e7-5ea12cfa27a7,55.46126,-115.79552,10.78129,6.52867,-0.86551,-16.9514,1.3678,-2.89148,-1.1417,,,,,,,,,,,,,,,,,,,,,,,,,,,,,,,,,,,,,,,,,,,,,,,,,,,High,High,High,,,,,
253,2025-10-04,14:15:10.70,3,2,"Tedesco, Jake",803230,Left,MIA_RED,"Kolenich, Sean",1000224524,Right,BAL_UNI,Undefined,8,Top,1,0,1,Slider,Slider,StrikeSwinging,Undefined,Undefined,Undefined,0,0,,81.52462,-0.958723,0.946659,2363.791508,305.533381,4:15,6.48085,-1.2759,5.21918,-44.11904,-1.00209,3.28823,1.90266,-0.11175,75.07621,-8.947266,1.530892,0.472602,,,,,,,,,,,,-1.37638,0.19063,1.186,50,6.35931,-2.09257,-118.32505,-3.58427,-1.94988,22.73268,-31.90401,MIA_RED,BAL_UNI,McKieFieldStad,TeamExclusive,Team,20251004-McKieFieldStad-Private-1,1137dc80-a14e-11f0-9f0b-09fe507a42b3,79.75516,,,6.44841,,,,,,,6a89286b-1dc2-4afe-ba41-38a51ea46870,2025-10-04,18:15:10.70,2025-10-04T14:15:10.7060000-04:00,2025-10-04T18:15:10.7060000Z,,v3,471355,,,"Buffington, Matthew",825106,Right,MIA_RED,119ffa44-a3df-40b2-8c9a-bddc1fc1a282,55.27902,-119.33495,11.36634,6.48706,-2.16694,-15.952,1.27704,-2.00595,-0.97494,,,,,,,,,,,,,,,,,,,,,,,,,,,,,,,,,,,,,,,,,,,,,,,,,,,High,High,High,,,,,
254,2025-10-04,14:15:32.42,3,3,"Tedesco, Jake",803230,Left,MIA_RED,"Kolenich, Sean",1000224524,Right,BAL_UNI,Undefined,8,Top,1,0,2,Fastball,Four-Seam,BallCalled,Undefined,Undefined,Undefined,0,0,,90.81757,-0.555851,1.004367,2229.724691,148.657625,11:00,6.459,-0.87767,5.91725,-16.0371,18.27308,-10.37394,4.60664,-0.81,81.71813,-3.649242,-0.858241,0.421583,,,,,,,,,,,,5.56587,9.85067,0.80275,50,6.40532,-1.84226,-131.69978,-1.719,9.63039,31.84568,-15.12981,MIA_RED,BAL_UNI,McKieFieldStad,TeamExclusive,Team,20251004-McKieFieldStad-Private-1,1e0db060-a14e-11f0-9f0b-09fe507a42b3,89.40695,,,9.09944,,,,,,,6a89286b-1dc2-4afe-ba41-38a51ea46870,2025-10-04,18:15:32.42,2025-10-04T14:15:32.4270000-04:00,2025-10-04T18:15:32.4270000Z,,v3,471355,,,"Buffington, Matthew",825106,Right,MIA_RED,d3385bde-e19f-49d9-a440-94981c8cba03,54.57574,-132.80161,15.92284,6.45574,-1.19552,-7.56491,0.87226,-2.17546,4.8152,,,,,,,,,,,,,,,,,,,,,,,,,,,,,,,,,,,,,,,,,,,,,,,,,,,High,High,High,,,,,
255,2025-10-04,14:15:54.95,3,4,"Tedesco, Jake",803230,Left,MIA_RED,"Kolenich, Sean",1000224524,Right,BAL_UNI,Undefined,8,Top,1,1,2,Slider,Curveball,BallCalled,Undefined,Undefined,Undefined,0,0,,79.51607,-2.05245,1.384537,2380.921882,334.823749,5:15,6.51247,-1.37352,5.13779,-50.33664,-4.76158,2.9076,0.38372,0.17276,73.55694,-11.086387,1.901222,0.485887,,,,,,,,,,,,-1.06721,-1.44327,1.2414,50,6.28071,-2.90394,-115.34458,-5.93451,-1.43359,22.03047,-34.11282,MIA_RED,BAL_UNI,McKieFieldStad,TeamExclusive,Team,20251004-McKieFieldStad-Private-1,2b971cd0-a14e-11f0-9f0b-09fe507a42b3,77.57452,,,5.95913,,,,,,,6a89286b-1dc2-4afe-ba41-38a51ea46870,2025-10-04,18:15:54.95,2025-10-04T14:15:54.9590000-04:00,2025-10-04T18:15:54.9590000Z,,v3,471355,,,"Buffington, Matthew",825106,Right,MIA_RED,a34025f0-5601-4827-8466-23b7792e734d,55.36254,-116.3643,11.01524,6.51886,-4.35554,-17.05641,1.37428,-2.83759,-0.71679,,,,,,,,,,,,,,,,,,,,,,,,,,,,,,,,,,,,,,,,,,,,,,,,,,,High,High,High,,,,,
256,2025-10-04,14:16:34.37,3,5,"Tedesco, Jake",803230,Left,MIA_RED,"Kolenich, Sean",1000224524,Right,BAL_UNI,Undefined,8,Top,1,2,2,Fastball,Four-Seam,BallCalled,Undefined,Undefined,Undefined,0,0,,91.69578,-0.690299,1.955783,2122.606567,144.251575,10:45,6.49705,-1.07899,6.25408,-15.97524,17.12249,-11.49694,4.52882,-0.23285,82.86899,-3.77541,-0.120618,0.414067,,,,,,,,,,,,6.51241,9.40504,0.9389,50,6.43773,-4.05075,-133.07294,-2.02983,11.55243,31.41747,-15.4903,MIA_RED,BAL_UNI,McKieFieldStad,TeamExclusive,Team,20251004-McKieFieldStad-Private-1,42d54700-a14e-11f0-9f0b-09fe507a42b3,91.02981,,,8.82679,,,,,,,6a89286b-1dc2-4afe-ba41-38a51ea46870,2025-10-04,18:16:34.37,2025-10-04T14:16:34.3790000-04:00,2025-10-04T18:16:34.3790000Z,,v3,471355,,,"Buffington, Matthew",825106,Right,MIA_RED,5aa6b3dd-f8d6-4b79-9050-ad365951bc80,54.24072,-134.0704,15.70873,6.49437,-1.53803,-7.74515,1.07333,-4.41752,5.77621,,,,,,,,,,,,,,,,,,,,,,,,,,,,,,,,,,,,,,,,,,,,,,,,,,,High,High,High,,,,,
257,2025-10-04,14:17:07.41,3,6,"Tedesco, Jake",803230,Left,MIA_RED,"Kolenich, Sean",1000224524,Right,BAL_UNI,Undefined,8,Top,1,3,2,Slider,Slider,FoulBallNotFieldable,Undefined,Undefined,Undefined,0,0,,81.35415,-1.611154,1.981728,2411.762308,284.682961,3:30,6.48449,-1.40508,5.27275,-42.91471,0.79787,2.69827,1.39365,0.6819,74.27022,-9.404893,2.461279,0.475855,95.672,-8.413608,-76.832705,,,,,11.47617,9.46078,-63.983208,0.07505,-0.74252,1.28988,1.22191,50,6.30559,-4.18882,-117.8809,-4.83434,-1.0324,24.89481,-30.38062,MIA_RED,BAL_UNI,McKieFieldStad,TeamExclusive,Team,20251004-McKieFieldStad-Private-1,56ca87c0-a14e-11f0-9f0b-09fe507a42b3,79.20991,1.54239,,7.08392,,,,2.65842,1.54239,-0.15949,6a89286b-1dc2-4afe-ba41-38a51ea46870,2025-10-04,18:17:07.41,2025-10-04T14:17:07.4100000-04:00,2025-10-04T18:17:07.4100000Z,GroundBall,v3,471355,,,"Buffington, Matthew",825106,Right,MIA_RED,67cb4de9-d6b9-4f98-870e-dc3994957149,55.22527,-118.97929,12.44741,6.48931,-3.49391,-15.19031,1.40572,-4.14327,-0.5162,180,2.65804,31.65117,,,,,,,,1.54263,-20.55145,,,,,,,,-0.15788,-135.29275,,,,,,,,,,,,,,,,,,,,,,,,,,,,,,High,High,High,Low,Low,,,
258,2025-10-04,14:17:32.40,3,7,"Tedesco, Jake",803230,Left,MIA_RED,"Kolenich, Sean",1000224524,Right,BAL_UNI,Undefined,8,Top,1,3,2,Slider,Slider,StrikeSwinging,Strikeout,Undefined,Undefined,0,0,,80.48429,-1.920949,1.255372,2467.63881,329.198682,5:00,6.46417,-1.18061,5.22734,-48.74644,-4.78012,3.60201,0.59504,0.29987,74.96243,-10.672475,1.896345,0.477234,,,,,,,,,,,,-1.49134,-1.58327,1.0621,50,6.25006,-2.70457,-116.88565,-5.66645,-2.07476,20.87559,-34.37672,MIA_RED,BAL_UNI,McKieFieldStad,TeamExclusive,Team,20251004-McKieFieldStad-Private-1,658ce960-a14e-11f0-9f0b-09fe507a42b3,78.98102,,,5.52186,,,,,,,6a89286b-1dc2-4afe-ba41-38a51ea46870,2025-10-04,18:17:32.40,2025-10-04T14:17:32.4030000-04:00,2025-10-04T18:17:32.4030000Z,,v3,471355,,,"Buffington, Matthew",825106,Right,MIA_RED,0ccf9181-dce1-46b3-9b42-62861c16fd30,55.27394,-117.8238,10.4378,6.46999,-4.12156,-17.18836,1.18155,-2.61133,-1.03738,,,,,,,,,,,,,,,,,,,,,,,,,,,,,,,,,,,,,,,,,,,,,,,,,,,High,High,High,,,,,
259,2025-10-04,14:18:06.42,4,1,"Tedesco, Jake",803230,Left,MIA_RED,"West, Colin",10030647,Right,BAL_UNI,Undefined,8,Top,2,0,0,Fastball,Four-Seam,StrikeSwinging,Undefined,Undefined,Undefined,0,0,,89.28487,-1.82336,2.53979,2204.67519,154.130761,11:15,6.46324,-0.95517,6.31144,-15.99883,18.58525,-8.46772,3.44822,0.68022,81.47256,-4.899521,1.009808,0.423262,,,,,,,,,,,,5.09831,10.50367,0.77285,50,6.32164,-5.40468,-129.59384,-4.54086,8.6566,27.4814,-14.33943,MIA_RED,BAL_UNI,McKieFieldStad,TeamExclusive,Team,20251004-McKieFieldStad-Private-1,79cb1a00-a14e-11f0-9f0b-09fe507a42b3,89.05224,,,7.8123,,,,,,,6a89286b-1dc2-4afe-ba41-38a51ea46870,2025-10-04,18:18:06.42,2025-10-04T14:18:06.4220000-04:00,2025-10-04T18:18:06.4220000Z,,v3,471355,,,"Buffington, Matthew",825106,Right,MIA_RED,92e15f35-10c3-4d30-abdc-894c4f62f6e6,54.18489,-130.47826,13.7407,6.46035,-4.07938,-7.16972,0.95127,-5.68326,4.3283,,,,,,,,,,,,,,,,,,,,,,,,,,,,,,,,,,,,,,,,,,,,,,,,,,,High,High,High,,,,,
260,2025-10-04,14:18:24.75,4,2,"Tedesco, Jake",803230,Left,MIA_RED,"West, Colin",10030647,Right,BAL_UNI,Undefined,8,Top,2,0,1,ChangeUp,Changeup,BallCalled,Undefined,Undefined,Undefined,0,0,,84.77301,0.634211,1.965273,1621.625258,118.905259,10:00,6.18155,-1.72013,5.6616,-30.17537,8.89662,-13.96473,4.2587,-1.05055,77.73764,-4.953472,-0.529446,0.449888,,,,,,,,,,,,7.57284,4.7211,1.56271,50,6.21621,-3.63977,-123.10583,0.34708,11.66774,23.52506,-24.9001,MIA_RED,BAL_UNI,McKieFieldStad,TeamExclusive,Team,20251004-McKieFieldStad-Private-1,84a60840-a14e-11f0-9f0b-09fe507a42b3,83.78184,,,7.03537,,,,,,,6a89286b-1dc2-4afe-ba41-38a51ea46870,2025-10-04,18:18:24.75,2025-10-04T14:18:24.7550000-04:00,2025-10-04T18:18:24.7550000Z,,v3,471355,,,"Buffington, Matthew",825106,Right,MIA_RED,c207403a-1626-45ea-b65b-d7946b292306,54.83586,-124.02651,11.76253,6.18356,1.32157,-12.45005,1.71409,-4.0964,5.83387,,,,,,,,,,,,,,,,,,,,,,,,,,,,,,,,,,,,,,,,,,,,,,,,,,,High,High,High,,,,,
261,2025-10-04,14:18:45.58,4,3,"Tedesco, Jake",803230,Left,MIA_RED,"West, Colin",10030647,Right,BAL_UNI,Undefined,8,Top,2,1,1,Fastball,Four-Seam,StrikeSwinging,Undefined,Undefined,Undefined,0,0,,89.61051,-1.549902,2.157267,2306.360543,157.076228,11:15,6.44849,-1.1337,6.24189,-13.88064,20.47572,-8.19434,3.86084,0.17415,81.81253,-4.240225,0.678226,0.421866,,,,,,,,,,,,4.8213,11.35575,0.9768,50,6.32579,-4.56278,-130.1164,-3.85606,8.26441,27.33279,-12.70855,MIA_RED,BAL_UNI,McKieFieldStad,TeamExclusive,Team,20251004-McKieFieldStad-Private-1,91288c00-a14e-11f0-9f0b-09fe507a42b3,89.34685,,,7.79798,,,,,,,6a89286b-1dc2-4afe-ba41-38a51ea46870,2025-10-04,18:18:45.58,2025-10-04T14:18:45.5890000-04:00,2025-10-04T18:18:45.5890000Z,,v3,471355,,,"Buffington, Matthew",825106,Right,MIA_RED,f333b110-dc5d-4f44-a17d-c2bf6bdace25,54.25425,-131.00702,13.66639,6.4447,-3.44197,-6.35428,1.12986,-4.83207,4.1322,,,,,,,,,,,,,,,,,,,,,,,,,,,,,,,,,,,,,,,,,,,,,,,,,,,High,High,High,,,,,
262,2025-10-04,14:19:09.38,4,4,"Tedesco, Jake",803230,Left,MIA_RED,"West, Colin",10030647,Right,BAL_UNI,Undefined,8,Top,2,1,2,Slider,Slider,BallCalled,Undefined,Undefined,Undefined,0,0,,82.255,-1.05647,1.858835,2502.192095,325.574034,4:45,6.52773,-1.27056,5.19267,-46.0066,-4.00721,3.54559,1.69943,0.77406,76.59667,-9.333436,2.488212,0.466437,,,,,,,,,,,,-1.32339,-1.4648,1.09529,50,6.3942,-4.0226,-119.50336,-3.89293,-1.93149,21.03343,-34.3119,MIA_RED,BAL_UNI,McKieFieldStad,TeamExclusive,Team,20251004-McKieFieldStad-Private-1,9f7bff30-a14e-11f0-9f0b-09fe507a42b3,80.80931,,,5.65833,,,,,,,6a89286b-1dc2-4afe-ba41-38a51ea46870,2025-10-04,18:19:09.38,2025-10-04T14:19:09.3830000-04:00,2025-10-04T18:19:09.3830000Z,,v3,471355,,,"Buffington, Matthew",825106,Right,MIA_RED,2d58d6f8-0df2-4425-b17a-1fa483b42690,55.30883,-120.43412,10.51671,6.53287,-2.37457,-17.15595,1.2714,-3.93712,-0.96575,,,,,,,,,,,,,,,,,,,,,,,,,,,,,79.86046,,0.851302,,3.60984,2.0532,-0.67926,-1.81205,5.28082,-2.65866,,,,-1.81195,80.31768,-3.19313,5.28886,0.66247,-14.10127,-2.67731,-84.84655,11.86886,High,High,High,,,High,High,Medium
263,2025-10-04,14:19:45.24,4,5,"Tedesco, Jake",803230,Left,MIA_RED,"West, Colin",10030647,Right,BAL_UNI,Undefined,8,Top,2,2,2,Fastball,Four-Seam,BallCalled,Undefined,Undefined,Undefined,0,0,,90.64282,-0.922991,2.259146,2141.27393,150.950552,11:00,6.43733,-1.10205,6.05791,-15.68643,18.04513,-9.43961,4.2751,0.2034,82.89905,-3.923406,0.561246,0.418013,,,,,,,,,,,,5.44587,9.84701,0.93139,50,6.35701,-4.79013,-131.63357,-2.55857,9.57715,27.34095,-14.85702,MIA_RED,BAL_UNI,McKieFieldStad,TeamExclusive,Team,20251004-McKieFieldStad-Private-1,b4bc5d90-a14e-11f0-9f0b-09fe507a42b3,90.17057,,,7.74377,,,,,,,6a89286b-1dc2-4afe-ba41-38a51ea46870,2025-10-04,18:19:45.24,2025-10-04T14:19:45.2410000-04:00,2025-10-04T18:19:45.2410000Z,,v3,471355,,,"Buffington, Matthew",825106,Right,MIA_RED,da26e452-1edb-4206-a74e-483fd4b6b9d2,54.43867,-132.55229,13.67048,6.43459,-2.05934,-7.42851,1.09776,-5.11195,4.78858,,,,,,,,,,,,,,,,,,,,,,,,,,,,,,,,,,,,,,,,,,,,,,,,,,,High,High,High,,,,,
264,2025-10-04,14:20:03.27,4,6,"Tedesco, Jake",803230,Left,MIA_RED,"West, Colin",10030647,Right,BAL_UNI,Undefined,8,Top,2,3,2,Fastball,Four-Seam,BallCalled,Walk,Undefined,Undefined,0,0,,89.84452,-0.109523,1.173486,2194.066158,156.182209,11:15,6.39339,-1.04365,6.04596,-12.94292,21.46174,-8.99296,5.2134,-0.70653,81.87762,-2.629939,-0.444748,0.422163,,,,,,,,,,,,4.90843,11.35611,0.95677,50,6.37751,-2.28614,-130.5082,-0.55264,8.46113,27.60157,-12.59852,MIA_RED,BAL_UNI,McKieFieldStad,TeamExclusive,Team,20251004-McKieFieldStad-Private-1,bf57f8e0-a14e-11f0-9f0b-09fe507a42b3,89.28413,,,7.9669,,,,,,,6a89286b-1dc2-4afe-ba41-38a51ea46870,2025-10-04,18:20:03.27,2025-10-04T14:20:03.2700000-04:00,2025-10-04T18:20:03.2700000Z,,v3,471355,,,"Buffington, Matthew",825106,Right,MIA_RED,8a5fa433-34ea-47f0-9e76-aea94cb1cbff,54.44932,-131.44583,13.80079,6.38901,-0.12467,-6.29926,1.03932,-2.57356,4.23056,,,,,,,,,,,,,,,,,,,,,,,,,,,,,,,,,,,,,,,,,,,,,,,,,,,High,High,High,,,,,
265,2025-10-04,14:21:23.15,5,1,"Tedesco, Jake",803230,Left,MIA_RED,"Gordon, Ryan",1000401460,Right,BAL_UNI,Undefined,8,Top,2,0,0,Slider,Slider,StrikeCalled,Undefined,Undefined,Undefined,0,0,,79.76078,-0.22924,1.150773,2348.008926,349.985676,5:45,6.43775,-1.56752,4.92769,-48.52621,-3.38921,0.82539,2.17716,-0.41077,74.06307,-8.943617,1.296615,0.483546,,,,,,,,,,,,-0.11654,-1.21736,1.45475,50,6.37479,-2.36177,-115.85454,-2.26961,-0.15971,19.92024,-33.84271,MIA_RED,BAL_UNI,McKieFieldStad,TeamExclusive,Team,20251004-McKieFieldStad-Private-1,eef77080-a14e-11f0-9f0b-09fe507a42b3,77.95008,,,5.69771,,,,,,,6a89286b-1dc2-4afe-ba41-38a51ea46870,2025-10-04,18:21:23.15,2025-10-04T14:21:23.1570000-04:00,2025-10-04T18:21:23.1570000Z,,v3,471355,,,"Buffington, Matthew",825106,Right,MIA_RED,bfae9238-d8f0-45d5-b5f7-f2e0853d81de,55.57229,-116.80872,9.96012,6.44469,-0.64854,-16.92136,1.5677,-2.35412,-0.07986,,,,,,,,,,,,,,,,,,,,,,,,,,,,,,,,,,,,,,,,,,,,,,,,,,,High,High,High,,,,,
266,2025-10-04,14:21:41.48,5,2,"Tedesco, Jake",803230,Left,MIA_RED,"Gordon, Ryan",1000401460,Right,BAL_UNI,Undefined,8,Top,2,0,1,Fastball,Four-Seam,FoulBallNotFieldable,Undefined,Undefined,Undefined,0,0,,90.53367,-2.252759,2.274483,2125.053094,148.64901,11:00,6.38856,-1.2052,6.25243,-15.68339,17.76418,-10.21008,3.00147,0.04252,83.28755,-5.244592,0.43086,0.416249,84.30866,-3.140011,45.32086,2575.851779,,,,35.88264,31.69819,47.117526,0.301399,5.90445,10.12961,1.04118,50,6.21322,-4.81316,-131.51493,-5.60872,10.40827,26.19755,-14.31783,MIA_RED,BAL_UNI,McKieFieldStad,TeamExclusive,Team,20251004-McKieFieldStad-Private-1,f9faf560-a14e-11f0-9f0b-09fe507a42b3,90.55253,2.78478,,7.24612,,,,-0.47717,2.78478,0.15177,6a89286b-1dc2-4afe-ba41-38a51ea46870,2025-10-04,18:21:41.48,2025-10-04T14:21:41.4890000-04:00,2025-10-04T18:21:41.4890000Z,GroundBall,v3,471355,,,"Buffington, Matthew",825106,Right,MIA_RED,a76f52e9-c19f-49fa-9cf4-b7a6a77b07b6,54.24631,-132.35808,13.09877,6.38632,-5.14791,-7.15891,1.20148,-5.14814,5.20413,,-0.47448,86.69567,-13.65163,,,,,,,2.78432,-6.75269,-8.24102,,,,,,,0.15193,87.78502,-3.49408,,,,,,,,,,,,,,,,,,,,,,,,,,,,,High,High,High,High,High,,,
267,2025-10-04,14:22:22.74,5,3,"Tedesco, Jake",803230,Left,MIA_RED,"Gordon, Ryan",1000401460,Right,BAL_UNI,Undefined,8,Top,2,0,2,Slider,Slider,StrikeSwinging,Strikeout,Undefined,Undefined,0,0,,81.5248,-1.837957,1.610407,2516.86961,327.896997,5:00,6.52749,-1.20365,5.1022,-48.15321,-4.78685,3.84362,0.78163,0.63445,75.36615,-10.482955,2.292409,0.473967,,,,,,,,,,,,-1.48236,-1.57784,1.04853,50,6.31576,-3.48199,-118.27299,-5.56477,-2.09582,22.95121,-34.40485,MIA_RED,BAL_UNI,McKieFieldStad,TeamExclusive,Team,20251004-McKieFieldStad-Private-1,128d8c00-a14f-11f0-9f0b-09fe507a42b3,79.52548,,,6.15866,,,,,,,6a89286b-1dc2-4afe-ba41-38a51ea46870,2025-10-04,18:22:22.74,2025-10-04T14:22:22.7420000-04:00,2025-10-04T18:22:22.7420000Z,,v3,471355,,,"Buffington, Matthew",825106,Right,MIA_RED,f8cf0c3c-aafe-45b7-b8e4-5587e239557e,55.39858,-119.316,11.47561,6.53313,-4.00125,-17.20243,1.20461,-3.38675,-1.04791,,,,,,,,,,,,,,,,,,,,,,,,,,,,,,,,,,,,,,,,,,,,,,,,,,,High,High,High,,,,,
268,,,1,1,"Henderlich, Will",10270730,Right,BAL_UNI,"Cruz, Diego",1000178634,Left,MIA_RED,Undefined,8,Bottom,0,0,0,Fastball,,BallCalled,Undefined,Undefined,Undefined,0,0,,,,,,,,,,,,,,,,,,,,,,,,,,,,,,,,,,,,,,,,,,MIA_RED,BAL_UNI,McKieFieldStad,TeamExclusive,Team,20251004-McKieFieldStad-Private-1,60efec30-a14f-11f0-9f0b-09fe507a42b3,,,,,,,,,,,6a89286b-1dc2-4afe-ba41-38a51ea46870,,,,,,v3,471355,,,"Fixx, Mason",10305580,Right,BAL_UNI,b2ed0d32-bf74-4023-94b4-3885597015f4,,,,,,,,,,,,,,,,,,,,,,,,,,,,,,,,,,,,,,,,,,,,,,,,,,,,,,,,,,,,,,,,,,,
269,2025-10-04,14:24:42.34,1,2,"Henderlich, Will",10270730,Right,BAL_UNI,"Cruz, Diego",1000178634,Left,MIA_RED,Undefined,8,Bottom,0,1,0,Fastball,Four-Seam,BallCalled,Undefined,Undefined,Undefined,0,0,,86.52788,-2.60048,-2.713341,1836.860036,188.508269,12:15,5.83067,0.29478,6.01274,-23.12592,14.09835,1.93221,1.49018,-2.0596,79.39372,-6.924363,-2.36615,0.439121,,,,,,,,,,,,-1.73276,8.33028,-0.08285,50,5.61372,5.86679,-125.46126,-6.40932,-2.76501,25.10634,-18.88104,MIA_RED,BAL_UNI,McKieFieldStad,TeamExclusive,Team,20251004-McKieFieldStad-Private-1,65ca9930-a14f-11f0-9f0b-09fe507a42b3,85.83606,,,7.13415,,,,,,,6a89286b-1dc2-4afe-ba41-38a51ea46870,2025-10-04,18:24:42.34,2025-10-04T14:24:42.3460000-04:00,2025-10-04T18:24:42.3460000Z,,v3,471355,,,"Fixx, Mason",10305580,Right,BAL_UNI,aa30408b-d0ec-4e37-96ae-8f09ff07d31c,54.48297,-126.35517,12.55317,5.82996,-5.73706,-9.44052,-0.29349,5.96524,-1.3825,,,,,,,,,,,,,,,,,,,,,,,,,,,,,,,,,,,,,,,,,,,,,,,,,,,High,High,High,,,,,
270,2025-10-04,14:25:00.00,1,3,"Henderlich, Will",10270730,Right,BAL_UNI,"Cruz, Diego",1000178634,Left,MIA_RED,Undefined,8,Bottom,0,2,0,Fastball,Changeup,StrikeCalled,Undefined,Undefined,Undefined,0,0,,86.99123,-1.546092,-2.469168,1868.449879,209.506619,1:00,5.86915,0.5202,5.92892,-19.60359,17.48214,9.1893,2.79934,-1.00638,79.14639,-5.265743,-0.820345,0.438303,,,,,,,,,,,,-5.40973,9.77268,-0.32793,50,5.73443,5.05782,-126.16683,-3.97642,-8.67739,26.83465,-16.49835,MIA_RED,BAL_UNI,McKieFieldStad,TeamExclusive,Team,20251004-McKieFieldStad-Private-1,706941c0-a14f-11f0-9f0b-09fe507a42b3,85.99624,,,7.84484,,,,,,,6a89286b-1dc2-4afe-ba41-38a51ea46870,2025-10-04,18:25:00.00,2025-10-04T14:25:00.0050000-04:00,2025-10-04T18:25:00.0050000Z,,v3,471355,,,"Fixx, Mason",10305580,Right,BAL_UNI,d768bd38-822e-4653-a106-2e207d8969b7,54.56683,-127.13444,13.41732,5.86709,-3.38151,-8.24917,-0.51595,5.37071,-4.3387,,,,,,,,,,,,,,,,,,,,,,,,,,,,,,,,,,,,,,,,,,,,,,,,,,,High,High,High,,,,,
271,2025-10-04,14:25:14.77,1,4,"Henderlich, Will",10270730,Right,BAL_UNI,"Cruz, Diego",1000178634,Left,MIA_RED,Undefined,8,Bottom,0,2,1,Slider,Curveball,BallCalled,Undefined,Undefined,Undefined,0,0,,76.26809,3.173809,-0.342468,1481.811682,15.583986,6:30,5.69159,0.44306,5.43026,-54.7116,-4.84776,-1.8637,4.10773,-0.03298,68.5676,-6.861061,-0.674059,0.508235,,,,,,,,,,,,0.80913,-2.82264,-0.41145,50,5.93597,0.73467,-110.3678,4.27418,0.97922,23.09568,-35.59002,MIA_RED,BAL_UNI,McKieFieldStad,TeamExclusive,Team,20251004-McKieFieldStad-Private-1,7932b520-a14f-11f0-9f0b-09fe507a42b3,74.16344,,,7.70049,,,,,,,6a89286b-1dc2-4afe-ba41-38a51ea46870,2025-10-04,18:25:14.77,2025-10-04T14:25:14.7730000-04:00,2025-10-04T18:25:14.7730000Z,,v3,471355,,,"Fixx, Mason",10305580,Right,BAL_UNI,a8e0b66e-0cf8-4e12-a7cb-a24a72e38770,55.06464,-111.42259,11.54784,5.70365,5.8996,-17.79501,-0.44398,0.68994,0.48961,,,,,,,,,,,,,,,,,,,,,,,,,,,,,,,,,,,,,,,,,,,,,,,,,,,High,High,High,,,,,
272,2025-10-04,14:25:29.44,1,5,"Henderlich, Will",10270730,Right,BAL_UNI,"Cruz, Diego",1000178634,Left,MIA_RED,Undefined,8,Bottom,0,3,1,Fastball,Four-Seam,StrikeCalled,Undefined,Undefined,Undefined,0,0,,86.86915,-2.786509,-1.71712,1874.921527,197.90307,12:30,5.85422,0.16943,6.05746,-17.46198,19.49466,5.9017,1.81674,-0.92857,79.29408,-6.115181,-0.654864,0.43754,,,,,,,,,,,,-3.53618,11.21725,-0.0392,50,5.62824,3.54065,-126.00976,-6.6097,-5.66776,26.35975,-14.19518,MIA_RED,BAL_UNI,McKieFieldStad,TeamExclusive,Team,20251004-McKieFieldStad-Private-1,81fd6100-a14f-11f0-9f0b-09fe507a42b3,86.1463,,,7.57508,,,,,,,6a89286b-1dc2-4afe-ba41-38a51ea46870,2025-10-04,18:25:29.44,2025-10-04T14:25:29.4400000-04:00,2025-10-04T18:25:29.4400000Z,,v3,471355,,,"Fixx, Mason",10305580,Right,BAL_UNI,9f4cef2d-259e-43b1-b778-3b9773d104f0,54.43936,-126.93502,13.17988,5.85151,-6.11143,-7.09759,-0.16698,3.73959,-2.83388,,,,,,,,,,,,,,,,,,,,,,,,,,,,,,,,,,,,,,,,,,,,,,,,,,,High,High,High,,,,,
273,2025-10-04,14:25:48.50,1,6,"Henderlich, Will",10270730,Right,BAL_UNI,"Cruz, Diego",1000178634,Left,MIA_RED,Undefined,8,Bottom,0,3,2,Fastball,Four-Seam,StrikeCalled,Strikeout,Undefined,Undefined,0,0,,87.99441,-2.364663,-1.771297,1987.407373,202.432565,12:45,5.81288,0.39119,6.06508,-19.57379,16.1032,6.20288,1.99108,-0.73166,81.01539,-6.049479,-0.654501,0.429898,,,,,,,,,,,,-3.66433,9.2593,-0.25714,50,5.61886,3.70248,-127.79612,-5.85968,-6.0962,24.8612,-16.76969,MIA_RED,BAL_UNI,McKieFieldStad,TeamExclusive,Team,20251004-McKieFieldStad-Private-1,8d56f520-a14f-11f0-9f0b-09fe507a42b3,87.6776,,,6.97902,,,,,,,6a89286b-1dc2-4afe-ba41-38a51ea46870,2025-10-04,18:25:48.50,2025-10-04T14:25:48.5030000-04:00,2025-10-04T18:25:48.5030000Z,,v3,471355,,,"Fixx, Mason",10305580,Right,BAL_UNI,a87186c9-c521-4f8b-8af0-b2b8f70fb518,54.4329,-128.6556,12.4306,5.81141,-5.27993,-8.38485,-0.38879,3.91324,-3.0481,,,,,,,,,,,,,,,,,,,,,,,,,,,,,70.45294,2.583709,1.643059,0.940649,-0.51946,1.78325,0.75309,0.65519,5.59544,-3.53477,77.98651,7.98877,-46.78687,0.68343,87.35462,-5.50847,5.62956,16.84796,-15.25435,-3.57342,-51.24496,5.65052,High,High,High,,,High,High,High
274,2025-10-04,14:26:12.77,2,1,"Henderlich, Will",10270730,Right,BAL_UNI,"Phillips, Drew",1000194003,Right,MIA_RED,Undefined,8,Bottom,1,0,0,Slider,Curveball,BallCalled,Undefined,Undefined,Undefined,0,0,,77.81739,2.413066,-0.384577,1423.968876,23.891283,6:45,5.75712,0.29647,5.53036,-51.09007,-3.90929,-2.43382,3.75667,-0.26584,70.72592,-6.949179,-0.81861,0.494372,,,,,,,,,,,,1.0998,-2.14453,-0.26146,50,5.93323,0.85428,-112.83192,3.02976,1.40539,22.2113,-34.91441,MIA_RED,BAL_UNI,McKieFieldStad,TeamExclusive,Team,20251004-McKieFieldStad-Private-1,9b9f6bd0-a14f-11f0-9f0b-09fe507a42b3,76.24306,,,7.09147,,,,,,,6a89286b-1dc2-4afe-ba41-38a51ea46870,2025-10-04,18:26:12.77,2025-10-04T14:26:12.7740000-04:00,2025-10-04T18:26:12.7740000Z,,v3,471355,,,"Fixx, Mason",10305580,Right,BAL_UNI,acf2370f-6c0f-49e8-808e-93edcb4a5558,54.96646,-113.80538,11.10565,5.76691,4.55996,-17.45721,-0.29755,0.79269,0.70269,,,,,,,,,,,,,,,,,,,,,,,,,,,,,,,,,,,,,,,,,,,,,,,,,,,High,High,High,,,,,
275,2025-10-04,14:26:28.56,2,2,"Henderlich, Will",10270730,Right,BAL_UNI,"Phillips, Drew",1000194003,Right,MIA_RED,Undefined,8,Bottom,1,1,0,Slider,Curveball,BallCalled,Undefined,Undefined,Undefined,0,0,,76.31272,2.374462,0.460652,1549.725599,32.281942,7:00,5.6916,0.55373,5.50394,-53.08897,-4.12382,-3.61756,3.48955,0.6831,69.60446,-7.337168,-0.18431,0.503634,,,,,,,,,,,,1.95299,-2.26567,-0.59147,50,5.8634,-0.75062,-110.69691,2.83606,2.40852,20.8881,-34.96816,MIA_RED,BAL_UNI,McKieFieldStad,TeamExclusive,Team,20251004-McKieFieldStad-Private-1,a513ec40-a14f-11f0-9f0b-09fe507a42b3,74.84094,,,6.70826,,,,,,,6a89286b-1dc2-4afe-ba41-38a51ea46870,2025-10-04,18:26:28.56,2025-10-04T14:26:28.5660000-04:00,2025-10-04T18:26:28.5660000Z,,v3,471355,,,"Fixx, Mason",10305580,Right,BAL_UNI,c90e0c02-a5bf-4647-991e-a627c82fe157,54.99425,-111.63533,10.44405,5.70069,4.40704,-17.48408,-0.55532,-0.85882,1.20426,,,,,,,,,,,,,,,,,,,,,,,,,,,,,,,,,,,,,,,,,,,,,,,,,,,High,High,High,,,,,
276,2025-10-04,14:26:43.48,2,3,"Henderlich, Will",10270730,Right,BAL_UNI,"Phillips, Drew",1000194003,Right,MIA_RED,Undefined,8,Bottom,1,2,0,Slider,Curveball,BallCalled,Undefined,Undefined,Undefined,0,0,,76.193,2.334066,-0.735052,1620.303046,44.676145,7:30,5.74785,0.41465,5.66146,-56.73184,-7.83556,-9.33378,3.19807,-1.04863,69.54452,-8.048461,-2.404137,0.50328,,,,,,,,,,,,4.47126,-4.09323,-0.34669,50,5.91001,1.77552,-110.556,2.64577,5.48878,21.21186,-37.19878,MIA_RED,BAL_UNI,McKieFieldStad,TeamExclusive,Team,20251004-McKieFieldStad-Private-1,adeb1b40-a14f-11f0-9f0b-09fe507a42b3,74.89362,,,6.64848,,,,,,,6a89286b-1dc2-4afe-ba41-38a51ea46870,2025-10-04,18:26:43.48,2025-10-04T14:26:43.4860000-04:00,2025-10-04T18:26:43.4860000Z,,v3,471355,,,"Fixx, Mason",10305580,Right,BAL_UNI,5f4a508b-9331-40f8-a0fa-c8b6d399041d,54.83745,-111.48028,10.60593,5.75941,4.26665,-18.59939,-0.41885,1.53636,2.74439,,,,,,,,,,,,,,,,,,,,,,,,,,,,,,,,,,,,,,,,,,,,,,,,,,,High,High,High,,,,,
277,2025-10-04,14:26:56.95,2,4,"Henderlich, Will",10270730,Right,BAL_UNI,"Phillips, Drew",1000194003,Right,MIA_RED,Undefined,8,Bottom,1,3,0,Fastball,Four-Seam,StrikeCalled,Undefined,Undefined,Undefined,0,0,,86.62944,-1.526415,-1.048027,1921.588387,204.557476,12:45,5.88702,0.25385,5.92364,-21.01706,16.18371,6.84969,2.71865,-0.14793,79.20521,-5.488426,0.182398,0.438983,,,,,,,,,,,,-3.77799,9.07335,-0.17375,50,5.75294,2.01545,-125.77695,-3.97937,-6.04945,25.61258,-17.64548,MIA_RED,BAL_UNI,McKieFieldStad,TeamExclusive,Team,20251004-McKieFieldStad-Private-1,b5f02d30-a14f-11f0-9f0b-09fe507a42b3,85.86313,,,7.42422,,,,,,,6a89286b-1dc2-4afe-ba41-38a51ea46870,2025-10-04,18:26:56.95,2025-10-04T14:26:56.9580000-04:00,2025-10-04T18:26:56.9580000Z,,v3,471355,,,"Fixx, Mason",10305580,Right,BAL_UNI,0675fc11-05b9-4714-a6a1-2196bef04408,54.57188,-126.70453,12.80629,5.88549,-3.34033,-8.82274,-0.25071,2.23453,-3.02472,,,,,,,,,,,,,,,,,,,,,,,,,,,,,,,,,,,,,,,,,,,,,,,,,,,High,High,High,,,,,
278,2025-10-04,14:27:10.92,2,5,"Henderlich, Will",10270730,Right,BAL_UNI,"Phillips, Drew",1000194003,Right,MIA_RED,Undefined,8,Bottom,1,3,1,Fastball,Changeup,BallCalled,Walk,Undefined,Undefined,0,0,,86.52674,-0.500301,-1.899103,1770.976759,193.437129,12:30,5.95324,0.14903,6.09178,-20.67702,16.36233,3.6289,3.76712,-1.30583,79.0431,-4.419744,-1.245844,0.438029,,,,,,,,,,,,-2.38721,8.92312,-0.00447,50,5.90363,4.01865,-125.65407,-1.6896,-3.8162,25.48818,-17.90947,MIA_RED,BAL_UNI,McKieFieldStad,TeamExclusive,Team,20251004-McKieFieldStad-Private-1,be98f930-a14f-11f0-9f0b-09fe507a42b3,86.05006,,,7.48364,,,,,,,6a89286b-1dc2-4afe-ba41-38a51ea46870,2025-10-04,18:27:10.92,2025-10-04T14:27:10.9220000-04:00,2025-10-04T18:27:10.9220000Z,,v3,471355,,,"Fixx, Mason",10305580,Right,BAL_UNI,b149513f-1bc3-4238-87cd-2a3a2b27b0ac,54.40375,-126.54419,12.74409,5.95172,-1.06415,-8.95473,-0.14714,4.15193,-1.9081,,,,,,,,,,,,,,,,,,,,,,,,,,,,,,,,,,,,,,,,,,,,,,,,,,,High,High,High,,,,,
279,2025-10-04,14:27:39.74,3,1,"Henderlich, Will",10270730,Right,BAL_UNI,"Roa Calcano, Christopher",1000375139,Left,MIA_RED,Undefined,8,Bottom,1,0,0,Fastball,Four-Seam,BallCalled,Undefined,Undefined,Undefined,0,0,,87.64517,-2.794676,-0.046217,2003.461395,208.573421,1:00,5.79791,0.67348,5.92931,-16.05072,20.3558,10.43938,1.86536,1.50055,80.11468,-5.855808,1.829081,0.434271,,,,,,,,,,,,-5.35311,11.57926,-0.67562,50,5.56541,-0.33092,-127.1819,-6.64344,-8.75385,26.47468,-13.23869,MIA_RED,BAL_UNI,McKieFieldStad,TeamExclusive,Team,20251004-McKieFieldStad-Private-1,cf869f40-a14f-11f0-9f0b-09fe507a42b3,86.7947,,,7.53049,,,,,,,6a89286b-1dc2-4afe-ba41-38a51ea46870,2025-10-04,18:27:39.74,2025-10-04T14:27:39.7410000-04:00,2025-10-04T18:27:39.7410000Z,,v3,471355,,,"Fixx, Mason",10305580,Right,BAL_UNI,7008c923-3093-4e6d-9ce4-9bc59708974c,54.56737,-128.12913,13.23734,5.79463,-6.16977,-6.61934,-0.66938,-0.01772,-4.37693,,,,,,,,,,,,,,,,,,,,,,,,,,,,,,,,,,,,,,,,,,,,,,,,,,,High,High,High,,,,,
280,2025-10-04,14:28:11.86,3,2,"Henderlich, Will",10270730,Right,BAL_UNI,"Roa Calcano, Christopher",1000375139,Left,MIA_RED,Undefined,8,Bottom,1,1,0,Fastball,Four-Seam,FoulBallNotFieldable,Undefined,Undefined,Undefined,0,0,,87.15235,-1.568191,-1.480855,1834.097801,195.110152,12:30,5.84092,0.5022,5.98886,-20.68119,15.93021,3.98988,2.66328,-0.53803,79.82079,-5.467324,-0.763503,0.435491,,,,,,,,,,,,-2.4776,8.98871,-0.3877,50,5.70583,3.11391,-126.58792,-4.08619,-4.02154,25.76379,-17.58396,MIA_RED,BAL_UNI,McKieFieldStad,TeamExclusive,Team,20251004-McKieFieldStad-Private-1,e2da48d0-a14f-11f0-9f0b-09fe507a42b3,86.55153,,,7.33157,,,,,,,6a89286b-1dc2-4afe-ba41-38a51ea46870,2025-10-04,18:28:11.86,2025-10-04T14:28:11.8610000-04:00,2025-10-04T18:28:11.8610000Z,,v3,471355,,,"Fixx, Mason",10305580,Right,BAL_UNI,42bf2e38-add9-4177-84f1-2e577816f8e8,54.50948,-127.50241,12.8819,5.8398,-3.46205,-8.79198,-0.50076,3.25666,-2.01077,,,,,,,,,,,,,,,,,,,,,,,,,,,,,,,,,,,,,,,,,,,,,,,,,,,High,High,High,,,,,
281,2025-10-04,14:28:35.94,3,3,"Henderlich, Will",10270730,Right,BAL_UNI,"Roa Calcano, Christopher",1000375139,Left,MIA_RED,Undefined,8,Bottom,1,1,1,Slider,Curveball,BallCalled,Undefined,Undefined,Undefined,0,0,,76.99779,2.436726,0.103357,1510.679355,45.826821,7:30,5.69405,0.48608,5.55664,-56.15995,-8.09067,-9.96107,3.29211,-0.24744,70.20539,-7.825477,-1.675,0.499005,,,,,,,,,,,,5.03162,-4.27461,-0.48841,50,5.86792,0.18612,-111.70989,2.8676,6.30629,21.65537,-37.5316,MIA_RED,BAL_UNI,McKieFieldStad,TeamExclusive,Team,20251004-McKieFieldStad-Private-1,f0f39930-a14f-11f0-9f0b-09fe507a42b3,75.53512,,,6.7924,,,,,,,6a89286b-1dc2-4afe-ba41-38a51ea46870,2025-10-04,18:28:35.94,2025-10-04T14:28:35.9440000-04:00,2025-10-04T18:28:35.9440000Z,,v3,471355,,,"Fixx, Mason",10305580,Right,BAL_UNI,683c7e1c-f7e1-433f-9a0e-fb29b8dec1cc,54.94257,-112.66395,10.82769,5.70516,4.52111,-18.7658,-0.49049,-0.09171,3.15315,,,,,,,,,,,,,,,,,,,,,,,,,,,,,,,,,,,,,,,,,,,,,,,,,,,High,High,High,,,,,
282,2025-10-04,14:29:04.73,3,4,"Henderlich, Will",10270730,Right,BAL_UNI,"Roa Calcano, Christopher",1000375139,Left,MIA_RED,Undefined,8,Bottom,1,2,1,Fastball,Four-Seam,BallCalled,Undefined,Undefined,Undefined,0,0,,86.67247,1.439819,-0.957088,1876.926152,197.850294,12:30,5.84675,0.38928,6.12862,-24.93442,12.01115,3.48811,5.10022,-0.20479,78.86452,-3.263129,-0.328541,0.437474,,,,,,,,,,,,-2.05736,6.14721,-0.31782,50,5.94387,1.95939,-125.85494,2.4066,-3.29085,26.19243,-22.34133,MIA_RED,BAL_UNI,McKieFieldStad,TeamExclusive,Team,20251004-McKieFieldStad-Private-1,022d1550-a150-11f0-9f0b-09fe507a42b3,86.15921,,,7.80795,,,,,,,6a89286b-1dc2-4afe-ba41-38a51ea46870,2025-10-04,18:29:04.73,2025-10-04T14:29:04.7370000-04:00,2025-10-04T18:29:04.7370000Z,,v3,471355,,,"Fixx, Mason",10305580,Right,BAL_UNI,35dc1f03-0422-423e-8e13-32affe881dbf,54.36635,-126.76038,13.09621,5.84732,3.17892,-11.17067,-0.38753,2.07316,-1.64542,,,,,,,,,,,,,,,,,,,,,,,,,,,,,,,,,,,,,,,,,,,,,,,,,,,High,High,High,,,,,
283,2025-10-04,14:30:07.20,3,5,"Henderlich, Will",10270730,Right,BAL_UNI,"Roa Calcano, Christopher",1000375139,Left,MIA_RED,Undefined,8,Bottom,1,3,1,Fastball,Changeup,FoulBallNotFieldable,Undefined,Undefined,Undefined,0,0,,87.63,-2.353694,-1.947947,1793.90011,200.635987,12:45,5.86947,0.2267,5.9928,-18.91139,17.27757,6.08115,2.10986,-1.07241,80.41849,-5.924663,-0.854828,0.432972,82.2696,-16.568958,86.187775,,,,,8.91096,6.57477,73.076234,0.087142,-3.675,9.88426,-0.07663,50,5.67346,4.08357,-127.21555,-5.78765,-6.03739,25.4948,-15.93602,MIA_RED,BAL_UNI,McKieFieldStad,TeamExclusive,Team,20251004-McKieFieldStad-Private-1,2783f3a0-a150-11f0-9f0b-09fe507a42b3,87.05522,2.92093,,7.21151,,,,1.90838,2.92093,-1.4867,6a89286b-1dc2-4afe-ba41-38a51ea46870,2025-10-04,18:30:07.20,2025-10-04T14:30:07.2040000-04:00,2025-10-04T18:30:07.2040000Z,GroundBall,v3,471355,,,"Fixx, Mason",10305580,Right,BAL_UNI,7cf9321c-5bb3-4886-9d24-1c14978ce2e6,54.50563,-128.11533,12.7474,5.8678,-5.22523,-7.96801,-0.22451,4.29664,-3.01869,,1.90837,7.69129,2.02548,,,,,,,2.92085,-34.39709,10.10271,,,,,,,-1.48672,115.39878,-5.8372,,,,,,,,,,,,,,,,,,,,,,,,,,,,,High,High,High,Low,Low,,,
284,2025-10-04,14:30:21.48,3,6,"Henderlich, Will",10270730,Right,BAL_UNI,"Roa Calcano, Christopher",1000375139,Left,MIA_RED,Undefined,8,Bottom,1,3,2,Fastball,Four-Seam,InPlay,Undefined,FlyBall,Out,1,0,,87.76841,-1.544468,-1.224894,1949.242746,197.381787,12:30,5.95948,-0.00742,5.74982,-19.21273,17.4521,5.0767,2.91993,-0.72484,79.81507,-5.181019,-0.316167,0.435809,88.29448,36.888777,26.053262,2786.633074,96.87857,73.90681,52.10119,345.64255,315.87893,30.805713,5.369665,-2.95583,9.71819,0.10593,50,5.81972,2.50915,-127.3497,-4.01729,-4.82435,27.65304,-16.31249,MIA_RED,BAL_UNI,McKieFieldStad,TeamExclusive,Team,20251004-McKieFieldStad-Private-1,2ff29cd0-a150-11f0-9f0b-09fe507a42b3,86.48846,96.55628,,7.95334,,,,1.59217,3.14838,0.78338,6a89286b-1dc2-4afe-ba41-38a51ea46870,2025-10-04,18:30:21.48,2025-10-04T14:30:21.4810000-04:00,2025-10-04T18:30:21.4810000Z,FlyBall,v3,471355,,,"Fixx, Mason",10305580,Right,BAL_UNI,7879cd17-e3a9-46f3-89b3-e1c542219e95,54.7469,-128.37632,13.82652,5.95762,-3.41169,-8.15625,0.00945,2.68825,-2.41218,,1.59768,92.92687,-17.56041,3.54676,-0.11668,-0.20531,0.06504,-0.00824,0.00039,3.14174,77.86089,-18.62646,1.76456,-0.65344,0.20306,-0.03352,0.00257,-7E-05,0.78411,45.4733,-4.1734,0.3562,0.10411,-0.06678,0.01715,-0.00212,0.0001,,,,,,,,,,,,,,,,,,,,,,,High,High,High,High,Medium,,,
285,2025-10-04,14:31:31.03,4,1,"Henderlich, Will",10270730,Right,BAL_UNI,"Gonzalez Rivera, Ignacio",10124440,Right,MIA_RED,Undefined,8,Bottom,2,0,0,Curveball,Curveball,HitByPitch,Undefined,Undefined,Undefined,0,0,,74.22987,3.167327,1.328505,1556.043722,24.543398,6:45,5.6319,0.52476,5.60504,-60.67696,-8.40012,-4.70796,3.5359,1.37277,66.90866,-7.964687,0.488016,0.520387,,,,,,,,,,,,2.79583,-4.60803,-0.63541,50,5.86474,-2.3125,-107.46858,3.9883,3.20751,21.93158,-37.46057,MIA_RED,BAL_UNI,McKieFieldStad,TeamExclusive,Team,20251004-McKieFieldStad-Private-1,595bcf10-a150-11f0-9f0b-09fe507a42b3,72.43162,,,7.32122,,,,,,,6a89286b-1dc2-4afe-ba41-38a51ea46870,2025-10-04,18:31:31.03,2025-10-04T14:31:31.0320000-04:00,2025-10-04T18:31:31.0320000Z,,v3,471355,,,"Fixx, Mason",10305580,Right,BAL_UNI,e44404e0-51ec-4c3b-9768-cb11411dde06,54.89185,-108.46229,10.96579,5.64558,5.68562,-18.73029,-0.52734,-2.45783,1.60375,,,,,,,,,,,,,,,,,,,,,,,,,,,,,,,,,,,,,,,,,,,,,,,,,,,High,High,High,,,,,
286,2025-10-04,14:31:56.99,5,1,"Henderlich, Will",10270730,Right,BAL_UNI,"Harrison, Tommy",811731,Left,MIA_RED,Undefined,8,Bottom,2,0,0,Curveball,Curveball,BallCalled,Undefined,Undefined,Undefined,0,0,,75.93881,0.137065,1.064288,1581.495436,22.764932,6:45,5.63164,0.35509,6.24141,-60.77755,-12.05005,-5.80571,0.69329,0.85305,68.97769,-11.065352,0.010643,0.50241,,,,,,,,,,,,3.39043,-5.81122,-0.43153,50,5.61254,-1.84818,-110.27098,-1.54584,4.07412,24.0082,-39.15712,MIA_RED,BAL_UNI,McKieFieldStad,TeamExclusive,Team,20251004-McKieFieldStad-Private-1,69114340-a150-11f0-9f0b-09fe507a42b3,75.0232,,,6.96112,,,,,,,6a89286b-1dc2-4afe-ba41-38a51ea46870,2025-10-04,18:31:56.99,2025-10-04T14:31:56.9930000-04:00,2025-10-04T18:31:56.9930000Z,,v3,471355,,,"Fixx, Mason",10305580,Right,BAL_UNI,8802e817-1340-4b54-b17a-c4af11e15c3e,54.25822,-111.19422,12.0041,5.64303,-0.04005,-19.57856,-0.35745,-2.00485,2.03706,,,,,,,,,,,,,,,,,,,,,,,,,,,,,,,,,,,,,,,,,,,,,,,,,,,High,High,High,,,,,
287,2025-10-04,14:32:13.48,5,2,"Henderlich, Will",10270730,Right,BAL_UNI,"Harrison, Tommy",811731,Left,MIA_RED,Undefined,8,Bottom,2,1,0,Slider,Curveball,BallCalled,Undefined,Undefined,Undefined,0,0,,77.49786,-1.139437,-1.936282,1707.741825,11.962589,6:30,5.61939,0.30016,5.89473,-52.25267,-4.96544,-1.40941,0.20638,-1.61565,70.63484,-10.708762,-2.190021,0.49493,,,,,,,,,,,,0.08154,-1.74878,-0.14345,50,5.49759,3.85094,-112.40152,-3.87022,0.10235,23.98467,-34.36881,MIA_RED,BAL_UNI,McKieFieldStad,TeamExclusive,Team,20251004-McKieFieldStad-Private-1,72b670a0-a150-11f0-9f0b-09fe507a42b3,76.15718,,,6.86302,,,,,,,6a89286b-1dc2-4afe-ba41-38a51ea46870,2025-10-04,18:32:13.48,2025-10-04T14:32:13.4830000-04:00,2025-10-04T18:32:13.4830000Z,,v3,471355,,,"Fixx, Mason",10305580,Right,BAL_UNI,07c933f3-631f-4b39-95ac-f227c12efb0d,54.60394,-113.37967,11.99234,5.62685,-2.46859,-17.1844,-0.30041,3.84677,0.05118,,,,,,,,,,,,,,,,,,,,,,,,,,,,,73.87944,,,0.869653,,,,-1.33971,5.75766,3.90299,65.94236,3.7356,58.83607,-1.30738,85.27854,-9.22381,5.77106,9.68448,-13.86406,3.90652,65.34866,-2.52321,High,High,High,,,High,High,High
288,2025-10-04,14:32:35.43,5,3,"Henderlich, Will",10270730,Right,BAL_UNI,"Harrison, Tommy",811731,Left,MIA_RED,Undefined,8,Bottom,2,2,0,Fastball,Four-Seam,StrikeCalled,Undefined,Undefined,Undefined,0,0,,85.53933,-2.284178,-1.946977,1933.569451,197.657239,12:30,5.84077,0.25034,6.22981,-22.25942,15.38627,4.52394,1.87618,-1.16957,78.57804,-6.47629,-1.129983,0.4416,,,,,,,,,,,,-2.87087,8.96363,-0.10713,50,5.65895,4.04742,-124.20372,-5.59074,-4.49566,24.30042,-18.13735,MIA_RED,BAL_UNI,McKieFieldStad,TeamExclusive,Team,20251004-McKieFieldStad-Private-1,7ff95e30-a150-11f0-9f0b-09fe507a42b3,85.3543,,,6.96129,,,,,,,6a89286b-1dc2-4afe-ba41-38a51ea46870,2025-10-04,18:32:35.43,2025-10-04T14:32:35.4360000-04:00,2025-10-04T18:32:35.4360000Z,,v3,471355,,,"Fixx, Mason",10305580,Right,BAL_UNI,e846f3f5-b7f9-4e0e-a779-807456e9f757,54.26723,-125.03581,12.15021,5.83975,-4.96969,-9.06867,-0.24836,4.20136,-2.24783,,,,,,,,,,,,,,,,,,,,,,,,,,,,,,,,,,,,,,,,,,,,,,,,,,,High,High,High,,,,,
289,2025-10-04,14:32:50.30,5,4,"Henderlich, Will",10270730,Right,BAL_UNI,"Harrison, Tommy",811731,Left,MIA_RED,Undefined,8,Bottom,2,2,1,Slider,Curveball,BallCalled,Undefined,Undefined,Undefined,0,2,,76.87763,-0.38604,-1.274923,1490.030706,29.21187,7:00,5.76131,0.3555,5.60549,-49.40152,-1.18055,-1.57732,1.28407,-0.96623,70.26773,-9.418134,-1.557172,0.499792,,,,,,,,,,,,0.40622,-0.01713,-0.2454,50,5.69635,2.54176,-111.54941,-2.34469,0.50613,22.14821,-32.19537,MIA_RED,BAL_UNI,McKieFieldStad,TeamExclusive,Team,20251004-McKieFieldStad-Private-1,88aa1970-a150-11f0-9f0b-09fe507a42b3,75.41623,,,6.6099,,,,,,,6a89286b-1dc2-4afe-ba41-38a51ea46870,2025-10-04,18:32:50.30,2025-10-04T14:32:50.3030000-04:00,2025-10-04T18:32:50.3030000Z,,v3,471355,,,"Fixx, Mason",10305580,Right,BAL_UNI,b0280425-466f-4ae2-8cda-678eeab78cdf,54.89247,-112.51662,11.0741,5.76804,-0.93872,-16.09769,-0.35591,2.51965,0.25307,,,,,,,,,,,,,,,,,,,,,,,,,,,,,,,,,,,,,,,,,,,,,,,,,,,High,High,High,,,,,
290,2025-10-04,14:33:19.32,5,5,"Henderlich, Will",10270730,Right,BAL_UNI,"Harrison, Tommy",811731,Left,MIA_RED,Undefined,8,Bottom,2,3,1,Fastball,Four-Seam,InPlay,Undefined,LineDrive,Double,0,1,,86.78955,-2.169185,-0.906248,1956.71089,202.545685,12:45,5.82186,0.22298,6.07603,-19.13332,17.73332,6.86898,2.21917,-0.04318,79.38766,-5.79767,0.331284,0.437007,103.0026,13.68324,15.710029,958.046292,105.17532,20.73365,32.22035,275.68007,275.68007,19.591292,2.441361,-3.82945,10.14154,-0.15665,50,5.64392,1.72536,-126.04429,-5.31894,-6.15028,26.0199,-15.88625,MIA_RED,BAL_UNI,McKieFieldStad,TeamExclusive,Team,20251004-McKieFieldStad-Private-1,99f4fab0-a150-11f0-9f0b-09fe507a42b3,86.25142,22.40233,,7.40189,,,,2.66366,2.29379,0.03337,6a89286b-1dc2-4afe-ba41-38a51ea46870,2025-10-04,18:33:19.32,2025-10-04T14:33:19.3280000-04:00,2025-10-04T18:33:19.3280000Z,LineDrive,v3,471355,,,"Fixx, Mason",10305580,Right,BAL_UNI,22ab7938-7d56-4539-8690-933b6308d267,54.42234,-126.95393,13.00995,5.82016,-4.76356,-7.94313,-0.22073,1.94037,-3.07514,231.733056,2.66367,141.29918,-22.97808,5.22968,-1.14592,0.22972,-0.03967,0.00479,-0.00027,2.29378,35.73645,-16.78028,0.87415,-0.07656,0.0058,-0.00169,0.00094,-0.00012,0.03337,39.74441,0.02779,-0.74774,0.29392,-0.07471,0.01274,-0.00119,4E-05,,,,,,,,,,,,,,,,,,,,,,,High,High,High,High,High,,,
291,2025-10-04,14:33:55.09,6,1,"Henderlich, Will",10270730,Right,BAL_UNI,"Rasmussen, Jamie",10272616,Right,MIA_RED,Undefined,8,Bottom,2,0,0,Fastball,Four-Seam,BallCalled,Undefined,Undefined,Undefined,0,0,,86.88121,-2.13103,-3.440739,1927.286224,195.997175,12:30,5.89121,0.21535,6.06616,-18.65847,18.2508,4.89044,2.35977,-2.56509,79.43729,-5.672027,-2.562595,0.437259,,,,,,,,,,,,-3.47236,10.35461,0.04905,50,5.71566,7.37404,-125.93801,-5.21427,-5.57519,25.64064,-15.54877,MIA_RED,BAL_UNI,McKieFieldStad,TeamExclusive,Team,20251004-McKieFieldStad-Private-1,af47cfa0-a150-11f0-9f0b-09fe507a42b3,86.20156,,,7.44392,,,,,,,6a89286b-1dc2-4afe-ba41-38a51ea46870,2025-10-04,18:33:55.09,2025-10-04T14:33:55.0930000-04:00,2025-10-04T18:33:55.0930000Z,,v3,471355,,,"Fixx, Mason",10305580,Right,BAL_UNI,5e62e9d5-63b7-4073-8157-50962b732dc7,54.43018,-126.83677,12.82032,5.88887,-4.66925,-7.77438,-0.21285,7.56946,-2.7876,,,,,,,,,,,,,,,,,,,,,,,,,,,,,,,,,,,,,,,,,,,,,,,,,,,High,High,High,,,,,
292,2025-10-04,14:34:08.34,6,2,"Henderlich, Will",10270730,Right,BAL_UNI,"Rasmussen, Jamie",10272616,Right,MIA_RED,Undefined,8,Bottom,2,1,0,Curveball,Curveball,StrikeCalled,Undefined,Undefined,Undefined,0,0,,76.85128,0.599329,0.086586,1552.322406,65.42475,8:15,5.80313,0.36989,5.53929,-49.08888,-0.76244,-5.25032,2.27256,0.01328,70.08436,-8.391423,-0.851284,0.500338,,,,,,,,,,,,2.66673,-0.04161,-0.37387,50,5.82281,0.03456,-111.51282,-0.44276,3.32461,21.90795,-32.22594,MIA_RED,BAL_UNI,McKieFieldStad,TeamExclusive,Team,20251004-McKieFieldStad-Private-1,b741be00-a150-11f0-9f0b-09fe507a42b3,75.33388,,,6.76692,,,,,,,6a89286b-1dc2-4afe-ba41-38a51ea46870,2025-10-04,18:34:08.34,2025-10-04T14:34:08.3450000-04:00,2025-10-04T18:34:08.3450000Z,,v3,471355,,,"Fixx, Mason",10305580,Right,BAL_UNI,178bd57d-b527-44e6-a0c1-2678b5f5deb6,54.95751,-112.48256,10.95397,5.81083,0.9837,-16.11297,-0.37215,-0.1126,1.6623,,,,,,,,,,,,,,,,,,,,,,,,,,,,,,,,,,,,,,,,,,,,,,,,,,,High,High,High,,,,,
293,2025-10-04,14:34:23.84,6,3,"Henderlich, Will",10270730,Right,BAL_UNI,"Rasmussen, Jamie",10272616,Right,MIA_RED,Undefined,8,Bottom,2,1,1,Fastball,Four-Seam,InPlay,Undefined,GroundBall,Out,1,0,,87.80863,-1.99446,-1.864369,1902.883276,193.925454,12:30,5.92462,0.15825,5.93846,-16.94981,19.40651,4.51059,2.66025,-1.19596,79.9488,-5.231858,-1.054608,0.433972,76.7144,10.752027,-7.800748,1344.953191,,,,114.21454,113.08419,-8.714838,1.122138,-2.87319,10.92107,-0.01219,50,5.75608,3.96332,-127.40411,-4.91367,-4.69849,27.41782,-14.31504,MIA_RED,BAL_UNI,McKieFieldStad,TeamExclusive,Team,20251004-McKieFieldStad-Private-1,c069f330-a150-11f0-9f0b-09fe507a42b3,86.85462,7.73818,,7.85983,,,,2.10205,2.74433,1.16057,6a89286b-1dc2-4afe-ba41-38a51ea46870,2025-10-04,18:34:23.84,2025-10-04T14:34:23.8440000-04:00,2025-10-04T18:34:23.8440000Z,LineDrive,v3,471355,,,"Fixx, Mason",10305580,Right,BAL_UNI,813d8da9-b490-44d8-9a4b-e82f49b028a0,54.55897,-128.38147,13.70891,5.92215,-4.40338,-7.15752,-0.15646,4.1308,-2.34925,27.518764,2.10205,109.51603,-10.56038,1.0687,-0.2237,0.02846,-0.00427,0.00091,-8E-05,2.74433,20.99053,-23.07763,2.36627,-0.46369,0.10176,-0.01726,0.00295,-0.00035,1.16057,-15.00329,-1.13977,-0.16325,0.03485,-0.01375,0.00284,-0.00043,5E-05,,,,,,,,,,,,,,,,,,,,,,,High,High,High,High,High,,,
294,2025-10-04,14:37:10.96,1,1,"Byers, Carson ",1000133996,Left,MIA_RED,"Kellicker, Nolan",1000224606,Left,BAL_UNI,Undefined,9,Top,0,0,0,Fastball,Four-Seam,StrikeSwinging,Undefined,Undefined,Undefined,0,0,,88.55279,-0.475221,1.658688,2086.686898,143.848287,10:45,5.05594,-1.23041,5.91844,-17.98525,17.85052,-12.15308,3.11596,-0.70347,80.26374,-3.91185,-0.522817,0.430854,,,,,,,,,,,,6.67985,9.6256,1.10426,50,5.00766,-3.20013,-128.50461,-1.57986,11.08545,28.50582,-16.19999,MIA_RED,BAL_UNI,McKieFieldStad,TeamExclusive,Team,20251004-McKieFieldStad-Private-1,24108250-a151-11f0-9f0b-09fe507a42b3,87.48318,,,8.28905,,,,,,,6a89286b-1dc2-4afe-ba41-38a51ea46870,2025-10-04,18:37:10.96,2025-10-04T14:37:10.9610000-04:00,2025-10-04T18:37:10.9610000Z,,v3,471355,,,"Buffington, Matthew",825106,Right,MIA_RED,4a40c59d-3813-43e1-9874-c8aec0a0dc63,54.57688,-129.5159,14.25291,5.05351,-1.00513,-8.1,1.22477,-3.59341,5.54273,,,,,,,,,,,,,,,,,,,,,,,,,,,,,,,,,,,,,,,,,,,,,,,,,,,High,High,High,,,,,
295,2025-10-04,14:37:27.46,1,2,"Byers, Carson ",1000133996,Left,MIA_RED,"Kellicker, Nolan",1000224606,Left,BAL_UNI,Undefined,9,Top,0,0,1,Fastball,Sinker,BallCalled,Undefined,Undefined,Undefined,0,0,,88.83671,-2.763837,2.236893,2047.45124,136.006486,10:30,5.00311,-1.41427,5.95474,-18.26997,17.19025,-15.46863,0.91358,-0.62785,81.13013,-6.222758,-0.542036,0.42859,,,,,,,,,,,,8.60556,9.97201,1.24529,50,4.77307,-4.39419,-128.85061,-6.7647,14.43082,27.4059,-15.45182,MIA_RED,BAL_UNI,McKieFieldStad,TeamExclusive,Team,20251004-McKieFieldStad-Private-1,2de8a690-a151-11f0-9f0b-09fe507a42b3,87.94521,,,7.70658,,,,,,,6a89286b-1dc2-4afe-ba41-38a51ea46870,2025-10-04,18:37:27.46,2025-10-04T14:37:27.4680000-04:00,2025-10-04T18:37:27.4680000Z,,v3,471355,,,"Buffington, Matthew",825106,Right,MIA_RED,2bed79f7-921a-4059-bd87-5cad36c0feef,54.54355,-129.81341,13.70295,5.00119,-6.22186,-7.72591,1.40857,-4.90115,7.21541,,,,,,,,,,,,,,,,,,,,,,,,,,,,,,,,,,,,,,,,,,,,,,,,,,,High,High,High,,,,,
296,2025-10-04,14:37:43.94,1,3,"Byers, Carson ",1000133996,Left,MIA_RED,"Kellicker, Nolan",1000224606,Left,BAL_UNI,Undefined,9,Top,0,1,1,ChangeUp,Changeup,StrikeSwinging,Undefined,Undefined,Undefined,0,0,,78.83799,0.906493,2.773044,1735.891834,117.165173,10:00,4.47399,-1.92122,5.46032,-36.50159,9.48272,-15.48835,2.28173,-0.61433,71.71912,-5.837862,0.01859,0.488063,,,,,,,,,,,,8.54583,4.98551,1.68752,50,4.52927,-4.90876,-114.26096,0.62714,11.24259,22.0124,-25.61531,MIA_RED,BAL_UNI,McKieFieldStad,TeamExclusive,Team,20251004-McKieFieldStad-Private-1,379cef20-a151-11f0-9f0b-09fe507a42b3,77.22857,,,7.11886,,,,,,,6a89286b-1dc2-4afe-ba41-38a51ea46870,2025-10-04,18:37:43.94,2025-10-04T14:37:43.9460000-04:00,2025-10-04T18:37:43.9460000Z,,v3,471355,,,"Buffington, Matthew",825106,Right,MIA_RED,0e13f5bb-b2e3-488f-9eb6-91928b2d0d2f,55.03548,-115.22697,11.0062,4.47708,1.75125,-12.80766,1.91376,-5.40214,5.6213,,,,,,,,,,,,,,,,,,,,,,,,,,,,,,,,,,,,,,,,,,,,,,,,,,,High,High,High,,,,,
297,2025-10-04,14:37:58.86,1,4,"Byers, Carson ",1000133996,Left,MIA_RED,"Kellicker, Nolan",1000224606,Left,BAL_UNI,Undefined,9,Top,0,1,2,Fastball,Sinker,StrikeSwinging,Strikeout,Undefined,Undefined,0,0,,88.05818,-1.397401,1.795498,1915.290127,135.444828,10:30,5.10216,-1.07848,5.88552,-20.05044,16.13182,-14.70359,2.1328,-0.63597,80.19933,-5.188277,-0.843065,0.432932,,,,,,,,,,,,8.0002,9.00823,0.94191,50,4.97786,-3.38069,-127.79562,-3.72398,13.17702,27.32805,-17.33671,MIA_RED,BAL_UNI,McKieFieldStad,TeamExclusive,Team,20251004-McKieFieldStad-Private-1,40752f90-a151-11f0-9f0b-09fe507a42b3,87.06326,,,7.85885,,,,,,,6a89286b-1dc2-4afe-ba41-38a51ea46870,2025-10-04,18:37:58.86,2025-10-04T14:37:58.8610000-04:00,2025-10-04T18:37:58.8610000Z,,v3,471355,,,"Buffington, Matthew",825106,Right,MIA_RED,ba7072c0-13d0-4b66-a299-1ce8b5769618,54.61077,-128.77782,13.66403,5.10051,-3.10088,-8.66836,1.07192,-3.85429,6.58851,,,,,,,,,,,,,,,,,,,,,,,,,,,,,76.82404,2.599007,1.761434,0.837573,-3.01712,1.71573,0.70973,-1.49476,4.32858,-5.17762,69.61045,4.7468,-55.16605,-1.47517,88.92748,-4.82977,4.37686,13.3133,-15.33346,-5.24697,-66.58708,8.29528,High,High,High,,,High,High,High
298,2025-10-04,14:38:27.98,2,1,"Byers, Carson ",1000133996,Left,MIA_RED,"Druschel, Jace",1000401455,Right,BAL_UNI,Undefined,9,Top,1,0,0,ChangeUp,Changeup,InPlay,Undefined,GroundBall,Out,1,0,,78.66638,1.269304,2.549619,1679.303448,114.667347,9:45,4.55423,-1.89297,5.71549,-37.11715,8.44142,-15.2056,2.64491,-0.78345,71.81876,-5.607062,-0.16792,0.485799,74.25164,6.419768,-18.212704,2750.722679,,,,74.01483,69.865,-17.638683,0.713623,8.50941,4.34079,1.6895,50,4.63744,-4.51245,-114.14709,1.38005,11.2029,21.43447,-26.45927,MIA_RED,BAL_UNI,McKieFieldStad,TeamExclusive,Team,20251004-McKieFieldStad-Private-1,51ebdbc0-a151-11f0-9f0b-09fe507a42b3,77.58857,4.26591,,6.84762,,,,2.42536,2.68071,0.87668,6a89286b-1dc2-4afe-ba41-38a51ea46870,2025-10-04,18:38:27.98,2025-10-04T14:38:27.9840000-04:00,2025-10-04T18:38:27.9840000Z,GroundBall,v3,471355,,,"Buffington, Matthew",825106,Right,MIA_RED,79dbf1c3-3d29-48bb-b8d0-1d1fae45d5cf,54.78334,-115.0418,10.71724,4.55678,2.48449,-13.22963,1.88762,-4.98008,5.60145,16.957798,2.43429,102.6277,-10.10251,,,,,,,2.71663,11.49761,-21.51241,,,,,,,0.87967,-33.88021,1.70389,,,,,,,,,,,,,,,,,,,,,,,,,,,,,High,High,High,High,High,,,
299,2025-10-04,14:39:03.22,3,1,"Byers, Carson ",1000133996,Left,MIA_RED,"Bellina (Mendek), Yuri",10129893,Right,BAL_UNI,Undefined,9,Top,2,0,0,Fastball,Four-Seam,BallCalled,Undefined,Undefined,Undefined,0,0,,88.86965,-0.749692,0.848743,1901.379225,140.822955,10:45,5.12658,-1.10975,5.83003,-19.13737,16.49178,-12.47056,2.83481,-1.35996,80.7507,-4.37867,-1.387128,0.42961,,,,,,,,,,,,6.5715,8.98056,1.04764,50,5.05416,-1.36888,-128.99988,-2.26644,11.00863,28.30164,-17.12973,MIA_RED,BAL_UNI,McKieFieldStad,TeamExclusive,Team,20251004-McKieFieldStad-Private-1,66da70a0-a151-11f0-9f0b-09fe507a42b3,87.73645,,,8.11895,,,,,,,6a89286b-1dc2-4afe-ba41-38a51ea46870,2025-10-04,18:39:03.22,2025-10-04T14:39:03.2270000-04:00,2025-10-04T18:39:03.2270000Z,,v3,471355,,,"Buffington, Matthew",825106,Right,MIA_RED,cfb900f2-9a97-4e6d-b8b2-2ac659ff9670,54.66541,-130.01941,14.15082,5.12469,-1.64937,-8.56487,1.1041,-1.76545,5.50431,,,,,,,,,,,,,,,,,,,,,,,,,,,,,,,,,,,,,,,,,,,,,,,,,,,High,High,High,,,,,
300,2025-10-04,14:39:18.32,3,2,"Byers, Carson ",1000133996,Left,MIA_RED,"Bellina (Mendek), Yuri",10129893,Right,BAL_UNI,Undefined,9,Top,2,1,0,Fastball,Sinker,StrikeSwinging,Undefined,Undefined,Undefined,0,0,,89.04532,0.389768,2.435111,2028.528199,140.417938,10:45,5.07987,-1.0738,5.91933,-18.99733,16.41147,-12.59367,3.85879,0.13784,80.75079,-3.226115,0.17635,0.428279,,,,,,,,,,,,7.10914,8.61973,0.88561,50,5.10029,-4.94792,-129.17902,0.31791,11.94613,28.30157,-17.68951,MIA_RED,BAL_UNI,McKieFieldStad,TeamExclusive,Team,20251004-McKieFieldStad-Private-1,6fcaf400-a151-11f0-9f0b-09fe507a42b3,88.00902,,,8.29453,,,,,,,6a89286b-1dc2-4afe-ba41-38a51ea46870,2025-10-04,18:39:18.32,2025-10-04T14:39:18.3260000-04:00,2025-10-04T18:39:18.3260000Z,,v3,471355,,,"Buffington, Matthew",825106,Right,MIA_RED,5000e5ca-2444-4122-87d7-8a19283d3bf1,54.57595,-130.1777,14.15078,5.07805,0.94212,-8.84475,1.06765,-5.36946,5.97306,,,,,,,,,,,,,,,,,,,,,,,,,,,,,,,,,,,,,,,,,,,,,,,,,,,High,High,High,,,,,
301,2025-10-04,14:39:37.77,3,3,"Byers, Carson ",1000133996,Left,MIA_RED,"Bellina (Mendek), Yuri",10129893,Right,BAL_UNI,Undefined,9,Top,2,1,1,Fastball,Sinker,StrikeCalled,Undefined,Undefined,Undefined,0,0,,89.24197,-1.728826,2.713902,1967.661661,133.660451,10:30,4.99837,-1.2568,5.91187,-19.41202,15.78013,-15.32206,1.77386,-0.01294,81.35842,-5.398325,-0.03479,0.426967,,,,,,,,,,,,8.60292,8.91997,1.04769,50,4.84852,-5.48457,-129.45109,-4.50335,14.55928,27.69389,-17.07817,MIA_RED,BAL_UNI,McKieFieldStad,TeamExclusive,Team,20251004-McKieFieldStad-Private-1,7b81c350-a151-11f0-9f0b-09fe507a42b3,88.2795,,,7.88355,,,,,,,6a89286b-1dc2-4afe-ba41-38a51ea46870,2025-10-04,18:39:37.77,2025-10-04T14:39:37.7750000-04:00,2025-10-04T18:39:37.7750000Z,,v3,471355,,,"Buffington, Matthew",825106,Right,MIA_RED,70a74a7b-8b91-4dbd-a0f2-84dc4021b578,54.58535,-130.42836,13.84695,4.9968,-3.9007,-8.53909,1.25029,-5.99834,7.27964,,,,,,,,,,,,,,,,,,,,,,,,,,,,,,,,,,,,,,,,,,,,,,,,,,,High,High,High,,,,,
302,2025-10-04,14:39:54.53,3,4,"Byers, Carson ",1000133996,Left,MIA_RED,"Bellina (Mendek), Yuri",10129893,Right,BAL_UNI,Undefined,9,Top,2,1,2,Fastball,Sinker,BallCalled,Undefined,Undefined,Undefined,0,0,,89.3389,0.42166,0.895648,1865.55441,132.12572,10:30,5.13972,-1.14895,5.88226,-20.60332,14.49194,-14.77257,3.8144,-1.5482,81.29805,-3.471664,-1.755025,0.426379,,,,,,,,,,,,7.77756,7.62571,1.08501,50,5.16189,-1.39153,-129.74653,0.31153,13.21002,28.06186,-19.22191,MIA_RED,BAL_UNI,McKieFieldStad,TeamExclusive,Team,20251004-McKieFieldStad-Private-1,855ec990-a151-11f0-9f0b-09fe507a42b3,88.4013,,,8.04086,,,,,,,6a89286b-1dc2-4afe-ba41-38a51ea46870,2025-10-04,18:39:54.53,2025-10-04T14:39:54.5360000-04:00,2025-10-04T18:39:54.5360000Z,,v3,471355,,,"Buffington, Matthew",825106,Right,MIA_RED,557abf36-aa15-4738-8480-018aa2fd44a4,54.61428,-130.74071,14.03093,5.1388,0.99252,-9.61096,1.1426,-1.85953,6.60501,,,,,,,,,,,,,,,,,,,,,,,,,,,,,,,,,,,,,,,,,,,,,,,,,,,High,High,High,,,,,
303,2025-10-04,14:40:19.52,3,5,"Byers, Carson ",1000133996,Left,MIA_RED,"Bellina (Mendek), Yuri",10129893,Right,BAL_UNI,Undefined,9,Top,2,2,2,Cutter,Cutter,BallCalled,Undefined,Undefined,Undefined,0,0,,86.8063,-1.573781,2.436509,2250.282857,170.291856,11:45,4.81549,-1.44464,5.61174,-27.10053,10.15776,-1.54996,1.08652,0.7017,80.11134,-6.567548,2.159957,0.439322,,,,,,,,,,,,1.41768,5.89174,1.23743,50,4.66338,-5.29782,-126.01932,-4.39485,2.29619,23.8795,-22.63117,MIA_RED,BAL_UNI,McKieFieldStad,TeamExclusive,Team,20251004-McKieFieldStad-Private-1,9472cda0-a151-11f0-9f0b-09fe507a42b3,85.79687,,,6.69496,,,,,,,6a89286b-1dc2-4afe-ba41-38a51ea46870,2025-10-04,18:40:19.52,2025-10-04T14:40:19.5270000-04:00,2025-10-04T18:40:19.5270000Z,,v3,471355,,,"Buffington, Matthew",825106,Right,MIA_RED,ff49214f-9de0-408d-99f9-6ef9d75a18c2,54.88696,-126.94197,11.93975,4.8163,-3.52043,-11.31559,1.44385,-5.38654,1.1481,,,,,,,,,,,,,,,,,,,,,,,,,,,,,,,,,,,,,,,,,,,,,,,,,,,High,High,High,,,,,
304,2025-10-04,14:40:41.87,3,6,"Byers, Carson ",1000133996,Left,MIA_RED,"Bellina (Mendek), Yuri",10129893,Right,BAL_UNI,Undefined,9,Top,2,3,2,ChangeUp,Changeup,BallCalled,Walk,Undefined,Undefined,0,0,,78.09682,2.195644,0.079652,1520.899014,118.374083,10:00,4.45443,-1.80186,5.47032,-38.24112,8.33418,-12.74686,3.32342,-2.78955,71.35307,-4.858184,-2.18894,0.49119,,,,,,,,,,,,6.40221,4.04673,1.80363,50,4.62165,0.34825,-113.30774,3.10905,8.32308,20.70465,-26.91314,MIA_RED,BAL_UNI,McKieFieldStad,TeamExclusive,Team,20251004-McKieFieldStad-Private-1,a1a8e9f0-a151-11f0-9f0b-09fe507a42b3,76.73706,,,6.74375,,,,,,,6a89286b-1dc2-4afe-ba41-38a51ea46870,2025-10-04,18:40:41.87,2025-10-04T14:40:41.8700000-04:00,2025-10-04T18:40:41.8700000Z,,v3,471355,,,"Buffington, Matthew",825106,Right,MIA_RED,1e6586b7-58e5-406c-87ce-1d64bf0415a6,55.02606,-114.22246,10.35232,4.45803,4.29805,-13.45657,1.79636,-0.01945,4.16154,,,,,,,,,,,,,,,,,,,,,,,,,,,,,,,,,,,,,,,,,,,,,,,,,,,High,High,High,,,,,
305,2025-10-04,14:41:09.40,4,1,"Byers, Carson ",1000133996,Left,MIA_RED,"Fixx, Mason",10305580,Right,BAL_UNI,Undefined,9,Top,2,0,0,ChangeUp,Changeup,StrikeCalled,Undefined,Undefined,Undefined,0,0,,77.42265,1.055623,2.084208,1633.596394,120.844416,10:00,4.52649,-1.79756,5.51585,-37.35463,10.05894,-14.27513,2.40141,-1.0375,70.6568,-5.848518,-0.458793,0.49559,,,,,,,,,,,,7.75363,5.25107,1.62562,50,4.59373,-3.52848,-112.30222,0.89332,9.87991,20.76061,-25.48297,MIA_RED,BAL_UNI,McKieFieldStad,TeamExclusive,Team,20251004-McKieFieldStad-Private-1,b21ccc20-a151-11f0-9f0b-09fe507a42b3,76.05564,,,6.76585,,,,,,,6a89286b-1dc2-4afe-ba41-38a51ea46870,2025-10-04,18:41:09.40,2025-10-04T14:41:09.4000000-04:00,2025-10-04T18:41:09.4000000Z,,v3,471355,,,"Buffington, Matthew",825106,Right,MIA_RED,5521e6ac-48bd-4589-adfb-a3be2abf3a1a,54.98037,-113.21917,10.38031,4.52942,2.01885,-12.74149,1.79111,-3.96486,4.93995,,,,,,,,,,,,,,,,,,,,,,,,,,,,,,,,,,,,,,,,,,,,,,,,,,,High,High,High,,,,,
306,2025-10-04,14:41:25.51,4,2,"Byers, Carson ",1000133996,Left,MIA_RED,"Fixx, Mason",10305580,Right,BAL_UNI,Undefined,9,Top,2,0,1,Fastball,Sinker,InPlay,Undefined,GroundBall,Out,1,0,,87.81312,0.240786,1.718552,1857.770812,127.497652,10:15,4.98028,-1.17072,6.14947,-22.09155,14.16465,-16.81406,3.3619,-0.98352,79.31436,-3.962154,-1.313036,0.433374,66.20072,-71.918363,33.395459,,,,,2.35706,2.35706,42.550494,0.035784,9.22209,7.61099,1.04843,50,4.98728,-3.14004,-127.46524,-0.11256,14.98241,29.26517,-19.80907,MIA_RED,BAL_UNI,McKieFieldStad,TeamExclusive,Team,20251004-McKieFieldStad-Private-1,bbd189e0-a151-11f0-9f0b-09fe507a42b3,86.97447,3.32103,,8.49876,,,,0.83113,3.32103,0.99712,6a89286b-1dc2-4afe-ba41-38a51ea46870,2025-10-04,18:41:25.51,2025-10-04T14:41:25.5180000-04:00,2025-10-04T18:41:25.5180000Z,GroundBall,v3,471355,,,"Buffington, Matthew",825106,Right,MIA_RED,791804ef-71f0-494b-bc6a-2d747a623c2a,54.34721,-128.45945,14.63259,4.97968,0.56041,-9.90454,1.16375,-3.64903,7.49121,,0.83033,25.29826,,,,,,,,3.32396,-92.8075,,,,,,,,0.99659,16.67825,,,,,,,,,,,,,,,,,,,,,,,,,,,,,,High,High,High,Estimated,Estimated,,,
307,2025-10-04,14:44:19.07,1,1,"Henderlich, Will",10270730,Right,BAL_UNI,"Buffington, Matthew",825106,Right,MIA_RED,Undefined,9,Bottom,0,0,0,Slider,Curveball,StrikeSwinging,Undefined,Undefined,Undefined,0,0,,73.25431,0.889648,-2.202718,2248.279474,107.82853,9:30,4.94428,1.20482,5.20225,-47.53495,6.13489,-13.76139,1.82044,-2.01464,67.21781,-7.770013,-4.637502,0.527274,,,,,,,,,,,,6.20162,3.35213,-0.99018,50,4.99122,4.6088,-106.1977,0.13111,7.05714,18.79,-28.35948,MIA_RED,BAL_UNI,McKieFieldStad,TeamExclusive,Team,20251004-McKieFieldStad-Private-1,234378e0-a152-11f0-9f0b-09fe507a42b3,71.48546,,,6.03649,,,,,,,6a89286b-1dc2-4afe-ba41-38a51ea46870,2025-10-04,18:44:19.07,2025-10-04T14:44:19.0770000-04:00,2025-10-04T18:44:19.0770000Z,,v3,471355,,,"Fixx, Mason",10305580,Right,BAL_UNI,fe9b2a47-46ef-4e8a-b90c-c42e37cb8744,55.29431,-107.13035,9.395,4.94978,1.53874,-14.17974,-1.21025,4.25851,3.52857,,,,,,,,,,,,,,,,,,,,,,,,,,,,,,,,,,,,,,,,,,,,,,,,,,,High,High,High,,,,,
308,2025-10-04,14:44:34.04,1,2,"Henderlich, Will",10270730,Right,BAL_UNI,"Buffington, Matthew",825106,Right,MIA_RED,Undefined,9,Bottom,0,0,1,Fastball,Four-Seam,InPlay,Undefined,FlyBall,Single,0,0,,87.22475,-0.877905,-1.90214,2047.390522,202.141679,12:45,5.77288,0.46877,5.94527,-24.8923,11.49713,4.24307,2.88373,-0.94259,80.37096,-5.516404,-1.140065,0.434169,78.35435,26.567932,-1.761669,1566.839316,109.98906,43.59445,-1.53121,276.18419,274.16741,-0.803532,3.742064,-2.68665,6.45918,-0.31977,50,5.68887,4.0412,-126.7703,-2.74185,-4.40173,24.27002,-21.59156,MIA_RED,BAL_UNI,McKieFieldStad,TeamExclusive,Team,20251004-McKieFieldStad-Private-1,2c3ed1b0-a152-11f0-9f0b-09fe507a42b3,86.81506,47.82734,,6.85379,,,,1.36681,2.92378,0.9152,6a89286b-1dc2-4afe-ba41-38a51ea46870,2025-10-04,18:44:34.04,2025-10-04T14:44:34.0470000-04:00,2025-10-04T18:44:34.0470000Z,LineDrive,v3,471355,,,"Fixx, Mason",10305580,Right,BAL_UNI,5431d46d-1a7f-4342-94cc-830874919aea,54.55384,-127.63914,12.13501,5.77319,-1.96889,-10.79578,-0.46726,4.19878,-2.20087,186.412485,1.36641,102.75003,-15.47777,3.7367,-0.89945,0.2661,-0.07422,0.01272,-0.0009,2.9248,51.36468,-15.34659,0.10925,0.457,-0.31531,0.10844,-0.01834,0.00121,0.91527,-3.16225,1.41335,-0.49741,0.13609,-0.03562,0.00789,-0.00114,8E-05,,,,,,,,,,,,,,,,,,,,,,,High,High,High,High,High,,,
309,2025-10-04,14:45:08.98,2,1,"Henderlich, Will",10270730,Right,BAL_UNI,"Proctor, Keenan",823047,Left,MIA_RED,Undefined,9,Bottom,0,0,0,Fastball,Four-Seam,BallCalled,Undefined,Undefined,Undefined,0,0,,86.77823,-0.282395,-0.921436,1998.570547,193.94902,12:30,5.77548,0.64215,5.98957,-23.80923,12.91776,2.93736,3.52963,0.03291,79.76306,-4.742606,-0.393209,0.436178,,,,,,,,,,,,-1.74287,7.05331,-0.57108,50,5.74002,1.9085,-126.13759,-1.36347,-2.82444,24.24779,-20.74365,MIA_RED,BAL_UNI,McKieFieldStad,TeamExclusive,Team,20251004-McKieFieldStad-Private-1,40d35fb0-a152-11f0-9f0b-09fe507a42b3,86.41521,,,7.01517,,,,,,,6a89286b-1dc2-4afe-ba41-38a51ea46870,2025-10-04,18:45:08.98,2025-10-04T14:45:08.9870000-04:00,2025-10-04T18:45:08.9870000Z,,v3,471355,,,"Fixx, Mason",10305580,Right,BAL_UNI,9d0647d2-5b5e-433d-a94f-892de22932ff,54.50709,-127.00104,12.12389,5.77542,-0.6248,-10.37183,-0.64083,2.00908,-1.41222,,,,,,,,,,,,,,,,,,,,,,,,,,,,,,,,,,,,,,,,,,,,,,,,,,,High,High,High,,,,,
310,2025-10-04,14:45:25.24,2,2,"Henderlich, Will",10270730,Right,BAL_UNI,"Proctor, Keenan",823047,Left,MIA_RED,Undefined,9,Bottom,0,1,0,Slider,Splitter,BallCalled,Undefined,Undefined,Undefined,0,0,,76.95488,1.090811,-1.407688,1083.038147,299.079489,4:00,4.90319,1.16154,5.82092,-50.1157,-3.01024,7.94308,1.74144,0.51446,70.99218,-8.096092,0.017804,0.493977,,,,,,,,,,,,-4.4302,-1.38063,-1.05112,50,4.96275,2.45636,-111.84258,0.54348,-5.62835,19.60278,-33.92808,MIA_RED,BAL_UNI,McKieFieldStad,TeamExclusive,Team,20251004-McKieFieldStad-Private-1,4ad35740-a152-11f0-9f0b-09fe507a42b3,76.30401,,,5.9627,,,,,,,6a89286b-1dc2-4afe-ba41-38a51ea46870,2025-10-04,18:45:25.24,2025-10-04T14:45:25.2410000-04:00,2025-10-04T18:45:25.2410000Z,,v3,471355,,,"Fixx, Mason",10305580,Right,BAL_UNI,bacaf4a6-c9ac-4e5f-832d-028a82ac654b,54.67884,-112.65966,9.80139,4.91062,1.95766,-16.96404,-1.15839,2.69096,-2.81417,,,,,,,,,,,,,,,,,,,,,,,,,,,,,,,,,,,,,,,,,,,,,,,,,,,High,High,High,,,,,
311,2025-10-04,14:45:41.32,2,3,"Henderlich, Will",10270730,Right,BAL_UNI,"Proctor, Keenan",823047,Left,MIA_RED,Undefined,9,Bottom,0,2,0,Fastball,Four-Seam,FoulBallNotFieldable,Undefined,Undefined,Undefined,0,0,,88.1068,-1.258329,-1.385618,2092.67128,199.037154,12:45,5.64476,0.59752,6.41948,-22.72308,12.22477,3.87138,2.59392,-0.35385,81.35569,-5.533919,-0.683706,0.425482,43.17379,-36.256713,56.245277,,,,,5.56524,3.58975,44.259697,0.077943,-2.38595,7.02957,-0.50039,50,5.54447,2.95435,-128.17437,-3.4808,-4.0027,24.39922,-20.38117,MIA_RED,BAL_UNI,McKieFieldStad,TeamExclusive,Team,20251004-McKieFieldStad-Private-1,54340190-a152-11f0-9f0b-09fe507a42b3,88.58755,2.95221,,6.75112,,,,1.74911,2.95221,0.5373,6a89286b-1dc2-4afe-ba41-38a51ea46870,2025-10-04,18:45:41.32,2025-10-04T14:45:41.3270000-04:00,2025-10-04T18:45:41.3270000Z,GroundBall,v3,471355,,,"Fixx, Mason",10305580,Right,BAL_UNI,59c080c9-ebe6-4c35-a378-37cbedbd208e,54.07961,-128.94863,12.19961,5.64467,-2.83405,-10.19058,-0.59616,3.08136,-2.00135,180,1.74504,28.69564,,,,,,,,2.95758,-37.87655,,,,,,,,0.53121,42.93839,,,,,,,,,,,,,,,,,,,,,,,,,,,,,,High,High,High,Low,Low,,,
312,2025-10-04,14:46:11.46,2,4,"Henderlich, Will",10270730,Right,BAL_UNI,"Proctor, Keenan",823047,Left,MIA_RED,Undefined,9,Bottom,0,2,1,Slider,Splitter,StrikeCalled,Undefined,Undefined,Undefined,0,0,,77.49778,-0.537307,-2.03741,993.343918,290.400361,3:45,4.8896,1.23861,5.80099,-48.49723,-1.8302,8.82,0.34811,0.07791,71.48314,-9.407219,-0.453747,0.491673,,,,,,,,,,,,-5.12209,-0.4265,-1.07674,50,4.81607,3.68767,-112.58002,-2.58099,-6.56525,20.68352,-32.72069,MIA_RED,BAL_UNI,McKieFieldStad,TeamExclusive,Team,20251004-McKieFieldStad-Private-1,664a4920-a152-11f0-9f0b-09fe507a42b3,76.66157,,,6.01464,,,,,,,6a89286b-1dc2-4afe-ba41-38a51ea46870,2025-10-04,18:46:11.46,2025-10-04T14:46:11.4670000-04:00,2025-10-04T18:46:11.4670000Z,,v3,471355,,,"Fixx, Mason",10305580,Right,BAL_UNI,c52c9c84-2b09-47b1-98b4-4dad67131c30,54.69949,-113.44013,10.34176,4.89511,-1.22031,-16.36035,-1.23576,3.96069,-3.28262,,,,,,,,,,,,,,,,,,,,,,,,,,,,,,,,,,,,,,,,,,,,,,,,,,,High,High,High,,,,,
313,2025-10-04,14:46:38.91,2,5,"Henderlich, Will",10270730,Right,BAL_UNI,"Proctor, Keenan",823047,Left,MIA_RED,Undefined,9,Bottom,0,2,2,Fastball,Four-Seam,HitByPitch,Undefined,Undefined,Undefined,0,0,,89.14199,0.154149,-2.505579,2080.162977,191.390743,12:30,5.73253,0.55192,6.13177,-20.15013,14.59477,2.72819,4.19596,-1.53806,81.64391,-3.656677,-2.014537,0.424245,,,,,,,,,,,,-2.10232,7.83709,-0.36198,50,5.73381,5.5588,-129.5063,-0.25587,-3.57904,26.43371,-18.83191,MIA_RED,BAL_UNI,McKieFieldStad,TeamExclusive,Team,20251004-McKieFieldStad-Private-1,7684f2e0-a152-11f0-9f0b-09fe507a42b3,88.84591,,,7.49808,,,,,,,6a89286b-1dc2-4afe-ba41-38a51ea46870,2025-10-04,18:46:38.91,2025-10-04T14:46:38.9150000-04:00,2025-10-04T18:46:38.9150000Z,,v3,471355,,,"Fixx, Mason",10305580,Right,BAL_UNI,ad8ef3cf-f2b5-4fcf-bf52-bd6636b89eee,54.36711,-130.39463,13.21685,5.73177,0.377,-9.41596,-0.55081,5.67907,-1.78952,,,,,,,,,,,,,,,,,,,,,,,,,,,,,,,,,,,,,,,,,,,,,,,,,,,High,High,High,,,,,
314,2025-10-04,14:47:07.11,3,1,"Henderlich, Will",10270730,Right,BAL_UNI,"Vrlak, Jake",1000131822,Right,MIA_RED,Undefined,9,Bottom,0,0,0,Slider,Curveball,StrikeCalled,Undefined,Undefined,Undefined,0,0,,73.28905,1.575084,-0.595559,2172.299972,103.528978,9:30,4.99342,1.12333,5.37156,-48.51428,4.56378,-12.07296,2.42773,-0.44113,67.26001,-7.298919,-2.741662,0.524359,,,,,,,,,,,,5.87402,2.37449,-1.0612,50,5.10042,1.55612,-106.36113,1.40087,6.72305,18.38938,-29.45635,MIA_RED,BAL_UNI,McKieFieldStad,TeamExclusive,Team,20251004-McKieFieldStad-Private-1,876ea150-a152-11f0-9f0b-09fe507a42b3,71.88285,,,6.02904,,,,,,,6a89286b-1dc2-4afe-ba41-38a51ea46870,2025-10-04,18:47:07.11,2025-10-04T14:47:07.1150000-04:00,2025-10-04T18:47:07.1150000Z,,v3,471355,,,"Fixx, Mason",10305580,Right,BAL_UNI,2f5f5d2a-df75-4516-8abf-dc225fb93ad3,55.12583,-107.2437,9.19469,4.99926,2.81458,-14.72817,-1.12815,1.23346,3.36153,,,,,,,,,,,,,,,,,,,,,,,,,,,,,,,,,,,,,,,,,,,,,,,,,,,High,High,High,,,,,
315,2025-10-04,14:47:24.15,3,2,"Henderlich, Will",10270730,Right,BAL_UNI,"Vrlak, Jake",1000131822,Right,MIA_RED,Undefined,9,Bottom,0,0,1,Fastball,Changeup,FoulBallNotFieldable,Undefined,Undefined,Undefined,0,0,,85.92474,-0.725189,-2.231492,1841.052868,230.802034,1:45,5.14983,1.01858,5.78077,-26.02753,11.91603,13.15812,2.3056,0.03785,78.725,-5.574029,0.124506,0.443344,,,,,,,,,,,,-7.34717,6.63327,-0.84261,50,5.07432,4.32554,-124.76791,-2.42385,-11.59791,24.77025,-21.70306,MIA_RED,BAL_UNI,McKieFieldStad,TeamExclusive,Team,20251004-McKieFieldStad-Private-1,9180e860-a152-11f0-9f0b-09fe507a42b3,85.01859,,,7.19974,,,,,,,6a89286b-1dc2-4afe-ba41-38a51ea46870,2025-10-04,18:47:24.15,2025-10-04T14:47:24.1590000-04:00,2025-10-04T18:47:24.1590000Z,,v3,471355,,,"Fixx, Mason",10305580,Right,BAL_UNI,fa878137-3d2c-467e-a977-1b61230a4585,54.71769,-125.70103,12.38513,5.15023,-1.60628,-10.85153,-1.01378,4.76245,-5.79895,,,,,,,,,,,,,,,,,,,,,,,,,,,,,,,,,,,,,,,,,,,,,,,,,,,High,High,High,,,,,
316,2025-10-04,14:47:44.46,3,3,"Henderlich, Will",10270730,Right,BAL_UNI,"Vrlak, Jake",1000131822,Right,MIA_RED,Undefined,9,Bottom,0,0,2,Slider,Slider,BallCalled,Undefined,Undefined,Undefined,0,0,,75.1061,1.019538,-3.109863,2284.155055,88.074358,9:00,4.81027,1.35671,5.34027,-50.20798,1.26799,-15.84839,1.5842,-2.8842,68.23639,-8.142836,-5.916476,0.516385,,,,,,,,,,,,6.88292,0.88465,-1.06455,50,4.86692,6.52139,-108.70046,0.30076,8.09925,21.989,-31.13309,MIA_RED,BAL_UNI,McKieFieldStad,TeamExclusive,Team,20251004-McKieFieldStad-Private-1,9d96eeb0-a152-11f0-9f0b-09fe507a42b3,72.99289,,,6.86971,,,,,,,6a89286b-1dc2-4afe-ba41-38a51ea46870,2025-10-04,18:47:44.46,2025-10-04T14:47:44.4620000-04:00,2025-10-04T18:47:44.4620000Z,,v3,471355,,,"Fixx, Mason",10305580,Right,BAL_UNI,5c044573-eb37-4115-8ad7-1641bdb28e2c,55.15573,-109.73846,10.9945,4.81803,1.77041,-15.56655,-1.36337,6.13906,4.04963,,,,,,,,,,,,,,,,,,,,,,,,,,,,,,,,,,,,,,,,,,,,,,,,,,,High,High,High,,,,,
317,2025-10-04,14:48:02.23,3,4,"Henderlich, Will",10270730,Right,BAL_UNI,"Vrlak, Jake",1000131822,Right,MIA_RED,Undefined,9,Bottom,0,1,2,Slider,Slider,FoulBallNotFieldable,Undefined,Undefined,Undefined,0,0,,75.32789,0.728475,-1.52498,2338.043726,145.651345,10:45,4.91762,1.23076,5.15169,-37.67597,13.58213,-8.05158,2.46402,-0.87614,68.23671,-6.223233,-2.949056,0.515291,61.58579,31.351443,155.507613,3704.129627,-102.71698,20.03492,39.35942,144.98956,44.81984,160.601854,2.266563,3.54075,7.0487,-1.0817,50,4.95741,3.21894,-109.11442,0.19968,4.2151,21.45059,-23.78289,MIA_RED,BAL_UNI,McKieFieldStad,TeamExclusive,Team,20251004-McKieFieldStad-Private-1,a864e4a0-a152-11f0-9f0b-09fe507a42b3,73.14785,25.96004,,7.09117,,,,0.87052,2.35802,0.9744,6a89286b-1dc2-4afe-ba41-38a51ea46870,2025-10-04,18:48:02.23,2025-10-04T14:48:02.2330000-04:00,2025-10-04T18:48:02.2330000Z,FlyBall,v3,471355,,,"Fixx, Mason",10305580,Right,BAL_UNI,b7c84a0b-2b1e-4340-a38a-f9959d06cf3f,55.34351,-110.15988,10.7253,4.91943,1.35881,-11.89144,-1.23357,3.0135,2.10755,,0.87054,-70.19906,3.02176,0.67705,0.12073,-0.40175,0.30551,-0.10162,0.01254,2.35806,46.99299,-25.99076,3.04343,-0.55425,0.0527,0.00422,0.00289,-0.00111,0.9744,31.98015,-5.95871,0.77374,-0.36618,0.32888,-0.22123,0.07434,-0.00943,,,,,,,,,,,,,,,,,,,,,,,High,High,High,High,Medium,,,
318,2025-10-04,14:48:21.22,3,5,"Henderlich, Will",10270730,Right,BAL_UNI,"Vrlak, Jake",1000131822,Right,MIA_RED,Undefined,9,Bottom,0,1,2,Fastball,Changeup,InPlay,Undefined,GroundBall,FieldersChoice,1,0,,86.52897,0.514212,-1.838489,1876.134425,259.406292,2:45,5.18692,0.9061,5.90532,-33.56947,3.98595,14.56402,2.86703,0.41264,78.59926,-5.71922,0.7766,0.44107,47.42016,17.281597,23.246618,3064.25339,,,,89.3143,87.57847,26.630245,1.49336,-8.03461,2.24579,-0.76688,50,5.20907,3.43642,-125.60798,-0.00623,-12.72509,27.5,-28.61719,MIA_RED,BAL_UNI,McKieFieldStad,TeamExclusive,Team,20251004-McKieFieldStad-Private-1,b38f5270-a152-11f0-9f0b-09fe507a42b3,85.45681,9.62761,,7.92972,,,,0.61048,2.76749,-0.41734,6a89286b-1dc2-4afe-ba41-38a51ea46870,2025-10-04,18:48:21.22,2025-10-04T14:48:21.2200000-04:00,2025-10-04T18:48:21.2200000Z,GroundBall,v3,471355,,,"Fixx, Mason",10305580,Right,BAL_UNI,62e50ea6-7ede-4859-a714-4a5208ea0cbb,54.59281,-126.60951,13.75,5.19032,1.03599,-14.3086,-0.90047,3.89986,-6.36255,237.468738,0.61048,61.01768,-6.65774,1.09325,0.00701,-0.31852,0.28403,-0.12378,0.02206,2.76749,20.66125,-16.00717,0.79249,-0.31469,0.32598,-0.23786,0.09929,-0.01723,-0.41734,26.21116,0.81351,-0.18082,-0.06681,0.1521,-0.11025,0.04084,-0.00626,,,,,,,,,,,,,,,,,,,,,,,High,High,High,High,High,,,
319,2025-10-04,14:49:29.29,4,1,"Henderlich, Will",10270730,Right,BAL_UNI,"Cruz, Diego",1000178634,Left,MIA_RED,Undefined,9,Bottom,1,0,0,Slider,Slider,FoulBallNotFieldable,Undefined,Undefined,Undefined,0,0,,85.83046,-1.078497,-1.736012,1838.733614,195.695004,12:30,5.20396,1.06539,6.12138,-27.58419,9.98394,2.47477,1.90768,-0.33374,78.69793,-6.229706,-1.289887,0.441145,,,,,,,,,,,,-1.77067,5.81028,-0.93381,50,5.10696,3.68393,-124.69876,-3.20293,-2.78729,25.14149,-23.02793,MIA_RED,BAL_UNI,McKieFieldStad,TeamExclusive,Team,20251004-McKieFieldStad-Private-1,dc366d30-a152-11f0-9f0b-09fe507a42b3,85.44232,,,7.13253,,,,,,,6a89286b-1dc2-4afe-ba41-38a51ea46870,2025-10-04,18:49:29.29,2025-10-04T14:49:29.2930000-04:00,2025-10-04T18:49:29.2930000Z,,v3,471355,,,"Fixx, Mason",10305580,Right,BAL_UNI,87e66eb1-6b3d-4386-890e-4caac7d2f4ce,54.37692,-125.57813,12.57074,5.2049,-2.39749,-11.51396,-1.06437,3.78142,-1.39364,,,,,,,,,,,,,,,,,,,,,,,,,,,,,,,,,,,,,,,,,,,,,,,,,,,High,High,High,,,,,
320,2025-10-04,14:49:48.03,4,2,"Henderlich, Will",10270730,Right,BAL_UNI,"Cruz, Diego",1000178634,Left,MIA_RED,Undefined,9,Bottom,1,0,1,Fastball,Changeup,BallCalled,Undefined,Undefined,Undefined,0,0,,77.68373,1.170491,-0.162426,1145.639049,222.502985,1:30,4.96268,1.47351,5.79259,-34.64927,12.17969,9.70993,3.16419,2.13159,70.50367,-5.301098,1.57686,0.492526,,,,,,,,,,,,-4.94658,6.34311,-1.46575,50,5.03855,-0.05548,-112.6986,1.27356,-6.30926,22.06104,-24.0835,MIA_RED,BAL_UNI,McKieFieldStad,TeamExclusive,Team,20251004-McKieFieldStad-Private-1,e7329f10-a152-11f0-9f0b-09fe507a42b3,76.52889,,,7.18007,,,,,,,6a89286b-1dc2-4afe-ba41-38a51ea46870,2025-10-04,18:49:48.03,2025-10-04T14:49:48.0330000-04:00,2025-10-04T18:49:48.0330000Z,,v3,471355,,,"Fixx, Mason",10305580,Right,BAL_UNI,e798f02c-7828-4ba0-ae5c-d4fa504884ac,54.70126,-113.61516,11.03052,4.96485,2.27414,-12.04175,-1.4689,0.20665,-3.15463,,,,,,,,,,,,,,,,,,,,,,,,,,,,,,,,,,,,,,,,,,,,,,,,,,,High,High,High,,,,,
321,2025-10-04,14:50:03.89,4,3,"Henderlich, Will",10270730,Right,BAL_UNI,"Cruz, Diego",1000178634,Left,MIA_RED,Undefined,9,Bottom,1,1,1,Fastball,Splitter,BallCalled,Undefined,Undefined,Undefined,0,0,,77.95293,-1.114883,-0.678366,1111.862588,242.726877,2:00,5.04087,1.21439,5.92555,-38.96475,6.81654,10.49308,0.75913,1.45935,71.91066,-8.299284,1.209715,0.486985,,,,,,,,,,,,-5.60898,4.20646,-1.16627,50,4.92948,0.96612,-113.29649,-3.37802,-7.29987,20.44903,-26.6995,MIA_RED,BAL_UNI,McKieFieldStad,TeamExclusive,Team,20251004-McKieFieldStad-Private-1,f0b7e860-a152-11f0-9f0b-09fe507a42b3,77.39962,,,6.04227,,,,,,,6a89286b-1dc2-4afe-ba41-38a51ea46870,2025-10-04,18:50:03.89,2025-10-04T14:50:03.8980000-04:00,2025-10-04T18:50:03.8980000Z,,v3,471355,,,"Fixx, Mason",10305580,Right,BAL_UNI,6b52c2fe-5e0c-41d0-ab4e-141fb952a375,54.57358,-114.119,10.22452,5.04375,-2.30411,-13.34975,-1.21104,1.25973,-3.64993,,,,,,,,,,,,,,,,,,,,,,,,,,,,,,,,,,,,,,,,,,,,,,,,,,,High,High,High,,,,,
322,2025-10-04,14:50:23.45,4,4,"Henderlich, Will",10270730,Right,BAL_UNI,"Cruz, Diego",1000178634,Left,MIA_RED,Undefined,9,Bottom,1,2,1,Fastball,Changeup,FoulBallNotFieldable,Undefined,Undefined,Undefined,0,0,,86.31155,-0.519626,-2.937986,1981.975221,231.537673,1:45,5.23208,1.0213,6.00449,-24.06568,13.45513,15.37788,2.74453,-0.42164,78.56742,-5.050569,-0.175409,0.440867,,,,,,,,,,,,-8.80827,7.43855,-0.79889,50,5.17805,5.81659,-125.24958,-1.87157,-13.92628,26.40885,-20.4134,MIA_RED,BAL_UNI,McKieFieldStad,TeamExclusive,Team,20251004-McKieFieldStad-Private-1,fc6fc920-a152-11f0-9f0b-09fe507a42b3,85.49616,,,7.74414,,,,,,,6a89286b-1dc2-4afe-ba41-38a51ea46870,2025-10-04,18:50:23.45,2025-10-04T14:50:23.4550000-04:00,2025-10-04T18:50:23.4550000Z,,v3,471355,,,"Fixx, Mason",10305580,Right,BAL_UNI,6317c89a-d301-4ddc-b176-021242dbd0ec,54.49389,-126.19355,13.20442,5.23191,-1.14189,-10.2067,-1.0157,6.31439,-6.96314,,,,,,,,,,,,,,,,,,,,,,,,,,,,,,,,,,,,,,,,,,,,,,,,,,,High,High,High,,,,,
323,2025-10-04,14:50:45.80,4,5,"Henderlich, Will",10270730,Right,BAL_UNI,"Cruz, Diego",1000178634,Left,MIA_RED,Undefined,9,Bottom,1,2,2,Fastball,Sinker,BallCalled,Undefined,Undefined,Undefined,0,0,,86.57309,0.580663,-1.084053,1883.676927,232.404036,1:45,5.13648,1.21042,5.70124,-27.25714,10.39945,11.91709,3.40622,1.19327,78.80856,-4.500649,1.047268,0.441664,,,,,,,,,,,,-6.32048,5.49237,-1.12679,50,5.16841,1.86483,-125.66446,0.36134,-10.07019,26.32616,-23.42322,MIA_RED,BAL_UNI,McKieFieldStad,TeamExclusive,Team,20251004-McKieFieldStad-Private-1,099fcaf0-a153-11f0-9f0b-09fe507a42b3,85.34189,,,7.76452,,,,,,,6a89286b-1dc2-4afe-ba41-38a51ea46870,2025-10-04,18:50:45.80,2025-10-04T14:50:45.8010000-04:00,2025-10-04T18:50:45.8010000Z,,v3,471355,,,"Fixx, Mason",10305580,Right,BAL_UNI,817a0b4d-999e-44aa-a411-d72cb89abc83,54.79448,-126.6649,13.16308,5.13776,1.25146,-11.71161,-1.20493,2.24751,-5.0351,,,,,,,,,,,,,,,,,,,,,,,,,,,,,,,,,,,,,,,,,,,,,,,,,,,High,High,High,,,,,
324,2025-10-04,14:51:22.58,4,6,"Henderlich, Will",10270730,Right,BAL_UNI,"Cruz, Diego",1000178634,Left,MIA_RED,Undefined,9,Bottom,1,3,2,Slider,Curveball,InPlay,Undefined,FlyBall,Out,1,1,,73.20212,1.368506,0.385254,2134.605748,111.997385,9:45,4.88229,1.20107,5.17958,-46.58125,7.32142,-13.66678,2.28842,0.42466,66.73654,-7.158932,-2.036432,0.528417,88.60658,33.967593,7.679435,,109.44304,67.18953,11.05482,336.14414,202.06192,3.33549,5.082413,6.97957,3.7252,-1.2258,50,4.97423,-0.20424,-106.1577,1.06496,7.90432,19.45989,-27.95529,MIA_RED,BAL_UNI,McKieFieldStad,TeamExclusive,Team,20251004-McKieFieldStad-Private-1,1fc75500-a153-11f0-9f0b-09fe507a42b3,71.33093,87.43779,,6.46558,,,,1.56956,3.26733,-0.45977,6a89286b-1dc2-4afe-ba41-38a51ea46870,2025-10-04,18:51:22.58,2025-10-04T14:51:22.5800000-04:00,2025-10-04T18:51:22.5800000Z,FlyBall,v3,471355,,,"Fixx, Mason",10305580,Right,BAL_UNI,cc51b47f-1ef0-48c7-91fd-0325265d17e9,55.31835,-107.12818,9.72994,4.88636,2.4591,-13.97764,-1.20579,-0.59843,3.95216,166.146497,1.57218,106.76156,-18.82705,4.23052,-0.71586,0.08783,-0.00915,0.001,-6E-05,3.26682,72.61424,-17.30399,0.7901,0.03897,-0.07572,0.02546,-0.00375,0.0002,-0.45913,14.38918,-5.39797,1.41254,-0.27599,0.03745,-0.00306,0.00015,-0,,,,,,,,,,,,,,,,,,,,,,,High,High,High,Medium,Low,,,
325,2025-10-04,14:51:59.61,5,1,"Henderlich, Will",10270730,Right,BAL_UNI,"Phillips, Drew",1000194003,Right,MIA_RED,Undefined,9,Bottom,2,0,0,Fastball,Changeup,StrikeCalled,Undefined,Undefined,Undefined,1,0,,86.8974,0.159954,-2.568907,1703.581146,244.049605,2:15,5.28129,0.84331,5.76128,-28.02935,9.19256,16.45336,3.09453,-0.17818,79.34304,-5.052572,0.374991,0.439107,,,,,,,,,,,,-9.06441,5.0015,-0.64039,50,5.27762,4.96147,-126.12223,-0.59101,-14.59034,25.81481,-24.12349,MIA_RED,BAL_UNI,McKieFieldStad,TeamExclusive,Team,20251004-McKieFieldStad-Private-1,35924020-a153-11f0-9f0b-09fe507a42b3,85.83878,,,7.55436,,,,,,,6a89286b-1dc2-4afe-ba41-38a51ea46870,2025-10-04,18:51:59.61,2025-10-04T14:51:59.6190000-04:00,2025-10-04T18:51:59.6190000Z,,v3,471355,,,"Fixx, Mason",10305580,Right,BAL_UNI,b3adec50-e8a5-4670-a7da-86e27dade484,54.7363,-127.08796,12.90741,5.28285,0.31145,-12.06175,-0.83621,5.50729,-7.29517,,,,,,,,,,,,,,,,,,,,,,,,,,,,,75.33693,2.006811,0.696166,1.310645,-1.77724,2.80231,0.15236,-0.46995,6.16468,1.18844,127.27898,0.55365,2.08494,-0.34972,108.49125,-8.57023,6.19441,11.86431,-12.36242,1.15191,-1.86246,1.9915,High,High,High,,,High,High,High
326,2025-10-04,14:54:59.52,1,1,"Berggren, Austin",1000190938,Right,MIA_RED,"Terzola, Matthew",1000224622,Right,BAL_UNI,Undefined,10,Top,0,0,0,Fastball,Four-Seam,BallCalled,Undefined,Undefined,Undefined,0,0,,92.89026,0.615315,-1.274002,2248.649644,204.334484,12:45,5.84317,1.57334,5.97162,-22.5258,9.63008,3.91551,4.53663,0.71835,85.04855,-3.601064,-0.570413,0.408133,,,,,,,,,,,,-2.34012,5.08292,-1.4746,50,5.87936,2.82872,-134.9741,0.68172,-4.33171,28.44015,-22.76531,MIA_RED,BAL_UNI,McKieFieldStad,TeamExclusive,Team,20251004-McKieFieldStad-Private-1,a0de0df0-a153-11f0-9f0b-09fe507a42b3,92.35335,,,7.84171,,,,,,,6a89286b-1dc2-4afe-ba41-38a51ea46870,2025-10-04,18:54:59.52,2025-10-04T14:54:59.5230000-04:00,2025-10-04T18:54:59.5230000Z,,v3,471355,,,"Buffington, Matthew",825106,Right,MIA_RED,0bda8ae0-3e89-474e-ae6f-556c20e38f55,54.52505,-135.92422,14.22008,5.84388,1.44226,-11.38265,-1.57152,2.97343,-2.16585,,,,,,,,,,,,,,,,,,,,,,,,,,,,,,,,,,,,,,,,,,,,,,,,,,,High,High,High,,,,,
327,2025-10-04,14:55:13.61,1,2,"Berggren, Austin",1000190938,Right,MIA_RED,"Terzola, Matthew",1000224622,Right,BAL_UNI,Undefined,10,Top,0,1,0,Fastball,Four-Seam,StrikeCalled,Undefined,Undefined,Undefined,0,0,,91.48794,-0.520447,-1.930432,2324.454253,206.356297,1:00,5.69899,1.66156,5.60085,-24.34643,9.40398,4.13193,3.18397,0.20305,83.62515,-5.037888,-1.193163,0.41813,,,,,,,,,,,,-2.61713,5.235,-1.49892,50,5.63877,4.28734,-132.77895,-2.08407,-4.67362,28.34791,-22.82542,MIA_RED,BAL_UNI,McKieFieldStad,TeamExclusive,Team,20251004-McKieFieldStad-Private-1,a9313fe0-a153-11f0-9f0b-09fe507a42b3,90.14532,,,7.86279,,,,,,,6a89286b-1dc2-4afe-ba41-38a51ea46870,2025-10-04,18:55:13.61,2025-10-04T14:55:13.6120000-04:00,2025-10-04T18:55:13.6120000Z,,v3,471355,,,"Buffington, Matthew",825106,Right,MIA_RED,14049da1-afa4-4010-82e9-fe54ac9c72a5,54.89545,-133.82003,14.17395,5.69991,-1.2458,-11.41271,-1.65952,4.45898,-2.33681,,,,,,,,,,,,,,,,,,,,,,,,,,,,,,,,,,,,,,,,,,,,,,,,,,,High,High,High,,,,,
328,2025-10-04,14:55:29.49,1,3,"Berggren, Austin",1000190938,Right,MIA_RED,"Terzola, Matthew",1000224622,Right,BAL_UNI,Undefined,10,Top,0,1,1,Fastball,Four-Seam,StrikeSwinging,Undefined,Undefined,Undefined,0,0,,92.7308,-0.25847,-1.778919,2384.222871,201.109976,12:45,5.78616,1.57345,5.6622,-23.31993,9.3793,3.23252,3.60169,0.1835,84.89383,-4.591225,-1.20146,0.411567,,,,,,,,,,,,-2.11268,5.14453,-1.42505,50,5.74965,4.0334,-134.63811,-1.44957,-3.88781,28.53904,-22.70687,MIA_RED,BAL_UNI,McKieFieldStad,TeamExclusive,Team,20251004-McKieFieldStad-Private-1,b2cfdd90-a153-11f0-9f0b-09fe507a42b3,91.58282,,,7.83696,,,,,,,6a89286b-1dc2-4afe-ba41-38a51ea46870,2025-10-04,18:55:29.49,2025-10-04T14:55:29.4950000-04:00,2025-10-04T18:55:29.4950000Z,,v3,471355,,,"Buffington, Matthew",825106,Right,MIA_RED,0af5644a-f919-4281-95f7-548de7c3eee8,54.83419,-135.65893,14.26952,5.78697,-0.63736,-11.35344,-1.5718,4.17246,-1.94391,,,,,,,,,,,,,,,,,,,,,,,,,,,,,,,,,,,,,,,,,,,,,,,,,,,High,High,High,,,,,
329,2025-10-04,14:55:44.97,1,4,"Berggren, Austin",1000190938,Right,MIA_RED,"Terzola, Matthew",1000224622,Right,BAL_UNI,Undefined,10,Top,0,1,2,Slider,Slider,StrikeSwinging,Strikeout,Undefined,Undefined,0,0,,84.72163,0.313798,-0.241694,2832.749396,80.28381,8:45,5.241,1.94614,5.10904,-41.39238,-1.43,-15.40351,2.08728,0.4348,77.95413,-7.18389,-2.969677,0.454985,,,,,,,,,,,,7.61386,-0.4422,-1.91078,50,5.2381,1.1918,-123.04095,-0.91083,11.69093,24.04191,-32.85303,MIA_RED,BAL_UNI,McKieFieldStad,TeamExclusive,Team,20251004-McKieFieldStad-Private-1,bc26c3e0-a153-11f0-9f0b-09fe507a42b3,82.84325,,,6.7675,,,,,,,6a89286b-1dc2-4afe-ba41-38a51ea46870,2025-10-04,18:55:44.97,2025-10-04T14:55:44.9730000-04:00,2025-10-04T18:55:44.9730000Z,,v3,471355,,,"Buffington, Matthew",825106,Right,MIA_RED,0cbb89ec-0951-4d5e-9661-001d69a31383,55.39082,-124.08984,12.02096,5.24657,0.52246,-16.42652,-1.95165,0.68176,5.84546,,,,,,,,,,,,,,,,,,,,,,,,,,,,,59.53622,2.35785,1.173402,1.184448,-0.22571,1.87639,-0.3484,-5.49521,3.35547,3.03167,72.76964,6.69495,52.00865,-5.42883,72.15212,-5.16929,3.43301,21.46452,-15.7866,3.03059,42.73715,-1.17069,High,High,High,,,High,High,High
330,2025-10-04,14:56:16.24,2,1,"Berggren, Austin",1000190938,Right,MIA_RED,"Tarquinio, Maddox",10322218,Right,BAL_UNI,Undefined,10,Top,1,0,0,Fastball,Four-Seam,BallCalled,Undefined,Undefined,Undefined,0,0,,93.33377,0.843818,-1.35704,2245.406925,209.226064,1:00,5.71782,1.61772,5.61931,-23.18698,9.07843,4.5367,4.57333,0.72912,85.47167,-3.463233,-0.54726,0.408827,,,,,,,,,,,,-2.65626,4.67449,-1.50493,50,5.77495,3.00337,-135.55862,1.14839,-4.96332,28.47417,-23.43951,MIA_RED,BAL_UNI,McKieFieldStad,TeamExclusive,Team,20251004-McKieFieldStad-Private-1,ce838a50-a153-11f0-9f0b-09fe507a42b3,92.19651,,,7.8621,,,,,,,6a89286b-1dc2-4afe-ba41-38a51ea46870,2025-10-04,18:56:16.24,2025-10-04T14:56:16.2490000-04:00,2025-10-04T18:56:16.2490000Z,,v3,471355,,,"Buffington, Matthew",825106,Right,MIA_RED,f4c0df49-fde1-48bd-9b37-e57c98bcf3c7,54.8781,-136.57943,14.23709,5.71872,1.9887,-11.71975,-1.61579,3.18131,-2.48166,,,,,,,,,,,,,,,,,,,,,,,,,,,,,,,,,,,,,,,,,,,,,,,,,,,High,High,High,,,,,
331,2025-10-04,14:56:31.46,2,2,"Berggren, Austin",1000190938,Right,MIA_RED,"Tarquinio, Maddox",10322218,Right,BAL_UNI,Undefined,10,Top,1,1,0,Fastball,Four-Seam,FoulBallNotFieldable,Undefined,Undefined,Undefined,0,0,,91.74718,-0.772369,-2.365139,2350.227146,191.706575,12:30,5.70759,1.63273,5.58926,-24.77316,8.72437,1.59559,2.9213,-0.444,84.158,-5.352984,-2.080645,0.41656,105.85302,-46.75381,-69.432395,,,,,3.06221,1.44962,-42.541252,0.026467,-1.45299,4.93158,-1.43075,50,5.62513,5.43029,-133.18139,-2.69719,-2.61661,27.88988,-23.29292,MIA_RED,BAL_UNI,McKieFieldStad,TeamExclusive,Team,20251004-McKieFieldStad-Private-1,d7ccdc10-a153-11f0-9f0b-09fe507a42b3,90.48499,2.99878,,7.58918,,,,1.2653,2.99878,0.57039,6a89286b-1dc2-4afe-ba41-38a51ea46870,2025-10-04,18:56:31.46,2025-10-04T14:56:31.4640000-04:00,2025-10-04T18:56:31.4640000Z,GroundBall,v3,471355,,,"Buffington, Matthew",825106,Right,MIA_RED,5e112bc6-f6f4-4d26-9bbf-c438a754c89c,54.9093,-134.20552,13.94494,5.70847,-1.84186,-11.64646,-1.63192,5.52637,-1.30831,,1.26499,37.43937,,,,,,,,2.9997,-113.30239,,,,,,,,0.57119,-99.77709,,,,,,,,,,,,,,,,,,,,,,,,,,,,,,High,High,High,Low,Low,,,
332,2025-10-04,14:56:54.05,2,3,"Berggren, Austin",1000190938,Right,MIA_RED,"Tarquinio, Maddox",10322218,Right,BAL_UNI,Undefined,10,Top,1,1,1,ChangeUp,Changeup,StrikeCalled,Undefined,Undefined,Undefined,0,0,,83.48882,0.381906,-2.424565,1756.65291,280.1158,3:15,5.38658,2.18104,5.21397,-42.04301,-1.21449,13.45851,2.24243,1.02141,77.1057,-7.241368,-0.038347,0.459889,,,,,,,,,,,,-7.35898,-0.35484,-1.96757,50,5.39,4.56276,-121.23389,-0.75565,-11.03591,22.00651,-32.70621,MIA_RED,BAL_UNI,McKieFieldStad,TeamExclusive,Team,20251004-McKieFieldStad-Private-1,e559caf0-a153-11f0-9f0b-09fe507a42b3,81.95983,,,6.38313,,,,,,,6a89286b-1dc2-4afe-ba41-38a51ea46870,2025-10-04,18:56:54.05,2025-10-04T14:56:54.0520000-04:00,2025-10-04T18:56:54.0520000Z,,v3,471355,,,"Buffington, Matthew",825106,Right,MIA_RED,7b395d89-9b21-4129-aff0-a4525b98e951,55.28644,-122.18972,11.00325,5.39197,0.66492,-16.3531,-2.17615,5.04209,-5.51796,,,,,,,,,,,,,,,,,,,,,,,,,,,,,,,,,,,,,,,,,,,,,,,,,,,High,High,High,,,,,
333,2025-10-04,14:57:11.70,2,4,"Berggren, Austin",1000190938,Right,MIA_RED,"Tarquinio, Maddox",10322218,Right,BAL_UNI,Undefined,10,Top,1,1,2,Fastball,Four-Seam,StrikeCalled,Strikeout,Undefined,Undefined,0,0,,93.2824,-0.673278,-1.222926,2454.689168,205.803232,12:45,5.70298,1.53885,5.5322,-22.31643,9.55378,4.23272,3.21376,0.74828,86.97649,-4.777342,-0.468201,0.406316,,,,,,,,,,,,-2.40921,5.24107,-1.43557,50,5.62952,2.70627,-135.72783,-2.43036,-4.59245,23.61885,-22.18355,MIA_RED,BAL_UNI,McKieFieldStad,TeamExclusive,Team,20251004-McKieFieldStad-Private-1,ef967d60-a153-11f0-9f0b-09fe507a42b3,92.76634,,,6.30592,,,,,,,6a89286b-1dc2-4afe-ba41-38a51ea46870,2025-10-04,18:57:11.70,2025-10-04T14:57:11.7070000-04:00,2025-10-04T18:57:11.7070000Z,,v3,471355,,,"Buffington, Matthew",825106,Right,MIA_RED,3c9291c9-2ca5-4ff5-9810-d610cd02b048,54.96751,-136.58952,11.80943,5.70343,-1.62103,-11.09178,-1.53736,2.87381,-2.29623,,,,,,,,,,,,,,,,,,,,,,,,,,,,,69.58124,,,0.953198,,,,-1.01142,4.88684,-1.05205,69.80567,7.31194,-54.96953,-0.97845,78.65749,-4.60464,4.92741,16.68521,-14.86753,-1.09849,-61.6359,5.35825,High,High,High,,,High,High,High
334,2025-10-04,14:57:37.75,3,1,"Berggren, Austin",1000190938,Right,MIA_RED,"Ritlinger-Nirider, Dennis",1000224620,Right,BAL_UNI,Undefined,10,Top,2,0,0,Fastball,Four-Seam,BallCalled,Undefined,Undefined,Undefined,0,0,,92.56202,1.363741,-1.057855,2411.860805,193.917296,12:30,5.8847,1.48422,5.63145,-21.30497,10.90792,2.50917,5.38213,0.70621,86.20814,-2.576647,-0.609926,0.408495,,,,,,,,,,,,-1.49543,5.50622,-1.39584,50,5.98696,2.37476,-134.68105,2.44008,-2.81143,22.79318,-21.82243,MIA_RED,BAL_UNI,McKieFieldStad,TeamExclusive,Team,20251004-McKieFieldStad-Private-1,ff17e940-a153-11f0-9f0b-09fe507a42b3,92.27155,,,6.35388,,,,,,,6a89286b-1dc2-4afe-ba41-38a51ea46870,2025-10-04,18:57:37.75,2025-10-04T14:57:37.7550000-04:00,2025-10-04T18:57:37.7550000Z,,v3,471355,,,"Buffington, Matthew",825106,Right,MIA_RED,6d24aabf-a8d5-4c1f-bb65-f0dec7289217,54.86773,-135.50235,11.39659,5.88487,3.22641,-10.91121,-1.48323,2.47607,-1.40571,,,,,,,,,,,,,,,,,,,,,,,,,,,,,,,,,,,,,,,,,,,,,,,,,,,High,High,High,,,,,
335,2025-10-04,14:57:56.23,3,2,"Berggren, Austin",1000190938,Right,MIA_RED,"Ritlinger-Nirider, Dennis",1000224620,Right,BAL_UNI,Undefined,10,Top,2,1,0,Fastball,Four-Seam,BallCalled,Undefined,Undefined,Undefined,0,0,,92.07667,0.508718,-1.98117,2293.730928,193.853905,12:30,5.74263,1.5548,5.58494,-21.84938,10.79363,2.46331,4.3972,-0.09073,85.787,-3.523804,-1.542044,0.411213,,,,,,,,,,,,-1.67154,5.62658,-1.38622,50,5.77196,4.52349,-133.93796,0.3988,-3.1057,22.74077,-21.71998,MIA_RED,BAL_UNI,McKieFieldStad,TeamExclusive,Team,20251004-McKieFieldStad-Private-1,0a277c10-a154-11f0-9f0b-09fe507a42b3,91.66167,,,6.28967,,,,,,,6a89286b-1dc2-4afe-ba41-38a51ea46870,2025-10-04,18:57:56.23,2025-10-04T14:57:56.2300000-04:00,2025-10-04T18:57:56.2300000Z,,v3,471355,,,"Buffington, Matthew",825106,Right,MIA_RED,985d991a-b3d1-4066-beae-d5570674208c,54.91441,-134.76977,11.37038,5.74284,1.19328,-10.85999,-1.55376,4.63709,-1.55285,,,,,,,,,,,,,,,,,,,,,,,,,,,,,,,,,,,,,,,,,,,,,,,,,,,High,High,High,,,,,
336,2025-10-04,14:58:15.01,3,3,"Berggren, Austin",1000190938,Right,MIA_RED,"Ritlinger-Nirider, Dennis",1000224620,Right,BAL_UNI,Undefined,10,Top,2,2,0,Slider,Slider,StrikeCalled,Undefined,Undefined,Undefined,0,0,,83.31123,1.194043,-0.221484,2629.699814,80.962013,8:45,5.33023,1.99559,4.98222,-41.6664,-0.69791,-11.09217,2.98579,0.86209,77.52762,-6.320939,-2.180042,0.460677,,,,,,,,,,,,5.45772,-0.2961,-1.96474,50,5.41097,0.94716,-121.12565,0.92857,8.24376,19.95026,-32.62128,MIA_RED,BAL_UNI,McKieFieldStad,TeamExclusive,Team,20251004-McKieFieldStad-Private-1,1581fa90-a154-11f0-9f0b-09fe507a42b3,81.8197,,,5.78361,,,,,,,6a89286b-1dc2-4afe-ba41-38a51ea46870,2025-10-04,18:58:15.01,2025-10-04T14:58:15.0190000-04:00,2025-10-04T18:58:15.0190000Z,,v3,471355,,,"Buffington, Matthew",825106,Right,MIA_RED,050cd9cb-fb3b-4f04-b389-96d40ee67ce5,55.5187,-122.03124,9.97513,5.33522,2.40932,-16.31064,-1.99924,0.57296,4.12188,,,,,,,,,,,,,,,,,,,,,,,,,,,,,,,,,,,,,,,,,,,,,,,,,,,High,High,High,,,,,
337,2025-10-04,14:58:30.50,3,4,"Berggren, Austin",1000190938,Right,MIA_RED,"Ritlinger-Nirider, Dennis",1000224620,Right,BAL_UNI,Undefined,10,Top,2,2,1,Slider,Slider,StrikeCalled,Undefined,Undefined,Undefined,0,0,,83.45995,1.046223,-0.129782,2650.935752,83.674511,8:45,5.41982,1.70945,5.45492,-40.68668,-0.2989,-12.96481,3.00874,0.50757,77.1564,-6.373269,-2.439218,0.4574,,,,,,,,,,,,6.49638,-0.05264,-1.6889,50,5.484,0.81266,-121.32608,0.75296,9.76713,21.81091,-32.2532,MIA_RED,BAL_UNI,McKieFieldStad,TeamExclusive,Team,20251004-McKieFieldStad-Private-1,1e915090-a154-11f0-9f0b-09fe507a42b3,82.40582,,,6.30355,,,,,,,6a89286b-1dc2-4afe-ba41-38a51ea46870,2025-10-04,18:58:30.50,2025-10-04T14:58:30.5030000-04:00,2025-10-04T18:58:30.5030000Z,,v3,471355,,,"Buffington, Matthew",825106,Right,MIA_RED,8159d3e2-8ce8-48a2-84e7-9b1ac233b5ce,55.04505,-122.22967,10.90545,5.42513,2.08916,-16.1266,-1.71418,0.40803,4.88357,,,,,,,,,,,,,,,,,,,,,,,,,,,,,,,,,,,,,,,,,,,,,,,,,,,High,High,High,,,,,
338,2025-10-04,14:58:47.57,3,5,"Berggren, Austin",1000190938,Right,MIA_RED,"Ritlinger-Nirider, Dennis",1000224620,Right,BAL_UNI,Undefined,10,Top,2,2,2,Slider,Slider,FoulBallNotFieldable,Undefined,Undefined,Undefined,0,0,,84.17796,0.094548,-0.390525,2615.244685,82.193614,8:45,5.29198,1.76215,5.16926,-40.87868,-0.62669,-13.13965,1.97441,0.29966,77.73342,-7.311887,-2.720218,0.456631,76.19263,12.869366,86.9343,4097.998607,-8.47596,15.18772,109.67289,204.18432,58.73906,100.201373,2.296502,6.46382,0.01465,-1.71531,50,5.26939,1.39854,-122.29989,-1.33802,9.84202,22.91864,-32.15175,MIA_RED,BAL_UNI,McKieFieldStad,TeamExclusive,Team,20251004-McKieFieldStad-Private-1,28ea64a0-a154-11f0-9f0b-09fe507a42b3,82.54471,15.20309,,6.44454,,,,-0.49952,1.72342,-0.20722,6a89286b-1dc2-4afe-ba41-38a51ea46870,2025-10-04,18:58:47.57,2025-10-04T14:58:47.5730000-04:00,2025-10-04T18:58:47.5730000Z,LineDrive,v3,471355,,,"Buffington, Matthew",825106,Right,MIA_RED,79445dd1-ddda-4c1a-a211-2121a0b36d4e,55.33063,-123.29478,11.45932,5.29718,0.05768,-16.07587,-1.76674,0.97129,4.92101,,-0.49952,5.82629,-14.46124,3.54532,-0.83672,0.16923,-0.03012,0.00412,-0.00029,1.72342,24.88974,-11.56045,-0.07132,0.16601,-0.04453,0.01152,-0.00179,0.00011,-0.20722,108.78604,-12.43049,1.82574,-0.22211,0.01139,0.00241,-0.0004,2E-05,,,,,,,,,,,,,,,,,,,,,,,High,High,High,Medium,Low,,,
339,2025-10-04,14:59:10.45,3,6,"Berggren, Austin",1000190938,Right,MIA_RED,"Ritlinger-Nirider, Dennis",1000224620,Right,BAL_UNI,Undefined,10,Top,2,2,2,Fastball,Four-Seam,StrikeSwinging,Strikeout,Undefined,Undefined,0,0,,94.51822,-0.482504,-2.197192,2459.492888,187.494476,12:15,5.69764,1.45938,5.70885,-20.41048,10.88162,1.31075,3.5469,-0.47944,86.89884,-4.282916,-1.962994,0.402614,,,,,,,,,,,,-1.22835,5.94481,-1.27614,50,5.64456,5.20627,-137.27234,-1.88629,-2.36105,28.30197,-20.74751,MIA_RED,BAL_UNI,McKieFieldStad,TeamExclusive,Team,20251004-McKieFieldStad-Private-1,36775380-a154-11f0-9f0b-09fe507a42b3,93.61934,,,7.61938,,,,,,,6a89286b-1dc2-4afe-ba41-38a51ea46870,2025-10-04,18:59:10.45,2025-10-04T14:59:10.4550000-04:00,2025-10-04T18:59:10.4550000Z,,v3,471355,,,"Buffington, Matthew",825106,Right,MIA_RED,10eaecf4-562f-4a65-b423-2f773d12c73a,54.78821,-138.25602,14.15098,5.69759,-1.16518,-10.37375,-1.45852,5.28834,-1.18052,,,,,,,,,,,,,,,,,,,,,,,,,,,,,71.77759,,,0.986938,,,,-1.5217,4.43447,-1.41709,80.15531,5.87306,44.62173,-1.47837,90.84204,-8.32282,4.46014,16.05323,-14.86986,-1.40716,49.27627,-2.69333,High,High,High,,,High,High,High
340,2025-10-04,15:01:35.33,1,1,"Henderlich, Will",10270730,Right,BAL_UNI,"Phillips, Drew",1000194003,Right,MIA_RED,Undefined,10,Bottom,0,0,0,Curveball,Curveball,BallCalled,Undefined,Undefined,Undefined,0,0,,69.70516,3.498288,-2.111157,2166.045696,289.854719,3:45,5.295,-1.69682,5.49609,-64.36492,-4.86051,19.43962,3.20976,-2.05247,62.94775,-8.299538,1.350585,0.555195,,,,,,,,,,,,-10.36564,-2.83874,1.86839,50,5.55876,3.01242,-100.86077,4.21332,-10.493,19.05234,-35.04768,MIA_RED,BAL_UNI,McKieFieldStad,TeamExclusive,Team,20251004-McKieFieldStad-Private-1,8ce4e020-a154-11f0-9f0b-09fe507a42b3,67.89039,,,6.75741,,,,,,,6a89286b-1dc2-4afe-ba41-38a51ea46870,2025-10-04,19:01:35.33,2025-10-04T15:01:35.3300000-04:00,2025-10-04T19:01:35.3300000Z,,v3,471355,,,"Fixx, Mason",10305580,Right,BAL_UNI,e2570242-e8e4-4443-b67c-8f871db14400,55.00194,-101.80124,9.52617,5.30808,5.94336,-17.52384,1.7069,3.53038,-5.2465,,,,,,,,,,,,,,,,,,,,,,,,,,,,,,,,,,,,,,,,,,,,,,,,,,,High,High,High,,,,,
341,2025-10-04,15:01:49.92,1,2,"Henderlich, Will",10270730,Right,BAL_UNI,"Phillips, Drew",1000194003,Right,MIA_RED,Undefined,10,Bottom,0,1,0,Fastball,Changeup,BallCalled,Undefined,Undefined,Undefined,0,0,,84.54952,0.185321,2.277456,2130.368605,129.128972,10:15,5.22512,-1.81921,6.42607,-23.07978,15.56119,-17.49517,3.47228,-1.18273,76.52763,-4.22735,-0.892231,0.447399,,,,,,,,,,,,9.7341,8.44524,1.66377,50,5.22773,-4.20221,-122.74243,-0.21282,14.70234,26.54886,-19.41839,MIA_RED,BAL_UNI,McKieFieldStad,TeamExclusive,Team,20251004-McKieFieldStad-Private-1,957fa260-a154-11f0-9f0b-09fe507a42b3,84.24786,,,8.02189,,,,,,,6a89286b-1dc2-4afe-ba41-38a51ea46870,2025-10-04,19:01:49.92,2025-10-04T15:01:49.9270000-04:00,2025-10-04T19:01:49.9270000Z,,v3,471355,,,"Fixx, Mason",10305580,Right,BAL_UNI,617f31a8-3fe3-434d-9dfc-7b6b87f0ebcd,54.06922,-123.61945,13.27443,5.22417,0.42865,-9.70919,1.81061,-4.6879,7.35117,,,,,,,,,,,,,,,,,,,,,,,,,,,,,,,,,,,,,,,,,,,,,,,,,,,High,High,High,,,,,
342,2025-10-04,15:02:02.55,1,3,"Henderlich, Will",10270730,Right,BAL_UNI,"Phillips, Drew",1000194003,Right,MIA_RED,Undefined,10,Bottom,0,2,0,Fastball,Changeup,BallCalled,Undefined,Undefined,Undefined,0,0,,84.54825,0.972189,1.653432,2020.915128,142.60641,10:45,5.28359,-1.70266,6.17735,-24.35367,14.68028,-10.19686,4.15238,-1.02506,76.42295,-3.656742,-0.185444,0.449669,,,,,,,,,,,,5.72583,7.678,1.58243,50,5.34472,-3.13206,-122.68174,1.39328,8.6373,26.58516,-20.59192,MIA_RED,BAL_UNI,McKieFieldStad,TeamExclusive,Team,20251004-McKieFieldStad-Private-1,9cf593b0-a154-11f0-9f0b-09fe507a42b3,83.82267,,,8.1253,,,,,,,6a89286b-1dc2-4afe-ba41-38a51ea46870,2025-10-04,19:02:02.55,2025-10-04T15:02:02.5520000-04:00,2025-10-04T19:02:02.5520000Z,,v3,471355,,,"Fixx, Mason",10305580,Right,BAL_UNI,25c4d228-3a73-46ba-a46e-d27051954d0d,54.31671,-123.61363,13.29258,5.28323,2.11509,-10.29596,1.69752,-3.43483,4.31865,,,,,,,,,,,,,,,,,,,,,,,,,,,,,,,,,,,,,,,,,,,,,,,,,,,High,High,High,,,,,
343,2025-10-04,15:02:15.11,1,4,"Henderlich, Will",10270730,Right,BAL_UNI,"Phillips, Drew",1000194003,Right,MIA_RED,Undefined,10,Bottom,0,3,0,Fastball,Changeup,StrikeCalled,Undefined,Undefined,Undefined,0,0,,84.42731,0.133599,3.024261,2029.396808,131.986479,10:30,5.31578,-1.76475,6.63273,-24.74167,13.63516,-13.71898,3.37646,-0.13661,76.64666,-4.587244,0.531365,0.445868,,,,,,,,,,,,8.05229,7.51674,1.56474,50,5.3146,-5.96216,-122.56177,-0.36185,12.16301,25.79518,-20.82004,MIA_RED,BAL_UNI,McKieFieldStad,TeamExclusive,Team,20251004-McKieFieldStad-Private-1,a483c7f0-a154-11f0-9f0b-09fe507a42b3,84.53728,,,7.78064,,,,,,,6a89286b-1dc2-4afe-ba41-38a51ea46870,2025-10-04,19:02:15.11,2025-10-04T15:02:15.1110000-04:00,2025-10-04T19:02:15.1110000Z,,v3,471355,,,"Fixx, Mason",10305580,Right,BAL_UNI,01597708-66ee-4bda-82f8-6a31c8b1812a,53.86286,-123.37209,12.89759,5.31569,0.29219,-10.41002,1.75803,-6.34425,6.0815,,,,,,,,,,,,,,,,,,,,,,,,,,,,,,,,,,,,,,,,,,,,,,,,,,,High,High,High,,,,,
344,2025-10-04,15:02:28.93,1,5,"Henderlich, Will",10270730,Right,BAL_UNI,"Phillips, Drew",1000194003,Right,MIA_RED,Undefined,10,Bottom,0,3,1,Fastball,Changeup,FoulBallNotFieldable,Undefined,Undefined,Undefined,0,0,,84.64754,-0.054096,2.248567,2076.363551,137.864793,10:30,5.20741,-1.83267,6.48529,-24.15383,14.26009,-11.72052,3.14489,-0.74389,76.76808,-4.65857,0.122822,0.446083,61.67593,-21.938589,143.223712,,,,,8.74309,1.22303,135.428914,0.108074,6.81843,7.86666,1.67959,50,5.19291,-4.39031,-122.92655,-0.76478,10.33744,26.45694,-20.24738,MIA_RED,BAL_UNI,McKieFieldStad,TeamExclusive,Team,20251004-McKieFieldStad-Private-1,acccc0b0-a154-11f0-9f0b-09fe507a42b3,84.49648,3.67728,,7.87946,,,,1.08433,3.67728,0.66994,6a89286b-1dc2-4afe-ba41-38a51ea46870,2025-10-04,19:02:28.93,2025-10-04T15:02:28.9300000-04:00,2025-10-04T19:02:28.9300000Z,GroundBall,v3,471355,,,"Fixx, Mason",10305580,Right,BAL_UNI,4a03bb50-c540-46f4-a472-d30ef091798f,54.01137,-123.78689,13.22847,5.20708,-0.10637,-10.12369,1.82782,-4.72646,5.16872,,1.09226,-67.66433,,,,,,,,3.68127,-34.02565,,,,,,,,0.66401,50.57572,,,,,,,,,,,,,,,,,,,,,,,,,,,,,,High,High,High,Low,Low,,,
345,2025-10-04,15:02:46.70,1,6,"Henderlich, Will",10270730,Right,BAL_UNI,"Phillips, Drew",1000194003,Right,MIA_RED,Undefined,10,Bottom,0,3,2,Fastball,Changeup,StrikeSwinging,Strikeout,Undefined,Undefined,0,0,,85.3186,0.470806,2.454301,1960.028397,143.410908,10:45,5.2639,-1.76898,6.39312,-21.85387,15.91855,-10.91111,3.87616,-0.41959,77.65081,-3.699433,0.479832,0.442343,,,,,,,,,,,,6.35756,8.52363,1.5972,50,5.28747,-4.88896,-123.89717,0.43515,9.85056,25.49408,-18.96737,MIA_RED,BAL_UNI,McKieFieldStad,TeamExclusive,Team,20251004-McKieFieldStad-Private-1,b75fa970-a154-11f0-9f0b-09fe507a42b3,85.21098,,,7.66779,,,,,,,6a89286b-1dc2-4afe-ba41-38a51ea46870,2025-10-04,19:02:46.70,2025-10-04T15:02:46.7010000-04:00,2025-10-04T19:02:46.7010000Z,,v3,471355,,,"Fixx, Mason",10305580,Right,BAL_UNI,90971990-8847-41cd-8bd4-7ee13f9c0e59,54.10281,-124.73854,12.74704,5.26278,1.06112,-9.48368,1.76391,-5.21406,4.92528,,,,,,,,,,,,,,,,,,,,,,,,,,,,,70.31944,,,0.949292,,,,1.51419,5.37614,2.63767,70.99298,6.50591,-53.78172,1.52797,76.42068,-3.4133,5.42344,15.44518,-15.04995,2.5688,-66.37314,7.36156,High,High,High,,,High,High,High
346,2025-10-04,15:03:09.23,2,1,"Henderlich, Will",10270730,Right,BAL_UNI,"Roa Calcano, Christopher",1000375139,Left,MIA_RED,Undefined,10,Bottom,1,0,0,Fastball,Changeup,BallCalled,Undefined,Undefined,Undefined,0,0,,83.88601,0.362278,3.555005,1936.669595,135.478949,10:30,5.2221,-1.62726,6.4979,-26.15064,12.43851,-11.12075,3.37606,0.7133,77.16805,-4.569947,1.541486,0.447099,,,,,,,,,,,,6.70363,6.77949,1.38258,50,5.2359,-7.15947,-121.84316,0.04955,10.15533,22.20801,-21.90376,MIA_RED,BAL_UNI,McKieFieldStad,TeamExclusive,Team,20251004-McKieFieldStad-Private-1,c4bd9910-a154-11f0-9f0b-09fe507a42b3,84.30439,,,6.71796,,,,,,,6a89286b-1dc2-4afe-ba41-38a51ea46870,2025-10-04,19:03:09.23,2025-10-04T15:03:09.2390000-04:00,2025-10-04T19:03:09.2390000Z,,v3,471355,,,"Fixx, Mason",10305580,Right,BAL_UNI,521bb12f-e665-49f0-a014-8755ba887304,53.99969,-122.57,11.104,5.22255,0.76644,-10.95188,1.62234,-7.49185,5.07767,,,,,,,,,,,,,,,,,,,,,,,,,,,,,,,,,,,,,,,,,,,,,,,,,,,High,High,High,,,,,
347,2025-10-04,15:03:22.21,2,2,"Henderlich, Will",10270730,Right,BAL_UNI,"Roa Calcano, Christopher",1000375139,Left,MIA_RED,Undefined,10,Bottom,1,1,0,Curveball,Curveball,StrikeCalled,Undefined,Undefined,Undefined,0,0,,70.88043,3.109108,-1.066269,1989.383224,289.114314,3:45,5.06763,-1.69473,5.93603,-59.28401,-3.84571,15.89733,3.01493,-1.35924,65.23825,-7.794514,1.789412,0.535891,,,,,,,,,,,,-8.3963,-2.25323,1.77102,50,5.28271,1.37722,-102.92874,3.88753,-9.02456,16.77963,-34.59587,MIA_RED,BAL_UNI,McKieFieldStad,TeamExclusive,Team,20251004-McKieFieldStad-Private-1,cc9d96d0-a154-11f0-9f0b-09fe507a42b3,70.33603,,,5.64218,,,,,,,6a89286b-1dc2-4afe-ba41-38a51ea46870,2025-10-04,19:03:22.21,2025-10-04T15:03:22.2140000-04:00,2025-10-04T19:03:22.2140000Z,,v3,471355,,,"Fixx, Mason",10305580,Right,BAL_UNI,2ea4dbce-2879-4a0c-a6e8-c95280ba08d1,54.56469,-103.67021,8.38982,5.07715,5.41629,-17.29794,1.70136,1.77601,-4.51228,,,,,,,,,,,,,,,,,,,,,,,,,,,,,,,,,,,,,,,,,,,,,,,,,,,High,High,High,,,,,
348,2025-10-04,15:03:36.72,2,3,"Henderlich, Will",10270730,Right,BAL_UNI,"Roa Calcano, Christopher",1000375139,Left,MIA_RED,Undefined,10,Bottom,1,1,1,Fastball,Changeup,HitByPitch,Undefined,Undefined,Undefined,0,0,,85.1582,-2.831419,5.213814,2018.582375,133.615067,10:30,5.20677,-1.85436,6.34601,-24.33037,13.73528,-13.15099,0.55985,1.86254,78.23966,-7.397225,2.845858,0.444056,,,,,,,,,,,,8.28252,8.2917,1.48082,50,4.98861,-10.75565,-123.22626,-6.81056,12.77462,23.77813,-19.38527,MIA_RED,BAL_UNI,McKieFieldStad,TeamExclusive,Team,20251004-McKieFieldStad-Private-1,d5388020-a154-11f0-9f0b-09fe507a42b3,84.88214,,,6.91854,,,,,,,6a89286b-1dc2-4afe-ba41-38a51ea46870,2025-10-04,19:03:36.72,2025-10-04T15:03:36.7290000-04:00,2025-10-04T19:03:36.7290000Z,,v3,471355,,,"Fixx, Mason",10305580,Right,BAL_UNI,0c10c8ab-06f2-451c-bb6c-2651cb386fc4,54.15282,-124.02501,11.88907,5.20645,-6.15938,-9.69263,1.84933,-11.18477,6.38731,,,,,,,,,,,,,,,,,,,,,,,,,,,,,,,,,,,,,,,,,,,,,,,,,,,High,High,High,,,,,
349,2025-10-04,15:04:06.09,3,1,"Henderlich, Will",10270730,Right,BAL_UNI,"Gonzalez Rivera, Ignacio",10124440,Right,MIA_RED,Undefined,10,Bottom,1,0,0,Fastball,Changeup,StrikeCalled,Undefined,Undefined,Undefined,0,0,,83.17244,-1.657717,3.586795,1946.434639,139.039821,10:45,5.31154,-1.84398,6.59813,-26.93206,12.64162,-9.83516,1.5451,0.62673,75.94581,-6.750209,1.801523,0.452767,,,,,,,,,,,,6.22465,7.5287,1.60278,50,5.18696,-7.21366,-120.66265,-4.21767,9.13304,24.5318,-21.12766,MIA_RED,BAL_UNI,McKieFieldStad,TeamExclusive,Team,20251004-McKieFieldStad-Private-1,e6b43560-a154-11f0-9f0b-09fe507a42b3,83.24911,,,7.22663,,,,,,,6a89286b-1dc2-4afe-ba41-38a51ea46870,2025-10-04,19:04:06.09,2025-10-04T15:04:06.0950000-04:00,2025-10-04T19:04:06.0950000Z,,v3,471355,,,"Fixx, Mason",10305580,Right,BAL_UNI,9de14bab-51cf-490a-bb4f-6f0856fe7a0a,53.89921,-121.4528,12.2659,5.31185,-3.53716,-10.56383,1.83987,-7.50783,4.56652,,,,,,,,,,,,,,,,,,,,,,,,,,,,,,,,,,,,,,,,,,,,,,,,,,,High,High,High,,,,,
350,2025-10-04,15:04:23.27,3,2,"Henderlich, Will",10270730,Right,BAL_UNI,"Gonzalez Rivera, Ignacio",10124440,Right,MIA_RED,Undefined,10,Bottom,1,0,1,ChangeUp,Changeup,StrikeSwinging,Undefined,Undefined,Undefined,0,0,,80.99376,-1.653828,3.252632,1650.739987,125.319691,10:15,5.0981,-1.73969,6.32864,-33.14443,8.51642,-10.28961,0.81027,0.40122,74.95636,-7.812574,1.391983,0.464553,,,,,,,,,,,,6.22,5.23646,1.50709,50,4.96146,-6.32327,-117.63618,-4.35729,8.78059,20.76584,-24.7819,MIA_RED,BAL_UNI,McKieFieldStad,TeamExclusive,Team,20251004-McKieFieldStad-Private-1,f10d4970-a154-11f0-9f0b-09fe507a42b3,81.13697,,,6.0374,,,,,,,6a89286b-1dc2-4afe-ba41-38a51ea46870,2025-10-04,19:04:23.27,2025-10-04T15:04:23.2730000-04:00,2025-10-04T19:04:23.2730000Z,,v3,471355,,,"Fixx, Mason",10305580,Right,BAL_UNI,4e13eeee-bc4e-4759-a6b7-db1a2ac9a5f3,54.17072,-118.37014,10.38292,5.09999,-3.4814,-12.39095,1.73606,-6.63361,4.39029,,,,,,,,,,,,,,,,,,,,,,,,,,,,,,,,,,,,,,,,,,,,,,,,,,,High,High,High,,,,,
351,2025-10-04,15:04:37.71,3,3,"Henderlich, Will",10270730,Right,BAL_UNI,"Gonzalez Rivera, Ignacio",10124440,Right,MIA_RED,Undefined,10,Bottom,1,0,2,Fastball,Changeup,BallCalled,Undefined,Undefined,Undefined,0,0,,82.41314,-0.948758,3.73894,2067.379017,140.07777,10:45,5.43257,-1.59956,6.438,-24.56253,15.7543,-12.12162,2.51191,0.83102,75.50743,-5.601145,1.546722,0.456998,,,,,,,,,,,,7.34126,8.87941,1.33877,50,5.35381,-7.37521,-119.59842,-2.6336,10.65206,22.68116,-19.29017,MIA_RED,BAL_UNI,McKieFieldStad,TeamExclusive,Team,20251004-McKieFieldStad-Private-1,f9a8cf00-a154-11f0-9f0b-09fe507a42b3,82.47831,,,6.90571,,,,,,,6a89286b-1dc2-4afe-ba41-38a51ea46870,2025-10-04,19:04:37.71,2025-10-04T15:04:37.7110000-04:00,2025-10-04T19:04:37.7110000Z,,v3,471355,,,"Fixx, Mason",10305580,Right,BAL_UNI,a1c88d70-a600-4ae3-a132-c24ea154a3d2,54.05936,-120.36579,11.34058,5.43187,-1.98095,-9.64509,1.59439,-7.7356,5.32603,,,,,,,,,,,,,,,,,,,,,,,,,,,,,74.99572,,0.758528,,-0.16775,2.35424,-0.87289,-2.251,6.52095,1.15585,,,,-2.17712,108.6503,-8.58824,6.55767,9.42062,-13.6742,1.13162,0.18339,1.94086,High,High,High,,,High,High,Medium
352,2025-10-04,15:05:02.96,3,4,"Henderlich, Will",10270730,Right,BAL_UNI,"Gonzalez Rivera, Ignacio",10124440,Right,MIA_RED,Undefined,10,Bottom,1,1,2,Fastball,Changeup,FoulBallNotFieldable,Undefined,Undefined,Undefined,0,0,,82.87413,0.414552,2.051165,1976.57561,139.646579,10:45,5.40413,-1.86376,6.62069,-23.56434,16.09792,-12.58965,3.82032,-1.03375,75.48591,-4.093857,-0.238085,0.453273,79.8673,30.653872,63.869042,2779.258916,40.35189,49.15225,102.33097,266.09031,111.39484,74.275533,3.685079,7.21036,8.73493,1.72926,50,5.42233,-3.86458,-120.44185,0.28205,10.54932,24.2591,-19.39417,MIA_RED,BAL_UNI,McKieFieldStad,TeamExclusive,Team,20251004-McKieFieldStad-Private-1,0898a940-a155-11f0-9f0b-09fe507a42b3,83.15611,52.55236,,7.38822,,,,-0.38501,3.48253,0.89356,6a89286b-1dc2-4afe-ba41-38a51ea46870,2025-10-04,19:05:02.96,2025-10-04T15:05:02.9660000-04:00,2025-10-04T19:05:02.9660000Z,FlyBall,v3,471355,,,"Fixx, Mason",10305580,Right,BAL_UNI,3e9334df-e626-4988-8400-1957facfa8dd,53.87638,-121.22011,12.12955,5.4033,0.90424,-9.69708,1.85866,-4.20302,5.27466,,-0.38508,44.38475,-12.43058,2.80742,-0.67286,0.18976,-0.04556,0.00635,-0.00036,3.48262,59.71586,-20.83381,2.02602,-0.20572,-0.08903,0.04257,-0.00691,0.0004,0.8935,90.47244,-10.59137,2.3552,-0.5326,0.13476,-0.02973,0.00385,-0.0002,,,,,,,,,,,,,,,,,,,,,,,High,High,High,High,Low,,,
353,2025-10-04,15:05:21.58,3,5,"Henderlich, Will",10270730,Right,BAL_UNI,"Gonzalez Rivera, Ignacio",10124440,Right,MIA_RED,Undefined,10,Bottom,1,1,2,ChangeUp,Changeup,FoulBallNotFieldable,Undefined,Undefined,Undefined,0,0,,79.43395,-0.219353,2.064686,1574.873327,123.871453,10:15,5.38606,-2.00227,6.30022,-33.52781,10.20741,-13.07879,2.38985,-1.18907,72.56587,-6.505859,-0.301051,0.475978,,,,,,,,,,,,7.42937,5.79174,1.85681,50,5.35385,-3.69919,-115.3974,-1.37995,9.97043,22.4276,-24.40135,MIA_RED,BAL_UNI,McKieFieldStad,TeamExclusive,Team,20251004-McKieFieldStad-Private-1,13d873d0-a155-11f0-9f0b-09fe507a42b3,79.18942,,,6.86808,,,,,,,6a89286b-1dc2-4afe-ba41-38a51ea46870,2025-10-04,19:05:21.58,2025-10-04T15:05:21.5800000-04:00,2025-10-04T19:05:21.5800000Z,,v3,471355,,,"Fixx, Mason",10305580,Right,BAL_UNI,7de828cc-a111-42b7-83b8-79bedb1df0ce,54.1978,-116.21038,11.2138,5.38784,-0.49542,-12.20068,1.99745,-4.06061,4.98521,,,,,,,,,,,,,,,,,,,,,,,,,,,,,,,,,,,,,,,,,,,,,,,,,,,High,High,High,,,,,
354,2025-10-04,15:05:39.94,3,6,"Henderlich, Will",10270730,Right,BAL_UNI,"Gonzalez Rivera, Ignacio",10124440,Right,MIA_RED,Undefined,10,Bottom,1,1,2,Fastball,Changeup,FoulBallNotFieldable,Undefined,Undefined,Undefined,0,0,,80.8382,-1.992968,3.48161,1578.704883,141.947335,10:45,5.27666,-1.89884,6.18909,-30.19632,12.38575,-8.58382,0.91609,0.60429,73.9145,-7.637742,1.934696,0.469661,,,,,,,,,,,,5.50374,7.4167,1.64061,50,5.11088,-6.82229,-117.1986,-4.94538,7.61501,23.22921,-21.91229,MIA_RED,BAL_UNI,McKieFieldStad,TeamExclusive,Team,20251004-McKieFieldStad-Private-1,1e9fda10-a155-11f0-9f0b-09fe507a42b3,80.25451,,,6.9237,,,,,,,6a89286b-1dc2-4afe-ba41-38a51ea46870,2025-10-04,19:05:39.94,2025-10-04T15:05:39.9440000-04:00,2025-10-04T19:05:39.9440000Z,,v3,471355,,,"Fixx, Mason",10305580,Right,BAL_UNI,5a1978e5-0abc-4fc0-a9af-c7fb0eaf076b,54.30903,-118.04958,11.61461,5.27734,-4.14264,-10.95615,1.89565,-7.10125,3.8075,,,,,,,,,,,,,,,,,,,,,,,,,,,,,,,,,,,,,,,,,,,,,,,,,,,High,High,High,,,,,
355,2025-10-04,15:06:00.07,3,7,"Henderlich, Will",10270730,Right,BAL_UNI,"Gonzalez Rivera, Ignacio",10124440,Right,MIA_RED,Undefined,10,Bottom,1,1,2,Fastball,Changeup,BallCalled,Undefined,Undefined,Undefined,0,0,,84.60246,-2.634006,4.876167,2010.508733,133.081101,10:30,5.33848,-1.77195,6.69673,-25.42836,12.2015,-11.90886,0.80042,1.70529,78.53874,-7.404356,2.715612,0.441507,,,,,,,,,,,,7.53268,7.42205,1.45159,50,5.15227,-10.06374,-122.68949,-6.34729,11.63003,21.33471,-20.71483,MIA_RED,BAL_UNI,McKieFieldStad,TeamExclusive,Team,20251004-McKieFieldStad-Private-1,2a8c8670-a155-11f0-9f0b-09fe507a42b3,85.37222,,,6.06372,,,,,,,6a89286b-1dc2-4afe-ba41-38a51ea46870,2025-10-04,19:06:00.07,2025-10-04T15:06:00.0730000-04:00,2025-10-04T19:06:00.0730000Z,,v3,471355,,,"Fixx, Mason",10305580,Right,BAL_UNI,fbdbe310-1219-4d35-ac76-2705c9e8a7e0,53.80399,-123.34919,10.66736,5.33864,-5.70675,-10.35742,1.76834,-10.42336,5.81502,,,,,,,,,,,,,,,,,,,,,,,,,,,,,,,,,,,,,,,,,,,,,,,,,,,High,High,High,,,,,
356,2025-10-04,15:06:15.68,3,8,"Henderlich, Will",10270730,Right,BAL_UNI,"Gonzalez Rivera, Ignacio",10124440,Right,MIA_RED,Undefined,10,Bottom,1,2,2,Fastball,Changeup,BallCalled,Undefined,Undefined,Undefined,0,0,,84.93314,-2.565856,3.294202,2056.00725,131.475981,10:30,5.31521,-1.85472,6.46179,-25.58572,12.09221,-12.43146,0.8208,0.13844,78.59278,-7.355863,1.041153,0.441789,,,,,,,,,,,,7.37178,7.32772,1.62731,50,5.12211,-6.64996,-123.324,-6.26103,11.45531,22.45507,-20.78724,MIA_RED,BAL_UNI,McKieFieldStad,TeamExclusive,Team,20251004-McKieFieldStad-Private-1,33f2fd20-a155-11f0-9f0b-09fe507a42b3,85.3177,,,6.34036,,,,,,,6a89286b-1dc2-4afe-ba41-38a51ea46870,2025-10-04,19:06:15.68,2025-10-04T15:06:15.6840000-04:00,2025-10-04T19:06:15.6840000Z,,v3,471355,,,"Fixx, Mason",10305580,Right,BAL_UNI,cb446ab4-7749-49f9-ae80-14f9599355a8,54.03785,-124.05704,11.22754,5.31542,-5.58244,-10.39362,1.8505,-7.02392,5.72765,,,,,,,,,,,,,,,,,,,,,,,,,,,,,,,,,,,,,,,,,,,,,,,,,,,High,High,High,,,,,
357,2025-10-04,15:06:32.99,3,9,"Henderlich, Will",10270730,Right,BAL_UNI,"Gonzalez Rivera, Ignacio",10124440,Right,MIA_RED,Undefined,10,Bottom,1,3,2,Curveball,Curveball,BallCalled,Walk,Undefined,Undefined,0,0,,71.46378,2.126795,-2.067868,2073.318713,287.703366,3:30,5.18083,-1.60898,5.60416,-58.71417,-3.86107,16.96639,2.27553,-2.12628,66.2922,-8.572023,0.96291,0.533055,,,,,,,,,,,,-9.10154,-1.9863,1.7748,50,5.32479,3.15451,-103.83289,2.0714,-10.02268,15.96991,-34.36139,MIA_RED,BAL_UNI,McKieFieldStad,TeamExclusive,Team,20251004-McKieFieldStad-Private-1,3e52a0e0-a155-11f0-9f0b-09fe507a42b3,70.71022,,,5.17158,,,,,,,6a89286b-1dc2-4afe-ba41-38a51ea46870,2025-10-04,19:06:32.99,2025-10-04T15:06:32.9930000-04:00,2025-10-04T19:06:32.9930000Z,,v3,471355,,,"Fixx, Mason",10305580,Right,BAL_UNI,b7b98264-78eb-45d4-9f53-7dd6bfcc107e,54.89774,-104.58347,7.98495,5.18948,3.68637,-17.1807,1.61547,3.62557,-5.01134,,,,,,,,,,,,,,,,,,,,,,,,,,,,,,,,,,,,,,,,,,,,,,,,,,,High,High,High,,,,,
358,2025-10-04,15:06:57.40,4,1,"Henderlich, Will",10270730,Right,BAL_UNI,"Harrison, Tommy",811731,Left,MIA_RED,Undefined,10,Bottom,1,0,0,Fastball,Changeup,StrikeCalled,Undefined,Undefined,Undefined,0,0,,83.76707,-1.598357,3.575806,2081.720132,134.26399,10:30,5.36258,-1.79359,6.40186,-25.67773,13.44768,-12.51914,1.74973,0.45561,76.76243,-6.43766,1.311584,0.450195,,,,,,,,,,,,7.50276,7.84363,1.54242,50,5.23598,-7.12926,-121.54035,-4.1117,11.22973,23.68285,-20.43412,MIA_RED,BAL_UNI,McKieFieldStad,TeamExclusive,Team,20251004-McKieFieldStad-Private-1,4cf91610-a155-11f0-9f0b-09fe507a42b3,83.72465,,,7.00464,,,,,,,6a89286b-1dc2-4afe-ba41-38a51ea46870,2025-10-04,19:06:57.40,2025-10-04T15:06:57.4070000-04:00,2025-10-04T19:06:57.4070000Z,,v3,471355,,,"Fixx, Mason",10305580,Right,BAL_UNI,193d09b0-49ed-4272-82c1-050385947f5f,54.09548,-122.33578,11.84142,5.36256,-3.42538,-10.21706,1.7882,-7.50643,5.61487,,,,,,,,,,,,,,,,,,,,,,,,,,,,,,,,,,,,,,,,,,,,,,,,,,,High,High,High,,,,,
359,2025-10-04,15:07:14.78,4,2,"Henderlich, Will",10270730,Right,BAL_UNI,"Harrison, Tommy",811731,Left,MIA_RED,Undefined,10,Bottom,1,0,1,Curveball,Curveball,BallCalled,Undefined,Undefined,Undefined,0,0,,69.73666,1.169726,-1.449897,2096.682179,294.350999,3:45,5.25857,-1.66559,6.00079,-62.60496,-5.32662,15.74182,1.12582,-1.69748,64.37183,-10.317044,1.388684,0.544712,,,,,,,,,,,,-8.52174,-2.53843,1.77101,50,5.31633,2.05513,-101.36179,0.32341,-8.83196,17.15795,-34.80487,MIA_RED,BAL_UNI,McKieFieldStad,TeamExclusive,Team,20251004-McKieFieldStad-Private-1,57399910-a155-11f0-9f0b-09fe507a42b3,69.19707,,,5.36484,,,,,,,6a89286b-1dc2-4afe-ba41-38a51ea46870,2025-10-04,19:07:14.78,2025-10-04T15:07:14.7820000-04:00,2025-10-04T19:07:14.7820000Z,,v3,471355,,,"Fixx, Mason",10305580,Right,BAL_UNI,27055d62-5594-47cf-ba9b-dcc1c0ceb0ae,54.50051,-102.12077,8.57898,5.26798,1.863,-17.40243,1.67146,2.44581,-4.41598,,,,,,,,,,,,,,,,,,,,,,,,,,,,,,,,,,,,,,,,,,,,,,,,,,,High,High,High,,,,,
360,2025-10-04,15:07:31.25,4,3,"Henderlich, Will",10270730,Right,BAL_UNI,"Harrison, Tommy",811731,Left,MIA_RED,Undefined,10,Bottom,1,1,1,Fastball,Changeup,BallCalled,Undefined,Undefined,Undefined,0,0,,83.70754,-2.012723,3.670553,1993.289958,141.997278,10:45,5.39793,-1.54028,6.50718,-24.16497,14.63044,-10.52591,1.5325,0.95574,77.22329,-6.567318,1.76365,0.448293,,,,,,,,,,,,6.46528,8.55437,1.28803,50,5.24637,-7.41699,-121.50959,-4.92884,9.73743,22.16169,-19.29021,MIA_RED,BAL_UNI,McKieFieldStad,TeamExclusive,Team,20251004-McKieFieldStad-Private-1,60fe5c60-a155-11f0-9f0b-09fe507a42b3,84.07998,,,6.48424,,,,,,,6a89286b-1dc2-4afe-ba41-38a51ea46870,2025-10-04,19:07:31.25,2025-10-04T15:07:31.2540000-04:00,2025-10-04T19:07:31.2540000Z,,v3,471355,,,"Fixx, Mason",10305580,Right,BAL_UNI,670e28c4-18a9-491c-9e1e-ae1f40b90ee5,53.99126,-122.23537,11.08085,5.39744,-4.29709,-9.64511,1.53615,-7.73589,4.86872,,,,,,,,,,,,,,,,,,,,,,,,,,,,,,,,,,,,,,,,,,,,,,,,,,,High,High,High,,,,,
361,2025-10-04,15:08:13.06,4,4,"Henderlich, Will",10270730,Right,BAL_UNI,"Harrison, Tommy",811731,Left,MIA_RED,Undefined,10,Bottom,1,2,1,Fastball,Changeup,FoulBallNotFieldable,Undefined,Undefined,Undefined,0,0,,83.82465,0.204356,3.009786,1796.168995,127.657441,10:15,5.2675,-1.7662,6.50819,-28.5799,10.04075,-11.53591,3.07364,0.03712,77.13175,-5.169243,0.918225,0.447282,87.84011,27.425693,-53.316285,3920.380368,60.26517,47.33771,-92.02194,302.36998,133.57456,-63.222828,3.910412,6.86181,5.55737,1.56084,50,5.26919,-5.99573,-121.84488,-0.37031,10.37715,22.60301,-23.76965,MIA_RED,BAL_UNI,McKieFieldStad,TeamExclusive,Team,20251004-McKieFieldStad-Private-1,79e24750-a155-11f0-9f0b-09fe507a42b3,84.26997,54.99115,,6.6929,,,,0.46297,3.01606,0.05543,6a89286b-1dc2-4afe-ba41-38a51ea46870,2025-10-04,19:08:13.06,2025-10-04T15:08:13.0670000-04:00,2025-10-04T19:08:13.0670000Z,FlyBall,v3,471355,,,"Fixx, Mason",10305580,Right,BAL_UNI,d57edb51-15c3-4930-8b91-487699f2e120,53.99114,-122.58303,11.30151,5.26861,0.40594,-11.88483,1.76218,-6.33462,5.18857,,0.46286,68.3134,-16.69832,3.90323,-0.85988,0.19626,-0.04414,0.00665,-0.00042,3.01644,59.33189,-18.97812,1.47219,-0.19921,-0.01093,0.01465,-0.00256,0.00013,0.0561,-91.72422,10.05915,-2.07712,0.58405,-0.19707,0.0521,-0.00788,0.00049,,,,,,,,,,,,,,,,,,,,,,,High,High,High,High,Low,,,
362,2025-10-04,15:08:35.61,4,5,"Henderlich, Will",10270730,Right,BAL_UNI,"Harrison, Tommy",811731,Left,MIA_RED,Undefined,10,Bottom,1,2,2,Fastball,Changeup,InPlay,Undefined,Popup,Out,1,0,,81.06105,0.357309,1.950874,1425.765955,136.818007,10:30,5.16756,-1.70774,6.27219,-28.95691,12.97524,-10.92717,3.08406,-0.81927,74.0671,-5.09747,-0.023478,0.466063,54.80512,61.164757,-19.921653,,,,,114.00236,108.41422,-25.260704,4.091348,6.25248,7.03764,1.56878,50,5.17982,-3.61822,-117.78162,-0.07266,8.76661,22.76161,-22.30656,MIA_RED,BAL_UNI,McKieFieldStad,TeamExclusive,Team,20251004-McKieFieldStad-Private-1,87911610-a155-11f0-9f0b-09fe507a42b3,80.87405,69.43227,,6.99395,,,,1.34504,3.17526,0.81785,6a89286b-1dc2-4afe-ba41-38a51ea46870,2025-10-04,19:08:35.61,2025-10-04T15:08:35.6170000-04:00,2025-10-04T19:08:35.6170000Z,Popup,v3,471355,,,"Fixx, Mason",10305580,Right,BAL_UNI,cbf31a16-aa50-4aba-a4f3-8443e6f6f3c5,54.22577,-118.59545,11.3808,5.16816,0.7249,-11.15328,1.70375,-3.93167,4.38331,168.731478,1.34707,36.39337,-7.54832,1.70247,0.19162,-0.2466,0.07117,-0.00925,0.00045,3.1764,70.37632,-20.94531,1.25015,0.29715,-0.35103,0.12861,-0.02242,0.00153,0.81766,-13.20382,0.8072,-0.19589,-0.02752,0.03544,-0.01133,0.00169,-0.0001,,,,,,,,,,,,,,,,,,,,,,,High,High,High,High,Medium,,,
363,2025-10-04,15:09:00.77,5,1,"Henderlich, Will",10270730,Right,BAL_UNI,"Rasmussen, Jamie",10272616,Right,MIA_RED,Undefined,10,Bottom,2,0,0,Fastball,Changeup,BallCalled,Undefined,Undefined,Undefined,0,0,,81.44437,-0.728053,1.62416,1884.362283,134.637696,10:30,5.24131,-1.79835,6.18849,-27.33746,14.51194,-13.28178,2.29068,-1.40519,74.19371,-5.883965,-0.773383,0.465603,,,,,,,,,,,,7.3067,8.14548,1.68217,50,5.17264,-2.84903,-118.26054,-2.26839,10.28765,23.77355,-20.70542,MIA_RED,BAL_UNI,McKieFieldStad,TeamExclusive,Team,20251004-McKieFieldStad-Private-1,9665c730-a155-11f0-9f0b-09fe507a42b3,80.95399,,,7.25066,,,,,,,6a89286b-1dc2-4afe-ba41-38a51ea46870,2025-10-04,19:09:00.77,2025-10-04T15:09:00.7740000-04:00,2025-10-04T19:09:00.7740000Z,,v3,471355,,,"Fixx, Mason",10305580,Right,BAL_UNI,be79f8c0-7270-4aba-bf71-46d9bc6f4d53,54.30714,-119.12324,11.88678,5.24132,-1.51702,-10.35271,1.79233,-3.22235,5.14383,,,,,,,,,,,,,,,,,,,,,,,,,,,,,,,,,,,,,,,,,,,,,,,,,,,High,High,High,,,,,
364,2025-10-04,15:09:14.62,5,2,"Henderlich, Will",10270730,Right,BAL_UNI,"Rasmussen, Jamie",10272616,Right,MIA_RED,Undefined,10,Bottom,2,1,0,Fastball,Changeup,StrikeSwinging,Undefined,Undefined,Undefined,0,0,,84.17203,0.237409,2.056986,1878.214411,131.952291,10:30,5.31354,-1.74093,6.32242,-26.12068,12.97186,-12.95387,3.3556,-0.92522,76.32539,-4.71348,-0.285739,0.450006,,,,,,,,,,,,7.28926,7.07008,1.59611,50,5.31852,-3.88228,-122.19091,-0.23139,10.92701,25.98398,-21.5756,MIA_RED,BAL_UNI,McKieFieldStad,TeamExclusive,Team,20251004-McKieFieldStad-Private-1,9ea32730-a155-11f0-9f0b-09fe507a42b3,83.75985,,,7.84664,,,,,,,6a89286b-1dc2-4afe-ba41-38a51ea46870,2025-10-04,19:09:14.62,2025-10-04T15:09:14.6280000-04:00,2025-10-04T19:09:14.6280000Z,,v3,471355,,,"Fixx, Mason",10305580,Right,BAL_UNI,f5af36e0-a56a-427c-82ff-bc01085aa923,54.17248,-123.07499,12.99199,5.3139,0.50269,-10.7878,1.73453,-4.25406,5.4635,,,,,,,,,,,,,,,,,,,,,,,,,,,,,,,,,,,,,,,,,,,,,,,,,,,High,High,High,,,,,
365,2025-10-04,15:09:30.09,5,3,"Henderlich, Will",10270730,Right,BAL_UNI,"Rasmussen, Jamie",10272616,Right,MIA_RED,Undefined,10,Bottom,2,1,1,Fastball,Changeup,InPlay,Undefined,LineDrive,Out,1,0,,84.54543,0.245116,2.532271,1869.373555,129.206771,10:15,5.30011,-1.73823,6.35554,-27.79379,10.82532,-11.69981,3.20978,-0.38106,76.87787,-5.000383,0.415951,0.447273,92.75322,19.494516,2.460484,1242.491789,109.56624,32.11982,9.75774,298.04485,295.54559,9.054916,3.207975,6.87646,5.94154,1.56004,50,5.30485,-4.99362,-122.77224,-0.27619,10.42451,25.8421,-23.16685,MIA_RED,BAL_UNI,McKieFieldStad,TeamExclusive,Team,20251004-McKieFieldStad-Private-1,a7fa0d80-a155-11f0-9f0b-09fe507a42b3,84.27171,36.39147,,7.66756,,,,1.47272,3.2475,0.37824,6a89286b-1dc2-4afe-ba41-38a51ea46870,2025-10-04,19:09:30.09,2025-10-04T15:09:30.0930000-04:00,2025-10-04T19:09:30.0930000Z,LineDrive,v3,471355,,,"Fixx, Mason",10305580,Right,BAL_UNI,9621239a-fbc6-446c-89c0-7dbda4609d8b,54.14235,-123.64108,12.92105,5.30105,0.5027,-11.58343,1.73382,-5.3441,5.21226,227.567022,1.47285,128.11588,-19.07845,3.90548,-0.68774,0.05681,0.01392,-0.00533,0.00056,3.24737,45.4031,-16.75079,1.00854,-0.22508,0.10229,-0.03828,0.00844,-0.00076,0.37823,5.50594,5.89711,-1.87147,0.49433,-0.10587,0.01771,-0.00195,0.0001,,,,,,,,,,,,,,,,,,,,,,,High,High,High,High,High,,,
366,2025-10-04,15:12:15.43,1,1,"Berggren, Austin",1000190938,Right,MIA_RED,"Kolenich, Sean",1000224524,Right,BAL_UNI,Undefined,11,Top,0,0,0,Slider,Slider,HitByPitch,Undefined,Undefined,Undefined,0,0,,83.87423,1.402467,0.444474,2713.4,75.330603,8:30,5.34227,2.01128,4.96535,-42.01951,-1.3028,-9.36493,3.16577,1.65075,77.48942,-6.190567,-1.208691,0.459259,,,,,,,,,,,,4.74945,-0.64504,-2.04619,50,5.44315,-0.53358,-121.83368,1.35598,7.20972,21.70427,-33.15322,MIA_RED,BAL_UNI,McKieFieldStad,TeamExclusive,Team,20251004-McKieFieldStad-Private-1,0a7cdd20-a156-11f0-9f0b-09fe507a42b3,82.07228,,,6.38481,,,,,,,6a89286b-1dc2-4afe-ba41-38a51ea46870,2025-10-04,19:12:15.43,2025-10-04T15:12:15.4370000-04:00,2025-10-04T19:12:15.4370000Z,,v3,471355,,,"Buffington, Matthew",825106,Right,MIA_RED,f4fa0bb2-d1d9-4de5-9173-551550812438,55.53459,-122.81569,10.85214,5.34786,2.856,-16.57661,-2.01467,-0.85978,3.60486,,,,,,,,,,,,,,,,,,,,,,,,,,,,,,,,,,,,,,,,,,,,,,,,,,,High,High,High,,,,,
367,2025-10-04,15:12:43.94,2,1,"Berggren, Austin",1000190938,Right,MIA_RED,"West, Colin",10030647,Right,BAL_UNI,Undefined,11,Top,0,0,0,Fastball,Four-Seam,FoulBallNotFieldable,Undefined,Undefined,Undefined,0,0,,90.38669,-0.517978,-2.150195,2350.873937,195.89781,12:30,5.77079,1.66425,5.30476,-22.71848,12.16131,3.15807,3.391,-0.09194,82.80385,-4.723359,-1.590064,0.425068,,,,,,,,,,,,-2.14851,6.55685,-1.47132,50,5.70748,4.77684,-131.13678,-2.01284,-3.75527,26.76363,-20.71368,MIA_RED,BAL_UNI,McKieFieldStad,TeamExclusive,Team,20251004-McKieFieldStad-Private-1,1b552670-a156-11f0-9f0b-09fe507a42b3,88.67395,,,7.58284,,,,,,,6a89286b-1dc2-4afe-ba41-38a51ea46870,2025-10-04,19:12:43.94,2025-10-04T15:12:43.9460000-04:00,2025-10-04T19:12:43.9460000Z,,v3,471355,,,"Buffington, Matthew",825106,Right,MIA_RED,da7d0aa1-ce2a-4157-a8cc-a9abe61341fd,55.19144,-132.19205,13.38181,5.77074,-1.19611,-10.35684,-1.66259,4.92491,-1.87764,,,,,,,,,,,,,,,,,,,,,,,,,,,,,,,,,,,,,,,,,,,,,,,,,,,High,High,High,,,,,
368,2025-10-04,15:13:24.29,2,2,"Berggren, Austin",1000190938,Right,MIA_RED,"West, Colin",10030647,Right,BAL_UNI,Undefined,11,Top,0,0,1,Slider,Slider,InPlay,Undefined,GroundBall,Out,2,0,,83.73912,0.353258,-1.943388,2842.41817,82.18892,8:45,5.53051,1.9688,5.01436,-41.46486,-0.31516,-11.42741,2.4087,-0.81832,76.99937,-7.145241,-3.960278,0.461695,73.13412,-1.721917,-9.432604,1598.970663,,,,31.87104,31.17853,-7.360908,0.289424,5.18331,0.05811,-1.77263,50,5.53062,4.61247,-121.50902,-0.81971,7.75131,23.75103,-32.08717,MIA_RED,BAL_UNI,McKieFieldStad,TeamExclusive,Team,20251004-McKieFieldStad-Private-1,33640e20-a156-11f0-9f0b-09fe507a42b3,81.63934,2.50227,,6.73975,,,,1.88943,2.50227,0.79517,6a89286b-1dc2-4afe-ba41-38a51ea46870,2025-10-04,19:13:24.29,2025-10-04T15:13:24.2910000-04:00,2025-10-04T19:13:24.2910000Z,GroundBall,v3,471355,,,"Buffington, Matthew",825106,Right,MIA_RED,9e356e28-9399-4027-9140-0945fcf8a0c7,55.48567,-122.57659,11.87551,5.53505,0.62256,-16.04358,-1.97213,4.26406,3.87566,347.952866,1.89046,105.7178,-10.50941,,,,,,,2.50405,-3.30452,-18.49639,,,,,,,0.79485,-17.55658,2.42895,,,,,,,,,,,,,,,,,,,,,,,,,,,,,High,High,High,High,High,,,
369,2025-10-04,15:14:02.58,3,1,"Berggren, Austin",1000190938,Right,MIA_RED,"Gordon, Ryan",1000401460,Right,BAL_UNI,Undefined,11,Top,2,0,0,Fastball,Four-Seam,StrikeCalled,Undefined,Undefined,Undefined,0,0,,90.69055,-0.213467,-2.272259,2325.603186,199.265707,12:45,5.78765,1.66975,5.33154,-24.41293,9.97032,3.1415,3.5528,-0.20151,83.62953,-4.706056,-1.714858,0.422032,,,,,,,,,,,,-2.13728,5.3628,-1.46677,50,5.75089,5.08138,-131.68853,-1.40217,-3.7926,25.21503,-22.65787,MIA_RED,BAL_UNI,McKieFieldStad,TeamExclusive,Team,20251004-McKieFieldStad-Private-1,4a3593d0-a156-11f0-9f0b-09fe507a42b3,89.31188,,,7.06102,,,,,,,6a89286b-1dc2-4afe-ba41-38a51ea46870,2025-10-04,19:14:02.58,2025-10-04T15:14:02.5800000-04:00,2025-10-04T19:14:02.5800000Z,,v3,471355,,,"Buffington, Matthew",825106,Right,MIA_RED,442987ad-cddb-4428-bae4-16da01bdf864,55.16628,-132.67406,12.60751,5.78838,-0.51659,-11.32893,-1.66827,5.22962,-1.8963,,,,,,,,,,,,,,,,,,,,,,,,,,,,,,,,,,,,,,,,,,,,,,,,,,,High,High,High,,,,,
370,2025-10-04,15:14:17.71,3,2,"Berggren, Austin",1000190938,Right,MIA_RED,"Gordon, Ryan",1000401460,Right,BAL_UNI,Undefined,11,Top,2,0,1,Slider,Slider,StrikeCalled,Undefined,Undefined,Undefined,0,0,,84.37757,0.645749,-1.296172,2819.412496,76.094414,8:30,5.46097,1.76627,5.25608,-41.83983,-1.6076,-11.56024,2.58123,-0.41512,77.35314,-6.961857,-3.347041,0.456519,,,,,,,,,,,,5.40992,-0.60091,-1.63864,50,5.48919,3.27022,-122.46854,-0.18652,8.20047,24.62352,-33.0849,MIA_RED,BAL_UNI,McKieFieldStad,TeamExclusive,Team,20251004-McKieFieldStad-Private-1,532d6a30-a156-11f0-9f0b-09fe507a42b3,82.56495,,,7.02443,,,,,,,6a89286b-1dc2-4afe-ba41-38a51ea46870,2025-10-04,19:14:17.71,2025-10-04T15:14:17.7100000-04:00,2025-10-04T19:14:17.7100000Z,,v3,471355,,,"Buffington, Matthew",825106,Right,MIA_RED,e3c8015e-077c-4d35-8fbf-075f6a9d348a,55.24261,-123.51812,12.31176,5.46708,1.22373,-16.54245,-1.77058,2.92067,4.10023,,,,,,,,,,,,,,,,,,,,,,,,,,,,,,,,,,,,,,,,,,,,,,,,,,,High,High,High,,,,,
371,2025-10-04,15:14:36.81,3,3,"Berggren, Austin",1000190938,Right,MIA_RED,"Gordon, Ryan",1000401460,Right,BAL_UNI,Undefined,11,Top,2,0,2,Fastball,Four-Seam,BallCalled,Undefined,Undefined,Undefined,0,0,,93.75921,0.104612,-2.001204,2466.426737,190.491464,12:15,5.82184,1.34612,5.5182,-22.12344,9.91473,1.6613,4.0761,-0.3873,86.11722,-3.994935,-1.705389,0.407385,,,,,,,,,,,,-1.35213,5.27386,-1.17297,50,5.81622,4.67953,-136.14901,-0.57252,-2.55555,27.95507,-22.20644,MIA_RED,BAL_UNI,McKieFieldStad,TeamExclusive,Team,20251004-McKieFieldStad-Private-1,5e87e8b0-a156-11f0-9f0b-09fe507a42b3,92.52285,,,7.64199,,,,,,,6a89286b-1dc2-4afe-ba41-38a51ea46870,2025-10-04,19:14:36.81,2025-10-04T15:14:36.8180000-04:00,2025-10-04T19:14:36.8180000Z,,v3,471355,,,"Buffington, Matthew",825106,Right,MIA_RED,2a5c1fe4-ad35-427d-96ab-a2f0b473815a,54.97887,-137.16749,13.97753,5.82234,0.23653,-11.10322,-1.34516,4.77264,-1.27778,,,,,,,,,,,,,,,,,,,,,,,,,,,,,,,,,,,,,,,,,,,,,,,,,,,High,High,High,,,,,
372,2025-10-04,15:14:56.88,3,4,"Berggren, Austin",1000190938,Right,MIA_RED,"Gordon, Ryan",1000401460,Right,BAL_UNI,Undefined,11,Top,2,1,2,Fastball,Four-Seam,BallCalled,Undefined,Undefined,Undefined,0,0,,93.61901,0.043894,-2.578795,2510.813173,188.810892,12:15,5.72063,1.34524,5.50523,-22.72289,9.25768,1.29847,3.86815,-0.9599,86.52024,-4.14732,-2.347813,0.407019,,,,,,,,,,,,-1.27331,4.94595,-1.12092,50,5.70917,6.06432,-135.98302,-0.74932,-2.41599,26.09726,-22.7897,MIA_RED,BAL_UNI,McKieFieldStad,TeamExclusive,Team,20251004-McKieFieldStad-Private-1,6a9d52c0-a156-11f0-9f0b-09fe507a42b3,92.60609,,,7.09876,,,,,,,6a89286b-1dc2-4afe-ba41-38a51ea46870,2025-10-04,19:14:56.88,2025-10-04T15:14:56.8860000-04:00,2025-10-04T19:14:56.8860000Z,,v3,471355,,,"Buffington, Matthew",825106,Right,MIA_RED,100e270f-547f-4b27-af6b-796a8074cb06,54.99283,-136.93787,13.04863,5.72133,0.08451,-11.39485,-1.34442,6.15272,-1.20799,,,,,,,,,,,,,,,,,,,,,,,,,,,,,,,,,,,,,,,,,,,,,,,,,,,High,High,High,,,,,
373,2025-10-04,15:15:14.48,3,5,"Berggren, Austin",1000190938,Right,MIA_RED,"Gordon, Ryan",1000401460,Right,BAL_UNI,Undefined,11,Top,2,2,2,Slider,Slider,StrikeSwinging,Strikeout,Undefined,Undefined,0,0,,86.0221,-0.782876,-2.142939,2885.094116,79.492035,8:45,5.47204,1.7411,5.37496,-39.28856,-1.02122,-11.39182,1.4635,-1.21813,79.6944,-7.900735,-4.168009,0.445231,,,,,,,,,,,,5.17315,0.03606,-1.54085,50,5.37399,5.1631,-124.92898,-3.18192,8.22719,23.68201,-32.11671,MIA_RED,BAL_UNI,McKieFieldStad,TeamExclusive,Team,20251004-McKieFieldStad-Private-1,750d4a30-a156-11f0-9f0b-09fe507a42b3,84.65816,,,6.3277,,,,,,,6a89286b-1dc2-4afe-ba41-38a51ea46870,2025-10-04,19:15:14.48,2025-10-04T15:15:14.4880000-04:00,2025-10-04T19:15:14.4880000Z,,v3,471355,,,"Buffington, Matthew",825106,Right,MIA_RED,6d50ba1b-1a01-42d7-927d-5214e23a24f3,55.12476,-125.8967,11.841,5.4772,-1.86953,-16.05836,-1.74496,4.82692,4.1136,,,,,,,,,,,,,,,,,,,,,,,,,,,,,,,,,,,,,,,,,,,,,,,,,,,High,High,High,,,,,
374,2025-10-04,15:17:24.26,1,1,"Henderlich, Will",10270730,Right,BAL_UNI,"Buffington, Matthew",825106,Right,MIA_RED,Undefined,11,Bottom,0,0,0,Slider,Slider,StrikeSwinging,Undefined,Undefined,Undefined,0,0,,75.53515,1.328975,0.888853,2355.703925,281.139492,3:15,5.55216,-1.99572,5.28779,-49.15487,0.35996,5.09323,2.70422,-0.73657,70.15261,-7.590822,1.793331,0.506453,,,,,,,,,,,,-2.33134,0.29772,1.91093,50,5.6371,-1.89791,-109.77293,0.91051,-2.87845,17.273,-31.80649,MIA_RED,BAL_UNI,McKieFieldStad,TeamExclusive,Team,20251004-McKieFieldStad-Private-1,c26b32b0-a156-11f0-9f0b-09fe507a42b3,74.42439,,,5.38254,,,,,,,6a89286b-1dc2-4afe-ba41-38a51ea46870,2025-10-04,19:17:24.26,2025-10-04T15:17:24.2630000-04:00,2025-10-04T19:17:24.2630000Z,,v3,471355,,,"Fixx, Mason",10305580,Right,BAL_UNI,54caf555-95b6-4cb2-a798-9b84c5df258f,55.21176,-110.58997,8.6365,5.55845,2.41501,-15.90324,1.99748,-1.76175,-1.43923,,,,,,,,,,,,,,,,,,,,,,,,,,,,,,,,,,,,,,,,,,,,,,,,,,,High,High,High,,,,,
375,2025-10-04,15:17:56.18,1,2,"Henderlich, Will",10270730,Right,BAL_UNI,"Buffington, Matthew",825106,Right,MIA_RED,Undefined,11,Bottom,0,0,1,Slider,Slider,BallCalled,Undefined,Undefined,Undefined,0,0,,77.4958,-0.629527,1.238574,2355.738112,248.336248,2:15,5.50586,-1.95701,5.40462,-43.18554,3.8815,6.30827,1.31706,-0.27064,71.81739,-8.484741,2.362019,0.493776,,,,,,,,,,,,-2.86532,2.5263,1.84214,50,5.41942,-2.67511,-112.58401,-2.66315,-3.70052,19.24797,-28.91135,MIA_RED,BAL_UNI,McKieFieldStad,TeamExclusive,Team,20251004-McKieFieldStad-Private-1,d57d3f60-a156-11f0-9f0b-09fe507a42b3,76.33513,,,5.6784,,,,,,,6a89286b-1dc2-4afe-ba41-38a51ea46870,2025-10-04,19:17:56.18,2025-10-04T15:17:56.1840000-04:00,2025-10-04T19:17:56.1840000Z,,v3,471355,,,"Fixx, Mason",10305580,Right,BAL_UNI,f85b20d8-bdcc-46e3-a682-8663060a1b3a,55.09443,-113.45164,9.62398,5.5101,-1.35993,-14.45567,1.95896,-2.50831,-1.85026,,,,,,,,,,,,,,,,,,,,,,,,,,,,,,,,,,,,,,,,,,,,,,,,,,,High,High,High,,,,,
376,2025-10-04,15:18:10.99,1,3,"Henderlich, Will",10270730,Right,BAL_UNI,"Buffington, Matthew",825106,Right,MIA_RED,Undefined,11,Bottom,0,1,1,Slider,Slider,FoulBallNotFieldable,Undefined,Undefined,Undefined,0,0,,76.19583,1.372364,0.878887,2255.467255,272.678668,3:00,5.63284,-1.91318,5.38301,-47.55814,1.21276,4.69721,2.95644,-0.69786,70.31706,-7.296813,1.714369,0.502634,61.0816,24.583912,163.287211,4473.467001,,,,133.16173,46.26333,168.314318,1.948468,-2.14225,0.64846,1.83112,50,5.72171,-1.87503,-110.68174,1.09344,-2.67137,18.78397,-31.36542,MIA_RED,BAL_UNI,McKieFieldStad,TeamExclusive,Team,20251004-McKieFieldStad-Private-1,de85b790-a156-11f0-9f0b-09fe507a42b3,74.98987,18.4982,,5.87877,,,,0.98704,2.87875,0.67349,6a89286b-1dc2-4afe-ba41-38a51ea46870,2025-10-04,19:18:10.99,2025-10-04T15:18:10.9970000-04:00,2025-10-04T19:18:10.9970000Z,LineDrive,v3,471355,,,"Fixx, Mason",10305580,Right,BAL_UNI,2fb87074-3822-468a-a9f8-1759f70f5670,55.11657,-111.5467,9.39198,5.6381,2.53775,-15.68271,1.91463,-1.75201,-1.33569,334.128984,0.98695,-78.01589,5.09574,0.71185,-1.19462,1.33228,-0.79507,0.23473,-0.02754,2.87876,37.26893,-24.62355,3.14532,-0.33046,-0.2833,0.29858,-0.11412,0.01573,0.67358,23.4192,-4.40266,-0.95661,1.22049,-1.30237,0.76622,-0.22412,0.0261,,,,,,,,,,,,,,,,,,,,,,,High,High,High,High,Medium,,,
377,2025-10-04,15:18:32.43,1,4,"Henderlich, Will",10270730,Right,BAL_UNI,"Buffington, Matthew",825106,Right,MIA_RED,Undefined,11,Bottom,0,1,2,Fastball,Changeup,BallCalled,Undefined,Undefined,Undefined,0,0,,86.32025,-1.717447,3.581157,1724.525581,128.130894,10:15,5.43907,-2.08811,5.52178,-26.69935,11.18792,-12.80099,1.60482,0.19761,79.5406,-6.638705,1.303509,0.443015,,,,,,,,,,,,7.39622,6.44402,1.78504,50,5.27152,-7.29177,-125.16368,-4.67827,11.82055,23.49621,-21.87529,MIA_RED,BAL_UNI,McKieFieldStad,TeamExclusive,Team,20251004-McKieFieldStad-Private-1,eb284670-a156-11f0-9f0b-09fe507a42b3,85.08171,,,6.77965,,,,,,,6a89286b-1dc2-4afe-ba41-38a51ea46870,2025-10-04,19:18:32.43,2025-10-04T15:18:32.4350000-04:00,2025-10-04T19:18:32.4350000Z,,v3,471355,,,"Fixx, Mason",10305580,Right,BAL_UNI,def0debc-6f37-424b-8fdd-adf8067b3555,54.97687,-126.0945,11.74811,5.43969,-3.81167,-10.93764,2.08318,-7.76005,5.91027,,,,,,,,,,,,,,,,,,,,,,,,,,,,,,,,,,,,,,,,,,,,,,,,,,,High,High,High,,,,,
378,2025-10-04,15:18:50.01,1,5,"Henderlich, Will",10270730,Right,BAL_UNI,"Buffington, Matthew",825106,Right,MIA_RED,Undefined,11,Bottom,0,2,2,Slider,Curveball,FoulBallNotFieldable,Undefined,Undefined,Undefined,0,0,,76.90408,0.844818,1.157467,2342.549366,319.341148,4:45,5.55234,-1.84731,5.22681,-52.83983,-4.83579,5.31563,1.94343,-0.3161,71.40559,-8.701204,2.101204,0.498667,83.58983,23.236793,33.247017,4606.616,84.81458,33.87957,70.04625,252.07904,158.0704,48.201576,3.217276,-2.37819,-2.27043,1.73647,50,5.59009,-2.46297,-111.76452,-0.16732,-3.03234,18.6268,-35.069,MIA_RED,BAL_UNI,McKieFieldStad,TeamExclusive,Team,20251004-McKieFieldStad-Private-1,f59816d0-a156-11f0-9f0b-09fe507a42b3,75.58646,35.89662,,5.49849,,,,0.75969,1.73164,0.54619,6a89286b-1dc2-4afe-ba41-38a51ea46870,2025-10-04,19:18:50.01,2025-10-04T15:18:50.0140000-04:00,2025-10-04T19:18:50.0140000Z,LineDrive,v3,471355,,,"Fixx, Mason",10305580,Right,BAL_UNI,0894e862-3e6a-4de1-b0b6-ae3116bb0c3c,55.27446,-112.64014,9.3134,5.55921,1.48122,-17.5345,1.8489,-2.32042,-1.51617,,0.75976,94.21412,-21.25499,4.65511,-1.1955,0.3659,-0.12369,0.02659,-0.00232,1.73174,48.3635,-19.37645,1.79999,-0.08361,-0.14034,0.08063,-0.01888,0.00162,0.54612,61.76576,1.95686,-2.24125,0.72495,-0.1227,-0.00136,0.0043,-0.00053,,,,,,,,,,,,,,,,,,,,,,,High,High,High,High,Medium,,,
379,2025-10-04,15:19:25.83,1,6,"Henderlich, Will",10270730,Right,BAL_UNI,"Buffington, Matthew",825106,Right,MIA_RED,Undefined,11,Bottom,0,2,2,Fastball,Sinker,BallCalled,Undefined,Undefined,Undefined,0,0,,85.71382,-2.321093,5.017656,2064.776467,148.960908,11:00,5.40792,-2.00161,6.03075,-24.99261,12.26823,-6.82048,1.16632,2.08849,80.29529,-6.93041,3.797304,0.439337,,,,,,,,,,,,4.59059,7.12493,1.61248,50,5.21199,-10.65256,-124.28572,-5.83953,7.35465,19.24074,-20.75912,MIA_RED,BAL_UNI,McKieFieldStad,TeamExclusive,Team,20251004-McKieFieldStad-Private-1,0ae1eb10-a157-11f0-9f0b-09fe507a42b3,85.79391,,,5.41853,,,,,,,6a89286b-1dc2-4afe-ba41-38a51ea46870,2025-10-04,19:19:25.83,2025-10-04T15:19:25.8350000-04:00,2025-10-04T19:19:25.8350000Z,,v3,471355,,,"Fixx, Mason",10305580,Right,BAL_UNI,2a688cea-1807-4921-8bc4-4ec275f4f830,54.46973,-124.97576,9.62037,5.40806,-5.09503,-10.37956,1.99925,-10.91632,3.67732,,,,,,,,,,,,,,,,,,,,,,,,,,,,,,,,,,,,,,,,,,,,,,,,,,,High,High,High,,,,,
380,2025-10-04,15:19:50.56,1,7,"Henderlich, Will",10270730,Right,BAL_UNI,"Buffington, Matthew",825106,Right,MIA_RED,Undefined,11,Bottom,0,3,2,Slider,Slider,InPlay,Undefined,GroundBall,Single,0,0,,77.10303,0.966294,0.644042,2292.789762,267.22589,3:00,5.4359,-1.91952,5.51309,-45.51077,1.68575,7.39437,2.54704,-0.70107,71.45811,-7.338669,1.96293,0.494455,,,,,,,,,,,,-3.60673,0.96071,1.85817,50,5.48911,-1.53401,-112.09595,0.41568,-4.63039,18.55743,-30.94066,MIA_RED,BAL_UNI,McKieFieldStad,TeamExclusive,Team,20251004-McKieFieldStad-Private-1,19d93f60-a157-11f0-9f0b-09fe507a42b3,76.23034,,,5.64492,,,,,,,6a89286b-1dc2-4afe-ba41-38a51ea46870,2025-10-04,19:19:50.56,2025-10-04T15:19:50.5600000-04:00,2025-10-04T19:19:50.5600000Z,,v3,471355,,,"Fixx, Mason",10305580,Right,BAL_UNI,4390db8a-9b30-4746-9e13-61a7c5126e10,54.9874,-112.91859,9.27872,5.44028,1.78727,-15.47033,1.92162,-1.32875,-2.3152,,,,,,,,,,,,,,,,,,,,,,,,,,,,,,,,,,,,,,,,,,,,,,,,,,,High,High,High,,,,,
381,2025-10-04,15:20:27.93,2,1,"Henderlich, Will",10270730,Right,BAL_UNI,"Proctor, Keenan",823047,Left,MIA_RED,Undefined,11,Bottom,0,0,0,Fastball,Changeup,StrikeCalled,Undefined,Undefined,Undefined,0,0,,84.40708,-0.988978,3.179627,1630.448404,143.923472,10:45,5.44962,-1.93401,5.81874,-29.31226,9.58871,-6.20024,2.08593,0.50857,78.29163,-6.396399,2.070099,0.448902,,,,,,,,,,,,3.93504,5.48091,1.67736,50,5.35106,-6.56449,-122.5897,-3.07603,6.06927,21.15931,-23.72047,MIA_RED,BAL_UNI,McKieFieldStad,TeamExclusive,Team,20251004-McKieFieldStad-Private-1,2fed1a60-a157-11f0-9f0b-09fe507a42b3,83.96582,,,6.11545,,,,,,,6a89286b-1dc2-4afe-ba41-38a51ea46870,2025-10-04,19:20:27.93,2025-10-04T15:20:27.9310000-04:00,2025-10-04T19:20:27.9310000Z,,v3,471355,,,"Fixx, Mason",10305580,Right,BAL_UNI,275cf825-4676-47ab-9d9d-7aa971315042,54.68014,-123.39486,10.57966,5.45094,-2.17342,-11.86023,1.93155,-6.79544,3.03464,,,,,,,,,,,,,,,,,,,,,,,,,,,,,,,,,,,,,,,,,,,,,,,,,,,High,High,High,,,,,
382,2025-10-04,15:20:44.95,2,2,"Henderlich, Will",10270730,Right,BAL_UNI,"Proctor, Keenan",823047,Left,MIA_RED,Undefined,11,Bottom,0,0,1,Slider,Curveball,InPlay,Undefined,GroundBall,Out,1,0,,75.97083,1.316716,1.629488,2383.684612,271.60752,3:00,5.55728,-1.97417,5.367,-47.73518,1.25496,5.03827,2.81465,-0.02605,70.31576,-7.37003,2.524882,0.503762,88.09843,-1.088631,38.07374,4145.371352,,,,40.61696,38.39975,37.704569,0.315375,-2.13504,0.66748,1.82421,50,5.64112,-3.32738,-110.35871,0.97782,-2.65374,18.19579,-31.34441,MIA_RED,BAL_UNI,McKieFieldStad,TeamExclusive,Team,20251004-McKieFieldStad-Private-1,3a13acc0-a157-11f0-9f0b-09fe507a42b3,74.82184,2.97059,,5.65507,,,,1.78374,2.97059,0.20299,6a89286b-1dc2-4afe-ba41-38a51ea46870,2025-10-04,19:20:44.95,2025-10-04T15:20:44.9540000-04:00,2025-10-04T19:20:44.9540000Z,GroundBall,v3,471355,,,"Fixx, Mason",10305580,Right,BAL_UNI,d2c1d6cb-7364-47fe-aee6-5d1601c3e5ed,55.13318,-111.20184,9.0979,5.56216,2.43022,-15.67221,1.97554,-3.20441,-1.32687,,1.78705,101.55889,-16.93393,,,,,,,2.97469,-2.62828,-21.61647,,,,,,,0.20258,79.68427,-4.94357,,,,,,,,,,,,,,,,,,,,,,,,,,,,,High,High,High,High,High,,,
383,2025-10-04,15:21:18.74,3,1,"Henderlich, Will",10270730,Right,BAL_UNI,"Vrlak, Jake",1000131822,Right,MIA_RED,Undefined,11,Bottom,1,0,0,Slider,Slider,StrikeCalled,Undefined,Undefined,Undefined,0,0,,75.60209,1.446124,1.332443,2232.314314,286.980483,3:30,5.52722,-2.00179,5.53149,-48.92522,-0.05571,4.44933,2.80255,-0.38528,70.37813,-7.463517,2.125888,0.503142,,,,,,,,,,,,-1.93406,0.04386,1.88305,50,5.61995,-2.72098,-109.91877,1.20196,-2.39985,16.8861,-32.11962,MIA_RED,BAL_UNI,McKieFieldStad,TeamExclusive,Team,20251004-McKieFieldStad-Private-1,4e4dbeb0-a157-11f0-9f0b-09fe507a42b3,74.91416,,,5.22396,,,,,,,6a89286b-1dc2-4afe-ba41-38a51ea46870,2025-10-04,19:21:18.74,2025-10-04T15:21:18.7420000-04:00,2025-10-04T19:21:18.7420000Z,,v3,471355,,,"Fixx, Mason",10305580,Right,BAL_UNI,40b6eab5-0ca2-4789-99f8-5581133de53d,54.96868,-110.67944,8.44305,5.53322,2.64886,-16.05981,2.00319,-2.61288,-1.19993,,,,,,,,,,,,,,,,,,,,,,,,,,,,,,,,,,,,,,,,,,,,,,,,,,,High,High,High,,,,,
384,2025-10-04,15:21:33.12,3,2,"Henderlich, Will",10270730,Right,BAL_UNI,"Vrlak, Jake",1000131822,Right,MIA_RED,Undefined,11,Bottom,1,0,1,Slider,Curveball,BallCalled,Undefined,Undefined,Undefined,0,0,,76.35881,0.130778,0.38774,2357.767972,281.438006,3:30,5.38693,-2.08922,5.54799,-47.92054,0.15543,5.9715,1.51576,-1.22926,70.91934,-8.594416,1.4547,0.49904,,,,,,,,,,,,-2.93134,0.45618,2.05159,50,5.36626,-0.97275,-111.02658,-1.2947,-3.68964,18.31838,-31.59985,MIA_RED,BAL_UNI,McKieFieldStad,TeamExclusive,Team,20251004-McKieFieldStad-Private-1,56ca71a0-a157-11f0-9f0b-09fe507a42b3,75.52988,,,5.43947,,,,,,,6a89286b-1dc2-4afe-ba41-38a51ea46870,2025-10-04,19:21:33.12,2025-10-04T15:21:33.1280000-04:00,2025-10-04T19:21:33.1280000Z,,v3,471355,,,"Fixx, Mason",10305580,Right,BAL_UNI,08070deb-e1d4-42c5-b441-055717ae183d,54.95193,-111.84062,9.15919,5.3926,0.10954,-15.79993,2.09118,-0.80879,-1.84482,,,,,,,,,,,,,,,,,,,,,,,,,,,,,,,,,,,,,,,,,,,,,,,,,,,High,High,High,,,,,
385,2025-10-04,15:21:51.11,3,3,"Henderlich, Will",10270730,Right,BAL_UNI,"Vrlak, Jake",1000131822,Right,MIA_RED,Undefined,11,Bottom,1,1,1,Slider,Curveball,StrikeCalled,Undefined,Undefined,Undefined,0,0,,74.35993,0.530045,1.445362,2103.086841,276.302309,3:15,5.58257,-1.88667,5.35889,-50.65621,0.57449,8.27918,1.85845,0.15896,68.9274,-8.66555,2.91791,0.515153,,,,,,,,,,,,-3.79547,0.58665,1.75067,50,5.59387,-3.0315,-108.02626,-0.63295,-4.51032,17.8244,-31.47692,MIA_RED,BAL_UNI,McKieFieldStad,TeamExclusive,Team,20251004-McKieFieldStad-Private-1,61a008b0-a157-11f0-9f0b-09fe507a42b3,73.16741,,,5.43253,,,,,,,6a89286b-1dc2-4afe-ba41-38a51ea46870,2025-10-04,19:21:51.11,2025-10-04T15:21:51.1170000-04:00,2025-10-04T19:21:51.1170000Z,,v3,471355,,,"Fixx, Mason",10305580,Right,BAL_UNI,3e21236e-1de0-49b2-9c45-8d58a65db4fb,55.14084,-108.87119,8.9122,5.58851,0.85917,-15.73846,1.8893,-2.8177,-2.25516,,,,,,,,,,,,,,,,,,,,,,,,,,,,,,,,,,,,,,,,,,,,,,,,,,,High,High,High,,,,,
386,2025-10-04,15:22:07.51,3,4,"Henderlich, Will",10270730,Right,BAL_UNI,"Vrlak, Jake",1000131822,Right,MIA_RED,Undefined,11,Bottom,1,1,2,Slider,Slider,StrikeSwinging,Strikeout,Undefined,Undefined,0,0,,76.80932,0.74384,1.981165,2377.829768,286.788971,3:30,5.56141,-2.06345,5.48053,-47.73184,-0.27567,5.10473,2.28018,0.21635,71.59452,-7.92631,2.890391,0.495813,,,,,,,,,,,,-2.10835,0.08102,1.88606,50,5.59395,-4.05426,-111.65677,-0.1204,-2.69878,17.47568,-32.07031,MIA_RED,BAL_UNI,McKieFieldStad,TeamExclusive,Team,20251004-McKieFieldStad-Private-1,6b551490-a157-11f0-9f0b-09fe507a42b3,76.02149,,,5.2148,,,,,,,6a89286b-1dc2-4afe-ba41-38a51ea46870,2025-10-04,19:22:07.51,2025-10-04T15:22:07.5110000-04:00,2025-10-04T19:22:07.5110000Z,,v3,471355,,,"Fixx, Mason",10305580,Right,BAL_UNI,1e1f24ed-7713-43b7-9b8c-caedab13ef32,55.01979,-112.43969,8.73784,5.56716,1.31636,-16.03516,2.06498,-3.93336,-1.34939,,,,,,,,,,,,,,,,,,,,,,,,,,,,,,,,,,,,,,,,,,,,,,,,,,,High,High,High,,,,,
387,2025-10-04,15:22:31.90,4,1,"Henderlich, Will",10270730,Right,BAL_UNI,"Cruz, Diego",1000178634,Left,MIA_RED,Undefined,11,Bottom,2,0,0,Slider,Curveball,StrikeCalled,Undefined,Undefined,Undefined,0,0,,74.93222,1.342299,1.472542,2166.354146,307.068103,4:15,5.52739,-1.99872,5.30326,-53.16448,-2.46898,5.26922,2.35774,-0.17698,69.17941,-8.306771,2.408578,0.512455,,,,,,,,,,,,-2.24602,-1.13642,1.86101,50,5.61049,-2.99655,-108.80049,0.79108,-2.70104,18.50634,-33.54068,MIA_RED,BAL_UNI,McKieFieldStad,TeamExclusive,Team,20251004-McKieFieldStad-Private-1,79cc1550-a157-11f0-9f0b-09fe507a42b3,73.55261,,,5.75281,,,,,,,6a89286b-1dc2-4afe-ba41-38a51ea46870,2025-10-04,19:22:31.90,2025-10-04T15:22:31.9090000-04:00,2025-10-04T19:22:31.9090000Z,,v3,471355,,,"Fixx, Mason",10305580,Right,BAL_UNI,afd28ee1-7bf1-453f-9a3d-1c379cf79564,55.19631,-109.68079,9.25317,5.53492,2.38653,-16.77034,2.0005,-2.86807,-1.35052,,,,,,,,,,,,,,,,,,,,,,,,,,,,,,,,,,,,,,,,,,,,,,,,,,,High,High,High,,,,,
388,2025-10-04,15:22:46.51,4,2,"Henderlich, Will",10270730,Right,BAL_UNI,"Cruz, Diego",1000178634,Left,MIA_RED,Undefined,11,Bottom,2,0,1,Slider,Curveball,InPlay,Undefined,GroundBall,Single,0,0,,76.27494,0.511547,3.057208,2297.712359,289.081122,3:45,5.52099,-1.91941,5.62797,-48.33408,-0.56362,5.14477,1.97115,1.36463,71.41988,-8.266077,3.974691,0.497452,68.45692,-2.033529,1.11599,2020.799436,,,,25.04499,25.04499,-1.63801,0.238724,-1.9361,-0.09098,1.65542,50,5.5329,-6.10447,-110.86914,-0.53968,-2.45068,16.67214,-32.28922,MIA_RED,BAL_UNI,McKieFieldStad,TeamExclusive,Team,20251004-McKieFieldStad-Private-1,8295afc0-a157-11f0-9f0b-09fe507a42b3,75.77101,2.1671,,4.85505,,,,1.62841,2.1671,-1.42106,6a89286b-1dc2-4afe-ba41-38a51ea46870,2025-10-04,19:22:46.51,2025-10-04T15:22:46.5110000-04:00,2025-10-04T19:22:46.5110000Z,GroundBall,v3,471355,,,"Fixx, Mason",10305580,Right,BAL_UNI,38349b66-80bc-4622-9751-8f424def0d1c,54.87381,-111.59964,8.33607,5.52555,0.87509,-16.14461,1.92054,-5.99709,-1.22534,330.05715,1.62825,100.32975,-9.55303,,,,,,,2.16845,-3.63727,-22.83715,,,,,,,-1.42151,1.97915,4.09852,,,,,,,,,,,,,,,,,,,,,,,,,,,,,High,High,High,High,High,,,
389,2025-10-04,15:23:18.23,5,1,"Henderlich, Will",10270730,Right,BAL_UNI,"Phillips, Drew",1000194003,Right,MIA_RED,Undefined,11,Bottom,2,0,0,Slider,Slider,StrikeCalled,Undefined,Undefined,Undefined,0,0,,75.15881,1.410187,0.742661,2204.683925,279.432069,3:15,5.42573,-2.07688,5.57384,-49.39865,0.25102,7.02217,2.62669,-0.798,69.57705,-7.611059,1.996321,0.507142,,,,,,,,,,,,-3.36162,0.21732,2.00826,50,5.51466,-1.67464,-109.2313,1.12097,-4.09271,17.85534,-31.90948,MIA_RED,BAL_UNI,McKieFieldStad,TeamExclusive,Team,20251004-McKieFieldStad-Private-1,9572a2b0-a157-11f0-9f0b-09fe507a42b3,74.32324,,,5.58176,,,,,,,6a89286b-1dc2-4afe-ba41-38a51ea46870,2025-10-04,19:23:18.23,2025-10-04T15:23:18.2380000-04:00,2025-10-04T19:23:18.2380000Z,,v3,471355,,,"Fixx, Mason",10305580,Right,BAL_UNI,9009ee17-b8ee-469e-9d5e-631ef90e0c4b,54.92558,-110.03351,8.92767,5.43209,2.5546,-15.95474,2.07937,-1.49076,-2.04635,,,,,,,,,,,,,,,,,,,,,,,,,,,,,73.58343,1.696617,0.830259,0.866357,-1.98397,2.15332,0.67708,-2.16168,6.28874,-4.18677,63.25779,3.89791,-61.51793,-2.14361,79.44083,-4.57707,6.29992,8.37027,-12.87283,-4.21599,-71.79789,6.55648,High,High,High,,,High,High,High
390,2025-10-04,15:23:50.92,5,2,"Henderlich, Will",10270730,Right,BAL_UNI,"Phillips, Drew",1000194003,Right,MIA_RED,Undefined,11,Bottom,2,0,1,Slider,Slider,BallCalled,Undefined,Undefined,Undefined,0,0,,76.40978,-0.303785,0.10715,2334.656081,283.155761,3:30,5.56777,-1.95696,5.40085,-48.83424,0.09039,6.42764,1.21359,-1.32092,70.14301,-9.196409,1.253119,0.503425,,,,,,,,,,,,-3.20654,0.60252,1.94275,50,5.50649,-0.4533,-110.91612,-2.19836,-3.97257,20.85821,-31.42761,MIA_RED,BAL_UNI,McKieFieldStad,TeamExclusive,Team,20251004-McKieFieldStad-Private-1,a90af660-a157-11f0-9f0b-09fe507a42b3,74.87194,,,6.26677,,,,,,,6a89286b-1dc2-4afe-ba41-38a51ea46870,2025-10-04,19:23:50.92,2025-10-04T15:23:50.9210000-04:00,2025-10-04T19:23:50.9210000Z,,v3,471355,,,"Fixx, Mason",10305580,Right,BAL_UNI,e7719b81-48e0-4e44-80a9-6103d950ebe1,55.09733,-111.87059,10.4291,5.57418,-0.76024,-15.71381,1.95933,-0.27152,-1.98628,,,,,,,,,,,,,,,,,,,,,,,,,,,,,,,,,,,,,,,,,,,,,,,,,,,High,High,High,,,,,
391,2025-10-04,15:24:06.28,5,3,"Henderlich, Will",10270730,Right,BAL_UNI,"Phillips, Drew",1000194003,Right,MIA_RED,Undefined,11,Bottom,2,1,1,Slider,Slider,BallCalled,Undefined,Undefined,Undefined,0,0,,75.48357,0.075449,1.461385,2256.813062,275.436263,3:15,5.57535,-2.10216,5.40351,-49.34739,1.00543,7.22426,1.53378,-0.13054,69.02279,-8.927169,2.747755,0.510721,,,,,,,,,,,,-3.1939,0.96992,1.96674,50,5.5476,-3.06663,-109.48915,-1.45427,-3.84011,21.0511,-31.00788,MIA_RED,BAL_UNI,McKieFieldStad,TeamExclusive,Team,20251004-McKieFieldStad-Private-1,b21ac190-a157-11f0-9f0b-09fe507a42b3,73.80247,,,6.46078,,,,,,,6a89286b-1dc2-4afe-ba41-38a51ea46870,2025-10-04,19:24:06.28,2025-10-04T15:24:06.2850000-04:00,2025-10-04T19:24:06.2850000Z,,v3,471355,,,"Fixx, Mason",10305580,Right,BAL_UNI,f2c6ef52-902a-491b-9864-6bbce43de186,55.09412,-110.46424,10.52555,5.5817,-0.01799,-15.50394,2.10467,-2.88876,-1.92006,,,,,,,,,,,,,,,,,,,,,,,,,,,,,,,,,,,,,,,,,,,,,,,,,,,High,High,High,,,,,
392,2025-10-04,15:24:22.25,5,4,"Henderlich, Will",10270730,Right,BAL_UNI,"Phillips, Drew",1000194003,Right,MIA_RED,Undefined,11,Bottom,2,2,1,Slider,Slider,StrikeCalled,Undefined,Undefined,Undefined,0,0,,76.11612,0.478606,1.207916,2268.600025,281.368984,3:30,5.52887,-2.06407,5.30776,-48.83444,0.49504,5.25079,1.9087,-0.49251,69.98043,-8.40552,2.141253,0.505504,,,,,,,,,,,,-2.28709,0.59598,1.95054,50,5.53692,-2.53295,-110.47973,-0.70534,-2.82253,19.95719,-31.43855,MIA_RED,BAL_UNI,McKieFieldStad,TeamExclusive,Team,20251004-McKieFieldStad-Private-1,bbb6c730-a157-11f0-9f0b-09fe507a42b3,74.56406,,,6.13569,,,,,,,6a89286b-1dc2-4afe-ba41-38a51ea46870,2025-10-04,19:24:22.25,2025-10-04T15:24:22.2500000-04:00,2025-10-04T19:24:22.2500000Z,,v3,471355,,,"Fixx, Mason",10305580,Right,BAL_UNI,d4b7c9f5-6e6d-40e9-8a20-54d13e60448f,55.19023,-111.41336,9.9786,5.53552,0.76539,-15.71928,2.06594,-2.40091,-1.41126,,,,,,,,,,,,,,,,,,,,,,,,,,,,,,,,,,,,,,,,,,,,,,,,,,,High,High,High,,,,,
393,2025-10-04,15:24:36.93,5,5,"Henderlich, Will",10270730,Right,BAL_UNI,"Phillips, Drew",1000194003,Right,MIA_RED,Undefined,11,Bottom,2,2,2,Fastball,Changeup,BallCalled,Undefined,Undefined,Undefined,0,0,,85.09271,0.644225,3.157719,1718.985503,149.166629,11:00,5.46971,-2.08419,6.10221,-26.39423,11.79225,-6.35115,3.8669,0.30975,78.01265,-4.30179,2.016126,0.44476,,,,,,,,,,,,4.09067,6.27355,1.84439,50,5.5054,-6.56084,-123.51341,0.58868,6.34803,23.54968,-22.43858,MIA_RED,BAL_UNI,McKieFieldStad,TeamExclusive,Team,20251004-McKieFieldStad-Private-1,c4524cc0-a157-11f0-9f0b-09fe507a42b3,84.74772,,,7.08006,,,,,,,6a89286b-1dc2-4afe-ba41-38a51ea46870,2025-10-04,19:24:36.93,2025-10-04T15:24:36.9350000-04:00,2025-10-04T19:24:36.9350000Z,,v3,471355,,,"Fixx, Mason",10305580,Right,BAL_UNI,2c71f847-8bec-40e8-8fcf-d4749b69fe98,54.39417,-124.3484,11.77484,5.47043,1.38427,-11.21929,2.081,-6.78592,3.17402,,,,,,,,,,,,,,,,,,,,,,,,,,,,,,,,,,,,,,,,,,,,,,,,,,,High,High,High,,,,,
394,2025-10-04,15:24:51.34,5,6,"Henderlich, Will",10270730,Right,BAL_UNI,"Phillips, Drew",1000194003,Right,MIA_RED,Undefined,11,Bottom,2,3,2,Slider,Slider,BallCalled,Walk,Undefined,Undefined,0,0,,77.8318,0.880402,0.050015,2266.501876,283.710725,3:30,5.57952,-2.08357,5.37797,-46.18235,0.47264,3.60189,2.55638,-1.73653,71.96032,-7.52759,0.691086,0.49161,,,,,,,,,,,,-1.79402,0.44618,2.07648,50,5.6256,-0.23985,-113.0974,0.17462,-2.34042,19.23449,-31.59199,MIA_RED,BAL_UNI,McKieFieldStad,TeamExclusive,Team,20251004-McKieFieldStad-Private-1,ccece7f0-a157-11f0-9f0b-09fe507a42b3,76.67146,,,5.87148,,,,,,,6a89286b-1dc2-4afe-ba41-38a51ea46870,2025-10-04,19:24:51.34,2025-10-04T15:24:51.3490000-04:00,2025-10-04T19:24:51.3490000Z,,v3,471355,,,"Fixx, Mason",10305580,Right,BAL_UNI,b9232106-cdc5-4c72-8a19-a3f79819200c,55.12088,-113.96498,9.61724,5.58559,1.5996,-15.796,2.08492,-0.13428,-1.17021,,,,,,,,,,,,,,,,,,,,,,,,,,,,,,,,,,,,,,,,,,,,,,,,,,,High,High,High,,,,,
395,2025-10-04,15:25:15.00,6,1,"Henderlich, Will",10270730,Right,BAL_UNI,"Roa Calcano, Christopher",1000375139,Left,MIA_RED,Undefined,11,Bottom,2,0,0,Slider,Slider,BallCalled,Undefined,Undefined,Undefined,0,0,,75.55159,1.372211,0.273358,2277.048169,287.775612,3:30,5.61653,-2.05346,5.39431,-48.77416,0.98591,1.67681,2.83824,-1.65755,69.48306,-7.529886,0.571795,0.507705,,,,,,,,,,,,-0.76413,0.6252,2.02787,50,5.70485,-0.58783,-109.69493,1.02896,-0.93286,19.05951,-31.41081,MIA_RED,BAL_UNI,McKieFieldStad,TeamExclusive,Team,20251004-McKieFieldStad-Private-1,db06ad80-a157-11f0-9f0b-09fe507a42b3,74.24076,,,6.06853,,,,,,,6a89286b-1dc2-4afe-ba41-38a51ea46870,2025-10-04,19:25:15.00,2025-10-04T15:25:15.0060000-04:00,2025-10-04T19:25:15.0060000Z,,v3,471355,,,"Fixx, Mason",10305580,Right,BAL_UNI,70365346-66ba-4e9a-ab9e-daf02f12c657,55.10334,-110.57808,9.52976,5.62345,2.48443,-15.7054,2.05411,-0.54461,-0.46643,,,,,,,,,,,,,,,,,,,,,,,,,,,,,,,,,,,,,,,,,,,,,,,,,,,High,High,High,,,,,
396,2025-10-04,15:25:32.65,6,2,"Henderlich, Will",10270730,Right,BAL_UNI,"Roa Calcano, Christopher",1000375139,Left,MIA_RED,Undefined,11,Bottom,2,1,0,Slider,Curveball,BallCalled,Undefined,Undefined,Undefined,0,0,,75.84872,2.307995,0.975261,2082.512604,268.856463,3:00,5.59364,-1.79912,5.46853,-47.96798,1.69772,3.26272,3.75774,-0.61444,69.07761,-6.495922,1.556058,0.507224,,,,,,,,,,,,-1.34323,0.71409,1.71113,50,5.7643,-1.99857,-109.96616,2.87647,-1.63531,20.55091,-31.30471,MIA_RED,BAL_UNI,McKieFieldStad,TeamExclusive,Team,20251004-McKieFieldStad-Private-1,e5a5cb40-a157-11f0-9f0b-09fe507a42b3,74.31125,,,6.77111,,,,,,,6a89286b-1dc2-4afe-ba41-38a51ea46870,2025-10-04,19:25:32.65,2025-10-04T15:25:32.6570000-04:00,2025-10-04T19:25:32.6570000Z,,v3,471355,,,"Fixx, Mason",10305580,Right,BAL_UNI,42ea2756-49d5-4102-973a-8df31bb83d5d,55.02756,-110.90175,10.27546,5.60091,4.30163,-15.65236,1.80042,-1.92412,-0.81765,,,,,,,,,,,,,,,,,,,,,,,,,,,,,,,,,,,,,,,,,,,,,,,,,,,High,High,High,,,,,
397,2025-10-04,15:25:48.92,6,3,"Henderlich, Will",10270730,Right,BAL_UNI,"Roa Calcano, Christopher",1000375139,Left,MIA_RED,Undefined,11,Bottom,2,2,0,Fastball,Changeup,BallCalled,Undefined,Undefined,Undefined,0,0,,85.27407,-2.655801,2.867485,1779.755237,137.76493,10:30,5.488,-1.9166,5.98426,-26.08407,12.22674,-10.008,0.84794,-0.09064,78.40514,-7.507496,1.068927,0.445484,,,,,,,,,,,,5.94445,7.3767,1.69572,50,5.26354,-5.80287,-123.68051,-6.55456,9.22761,24.17101,-20.72319,MIA_RED,BAL_UNI,McKieFieldStad,TeamExclusive,Team,20251004-McKieFieldStad-Private-1,ef5a13d0-a157-11f0-9f0b-09fe507a42b3,84.6101,,,6.86893,,,,,,,6a89286b-1dc2-4afe-ba41-38a51ea46870,2025-10-04,19:25:48.92,2025-10-04T15:25:48.9280000-04:00,2025-10-04T19:25:48.9280000Z,,v3,471355,,,"Fixx, Mason",10305580,Right,BAL_UNI,b70dd384-44c7-44e8-a446-be4326f76aee,54.51408,-124.55957,12.08551,5.48822,-5.80089,-10.36159,1.91286,-6.13846,4.61381,,,,,,,,,,,,,,,,,,,,,,,,,,,,,,,,,,,,,,,,,,,,,,,,,,,High,High,High,,,,,
398,2025-10-04,15:26:06.50,6,4,"Henderlich, Will",10270730,Right,BAL_UNI,"Roa Calcano, Christopher",1000375139,Left,MIA_RED,Undefined,11,Bottom,2,3,0,Fastball,Changeup,StrikeCalled,Undefined,Undefined,Undefined,0,0,,84.40838,-0.826964,2.160411,1717.190531,138.32435,10:30,5.51591,-2.01204,5.91259,-26.72978,12.30158,-9.89221,2.52032,-0.83036,77.56138,-5.810796,0.384713,0.449654,,,,,,,,,,,,5.61827,6.89508,1.84427,50,5.43432,-4.22689,-122.59137,-2.60562,8.58826,23.21779,-21.63399,MIA_RED,BAL_UNI,McKieFieldStad,TeamExclusive,Team,20251004-McKieFieldStad-Private-1,f9c96f00-a157-11f0-9f0b-09fe507a42b3,83.82547,,,6.84699,,,,,,,6a89286b-1dc2-4afe-ba41-38a51ea46870,2025-10-04,19:26:06.50,2025-10-04T15:26:06.5040000-04:00,2025-10-04T19:26:06.5040000Z,,v3,471355,,,"Fixx, Mason",10305580,Right,BAL_UNI,796e4796-e27d-4991-b80f-b9e2dca633c8,54.58435,-123.45656,11.6089,5.5164,-1.79946,-10.81699,2.00774,-4.54692,4.29413,,,,,,,,,,,,,,,,,,,,,,,,,,,,,,,,,,,,,,,,,,,,,,,,,,,High,High,High,,,,,
399,2025-10-04,15:26:22.24,6,5,"Henderlich, Will",10270730,Right,BAL_UNI,"Roa Calcano, Christopher",1000375139,Left,MIA_RED,Undefined,11,Bottom,2,3,1,Slider,Curveball,BallCalled,Walk,Undefined,Undefined,0,1,,75.46522,2.72052,-1.066054,2064.648631,269.510995,3:00,5.59097,-1.87224,5.30731,-48.77806,1.69536,4.80051,4.08216,-2.47299,68.68862,-6.207961,-0.214204,0.511332,,,,,,,,,,,,-2.69366,0.60307,1.96543,50,5.80298,1.84576,-109.35324,3.58543,-3.24628,20.1354,-31.44727,MIA_RED,BAL_UNI,McKieFieldStad,TeamExclusive,Team,20251004-McKieFieldStad-Private-1,0320a370-a158-11f0-9f0b-09fe507a42b3,73.71426,,,6.77659,,,,,,,6a89286b-1dc2-4afe-ba41-38a51ea46870,2025-10-04,19:26:22.24,2025-10-04T15:26:22.2490000-04:00,2025-10-04T19:26:22.2490000Z,,v3,471355,,,"Fixx, Mason",10305580,Right,BAL_UNI,1f156ee5-ce16-40cd-9cc7-5651eb86c9bd,55.18878,-110.30452,10.0677,5.59849,5.07114,-15.72364,1.87461,1.99913,-1.62314,,,,,,,,,,,,,,,,,,,,,,,,,,,,,,,,,,,,,,,,,,,,,,,,,,,High,High,High,,,,,
400,2025-10-04,15:26:47.87,7,1,"Henderlich, Will",10270730,Right,BAL_UNI,"Gonzalez Rivera, Ignacio",10124440,Right,MIA_RED,Undefined,11,Bottom,2,0,0,Fastball,Changeup,FoulBallNotFieldable,Undefined,Undefined,Undefined,0,0,,83.41683,-0.601454,3.087609,1775.065908,146.90938,11:00,5.47588,-1.98284,5.93397,-28.01683,11.6869,-6.88536,2.58233,0.31062,77.182,-5.802428,1.85298,0.45351,,,,,,,,,,,,4.31862,6.49307,1.74025,50,5.41181,-6.27519,-121.18267,-2.14352,6.49499,21.15688,-22.40876,MIA_RED,BAL_UNI,McKieFieldStad,TeamExclusive,Team,20251004-McKieFieldStad-Private-1,125d3e20-a158-11f0-9f0b-09fe507a42b3,83.11269,,,6.23483,,,,,,,6a89286b-1dc2-4afe-ba41-38a51ea46870,2025-10-04,19:26:47.87,2025-10-04T15:26:47.8750000-04:00,2025-10-04T19:26:47.8750000Z,,v3,471355,,,"Fixx, Mason",10305580,Right,BAL_UNI,82be4083-7946-451d-b8c8-f0d614cfdf71,54.56553,-121.97715,10.57844,5.4765,-1.30204,-11.20438,1.98048,-6.51908,3.2475,,,,,,,,,,,,,,,,,,,,,,,,,,,,,,,,,,,,,,,,,,,,,,,,,,,High,High,High,,,,,
401,2025-10-04,15:27:07.99,7,2,"Henderlich, Will",10270730,Right,BAL_UNI,"Gonzalez Rivera, Ignacio",10124440,Right,MIA_RED,Undefined,11,Bottom,2,0,1,Slider,Slider,StrikeCalled,Undefined,Undefined,Undefined,0,0,,75.85781,0.603073,0.423897,2215.119103,271.670367,3:00,5.59683,-1.88826,5.33787,-48.10223,1.24496,7.94579,2.15411,-0.82844,70.04069,-8.148359,1.837276,0.505595,,,,,,,,,,,,-3.87351,0.92083,1.84414,50,5.61665,-1.1192,-110.19197,-0.42842,-4.77986,18.91494,-31.03776,MIA_RED,BAL_UNI,McKieFieldStad,TeamExclusive,Team,20251004-McKieFieldStad-Private-1,1e980a80-a158-11f0-9f0b-09fe507a42b3,74.55068,,,5.81712,,,,,,,6a89286b-1dc2-4afe-ba41-38a51ea46870,2025-10-04,19:27:07.99,2025-10-04T15:27:07.9900000-04:00,2025-10-04T19:27:07.9900000Z,,v3,471355,,,"Fixx, Mason",10305580,Right,BAL_UNI,41b7c8aa-ae88-49cc-9e39-7023afc12fd3,55.16091,-111.07433,9.45747,5.60286,1.01946,-15.51888,1.89115,-0.89623,-2.38993,,,,,,,,,,,,,,,,,,,,,,,,,,,,,,,,,,,,,,,,,,,,,,,,,,,High,High,High,,,,,
402,2025-10-04,15:27:23.90,7,3,"Henderlich, Will",10270730,Right,BAL_UNI,"Gonzalez Rivera, Ignacio",10124440,Right,MIA_RED,Undefined,11,Bottom,2,0,2,Slider,Slider,BallCalled,Undefined,Undefined,Undefined,0,0,,76.37482,1.722928,-1.111084,2198.316864,258.012908,2:30,5.62203,-1.95092,5.44901,-45.39695,2.83681,6.95784,3.45274,-2.41142,70.6394,-6.568778,0.127677,0.499858,,,,,,,,,,,,-3.77299,1.44158,2.04409,50,5.74284,1.88652,-110.95957,1.85711,-4.75268,17.92338,-30.35813,MIA_RED,BAL_UNI,McKieFieldStad,TeamExclusive,Team,20251004-McKieFieldStad-Private-1,27ee0670-a158-11f0-9f0b-09fe507a42b3,75.40623,,,5.73542,,,,,,,6a89286b-1dc2-4afe-ba41-38a51ea46870,2025-10-04,19:27:23.90,2025-10-04T15:27:23.9070000-04:00,2025-10-04T19:27:23.9070000Z,,v3,471355,,,"Fixx, Mason",10305580,Right,BAL_UNI,65d811ff-50d9-4e76-86d7-4897fe67d86e,55.0498,-111.77229,8.96169,5.62742,3.23367,-15.17907,1.95366,2.10202,-2.37634,,,,,,,,,,,,,,,,,,,,,,,,,,,,,,,,,,,,,,,,,,,,,,,,,,,High,High,High,,,,,
403,2025-10-04,15:27:41.24,7,4,"Henderlich, Will",10270730,Right,BAL_UNI,"Gonzalez Rivera, Ignacio",10124440,Right,MIA_RED,Undefined,11,Bottom,2,1,2,Fastball,Changeup,StrikeCalled,Strikeout,Undefined,Undefined,0,0,,85.397,0.149021,1.682162,1597.440484,134.835738,10:30,5.46062,-2.0811,5.84492,-29.43852,8.81508,-7.69024,3.14595,-1.1583,78.32263,-5.319166,0.303254,0.445151,,,,,,,,,,,,4.36961,4.83244,1.94868,50,5.45553,-3.32795,-124.05112,-0.64513,6.82927,24.12349,-24.6214,MIA_RED,BAL_UNI,McKieFieldStad,TeamExclusive,Team,20251004-McKieFieldStad-Private-1,3215aa40-a158-11f0-9f0b-09fe507a42b3,84.67332,,,7.07437,,,,,,,6a89286b-1dc2-4afe-ba41-38a51ea46870,2025-10-04,19:27:41.24,2025-10-04T15:27:41.2420000-04:00,2025-10-04T19:27:41.2420000Z,,v3,471355,,,"Fixx, Mason",10305580,Right,BAL_UNI,60c762b1-80da-4875-ae95-ce9626e7e1aa,54.65219,-124.95253,12.06174,5.46244,0.27489,-12.3107,2.0778,-3.58313,3.41463,,,,,,,,,,,,,,,,,,,,,,,,,,,,,,,,,,,,,,,,,,,,,,,,,,,High,High,High,,,,,
404,2025-10-04,15:30:45.80,1,1,"Fulk, Landon",824476,Right,MIA_RED,"Kellicker, Nolan",1000224606,Left,BAL_UNI,Undefined,12,Top,0,0,0,Fastball,Four-Seam,BallCalled,Undefined,Undefined,Undefined,0,0,,91.54586,-0.132517,-2.488386,2531.4223,231.27688,1:45,4.99837,1.67403,5.52453,-22.80198,10.58682,12.05213,2.9742,0.35057,84.61808,-4.347361,-0.341972,0.415884,82.94795,-27.075478,69.765672,,,,,4.79086,1.60431,75.500832,0.049579,-6.69252,5.67205,-1.46585,50,4.97158,5.24118,-133.01919,-1.1354,-12.15531,24.87221,-21.87219,MIA_RED,BAL_UNI,McKieFieldStad,TeamExclusive,Team,20251004-McKieFieldStad-Private-1,a00ff640-a158-11f0-9f0b-09fe507a42b3,90.63218,2.75307,,6.92778,,,,-0.66322,2.75307,-0.41501,6a89286b-1dc2-4afe-ba41-38a51ea46870,2025-10-04,19:30:45.80,2025-10-04T15:30:45.8030000-04:00,2025-10-04T19:30:45.8030000Z,GroundBall,v3,471355,,,"Buffington, Matthew",825106,Right,MIA_RED,510b6977-3874-4815-b449-943ff55097c8,54.97481,-133.94616,12.43611,4.99871,-0.32024,-10.9361,-1.66963,5.6942,-6.07765,180,-0.66406,37.57014,,,,,,,,2.75431,-55.52912,,,,,,,,-0.41729,101.92415,,,,,,,,,,,,,,,,,,,,,,,,,,,,,,High,High,High,Low,Low,,,
405,2025-10-04,15:31:05.33,1,2,"Fulk, Landon",824476,Right,MIA_RED,"Kellicker, Nolan",1000224606,Left,BAL_UNI,Undefined,12,Top,0,1,0,Fastball,Four-Seam,StrikeCalled,Undefined,Undefined,Undefined,0,0,,92.07418,-0.487227,-4.072067,2580.830391,223.074967,1:30,4.9929,1.61191,5.6961,-19.63379,13.59635,11.74308,2.90155,-1.21059,84.17674,-4.167147,-1.979795,0.414894,,,,,,,,,,,,-7.02776,7.34658,-1.27679,50,4.9397,8.96782,-133.43881,-1.79737,-12.71319,27.82492,-18.88414,MIA_RED,BAL_UNI,McKieFieldStad,TeamExclusive,Team,20251004-McKieFieldStad-Private-1,abc4a2b0-a158-11f0-9f0b-09fe507a42b3,90.84828,,,7.89744,,,,,,,6a89286b-1dc2-4afe-ba41-38a51ea46870,2025-10-04,19:31:05.33,2025-10-04T15:31:05.3360000-04:00,2025-10-04T19:31:05.3360000Z,,v3,471355,,,"Buffington, Matthew",825106,Right,MIA_RED,467a270f-4585-4fd8-9754-eeca1516f054,54.8009,-134.43618,13.91246,4.99199,-1.12049,-9.44207,-1.60641,9.42352,-6.35659,,,,,,,,,,,,,,,,,,,,,,,,,,,,,,,,,,,,,,,,,,,,,,,,,,,High,High,High,,,,,
406,2025-10-04,15:31:23.86,1,3,"Fulk, Landon",824476,Right,MIA_RED,"Kellicker, Nolan",1000224606,Left,BAL_UNI,Undefined,12,Top,0,1,1,Slider,Slider,StrikeSwinging,Undefined,Undefined,Undefined,0,0,,79.53407,1.138034,-1.827972,2513.382007,78.887393,8:45,4.76805,1.8999,4.87077,-46.18034,-0.21776,-8.42095,1.99729,-0.53222,72.94094,-7.205257,-3.310254,0.487948,,,,,,,,,,,,3.64063,-0.00051,-1.71254,50,4.84086,4.03697,-115.3217,0.58804,4.89768,21.65135,-32.17474,MIA_RED,BAL_UNI,McKieFieldStad,TeamExclusive,Team,20251004-McKieFieldStad-Private-1,b6efd3d0-a158-11f0-9f0b-09fe507a42b3,77.24681,,,6.59313,,,,,,,6a89286b-1dc2-4afe-ba41-38a51ea46870,2025-10-04,19:31:23.86,2025-10-04T15:31:23.8670000-04:00,2025-10-04T19:31:23.8670000Z,,v3,471355,,,"Buffington, Matthew",825106,Right,MIA_RED,4d1b7546-28fc-4c2a-9236-0a4f24917309,55.62759,-116.37347,10.82567,4.77433,2.15101,-16.08737,-1.90286,3.79905,2.44884,,,,,,,,,,,,,,,,,,,,,,,,,,,,,,,,,,,,,,,,,,,,,,,,,,,High,High,High,,,,,
407,2025-10-04,15:31:44.64,1,4,"Fulk, Landon",824476,Right,MIA_RED,"Kellicker, Nolan",1000224606,Left,BAL_UNI,Undefined,12,Top,0,1,2,Fastball,Four-Seam,StrikeCalled,Strikeout,Undefined,Undefined,0,0,,91.73788,-1.423827,-2.44374,2555.179742,224.975982,1:30,4.97562,1.60936,5.4068,-19.72407,13.9841,12.9367,1.99643,0.39641,84.13264,-5.095791,-0.144358,0.417868,,,,,,,,,,,,-7.14327,7.72331,-1.40106,50,4.83518,5.08407,-133.10629,-4.00786,-12.87552,27.31615,-18.25302,MIA_RED,BAL_UNI,McKieFieldStad,TeamExclusive,Team,20251004-McKieFieldStad-Private-1,c334b250-a158-11f0-9f0b-09fe507a42b3,90.20179,,,7.60525,,,,,,,6a89286b-1dc2-4afe-ba41-38a51ea46870,2025-10-04,19:31:44.64,2025-10-04T15:31:44.6400000-04:00,2025-10-04T19:31:44.6400000Z,,v3,471355,,,"Buffington, Matthew",825106,Right,MIA_RED,fc7c9192-90cb-4736-848d-3835d732fd04,55.09105,-134.14701,13.65807,4.97463,-3.31244,-9.12651,-1.6041,5.57462,-6.43776,,,,,,,,,,,,,,,,,,,,,,,,,,,,,58.37371,2.365133,1.131418,1.233716,-1.26763,1.75209,-0.39235,-6.23283,3.76127,2.65953,70.67348,8.30478,54.10354,-6.13781,68.92265,-5.3903,3.85149,22.66897,-15.43686,2.66593,43.48041,-1.44812,High,High,High,,,High,High,High
408,2025-10-04,15:32:13.14,2,1,"Fulk, Landon",824476,Right,MIA_RED,"Druschel, Jace",1000401455,Right,BAL_UNI,Undefined,12,Top,1,0,0,Fastball,Four-Seam,FoulBallNotFieldable,Undefined,Undefined,Undefined,0,0,,91.33021,0.27357,-3.147115,2488.050653,221.204977,1:15,4.95719,1.52237,5.60064,-20.35623,13.76052,11.0476,3.51662,-0.49794,82.78935,-3.554145,-1.179311,0.420393,72.34416,44.369166,145.834564,5582.838947,,,,,42.39479,,,-6.52347,7.21965,-1.26004,50,4.9677,6.7801,-132.36908,-0.05342,-11.50475,29.83755,-19.44151,MIA_RED,BAL_UNI,McKieFieldStad,TeamExclusive,Team,20251004-McKieFieldStad-Private-1,d45f1340-a158-11f0-9f0b-09fe507a42b3,89.66002,37.00748,,8.54086,,,,0.08324,3.43886,0.64476,6a89286b-1dc2-4afe-ba41-38a51ea46870,2025-10-04,19:32:13.14,2025-10-04T15:32:13.1410000-04:00,2025-10-04T19:32:13.1410000Z,,v3,471355,,,"Buffington, Matthew",825106,Right,MIA_RED,ae50fc9d-6d3d-4be2-bdbd-32050d2c8099,54.8961,-133.46816,14.91877,4.95648,0.66272,-9.72075,-1.51759,7.20388,-5.75238,,0.08324,-62.75876,0.75089,2.24926,-0.84077,0.27106,-0.07086,0.01722,-0.00268,3.43886,74.19669,-32.27699,5.34792,-1.23444,0.26648,-0.05416,0.01193,-0.00178,0.64476,42.59548,-12.72811,1.85329,-0.28583,0.00783,0.00757,-0.00389,0.00112,,,,,,,,,,,,,,,,,,,,,,,High,High,High,High,Undefined,,,
409,2025-10-04,15:32:33.09,2,2,"Fulk, Landon",824476,Right,MIA_RED,"Druschel, Jace",1000401455,Right,BAL_UNI,Undefined,12,Top,1,0,1,Slider,Slider,StrikeCalled,Undefined,Undefined,Undefined,0,0,,79.19615,1.57522,-1.380375,2590.13028,69.198507,8:15,4.7796,1.81834,4.85011,-48.87424,-1.85425,-9.27209,2.19873,-0.26131,71.65104,-7.284366,-3.012619,0.493529,,,,,,,,,,,,4.09815,-0.89654,-1.67376,50,4.89375,3.16286,-114.64428,1.34105,5.3732,24.1327,-33.34951,MIA_RED,BAL_UNI,McKieFieldStad,TeamExclusive,Team,20251004-McKieFieldStad-Private-1,e02a54f0-a158-11f0-9f0b-09fe507a42b3,76.37331,,,7.54511,,,,,,,6a89286b-1dc2-4afe-ba41-38a51ea46870,2025-10-04,19:32:33.09,2025-10-04T15:32:33.0930000-04:00,2025-10-04T19:32:33.0930000Z,,v3,471355,,,"Buffington, Matthew",825106,Right,MIA_RED,809c86fd-f8d1-4f18-82a1-903be90b5c8e,55.64594,-115.82665,12.06635,4.78802,2.975,-16.67476,-1.82228,2.89961,2.6866,,,,,,,,,,,,,,,,,,,,,,,,,,,,,,,,,,,,,,,,,,,,,,,,,,,High,High,High,,,,,
410,2025-10-04,15:32:52.98,2,3,"Fulk, Landon",824476,Right,MIA_RED,"Druschel, Jace",1000401455,Right,BAL_UNI,Undefined,12,Top,1,0,2,Fastball,Sinker,FoulBallNotFieldable,Undefined,Undefined,Undefined,0,0,,91.97487,-2.000126,-3.382442,2676.717838,232.475588,1:45,4.99441,1.72249,5.29118,-21.32489,12.93851,15.25198,1.33528,-0.18615,83.14451,-5.974681,-0.679673,0.421295,,,,,,,,,,,,-8.69359,7.44973,-1.42597,50,4.79687,7.1477,-133.06809,-5.42625,-15.41424,31.52362,-18.96528,MIA_RED,BAL_UNI,McKieFieldStad,TeamExclusive,Team,20251004-McKieFieldStad-Private-1,ec0993d0-a158-11f0-9f0b-09fe507a42b3,89.46797,,,8.83036,,,,,,,6a89286b-1dc2-4afe-ba41-38a51ea46870,2025-10-04,19:32:52.98,2025-10-04T15:32:52.9840000-04:00,2025-10-04T19:32:52.9840000Z,,v3,471355,,,"Buffington, Matthew",825106,Right,MIA_RED,7723bc36-0206-40dc-a4f1-c0a7e56b7218,55.2055,-134.2956,15.76181,4.99379,-4.68775,-9.48264,-1.71599,7.74793,-7.70712,,,,,,,,,,,,,,,,,,,,,,,,,,,,,,,,,,,,,,,,,,,,,,,,,,,High,High,High,,,,,
411,2025-10-04,15:33:16.08,2,4,"Fulk, Landon",824476,Right,MIA_RED,"Druschel, Jace",1000401455,Right,BAL_UNI,Undefined,12,Top,1,0,2,Slider,Slider,FoulBallNotFieldable,Undefined,Undefined,Undefined,0,0,,78.48438,2.108127,-1.1636,2592.845895,102.366339,9:30,4.73158,1.92307,4.89374,-44.07211,3.03429,-7.1889,3.05427,0.22321,71.84962,-5.889494,-2.429207,0.493982,,,,,,,,,,,,3.26091,1.27886,-1.80257,50,4.90096,2.60502,-113.80585,2.6196,4.27744,20.85018,-30.49653,MIA_RED,BAL_UNI,McKieFieldStad,TeamExclusive,Team,20251004-McKieFieldStad-Private-1,f9f4f660-a158-11f0-9f0b-09fe507a42b3,76.3032,,,6.63476,,,,,,,6a89286b-1dc2-4afe-ba41-38a51ea46870,2025-10-04,19:33:16.08,2025-10-04T15:33:16.0860000-04:00,2025-10-04T19:33:16.0860000Z,,v3,471355,,,"Buffington, Matthew",825106,Right,MIA_RED,94737984-f20f-4792-a010-7f92a3811af5,55.60553,-114.82824,10.42509,4.73584,4.11499,-15.24826,-1.92517,2.39528,2.13872,,,,,,,,,,,,,,,,,,,,,,,,,,,,,,,,,,,,,,,,,,,,,,,,,,,High,High,High,,,,,
412,2025-10-04,15:33:44.61,2,5,"Fulk, Landon",824476,Right,MIA_RED,"Druschel, Jace",1000401455,Right,BAL_UNI,Undefined,12,Top,1,0,2,Slider,Slider,BallCalled,Undefined,Undefined,Undefined,0,0,,78.65495,2.585176,0.211423,2500.83345,80.373168,8:45,4.74041,1.69196,4.80904,-47.92192,-0.86906,-13.70702,3.1977,0.75,71.98716,-6.078764,-2.199295,0.493701,,,,,,,,,,,,6.79233,-0.7037,-1.70044,50,4.95603,0.15991,-114.03359,3.38074,8.9497,20.84036,-33.10127,MIA_RED,BAL_UNI,McKieFieldStad,TeamExclusive,Team,20251004-McKieFieldStad-Private-1,0acc7c60-a159-11f0-9f0b-09fe507a42b3,76.34663,,,6.66779,,,,,,,6a89286b-1dc2-4afe-ba41-38a51ea46870,2025-10-04,19:33:44.61,2025-10-04T15:33:44.6180000-04:00,2025-10-04T19:33:44.6180000Z,,v3,471355,,,"Buffington, Matthew",825106,Right,MIA_RED,91dd758b-bdc2-4c4a-a39e-9e784deef24e,55.68998,-115.06877,10.42018,4.74727,5.02494,-16.55063,-1.69734,-0.28464,4.47485,,,,,,,,,,,,,,,,,,,,,,,,,,,,,,,,,,,,,,,,,,,,,,,,,,,High,High,High,,,,,
413,2025-10-04,15:34:07.62,2,6,"Fulk, Landon",824476,Right,MIA_RED,"Druschel, Jace",1000401455,Right,BAL_UNI,Undefined,12,Top,1,1,2,Fastball,Sinker,BallCalled,Undefined,Undefined,Undefined,0,0,,91.7088,-1.538591,-3.234502,2382.57893,227.271814,1:30,5.09063,1.34527,5.3491,-22.60379,11.25052,11.05068,1.76123,-0.77083,84.14618,-5.712985,-1.274253,0.418773,,,,,,,,,,,,-6.38256,6.37115,-1.06196,50,4.93593,6.99855,-132.94797,-4.41214,-11.47903,27.20468,-20.71554,MIA_RED,BAL_UNI,McKieFieldStad,TeamExclusive,Team,20251004-McKieFieldStad-Private-1,1888b8a0-a159-11f0-9f0b-09fe507a42b3,90.00693,,,7.56262,,,,,,,6a89286b-1dc2-4afe-ba41-38a51ea46870,2025-10-04,19:34:07.62,2025-10-04T15:34:07.6260000-04:00,2025-10-04T19:34:07.6260000Z,,v3,471355,,,"Buffington, Matthew",825106,Right,MIA_RED,598ed826-5849-437e-ba38-d8cc32483b09,55.14836,-133.99732,13.60234,5.09071,-3.61309,-10.35777,-1.34045,7.44132,-5.73951,,,,,,,,,,,,,,,,,,,,,,,,,,,,,,,,,,,,,,,,,,,,,,,,,,,High,High,High,,,,,
414,2025-10-04,15:34:30.20,2,7,"Fulk, Landon",824476,Right,MIA_RED,"Druschel, Jace",1000401455,Right,BAL_UNI,Undefined,12,Top,1,2,2,Fastball,Sinker,FoulBallNotFieldable,Undefined,Undefined,Undefined,0,0,,92.02267,-0.40861,-3.985065,2448.957175,243.346095,2:00,4.95875,1.49962,5.59276,-24.41194,9.08587,15.94792,2.54197,-0.89819,83.90151,-4.939056,-1.146742,0.416562,73.64726,30.232716,161.199236,4652.277346,,,,,45.97069,,,-9.19335,5.03402,-1.16804,50,4.90784,8.56852,-133.348,-1.83788,-16.54124,28.87032,-23.11656,MIA_RED,BAL_UNI,McKieFieldStad,TeamExclusive,Team,20251004-McKieFieldStad-Private-1,26150b40-a159-11f0-9f0b-09fe507a42b3,90.48454,23.6576,,8.12115,,,,0.54503,2.45821,0.95436,6a89286b-1dc2-4afe-ba41-38a51ea46870,2025-10-04,19:34:30.20,2025-10-04T15:34:30.2060000-04:00,2025-10-04T19:34:30.2060000Z,,v3,471355,,,"Buffington, Matthew",825106,Right,MIA_RED,bee1ceb9-feb1-442b-bd97-6d26d17eb07e,54.90555,-134.40587,14.43516,4.95967,-0.99084,-11.55828,-1.49312,9.17462,-8.27062,,0.54503,-88.34498,7.05765,0.57591,-0.24528,-0.03921,0.47733,-0.83594,0.54697,2.45821,54.3874,-28.81868,4.20703,-0.84499,-0.28787,1.52103,-2.46086,1.54705,0.95436,30.0764,-12.91071,2.04414,-0.3577,-0.28569,1.08328,-1.7094,1.06469,,,,,,,,,,,,,,,,,,,,,,,High,High,High,High,Undefined,,,
415,2025-10-04,15:34:54.59,2,8,"Fulk, Landon",824476,Right,MIA_RED,"Druschel, Jace",1000401455,Right,BAL_UNI,Undefined,12,Top,1,2,2,Slider,Slider,StrikeCalled,Strikeout,Undefined,Undefined,0,0,,78.59511,1.369861,-0.47024,2512.040468,74.950364,8:30,4.71744,1.94524,4.71819,-48.16251,-0.83165,-8.66752,2.00412,0.7767,71.99222,-7.313778,-1.993614,0.495158,,,,,,,,,,,,4.1213,-0.35953,-1.88953,50,4.8128,1.30388,-113.9732,0.93255,5.4121,21.26811,-32.64619,MIA_RED,BAL_UNI,McKieFieldStad,TeamExclusive,Team,20251004-McKieFieldStad-Private-1,348c5a20-a159-11f0-9f0b-09fe507a42b3,76.12211,,,6.60289,,,,,,,6a89286b-1dc2-4afe-ba41-38a51ea46870,2025-10-04,19:34:54.59,2025-10-04T15:34:54.5990000-04:00,2025-10-04T19:34:54.5990000Z,,v3,471355,,,"Buffington, Matthew",825106,Right,MIA_RED,804767ce-1aed-4d52-b214-d1798513e6e3,55.78031,-115.04678,10.63406,4.72413,2.58049,-16.32309,-1.94846,1.03069,2.70605,,,,,,,,,,,,,,,,,,,,,,,,,,,,,57.87363,2.778844,1.559654,1.219189,0.08949,1.83097,-0.73007,-6.32247,3.4489,3.66766,72.68562,-1.88889,52.09268,-6.29128,71.60974,-5.64177,3.50988,16.00766,-16.84807,3.66576,41.74575,-1.65706,High,High,High,,,High,High,High
416,2025-10-04,15:35:25.43,3,1,"Fulk, Landon",824476,Right,MIA_RED,"Bellina (Mendek), Yuri",10129893,Right,BAL_UNI,Undefined,12,Top,2,0,0,Fastball,Sinker,FoulBallNotFieldable,Undefined,Undefined,Undefined,0,0,,92.53263,-0.310755,-3.027346,2427.013684,238.669634,2:00,5.0348,1.55265,5.55514,-22.51911,10.48402,15.54048,2.86744,0.01648,84.65105,-4.495157,-0.259376,0.413475,,,,,,,,,,,,-8.51075,5.70111,-1.30043,50,4.99322,6.34994,-134.21043,-1.54633,-15.58497,27.96387,-21.73412,MIA_RED,BAL_UNI,McKieFieldStad,TeamExclusive,Team,20251004-McKieFieldStad-Private-1,46c7b5e0-a159-11f0-9f0b-09fe507a42b3,91.16021,,,7.88158,,,,,,,6a89286b-1dc2-4afe-ba41-38a51ea46870,2025-10-04,19:35:25.43,2025-10-04T15:35:25.4390000-04:00,2025-10-04T19:35:25.4390000Z,,v3,471355,,,"Buffington, Matthew",825106,Right,MIA_RED,2e48575d-1d2c-4240-b51a-d0ab5bcc0ff7,54.94009,-135.23582,13.98194,5.03531,-0.74937,-10.86706,-1.54375,6.92142,-7.79249,,,,,,,,,,,,,,,,,,,,,,,,,,,,,,,,,,,,,,,,,,,,,,,,,,,High,High,High,,,,,
417,2025-10-04,15:35:47.09,3,2,"Fulk, Landon",824476,Right,MIA_RED,"Bellina (Mendek), Yuri",10129893,Right,BAL_UNI,Undefined,12,Top,2,0,1,Slider,Slider,HitByPitch,Undefined,Undefined,Undefined,0,0,,79.7274,2.905859,0.286807,2620.357319,107.209535,9:30,4.72368,1.82369,4.85533,-42.37211,3.36756,-6.29268,3.94562,1.57078,72.79382,-4.791046,-0.820277,0.486763,38.839,-5.008786,150.56738,3410.192289,,,,17.72354,17.72354,154.622133,0.336792,3.20961,1.21343,-1.84619,50,4.97425,-0.31577,-115.55324,4.32664,4.34227,21.41156,-30.53242,MIA_RED,BAL_UNI,McKieFieldStad,TeamExclusive,Team,20251004-McKieFieldStad-Private-1,53dc4070-a159-11f0-9f0b-09fe507a42b3,77.43483,4.08488,,6.93358,,,,0.44046,4.08488,-1.71747,6a89286b-1dc2-4afe-ba41-38a51ea46870,2025-10-04,19:35:47.09,2025-10-04T15:35:47.0990000-04:00,2025-10-04T19:35:47.0990000Z,GroundBall,v3,471355,,,"Buffington, Matthew",825106,Right,MIA_RED,e7d2fef2-1238-40a4-8509-6eb419ebe739,55.64379,-116.59432,10.70578,4.72779,5.8112,-15.26621,-1.82571,-0.5269,2.17114,2.805115,0.44251,-49.50174,1.8866,,,,,,,4.08525,-4.98811,-21.20819,,,,,,,-1.71862,27.92969,-0.79931,,,,,,,,,,,,,,,,,,,,,,,,,,,,,High,High,High,High,High,,,
418,2025-10-04,15:36:16.68,4,1,"Fulk, Landon",824476,Right,MIA_RED,"Fixx, Mason",10305580,Right,BAL_UNI,Undefined,12,Top,2,0,0,Fastball,Four-Seam,StrikeCalled,Undefined,Undefined,Undefined,0,0,,90.50355,0.141813,-3.402512,2496.210951,229.062564,1:45,4.96363,1.55511,5.4831,-25.98135,8.80686,8.85583,2.93143,-0.89405,82.44444,-4.668129,-1.829027,0.424509,,,,,,,,,,,,-5.39827,4.74359,-1.26256,50,4.95865,7.39131,-131.15169,-0.62412,-9.38752,28.14938,-23.92503,MIA_RED,BAL_UNI,McKieFieldStad,TeamExclusive,Team,20251004-McKieFieldStad-Private-1,657086c0-a159-11f0-9f0b-09fe507a42b3,88.79059,,,8.05911,,,,,,,6a89286b-1dc2-4afe-ba41-38a51ea46870,2025-10-04,19:36:16.68,2025-10-04T15:36:16.6810000-04:00,2025-10-04T19:36:16.6810000Z,,v3,471355,,,"Buffington, Matthew",825106,Right,MIA_RED,a7368bf2-e9d3-4723-bb84-e0bb3f5ce162,55.01304,-132.22328,14.07469,4.96507,0.28665,-11.96252,-1.55073,7.74867,-4.69376,,,,,,,,,,,,,,,,,,,,,,,,,,,,,,,,,,,,,,,,,,,,,,,,,,,High,High,High,,,,,
419,2025-10-04,15:36:36.18,4,2,"Fulk, Landon",824476,Right,MIA_RED,"Fixx, Mason",10305580,Right,BAL_UNI,Undefined,12,Top,2,0,1,Fastball,Four-Seam,BallCalled,Undefined,Undefined,Undefined,0,0,,91.17321,-1.907622,-4.160962,2482.019696,222.005746,1:30,4.98798,1.45539,5.51704,-20.14481,14.16729,11.74127,1.52023,-1.46355,83.13132,-5.670941,-2.075663,0.421595,,,,,,,,,,,,-7.06205,8.01784,-1.1004,50,4.8081,9.06042,-131.95083,-5.0948,-12.4379,28.3466,-18.05281,MIA_RED,BAL_UNI,McKieFieldStad,TeamExclusive,Team,20251004-McKieFieldStad-Private-1,70e82a30-a159-11f0-9f0b-09fe507a42b3,89.40444,,,8.04189,,,,,,,6a89286b-1dc2-4afe-ba41-38a51ea46870,2025-10-04,19:36:36.18,2025-10-04T15:36:36.1860000-04:00,2025-10-04T19:36:36.1860000Z,,v3,471355,,,"Buffington, Matthew",825106,Right,MIA_RED,b1a78aef-fd65-4b54-9235-269e5b308d0e,54.97926,-133.01621,14.1733,4.98683,-4.4163,-9.0264,-1.44971,9.52789,-6.21895,,,,,,,,,,,,,,,,,,,,,,,,,,,,,,,,,,,,,,,,,,,,,,,,,,,High,High,High,,,,,
420,2025-10-04,15:36:55.13,4,3,"Fulk, Landon",824476,Right,MIA_RED,"Fixx, Mason",10305580,Right,BAL_UNI,Undefined,12,Top,2,1,1,Fastball,Sinker,BallCalled,Undefined,Undefined,Undefined,0,0,,90.83732,-1.736062,-3.309497,2433.105202,226.962073,1:30,5.01306,1.53581,5.48583,-22.53651,11.73973,11.46044,1.50763,-0.60881,83.52204,-5.905712,-1.271544,0.421374,,,,,,,,,,,,-6.61859,6.69142,-1.25344,50,4.84548,7.09684,-131.71509,-4.80457,-11.70548,26.21382,-20.33974,MIA_RED,BAL_UNI,McKieFieldStad,TeamExclusive,Team,20251004-McKieFieldStad-Private-1,7c53bfb0-a159-11f0-9f0b-09fe507a42b3,89.45123,,,7.31528,,,,,,,6a89286b-1dc2-4afe-ba41-38a51ea46870,2025-10-04,19:36:55.13,2025-10-04T15:36:55.1310000-04:00,2025-10-04T19:36:55.1310000Z,,v3,471355,,,"Buffington, Matthew",825106,Right,MIA_RED,1fdf2a6c-2856-4b50-9053-8d685a117448,55.01188,-132.7088,13.10691,5.013,-4.03353,-10.16987,-1.53087,7.54057,-5.85274,,,,,,,,,,,,,,,,,,,,,,,,,,,,,,,,,,,,,,,,,,,,,,,,,,,High,High,High,,,,,
421,2025-10-04,15:37:17.01,4,4,"Fulk, Landon",824476,Right,MIA_RED,"Fixx, Mason",10305580,Right,BAL_UNI,Undefined,12,Top,2,2,1,Fastball,Sinker,InPlay,Undefined,GroundBall,Out,1,0,,91.69604,-0.251376,-3.395741,2511.30877,235.419933,1:45,4.93091,1.68268,5.2912,-24.05269,10.09422,13.02324,2.69008,-0.42422,83.46265,-4.701333,-1.089152,0.420579,75.75309,-39.488267,14.915812,,,,,3.83476,3.83476,19.155183,0.036938,-7.4865,5.453,-1.3832,50,4.89069,7.27411,-132.86018,-1.48577,-13.35091,29.07407,-22.44953,MIA_RED,BAL_UNI,McKieFieldStad,TeamExclusive,Team,20251004-McKieFieldStad-Private-1,8982b010-a159-11f0-9f0b-09fe507a42b3,89.62044,2.61833,,8.2334,,,,0.5519,2.61833,0.44038,6a89286b-1dc2-4afe-ba41-38a51ea46870,2025-10-04,19:37:17.01,2025-10-04T15:37:17.0140000-04:00,2025-10-04T19:37:17.0140000Z,GroundBall,v3,471355,,,"Buffington, Matthew",825106,Right,MIA_RED,0f37d9e7-839c-4046-8e5d-9926d386cead,55.20624,-133.99462,14.53703,4.93157,-0.60981,-11.22476,-1.67719,7.79506,-6.67546,,0.55029,83.12689,,,,,,,,2.6197,-70.88438,,,,,,,,0.43995,22.14292,,,,,,,,,,,,,,,,,,,,,,,,,,,,,,High,High,High,Estimated,Estimated,,,
422,2025-10-04,15:39:23.42,1,1,"Henderlich, Will",10270730,Right,BAL_UNI,"Harrison, Tommy",811731,Left,MIA_RED,Undefined,12,Bottom,0,0,0,ChangeUp,Changeup,StrikeSwinging,Undefined,Undefined,Undefined,0,0,,74.60559,-0.16106,-1.924343,2177.660906,229.107331,1:45,5.93316,1.06381,6.25234,-35.41817,14.10434,14.46221,2.83303,0.49375,68.40584,-6.801513,0.689387,0.506492,,,,,,,,,,,,-8.003,7.85752,-0.92749,50,5.90386,3.14703,-108.38208,-1.23267,-9.51189,19.08023,-22.83504,MIA_RED,BAL_UNI,McKieFieldStad,TeamExclusive,Team,20251004-McKieFieldStad-Private-1,d4a6fc40-a159-11f0-9f0b-09fe507a42b3,74.41861,,,6.19975,,,,,,,6a89286b-1dc2-4afe-ba41-38a51ea46870,2025-10-04,19:39:23.42,2025-10-04T15:39:23.4230000-04:00,2025-10-04T19:39:23.4230000Z,,v3,471355,,,"Fixx, Mason",10305580,Right,BAL_UNI,879c5d99-abed-4f68-9658-9e49f3d2c88a,54.24394,-109.12665,9.54012,5.93458,-0.34157,-11.41752,-1.05754,3.51821,-4.75595,,,,,,,,,,,,,,,,,,,,,,,,,,,,,,,,,,,,,,,,,,,,,,,,,,,High,High,High,,,,,
423,2025-10-04,15:39:36.58,1,2,"Henderlich, Will",10270730,Right,BAL_UNI,"Harrison, Tommy",811731,Left,MIA_RED,Undefined,12,Bottom,0,0,1,ChangeUp,Changeup,BallCalled,Undefined,Undefined,Undefined,0,0,,75.66499,-1.89177,-2.006919,2234.472317,227.441622,1:30,5.86626,1.12158,6.25767,-32.93388,15.16186,14.8493,1.3757,0.50773,69.66789,-8.047275,0.678571,0.499143,,,,,,,,,,,,-8.2691,8.86792,-0.97973,50,5.70967,3.34817,-109.89502,-4.4976,-10.12137,19.31297,-21.31972,MIA_RED,BAL_UNI,McKieFieldStad,TeamExclusive,Team,20251004-McKieFieldStad-Private-1,dca3d0d0-a159-11f0-9f0b-09fe507a42b3,75.51435,,,5.9971,,,,,,,6a89286b-1dc2-4afe-ba41-38a51ea46870,2025-10-04,19:39:36.58,2025-10-04T15:39:36.5800000-04:00,2025-10-04T19:39:36.5800000Z,,v3,471355,,,"Fixx, Mason",10305580,Right,BAL_UNI,daa8f41c-36e9-41e1-a1e0-41f1bab1090f,54.23997,-110.63764,9.65649,5.86685,-3.67782,-10.65986,-1.11596,3.73736,-5.06069,,,,,,,,,,,,,,,,,,,,,,,,,,,,,,,,,,,,,,,,,,,,,,,,,,,High,High,High,,,,,
424,,,1,3,"Henderlich, Will",10270730,Right,BAL_UNI,"Harrison, Tommy",811731,Left,MIA_RED,Undefined,12,Bottom,0,1,1,Fastball,,BallCalled,Undefined,Undefined,Undefined,0,0,,,,,,,,,,,,,,,,,,,,,,,,,,,,,,,,,,,,,,,,,,MIA_RED,BAL_UNI,McKieFieldStad,TeamExclusive,Team,20251004-McKieFieldStad-Private-1,e8c41050-a159-11f0-9f0b-09fe507a42b3,,,,,,,,,,,6a89286b-1dc2-4afe-ba41-38a51ea46870,,,,,,v3,471355,,,"Fixx, Mason",10305580,Right,BAL_UNI,950bd365-6d33-41dd-98f6-482abdf48533,,,,,,,,,,,,,,,,,,,,,,,,,,,,,,,,,,,,,,,,,,,,,,,,,,,,,,,,,,,,,,,,,,,
425,2025-10-04,15:40:10.14,1,4,"Henderlich, Will",10270730,Right,BAL_UNI,"Harrison, Tommy",811731,Left,MIA_RED,Undefined,12,Bottom,0,2,1,Fastball,Changeup,FoulBallNotFieldable,Undefined,Undefined,Undefined,0,0,,81.13639,-1.025381,-2.47167,2271.883961,205.227044,12:45,6.09503,0.74981,5.96566,-21.63537,20.56733,9.0743,3.34039,-0.7871,74.43771,-5.121198,-0.842708,0.467564,91.17812,39.791412,42.69826,4152.669408,77.62334,85.98743,77.9393,319.01143,140.34589,50.705589,5.624297,-5.37252,11.26894,-0.55909,50,6.00171,4.75165,-117.83136,-2.69959,-7.57621,21.75411,-16.28278,MIA_RED,BAL_UNI,McKieFieldStad,TeamExclusive,Team,20251004-McKieFieldStad-Private-1,f098ea80-a159-11f0-9f0b-09fe507a42b3,80.61443,111.98821,,6.69868,,,,3.19843,3.68843,0.49586,6a89286b-1dc2-4afe-ba41-38a51ea46870,2025-10-04,19:40:10.14,2025-10-04T15:40:10.1480000-04:00,2025-10-04T19:40:10.1480000Z,FlyBall,v3,471355,,,"Fixx, Mason",10305580,Right,BAL_UNI,3b796c76-9dfe-42fb-afc2-06d2e7c7818f,54.53311,-118.66532,10.87705,6.09323,-2.07538,-8.14139,-0.74682,5.04209,-3.78811,,3.20424,75.40294,-19.76554,4.61771,-0.56647,-0.02633,0.02086,-0.00275,0.00012,3.68424,85.65375,-19.3534,1.40886,-0.27558,0.03508,0.00252,-0.00115,8E-05,0.49927,69.6171,-11.07442,2.1747,-0.20248,-0.02822,0.0113,-0.00129,5E-05,,,,,,,,,,,,,,,,,,,,,,,High,High,High,High,Low,,,
426,2025-10-04,15:40:40.62,1,5,"Henderlich, Will",10270730,Right,BAL_UNI,"Harrison, Tommy",811731,Left,MIA_RED,Undefined,12,Bottom,0,2,2,ChangeUp,Changeup,InPlay,Undefined,GroundBall,Out,1,0,,74.47081,0.461631,-0.844974,2146.195648,229.985375,1:45,5.89618,1.18735,6.39075,-35.37852,13.89154,14.74709,3.37261,1.63904,68.43372,-6.187122,1.827618,0.5052,54.75244,-70.470829,24.932508,,,,,3.17569,2.90461,-21.234424,0.045354,-8.00331,7.57331,-1.13345,50,5.91288,1.12724,-108.31692,-0.02377,-9.51466,18.8001,-23.17058,MIA_RED,BAL_UNI,McKieFieldStad,TeamExclusive,Team,20251004-McKieFieldStad-Private-1,02c1f6c0-a15a-11f0-9f0b-09fe507a42b3,74.609,3.46142,,6.03709,,,,1.84676,3.46142,-1.66774,6a89286b-1dc2-4afe-ba41-38a51ea46870,2025-10-04,19:40:40.62,2025-10-04T15:40:40.6240000-04:00,2025-10-04T19:40:40.6240000Z,GroundBall,v3,471355,,,"Fixx, Mason",10305580,Right,BAL_UNI,76cb8ea9-ebd7-495d-8901-bc6766742200,54.10835,-109.02765,9.40005,5.89722,0.85219,-11.58529,-1.18287,1.48694,-4.75733,180,1.84527,24.54706,,,,,,,,3.46606,-76.31934,,,,,,,,-1.66843,11.4113,,,,,,,,,,,,,,,,,,,,,,,,,,,,,,High,High,High,Low,Low,,,
427,2025-10-04,15:41:13.60,2,1,"Henderlich, Will",10270730,Right,BAL_UNI,"Rasmussen, Jamie",10272616,Right,MIA_RED,Undefined,12,Bottom,1,0,0,ChangeUp,Changeup,BallCalled,Undefined,Undefined,Undefined,0,0,,73.89481,1.029072,-3.294019,2001.447362,229.96821,1:45,5.98031,1.05393,6.24275,-36.21506,14.19607,15.05737,3.91322,-0.73285,67.81722,-5.759554,-0.579448,0.511016,,,,,,,,,,,,-8.63997,7.57099,-0.81546,50,6.03914,5.66211,-107.25642,0.988,-10.10282,17.89185,-23.3212,MIA_RED,BAL_UNI,McKieFieldStad,TeamExclusive,Team,20251004-McKieFieldStad-Private-1,165408e0-a15a-11f0-9f0b-09fe507a42b3,73.75976,,,6.07759,,,,,,,6a89286b-1dc2-4afe-ba41-38a51ea46870,2025-10-04,19:41:13.60,2025-10-04T15:41:13.6010000-04:00,2025-10-04T19:41:13.6010000Z,,v3,471355,,,"Fixx, Mason",10305580,Right,BAL_UNI,983c0d06-37a7-4219-8f37-bcd922b47925,54.25394,-107.9637,8.94593,5.98186,1.90991,-11.6606,-1.04718,6.06148,-5.05141,,,,,,,,,,,,,,,,,,,,,,,,,,,,,,,,,,,,,,,,,,,,,,,,,,,High,High,High,,,,,
428,2025-10-04,15:41:25.81,2,2,"Henderlich, Will",10270730,Right,BAL_UNI,"Rasmussen, Jamie",10272616,Right,MIA_RED,Undefined,12,Bottom,1,1,0,ChangeUp,Changeup,BallCalled,Undefined,Undefined,Undefined,0,0,,72.91973,2.087644,-0.301984,2125.827864,232.967748,1:45,6.02004,0.96365,6.37455,-35.76758,16.07343,19.08851,4.961,2.27652,66.40245,-4.679254,3.152222,0.518213,,,,,,,,,,,,-9.82445,8.28485,-0.94874,50,6.15419,-0.10474,-105.86323,2.98178,-11.09609,18.87451,-22.81686,MIA_RED,BAL_UNI,McKieFieldStad,TeamExclusive,Team,20251004-McKieFieldStad-Private-1,1da497e0-a15a-11f0-9f0b-09fe507a42b3,72.73547,,,6.51728,,,,,,,6a89286b-1dc2-4afe-ba41-38a51ea46870,2025-10-04,19:41:25.81,2025-10-04T15:41:25.8180000-04:00,2025-10-04T19:41:25.8180000Z,,v3,471355,,,"Fixx, Mason",10305580,Right,BAL_UNI,ce670026-fbb9-400f-b860-39e876290f27,54.11848,-106.59499,9.43725,6.02144,3.86639,-11.40843,-0.95302,0.32546,-5.54804,,,,,,,,,,,,,,,,,,,,,,,,,,,,,,,,,,,,,,,,,,,,,,,,,,,High,High,High,,,,,
429,2025-10-04,15:41:44.48,2,3,"Henderlich, Will",10270730,Right,BAL_UNI,"Rasmussen, Jamie",10272616,Right,MIA_RED,Undefined,12,Bottom,1,2,0,ChangeUp,Changeup,FoulBallNotFieldable,Undefined,Undefined,Undefined,0,0,,73.64156,-0.722138,-3.420437,2164.441801,233.889622,1:45,5.9035,0.99976,6.41445,-36.49628,14.08808,17.08525,2.19704,-0.72476,67.61923,-7.568933,-0.327184,0.511893,,,,,,,,,,,,-9.99237,8.03304,-0.76311,50,5.83505,5.8568,-106.9268,-2.26125,-11.55527,18.63569,-22.88459,MIA_RED,BAL_UNI,McKieFieldStad,TeamExclusive,Team,20251004-McKieFieldStad-Private-1,28ff1660-a15a-11f0-9f0b-09fe507a42b3,73.6334,,,6.02233,,,,,,,6a89286b-1dc2-4afe-ba41-38a51ea46870,2025-10-04,19:41:44.48,2025-10-04T15:41:44.4860000-04:00,2025-10-04T19:41:44.4860000Z,,v3,471355,,,"Fixx, Mason",10305580,Right,BAL_UNI,637627b8-38bb-4f26-b621-d0a2c6ad7235,54.08509,-107.63642,9.31784,5.90456,-1.38985,-11.4423,-0.9945,6.2968,-5.77763,,,,,,,,,,,,,,,,,,,,,,,,,,,,,,,,,,,,,,,,,,,,,,,,,,,High,High,High,,,,,
430,2025-10-04,15:42:01.45,2,4,"Henderlich, Will",10270730,Right,BAL_UNI,"Rasmussen, Jamie",10272616,Right,MIA_RED,Undefined,12,Bottom,1,2,1,ChangeUp,Changeup,BallCalled,Undefined,Undefined,Undefined,0,0,,73.77242,2.087558,-0.727757,2240.572431,224.511019,1:30,5.9697,0.96383,6.16299,-34.44899,16.21048,14.44343,5.02831,1.49516,67.62631,-4.387975,1.875959,0.512273,,,,,,,,,,,,-7.58859,8.29441,-0.9154,50,6.11035,0.8607,-107.15622,3.01598,-8.85534,17.88886,-22.49508,MIA_RED,BAL_UNI,McKieFieldStad,TeamExclusive,Team,20251004-McKieFieldStad-Private-1,32d87320-a15a-11f0-9f0b-09fe507a42b3,73.57878,,,6.14612,,,,,,,6a89286b-1dc2-4afe-ba41-38a51ea46870,2025-10-04,19:42:01.45,2025-10-04T15:42:01.4570000-04:00,2025-10-04T19:42:01.4570000Z,,v3,471355,,,"Fixx, Mason",10305580,Right,BAL_UNI,f31dabb0-5d2f-439f-8bbb-f630590b833c,54.33246,-107.87706,8.94443,5.97056,3.92243,-11.24754,-0.95727,1.21753,-4.42767,,,,,,,,,,,,,,,,,,,,,,,,,,,,,,,,,,,,,,,,,,,,,,,,,,,High,High,High,,,,,
431,2025-10-04,15:42:15.17,2,5,"Henderlich, Will",10270730,Right,BAL_UNI,"Rasmussen, Jamie",10272616,Right,MIA_RED,Undefined,12,Bottom,1,3,1,ChangeUp,Changeup,FoulBallNotFieldable,Undefined,Undefined,Undefined,0,0,,73.39804,-0.952759,-2.689603,2170.31295,229.009447,1:45,5.96382,0.95397,6.43733,-35.41152,15.35123,15.81524,2.13628,-0.20151,67.51556,-7.601812,0.177704,0.512795,,,,,,,,,,,,-9.11815,8.76934,-0.77005,50,5.87994,4.52046,-106.64791,-2.6466,-10.50118,18.3459,-22.07461,MIA_RED,BAL_UNI,McKieFieldStad,TeamExclusive,Team,20251004-McKieFieldStad-Private-1,3b1adc30-a15a-11f0-9f0b-09fe507a42b3,73.50388,,,5.88247,,,,,,,6a89286b-1dc2-4afe-ba41-38a51ea46870,2025-10-04,19:42:15.17,2025-10-04T15:42:15.1700000-04:00,2025-10-04T19:42:15.1700000Z,,v3,471355,,,"Fixx, Mason",10305580,Right,BAL_UNI,3c8e4ce6-eb47-42e7-83cd-6ee6ff5a3745,54.06212,-107.34441,9.17295,5.96451,-1.80854,-11.03731,-0.94924,4.91913,-5.25059,,,,,,,,,,,,,,,,,,,,,,,,,,,,,,,,,,,,,,,,,,,,,,,,,,,High,High,High,,,,,
432,2025-10-04,15:42:32.52,2,6,"Henderlich, Will",10270730,Right,BAL_UNI,"Rasmussen, Jamie",10272616,Right,MIA_RED,Undefined,12,Bottom,1,3,2,Fastball,Changeup,InPlay,Undefined,FlyBall,Out,1,0,,80.97123,-1.030039,-1.637639,2292.634029,218.288131,1:15,6.1284,0.84373,5.98547,-25.25903,17.16745,12.48953,3.06831,0.36629,74.17005,-5.781573,0.607962,0.468803,95.01957,35.589698,2.857242,3403.387334,109.33878,73.4207,12.0427,350.626,335.6396,11.77801,5.4679,-6.90941,9.52536,-0.72153,50,6.03315,2.89772,-117.61938,-2.82975,-9.67865,22.31922,-18.83096,MIA_RED,BAL_UNI,McKieFieldStad,TeamExclusive,Team,20251004-McKieFieldStad-Private-1,458ad3a0-a15a-11f0-9f0b-09fe507a42b3,80.40152,100.3393,,6.80119,,,,1.92027,3.09718,-0.36937,6a89286b-1dc2-4afe-ba41-38a51ea46870,2025-10-04,19:42:32.52,2025-10-04T15:42:32.5220000-04:00,2025-10-04T19:42:32.5220000Z,FlyBall,v3,471355,,,"Fixx, Mason",10305580,Right,BAL_UNI,50a0d997-51a5-494f-a049-4626784ba710,54.51264,-118.4726,11.15961,6.12756,-2.10989,-9.41548,-0.83938,3.26771,-4.83932,208.947679,1.93021,112.98785,-23.01584,4.71399,-0.23586,-0.22795,0.07392,-0.00923,0.00042,3.0904,81.22332,-19.25698,1.25014,-0.19671,0.01917,0.00788,-0.00224,0.00015,-0.37315,5.72294,6.44169,-2.47358,0.52993,-0.05528,0.00063,0.00028,-1E-05,,,,,,,,,,,,,,,,,,,,,,,High,High,High,High,Medium,,,
433,2025-10-04,15:43:03.66,3,1,"Henderlich, Will",10270730,Right,BAL_UNI,"Buffington, Matthew",825106,Right,MIA_RED,Undefined,12,Bottom,2,0,0,ChangeUp,Changeup,InPlay,Undefined,GroundBall,Out,1,0,,74.18753,-0.19014,-2.518578,2010.416037,232.405698,1:45,5.9538,1.16729,6.32899,-35.19923,14.99363,17.29115,2.84528,0.28753,67.70218,-6.817685,0.609212,0.509909,,,,,,,,,,,,-9.8293,8.34973,-0.9918,50,5.92319,4.17874,-107.73765,-1.24808,-11.47522,19.89552,-22.42616,MIA_RED,BAL_UNI,McKieFieldStad,TeamExclusive,Team,20251004-McKieFieldStad-Private-1,5806bad0-a15a-11f0-9f0b-09fe507a42b3,73.91999,,,6.48535,,,,,,,6a89286b-1dc2-4afe-ba41-38a51ea46870,2025-10-04,19:43:03.66,2025-10-04T15:43:03.6620000-04:00,2025-10-04T19:43:03.6620000Z,,v3,471355,,,"Fixx, Mason",10305580,Right,BAL_UNI,f4860c1e-41d6-436e-8ca9-29e435fd4d8d,54.16948,-108.50489,9.94776,5.95464,-0.38326,-11.21308,-1.16148,4.62126,-5.73761,,,,,,,,,,,,,,,,,,,,,,,,,,,,,,,,,,,,,,,,,,,,,,,,,,,High,High,High,,,,,