PitchNo,Date,Time,PAofInning,PitchofPA,Pitcher,PitcherId,PitcherThrows,PitcherTeam,Batter,BatterId,BatterSide,BatterTeam,PitcherSet,Inning,Top/Bottom,Outs,Balls,Strikes,TaggedPitchType,AutoPitchType,PitchCall,KorBB,TaggedHitType,PlayResult,OutsOnPlay,RunsScored,Notes,RelSpeed,VertRelAngle,HorzRelAngle,SpinRate,SpinAxis,Tilt,RelHeight,RelSide,Extension,VertBreak,InducedVertBreak,HorzBreak,PlateLocHeight,PlateLocSide,ZoneSpeed,VertApprAngle,HorzApprAngle,ZoneTime,ExitSpeed,Angle,Direction,HitSpinRate,PositionAt110X,PositionAt110Y,PositionAt110Z,Distance,LastTrackedDistance,Bearing,HangTime,pfxx,pfxz,x0,y0,z0,vx0,vy0,vz0,ax0,ay0,az0,HomeTeam,AwayTeam,Stadium,Level,League,GameID,PitchUID,EffectiveVelo,MaxHeight,MeasuredDuration,SpeedDrop,PitchLastMeasuredX,PitchLastMeasuredY,PitchLastMeasuredZ,ContactPositionX,ContactPositionY,ContactPositionZ,GameUID,UTCDate,UTCTime,LocalDateTime,UTCDateTime,AutoHitType,System,HomeTeamForeignID,AwayTeamForeignID,GameForeignID,Catcher,CatcherId,CatcherThrows,CatcherTeam,PlayID,PitchTrajectoryXc0,PitchTrajectoryXc1,PitchTrajectoryXc2,PitchTrajectoryYc0,PitchTrajectoryYc1,PitchTrajectoryYc2,PitchTrajectoryZc0,PitchTrajectoryZc1,PitchTrajectoryZc2,HitSpinAxis,HitTrajectoryXc0,HitTrajectoryXc1,HitTrajectoryXc2,HitTrajectoryXc3,HitTrajectoryXc4,HitTrajectoryXc5,HitTrajectoryXc6,HitTrajectoryXc7,HitTrajectoryXc8,HitTrajectoryYc0,HitTrajectoryYc1,HitTrajectoryYc2,HitTrajectoryYc3,HitTrajectoryYc4,HitTrajectoryYc5,HitTrajectoryYc6,HitTrajectoryYc7,HitTrajectoryYc8,HitTrajectoryZc0,HitTrajectoryZc1,HitTrajectoryZc2,HitTrajectoryZc3,HitTrajectoryZc4,HitTrajectoryZc5,HitTrajectoryZc6,HitTrajectoryZc7,HitTrajectoryZc8,ThrowSpeed,PopTime,ExchangeTime,TimeToBase,CatchPositionX,CatchPositionY,CatchPositionZ,ThrowPositionX,ThrowPositionY,ThrowPositionZ,BasePositionX,BasePositionY,BasePositionZ,ThrowTrajectoryXc0,ThrowTrajectoryXc1,ThrowTrajectoryXc2,ThrowTrajectoryYc0,ThrowTrajectoryYc1,ThrowTrajectoryYc2,ThrowTrajectoryZc0,ThrowTrajectoryZc1,ThrowTrajectoryZc2,PitchReleaseConfidence,PitchLocationConfidence,PitchMovementConfidence,HitLaunchConfidence,HitLandingConfidence,CatcherThrowCatchConfidence,CatcherThrowReleaseConfidence,CatcherThrowLocationConfidence
1,2025-10-31,14:42:25.73,1,1,"Eisiminger, Jared",1000160731,Right,MIA_RED,"Dierks, Marcus",10322729,Left,MIA_RED,Undefined,1,Top,0,0,0,Fastball,Sinker,StrikeCalled,Undefined,Undefined,Undefined,0,0,,90.52875,-0.855989,-3.459918,1920.467417,238.526792,2:00,5.08694,2.68536,6.04133,-22.64899,11.25351,16.64489,2.4055,0.86514,82.82329,-5.103924,-0.469469,0.419071,,,,,,,,,,,,-9.46678,6.35115,-2.42407,50,5.00787,7.23308,-131.36235,-2.69903,-16.57339,27.32969,-21.05517,MIA_RED,MIA_RED,McKieFieldStad,TeamExclusive,Team,20251031-McKieFieldStad-Private-2,58b1afa0-b689-11f0-879f-a1ec9707feb9,89.94292,,,7.70546,,,,,,,f6155717-1ea0-46aa-993d-1d70bb7179cd,2025-10-31,18:42:25.73,2025-10-31T14:42:25.7300000-04:00,2025-10-31T18:42:25.7300000Z,,v3,471355,471355,,"Raether, Carson",1000338521,Right,MIA_RED,ec0f76f3-09ef-497a-a96c-59fad0c3fb1d,54.45656,-132.28628,13.66485,5.08709,-1.98722,-10.52759,-2.67806,7.79337,-8.2867,,,,,,,,,,,,,,,,,,,,,,,,,,,,,,,,,,,,,,,,,,,,,,,,,,,High,High,High,,,,,
2,2025-10-31,14:42:42.83,1,2,"Eisiminger, Jared",1000160731,Right,MIA_RED,"Dierks, Marcus",10322729,Left,MIA_RED,Undefined,1,Top,0,0,1,ChangeUp,Changeup,BallCalled,Undefined,Undefined,Undefined,0,0,,82.21311,-0.335938,-2.518535,1382.381472,274.205711,3:15,4.88238,2.78557,6.15322,-40.17912,0.14736,12.56099,1.22344,1.50394,76.62918,-7.727763,-0.25141,0.457053,,,,,,,,,,,,-7.0828,0.51941,-2.60033,50,4.83624,4.79482,-119.61094,-1.9789,-10.41694,19.78351,-31.41016,MIA_RED,MIA_RED,McKieFieldStad,TeamExclusive,Team,20251031-McKieFieldStad-Private-2,62e3dac0-b689-11f0-879f-a1ec9707feb9,82.46844,,,5.58393,,,,,,,f6155717-1ea0-46aa-993d-1d70bb7179cd,2025-10-31,18:42:42.83,2025-10-31T14:42:42.8340000-04:00,2025-10-31T18:42:42.8340000Z,,v3,471355,471355,,"Raether, Carson",1000338521,Right,MIA_RED,48d5b9b9-d96e-4b2e-94b6-f6cc84cb87bf,54.34756,-120.32787,9.89176,4.88733,-0.84063,-15.70508,-2.78093,5.17231,-5.20847,,,,,,,,,,,,,,,,,,,,,,,,,,,,,,,,,,,,,,,,,,,,,,,,,,,High,High,High,,,,,
3,2025-10-31,14:42:59.00,1,3,"Eisiminger, Jared",1000160731,Right,MIA_RED,"Dierks, Marcus",10322729,Left,MIA_RED,Undefined,1,Top,0,1,1,Fastball,Sinker,BallCalled,Undefined,Undefined,Undefined,0,0,,89.70538,0.807341,-3.728936,1948.958758,241.225352,2:00,5.0475,2.75264,6.08265,-24.49194,9.99229,16.24359,3.75504,0.65162,81.92948,-3.784401,-0.811108,0.422651,,,,,,,,,,,,-9.32414,5.26122,-2.4725,50,5.09699,7.79439,-130.13597,1.04556,-16.02594,26.73114,-23.13125,MIA_RED,MIA_RED,McKieFieldStad,TeamExclusive,Team,20251031-McKieFieldStad-Private-2,6c85fae0-b689-11f0-879f-a1ec9707feb9,89.18102,,,7.7759,,,,,,,f6155717-1ea0-46aa-993d-1d70bb7179cd,2025-10-31,18:42:59.00,2025-10-31T14:42:59.0040000-04:00,2025-10-31T18:42:59.0040000Z,,v3,471355,471355,,"Raether, Carson",1000338521,Right,MIA_RED,b71964c9-cf43-4c65-8ad0-81ebe243f30d,54.41494,-131.03971,13.36557,5.04842,1.82758,-11.56563,-2.74517,8.3362,-8.01297,,,,,,,,,,,,,,,,,,,,,,,,,,,,,,,,,,,,,,,,,,,,,,,,,,,High,High,High,,,,,
4,2025-10-31,14:43:15.74,1,4,"Eisiminger, Jared",1000160731,Right,MIA_RED,"Dierks, Marcus",10322729,Left,MIA_RED,Undefined,1,Top,0,2,1,Fastball,Sinker,BallCalled,Undefined,Undefined,Undefined,0,0,,90.51975,1.123721,-3.545028,1967.052157,240.329429,2:00,5.17205,2.66055,6.16779,-23.58568,10.05627,15.88296,4.24663,0.70559,82.90084,-3.302778,-0.686873,0.417457,,,,,,,,,,,,-9.10083,5.21772,-2.39947,50,5.2452,7.47554,-131.39434,1.8266,-15.99692,26.4186,-23.00261,MIA_RED,MIA_RED,McKieFieldStad,TeamExclusive,Team,20251031-McKieFieldStad-Private-2,7677e8b0-b689-11f0-879f-a1ec9707feb9,90.29058,,,7.61891,,,,,,,f6155717-1ea0-46aa-993d-1d70bb7179cd,2025-10-31,18:43:15.74,2025-10-31T14:43:15.7430000-04:00,2025-10-31T18:43:15.7430000Z,,v3,471355,471355,,"Raether, Carson",1000338521,Right,MIA_RED,aae2f015-0721-4d25-a0c1-22f6b5eea260,54.33049,-132.26218,13.2093,5.17279,2.58222,-11.50131,-2.65366,8.00103,-7.99846,,,,,,,,,,,,,,,,,,,,,,,,,,,,,,,,,,,,,,,,,,,,,,,,,,,High,High,High,,,,,
5,2025-10-31,14:43:38.17,1,5,"Eisiminger, Jared",1000160731,Right,MIA_RED,"Dierks, Marcus",10322729,Left,MIA_RED,Undefined,1,Top,0,3,1,Fastball,Sinker,BallCalled,Walk,Undefined,Undefined,0,0,,89.94098,-0.739205,-2.537339,1925.817174,247.078987,2:15,5.04019,2.66189,5.94294,-26.98568,7.43737,15.05954,2.10501,1.56174,82.4198,-5.755391,0.167527,0.422276,,,,,,,,,,,,-8.38323,4.355,-2.46794,50,4.96614,5.14385,-130.60437,-2.61052,-14.50534,27.05433,-24.63865,MIA_RED,MIA_RED,McKieFieldStad,TeamExclusive,Team,20251031-McKieFieldStad-Private-2,83e25b70-b689-11f0-879f-a1ec9707feb9,89.26026,,,7.52119,,,,,,,f6155717-1ea0-46aa-993d-1d70bb7179cd,2025-10-31,18:43:38.17,2025-10-31T14:43:38.1700000-04:00,2025-10-31T18:43:38.1700000Z,,v3,471355,471355,,"Raether, Carson",1000338521,Right,MIA_RED,8055b0fa-4abe-43d5-b38b-97cb07d2594a,54.55503,-131.54455,13.52717,5.04198,-1.75429,-12.31932,-2.65546,5.64793,-7.25267,,,,,,,,,,,,,,,,,,,,,,,,,,,,,,,,,,,,,,,,,,,,,,,,,,,High,High,High,,,,,
6,2025-10-31,14:44:05.05,2,1,"Eisiminger, Jared",1000160731,Right,MIA_RED,"Roa Calcano, Christopher",1000375139,Left,MIA_RED,Undefined,1,Top,0,0,0,ChangeUp,Changeup,BallCalled,Undefined,Undefined,Undefined,0,0,,83.55756,-1.244467,-5.435721,1424.563008,278.297641,3:15,4.72812,2.94393,6.4882,-40.79998,-1.15039,17.09312,0.18029,-0.63697,76.2704,-8.816677,-2.345209,0.453201,,,,,,,,,,,,-10.65473,0.12697,-2.56891,50,4.62266,10.89844,-120.96229,-3.86997,-15.65333,25.45129,-31.98754,MIA_RED,MIA_RED,McKieFieldStad,TeamExclusive,Team,20251031-McKieFieldStad-Private-2,94051060-b689-11f0-879f-a1ec9707feb9,83.1694,,,7.28717,,,,,,,f6155717-1ea0-46aa-993d-1d70bb7179cd,2025-10-31,18:44:05.05,2025-10-31T14:44:05.0520000-04:00,2025-10-31T18:44:05.0520000Z,,v3,471355,471355,,"Raether, Carson",1000338521,Right,MIA_RED,3c04d2c3-fa58-4e8f-acbc-9589c0807a09,54.01195,-121.80351,12.72565,4.7331,-2.81272,-15.99377,-2.93768,11.41581,-7.82667,,,,,,,,,,,,,,,,,,,,,,,,,,,,,,,,,,,,,,,,,,,,,,,,,,,High,High,High,,,,,
7,2025-10-31,14:45:00.98,2,2,"Eisiminger, Jared",1000160731,Right,MIA_RED,"Roa Calcano, Christopher",1000375139,Left,MIA_RED,Undefined,1,Top,0,1,0,Fastball,Sinker,FoulBallNotFieldable,Undefined,Undefined,Undefined,0,0,,91.1241,-1.885143,-4.252546,2027.446666,235.634616,1:45,5.01418,2.76086,5.97544,-21.04202,12.59048,16.84595,1.50768,0.2153,83.38086,-5.832514,-1.233564,0.417399,78.45005,40.642297,-46.200446,4190.827397,68.91594,71.75414,-85.73514,273.69722,121.77076,-57.582167,4.589992,-9.86481,7.30949,-2.43357,50,4.85296,9.11345,-132.05923,-5.03891,-17.44608,27.73862,-19.24705,MIA_RED,MIA_RED,McKieFieldStad,TeamExclusive,Team,20251031-McKieFieldStad-Private-2,b558dd00-b689-11f0-879f-a1ec9707feb9,90.30323,78.48179,,7.74324,,,,1.07115,2.41913,-0.3446,f6155717-1ea0-46aa-993d-1d70bb7179cd,2025-10-31,18:45:00.98,2025-10-31T14:45:00.9890000-04:00,2025-10-31T18:45:00.9890000Z,FlyBall,v3,471355,471355,,"Raether, Carson",1000338521,Right,MIA_RED,0057c1c5-a385-481c-9d8d-a7ed3edb3c3a,54.52396,-133.00607,13.86931,5.01375,-4.38192,-9.62353,-2.75481,9.70897,-8.72304,,1.07371,60.37277,-13.70202,3.11898,-0.49301,0.04901,-0.01129,0.00321,-0.00029,2.42031,74.90947,-21.10667,1.46257,0.09856,-0.1936,0.06889,-0.01064,0.00061,-0.34697,-62.96072,4.50902,-0.19778,-0.33358,0.18108,-0.04518,0.00545,-0.00025,,,,,,,,,,,,,,,,,,,,,,,High,High,High,Medium,Low,,,
8,2025-10-31,14:45:24.48,2,3,"Eisiminger, Jared",1000160731,Right,MIA_RED,"Roa Calcano, Christopher",1000375139,Left,MIA_RED,Undefined,1,Top,0,1,1,Slider,Slider,StrikeSwinging,Undefined,Undefined,Undefined,0,0,,80.84159,0.20314,-2.857917,2013.610655,117.973356,10:00,4.80481,2.92072,5.70093,-41.15313,2.4237,-1.74114,1.56491,0.11041,73.47917,-7.375173,-3.168922,0.475116,,,,,,,,,,,,-0.00713,1.61051,-2.67976,50,4.79643,5.91778,-117.16686,-0.94181,-0.00977,24.55214,-29.9614,MIA_RED,MIA_RED,McKieFieldStad,TeamExclusive,Team,20251031-McKieFieldStad-Private-2,c35d45d0-b689-11f0-879f-a1ec9707feb9,79.3332,,,7.36242,,,,,,,f6155717-1ea0-46aa-993d-1d70bb7179cd,2025-10-31,18:45:24.48,2025-10-31T14:45:24.4820000-04:00,2025-10-31T18:45:24.4820000Z,,v3,471355,471355,,"Raether, Carson",1000338521,Right,MIA_RED,dddf58e6-a99a-4d7b-bb60-7c02c60bc07a,54.79566,-118.16751,12.27607,4.80993,0.2793,-14.9807,-2.92095,5.91818,-0.00488,,,,,,,,,,,,,,,,,,,,,,,,,,,,,,,,,,,,,,,,,,,,,,,,,,,High,High,High,,,,,
9,2025-10-31,14:45:49.95,2,4,"Eisiminger, Jared",1000160731,Right,MIA_RED,"Roa Calcano, Christopher",1000375139,Left,MIA_RED,Undefined,1,Top,0,1,2,ChangeUp,Changeup,BallCalled,Undefined,Undefined,Undefined,0,0,,84.19014,-0.563979,-2.627073,1523.728802,270.744313,3:00,4.83027,2.86494,6.13946,-38.5186,1.2628,16.21513,1.09863,1.78671,75.93085,-7.730493,0.299049,0.453953,,,,,,,,,,,,-9.19237,1.31795,-2.67241,50,4.76799,4.95187,-122.05545,-2.45299,-13.593,28.44926,-30.22514,MIA_RED,MIA_RED,McKieFieldStad,TeamExclusive,Team,20251031-McKieFieldStad-Private-2,d28a9e40-b689-11f0-879f-a1ec9707feb9,83.03152,,,8.2593,,,,,,,f6155717-1ea0-46aa-993d-1d70bb7179cd,2025-10-31,18:45:49.95,2025-10-31T14:45:49.9540000-04:00,2025-10-31T18:45:49.9540000Z,,v3,471355,471355,,"Raether, Carson",1000338521,Right,MIA_RED,83fb1269-8ea3-4955-b053-d9c00b495b3c,54.3564,-123.06667,14.22463,4.83608,-1.37865,-15.11257,-2.85701,5.43503,-6.7965,,,,,,,,,,,,,,,,,,,,,,,,,,,,,,,,,,,,,,,,,,,,,,,,,,,High,High,High,,,,,
10,2025-10-31,14:46:09.08,2,5,"Eisiminger, Jared",1000160731,Right,MIA_RED,"Roa Calcano, Christopher",1000375139,Left,MIA_RED,Undefined,1,Top,0,2,2,Slider,Slider,BallCalled,Undefined,Undefined,Undefined,0,0,,81.14591,-1.01143,-3.228919,2110.239794,81.948628,8:45,4.81399,2.93998,5.63647,-42.31176,0.95496,-3.43492,0.34282,-0.36179,74.23118,-8.746034,-3.841862,0.473422,,,,,,,,,,,,0.77618,1.15236,-2.66298,50,4.70065,6.76742,-117.60636,-3.49005,1.07705,24.2244,-30.57498,MIA_RED,MIA_RED,McKieFieldStad,TeamExclusive,Team,20251031-McKieFieldStad-Private-2,dded8130-b689-11f0-879f-a1ec9707feb9,79.61702,,,6.91473,,,,,,,f6155717-1ea0-46aa-993d-1d70bb7179cd,2025-10-31,18:46:09.08,2025-10-31T14:46:09.0880000-04:00,2025-10-31T18:46:09.0880000Z,,v3,471355,471355,,"Raether, Carson",1000338521,Right,MIA_RED,eb79edef-e3d9-4668-bba5-61924b325d7c,54.86234,-118.60367,12.1122,4.81843,-2.23129,-15.28749,-2.94068,6.72308,0.53853,,,,,,,,,,,,,,,,,,,,,,,,,,,,,74.9771,,,0.866626,,,,0.49005,5.48859,-1.91295,64.09937,5.49728,-60.67555,0.49031,76.15556,-3.18253,5.50891,12.67544,-14.68088,-1.96202,-77.45486,11.28959,High,High,High,,,High,High,High
11,2025-10-31,14:46:41.41,2,6,"Eisiminger, Jared",1000160731,Right,MIA_RED,"Roa Calcano, Christopher",1000375139,Left,MIA_RED,Undefined,1,Top,0,3,2,Fastball,Sinker,FoulBallNotFieldable,Undefined,Undefined,Undefined,0,0,,91.84053,-1.164111,-3.682083,2129.411595,234.711837,1:45,5.01725,2.74702,6.13438,-20.528,12.81642,16.40336,2.22831,0.70618,82.76519,-5.064392,-0.731058,0.415607,76.09955,41.499763,-76.09405,4297.69677,13.7762,65.73131,-109.13391,233.39073,78.75027,-89.875346,3.996171,-9.62174,7.33579,-2.47391,50,4.91769,7.85669,-133.04073,-3.34268,-16.99887,32.34388,-19.21382,MIA_RED,MIA_RED,McKieFieldStad,TeamExclusive,Team,20251031-McKieFieldStad-Private-2,f13088f0-b689-11f0-879f-a1ec9707feb9,90.69251,67.37925,,9.07533,,,,0.57341,2.52711,-1.00109,f6155717-1ea0-46aa-993d-1d70bb7179cd,2025-10-31,18:46:41.41,2025-10-31T14:46:41.4140000-04:00,2025-10-31T18:46:41.4140000Z,FlyBall,v3,471355,471355,,"Raether, Carson",1000338521,Right,MIA_RED,be153a5e-59cb-4167-9949-d616c48e625f,54.36188,-134.09696,16.17194,5.0166,-2.71523,-9.60691,-2.73955,8.41181,-8.49943,,0.57471,20.05438,-10.53389,2.55155,-0.39143,0.00577,0.01341,-0.00343,0.00031,2.52761,73.94178,-24.68288,2.62617,-0.36686,-0.02336,0.02496,-0.00466,0.00031,-1.00051,-81.16067,10.22812,-2.20135,0.61977,-0.21173,0.05728,-0.00844,0.00048,,,,,,,,,,,,,,,,,,,,,,,High,High,High,Medium,Low,,,
12,2025-10-31,14:47:05.76,2,7,"Eisiminger, Jared",1000160731,Right,MIA_RED,"Roa Calcano, Christopher",1000375139,Left,MIA_RED,Undefined,1,Top,0,3,2,Fastball,Sinker,BallCalled,Walk,Undefined,Undefined,0,0,,91.37335,0.951894,-3.472569,2039.40238,226.972223,1:30,5.07396,2.60279,6.18371,-20.13344,13.35261,13.06666,4.27683,0.48128,82.46078,-2.882897,-1.12087,0.416489,,,,,,,,,,,,-7.75288,6.93874,-2.34656,50,5.13568,7.46973,-132.42593,1.59985,-13.63092,30.89389,-19.9745,MIA_RED,MIA_RED,McKieFieldStad,TeamExclusive,Team,20251031-McKieFieldStad-Private-2,ff95fd80-b689-11f0-879f-a1ec9707feb9,90.50049,,,8.91257,,,,,,,f6155717-1ea0-46aa-993d-1d70bb7179cd,2025-10-31,18:47:05.76,2025-10-31T14:47:05.7630000-04:00,2025-10-31T18:47:05.7630000Z,,v3,471355,471355,,"Raether, Carson",1000338521,Right,MIA_RED,78f5999d-83f2-4b64-924f-0ba7cbe75748,54.31121,-133.42791,15.44695,5.07328,2.24768,-9.98725,-2.59599,7.91182,-6.81546,,,,,,,,,,,,,,,,,,,,,,,,,,,,,,,,,,,,,,,,,,,,,,,,,,,High,High,High,,,,,
13,2025-10-31,14:47:41.17,3,1,"Eisiminger, Jared",1000160731,Right,MIA_RED,"Kirtley, Ryder",827333,Right,MIA_RED,Undefined,1,Top,0,0,0,Slider,Slider,BallCalled,Undefined,Undefined,Undefined,0,0,,81.18619,0.364424,-0.911805,1999.232741,86.526621,9:00,4.91244,2.85673,5.59535,-41.77672,1.24563,-2.52843,1.77134,1.79466,74.20463,-7.303007,-1.363571,0.472083,,,,,,,,,,,,1.01201,0.95118,-2.77691,50,4.91664,1.97703,-117.85553,-0.66943,1.41606,23.47772,-30.84312,MIA_RED,MIA_RED,McKieFieldStad,TeamExclusive,Team,20251031-McKieFieldStad-Private-2,14da0560-b68a-11f0-879f-a1ec9707feb9,79.84282,,,6.98155,,,,,,,f6155717-1ea0-46aa-993d-1d70bb7179cd,2025-10-31,18:47:41.17,2025-10-31T14:47:41.1790000-04:00,2025-10-31T18:47:41.1790000Z,,v3,471355,471355,,"Raether, Carson",1000338521,Right,MIA_RED,cdaf7bde-0381-4edb-9f19-73e518775735,54.90203,-118.82804,11.73886,4.91791,0.60817,-15.42156,-2.85759,1.91838,0.70803,,,,,,,,,,,,,,,,,,,,,,,,,,,,,,,,,,,,,,,,,,,,,,,,,,,High,High,High,,,,,
14,2025-10-31,14:48:02.93,3,2,"Eisiminger, Jared",1000160731,Right,MIA_RED,"Kirtley, Ryder",827333,Right,MIA_RED,Undefined,1,Top,0,1,0,Fastball,Sinker,InPlay,Undefined,Bunt,Sacrifice,1,0,,90.89952,-0.205245,-3.845148,2063.751147,239.299142,2:00,5.13266,2.68665,6.03166,-22.52993,11.25627,17.1045,3.06468,0.54597,82.75528,-4.441808,-0.775278,0.418351,32.09804,-19.405593,35.475599,,,,,9.57973,9.02776,23.932567,0.171869,-9.96552,6.17622,-2.39546,50,5.10438,8.15037,-131.83593,-1.20163,-17.48889,28.77645,-21.33513,MIA_RED,MIA_RED,McKieFieldStad,TeamExclusive,Team,20251031-McKieFieldStad-Private-2,21ee41d0-b68a-11f0-879f-a1ec9707feb9,90.09761,3.14378,,8.14424,,,,2.60136,3.14378,-0.5521,f6155717-1ea0-46aa-993d-1d70bb7179cd,2025-10-31,18:48:02.93,2025-10-31T14:48:02.9340000-04:00,2025-10-31T18:48:02.9340000Z,GroundBall,v3,471355,471355,,"Raether, Carson",1000338521,Right,MIA_RED,83e9ce8a-cc79-4d8e-96da-37ef10124727,54.46759,-132.80751,14.38823,5.13279,-0.48129,-10.66757,-2.68061,8.74085,-8.74445,279.225415,2.60133,36.16217,-2.04336,,,,,,,3.14386,-15.64845,-15.38576,,,,,,,-0.55208,25.76805,0.32021,,,,,,,,,,,,,,,,,,,,,,,,,,,,,High,High,High,High,High,,,
15,2025-10-31,14:48:46.20,4,1,"Eisiminger, Jared",1000160731,Right,MIA_RED,"Christiansen, Hayden",830132,Right,MIA_RED,Undefined,1,Top,1,0,0,Fastball,Sinker,StrikeCalled,Undefined,Undefined,Undefined,0,0,,91.19335,-1.827996,-5.088387,2006.954698,234.171405,1:45,5.18434,2.448,6.04927,-20.07426,14.1004,17.74375,1.812,-0.79619,81.8866,-5.64831,-1.910531,0.420749,,,,,,,,,,,,-10.73717,8.21323,-2.06033,50,5.03087,10.9566,-131.74981,-4.83192,-18.5534,32.40636,-17.98188,MIA_RED,MIA_RED,McKieFieldStad,TeamExclusive,Team,20251031-McKieFieldStad-Private-2,3b8e02b0-b68a-11f0-879f-a1ec9707feb9,89.58406,,,9.30675,,,,,,,f6155717-1ea0-46aa-993d-1d70bb7179cd,2025-10-31,18:48:46.20,2025-10-31T14:48:46.2000000-04:00,2025-10-31T18:48:46.2000000Z,,v3,471355,471355,,"Raether, Carson",1000338521,Right,MIA_RED,7ba13cf1-85a7-47b7-b887-a3eb966b4e58,54.44609,-132.83892,16.20318,5.1831,-4.22759,-8.99094,-2.43904,11.58014,-9.2767,,,,,,,,,,,,,,,,,,,,,,,,,,,,,,,,,,,,,,,,,,,,,,,,,,,High,High,High,,,,,
16,2025-10-31,14:49:04.71,4,2,"Eisiminger, Jared",1000160731,Right,MIA_RED,"Christiansen, Hayden",830132,Right,MIA_RED,Undefined,1,Top,1,0,1,Slider,Slider,BallCalled,Undefined,Undefined,Undefined,0,0,,80.9071,1.297662,-4.122802,2001.365451,85.670129,8:45,4.86844,2.77948,5.59873,-42.52006,1.05126,-4.74044,2.53992,-1.47118,73.84123,-6.494903,-4.964778,0.475085,,,,,,,,,,,,1.18165,0.57854,-2.42265,50,4.9524,8.63166,-117.12921,1.22567,1.63218,23.3093,-31.37493,MIA_RED,MIA_RED,McKieFieldStad,TeamExclusive,Team,20251031-McKieFieldStad-Private-2,46a97c60-b68a-11f0-879f-a1ec9707feb9,79.33824,,,7.06588,,,,,,,f6155717-1ea0-46aa-993d-1d70bb7179cd,2025-10-31,18:49:04.71,2025-10-31T14:49:04.7130000-04:00,2025-10-31T18:49:04.7130000Z,,v3,471355,471355,,"Raether, Carson",1000338521,Right,MIA_RED,27410002-fb1e-4a9a-9ee4-c65369ff8c3e,54.89866,-118.10004,11.65465,4.87414,2.53244,-15.68746,-2.78075,8.56368,0.81609,,,,,,,,,,,,,,,,,,,,,,,,,,,,,,,,,,,,,,,,,,,,,,,,,,,High,High,High,,,,,
17,2025-10-31,14:49:23.27,4,3,"Eisiminger, Jared",1000160731,Right,MIA_RED,"Christiansen, Hayden",830132,Right,MIA_RED,Undefined,1,Top,1,1,1,Fastball,Sinker,StrikeCalled,Undefined,Undefined,Undefined,0,0,,90.79127,-1.003013,-4.467191,1944.119426,239.361688,2:00,5.05007,2.57793,5.92872,-21.82387,12.69335,19.26741,2.29786,0.03037,81.58864,-5.132742,-1.019012,0.422853,,,,,,,,,,,,-11.23457,7.18748,-2.23089,50,4.95751,9.40498,-131.32183,-3.00299,-19.30973,31.89571,-19.82035,MIA_RED,MIA_RED,McKieFieldStad,TeamExclusive,Team,20251031-McKieFieldStad-Private-2,51b3b800-b68a-11f0-879f-a1ec9707feb9,89.13841,,,9.20263,,,,,,,f6155717-1ea0-46aa-993d-1d70bb7179cd,2025-10-31,18:49:23.27,2025-10-31T14:49:23.2750000-04:00,2025-10-31T18:49:23.2750000Z,,v3,471355,471355,,"Raether, Carson",1000338521,Right,MIA_RED,b6608e8e-907b-4399-9b54-c40708bd836d,54.56669,-132.42636,15.94785,5.04962,-2.31663,-9.91017,-2.56816,10.07366,-9.65486,,,,,,,,,,,,,,,,,,,,,,,,,,,,,,,,,,,,,,,,,,,,,,,,,,,High,High,High,,,,,
18,2025-10-31,14:49:42.51,4,4,"Eisiminger, Jared",1000160731,Right,MIA_RED,"Christiansen, Hayden",830132,Right,MIA_RED,Undefined,1,Top,1,1,2,Slider,Slider,BallCalled,Undefined,Undefined,Undefined,0,0,,83.06669,-0.27452,-3.30997,2095.642564,125.996848,10:15,4.81214,2.64891,5.81208,-34.43966,6.31461,-6.93741,1.68648,-1.01043,76.18133,-6.62615,-4.549639,0.459471,,,,,,,,,,,,2.6098,3.68748,-2.37329,50,4.76917,7.24067,-120.47494,-1.70157,3.82814,23.83297,-26.76513,MIA_RED,MIA_RED,McKieFieldStad,TeamExclusive,Team,20251031-McKieFieldStad-Private-2,5d376960-b68a-11f0-879f-a1ec9707feb9,82.03446,,,6.88536,,,,,,,f6155717-1ea0-46aa-993d-1d70bb7179cd,2025-10-31,18:49:42.51,2025-10-31T14:49:42.5190000-04:00,2025-10-31T18:49:42.5190000Z,,v3,471355,471355,,"Raether, Carson",1000338521,Right,MIA_RED,070e1772-1eef-41ed-b592-9218b109b254,54.68559,-121.39833,11.91648,4.815,-0.66458,-13.38257,-2.65095,7.09235,1.91407,,,,,,,,,,,,,,,,,,,,,,,,,,,,,,,,,,,,,,,,,,,,,,,,,,,High,High,High,,,,,
19,2025-10-31,14:50:01.81,4,5,"Eisiminger, Jared",1000160731,Right,MIA_RED,"Christiansen, Hayden",830132,Right,MIA_RED,Undefined,1,Top,1,2,2,Slider,Slider,InPlay,Undefined,GroundBall,FieldersChoice,1,0,,80.89337,1.283443,-3.462364,1951.004232,112.170867,9:45,4.88366,2.68198,5.56311,-41.08085,3.11288,-3.63961,2.66165,-0.85981,72.76783,-6.296861,-4.109344,0.478467,78.99423,-17.621697,-1.478591,,,,,9.53513,8.97986,3.97466,0.073517,0.67142,1.59697,-2.38047,50,4.96784,7.22609,-117.00877,1.25343,0.91187,26.26647,-30.00511,MIA_RED,MIA_RED,McKieFieldStad,TeamExclusive,Team,20251031-McKieFieldStad-Private-2,68a41050-b68a-11f0-879f-a1ec9707feb9,78.77754,2.58581,,8.12553,,,,1.37411,2.58581,0.87099,f6155717-1ea0-46aa-993d-1d70bb7179cd,2025-10-31,18:50:01.81,2025-10-31T14:50:01.8190000-04:00,2025-10-31T18:50:01.8190000Z,GroundBall,v3,471355,471355,,"Raether, Carson",1000338521,Right,MIA_RED,c8fbc00f-465c-45ec-9a68-49e18b03a20c,54.93239,-118.11082,13.13324,4.88884,2.51233,-15.00256,-2.68284,7.18783,0.45593,180,1.37042,110.69655,,,,,,,,2.58698,-35.17287,,,,,,,,0.87109,-2.8573,,,,,,,,,,,,,,,,,,,,,,,,,,,,,,High,High,High,High,High,,,
20,2025-10-31,14:50:58.41,5,1,"Eisiminger, Jared",1000160731,Right,MIA_RED,"Kirtley, Ryder",827333,Right,MIA_RED,Undefined,1,Top,2,0,0,Fastball,Sinker,InPlay,Undefined,FlyBall,Out,1,0,,90.22307,-0.266224,-4.405604,1946.923524,239.288826,2:00,5.13127,2.46942,5.94736,-23.36261,11.27355,16.97355,2.93673,-0.21037,81.69554,-4.658946,-1.367443,0.423581,72.24947,36.607658,20.332189,3947.138614,99.2551,59.53517,47.41745,253.87349,251.76296,31.41153,4.126947,-10.08414,6.20575,-2.12802,50,5.09698,9.35311,-130.6693,-1.36894,-17.29145,29.65295,-21.53293,MIA_RED,MIA_RED,McKieFieldStad,TeamExclusive,Team,20251031-McKieFieldStad-Private-2,8a584c70-b68a-11f0-879f-a1ec9707feb9,88.98527,62.55406,,8.52753,,,,1.85803,3.03764,0.2137,f6155717-1ea0-46aa-993d-1d70bb7179cd,2025-10-31,18:50:58.41,2025-10-31T14:50:58.4100000-04:00,2025-10-31T18:50:58.4100000Z,FlyBall,v3,471355,471355,,"Raether, Carson",1000338521,Right,MIA_RED,de9e8ebd-f64b-4ac1-bcd4-d85b00ef93b9,54.551,-131.69801,14.82648,5.13151,-0.62193,-10.76647,-2.4629,9.95298,-8.64573,218.867353,1.85803,79.76789,-13.99307,3.35618,-0.74533,0.18381,-0.04484,0.00717,-0.00048,3.03846,63.16314,-18.45706,0.96196,0.10876,-0.15606,0.05603,-0.00912,0.00056,0.21369,29.55532,1.69747,-0.54387,0.11179,-0.01068,-0.00118,0.00038,-3E-05,,,,,,,,,,,,,,,,,,,,,,,High,High,High,High,High,,,
21,2025-10-31,14:53:46.33,1,1,"Sohosky, Zac",1000224033,Left,MIA_RED,"Raether, Carson",1000338521,Left,MIA_RED,Undefined,1,Bottom,0,0,0,Slider,Slider,BallCalled,Undefined,Undefined,Undefined,0,0,,77.39649,2.312371,1.944173,1763.558862,266.206524,2:45,5.73396,-1.40739,5.84773,-45.51782,1.60705,0.57646,4.09196,0.44794,70.34052,-6.105183,2.047425,0.494079,,,,,,,,,,,,0.29157,0.67311,1.24895,50,5.8961,-3.83087,-112.20408,3.10531,0.36893,21.71797,-31.32233,MIA_RED,MIA_RED,McKieFieldStad,TeamExclusive,Team,20251031-McKieFieldStad-Private-2,ee67d690-b68a-11f0-879f-a1ec9707feb9,76.28826,,,7.05596,,,,,,,f6155717-1ea0-46aa-993d-1d70bb7179cd,2025-10-31,18:53:46.33,2025-10-31T14:53:46.3350000-04:00,2025-10-31T18:53:46.3350000Z,,v3,471355,471355,,"Harrison, Tommy",811731,Right,MIA_RED,fe6c33b2-9e69-4d34-9030-91c3d7edb441,54.64765,-113.1001,10.85899,5.74133,4.39756,-15.66117,1.40731,-3.84609,0.18447,,,,,,,,,,,,,,,,,,,,,,,,,,,,,,,,,,,,,,,,,,,,,,,,,,,High,High,High,,,,,
22,2025-10-31,14:53:57.04,1,2,"Sohosky, Zac",1000224033,Left,MIA_RED,"Raether, Carson",1000338521,Left,MIA_RED,Undefined,1,Bottom,0,1,0,Fastball,Changeup,StrikeCalled,Undefined,Undefined,Undefined,0,0,,87.70802,-1.68108,2.881678,1673.017833,145.842065,10:45,5.95217,-0.81885,6.01182,-18.26072,17.79379,-11.32083,2.87073,0.90951,80.49201,-5.141379,0.848199,0.432167,,,,,,,,,,,,6.55366,9.92414,0.5986,50,5.80998,-5.94064,-127.29979,-4.26295,10.80791,24.91152,-15.80778,MIA_RED,MIA_RED,McKieFieldStad,TeamExclusive,Team,20251031-McKieFieldStad-Private-2,f4bcee90-b68a-11f0-879f-a1ec9707feb9,87.21738,,,7.21601,,,,,,,f6155717-1ea0-46aa-993d-1d70bb7179cd,2025-10-31,18:53:57.04,2025-10-31T14:53:57.0420000-04:00,2025-10-31T18:53:57.0420000Z,,v3,471355,471355,,"Harrison, Tommy",811731,Right,MIA_RED,f2d50eda-efa9-4147-ab5a-424298da814d,54.4853,-128.17452,12.45576,5.94992,-3.70788,-7.90389,0.81386,-6.32015,5.40395,,,,,,,,,,,,,,,,,,,,,,,,,,,,,,,,,,,,,,,,,,,,,,,,,,,High,High,High,,,,,
23,2025-10-31,14:54:11.05,1,3,"Sohosky, Zac",1000224033,Left,MIA_RED,"Raether, Carson",1000338521,Left,MIA_RED,Undefined,1,Bottom,0,1,1,Slider,Curveball,BallCalled,Undefined,Undefined,Undefined,0,0,,78.51251,2.099566,1.160673,2025.080265,326.089982,4:45,5.57215,-1.49092,5.69824,-45.18058,0.38161,0.67067,3.76485,-0.35331,72.0539,-6.201899,1.280583,0.485818,,,,,,,,,,,,-0.02445,0.10008,1.3931,50,5.72051,-2.33544,-113.98726,2.70282,-0.03226,20.44181,-32.04205,MIA_RED,MIA_RED,McKieFieldStad,TeamExclusive,Team,20251031-McKieFieldStad-Private-2,fd24e100-b68a-11f0-879f-a1ec9707feb9,77.5855,,,6.45861,,,,,,,f6155717-1ea0-46aa-993d-1d70bb7179cd,2025-10-31,18:54:11.05,2025-10-31T14:54:11.0540000-04:00,2025-10-31T18:54:11.0540000Z,,v3,471355,471355,,"Harrison, Tommy",811731,Right,MIA_RED,e7bfbf12-b103-4613-8e00-ac906daf977e,54.79934,-114.84472,10.22091,5.57895,4.04686,-16.02103,1.49104,-2.33409,-0.01613,,,,,,,,,,,,,,,,,,,,,,,,,,,,,,,,,,,,,,,,,,,,,,,,,,,High,High,High,,,,,
24,2025-10-31,14:54:24.83,1,4,"Sohosky, Zac",1000224033,Left,MIA_RED,"Raether, Carson",1000338521,Left,MIA_RED,Undefined,1,Bottom,0,2,1,Slider,Slider,BallCalled,Undefined,Undefined,Undefined,0,0,,79.15501,1.703675,1.662428,2125.370966,273.372799,3:00,5.53987,-1.60196,5.92123,-43.1225,0.88098,5.1687,3.52839,0.37185,73.43255,-6.223967,2.589989,0.477436,,,,,,,,,,,,-2.24425,0.4335,1.46601,50,5.65173,-3.53186,-115.08875,2.06024,-3.04845,18.80697,-31.58522,MIA_RED,MIA_RED,McKieFieldStad,TeamExclusive,Team,20251031-McKieFieldStad-Private-2,05596760-b68b-11f0-879f-a1ec9707feb9,78.94765,,,5.72245,,,,,,,f6155717-1ea0-46aa-993d-1d70bb7179cd,2025-10-31,18:54:24.83,2025-10-31T14:54:24.8300000-04:00,2025-10-31T18:54:24.8300000Z,,v3,471355,471355,,"Harrison, Tommy",811731,Right,MIA_RED,e23d214f-17e7-4d94-a3fd-95a2eb828743,54.57836,-115.8345,9.40348,5.54521,3.31268,-15.79261,1.60366,-3.41098,-1.52423,,,,,,,,,,,,,,,,,,,,,,,,,,,,,,,,,,,,,,,,,,,,,,,,,,,High,High,High,,,,,
25,2025-10-31,14:54:37.74,1,5,"Sohosky, Zac",1000224033,Left,MIA_RED,"Raether, Carson",1000338521,Left,MIA_RED,Undefined,1,Bottom,0,3,1,Fastball,Sinker,BallCalled,Walk,Undefined,Undefined,0,0,,89.59894,-0.731464,1.357202,1802.522047,149.340681,11:00,5.88783,-1.14389,6.22696,-15.8395,18.58651,-10.35623,3.89279,-0.7545,81.59601,-3.78264,-0.512866,0.422294,,,,,,,,,,,,5.70803,10.1491,1.04719,50,5.82499,-2.65102,-130.15329,-2.07206,9.76369,28.03417,-14.81387,MIA_RED,MIA_RED,McKieFieldStad,TeamExclusive,Team,20251031-McKieFieldStad-Private-2,0cfe7f00-b68b-11f0-879f-a1ec9707feb9,89.25645,,,8.00293,,,,,,,f6155717-1ea0-46aa-993d-1d70bb7179cd,2025-10-31,18:54:37.74,2025-10-31T14:54:37.7420000-04:00,2025-10-31T18:54:37.7420000Z,,v3,471355,471355,,"Harrison, Tommy",811731,Right,MIA_RED,0a04cbdc-2de2-42dc-8fc0-9e8c424d7021,54.26861,-131.06949,14.01709,5.8848,-1.58792,-7.40694,1.13904,-2.97012,4.88184,,,,,,,,,,,,,,,,,,,,,,,,,,,,,,,,,,,,,,,,,,,,,,,,,,,High,High,High,,,,,
26,2025-10-31,14:55:07.69,2,1,"Sohosky, Zac",1000224033,Left,MIA_RED,"Krupinski, Dom",702597,Left,MIA_RED,Undefined,1,Bottom,0,0,0,Fastball,Changeup,StrikeCalled,Undefined,Undefined,Undefined,0,0,,88.35935,-1.944883,2.371931,1648.094396,146.720755,11:00,5.83368,-0.97183,5.95504,-19.2867,16.28682,-9.97587,2.42061,0.39775,81.18499,-5.5783,0.580601,0.429274,,,,,,,,,,,,5.72831,9.20272,0.7888,50,5.66813,-4.89808,-128.27479,-4.93973,9.59464,25.22734,-16.75997,MIA_RED,MIA_RED,McKieFieldStad,TeamExclusive,Team,20251031-McKieFieldStad-Private-2,1ed99250-b68b-11f0-879f-a1ec9707feb9,87.80504,,,7.17436,,,,,,,f6155717-1ea0-46aa-993d-1d70bb7179cd,2025-10-31,18:55:07.69,2025-10-31T14:55:07.6990000-04:00,2025-10-31T18:55:07.6990000Z,,v3,471355,471355,,"Harrison, Tommy",811731,Right,MIA_RED,ed0246c4-d125-46d6-b37e-8792e52f678e,54.54233,-129.16503,12.61367,5.83201,-4.34829,-8.37998,0.96762,-5.23666,4.79732,,,,,,,,,,,,,,,,,,,,,,,,,,,,,,,,,,,,,,,,,,,,,,,,,,,High,High,High,,,,,
27,2025-10-31,14:55:24.05,2,2,"Sohosky, Zac",1000224033,Left,MIA_RED,"Krupinski, Dom",702597,Left,MIA_RED,Undefined,1,Bottom,0,0,1,Slider,Slider,StrikeCalled,Undefined,Undefined,Undefined,0,0,,79.48683,0.98209,2.226188,1961.136007,21.361981,6:45,5.50968,-1.50879,5.63993,-43.61711,0.58039,-0.2535,2.79186,0.54786,73.67438,-6.989164,2.180923,0.478487,,,,,,,,,,,,0.67854,0.44929,1.3198,50,5.56519,-4.48012,-115.49899,0.53222,0.92658,19.32051,-31.56054,MIA_RED,MIA_RED,McKieFieldStad,TeamExclusive,Team,20251031-McKieFieldStad-Private-2,28aa6390-b68b-11f0-879f-a1ec9707feb9,78.77418,,,5.81245,,,,,,,f6155717-1ea0-46aa-993d-1d70bb7179cd,2025-10-31,18:55:24.05,2025-10-31T14:55:24.0530000-04:00,2025-10-31T18:55:24.0530000Z,,v3,471355,471355,,"Harrison, Tommy",811731,Right,MIA_RED,30e690dc-78a2-4674-b399-b2bf680350d5,54.85942,-116.30903,9.66026,5.51513,1.85543,-15.78027,1.50845,-4.51897,0.46329,,,,,,,,,,,,,,,,,,,,,,,,,,,,,,,,,,,,,,,,,,,,,,,,,,,High,High,High,,,,,
28,2025-10-31,14:55:57.95,2,3,"Sohosky, Zac",1000224033,Left,MIA_RED,"Krupinski, Dom",702597,Left,MIA_RED,Undefined,1,Bottom,0,0,2,Slider,Slider,BallCalled,Undefined,Undefined,Undefined,0,0,,79.10324,1.954992,2.160443,1905.930823,287.700494,3:30,5.57509,-1.49155,5.64276,-44.98928,0.69685,2.79669,3.65163,0.75775,71.59273,-6.336798,2.659433,0.486479,,,,,,,,,,,,-0.7215,0.28803,1.30636,50,5.71317,-4.43545,-114.59183,2.42105,-0.94736,23.64573,-31.79583,MIA_RED,MIA_RED,McKieFieldStad,TeamExclusive,Team,20251031-McKieFieldStad-Private-2,3cdb9be0-b68b-11f0-879f-a1ec9707feb9,77.48017,,,7.51052,,,,,,,f6155717-1ea0-46aa-993d-1d70bb7179cd,2025-10-31,18:55:57.95,2025-10-31T14:55:57.9550000-04:00,2025-10-31T18:55:57.9550000Z,,v3,471355,471355,,"Harrison, Tommy",811731,Right,MIA_RED,8b9cd4e3-25a4-4fe6-8016-b4e8600498ea,54.85194,-115.58868,11.82286,5.58285,3.76149,-15.89791,1.49251,-4.39551,-0.47368,,,,,,,,,,,,,,,,,,,,,,,,,,,,,,,,,,,,,,,,,,,,,,,,,,,High,High,High,,,,,
29,2025-10-31,14:56:17.24,2,4,"Sohosky, Zac",1000224033,Left,MIA_RED,"Krupinski, Dom",702597,Left,MIA_RED,Undefined,1,Bottom,0,1,2,Fastball,Four-Seam,StrikeSwinging,Strikeout,Undefined,Undefined,0,0,,91.23158,-1.406787,3.246722,1615.096285,143.852226,10:45,5.87983,-1.02556,6.00218,-19.77647,13.50398,-9.13855,2.92599,1.22434,83.89769,-5.119659,1.606379,0.415208,,,,,,,,,,,,5.51004,7.61083,0.7749,50,5.75809,-7.11901,-132.41237,-3.88566,9.85331,26.35877,-18.56406,MIA_RED,MIA_RED,McKieFieldStad,TeamExclusive,Team,20251031-McKieFieldStad-Private-2,48533f50-b68b-11f0-879f-a1ec9707feb9,90.77962,,,7.33389,,,,,,,f6155717-1ea0-46aa-993d-1d70bb7179cd,2025-10-31,18:56:17.24,2025-10-31T14:56:17.2410000-04:00,2025-10-31T18:56:17.2410000Z,,v3,471355,471355,,"Harrison, Tommy",811731,Right,MIA_RED,d5c1b888-d13f-4dd5-8cc3-3d5f7eee8781,54.49518,-133.3042,13.17939,5.87893,-3.25756,-9.28203,1.02141,-7.45239,4.92665,,,,,,,,,,,,,,,,,,,,,,,,,,,,,,,,,,,,,,,,,,,,,,,,,,,High,High,High,,,,,
30,2025-10-31,14:56:46.30,3,1,"Sohosky, Zac",1000224033,Left,MIA_RED,"Appelwick, Evan",695485,Right,MIA_RED,Undefined,1,Bottom,1,0,0,Fastball,Four-Seam,BallCalled,Undefined,Undefined,Undefined,0,0,,89.34193,-3.006768,3.105457,1588.324442,173.605113,11:45,5.83568,-1.08647,6.17178,-12.26174,22.41852,-2.3898,2.03024,1.58533,81.87644,-5.387034,2.675453,0.42385,,,,,,,,,,,,2.06457,12.71284,0.85247,50,5.60103,-6.92779,-129.51438,-7.08687,3.51764,26.26486,-10.51387,MIA_RED,MIA_RED,McKieFieldStad,TeamExclusive,Team,20251031-McKieFieldStad-Private-2,59a30290-b68b-11f0-879f-a1ec9707feb9,88.92866,,,7.46549,,,,,,,f6155717-1ea0-46aa-993d-1d70bb7179cd,2025-10-31,18:56:46.30,2025-10-31T14:56:46.3060000-04:00,2025-10-31T18:56:46.3060000Z,,v3,471355,471355,,"Harrison, Tommy",811731,Right,MIA_RED,dba6b874-c23b-48c8-ae1c-8b9fed39868f,54.32449,-130.38841,13.13243,5.83104,-6.73699,-5.25694,1.08496,-7.04485,1.75882,,,,,,,,,,,,,,,,,,,,,,,,,,,,,,,,,,,,,,,,,,,,,,,,,,,High,High,High,,,,,
31,2025-10-31,14:57:11.41,3,2,"Sohosky, Zac",1000224033,Left,MIA_RED,"Appelwick, Evan",695485,Right,MIA_RED,Undefined,1,Bottom,1,1,0,Sinker,Sinker,InPlay,Undefined,GroundBall,FieldersChoice,0,0,,90.90768,-2.960985,2.814915,1645.814913,127.25811,10:15,5.92506,-1.02226,5.92811,-19.56245,13.9456,-17.05674,1.54178,0.17022,84.0699,-6.612222,-0.24694,0.416626,93.84467,-8.067013,-37.438288,,,,,11.35229,5.04029,-31.48123,0.071758,9.52949,8.20567,0.80723,50,5.67684,-5.78541,-131.96096,-7.46692,16.98378,25.25922,-17.54964,MIA_RED,MIA_RED,McKieFieldStad,TeamExclusive,Team,20251031-McKieFieldStad-Private-2,68b24bb0-b68b-11f0-879f-a1ec9707feb9,90.47075,1.38728,,6.83778,,,,1.90966,1.38728,0.02176,f6155717-1ea0-46aa-993d-1d70bb7179cd,2025-10-31,18:57:11.41,2025-10-31T14:57:11.4130000-04:00,2025-10-31T18:57:11.4130000Z,GroundBall,v3,471355,471355,,"Harrison, Tommy",811731,Right,MIA_RED,ffc374d2-3d08-47a7-9b9f-5595d4f099c7,54.57269,-132.83335,12.62961,5.92427,-6.86079,-8.77482,1.01718,-6.37199,8.49189,180,1.90851,108.3042,,,,,,,,1.38748,-19.33274,,,,,,,,0.02264,-82.91955,,,,,,,,,,,,,,,,,,,,,,,,,,,,,,High,High,High,Low,Low,,,
32,2025-10-31,14:57:51.01,4,1,"Sohosky, Zac",1000224033,Left,MIA_RED,"Breidenbach, Mason",1000074554,Right,MIA_RED,Undefined,1,Bottom,1,0,0,Fastball,Sinker,InPlay,Undefined,GroundBall,FieldersChoice,1,1,,88.77587,-2.069408,1.317077,1633.503059,138.813249,10:45,6.08172,-0.81636,5.91038,-20.1221,15.13513,-12.3078,2.48282,-0.61936,81.65739,-5.843916,-0.893517,0.427362,78.45928,2.335742,0.805581,881.877448,,,,52.46804,50.92308,0.390397,0.471747,6.6852,8.64331,0.71786,50,5.90413,-2.45886,-128.9666,-5.28929,11.31411,25.59832,-17.54602,MIA_RED,MIA_RED,McKieFieldStad,TeamExclusive,Team,20251031-McKieFieldStad-Private-2,8065f400-b68b-11f0-879f-a1ec9707feb9,88.19797,2.62635,,7.11848,,,,0.56465,2.36777,0.65244,f6155717-1ea0-46aa-993d-1d70bb7179cd,2025-10-31,18:57:51.01,2025-10-31T14:57:51.0110000-04:00,2025-10-31T18:57:51.0110000Z,GroundBall,v3,471355,471355,,"Harrison, Tommy",811731,Right,MIA_RED,c6069611-6317-41e6-96bd-6de2f53c5a2d,54.58848,-129.87416,12.79916,6.08063,-4.66721,-8.77301,0.81215,-2.85999,5.65705,45.451754,0.56728,114.89197,-10.34809,,,,,,,2.37618,4.45216,-20.15123,,,,,,,0.6565,1.50137,-4.54354,,,,,,,,,,,,,,,,,,,,,,,,,,,,,High,High,High,High,High,,,
33,2025-10-31,14:58:19.92,5,1,"Sohosky, Zac",1000224033,Left,MIA_RED,"Novak, Ryan",10035937,Left,MIA_RED,Undefined,1,Bottom,2,0,0,Slider,Slider,StrikeCalled,Undefined,Undefined,Undefined,0,0,,79.97211,0.758777,1.588033,1982.004513,330.155163,5:00,5.62237,-1.41638,5.68082,-45.53908,-1.70665,1.72469,2.53505,0.208,73.76606,-7.57127,1.896581,0.476507,,,,,,,,,,,,-0.45095,-0.64425,1.28154,50,5.65775,-3.28838,-116.19224,0.01285,-0.61894,20.96275,-33.05826,MIA_RED,MIA_RED,McKieFieldStad,TeamExclusive,Team,20251031-McKieFieldStad-Private-2,917097f0-b68b-11f0-879f-a1ec9707feb9,79.10157,,,6.20605,,,,,,,f6155717-1ea0-46aa-993d-1d70bb7179cd,2025-10-31,18:58:19.92,2025-10-31T14:58:19.9240000-04:00,2025-10-31T18:58:19.9240000Z,,v3,471355,471355,,"Harrison, Tommy",811731,Right,MIA_RED,1d166763-5007-4652-95b9-f6d9f06cf3b9,54.8181,-117.05827,10.48138,5.62901,1.37858,-16.52913,1.41686,-3.26281,-0.30947,,,,,,,,,,,,,,,,,,,,,,,,,,,,,,,,,,,,,,,,,,,,,,,,,,,High,High,High,,,,,
34,2025-10-31,14:58:44.26,5,2,"Sohosky, Zac",1000224033,Left,MIA_RED,"Novak, Ryan",10035937,Left,MIA_RED,Undefined,1,Bottom,2,0,1,Fastball,Sinker,BallCalled,Undefined,Undefined,Undefined,0,0,,90.02955,-2.666553,3.240339,1675.816083,145.160442,10:45,6.00265,-0.87637,5.87203,-17.21552,17.16525,-11.22347,2.08554,1.20122,82.85984,-5.911142,1.230409,0.422016,,,,,,,,,,,,6.55965,9.78516,0.62049,50,5.77643,-6.91254,-130.55851,-6.61226,11.40928,25.5078,-15.15462,MIA_RED,MIA_RED,McKieFieldStad,TeamExclusive,Team,20251031-McKieFieldStad-Private-2,a00b2640-b68b-11f0-879f-a1ec9707feb9,89.31513,,,7.16971,,,,,,,f6155717-1ea0-46aa-993d-1d70bb7179cd,2025-10-31,18:58:44.26,2025-10-31T14:58:44.2650000-04:00,2025-10-31T18:58:44.2650000Z,,v3,471355,471355,,"Harrison, Tommy",811731,Right,MIA_RED,5b83a593-1ea8-4821-a3e0-8181f65a395e,54.62591,-131.45919,12.7539,6.00047,-6.07716,-7.57731,0.87168,-7.3154,5.70464,,,,,,,,,,,,,,,,,,,,,,,,,,,,,,,,,,,,,,,,,,,,,,,,,,,High,High,High,,,,,
35,2025-10-31,14:59:00.96,5,3,"Sohosky, Zac",1000224033,Left,MIA_RED,"Novak, Ryan",10035937,Left,MIA_RED,Undefined,1,Bottom,2,1,1,Sinker,Sinker,BallCalled,Undefined,Undefined,Undefined,0,0,,89.77621,-2.085577,3.541047,1680.254623,128.751387,10:15,5.87155,-0.95748,6.1129,-21.88761,12.30694,-14.07556,2.1147,1.14781,82.80057,-6.179752,1.008747,0.420872,,,,,,,,,,,,8.15504,7.20071,0.6928,50,5.6997,-7.4851,-130.28706,-5.44325,14.14237,25.08826,-19.68665,MIA_RED,MIA_RED,McKieFieldStad,TeamExclusive,Team,20251031-McKieFieldStad-Private-2,aa0159d0-b68b-11f0-879f-a1ec9707feb9,89.558,,,6.97564,,,,,,,f6155717-1ea0-46aa-993d-1d70bb7179cd,2025-10-31,18:59:00.96,2025-10-31T14:59:00.9640000-04:00,2025-10-31T18:59:00.9640000Z,,v3,471355,471355,,"Harrison, Tommy",811731,Right,MIA_RED,acb312d4-3389-4bf5-836c-7afb796e893b,54.38597,-131.12891,12.54413,5.87127,-4.78266,-9.84332,0.95193,-7.95965,7.07118,,,,,,,,,,,,,,,,,,,,,,,,,,,,,,,,,,,,,,,,,,,,,,,,,,,High,High,High,,,,,
36,2025-10-31,14:59:18.41,5,4,"Sohosky, Zac",1000224033,Left,MIA_RED,"Novak, Ryan",10035937,Left,MIA_RED,Undefined,1,Bottom,2,2,1,Slider,Slider,BallCalled,Undefined,Undefined,Undefined,0,0,,80.21652,0.158683,3.101212,2009.494028,315.671988,4:30,5.57224,-1.4715,5.74993,-43.87821,-0.77661,1.87095,2.06367,1.57429,74.80633,-7.839757,3.435691,0.472518,,,,,,,,,,,,-0.22059,-0.0613,1.21269,50,5.55848,-6.38656,-116.56624,-1.12902,-0.30797,18.90393,-32.25961,MIA_RED,MIA_RED,McKieFieldStad,TeamExclusive,Team,20251031-McKieFieldStad-Private-2,b465b880-b68b-11f0-879f-a1ec9707feb9,79.76937,,,5.41019,,,,,,,f6155717-1ea0-46aa-993d-1d70bb7179cd,2025-10-31,18:59:18.41,2025-10-31T14:59:18.4100000-04:00,2025-10-31T18:59:18.4100000Z,,v3,471355,471355,,"Harrison, Tommy",811731,Right,MIA_RED,75e4dbf9-cb58-434f-86fa-c87ec19bb131,54.75032,-117.33408,9.45197,5.57773,0.18131,-16.12981,1.47184,-6.37405,-0.15398,,,,,,,,,,,,,,,,,,,,,,,,,,,,,,,,,,,,,,,,,,,,,,,,,,,High,High,High,,,,,
37,2025-10-31,14:59:41.94,5,5,"Sohosky, Zac",1000224033,Left,MIA_RED,"Novak, Ryan",10035937,Left,MIA_RED,Undefined,1,Bottom,2,3,1,Fastball,Sinker,FoulBallNotFieldable,Undefined,Undefined,Undefined,0,0,,89.68225,-2.300747,2.835901,1692.262406,139.604948,10:45,5.84253,-1.05487,6.05012,-18.32371,16.14237,-12.82788,2.18199,0.50349,82.32715,-5.762937,0.529201,0.42254,,,,,,,,,,,,7.41103,9.27414,0.84119,50,5.65342,-5.92718,-130.16251,-5.78433,12.76183,26.36275,-16.20393,MIA_RED,MIA_RED,McKieFieldStad,TeamExclusive,Team,20251031-McKieFieldStad-Private-2,c2673b20-b68b-11f0-879f-a1ec9707feb9,89.20451,,,7.3551,,,,,,,f6155717-1ea0-46aa-993d-1d70bb7179cd,2025-10-31,18:59:41.94,2025-10-31T14:59:41.9460000-04:00,2025-10-31T18:59:41.9460000Z,,v3,471355,471355,,"Harrison, Tommy",811731,Right,MIA_RED,55ebe237-edf0-4658-bf2f-d0e248656d7d,54.4491,-131.06052,13.18137,5.84106,-5.23237,-8.10197,1.0505,-6.36189,6.38091,,,,,,,,,,,,,,,,,,,,,,,,,,,,,,,,,,,,,,,,,,,,,,,,,,,High,High,High,,,,,
38,2025-10-31,15:00:17.53,5,6,"Sohosky, Zac",1000224033,Left,MIA_RED,"Novak, Ryan",10035937,Left,MIA_RED,Undefined,1,Bottom,2,3,2,Slider,Slider,BallCalled,Walk,Undefined,Undefined,0,0,,79.69871,0.369107,2.679147,1874.527878,322.337895,4:45,5.57905,-1.42121,5.91801,-45.22727,-2.26335,2.52504,2.15302,1.27729,74.99964,-7.876311,3.132334,0.471763,,,,,,,,,,,,-0.73784,-0.92681,1.20509,50,5.58247,-5.51946,-115.99982,-0.70183,-1.02948,16.8141,-33.46719,MIA_RED,MIA_RED,McKieFieldStad,TeamExclusive,Team,20251031-McKieFieldStad-Private-2,d789d850-b68b-11f0-879f-a1ec9707feb9,79.89706,,,4.69907,,,,,,,f6155717-1ea0-46aa-993d-1d70bb7179cd,2025-10-31,19:00:17.53,2025-10-31T15:00:17.5300000-04:00,2025-10-31T19:00:17.5300000Z,,v3,471355,471355,,"Harrison, Tommy",811731,Right,MIA_RED,4b22ad07-746e-4697-8045-7adddb0a8e4c,54.58399,-116.66237,8.40705,5.58414,0.61694,-16.7336,1.42178,-5.47889,-0.51474,,,,,,,,,,,,,,,,,,,,,,,,,,,,,,,,,,,,,,,,,,,,,,,,,,,High,High,High,,,,,
39,2025-10-31,15:02:41.75,1,1,"Eisiminger, Jared",1000160731,Right,MIA_RED,"Harrison, Tommy",811731,Left,MIA_RED,Undefined,2,Top,0,0,0,Fastball,Sinker,BallCalled,Undefined,Undefined,Undefined,0,0,,90.12155,0.205454,-4.562938,2053.228183,231.685498,1:45,5.2374,2.58895,6.09688,-19.71517,14.48576,16.97599,3.78509,-0.22553,82.26289,-3.526141,-1.517879,0.420911,,,,,,,,,,,,-9.95067,7.73004,-2.24568,50,5.24276,9.71075,-130.62532,-0.1244,-17.23611,26.86596,-18.78437,MIA_RED,MIA_RED,McKieFieldStad,TeamExclusive,Team,20251031-McKieFieldStad-Private-2,2d7a93d0-b68c-11f0-879f-a1ec9707feb9,89.54967,,,7.85866,,,,,,,f6155717-1ea0-46aa-993d-1d70bb7179cd,2025-10-31,19:02:41.75,2025-10-31T15:02:41.7560000-04:00,2025-10-31T19:02:41.7560000Z,,v3,471355,471355,,"Raether, Carson",1000338521,Right,MIA_RED,f8af662d-0ae3-4eca-80ba-80c4c4ae05f4,54.40107,-131.52739,13.43298,5.23635,0.50631,-9.39219,-2.58145,10.28948,-8.61805,,,,,,,,,,,,,,,,,,,,,,,,,,,,,,,,,,,,,,,,,,,,,,,,,,,High,High,High,,,,,
40,2025-10-31,15:02:58.12,1,2,"Eisiminger, Jared",1000160731,Right,MIA_RED,"Harrison, Tommy",811731,Left,MIA_RED,Undefined,2,Top,0,1,0,Fastball,Sinker,FoulBallNotFieldable,Undefined,Undefined,Undefined,0,0,,90.11812,-0.747879,-3.792742,2047.814809,228.778535,1:45,5.18266,2.60691,5.96511,-18.63836,15.77914,16.74103,2.93448,0.48027,82.13854,-4.282493,-0.792066,0.422242,73.69351,35.763054,-154.640203,3456.50688,,,,,40.3031,,,-9.69201,8.64874,-2.31539,50,5.11291,7.96284,-130.69079,-2.27542,-16.74513,27.81187,-17.23143,MIA_RED,MIA_RED,McKieFieldStad,TeamExclusive,Team,20251031-McKieFieldStad-Private-2,376073b0-b68c-11f0-879f-a1ec9707feb9,89.26744,25.79284,,7.97958,,,,1.03552,2.93697,-0.43437,f6155717-1ea0-46aa-993d-1d70bb7179cd,2025-10-31,19:02:58.12,2025-10-31T15:02:58.1230000-04:00,2025-10-31T19:02:58.1230000Z,,v3,471355,471355,,"Raether, Carson",1000338521,Right,MIA_RED,c39d1bd6-23b9-4afd-96d5-af8dc451863c,54.53361,-131.65204,13.90594,5.18126,-1.67986,-8.61572,-2.60061,8.54159,-8.37257,,1.043,-79.46544,4.83289,,,,,,,2.9696,62.26424,-31.93694,,,,,,,-0.44366,-37.30728,7.64466,,,,,,,,,,,,,,,,,,,,,,,,,,,,,High,High,High,High,Undefined,,,
41,2025-10-31,15:03:18.09,1,3,"Eisiminger, Jared",1000160731,Right,MIA_RED,"Harrison, Tommy",811731,Left,MIA_RED,Undefined,2,Top,0,1,1,Slider,Slider,StrikeCalled,Undefined,Undefined,Undefined,0,0,,79.58996,-0.08138,-3.027156,1947.423757,124.945783,10:15,4.93162,2.81256,5.6034,-37.74927,6.99961,-7.99886,1.70977,-0.68249,73.01122,-7.01671,-4.451605,0.481463,,,,,,,,,,,,3.18158,4.01402,-2.5481,50,4.90039,6.41697,-115.40701,-1.38776,4.28227,21.87916,-26.77131,MIA_RED,MIA_RED,McKieFieldStad,TeamExclusive,Team,20251031-McKieFieldStad-Private-2,43689750-b68c-11f0-879f-a1ec9707feb9,78.28738,,,6.57874,,,,,,,f6155717-1ea0-46aa-993d-1d70bb7179cd,2025-10-31,19:03:18.09,2025-10-31T15:03:18.0940000-04:00,2025-10-31T19:03:18.0940000Z,,v3,471355,471355,,"Raether, Carson",1000338521,Right,MIA_RED,74d6b1e7-36d0-4f9a-b784-183c7cb053f9,54.89324,-116.33099,10.93958,4.93513,-0.25719,-13.38566,-2.81528,6.23613,2.14114,,,,,,,,,,,,,,,,,,,,,,,,,,,,,,,,,,,,,,,,,,,,,,,,,,,High,High,High,,,,,
42,2025-10-31,15:03:35.67,1,4,"Eisiminger, Jared",1000160731,Right,MIA_RED,"Harrison, Tommy",811731,Left,MIA_RED,Undefined,2,Top,0,1,2,ChangeUp,Changeup,BallCalled,Undefined,Undefined,Undefined,0,0,,83.96649,-1.12032,-5.460658,1493.922588,261.473974,2:45,4.76853,2.83514,6.43243,-35.19474,4.56,20.45729,0.8012,-0.49385,75.64768,-7.716022,-1.768204,0.453801,,,,,,,,,,,,-12.51241,3.17772,-2.45447,50,4.67292,10.84107,-121.40203,-3.43302,-18.32359,27.92409,-27.5205,MIA_RED,MIA_RED,McKieFieldStad,TeamExclusive,Team,20251031-McKieFieldStad-Private-2,4dbe5000-b68c-11f0-879f-a1ec9707feb9,83.05934,,,8.31881,,,,,,,f6155717-1ea0-46aa-993d-1d70bb7179cd,2025-10-31,19:03:35.67,2025-10-31T15:03:35.6710000-04:00,2025-10-31T19:03:35.6710000Z,,v3,471355,471355,,"Raether, Carson",1000338521,Right,MIA_RED,43cc0381-2bc9-47c8-b8d4-705ca482c975,54.06536,-122.33354,13.96204,4.77213,-2.51496,-13.76025,-2.82631,11.45232,-9.16179,,,,,,,,,,,,,,,,,,,,,,,,,,,,,,,,,,,,,,,,,,,,,,,,,,,High,High,High,,,,,
43,2025-10-31,15:03:52.32,1,5,"Eisiminger, Jared",1000160731,Right,MIA_RED,"Harrison, Tommy",811731,Left,MIA_RED,Undefined,2,Top,0,2,2,ChangeUp,Changeup,InPlay,Undefined,FlyBall,Out,1,0,,83.98724,1.404378,-3.482349,1694.74101,256.795156,2:30,4.89141,2.87629,6.18905,-34.81041,5.04646,15.34406,3.28984,0.93582,75.54788,-5.119747,-0.719238,0.454384,92.25779,25.558464,-19.267145,2987.847588,101.46208,45.52924,-42.49011,323.76978,317.97864,-27.838481,3.978811,-9.05772,2.57291,-2.62109,50,4.98013,6.80525,-121.67727,1.90673,-13.35348,27.58132,-28.38087,MIA_RED,MIA_RED,McKieFieldStad,TeamExclusive,Team,20251031-McKieFieldStad-Private-2,57bbaf80-b68c-11f0-879f-a1ec9707feb9,82.95282,55.52515,,8.43936,,,,0.79523,3.2517,-0.90221,f6155717-1ea0-46aa-993d-1d70bb7179cd,2025-10-31,19:03:52.32,2025-10-31T15:03:52.3280000-04:00,2025-10-31T19:03:52.3280000Z,LineDrive,v3,471355,471355,,"Raether, Carson",1000338521,Right,MIA_RED,66d7a2b8-63dd-4349-b52d-a878a458d2ad,54.30748,-122.64978,13.79066,4.89525,2.90744,-14.19044,-2.86934,7.2761,-6.67674,138.114405,0.79428,115.26412,-21.64239,5.36048,-1.44654,0.43948,-0.11406,0.01774,-0.00114,3.25285,58.34192,-17.64713,0.60202,0.32302,-0.23983,0.07806,-0.01204,0.00071,-0.90222,-40.27715,-0.68998,0.96862,-0.32796,0.07657,-0.0125,0.0011,-3E-05,,,,,,,,,,,,,,,,,,,,,,,High,High,High,High,High,,,
44,2025-10-31,15:04:28.45,2,1,"Eisiminger, Jared",1000160731,Right,MIA_RED,"Proctor, Keenan",823047,Left,MIA_RED,Undefined,2,Top,1,0,0,ChangeUp,Changeup,BallCalled,Undefined,Undefined,Undefined,0,0,,83.05681,-1.992307,-5.444049,1591.867733,252.861791,2:30,4.82042,2.81761,6.45396,-33.90222,6.59752,16.59521,0.15596,-0.81576,75.20478,-8.339002,-2.447875,0.458034,,,,,,,,,,,,-10.43749,4.52122,-2.43841,50,4.66393,10.83405,-120.06166,-5.17765,-15.00538,26.51477,-25.67413,MIA_RED,MIA_RED,McKieFieldStad,TeamExclusive,Team,20251031-McKieFieldStad-Private-2,6d56ff20-b68c-11f0-879f-a1ec9707feb9,82.29182,,,7.85202,,,,,,,f6155717-1ea0-46aa-993d-1d70bb7179cd,2025-10-31,19:04:28.45,2025-10-31T15:04:28.4510000-04:00,2025-10-31T19:04:28.4510000Z,,v3,471355,471355,,"Raether, Carson",1000338521,Right,MIA_RED,0ce8bdab-3d20-4e53-acb5-471e49a0b1c9,54.04344,-120.95133,13.25739,4.82321,-4.31618,-12.83707,-2.81038,11.33754,-7.50269,,,,,,,,,,,,,,,,,,,,,,,,,,,,,,,,,,,,,,,,,,,,,,,,,,,High,High,High,,,,,
45,2025-10-31,15:04:48.70,2,2,"Eisiminger, Jared",1000160731,Right,MIA_RED,"Proctor, Keenan",823047,Left,MIA_RED,Undefined,2,Top,1,1,0,Fastball,Sinker,FoulBallNotFieldable,Undefined,Undefined,Undefined,0,0,,90.68352,-1.173977,-4.195341,2247.230511,242.680285,2:00,5.14613,2.59842,5.91489,-23.5334,11.08855,18.96922,2.0924,0.27867,81.51309,-5.607507,-0.798727,0.423494,62.62705,50.459799,-88.450934,5147.067923,,,,,58.84636,,,-11.11178,6.42933,-2.27262,50,5.03858,8.80658,-131.22047,-3.46787,-19.0404,32.23064,-21.15719,MIA_RED,MIA_RED,McKieFieldStad,TeamExclusive,Team,20251031-McKieFieldStad-Private-2,796d2c80-b68c-11f0-879f-a1ec9707feb9,89.00348,50.91757,,9.17043,,,,2.16865,2.16577,-0.28947,f6155717-1ea0-46aa-993d-1d70bb7179cd,2025-10-31,19:04:48.70,2025-10-31T15:04:48.7010000-04:00,2025-10-31T19:04:48.7010000Z,,v3,471355,471355,,"Raether, Carson",1000338521,Right,MIA_RED,c3efe19e-bd19-4cca-84f7-77d61ca58962,54.58212,-132.34115,16.11532,5.14637,-2.73221,-10.57859,-2.59035,9.46863,-9.5202,,2.16865,1.58076,-6.10738,0.41677,-0.07521,-0.00306,0.00035,-0,6E-05,2.16577,70.83491,-24.23731,2.41819,-0.49865,0.09971,-0.01687,0.00343,-0.00044,-0.28947,-58.45395,0.27483,-0.03929,0.00794,-0.00119,0.00024,-5E-05,1E-05,,,,,,,,,,,,,,,,,,,,,,,High,High,High,Low,Undefined,,,
46,2025-10-31,15:05:11.64,2,3,"Eisiminger, Jared",1000160731,Right,MIA_RED,"Proctor, Keenan",823047,Left,MIA_RED,Undefined,2,Top,1,1,1,ChangeUp,Changeup,InPlay,Undefined,GroundBall,Out,1,0,,83.42946,0.025173,-4.298921,1749.718973,266.514761,3:00,4.83424,2.7781,6.28583,-37.57376,2.19091,14.84517,1.72636,0.04591,76.25479,-6.958063,-1.621963,0.453858,,,,,,,,,,,,-8.98886,1.48866,-2.46799,50,4.81792,8.54679,-120.99248,-1.10484,-13.28061,24.3384,-29.97462,MIA_RED,MIA_RED,McKieFieldStad,TeamExclusive,Team,20251031-McKieFieldStad-Private-2,86ef45f0-b68c-11f0-879f-a1ec9707feb9,83.04896,,,7.17467,,,,,,,f6155717-1ea0-46aa-993d-1d70bb7179cd,2025-10-31,19:05:11.64,2025-10-31T15:05:11.6470000-04:00,2025-10-31T19:05:11.6470000Z,,v3,471355,471355,,"Raether, Carson",1000338521,Right,MIA_RED,0c436a84-edc3-4d3e-ae0d-284f70b8ccd0,54.21376,-121.83716,12.1692,4.83821,-0.06456,-14.98731,-2.77261,9.0077,-6.64031,,,,,,,,,,,,,,,,,,,,,,,,,,,,,,,,,,,,,,,,,,,,,,,,,,,High,High,High,,,,,
47,2025-10-31,15:05:47.93,3,1,"Eisiminger, Jared",1000160731,Right,MIA_RED,"Rasmussen, Jamie",10272616,Right,MIA_RED,Undefined,2,Top,2,0,0,Slider,Slider,BallCalled,Undefined,Undefined,Undefined,0,0,,81.52564,-0.683707,-2.106743,1855.000302,115.918542,9:45,4.98784,2.80804,5.49605,-39.56254,3.05473,-3.59831,1.05098,0.5367,75.09086,-7.906198,-2.747976,0.469855,,,,,,,,,,,,1.24063,2.12878,-2.62126,50,4.90129,4.49784,-118.33488,-2.77217,1.76163,22.28592,-29.1513,MIA_RED,MIA_RED,McKieFieldStad,TeamExclusive,Team,20251031-McKieFieldStad-Private-2,9cc37fe0-b68c-11f0-879f-a1ec9707feb9,80.22138,,,6.43478,,,,,,,f6155717-1ea0-46aa-993d-1d70bb7179cd,2025-10-31,19:05:47.93,2025-10-31T15:05:47.9360000-04:00,2025-10-31T19:05:47.9360000Z,,v3,471355,471355,,"Raether, Carson",1000338521,Right,MIA_RED,2da0b9f2-4ebf-4333-8cf2-c055524811c0,55.00203,-119.27319,11.14296,4.99217,-1.5448,-14.57565,-2.80907,4.42367,0.88082,,,,,,,,,,,,,,,,,,,,,,,,,,,,,,,,,,,,,,,,,,,,,,,,,,,High,High,High,,,,,
48,2025-10-31,15:06:02.88,3,2,"Eisiminger, Jared",1000160731,Right,MIA_RED,"Rasmussen, Jamie",10272616,Right,MIA_RED,Undefined,2,Top,2,1,0,Fastball,Sinker,BallCalled,Undefined,Undefined,Undefined,0,0,,90.04507,0.862689,-2.847845,2107.741729,231.818796,1:45,5.1512,2.49429,6.09307,-21.42426,13.46576,15.46265,4.16484,1.14655,80.55121,-3.226906,-0.066472,0.42513,,,,,,,,,,,,-8.81166,7.00681,-2.28219,50,5.20655,5.80851,-130.42916,1.32181,-14.88136,32.45092,-20.34075,MIA_RED,MIA_RED,McKieFieldStad,TeamExclusive,Team,20251031-McKieFieldStad-Private-2,a55fa1b0-b68c-11f0-879f-a1ec9707feb9,88.66094,,,9.49386,,,,,,,f6155717-1ea0-46aa-993d-1d70bb7179cd,2025-10-31,19:06:02.88,2025-10-31T15:06:02.8890000-04:00,2025-10-31T19:06:02.8890000Z,,v3,471355,471355,,"Raether, Carson",1000338521,Right,MIA_RED,7350f0f6-f6c7-4769-b0dc-8e17369ae1bb,54.40001,-131.51933,16.22546,5.15066,2.00514,-10.17037,-2.48572,6.30845,-7.44068,,,,,,,,,,,,,,,,,,,,,,,,,,,,,,,,,,,,,,,,,,,,,,,,,,,High,High,High,,,,,
49,2025-10-31,15:06:21.97,3,3,"Eisiminger, Jared",1000160731,Right,MIA_RED,"Rasmussen, Jamie",10272616,Right,MIA_RED,Undefined,2,Top,2,2,0,Fastball,Sinker,FoulBallNotFieldable,Undefined,Undefined,Undefined,0,0,,89.63973,-0.722564,-4.079756,2068.00322,239.838418,2:00,5.05851,2.50052,5.97338,-25.11978,10.27379,15.39595,2.29362,-0.005,80.47455,-5.453057,-1.320266,0.428187,,,,,,,,,,,,-9.29205,5.88646,-2.18593,50,4.98743,8.60292,-129.72906,-2.4552,-15.53465,31.94501,-22.33299,MIA_RED,MIA_RED,McKieFieldStad,TeamExclusive,Team,20251031-McKieFieldStad-Private-2,b0e85c20-b68c-11f0-879f-a1ec9707feb9,88.02796,,,9.16518,,,,,,,f6155717-1ea0-46aa-993d-1d70bb7179cd,2025-10-31,19:06:21.97,2025-10-31T15:06:21.9790000-04:00,2025-10-31T19:06:21.9790000Z,,v3,471355,471355,,"Raether, Carson",1000338521,Right,MIA_RED,d4d998a2-554f-4e84-b16d-9da83d9678fc,54.52325,-130.83814,15.9725,5.05922,-1.67984,-11.16649,-2.49397,9.14226,-7.76732,,,,,,,,,,,,,,,,,,,,,,,,,,,,,,,,,,,,,,,,,,,,,,,,,,,High,High,High,,,,,
50,2025-10-31,15:06:43.99,3,4,"Eisiminger, Jared",1000160731,Right,MIA_RED,"Rasmussen, Jamie",10272616,Right,MIA_RED,Undefined,2,Top,2,2,1,Slider,Curveball,BallCalled,Undefined,Undefined,Undefined,0,0,,77.72079,1.716665,-0.469536,1801.962028,81.097367,8:45,4.82316,2.81116,5.53109,-46.73987,0.92776,-5.11461,2.53338,1.94603,70.09881,-6.894329,-1.381689,0.496916,,,,,,,,,,,,2.40477,0.46512,-2.76699,50,4.94168,1.12668,-112.61068,1.83283,3.03439,23.75884,-31.58718,MIA_RED,MIA_RED,McKieFieldStad,TeamExclusive,Team,20251031-McKieFieldStad-Private-2,bdecba10-b68c-11f0-879f-a1ec9707feb9,75.85272,,,7.62199,,,,,,,f6155717-1ea0-46aa-993d-1d70bb7179cd,2025-10-31,19:06:43.99,2025-10-31T15:06:43.9970000-04:00,2025-10-31T19:06:43.9970000Z,,v3,471355,471355,,"Raether, Carson",1000338521,Right,MIA_RED,c4bf55fa-7ee8-45c8-83e7-f182bf9e0000,54.96355,-113.65307,11.87942,4.83087,3.21869,-15.79359,-2.8135,0.99355,1.51719,,,,,,,,,,,,,,,,,,,,,,,,,,,,,,,,,,,,,,,,,,,,,,,,,,,High,High,High,,,,,
51,2025-10-31,15:07:02.81,3,5,"Eisiminger, Jared",1000160731,Right,MIA_RED,"Rasmussen, Jamie",10272616,Right,MIA_RED,Undefined,2,Top,2,3,1,Fastball,Sinker,BallCalled,Walk,Undefined,Undefined,0,0,,92.27866,-1.919414,-5.368331,2076.053034,233.635731,1:45,5.08904,2.66121,6.06888,-21.02867,12.0291,14.78646,1.55198,-1.0889,83.71385,-5.881202,-2.721604,0.413817,,,,,,,,,,,,-9.17292,7.10244,-2.25185,50,4.92852,11.89096,-133.38641,-5.16263,-16.4174,30.45264,-19.46228,MIA_RED,MIA_RED,McKieFieldStad,TeamExclusive,Team,20251031-McKieFieldStad-Private-2,c9425690-b68c-11f0-879f-a1ec9707feb9,91.08485,,,8.56482,,,,,,,f6155717-1ea0-46aa-993d-1d70bb7179cd,2025-10-31,19:07:02.81,2025-10-31T15:07:02.8110000-04:00,2025-10-31T19:07:02.8110000Z,,v3,471355,471355,,"Raether, Carson",1000338521,Right,MIA_RED,96d3de2b-46bc-4fbd-bee2-192ba5ade3dd,54.42772,-134.39347,15.22632,5.08861,-4.51902,-9.73114,-2.65406,12.43389,-8.2087,,,,,,,,,,,,,,,,,,,,,,,,,,,,,,,,,,,,,,,,,,,,,,,,,,,High,High,High,,,,,
52,2025-10-31,15:07:31.41,4,1,"Eisiminger, Jared",1000160731,Right,MIA_RED,"Dierks, Marcus",10322729,Left,MIA_RED,Undefined,2,Top,2,0,0,Fastball,Sinker,StrikeCalled,Undefined,Undefined,Undefined,0,0,,91.21339,-1.164182,-4.829226,2107.224031,238.032364,2:00,5.04198,2.67216,5.99925,-21.44375,12.92875,18.55292,2.17229,-0.26711,81.42578,-5.242258,-1.507307,0.421966,,,,,,,,,,,,-11.08646,7.4104,-2.30106,50,4.93852,10.30392,-131.77163,-3.3577,-19.05426,33.87475,-19.43786,MIA_RED,MIA_RED,McKieFieldStad,TeamExclusive,Team,20251031-McKieFieldStad-Private-2,da4a1450-b68c-11f0-879f-a1ec9707feb9,89.32585,,,9.78761,,,,,,,f6155717-1ea0-46aa-993d-1d70bb7179cd,2025-10-31,19:07:31.41,2025-10-31T15:07:31.4160000-04:00,2025-10-31T19:07:31.4160000Z,,v3,471355,471355,,"Raether, Carson",1000338521,Right,MIA_RED,50d54fc4-bf9b-4d9b-8c68-782483729bb7,54.49466,-132.92206,16.93738,5.04134,-2.69757,-9.71893,-2.66199,10.95103,-9.52713,,,,,,,,,,,,,,,,,,,,,,,,,,,,,,,,,,,,,,,,,,,,,,,,,,,High,High,High,,,,,
53,2025-10-31,15:07:46.84,4,2,"Eisiminger, Jared",1000160731,Right,MIA_RED,"Dierks, Marcus",10322729,Left,MIA_RED,Undefined,2,Top,2,0,1,Fastball,Sinker,InPlay,Undefined,LineDrive,Out,1,0,,88.55313,-0.700256,-3.991602,2030.968327,241.592892,2:00,4.92585,2.67807,6.04153,-24.87714,11.03327,18.0495,2.20281,0.48057,80.03239,-5.383617,-0.751252,0.431302,62.8998,16.526519,-9.847287,2487.390689,106.79867,10.22746,-26.34457,144.76706,137.7485,-14.974982,1.90484,-10.53485,6.26355,-2.37624,50,4.85784,8.20258,-128.27888,-2.35849,-17.35134,29.39681,-21.85772,MIA_RED,MIA_RED,McKieFieldStad,TeamExclusive,Team,20251031-McKieFieldStad-Private-2,e3772b80-b68c-11f0-879f-a1ec9707feb9,87.39219,13.65261,,8.52074,,,,0.61879,2.12961,-0.4571,f6155717-1ea0-46aa-993d-1d70bb7179cd,2025-10-31,19:07:46.84,2025-10-31T15:07:46.8450000-04:00,2025-10-31T19:07:46.8450000Z,GroundBall,v3,471355,471355,,"Raether, Carson",1000338521,Right,MIA_RED,6009b53a-e8c8-4fa5-9ac1-2246b06ce103,54.4558,-129.29595,14.69841,4.92636,-1.60226,-10.92886,-2.67042,8.8029,-8.67567,125.5388,0.61879,87.13867,-10.05039,1.92057,-0.34583,0.0419,0.00106,-0.00177,0.0003,2.12961,26.24267,-15.50043,0.71628,-0.13704,0.08525,-0.04494,0.0143,-0.00182,-0.45709,-15.12604,-3.31928,0.82701,-0.1477,-0.03046,0.03755,-0.01301,0.00167,,,,,,,,,,,,,,,,,,,,,,,High,High,High,High,High,,,
54,2025-10-31,15:09:55.37,1,1,"Sohosky, Zac",1000224033,Left,MIA_RED,"Gonzalez Rivera, Ignacio",10124440,Right,MIA_RED,Undefined,2,Bottom,0,0,0,Sinker,Changeup,BallCalled,Undefined,Undefined,Undefined,0,0,,88.07864,-2.392195,2.070833,1592.807936,107.797951,9:30,5.97868,-1.05194,6.03213,-28.69706,7.43878,-19.3432,1.36931,-0.74541,80.27876,-7.725815,-1.414448,0.432654,,,,,,,,,,,,10.56528,4.92748,0.90041,50,5.77627,-3.82151,-127.76209,-6.28651,17.31365,28.42733,-24.09924,MIA_RED,MIA_RED,McKieFieldStad,TeamExclusive,Team,20251031-McKieFieldStad-Private-2,302aca40-b68d-11f0-879f-a1ec9707feb9,87.11919,,,7.79988,,,,,,,f6155717-1ea0-46aa-993d-1d70bb7179cd,2025-10-31,19:09:55.37,2025-10-31T15:09:55.3770000-04:00,2025-10-31T19:09:55.3770000Z,,v3,471355,471355,,"Harrison, Tommy",811731,Right,MIA_RED,4554d372-bcfe-4d65-9e34-95baa5b6f6d9,54.46575,-128.7519,14.21367,5.98055,-5.44741,-12.04962,1.04396,-4.42435,8.65682,,,,,,,,,,,,,,,,,,,,,,,,,,,,,,,,,,,,,,,,,,,,,,,,,,,High,High,High,,,,,
55,2025-10-31,15:10:06.31,1,2,"Sohosky, Zac",1000224033,Left,MIA_RED,"Gonzalez Rivera, Ignacio",10124440,Right,MIA_RED,Undefined,2,Bottom,0,1,0,Fastball,Sinker,InPlay,Undefined,LineDrive,Single,0,0,,89.84603,-1.888817,2.776408,1803.095005,139.967573,10:45,5.96279,-0.92155,6.08437,-18.45103,16.27139,-12.65186,2.67516,0.59461,81.40719,-5.406904,0.499868,0.424108,89.70998,16.667317,-27.515883,1404.644599,95.58676,22.46927,-54.43496,238.74657,238.74657,-31.728032,2.372867,7.39493,9.33087,0.71384,50,5.8071,-5.79354,-130.26863,-4.8372,12.58125,29.89997,-16.29914,MIA_RED,MIA_RED,McKieFieldStad,TeamExclusive,Team,20251031-McKieFieldStad-Private-2,36c1f450-b68d-11f0-879f-a1ec9707feb9,88.87462,22.8136,,8.43884,,,,1.28905,2.7807,-0.65638,f6155717-1ea0-46aa-993d-1d70bb7179cd,2025-10-31,19:10:06.31,2025-10-31T15:10:06.3180000-04:00,2025-10-31T19:10:06.3180000Z,LineDrive,v3,471355,471355,,"Harrison, Tommy",811731,Right,MIA_RED,d64fe785-69d0-4d3b-b60f-0a2666c1005d,54.41279,-131.27757,14.94998,5.96105,-4.28721,-8.14957,0.91649,-6.21808,6.29062,,1.28906,111.7873,-16.15044,3.22289,-0.58774,-0.03464,0.07866,-0.0294,0.00402,2.78069,37.73828,-19.3246,1.72729,-0.36647,0.14019,-0.06094,0.01814,-0.00232,-0.65639,-58.23214,1.32059,1.00419,-0.47456,0.19226,-0.0705,0.01825,-0.00213,,,,,,,,,,,,,,,,,,,,,,,High,High,High,High,High,,,
56,2025-10-31,15:10:36.82,2,1,"Sohosky, Zac",1000224033,Left,MIA_RED,"Phillips, Drew",1000194003,Right,MIA_RED,Undefined,2,Bottom,0,0,0,Fastball,Changeup,InPlay,Undefined,Bunt,FieldersChoice,1,0,,86.2081,-1.290949,2.040711,1656.423382,140.828802,10:45,5.86404,-1.115,6.03432,-19.92548,17.62206,-13.34213,3.00723,-0.33638,78.49723,-5.078738,-0.359433,0.441024,25.45876,-16.964001,23.47844,,,,,11.2809,11.1566,17.839818,0.22679,7.52985,9.843,0.96312,50,5.75253,-3.93693,-125.15865,-3.39021,11.88112,26.50071,-16.64307,MIA_RED,MIA_RED,McKieFieldStad,TeamExclusive,Team,20251031-McKieFieldStad-Private-2,48e2c330-b68d-11f0-879f-a1ec9707feb9,85.46574,3.14791,,7.71088,,,,3.376,3.14791,0.31417,f6155717-1ea0-46aa-993d-1d70bb7179cd,2025-10-31,19:10:36.82,2025-10-31T15:10:36.8280000-04:00,2025-10-31T19:10:36.8280000Z,GroundBall,v3,471355,471355,,"Harrison, Tommy",811731,Right,MIA_RED,3376282c-0e16-4a04-9df5-941bd7736d3c,54.4642,-126.10034,13.25035,5.86249,-2.79881,-8.32154,1.11052,-4.35913,5.94056,154.624346,3.37624,32.74431,-1.24553,,,,,,,3.14829,-10.91649,-13.08534,,,,,,,0.31425,14.22443,-1.63879,,,,,,,,,,,,,,,,,,,,,,,,,,,,,High,High,High,High,High,,,
57,2025-10-31,15:11:08.62,3,1,"Sohosky, Zac",1000224033,Left,MIA_RED,"Cruz, Diego",1000178634,Left,MIA_RED,Undefined,2,Bottom,1,0,0,Slider,Slider,InPlay,Undefined,FlyBall,HomeRun,0,2,,79.23774,0.391325,1.133218,1777.960578,253.729788,2:30,5.5836,-1.42856,5.50688,-43.65865,2.30185,2.07532,2.31141,-0.19571,71.48928,-7.646367,1.503385,0.487937,91.89475,32.327774,33.21807,2148.103613,90.53546,59.58474,62.4762,380.0689,371.93227,38.505724,4.728313,-0.67114,1.47756,1.32822,50,5.58851,-2.35319,-114.83681,-0.66133,-0.87826,25.24478,-30.24055,MIA_RED,MIA_RED,McKieFieldStad,TeamExclusive,Team,20251031-McKieFieldStad-Private-2,5bbcf700-b68d-11f0-879f-a1ec9707feb9,77.24856,79.66031,,7.74846,,,,2.54312,2.57328,0.26082,f6155717-1ea0-46aa-993d-1d70bb7179cd,2025-10-31,19:11:08.62,2025-10-31T15:11:08.6200000-04:00,2025-10-31T19:11:08.6200000Z,FlyBall,v3,471355,471355,,"Harrison, Tommy",811731,Right,MIA_RED,5534292a-ed43-4ed7-875b-7b873b819755,54.98955,-115.92848,12.62239,5.58884,0.64638,-15.12028,1.42916,-2.31521,-0.43913,,2.54485,95.24163,-15.94992,3.73905,-0.65888,0.08333,-0.00917,0.00117,-9E-05,2.57343,72.0659,-18.9138,1.118,0.01905,-0.10191,0.03705,-0.00576,0.00033,0.26138,62.38033,-5.19044,0.95389,-0.13259,0.01855,-0.00469,0.0009,-7E-05,,,,,,,,,,,,,,,,,,,,,,,High,High,High,High,High,,,
58,2025-10-31,15:11:41.43,4,1,"Sohosky, Zac",1000224033,Left,MIA_RED,"Phillips, Drew",1000194003,Right,MIA_RED,Undefined,2,Bottom,1,0,0,ChangeUp,Changeup,StrikeSwinging,Undefined,Undefined,Undefined,0,0,,83.55639,-0.429592,2.85208,1607.832038,107.890445,9:30,5.80389,-1.16407,6.66039,-31.38915,7.99142,-20.4106,2.79453,-0.253,75.57519,-6.370329,-0.863981,0.451661,,,,,,,,,,,,11.54477,4.79142,0.97906,50,5.76282,-5.28183,-121.28111,-1.78541,16.94772,26.90717,-25.14024,MIA_RED,MIA_RED,McKieFieldStad,TeamExclusive,Team,20251031-McKieFieldStad-Private-2,6f56d150-b68d-11f0-879f-a1ec9707feb9,83.45301,,,7.98119,,,,,,,f6155717-1ea0-46aa-993d-1d70bb7179cd,2025-10-31,19:11:41.43,2025-10-31T15:11:41.4320000-04:00,2025-10-31T19:11:41.4320000Z,,v3,471355,471355,,"Harrison, Tommy",811731,Right,MIA_RED,15b55475-19ef-4d2a-8096-830046de92ba,53.8357,-122.12912,13.45358,5.8066,-0.99308,-12.57012,1.15394,-5.81596,8.47386,,,,,,,,,,,,,,,,,,,,,,,,,,,,,,,,,,,,,,,,,,,,,,,,,,,High,High,High,,,,,
59,2025-10-31,15:11:53.06,4,2,"Sohosky, Zac",1000224033,Left,MIA_RED,"Phillips, Drew",1000194003,Right,MIA_RED,Undefined,2,Bottom,1,0,1,Sinker,Sinker,StrikeCalled,Undefined,Undefined,Undefined,0,0,,91.15756,-2.39641,3.190712,1912.418016,127.719929,10:15,5.97433,-1.10229,5.82454,-18.64182,15.5645,-18.52844,2.18828,0.32296,82.35505,-5.932304,-0.126623,0.420944,,,,,,,,,,,,10.36048,9.03252,0.85192,50,5.76721,-6.52115,-131.96871,-6.10847,18.05479,31.18559,-16.43341,MIA_RED,MIA_RED,McKieFieldStad,TeamExclusive,Team,20251031-McKieFieldStad-Private-2,761a3b80-b68d-11f0-879f-a1ec9707feb9,89.54259,,,8.80251,,,,,,,f6155717-1ea0-46aa-993d-1d70bb7179cd,2025-10-31,19:11:53.06,2025-10-31T15:11:53.0640000-04:00,2025-10-31T19:11:53.0640000Z,,v3,471355,471355,,"Harrison, Tommy",811731,Right,MIA_RED,3da27c72-c936-4385-8d9c-866b74e60dfc,54.67082,-133.06789,15.5928,5.97231,-5.52926,-8.21671,1.09299,-7.15752,9.0274,,,,,,,,,,,,,,,,,,,,,,,,,,,,,,,,,,,,,,,,,,,,,,,,,,,High,High,High,,,,,
60,2025-10-31,15:12:04.23,4,3,"Sohosky, Zac",1000224033,Left,MIA_RED,"Phillips, Drew",1000194003,Right,MIA_RED,Undefined,2,Bottom,1,0,2,ChangeUp,Changeup,BallCalled,Undefined,Undefined,Undefined,0,0,,82.22895,-2.120977,0.708152,1625.906824,97.465352,9:15,5.75026,-1.22715,6.33176,-37.01565,3.6641,-18.20737,0.71161,-2.09234,75.7435,-8.971654,-2.595461,0.459051,,,,,,,,,,,,9.69012,2.91575,1.1837,50,5.57836,-0.81399,-119.50956,-5.54178,13.97466,23.6414,-27.96906,MIA_RED,MIA_RED,McKieFieldStad,TeamExclusive,Team,20251031-McKieFieldStad-Private-2,7ce2fce0-b68d-11f0-879f-a1ec9707feb9,82.10954,,,6.48545,,,,,,,f6155717-1ea0-46aa-993d-1d70bb7179cd,2025-10-31,19:12:04.23,2025-10-31T15:12:04.2300000-04:00,2025-10-31T19:12:04.2300000Z,,v3,471355,471355,,"Harrison, Tommy",811731,Right,MIA_RED,931ac697-a9d1-4f0c-9741-6fd19e3ed12a,54.16754,-120.33117,11.8207,5.75406,-4.56978,-13.98453,1.22042,-1.29964,6.98733,,,,,,,,,,,,,,,,,,,,,,,,,,,,,,,,,,,,,,,,,,,,,,,,,,,High,High,High,,,,,
61,2025-10-31,15:12:21.63,4,4,"Sohosky, Zac",1000224033,Left,MIA_RED,"Phillips, Drew",1000194003,Right,MIA_RED,Undefined,2,Bottom,1,1,2,Slider,Slider,StrikeCalled,Strikeout,Undefined,Undefined,0,0,,81.76357,-0.59973,1.402955,2112.358315,295.830263,3:45,5.60936,-1.51472,5.4924,-41.79215,0.60583,1.46728,1.56549,-0.0798,75.23421,-8.22214,1.664749,0.468645,,,,,,,,,,,,-0.35079,0.86847,1.39092,50,5.52855,-2.96678,-118.71923,-2.69725,-0.50054,22.76998,-30.93486,MIA_RED,MIA_RED,McKieFieldStad,TeamExclusive,Team,20251031-McKieFieldStad-Private-2,87536980-b68d-11f0-879f-a1ec9707feb9,80.42856,,,6.52936,,,,,,,f6155717-1ea0-46aa-993d-1d70bb7179cd,2025-10-31,19:12:21.63,2025-10-31T15:12:21.6320000-04:00,2025-10-31T19:12:21.6320000Z,,v3,471355,471355,,"Harrison, Tommy",811731,Right,MIA_RED,3fe20040-2e44-4dc9-9b5e-171d35a48dcf,55.006,-119.67552,11.38499,5.61455,-1.39807,-15.46743,1.51507,-2.94576,-0.25027,,,,,,,,,,,,,,,,,,,,,,,,,,,,,,,,,,,,,,,,,,,,,,,,,,,High,High,High,,,,,
62,2025-10-31,15:12:59.38,5,1,"Sohosky, Zac",1000224033,Left,MIA_RED,"Raether, Carson",1000338521,Left,MIA_RED,Undefined,2,Bottom,2,0,0,Fastball,Sinker,StrikeCalled,Undefined,Undefined,Undefined,0,0,,89.71758,-2.776063,3.219782,1751.103753,140.355419,10:45,5.85861,-1.08624,6.17339,-17.97666,16.95473,-12.98855,1.79066,0.80815,80.97586,-6.218503,0.879889,0.425382,,,,,,,,,,,,7.68701,10.00469,0.84864,50,5.63899,-6.75655,-129.87787,-6.80348,12.94729,30.73534,-15.32306,MIA_RED,MIA_RED,McKieFieldStad,TeamExclusive,Team,20251031-McKieFieldStad-Private-2,9dd98e50-b68d-11f0-879f-a1ec9707feb9,88.60842,,,8.74172,,,,,,,f6155717-1ea0-46aa-993d-1d70bb7179cd,2025-10-31,19:12:59.38,2025-10-31T15:12:59.3800000-04:00,2025-10-31T19:12:59.3800000Z,,v3,471355,471355,,"Harrison, Tommy",811731,Right,MIA_RED,9fe0a5c3-413f-42ef-bfd2-fed21d6d2545,54.32129,-130.8965,15.36767,5.85606,-6.29564,-7.66153,1.07968,-7.18564,6.47364,,,,,,,,,,,,,,,,,,,,,,,,,,,,,,,,,,,,,,,,,,,,,,,,,,,High,High,High,,,,,
63,2025-10-31,15:13:09.85,5,2,"Sohosky, Zac",1000224033,Left,MIA_RED,"Raether, Carson",1000338521,Left,MIA_RED,Undefined,2,Bottom,2,0,1,ChangeUp,Changeup,FoulBallNotFieldable,Undefined,Undefined,Undefined,0,0,,82.75125,-1.846717,2.794169,1672.347033,110.803273,9:45,5.73021,-0.99023,6.70327,-31.48088,8.66292,-19.00013,1.41575,-0.01683,75.0048,-7.793369,-0.670341,0.456016,,,,,,,,,,,,10.96721,5.58878,0.81142,50,5.59522,-5.19653,-120.08874,-4.7257,15.7604,26.71124,-24.14269,MIA_RED,MIA_RED,McKieFieldStad,TeamExclusive,Team,20251031-McKieFieldStad-Private-2,a413cb50-b68d-11f0-879f-a1ec9707feb9,82.65587,,,7.74645,,,,,,,f6155717-1ea0-46aa-993d-1d70bb7179cd,2025-10-31,19:13:09.85,2025-10-31T15:13:09.8550000-04:00,2025-10-31T19:13:09.8550000Z,,v3,471355,471355,,"Harrison, Tommy",811731,Right,MIA_RED,4e149e8d-cb62-423d-b599-681698f49c07,53.79464,-120.92984,13.35562,5.73205,-3.96548,-12.07135,0.98286,-5.6928,7.8802,,,,,,,,,,,,,,,,,,,,,,,,,,,,,,,,,,,,,,,,,,,,,,,,,,,High,High,High,,,,,
64,2025-10-31,15:13:30.85,5,3,"Sohosky, Zac",1000224033,Left,MIA_RED,"Raether, Carson",1000338521,Left,MIA_RED,Undefined,2,Bottom,2,0,2,Fastball,Four-Seam,BallCalled,Undefined,Undefined,Undefined,0,0,,90.75837,-2.135012,3.866954,1867.858689,145.239873,10:45,5.97697,-1.10086,6.01717,-15.7558,18.40434,-11.94631,2.68094,1.49094,82.22969,-5.161348,1.724529,0.42066,,,,,,,,,,,,7.24252,10.42004,0.80359,50,5.80054,-8.35903,-131.39008,-5.33927,12.56452,29.81167,-14.09709,MIA_RED,MIA_RED,McKieFieldStad,TeamExclusive,Team,20251031-McKieFieldStad-Private-2,b064ded0-b68d-11f0-879f-a1ec9707feb9,89.60312,,,8.52868,,,,,,,f6155717-1ea0-46aa-993d-1d70bb7179cd,2025-10-31,19:13:30.85,2025-10-31T15:13:30.8530000-04:00,2025-10-31T19:13:30.8530000Z,,v3,471355,471355,,"Harrison, Tommy",811731,Right,MIA_RED,c0945ea9-dc4b-461a-aca6-9276c810e9d7,54.47784,-132.40218,14.90584,5.97369,-4.86067,-7.04854,1.09462,-8.78559,6.28226,,,,,,,,,,,,,,,,,,,,,,,,,,,,,,,,,,,,,,,,,,,,,,,,,,,High,High,High,,,,,
65,2025-10-31,15:13:44.77,5,4,"Sohosky, Zac",1000224033,Left,MIA_RED,"Raether, Carson",1000338521,Left,MIA_RED,Undefined,2,Bottom,2,1,2,Slider,Slider,StrikeSwinging,Strikeout,Undefined,Undefined,0,0,,82.12542,-0.368309,2.559176,2129.940056,308.546233,4:15,5.60082,-1.49733,5.68449,-42.46766,-0.52886,2.35335,1.71821,1.08574,75.28312,-8.141791,2.979889,0.4661,,,,,,,,,,,,-0.45004,0.25327,1.28035,50,5.54327,-5.41955,-119.15237,-2.21591,-0.64404,23.86238,-31.81157,MIA_RED,MIA_RED,McKieFieldStad,TeamExclusive,Team,20251031-McKieFieldStad-Private-2,b8f31df0-b68d-11f0-879f-a1ec9707feb9,80.86767,,,6.84229,,,,,,,f6155717-1ea0-46aa-993d-1d70bb7179cd,2025-10-31,19:13:44.77,2025-10-31T15:13:44.7770000-04:00,2025-10-31T19:13:44.7770000Z,,v3,471355,471355,,"Harrison, Tommy",811731,Right,MIA_RED,95a59b88-fbda-4708-a6e3-fffb379bf540,54.81341,-120.11247,11.93119,5.60668,-0.93597,-15.90578,1.49789,-5.39364,-0.32202,,,,,,,,,,,,,,,,,,,,,,,,,,,,,,,,,,,,,,,,,,,,,,,,,,,High,High,High,,,,,
66,2025-10-31,15:16:09.23,1,1,"Byers, Carson",1000133996,Left,MIA_RED,"Roa Calcano, Christopher",1000375139,Right,MIA_RED,Undefined,3,Top,0,0,0,Fastball,Changeup,StrikeCalled,Undefined,Undefined,Undefined,0,0,,87.39656,-0.22361,3.727186,1792.399632,131.289089,10:30,5.0276,-1.4807,5.87779,-20.02777,16.88662,-17.79895,3.15051,0.50242,79.19391,-4.028809,0.541789,0.43729,,,,,,,,,,,,10.13394,9.05162,1.18923,50,4.99796,-7.49116,-126.64219,-1.08467,16.35634,27.35337,-17.56456,MIA_RED,MIA_RED,McKieFieldStad,TeamExclusive,Team,20251031-McKieFieldStad-Private-2,0ed337a0-b68e-11f0-879f-a1ec9707feb9,86.19554,,,8.20265,,,,,,,f6155717-1ea0-46aa-993d-1d70bb7179cd,2025-10-31,19:16:09.23,2025-10-31T15:16:09.2360000-04:00,2025-10-31T19:16:09.2360000Z,,v3,471355,471355,,"Raether, Carson",1000338521,Right,MIA_RED,7379b4cd-84d4-4e8a-ab98-ba851bf47ba4,54.61834,-127.6358,13.67669,5.02577,-0.44664,-8.78228,1.47214,-8.08531,8.17817,,,,,,,,,,,,,,,,,,,,,,,,,,,,,,,,,,,,,,,,,,,,,,,,,,,High,High,High,,,,,
67,2025-10-31,15:16:24.50,1,2,"Byers, Carson",1000133996,Left,MIA_RED,"Roa Calcano, Christopher",1000375139,Right,MIA_RED,Undefined,3,Top,0,0,1,ChangeUp,Changeup,BallCalled,Undefined,Undefined,Undefined,0,0,,78.53335,1.193764,2.10833,1646.761006,101.622758,9:30,4.48725,-2.11645,5.5757,-40.37246,5.44634,-19.53178,2.23875,-1.77407,71.95154,-6.236119,-1.376217,0.487184,,,,,,,,,,,,10.43934,2.8678,1.94798,50,4.56369,-3.43619,-114.00275,1.0679,13.74641,20.84662,-28.39776,MIA_RED,MIA_RED,McKieFieldStad,TeamExclusive,Team,20251031-McKieFieldStad-Private-2,17fb1eb0-b68e-11f0-879f-a1ec9707feb9,77.36791,,,6.58181,,,,,,,f6155717-1ea0-46aa-993d-1d70bb7179cd,2025-10-31,19:16:24.50,2025-10-31T15:16:24.5040000-04:00,2025-10-31T19:16:24.5040000Z,,v3,471355,471355,,"Raether, Carson",1000338521,Right,MIA_RED,d7e89b02-27fa-40cf-8814-d7b89f9aefbf,54.92311,-114.89946,10.42331,4.49149,2.28943,-14.19888,2.1085,-4.02749,6.87321,,,,,,,,,,,,,,,,,,,,,,,,,,,,,,,,,,,,,,,,,,,,,,,,,,,High,High,High,,,,,
68,2025-10-31,15:16:40.15,1,3,"Byers, Carson",1000133996,Left,MIA_RED,"Roa Calcano, Christopher",1000375139,Right,MIA_RED,Undefined,3,Top,0,1,1,ChangeUp,Changeup,BallCalled,Undefined,Undefined,Undefined,0,0,,77.30784,2.209046,3.043171,1671.358697,107.560356,9:30,4.49176,-2.06668,5.66883,-39.09758,8.62733,-22.04033,3.29718,-1.06338,69.87918,-5.054912,-0.888875,0.497215,,,,,,,,,,,,12.02946,4.19784,1.82342,50,4.65428,-5.09697,-111.9609,3.11892,15.11571,22.11166,-26.89924,MIA_RED,MIA_RED,McKieFieldStad,TeamExclusive,Team,20251031-McKieFieldStad-Private-2,21442250-b68e-11f0-879f-a1ec9707feb9,75.80717,,,7.42865,,,,,,,f6155717-1ea0-46aa-993d-1d70bb7179cd,2025-10-31,19:16:40.15,2025-10-31T15:16:40.1510000-04:00,2025-10-31T19:16:40.1510000Z,,v3,471355,471355,,"Raether, Carson",1000338521,Right,MIA_RED,c66652f0-08ee-4fd9-9d76-9bc42dcbd0d0,54.82783,-112.91034,11.05583,4.49556,4.27394,-13.44962,2.05621,-5.74601,7.55786,,,,,,,,,,,,,,,,,,,,,,,,,,,,,,,,,,,,,,,,,,,,,,,,,,,High,High,High,,,,,
69,2025-10-31,15:16:58.32,1,4,"Byers, Carson",1000133996,Left,MIA_RED,"Roa Calcano, Christopher",1000375139,Right,MIA_RED,Undefined,3,Top,0,2,1,ChangeUp,Changeup,BallCalled,Undefined,Undefined,Undefined,0,0,,77.31501,1.906478,2.770975,1601.058433,119.98465,10:00,4.41337,-2.13697,5.67621,-36.61935,11.34922,-16.63619,3.14177,-0.93811,69.48779,-4.934689,-0.197706,0.498482,,,,,,,,,,,,9.23327,5.66386,1.91344,50,4.55182,-4.7606,-111.90212,2.62292,11.52267,23.17044,-25.10583,MIA_RED,MIA_RED,McKieFieldStad,TeamExclusive,Team,20251031-McKieFieldStad-Private-2,2c1859d0-b68e-11f0-879f-a1ec9707feb9,75.61439,,,7.82722,,,,,,,f6155717-1ea0-46aa-993d-1d70bb7179cd,2025-10-31,19:16:58.32,2025-10-31T15:16:58.3290000-04:00,2025-10-31T19:16:58.3290000Z,,v3,471355,471355,,"Raether, Carson",1000338521,Right,MIA_RED,f1c8a879-74b4-49a5-a39d-68958e5ad28c,54.81731,-112.89519,11.58522,4.41635,3.69893,-12.55291,2.12805,-5.25445,5.76134,,,,,,,,,,,,,,,,,,,,,,,,,,,,,,,,,,,,,,,,,,,,,,,,,,,High,High,High,,,,,
70,2025-10-31,15:17:16.71,1,5,"Byers, Carson",1000133996,Left,MIA_RED,"Roa Calcano, Christopher",1000375139,Right,MIA_RED,Undefined,3,Top,0,3,1,Fastball,Sinker,FoulBallNotFieldable,Undefined,Undefined,Undefined,0,0,,87.29021,-0.984464,2.314385,2020.165631,133.373968,10:30,4.99341,-1.54405,5.94459,-18.7504,18.22084,-17.91387,2.51691,-0.889,78.94327,-4.569478,-0.902037,0.437626,69.1342,26.171198,165.248521,1989.596493,-106.13926,19.49868,28.8864,156.15384,46.0793,165.054103,2.047897,9.93501,10.0356,1.36993,50,4.9046,-4.38197,-126.62505,-2.70944,15.94949,28.56407,-16.06305,MIA_RED,MIA_RED,McKieFieldStad,TeamExclusive,Team,20251031-McKieFieldStad-Private-2,3740f2e0-b68e-11f0-879f-a1ec9707feb9,86.12927,22.83799,,8.34694,,,,1.30469,2.50182,1.00313,f6155717-1ea0-46aa-993d-1d70bb7179cd,2025-10-31,19:17:16.71,2025-10-31T15:17:16.7150000-04:00,2025-10-31T19:17:16.7150000Z,LineDrive,v3,471355,471355,,"Raether, Carson",1000338521,Right,MIA_RED,98161dea-80d6-40b8-af82-4828fce960bf,54.55284,-127.64795,14.28203,4.99133,-2.13421,-8.03153,1.53708,-4.95313,7.97474,,1.30466,-87.99965,6.84404,-0.01598,-0.29278,0.3649,-0.22985,0.07836,-0.01102,2.50181,44.72166,-27.08041,3.21899,-0.69049,0.15682,-0.03395,0.00722,-0.00082,1.00315,23.17079,-2.10397,0.08249,0.06098,-0.09404,0.06101,-0.02094,0.00295,,,,,,,,,,,,,,,,,,,,,,,High,High,High,High,Medium,,,
71,2025-10-31,15:17:37.86,1,6,"Byers, Carson",1000133996,Left,MIA_RED,"Roa Calcano, Christopher",1000375139,Right,MIA_RED,Undefined,3,Top,0,3,2,Fastball,Sinker,StrikeSwinging,Strikeout,Undefined,Undefined,0,0,,87.66799,-1.174179,2.234745,1979.66865,134.05246,10:30,5.07295,-1.35847,5.91509,-19.23682,17.3295,-16.62839,2.37919,-0.66915,79.5888,-4.83246,-0.749499,0.435223,,,,,,,,,,,,9.15119,9.58445,1.18865,50,4.96789,-4.26407,-127.19087,-3.16892,14.88747,27.76913,-16.58172,MIA_RED,MIA_RED,McKieFieldStad,TeamExclusive,Team,20251031-McKieFieldStad-Private-2,43b4d0a0-b68e-11f0-879f-a1ec9707feb9,86.60485,,,8.07919,,,,,,,f6155717-1ea0-46aa-993d-1d70bb7179cd,2025-10-31,19:17:37.86,2025-10-31T15:17:37.8650000-04:00,2025-10-31T19:17:37.8650000Z,,v3,471355,471355,,"Raether, Carson",1000338521,Right,MIA_RED,f51e056b-2fd8-4174-ad03-3f4bcef6c95c,54.58149,-128.18723,13.88456,5.07092,-2.57397,-8.29086,1.35123,-4.79823,7.44373,,,,,,,,,,,,,,,,,,,,,,,,,,,,,61.30067,2.37876,1.236378,1.142383,-1.31882,2.14255,0.7086,-4.92342,4.25624,3.44807,76.28297,6.34666,48.4945,-4.85455,77.59914,-5.75224,4.30652,18.67145,-14.77803,3.43988,39.80844,-0.32362,High,High,High,,,High,High,High
72,2025-10-31,15:18:06.98,2,1,"Byers, Carson",1000133996,Left,MIA_RED,"Kirtley, Ryder",827333,Right,MIA_RED,Undefined,3,Top,1,0,0,ChangeUp,Changeup,InPlay,Undefined,LineDrive,Single,0,0,,78.27125,0.950695,3.706079,1739.992558,102.275865,9:30,4.44873,-2.03804,5.71301,-40.17506,5.68599,-19.65777,1.9884,-0.21883,71.86035,-6.450404,0.196452,0.487409,76.28645,22.686152,-11.659525,1241.925424,108.18617,32.24415,-19.89136,247.43705,247.32024,-9.674017,3.112554,11.07083,3.02051,1.74039,50,4.50327,-6.62648,-113.55012,0.62789,14.50161,20.15401,-28.21748,MIA_RED,MIA_RED,McKieFieldStad,TeamExclusive,Team,20251031-McKieFieldStad-Private-2,55236680-b68e-11f0-879f-a1ec9707feb9,77.33229,33.47109,,6.4109,,,,2.08828,2.0776,0.21213,f6155717-1ea0-46aa-993d-1d70bb7179cd,2025-10-31,19:18:06.98,2025-10-31T15:18:06.9800000-04:00,2025-10-31T19:18:06.9800000Z,LineDrive,v3,471355,471355,,"Raether, Carson",1000338521,Right,MIA_RED,90a721f4-07e1-426f-8cb1-948d354a7598,54.7875,-114.39669,10.077,4.452,1.81318,-14.10874,2.03153,-7.23562,7.25081,196.464952,2.0881,101.10649,-12.86401,2.87624,-0.67281,0.19044,-0.05106,0.00845,-0.00056,2.07774,43.14748,-15.63199,0.56787,0.03904,-0.06136,0.02123,-0.00263,4E-05,0.21217,-20.86382,4.3979,-1.12709,0.27705,-0.07169,0.01708,-0.00273,0.00019,,,,,,,,,,,,,,,,,,,,,,,High,High,High,High,High,,,
73,2025-10-31,15:18:40.60,3,1,"Byers, Carson",1000133996,Left,MIA_RED,"Christiansen, Hayden",830132,Right,MIA_RED,Undefined,3,Top,1,0,0,Cutter,Slider,BallCalled,Undefined,Undefined,Undefined,0,0,,84.02481,-1.518636,3.338226,2427.210189,158.896633,11:15,4.68566,-1.72033,5.74904,-26.8345,12.45426,-4.39571,1.03293,1.02462,78.14832,-6.467953,2.553065,0.451134,,,,,,,,,,,,3.04225,7.04197,1.44571,50,4.54277,-6.9473,-122.02301,-4.10404,4.65986,20.4318,-21.38778,MIA_RED,MIA_RED,McKieFieldStad,TeamExclusive,Team,20251031-McKieFieldStad-Private-2,69263bd0-b68e-11f0-879f-a1ec9707feb9,83.55042,,,5.87649,,,,,,,f6155717-1ea0-46aa-993d-1d70bb7179cd,2025-10-31,19:18:40.60,2025-10-31T15:18:40.6010000-04:00,2025-10-31T19:18:40.6010000Z,,v3,471355,471355,,"Raether, Carson",1000338521,Right,MIA_RED,ed6acb21-ad20-4d83-9d5a-82c2e4b8cc86,54.75107,-122.81597,10.2159,4.68594,-3.27398,-10.69389,1.71884,-7.12814,2.32993,,,,,,,,,,,,,,,,,,,,,,,,,,,,,,,,,,,,,,,,,,,,,,,,,,,High,High,High,,,,,
74,2025-10-31,15:18:56.80,3,2,"Byers, Carson",1000133996,Left,MIA_RED,"Christiansen, Hayden",830132,Right,MIA_RED,Undefined,3,Top,1,1,0,Cutter,Slider,FoulBallNotFieldable,Undefined,Undefined,Undefined,0,0,,83.74986,-0.992276,2.742654,2388.188748,166.549379,11:30,4.68578,-1.80147,5.70672,-27.69234,11.92316,-2.59232,1.45243,0.53978,77.75512,-6.101528,2.279625,0.453006,,,,,,,,,,,,1.98602,6.64347,1.57327,50,4.58519,-5.72874,-121.68837,-3.00745,3.02016,20.71002,-22.07126,MIA_RED,MIA_RED,McKieFieldStad,TeamExclusive,Team,20251031-McKieFieldStad-Private-2,72c91f40-b68e-11f0-879f-a1ec9707feb9,83.20517,,,5.99474,,,,,,,f6155717-1ea0-46aa-993d-1d70bb7179cd,2025-10-31,19:18:56.80,2025-10-31T15:18:56.8090000-04:00,2025-10-31T19:18:56.8090000Z,,v3,471355,471355,,"Raether, Carson",1000338521,Right,MIA_RED,1bb441c5-cd49-4879-a2d6-8926696dec3a,54.79325,-122.50141,10.35501,4.68625,-2.14097,-11.03563,1.8005,-5.84731,1.51008,,,,,,,,,,,,,,,,,,,,,,,,,,,,,,,,,,,,,,,,,,,,,,,,,,,High,High,High,,,,,
75,2025-10-31,15:19:16.52,3,3,"Byers, Carson",1000133996,Left,MIA_RED,"Christiansen, Hayden",830132,Right,MIA_RED,Undefined,3,Top,1,1,1,ChangeUp,Changeup,InPlay,Undefined,FlyBall,Single,0,0,,78.05509,1.227505,3.934213,1680.81815,109.678477,9:45,4.40044,-2.05436,5.73098,-37.84522,8.83666,-20.19127,2.39269,-0.06737,70.70937,-5.802515,0.330835,0.491751,63.37181,35.124422,-16.168002,2627.59018,107.28272,49.20867,-24.29783,213.35338,213.35338,-10.532066,3.755553,11.53953,4.55914,1.73899,50,4.47976,-7.01887,-113.04395,1.27173,14.79068,22.43028,-26.33042,MIA_RED,MIA_RED,McKieFieldStad,TeamExclusive,Team,20251031-McKieFieldStad-Private-2,7e8a00b0-b68e-11f0-879f-a1ec9707feb9,76.64939,49.36908,,7.34572,,,,2.52216,2.56124,0.06671,f6155717-1ea0-46aa-993d-1d70bb7179cd,2025-10-31,19:19:16.52,2025-10-31T15:19:16.5270000-04:00,2025-10-31T19:19:16.5270000Z,FlyBall,v3,471355,471355,,"Raether, Carson",1000338521,Right,MIA_RED,898d8349-a729-419d-8fbc-a0f37257d0af,54.76763,-113.98602,11.21514,4.40312,2.3776,-13.16521,2.04683,-7.64008,7.39534,204.425192,2.5227,72.99864,-9.26486,1.98817,-0.2579,0.00116,0.00274,0.00059,-0.00012,2.5611,53.47808,-16.37189,0.73843,-0.01807,-0.07468,0.03882,-0.00809,0.00061,0.06638,-21.15929,5.63989,-1.22784,0.16358,-0.00169,-0.00192,-0.00025,7E-05,,,,,,,,,,,,,,,,,,,,,,,High,High,High,High,High,,,
76,2025-10-31,15:19:54.25,4,1,"Byers, Carson",1000133996,Left,MIA_RED,"Harrison, Tommy",811731,Left,MIA_RED,Undefined,3,Top,1,0,0,Cutter,Cutter,BallCalled,Undefined,Undefined,Undefined,0,0,,83.84239,0.094958,3.210158,2388.131721,173.599324,11:45,4.79759,-1.74314,5.64408,-29.70844,10.36465,-1.02575,2.4106,1.16892,76.94467,-5.400886,3.027391,0.455615,,,,,,,,,,,,1.38358,5.60622,1.47114,50,4.78678,-6.77953,-121.62035,-0.77773,2.07914,23.11487,-23.74935,MIA_RED,MIA_RED,McKieFieldStad,TeamExclusive,Team,20251031-McKieFieldStad-Private-2,950b1c70-b68e-11f0-879f-a1ec9707feb9,82.72874,,,6.89772,,,,,,,f6155717-1ea0-46aa-993d-1d70bb7179cd,2025-10-31,19:19:54.25,2025-10-31T15:19:54.2550000-04:00,2025-10-31T19:19:54.2550000Z,,v3,471355,471355,,"Raether, Carson",1000338521,Right,MIA_RED,81cbb649-5bad-4cb2-a49a-a3184fa6fca9,54.85327,-122.53928,11.55743,4.79893,0.16643,-11.87468,1.7423,-6.86219,1.03957,,,,,,,,,,,,,,,,,,,,,,,,,,,,,,,,,,,,,,,,,,,,,,,,,,,High,High,High,,,,,
77,2025-10-31,15:20:12.23,4,2,"Byers, Carson",1000133996,Left,MIA_RED,"Harrison, Tommy",811731,Left,MIA_RED,Undefined,3,Top,1,1,0,Fastball,Sinker,StrikeCalled,Undefined,Undefined,Undefined,0,0,,87.32886,-1.039802,2.453289,1982.643355,138.098155,10:30,4.93502,-1.64308,5.93411,-16.63111,20.30273,-17.06107,2.58345,-0.78746,78.99256,-4.244132,-0.608496,0.437405,,,,,,,,,,,,9.43697,11.07394,1.45656,50,4.84258,-4.70545,-126.64542,-2.73939,15.179,28.19285,-14.36207,MIA_RED,MIA_RED,McKieFieldStad,TeamExclusive,Team,20251031-McKieFieldStad-Private-2,9fc0cf70-b68e-11f0-879f-a1ec9707feb9,86.17287,,,8.33629,,,,,,,f6155717-1ea0-46aa-993d-1d70bb7179cd,2025-10-31,19:20:12.23,2025-10-31T15:20:12.2330000-04:00,2025-10-31T19:20:12.2330000Z,,v3,471355,471355,,"Raether, Carson",1000338521,Right,MIA_RED,d1011ea4-1255-4b61-b068-7e8ff5c8e847,54.56166,-127.65687,14.09643,4.93162,-2.22414,-7.18104,1.63514,-5.25001,7.5895,,,,,,,,,,,,,,,,,,,,,,,,,,,,,,,,,,,,,,,,,,,,,,,,,,,High,High,High,,,,,
78,2025-10-31,15:20:30.72,4,3,"Byers, Carson",1000133996,Left,MIA_RED,"Harrison, Tommy",811731,Left,MIA_RED,Undefined,3,Top,1,1,1,ChangeUp,Changeup,FoulBallNotFieldable,Undefined,Undefined,Undefined,0,0,,76.92673,1.91813,3.603869,1578.300162,110.255926,9:45,4.42553,-2.05221,5.61071,-38.8364,9.3467,-20.90985,2.98371,-0.4265,69.7576,-5.281619,-0.119716,0.499596,85.17296,-39.919989,70.969118,,,,,5.74396,5.74396,43.481148,0.038832,11.73528,4.6026,1.75815,50,4.56477,-6.23521,-111.41609,2.54841,14.64387,21.37839,-26.43071,MIA_RED,MIA_RED,McKieFieldStad,TeamExclusive,Team,20251031-McKieFieldStad-Private-2,aac7fdd0-b68e-11f0-879f-a1ec9707feb9,75.44588,3.12244,,7.16913,,,,2.95098,3.12244,0.42472,f6155717-1ea0-46aa-993d-1d70bb7179cd,2025-10-31,19:20:30.72,2025-10-31T15:20:30.7250000-04:00,2025-10-31T19:20:30.7250000Z,GroundBall,v3,471355,471355,,"Raether, Carson",1000338521,Right,MIA_RED,9fd1ada6-ce09-4ab4-9ffa-ef284b35a385,54.88811,-112.3501,10.68919,4.4282,3.70316,-13.21535,2.04454,-6.87499,7.32194,,2.95038,31.33621,,,,,,,,3.12398,-80.40941,,,,,,,,0.42299,90.84786,,,,,,,,,,,,,,,,,,,,,,,,,,,,,,High,High,High,Estimated,Estimated,,,
79,2025-10-31,15:20:55.27,4,4,"Byers, Carson",1000133996,Left,MIA_RED,"Harrison, Tommy",811731,Left,MIA_RED,Undefined,3,Top,1,1,2,Cutter,Changeup,InPlay,Undefined,LineDrive,Out,2,0,,85.3702,0.718381,1.945536,2375.214853,145.239896,10:45,4.70173,-1.81615,5.50674,-27.77537,11.42709,-7.00894,3.05936,-0.58008,77.36979,-4.454307,0.697547,0.450638,55.05657,45.185937,-30.490886,4764.473332,90.48387,41.4478,-62.55087,147.09914,135.94962,-36.44121,3.628733,4.13158,5.93319,1.65124,50,4.74603,-3.90765,-123.7869,0.61847,6.35848,26.58931,-23.04287,MIA_RED,MIA_RED,McKieFieldStad,TeamExclusive,Team,20251031-McKieFieldStad-Private-2,b97bb970-b68e-11f0-879f-a1ec9707feb9,83.64234,50.79391,,8.0004,,,,1.1901,3.12241,0.55847,f6155717-1ea0-46aa-993d-1d70bb7179cd,2025-10-31,19:20:55.27,2025-10-31T15:20:55.2760000-04:00,2025-10-31T19:20:55.2760000Z,Popup,v3,471355,471355,,"Raether, Carson",1000338521,Right,MIA_RED,c23dc4c8-8bf9-4fd6-9ac2-818c965d29ea,54.98972,-124.85409,13.29466,4.70265,1.54332,-11.52144,1.8132,-4.16285,3.17924,161.925557,1.19051,49.03048,-8.77294,1.87964,-0.28875,0.05169,-0.02135,0.00571,-0.00053,3.12244,57.28143,-18.93372,1.28745,-0.08898,-0.11151,0.05954,-0.01213,0.0009,0.55818,-28.86818,2.71303,-0.60774,0.03697,0.02463,-0.00752,0.00063,1E-05,,,,,,,,,,,,,,,,,,,,,,,High,High,High,High,Medium,,,
80,2025-10-31,15:24:04.40,1,1,"Gay, Alex",813960,Right,MIA_RED,"Krupinski, Dom",702597,Left,MIA_RED,Undefined,3,Bottom,0,0,0,Fastball,Four-Seam,BallCalled,Undefined,Undefined,Undefined,0,0,,90.62748,-1.329256,-0.284907,2028.524741,197.749194,12:30,6.69892,0.58551,5.65633,-16.85509,17.58879,5.2652,4.05446,0.75857,82.4626,-4.527741,0.656091,0.422403,,,,,,,,,,,,-2.73236,9.62575,-0.56468,50,6.57584,0.41547,-131.50813,-3.56792,-4.76671,28.88618,-15.38163,MIA_RED,MIA_RED,McKieFieldStad,TeamExclusive,Team,20251031-McKieFieldStad-Private-2,2a045170-b68f-11f0-879f-a1ec9707feb9,89.23326,,,8.16488,,,,,,,f6155717-1ea0-46aa-993d-1d70bb7179cd,2025-10-31,19:24:04.40,2025-10-31T15:24:04.4010000-04:00,2025-10-31T19:24:04.4010000Z,,v3,471355,471355,,"Harrison, Tommy",811731,Right,MIA_RED,5a178e17-56c5-4177-8b32-b801993514e4,54.83855,-132.56668,14.44309,6.69626,-3.00426,-7.69081,-0.5831,0.59014,-2.38336,,,,,,,,,,,,,,,,,,,,,,,,,,,,,,,,,,,,,,,,,,,,,,,,,,,High,High,High,,,,,
81,2025-10-31,15:24:22.97,1,2,"Gay, Alex",813960,Right,MIA_RED,"Krupinski, Dom",702597,Left,MIA_RED,Undefined,3,Bottom,0,1,0,Fastball,Four-Seam,InPlay,Undefined,GroundBall,Out,1,0,,90.56177,-2.635818,-0.383119,2180.057665,215.449217,1:15,6.62822,0.46655,5.78327,-17.99749,16.3467,10.83146,2.67438,1.01273,82.64366,-6.029191,1.557949,0.421792,61.33875,-35.582363,38.868199,,,,,5.11675,4.96808,15.952425,0.052108,-5.66685,9.45414,-0.4417,50,6.40015,0.41469,-131.40006,-6.61335,-9.86785,28.88883,-15.71131,MIA_RED,MIA_RED,McKieFieldStad,TeamExclusive,Team,20251031-McKieFieldStad-Private-2,353a09e0-b68f-11f0-879f-a1ec9707feb9,89.36272,2.742,,7.91811,,,,1.93577,2.742,-0.99872,f6155717-1ea0-46aa-993d-1d70bb7179cd,2025-10-31,19:24:22.97,2025-10-31T15:24:22.9740000-04:00,2025-10-31T19:24:22.9740000Z,GroundBall,v3,471355,471355,,"Harrison, Tommy",811731,Right,MIA_RED,1fd0e676-6045-4e24-aa74-278068c8d32a,54.71467,-132.43255,14.44441,6.62648,-6.05183,-7.85565,-0.46282,0.76737,-4.93393,180,1.93327,57.26407,,,,,,,,2.7443,-52.62116,,,,,,,,-1.00073,46.15383,,,,,,,,,,,,,,,,,,,,,,,,,,,,,,High,High,High,High,High,,,
82,2025-10-31,15:24:58.79,2,1,"Gay, Alex",813960,Right,MIA_RED,"Appelwick, Evan",695485,Right,MIA_RED,Undefined,3,Bottom,1,0,0,Curveball,Curveball,StrikeCalled,Undefined,Undefined,Undefined,0,0,,78.97543,0.930623,0.784474,1644.720672,56.427267,8:00,6.61923,0.50171,5.14692,-54.56499,-8.01004,-14.48001,2.94846,0.03365,71.9155,-8.954797,-1.784888,0.491082,,,,,,,,,,,,7.42036,-3.75232,-0.56358,50,6.66442,-0.9653,-114.52992,-0.1226,9.73164,23.64403,-37.09515,MIA_RED,MIA_RED,McKieFieldStad,TeamExclusive,Team,20251031-McKieFieldStad-Private-2,4a75d460-b68f-11f0-879f-a1ec9707feb9,76.75383,,,7.05993,,,,,,,f6155717-1ea0-46aa-993d-1d70bb7179cd,2025-10-31,19:24:58.79,2025-10-31T15:24:58.7900000-04:00,2025-10-31T19:24:58.7900000Z,,v3,471355,471355,,"Harrison, Tommy",811731,Right,MIA_RED,e8368ec0-2d84-448f-b6a7-e90ed99d072d,55.35201,-115.62953,11.82202,6.63001,1.60258,-18.54758,-0.50817,-1.41788,4.86582,,,,,,,,,,,,,,,,,,,,,,,,,,,,,,,,,,,,,,,,,,,,,,,,,,,High,High,High,,,,,
83,2025-10-31,15:25:17.13,2,2,"Gay, Alex",813960,Right,MIA_RED,"Appelwick, Evan",695485,Right,MIA_RED,Undefined,3,Bottom,1,0,1,Curveball,Curveball,StrikeSwinging,Undefined,Undefined,Undefined,0,0,,80.12384,0.712196,0.597703,1968.428319,20.772297,6:45,6.4844,0.5304,5.16559,-58.66239,-13.70973,-5.7541,2.26621,0.61344,73.48222,-9.866102,-0.424829,0.482558,,,,,,,,,,,,3.03547,-6.54634,-0.58158,50,6.50588,-0.97229,-116.3034,-0.74162,4.12582,23.37195,-41.07189,MIA_RED,MIA_RED,McKieFieldStad,TeamExclusive,Team,20251031-McKieFieldStad-Private-2,556b4f80-b68f-11f0-879f-a1ec9707feb9,78.10973,,,6.64162,,,,,,,f6155717-1ea0-46aa-993d-1d70bb7179cd,2025-10-31,19:25:17.13,2025-10-31T15:25:17.1310000-04:00,2025-10-31T19:25:17.1310000Z,,v3,471355,471355,,"Harrison, Tommy",811731,Right,MIA_RED,96f0cc01-33ea-4299-80f9-ffdcea2ee2d3,55.33516,-117.37064,11.68597,6.49693,1.13386,-20.53595,-0.53289,-1.16069,2.06291,,,,,,,,,,,,,,,,,,,,,,,,,,,,,,,,,,,,,,,,,,,,,,,,,,,High,High,High,,,,,
84,2025-10-31,15:25:39.54,2,3,"Gay, Alex",813960,Right,MIA_RED,"Appelwick, Evan",695485,Right,MIA_RED,Undefined,3,Bottom,1,0,2,Curveball,Curveball,StrikeSwinging,Strikeout,Undefined,Undefined,0,0,,79.95619,1.475905,0.18096,1870.233714,28.787091,7:00,6.55997,0.41859,5.6043,-57.31523,-12.8015,-7.84646,3.16175,-0.06635,73.00602,-8.970174,-1.223321,0.480196,,,,,,,,,,,,4.00414,-6.40737,-0.42901,50,6.64955,-0.0518,-116.08447,0.97666,5.40756,23.81888,-40.82718,MIA_RED,MIA_RED,McKieFieldStad,TeamExclusive,Team,20251031-McKieFieldStad-Private-2,62c03e70-b68f-11f0-879f-a1ec9707feb9,78.49388,,,6.95017,,,,,,,f6155717-1ea0-46aa-993d-1d70bb7179cd,2025-10-31,19:25:39.54,2025-10-31T15:25:39.5420000-04:00,2025-10-31T19:25:39.5420000Z,,v3,471355,471355,,"Harrison, Tommy",811731,Right,MIA_RED,69e587c3-e679-4711-8b4e-9a14d244098f,54.89586,-117.08472,11.90944,6.57254,2.69116,-20.41359,-0.42207,-0.27889,2.70378,,,,,,,,,,,,,,,,,,,,,,,,,,,,,76.33675,2.648801,1.783347,0.865454,-1.82734,2.62981,0.13807,1.27806,6.17326,1.19997,70.47253,7.54469,-54.30238,1.30667,83.73947,-4.39782,6.18941,12.23129,-12.31261,1.11323,-71.77531,8.89826,High,High,High,,,High,High,High
85,2025-10-31,15:26:09.86,3,1,"Gay, Alex",813960,Right,MIA_RED,"Breidenbach, Mason",1000074554,Right,MIA_RED,Undefined,3,Bottom,2,0,0,Fastball,Four-Seam,BallCalled,Undefined,Undefined,Undefined,0,0,,92.38732,-3.861664,-2.181262,2129.137091,224.325269,1:30,6.62792,0.46416,6.06111,-22.04663,10.36879,9.18835,1.20867,-0.78991,85.40233,-7.948816,-0.525947,0.409777,,,,,,,,,,,,-5.27933,6.64142,-0.2996,50,6.31583,4.71171,-133.98262,-9.78674,-9.67417,26.75605,-20.00389,MIA_RED,MIA_RED,McKieFieldStad,TeamExclusive,Team,20251031-McKieFieldStad-Private-2,74fc0f60-b68f-11f0-879f-a1ec9707feb9,91.98289,,,6.98499,,,,,,,f6155717-1ea0-46aa-993d-1d70bb7179cd,2025-10-31,19:26:09.86,2025-10-31T15:26:09.8620000-04:00,2025-10-31T19:26:09.8620000Z,,v3,471355,471355,,"Harrison, Tommy",811731,Right,MIA_RED,b4535066-0356-4367-a00c-ebf2a62a412f,54.43697,-134.86577,13.37803,6.62797,-9.12647,-10.00195,-0.46039,5.03103,-4.83708,,,,,,,,,,,,,,,,,,,,,,,,,,,,,,,,,,,,,,,,,,,,,,,,,,,High,High,High,,,,,
86,2025-10-31,15:26:28.31,3,2,"Gay, Alex",813960,Right,MIA_RED,"Breidenbach, Mason",1000074554,Right,MIA_RED,Undefined,3,Bottom,2,1,0,Fastball,Four-Seam,InPlay,Undefined,LineDrive,Double,0,0,,91.67711,-2.82714,-1.457869,2047.970352,193.793451,12:30,6.62025,0.60089,5.86316,-15.09812,18.42796,4.24421,2.73277,-0.40002,83.36289,-5.711815,-0.696651,0.416738,102.35285,14.868604,30.827917,2125.724538,91.03215,20.01858,61.75044,242.79077,211.49084,38.102358,2.029674,-2.61717,10.62516,-0.48529,50,6.38234,3.20062,-132.93122,-7.00699,-4.65184,30.26691,-13.28858,MIA_RED,MIA_RED,McKieFieldStad,TeamExclusive,Team,20251031-McKieFieldStad-Private-2,7fe55580-b68f-11f0-879f-a1ec9707feb9,90.44643,20.28278,,8.31423,,,,2.30865,2.99309,0.63746,f6155717-1ea0-46aa-993d-1d70bb7179cd,2025-10-31,19:26:28.31,2025-10-31T15:26:28.3150000-04:00,2025-10-31T19:26:28.3150000Z,LineDrive,v3,471355,471355,,"Harrison, Tommy",811731,Right,MIA_RED,3d3ffa2e-0dff-4218-971b-c379043e0516,54.63425,-133.98223,15.13346,6.61764,-6.54554,-6.64429,-0.59923,3.36215,-2.32592,,2.30865,124.59102,-23.03504,5.50142,-1.25929,0.2507,-0.04757,0.00682,-0.0005,2.99309,38.52059,-23.37162,2.42302,-0.39117,0.05069,-0.00469,0.00061,-8E-05,0.63746,74.35355,2.39612,-2.60669,0.98332,-0.28327,0.06388,-0.01003,0.00076,,,,,,,,,,,,,,,,,,,,,,,High,High,High,High,High,,,
87,2025-10-31,15:27:21.30,4,1,"Gay, Alex",813960,Right,MIA_RED,"Novak, Ryan",10035937,Left,MIA_RED,Undefined,3,Bottom,2,0,0,Fastball,Four-Seam,FoulBallNotFieldable,Undefined,Undefined,Undefined,0,0,,90.63718,-2.423251,-1.960956,2113.386849,215.167611,1:15,6.57171,0.79974,5.88439,-19.02473,14.57422,9.61233,2.73343,-0.22088,84.0631,-5.973306,-0.236164,0.41719,70.83813,57.853885,-82.86676,4760.159455,,,,,64.5219,,,-5.42807,8.35331,-0.64725,50,6.36496,4.1116,-131.71208,-6.19295,-9.67148,24.23392,-17.29059,MIA_RED,MIA_RED,McKieFieldStad,TeamExclusive,Team,20251031-McKieFieldStad-Private-2,9f7a8230-b68f-11f0-879f-a1ec9707feb9,90.34832,87.60853,,6.57408,,,,,,,f6155717-1ea0-46aa-993d-1d70bb7179cd,2025-10-31,19:27:21.30,2025-10-31T15:27:21.3020000-04:00,2025-10-31T19:27:21.3020000Z,,v3,471355,471355,,"Harrison, Tommy",811731,Right,MIA_RED,8fced6d3-d806-4b53-865a-71ce6e4228fd,54.61569,-132.55861,12.11696,6.57074,-5.58896,-8.6453,-0.79678,4.44944,-4.83574,,3.1314,6.86321,-8.97834,2.70179,-0.39705,0.38396,-0.91885,0.76115,-0.21476,18.71866,87.96794,-26.08384,2.95689,-0.64848,0.29438,-0.25971,0.15076,-0.03583,-8.99573,-54.8532,5.20594,-0.76518,0.16246,-0.0993,0.04418,-0.00061,-0.0038,,,,,,,,,,,,,,,,,,,,,,,High,High,High,Low,Undefined,,,
88,2025-10-31,15:27:47.31,4,2,"Gay, Alex",813960,Right,MIA_RED,"Novak, Ryan",10035937,Left,MIA_RED,Undefined,3,Bottom,2,0,1,Curveball,Curveball,HitByPitch,Undefined,Undefined,Undefined,0,0,,79.12551,-0.210986,-1.549099,1616.981834,60.28574,8:00,6.50774,0.76454,5.14697,-56.54538,-9.81292,-20.09454,1.59692,-2.36878,72.04,-10.405888,-5.113694,0.492018,,,,,,,,,,,,9.70646,-4.62083,-0.60288,50,6.44366,3.88976,-114.70076,-2.4195,12.64741,25.55406,-38.19494,MIA_RED,MIA_RED,McKieFieldStad,TeamExclusive,Team,20251031-McKieFieldStad-Private-2,aefed440-b68f-11f0-879f-a1ec9707feb9,76.60788,,,7.08551,,,,,,,f6155717-1ea0-46aa-993d-1d70bb7179cd,2025-10-31,19:27:47.31,2025-10-31T15:27:47.3130000-04:00,2025-10-31T19:27:47.3130000Z,,v3,471355,471355,,"Harrison, Tommy",811731,Right,MIA_RED,4bcc2aae-4b4d-484c-9a06-79e61e4da374,55.3548,-115.88761,12.77703,6.51484,-0.64555,-19.09747,-0.7699,3.30236,6.32371,,,,,,,,,,,,,,,,,,,,,,,,,,,,,,,,,,,,,,,,,,,,,,,,,,,High,High,High,,,,,
89,2025-10-31,15:28:18.97,5,1,"Gay, Alex",813960,Right,MIA_RED,"Gonzalez Rivera, Ignacio",10124440,Right,MIA_RED,Undefined,3,Bottom,2,0,0,Curveball,Curveball,StrikeCalled,Undefined,Undefined,Undefined,0,0,,77.79946,0.975532,0.428871,1890.147294,48.327434,7:30,6.55801,0.71031,5.33621,-63.10704,-14.6245,-18.57351,2.21442,-0.43512,69.91879,-10.491613,-2.883169,0.501146,,,,,,,,,,,,9.41552,-7.06504,-0.73538,50,6.60122,-0.08818,-112.69562,-0.31762,11.71866,26.62264,-40.96731,MIA_RED,MIA_RED,McKieFieldStad,TeamExclusive,Team,20251031-McKieFieldStad-Private-2,c1e62770-b68f-11f0-879f-a1ec9707feb9,75.21252,,,7.88068,,,,,,,f6155717-1ea0-46aa-993d-1d70bb7179cd,2025-10-31,19:28:18.97,2025-10-31T15:28:18.9710000-04:00,2025-10-31T19:28:18.9710000Z,,v3,471355,471355,,"Harrison, Tommy",811731,Right,MIA_RED,31678674-3f01-43ba-a69b-7d6924fa20e4,55.16264,-113.90869,13.31132,6.57316,1.54906,-20.48366,-0.7192,-0.62214,5.85933,,,,,,,,,,,,,,,,,,,,,,,,,,,,,,,,,,,,,,,,,,,,,,,,,,,High,High,High,,,,,
90,2025-10-31,15:28:41.71,5,2,"Gay, Alex",813960,Right,MIA_RED,"Gonzalez Rivera, Ignacio",10124440,Right,MIA_RED,Undefined,3,Bottom,2,0,1,Curveball,Curveball,InPlay,Undefined,GroundBall,Out,1,0,,77.3446,0.738254,0.025102,1879.58112,48.040467,7:30,6.49273,0.75122,5.34513,-59.70964,-11.36603,-14.52997,2.20946,-0.43607,70.42563,-10.092567,-2.565182,0.500427,82.63845,-61.158346,-71.972748,,,,,2.28016,2.28016,-19.688199,0.021333,7.34197,-5.53359,-0.74254,50,6.51612,0.51568,-112.21192,-0.6091,9.19543,23.65872,-39.10454,MIA_RED,MIA_RED,McKieFieldStad,TeamExclusive,Team,20251031-McKieFieldStad-Private-2,cf6e8270-b68f-11f0-879f-a1ec9707feb9,75.32052,2.27039,,6.91898,,,,1.75993,2.27039,0.42074,f6155717-1ea0-46aa-993d-1d70bb7179cd,2025-10-31,19:28:41.71,2025-10-31T15:28:41.7100000-04:00,2025-10-31T19:28:41.7100000Z,GroundBall,v3,471355,471355,,"Harrison, Tommy",811731,Right,MIA_RED,46893deb-a26e-4ae9-8d4e-634ef83252c4,55.15559,-113.29371,11.82936,6.50309,1.17894,-19.55227,-0.75651,0.09522,4.59771,,1.75978,18.13726,,,,,,,,2.27126,-106.42356,,,,,,,,0.4212,-55.73056,,,,,,,,,,,,,,,,,,,,,,,,,,,,,,High,High,High,Estimated,Estimated,,,
91,2025-10-31,15:30:52.10,1,1,"Byers, Carson",1000133996,Left,MIA_RED,"Proctor, Keenan",823047,Left,MIA_RED,Undefined,4,Top,0,0,0,Fastball,Sinker,StrikeCalled,Undefined,Undefined,Undefined,0,0,,87.08299,-0.054208,2.510615,1996.549119,128.589533,10:15,4.96464,-1.41272,5.80375,-21.36328,15.95757,-18.37725,3.1339,-0.60778,78.75158,-4.102098,-0.779352,0.43969,,,,,,,,,,,,10.05253,8.51544,1.21721,50,4.94758,-4.74427,-126.27435,-0.7671,16.07768,27.98042,-18.55471,MIA_RED,MIA_RED,McKieFieldStad,TeamExclusive,Team,20251031-McKieFieldStad-Private-2,1d149780-b690-11f0-879f-a1ec9707feb9,85.72494,,,8.33141,,,,,,,f6155717-1ea0-46aa-993d-1d70bb7179cd,2025-10-31,19:30:52.10,2025-10-31T15:30:52.1050000-04:00,2025-10-31T19:30:52.1050000Z,,v3,471355,471355,,"Raether, Carson",1000338521,Right,MIA_RED,ee9186d9-78ed-4235-b1c2-76bb03588885,54.69173,-127.30972,13.99021,4.96326,-0.08052,-9.27736,1.40377,-5.3392,8.03884,,,,,,,,,,,,,,,,,,,,,,,,,,,,,,,,,,,,,,,,,,,,,,,,,,,High,High,High,,,,,
92,2025-10-31,15:31:09.03,1,2,"Byers, Carson",1000133996,Left,MIA_RED,"Proctor, Keenan",823047,Left,MIA_RED,Undefined,4,Top,0,0,1,Fastball,Sinker,BallCalled,Undefined,Undefined,Undefined,0,0,,87.74088,-1.740687,4.258202,2138.727836,143.57212,10:45,5.00555,-1.43761,5.7413,-15.30465,21.40005,-14.89985,2.10444,1.29283,79.93089,-4.676334,1.601939,0.436046,,,,,,,,,,,,8.72004,11.70631,1.0919,50,4.85103,-8.81545,-127.03675,-4.28305,14.24481,26.11322,-13.05095,MIA_RED,MIA_RED,McKieFieldStad,TeamExclusive,Team,20251031-McKieFieldStad-Private-2,27264250-b690-11f0-879f-a1ec9707feb9,86.44141,,,7.80999,,,,,,,f6155717-1ea0-46aa-993d-1d70bb7179cd,2025-10-31,19:31:09.03,2025-10-31T15:31:09.0350000-04:00,2025-10-31T19:31:09.0350000Z,,v3,471355,471355,,"Raether, Carson",1000338521,Right,MIA_RED,7075c895-a499-40a7-9078-a744294a3e69,54.75522,-128.01049,13.05661,5.00167,-3.79639,-6.52548,1.43052,-9.34662,7.12241,,,,,,,,,,,,,,,,,,,,,,,,,,,,,,,,,,,,,,,,,,,,,,,,,,,High,High,High,,,,,
93,2025-10-31,15:31:27.20,1,3,"Byers, Carson",1000133996,Left,MIA_RED,"Proctor, Keenan",823047,Left,MIA_RED,Undefined,4,Top,0,1,1,Fastball,Sinker,StrikeCalled,Undefined,Undefined,Undefined,0,0,,87.30148,-0.713809,3.764978,2092.615946,121.828309,10:00,4.91362,-1.43153,5.77069,-22.00328,16.29832,-23.56367,2.41428,0.1135,76.83412,-4.938086,-0.445762,0.44543,,,,,,,,,,,,13.24375,8.99217,1.13348,50,4.84169,-7.22976,-126.04587,-2.22213,20.51623,34.45951,-18.24403,MIA_RED,MIA_RED,McKieFieldStad,TeamExclusive,Team,20251031-McKieFieldStad-Private-2,3200e270-b690-11f0-879f-a1ec9707feb9,84.62027,,,10.46736,,,,,,,f6155717-1ea0-46aa-993d-1d70bb7179cd,2025-10-31,19:31:27.20,2025-10-31T15:31:27.2080000-04:00,2025-10-31T19:31:27.2080000Z,,v3,471355,471355,,"Raether, Carson",1000338521,Right,MIA_RED,eedbb10b-21a2-42f8-917f-6c85afa9e40b,54.71996,-127.32971,17.22976,4.91181,-1.54242,-9.12201,1.41708,-7.99413,10.25811,,,,,,,,,,,,,,,,,,,,,,,,,,,,,,,,,,,,,,,,,,,,,,,,,,,High,High,High,,,,,
94,2025-10-31,15:31:49.53,1,4,"Byers, Carson",1000133996,Left,MIA_RED,"Proctor, Keenan",823047,Left,MIA_RED,Undefined,4,Top,0,1,2,Fastball,Sinker,InPlay,Undefined,FlyBall,Out,1,0,,88.31181,-0.177166,3.012449,2110.665869,129.348792,10:15,5.02471,-1.14673,5.90122,-21.29363,15.28804,-16.94473,3.08555,0.24025,78.99499,-4.238134,-0.024863,0.435315,84.73193,25.130506,12.691131,1426.795469,107.02569,43.22291,25.4061,326.2299,321.83871,15.08002,3.882183,9.68882,8.27394,0.91415,50,4.99853,-6.00778,-127.89337,-1.03669,15.70295,31.65597,-18.76425,MIA_RED,MIA_RED,McKieFieldStad,TeamExclusive,Team,20251031-McKieFieldStad-Private-2,3f7a2240-b690-11f0-879f-a1ec9707feb9,86.58667,51.24122,,9.31682,,,,1.50029,3.15179,-0.24618,f6155717-1ea0-46aa-993d-1d70bb7179cd,2025-10-31,19:31:49.53,2025-10-31T15:31:49.5390000-04:00,2025-10-31T19:31:49.5390000Z,LineDrive,v3,471355,471355,,"Raether, Carson",1000338521,Right,MIA_RED,ff19d653-9400-4cbc-af23-3c2eb41988fc,54.59408,-129.02548,15.82799,5.02361,-0.36563,-9.38213,1.13904,-6.56936,7.85148,193.716732,1.50055,109.75369,-15.27304,3.58273,-0.68018,0.13609,-0.03387,0.00625,-0.00048,3.15195,52.7728,-15.10161,0.2687,0.17495,-0.15213,0.05971,-0.01089,0.00075,-0.24617,24.71777,-1.41519,0.31803,-0.06333,0.0151,-0.00416,0.00076,-6E-05,,,,,,,,,,,,,,,,,,,,,,,High,High,High,High,High,,,
95,2025-10-31,15:32:25.54,2,1,"Byers, Carson",1000133996,Left,MIA_RED,"Rasmussen, Jamie",10272616,Right,MIA_RED,Undefined,4,Top,1,0,0,ChangeUp,Changeup,StrikeCalled,Undefined,Undefined,Undefined,0,0,,78.30861,1.595909,3.523184,1749.622079,117.449417,10:00,4.54627,-1.95765,5.72182,-33.67352,13.62505,-22.53611,3.22983,-0.54991,69.47797,-4.755576,-0.499089,0.494989,,,,,,,,,,,,12.56698,6.88067,1.67665,50,4.6597,-6.06079,-113.15019,2.16719,15.82662,26.14243,-23.50865,MIA_RED,MIA_RED,McKieFieldStad,TeamExclusive,Team,20251031-McKieFieldStad-Private-2,54c1d3a0-b690-11f0-879f-a1ec9707feb9,76.14805,,,8.83065,,,,,,,f6155717-1ea0-46aa-993d-1d70bb7179cd,2025-10-31,19:32:25.54,2025-10-31T15:32:25.5480000-04:00,2025-10-31T19:32:25.5480000Z,,v3,471355,471355,,"Raether, Carson",1000338521,Right,MIA_RED,46b70a5a-cae7-463b-ab4e-6ecc271b3b78,54.77046,-114.24705,13.07122,4.54807,3.15355,-11.75432,1.94488,-6.72483,7.91331,,,,,,,,,,,,,,,,,,,,,,,,,,,,,,,,,,,,,,,,,,,,,,,,,,,High,High,High,,,,,
96,2025-10-31,15:32:39.74,2,2,"Byers, Carson",1000133996,Left,MIA_RED,"Rasmussen, Jamie",10272616,Right,MIA_RED,Undefined,4,Top,1,0,1,ChangeUp,Changeup,BallCalled,Undefined,Undefined,Undefined,0,0,,75.8511,0.899747,2.985707,1632.250479,91.811573,9:00,4.39847,-2.05355,5.62211,-48.00073,2.78469,-20.69174,1.23925,-0.98915,67.39367,-8.00228,-0.709011,0.51291,,,,,,,,,,,,11.53339,1.70284,1.81221,50,4.44522,-4.91562,-109.64668,0.21919,13.55338,25.64934,-30.17298,MIA_RED,MIA_RED,McKieFieldStad,TeamExclusive,Team,20251031-McKieFieldStad-Private-2,5d5a4bf0-b690-11f0-879f-a1ec9707feb9,73.48748,,,8.45743,,,,,,,f6155717-1ea0-46aa-993d-1d70bb7179cd,2025-10-31,19:32:39.74,2025-10-31T15:32:39.7420000-04:00,2025-10-31T19:32:39.7420000Z,,v3,471355,471355,,"Raether, Carson",1000338521,Right,MIA_RED,099fd211-d234-4e9b-9d35-589d61209886,54.87176,-110.78045,12.82467,4.40606,1.55292,-15.08649,2.04273,-5.51471,6.77669,,,,,,,,,,,,,,,,,,,,,,,,,,,,,,,,,,,,,,,,,,,,,,,,,,,High,High,High,,,,,
97,2025-10-31,15:32:56.34,2,3,"Byers, Carson",1000133996,Left,MIA_RED,"Rasmussen, Jamie",10272616,Right,MIA_RED,Undefined,4,Top,1,1,1,Cutter,Changeup,BallCalled,Undefined,Undefined,Undefined,0,0,,83.47112,1.392484,1.602839,2348.794094,153.439359,11:00,4.79891,-1.72924,5.6886,-27.93065,12.60107,-5.6478,3.76993,-0.70563,75.9586,-3.825446,0.593855,0.458215,,,,,,,,,,,,3.30973,6.3937,1.59797,50,4.89875,-3.1554,-121.10082,2.0559,4.90238,24.21598,-22.7036,MIA_RED,MIA_RED,McKieFieldStad,TeamExclusive,Team,20251031-McKieFieldStad-Private-2,67174710-b690-11f0-879f-a1ec9707feb9,82.25934,,,7.51252,,,,,,,f6155717-1ea0-46aa-993d-1d70bb7179cd,2025-10-31,19:32:56.34,2025-10-31T15:32:56.3470000-04:00,2025-10-31T19:32:56.3470000Z,,v3,471355,471355,,"Raether, Carson",1000338521,Right,MIA_RED,fbd84ccc-9d04-48c2-8686-527193f1631e,54.80682,-122.05823,12.10799,4.79973,2.95352,-11.3518,1.72655,-3.34923,2.45119,,,,,,,,,,,,,,,,,,,,,,,,,,,,,,,,,,,,,,,,,,,,,,,,,,,High,High,High,,,,,
98,2025-10-31,15:33:14.18,2,4,"Byers, Carson",1000133996,Left,MIA_RED,"Rasmussen, Jamie",10272616,Right,MIA_RED,Undefined,4,Top,1,2,1,ChangeUp,Changeup,BallCalled,Undefined,Undefined,Undefined,0,0,,77.42605,3.095946,1.63536,1688.881342,118.432349,10:00,4.41437,-2.09966,5.6839,-35.92144,13.0356,-20.18552,4.31063,-2.25706,67.93013,-3.702213,-1.968234,0.503592,,,,,,,,,,,,10.63595,5.99177,1.97382,50,4.65381,-2.35886,-111.73227,4.98987,12.92428,27.39002,-24.89316,MIA_RED,MIA_RED,McKieFieldStad,TeamExclusive,Team,20251031-McKieFieldStad-Private-2,71c18860-b690-11f0-879f-a1ec9707feb9,74.84715,,,9.49592,,,,,,,f6155717-1ea0-46aa-993d-1d70bb7179cd,2025-10-31,19:33:14.18,2025-10-31T15:33:14.1810000-04:00,2025-10-31T19:33:14.1810000Z,,v3,471355,471355,,"Raether, Carson",1000338521,Right,MIA_RED,23fbd962-d390-4108-adaf-43747f2f407c,54.80375,-112.90372,13.69501,4.41763,6.05453,-12.44658,2.08653,-2.91162,6.46214,,,,,,,,,,,,,,,,,,,,,,,,,,,,,,,,,,,,,,,,,,,,,,,,,,,High,High,High,,,,,
99,2025-10-31,15:33:34.38,2,5,"Byers, Carson",1000133996,Left,MIA_RED,"Rasmussen, Jamie",10272616,Right,MIA_RED,Undefined,4,Top,1,3,1,Fastball,Sinker,StrikeCalled,Undefined,Undefined,Undefined,0,0,,87.07452,-2.533204,3.212388,2049.967166,148.36789,11:00,4.9546,-1.45561,5.93906,-13.10072,24.66927,-14.26591,1.50774,0.33864,77.6983,-5.136039,0.655122,0.442328,,,,,,,,,,,,8.3704,13.89729,1.20709,50,4.74497,-6.45761,-125.89758,-5.84594,13.11449,31.23373,-10.40014,MIA_RED,MIA_RED,McKieFieldStad,TeamExclusive,Team,20251031-McKieFieldStad-Private-2,7ddfcc10-b690-11f0-879f-a1ec9707feb9,85.2137,,,9.37621,,,,,,,f6155717-1ea0-46aa-993d-1d70bb7179cd,2025-10-31,19:33:34.38,2025-10-31T15:33:34.3840000-04:00,2025-10-31T19:33:34.3840000Z,,v3,471355,471355,,"Raether, Carson",1000338521,Right,MIA_RED,692191f7-c23a-4d3c-b65b-35c67b0a8e73,54.55426,-127.02242,15.61686,4.94875,-5.47139,-5.20007,1.44816,-6.92991,6.55724,,,,,,,,,,,,,,,,,,,,,,,,,,,,,,,,,,,,,,,,,,,,,,,,,,,High,High,High,,,,,
100,2025-10-31,15:33:56.31,2,6,"Byers, Carson",1000133996,Left,MIA_RED,"Rasmussen, Jamie",10272616,Right,MIA_RED,Undefined,4,Top,1,3,2,Fastball,Sinker,InPlay,Undefined,FlyBall,Out,1,0,,87.4851,-2.100859,3.105694,2147.49932,127.802459,10:15,4.9917,-1.31933,6.08016,-20.10458,17.07233,-20.11194,1.36892,-0.11919,78.19749,-5.958743,-0.513117,0.438842,83.02493,24.054077,8.281957,2543.331144,107.80888,36.44857,21.84449,296.69086,290.28403,15.454457,3.425103,11.44351,9.94402,1.0897,50,4.81866,-6.03938,-126.62068,-5.21167,18.11896,31.81247,-16.42929,MIA_RED,MIA_RED,McKieFieldStad,TeamExclusive,Team,20251031-McKieFieldStad-Private-2,8af14960-b690-11f0-879f-a1ec9707feb9,85.8907,40.5474,,9.28762,,,,1.95835,1.46494,0.12484,f6155717-1ea0-46aa-993d-1d70bb7179cd,2025-10-31,19:33:56.31,2025-10-31T15:33:56.3190000-04:00,2025-10-31T19:33:56.3190000Z,LineDrive,v3,471355,471355,,"Raether, Carson",1000338521,Right,MIA_RED,baef616d-5673-4756-a13d-9ab886bc4afc,54.41534,-127.72519,15.90624,4.9897,-4.64126,-8.21465,1.3103,-6.66846,9.05948,230.175267,1.9583,110.03886,-15.08539,3.72759,-0.89688,0.25589,-0.07637,0.01529,-0.00128,1.46547,49.61355,-16.66841,0.28303,0.51321,-0.37003,0.13966,-0.02625,0.00191,0.12481,16.01773,5.0958,-1.81354,0.5039,-0.12427,0.02887,-0.005,0.00039,,,,,,,,,,,,,,,,,,,,,,,High,High,High,High,High,,,
101,2025-10-31,15:34:39.23,3,1,"Byers, Carson",1000133996,Left,MIA_RED,"Dierks, Marcus",10322729,Left,MIA_RED,Undefined,4,Top,2,0,0,Fastball,Sinker,BallCalled,Undefined,Undefined,Undefined,0,0,,87.34645,-2.310199,3.596303,2039.837797,134.925617,10:30,4.81078,-1.54892,6.04622,-19.50725,17.51804,-16.20245,1.04108,0.43461,78.81231,-6.035032,0.685774,0.437946,,,,,,,,,,,,9.4589,10.13709,1.27715,50,4.6201,-7.2772,-126.43804,-5.65773,15.09838,29.13843,-15.99313,MIA_RED,MIA_RED,McKieFieldStad,TeamExclusive,Team,20251031-McKieFieldStad-Private-2,a481a0f0-b690-11f0-879f-a1ec9707feb9,86.0664,,,8.53414,,,,,,,f6155717-1ea0-46aa-993d-1d70bb7179cd,2025-10-31,19:34:39.23,2025-10-31T15:34:39.2360000-04:00,2025-10-31T19:34:39.2360000Z,,v3,471355,471355,,"Raether, Carson",1000338521,Right,MIA_RED,889af421-78cf-4254-86b3-fcd16a7820be,54.44964,-127.45936,14.56921,4.80858,-5.09716,-7.99657,1.5415,-7.80641,7.54919,,,,,,,,,,,,,,,,,,,,,,,,,,,,,,,,,,,,,,,,,,,,,,,,,,,High,High,High,,,,,
102,2025-10-31,15:34:56.56,3,2,"Byers, Carson",1000133996,Left,MIA_RED,"Dierks, Marcus",10322729,Left,MIA_RED,Undefined,4,Top,2,1,0,Fastball,Sinker,InPlay,Undefined,LineDrive,Triple,0,0,,87.52325,-0.657061,3.041365,2112.205106,133.65263,10:30,4.87211,-1.6635,5.91216,-18.10969,19.21895,-18.61414,2.75226,-0.3893,78.08001,-4.158962,-0.295768,0.439736,92.56374,2.173204,31.368197,2806.749793,,,,70.4265,68.24985,32.273441,0.54266,10.56729,10.46658,1.43001,50,4.80932,-5.94235,-126.70913,-1.94633,16.76637,31.69761,-15.56742,MIA_RED,MIA_RED,McKieFieldStad,TeamExclusive,Team,20251031-McKieFieldStad-Private-2,af03e7e0-b690-11f0-879f-a1ec9707feb9,85.71598,3.20983,,9.44324,,,,1.32189,2.88035,0.32986,f6155717-1ea0-46aa-993d-1d70bb7179cd,2025-10-31,19:34:56.56,2025-10-31T15:34:56.5620000-04:00,2025-10-31T19:34:56.5620000Z,GroundBall,v3,471355,471355,,"Raether, Carson",1000338521,Right,MIA_RED,7b1c3574-c289-4ff4-a729-698eb85147b0,54.5827,-127.8504,15.84881,4.86931,-1.38583,-7.78371,1.65484,-6.54602,8.38319,,1.33728,115.45306,-15.13604,,,,,,,2.89411,4.80801,-18.73234,,,,,,,0.32941,70.62884,-3.57068,,,,,,,,,,,,,,,,,,,,,,,,,,,,,High,High,High,High,High,,,
103,2025-10-31,15:35:41.88,4,1,"Byers, Carson",1000133996,Left,MIA_RED,"Roa Calcano, Christopher",1000375139,Right,MIA_RED,Undefined,4,Top,2,0,0,Fastball,Sinker,StrikeSwinging,Undefined,Undefined,Undefined,0,0,,87.90098,-1.289139,2.226623,2086.237671,145.401151,10:45,4.97878,-1.39375,5.95907,-15.63005,21.12863,-13.61642,2.47976,-0.46268,78.80326,-4.333002,-0.218352,0.436366,,,,,,,,,,,,7.65697,11.618,1.2242,50,4.86766,-4.36494,-127.3432,-3.25399,12.33375,30.79536,-13.4599,MIA_RED,MIA_RED,McKieFieldStad,TeamExclusive,Team,20251031-McKieFieldStad-Private-2,c9eec660-b690-11f0-879f-a1ec9707feb9,86.37796,,,9.09772,,,,,,,f6155717-1ea0-46aa-993d-1d70bb7179cd,2025-10-31,19:35:41.88,2025-10-31T15:35:41.8840000-04:00,2025-10-31T19:35:41.8840000Z,,v3,471355,471355,,"Raether, Carson",1000338521,Right,MIA_RED,b1362e42-1abc-4a61-a3c3-731bb045714f,54.53433,-128.43505,15.39768,4.97457,-2.77677,-6.72995,1.38672,-4.80223,6.16688,,,,,,,,,,,,,,,,,,,,,,,,,,,,,,,,,,,,,,,,,,,,,,,,,,,High,High,High,,,,,
104,2025-10-31,15:35:57.56,4,2,"Byers, Carson",1000133996,Left,MIA_RED,"Roa Calcano, Christopher",1000375139,Right,MIA_RED,Undefined,4,Top,2,0,1,Fastball,Sinker,FoulBallNotFieldable,Undefined,Undefined,Undefined,0,0,,88.2202,-2.003598,2.629331,2026.05467,147.151528,11:00,5.00601,-1.39879,6.0488,-13.18115,23.00556,-14.00717,2.05009,-0.13031,79.55754,-4.594587,0.111184,0.432958,,,,,,,,,,,,8.05079,12.86095,1.20161,50,4.84293,-5.29352,-127.86101,-4.77649,13.14793,29.68175,-11.17058,MIA_RED,MIA_RED,McKieFieldStad,TeamExclusive,Team,20251031-McKieFieldStad-Private-2,d3455e90-b690-11f0-879f-a1ec9707feb9,87.05794,,,8.66266,,,,,,,f6155717-1ea0-46aa-993d-1d70bb7179cd,2025-10-31,19:35:57.56,2025-10-31T15:35:57.5620000-04:00,2025-10-31T19:35:57.5620000Z,,v3,471355,471355,,"Raether, Carson",1000338521,Right,MIA_RED,17fcae37-78f8-43b0-b62f-eb5542c40d8e,54.44763,-128.88935,14.84088,5.00171,-4.38948,-5.58529,1.3929,-5.74903,6.57397,,,,,,,,,,,,,,,,,,,,,,,,,,,,,,,,,,,,,,,,,,,,,,,,,,,High,High,High,,,,,
105,2025-10-31,15:36:21.92,4,3,"Byers, Carson",1000133996,Left,MIA_RED,"Roa Calcano, Christopher",1000375139,Right,MIA_RED,Undefined,4,Top,2,0,2,Slider,Curveball,BallCalled,Undefined,Undefined,Undefined,0,0,,78.18367,-0.051371,2.533715,2541.016105,277.675737,3:15,4.42615,-2.23191,5.40482,-46.12924,0.28161,8.07784,0.53386,0.81679,72.32195,-8.42688,3.969764,0.490322,,,,,,,,,,,,-3.4202,0.51382,2.00024,50,4.38892,-5.33032,-113.50298,-1.64569,-4.47598,20.15386,-31.50162,MIA_RED,MIA_RED,McKieFieldStad,TeamExclusive,Team,20251031-McKieFieldStad-Private-2,e1eb85a0-b690-11f0-879f-a1ec9707feb9,76.87289,,,5.86172,,,,,,,f6155717-1ea0-46aa-993d-1d70bb7179cd,2025-10-31,19:36:21.92,2025-10-31T15:36:21.9260000-04:00,2025-10-31T19:36:21.9260000Z,,v3,471355,471355,,"Raether, Carson",1000338521,Right,MIA_RED,0b515980-2e01-48f8-bd97-b3f815664c64,55.09534,-114.40414,10.07693,4.43101,-0.23712,-15.75081,2.23411,-5.13018,-2.23799,,,,,,,,,,,,,,,,,,,,,,,,,,,,,,,,,,,,,,,,,,,,,,,,,,,High,High,High,,,,,
106,2025-10-31,15:36:43.26,4,4,"Byers, Carson",1000133996,Left,MIA_RED,"Roa Calcano, Christopher",1000375139,Right,MIA_RED,Undefined,4,Top,2,1,2,ChangeUp,Changeup,BallCalled,Undefined,Undefined,Undefined,0,0,,77.88764,0.884348,2.737307,1666.269006,88.834537,9:00,4.40941,-2.00632,5.58902,-46.1192,1.21461,-24.58793,1.39291,-1.4974,70.39789,-7.608833,-1.652068,0.495173,,,,,,,,,,,,13.23257,0.87559,1.78727,50,4.45583,-4.42323,-112.86063,0.23339,16.78652,23.69453,-31.06327,MIA_RED,MIA_RED,McKieFieldStad,TeamExclusive,Team,20251031-McKieFieldStad-Private-2,ee901050-b690-11f0-879f-a1ec9707feb9,76.1197,,,7.48974,,,,,,,f6155717-1ea0-46aa-993d-1d70bb7179cd,2025-10-31,19:36:43.26,2025-10-31T15:36:43.2610000-04:00,2025-10-31T19:36:43.2610000Z,,v3,471355,471355,,"Raether, Carson",1000338521,Right,MIA_RED,14fb5db8-7d77-4818-aec2-d75a51644b2a,54.90869,-113.88652,11.84726,4.41661,1.57832,-15.53164,1.99452,-5.15003,8.39326,,,,,,,,,,,,,,,,,,,,,,,,,,,,,,,,,,,,,,,,,,,,,,,,,,,High,High,High,,,,,
107,2025-10-31,15:37:02.64,4,5,"Byers, Carson",1000133996,Left,MIA_RED,"Roa Calcano, Christopher",1000375139,Right,MIA_RED,Undefined,4,Top,2,2,2,ChangeUp,Changeup,StrikeCalled,Strikeout,Undefined,Undefined,0,0,,77.19009,1.169837,4.272456,1662.187355,111.125517,9:45,4.53274,-1.96522,5.70533,-37.99097,9.37552,-20.36749,2.45998,0.32562,70.56682,-5.858867,0.641773,0.495344,,,,,,,,,,,,11.48056,4.9041,1.61934,50,4.60752,-7.58348,-111.83324,1.12707,14.5582,19.92262,-25.95531,MIA_RED,MIA_RED,McKieFieldStad,TeamExclusive,Team,20251031-McKieFieldStad-Private-2,fa1632b0-b690-11f0-879f-a1ec9707feb9,76.09346,,,6.62327,,,,,,,f6155717-1ea0-46aa-993d-1d70bb7179cd,2025-10-31,19:37:02.64,2025-10-31T15:37:02.6430000-04:00,2025-10-31T19:37:02.6430000Z,,v3,471355,471355,,"Raether, Carson",1000338521,Right,MIA_RED,bd726562-d02d-4b34-810e-ddce798e8105,54.79292,-112.68385,9.96131,4.53574,2.23525,-12.97765,1.95639,-8.20505,7.2791,,,,,,,,,,,,,,,,,,,,,,,,,,,,,,,,,,,,,,,,,,,,,,,,,,,High,High,High,,,,,
108,2025-10-31,15:39:28.97,1,1,"Gay, Alex",813960,Right,MIA_RED,"Phillips, Drew",1000194003,Right,MIA_RED,Undefined,4,Bottom,0,0,0,Curveball,Curveball,BallCalled,Undefined,Undefined,Undefined,0,0,,78.43316,-0.088489,-0.749659,1459.676838,55.810738,7:45,6.59282,0.41812,5.17932,-53.71554,-7.24327,-12.68489,2.03326,-1.34435,72.67192,-9.762045,-3.002676,0.490646,,,,,,,,,,,,6.14107,-3.18579,-0.33838,50,6.54339,1.99777,-113.95352,-2.08846,8.0896,20.5835,-36.37068,MIA_RED,MIA_RED,McKieFieldStad,TeamExclusive,Team,20251031-McKieFieldStad-Private-2,5139c8e0-b691-11f0-879f-a1ec9707feb9,76.82206,,,5.76124,,,,,,,f6155717-1ea0-46aa-993d-1d70bb7179cd,2025-10-31,19:39:28.97,2025-10-31T15:39:28.9720000-04:00,2025-10-31T19:39:28.9720000Z,,v3,471355,471355,,"Harrison, Tommy",811731,Right,MIA_RED,b1647825-77f2-4834-9987-9bebdf1f1670,55.32201,-114.91082,10.29175,6.60119,-0.39693,-18.18534,-0.42255,1.62154,4.0448,,,,,,,,,,,,,,,,,,,,,,,,,,,,,,,,,,,,,,,,,,,,,,,,,,,High,High,High,,,,,
109,2025-10-31,15:39:48.69,1,2,"Gay, Alex",813960,Right,MIA_RED,"Phillips, Drew",1000194003,Right,MIA_RED,Undefined,4,Bottom,0,1,0,Fastball,Four-Seam,BallCalled,Undefined,Undefined,Undefined,0,0,,89.44878,0.964622,-0.617471,2101.0214,199.124934,12:45,6.79413,0.36817,5.83109,-19.50064,15.56513,5.00847,6.06586,0.21156,81.35989,-2.729229,0.280201,0.4262,,,,,,,,,,,,-2.69788,7.98481,-0.32056,50,6.86131,1.17665,-129.84577,1.5876,-4.59658,27.70281,-18.5697,MIA_RED,MIA_RED,McKieFieldStad,TeamExclusive,Team,20251031-McKieFieldStad-Private-2,5cf9e700-b691-11f0-879f-a1ec9707feb9,88.43848,,,8.08889,,,,,,,f6155717-1ea0-46aa-993d-1d70bb7179cd,2025-10-31,19:39:48.69,2025-10-31T15:39:48.6940000-04:00,2025-10-31T19:39:48.6940000Z,,v3,471355,471355,,"Harrison, Tommy",811731,Right,MIA_RED,0f6ce312-9299-484e-91d2-a224107441a0,54.66287,-130.83682,13.8514,6.79263,2.25191,-9.28485,-0.36559,1.34109,-2.29829,,,,,,,,,,,,,,,,,,,,,,,,,,,,,,,,,,,,,,,,,,,,,,,,,,,High,High,High,,,,,
110,2025-10-31,15:40:11.66,1,3,"Gay, Alex",813960,Right,MIA_RED,"Phillips, Drew",1000194003,Right,MIA_RED,Undefined,4,Bottom,0,2,0,Fastball,Four-Seam,BallCalled,Undefined,Undefined,Undefined,0,0,,89.25707,-2.30668,-2.551793,2103.531117,189.722025,12:15,6.71623,0.23482,6.08524,-20.75481,14.21792,2.24036,2.84951,-1.94069,81.54196,-6.214645,-2.148661,0.425634,,,,,,,,,,,,-1.87736,8.33363,-0.03894,50,6.52698,5.67529,-129.44413,-5.84918,-3.17738,27.65068,-18.06975,MIA_RED,MIA_RED,McKieFieldStad,TeamExclusive,Team,20251031-McKieFieldStad-Private-2,6aa77d40-b691-11f0-879f-a1ec9707feb9,88.55603,,,7.71511,,,,,,,f6155717-1ea0-46aa-993d-1d70bb7179cd,2025-10-31,19:40:11.66,2025-10-31T15:40:11.6610000-04:00,2025-10-31T19:40:11.6610000Z,,v3,471355,471355,,"Harrison, Tommy",811731,Right,MIA_RED,9cadd19b-ce62-48d7-ad2c-4c1f425ef1f7,54.41055,-130.38287,13.82534,6.71514,-5.23572,-9.03487,-0.23344,5.78316,-1.58869,,,,,,,,,,,,,,,,,,,,,,,,,,,,,,,,,,,,,,,,,,,,,,,,,,,High,High,High,,,,,
111,2025-10-31,15:40:33.65,1,4,"Gay, Alex",813960,Right,MIA_RED,"Phillips, Drew",1000194003,Right,MIA_RED,Undefined,4,Bottom,0,3,0,Fastball,Four-Seam,StrikeCalled,Undefined,Undefined,Undefined,0,0,,90.11817,-2.91153,-1.16539,2094.888092,202.649747,12:45,6.67928,0.37845,5.90599,-18.03781,16.65379,6.45024,2.47071,-0.16592,81.90722,-6.329155,-0.007011,0.423919,,,,,,,,,,,,-3.64142,9.75154,-0.2885,50,6.43506,2.37902,-130.63797,-7.18556,-6.24468,29.48856,-15.45105,MIA_RED,MIA_RED,McKieFieldStad,TeamExclusive,Team,20251031-McKieFieldStad-Private-2,77c70450-b691-11f0-879f-a1ec9707feb9,88.91416,,,8.21095,,,,,,,f6155717-1ea0-46aa-993d-1d70bb7179cd,2025-10-31,19:40:33.65,2025-10-31T15:40:33.6500000-04:00,2025-10-31T19:40:33.6500000Z,,v3,471355,471355,,"Harrison, Tommy",811731,Right,MIA_RED,413fc945-1ba0-41c2-bcd6-f51167232594,54.58958,-131.66989,14.74428,6.67704,-6.64487,-7.72553,-0.37558,2.59755,-3.12234,,,,,,,,,,,,,,,,,,,,,,,,,,,,,,,,,,,,,,,,,,,,,,,,,,,High,High,High,,,,,
112,2025-10-31,15:40:53.95,1,5,"Gay, Alex",813960,Right,MIA_RED,"Phillips, Drew",1000194003,Right,MIA_RED,Undefined,4,Bottom,0,3,1,Fastball,Four-Seam,InPlay,Undefined,GroundBall,Out,1,0,,90.49482,-2.646112,-1.11598,2044.727063,198.917324,12:45,6.66296,0.35272,6.02286,-20.06769,14.03375,4.42359,2.53767,-0.31237,82.60438,-6.423597,-0.319666,0.420299,72.13261,-19.166003,-49.840661,,,,,8.61024,8.07232,-38.557183,0.074615,-2.61634,8.33973,-0.26785,50,6.44487,2.37522,-131.32145,-6.69566,-4.54831,28.97407,-17.67595,MIA_RED,MIA_RED,McKieFieldStad,TeamExclusive,Team,20251031-McKieFieldStad-Private-2,83f9ba60-b691-11f0-879f-a1ec9707feb9,89.68015,2.60055,,7.89044,,,,1.9078,2.60055,0.35147,f6155717-1ea0-46aa-993d-1d70bb7179cd,2025-10-31,19:40:53.95,2025-10-31T15:40:53.9590000-04:00,2025-10-31T19:40:53.9590000Z,GroundBall,v3,471355,471355,,"Harrison, Tommy",811731,Right,MIA_RED,c6c3d560-db60-4f17-8204-8a8ef6769511,54.47499,-132.30511,14.48704,6.66199,-6.09557,-8.83798,-0.35111,2.52964,-2.27416,180,1.90512,64.66929,,,,,,,,2.60199,-34.85296,,,,,,,,0.35464,-76.63602,,,,,,,,,,,,,,,,,,,,,,,,,,,,,,High,High,High,High,High,,,
113,2025-10-31,15:41:34.01,2,1,"Gay, Alex",813960,Right,MIA_RED,"Cruz, Diego",1000178634,Left,MIA_RED,Undefined,4,Bottom,1,0,0,Fastball,Four-Seam,InPlay,Undefined,GroundBall,Error,0,0,,91.27976,-2.745916,0.080731,2028.629909,216.095952,1:15,6.66974,0.39013,5.59711,-18.25013,16.27552,10.92902,2.58332,1.37626,82.20378,-6.198084,2.032383,0.422905,77.01495,-65.92594,173.044158,,,,,2.22687,2.22687,-31.60167,0.026738,-5.54363,9.53528,-0.40448,50,6.42295,-0.67359,-132.19855,-6.92703,-9.62948,33.03047,-15.61097,MIA_RED,MIA_RED,McKieFieldStad,TeamExclusive,Team,20251031-McKieFieldStad-Private-2,9bb57900-b691-11f0-879f-a1ec9707feb9,89.12754,2.76685,,9.07598,,,,3.12372,2.76685,-1.31661,f6155717-1ea0-46aa-993d-1d70bb7179cd,2025-10-31,19:41:34.01,2025-10-31T15:41:34.0180000-04:00,2025-10-31T19:41:34.0180000Z,GroundBall,v3,471355,471355,,"Harrison, Tommy",811731,Right,MIA_RED,c04d11c7-583a-4812-8ca6-3011761e3828,54.89921,-133.41703,16.51523,6.66786,-6.35116,-7.80549,-0.38618,-0.31837,-4.81474,,3.12439,-45.89178,,,,,,,,2.76835,-103.47873,,,,,,,,-1.31669,5.5989,,,,,,,,,,,,,,,,,,,,,,,,,,,,,,High,High,High,Estimated,Estimated,,,
114,2025-10-31,15:42:23.56,3,1,"Gay, Alex",813960,Right,MIA_RED,"Raether, Carson",1000338521,Left,MIA_RED,Undefined,4,Bottom,1,0,0,Curveball,Curveball,BallCalled,Undefined,Undefined,Undefined,0,0,,77.67144,-0.624358,0.682872,1861.603846,64.268737,8:15,6.42999,0.9717,5.02109,-55.39326,-6.92272,-17.87584,1.22464,0.12648,70.92668,-10.602671,-2.486919,0.501084,,,,,,,,,,,,9.13595,-2.79866,-1.02184,50,6.32538,-0.62017,-112.616,-3.20643,11.54892,23.43786,-35.71192,MIA_RED,MIA_RED,McKieFieldStad,TeamExclusive,Team,20251031-McKieFieldStad-Private-2,b94e8790-b691-11f0-879f-a1ec9707feb9,75.22186,,,6.74476,,,,,,,f6155717-1ea0-46aa-993d-1d70bb7179cd,2025-10-31,19:42:23.56,2025-10-31T15:42:23.5630000-04:00,2025-10-31T19:42:23.5630000Z,,v3,471355,471355,,"Harrison, Tommy",811731,Right,MIA_RED,7ceb2363-09b4-4878-b910-377d8cd9abc7,55.47894,-113.75058,11.71893,6.43876,-1.4777,-17.85596,-0.97829,-1.17923,5.77446,,,,,,,,,,,,,,,,,,,,,,,,,,,,,,,,,,,,,,,,,,,,,,,,,,,High,High,High,,,,,
115,2025-10-31,15:42:44.98,3,2,"Gay, Alex",813960,Right,MIA_RED,"Raether, Carson",1000338521,Left,MIA_RED,Undefined,4,Bottom,1,1,0,Fastball,Four-Seam,FoulBallNotFieldable,Undefined,Undefined,Undefined,0,0,,88.57775,-2.702159,-1.908714,1960.99897,210.11516,1:00,6.59614,0.87415,5.90639,-24.69773,10.96823,5.70051,2.02656,-0.42315,81.22462,-7.292735,-0.884813,0.429832,87.40636,50.371655,46.215871,3425.576545,73.16133,114.69277,82.14247,272.46331,123.1566,51.626507,5.890396,-3.4904,6.72343,-0.72427,50,6.3648,4.0521,-128.5187,-6.87737,-5.83061,26.93995,-20.94277,MIA_RED,MIA_RED,McKieFieldStad,TeamExclusive,Team,20251031-McKieFieldStad-Private-2,c6045050-b691-11f0-879f-a1ec9707feb9,87.69118,131.35545,,7.35313,,,,2.94174,1.84948,0.33986,f6155717-1ea0-46aa-993d-1d70bb7179cd,2025-10-31,19:42:44.98,2025-10-31T15:42:44.9880000-04:00,2025-10-31T19:42:44.9880000Z,FlyBall,v3,471355,471355,,"Harrison, Tommy",811731,Right,MIA_RED,bf94206f-d6b6-4eca-836b-838588081214,54.59251,-129.4778,13.46997,6.59637,-6.13178,-10.47138,-0.87223,4.25968,-2.91531,,2.94719,56.47755,-14.31331,3.53289,-0.55332,0.04373,0.00058,-0.00031,1E-05,1.84921,98.72439,-22.55687,1.80321,-0.02919,-0.11709,0.03756,-0.00502,0.00025,0.34407,58.95499,-10.52001,2.33689,-0.31408,0.01659,0.0008,-2E-05,-1E-05,,,,,,,,,,,,,,,,,,,,,,,High,High,High,High,Low,,,
116,2025-10-31,15:43:24.40,3,3,"Gay, Alex",813960,Right,MIA_RED,"Raether, Carson",1000338521,Left,MIA_RED,Undefined,4,Bottom,1,1,1,ChangeUp,Changeup,BallCalled,Undefined,Undefined,Undefined,0,0,,85.6013,-3.63171,-3.371792,1832.926732,222.248403,1:30,6.21847,1.28788,5.64637,-24.47568,14.21454,11.76839,0.78093,-0.8801,78.56799,-8.162863,-1.271555,0.447684,,,,,,,,,,,,-6.95804,8.60748,-1.00944,50,5.89406,6.82125,-123.90404,-8.67084,-10.81961,24.69466,-18.78958,MIA_RED,MIA_RED,McKieFieldStad,TeamExclusive,Team,20251031-McKieFieldStad-Private-2,dd8f6200-b691-11f0-879f-a1ec9707feb9,84.19422,,,7.03331,,,,,,,f6155717-1ea0-46aa-993d-1d70bb7179cd,2025-10-31,19:43:24.40,2025-10-31T15:43:24.4040000-04:00,2025-10-31T19:43:24.4040000Z,,v3,471355,471355,,"Harrison, Tommy",811731,Right,MIA_RED,80891005-3366-4e97-9d86-81ae7605cac3,54.85237,-124.86739,12.34733,6.21801,-7.93785,-9.39479,-1.28377,7.24333,-5.4098,,,,,,,,,,,,,,,,,,,,,,,,,,,,,,,,,,,,,,,,,,,,,,,,,,,High,High,High,,,,,
117,2025-10-31,15:43:48.44,3,4,"Gay, Alex",813960,Right,MIA_RED,"Raether, Carson",1000338521,Left,MIA_RED,Undefined,4,Bottom,1,2,1,ChangeUp,Changeup,BallCalled,Undefined,Undefined,Undefined,0,0,,85.8431,-2.981695,-3.491397,1784.120493,228.011859,1:30,6.20293,1.174,5.66361,-24.466,14.01623,14.1593,1.37613,-0.90565,78.54388,-7.527697,-0.964302,0.446479,,,,,,,,,,,,-8.19414,8.34323,-0.88779,50,5.93493,6.99619,-124.28994,-7.27726,-12.79788,25.27572,-19.14333,MIA_RED,MIA_RED,McKieFieldStad,TeamExclusive,Team,20251031-McKieFieldStad-Private-2,ebfa06b0-b691-11f0-879f-a1ec9707feb9,84.42147,,,7.29922,,,,,,,f6155717-1ea0-46aa-993d-1d70bb7179cd,2025-10-31,19:43:48.44,2025-10-31T15:43:48.4460000-04:00,2025-10-31T19:43:48.4460000Z,,v3,471355,471355,,"Harrison, Tommy",811731,Right,MIA_RED,5fa093ed-6e22-40fe-8b78-5264af7f91ed,54.83428,-125.26919,12.63786,6.2025,-6.5356,-9.57166,-1.16844,7.49201,-6.39894,,,,,,,,,,,,,,,,,,,,,,,,,,,,,,,,,,,,,,,,,,,,,,,,,,,High,High,High,,,,,
118,2025-10-31,15:44:11.94,3,5,"Gay, Alex",813960,Right,MIA_RED,"Raether, Carson",1000338521,Left,MIA_RED,Undefined,4,Bottom,1,3,1,Fastball,Four-Seam,InPlay,Undefined,LineDrive,Single,0,1,,89.58252,-1.970562,-1.200878,2148.093757,208.5582,1:00,6.66069,0.63888,5.99445,-19.52903,15.24698,7.67965,3.20607,0.16586,81.75919,-5.659641,0.1805,0.424435,101.23352,11.453904,25.988047,1797.097654,96.52539,11.6836,52.75265,181.66607,178.83906,30.732714,1.436653,-4.32658,8.76264,-0.54866,50,6.49475,2.41204,-130.06667,-5.07279,-7.38446,28.21477,-17.21821,MIA_RED,MIA_RED,McKieFieldStad,TeamExclusive,Team,20251031-McKieFieldStad-Private-2,f9dabae0-b691-11f0-879f-a1ec9707feb9,88.80611,12.27994,,7.82333,,,,2.16489,3.13774,0.04606,f6155717-1ea0-46aa-993d-1d70bb7179cd,2025-10-31,19:44:11.94,2025-10-31T15:44:11.9450000-04:00,2025-10-31T19:44:11.9450000Z,LineDrive,v3,471355,471355,,"Harrison, Tommy",811731,Right,MIA_RED,d8dad832-655e-4c90-9909-707f2b040fa4,54.50379,-131.04002,14.10739,6.6595,-4.4788,-8.6091,-0.63627,2.66679,-3.69223,,2.16489,130.80498,-21.0409,4.31777,-1.3437,0.93843,-0.68119,0.27661,-0.04587,3.13774,29.48434,-25.54352,3.21584,-0.80165,0.34055,-0.19068,0.07163,-0.0115,0.04606,63.76364,2.73669,-2.33404,1.28434,-1.25864,0.97885,-0.40929,0.06905,,,,,,,,,,,,,,,,,,,,,,,High,High,High,High,High,,,
119,2025-10-31,15:45:02.27,4,1,"Gay, Alex",813960,Right,MIA_RED,"Krupinski, Dom",702597,Left,MIA_RED,Undefined,4,Bottom,1,0,0,Fastball,Four-Seam,BallCalled,Undefined,Undefined,Undefined,0,0,,89.79636,-4.505802,-2.241954,2112.383235,210.126151,1:00,6.54507,0.47519,5.97644,-15.87489,19.21123,10.4165,1.03349,-0.7361,81.45784,-7.535963,-0.370185,0.426323,,,,,,,,,,,,-6.02642,11.61721,-0.30356,50,6.17912,4.64145,-129.86286,-10.67704,-10.18593,29.794,-12.53854,MIA_RED,MIA_RED,McKieFieldStad,TeamExclusive,Team,20251031-McKieFieldStad-Private-2,17ee9ec0-b692-11f0-879f-a1ec9707feb9,88.41282,,,8.33852,,,,,,,f6155717-1ea0-46aa-993d-1d70bb7179cd,2025-10-31,19:45:02.27,2025-10-31T15:45:02.2780000-04:00,2025-10-31T19:45:02.2780000Z,,v3,471355,471355,,"Harrison, Tommy",811731,Right,MIA_RED,a692d9db-3669-4fa2-8c20-b3bae608ed87,54.51946,-130.89563,14.897,6.54169,-10.2424,-6.26927,-0.47057,4.99453,-5.09296,,,,,,,,,,,,,,,,,,,,,,,,,,,,,,,,,,,,,,,,,,,,,,,,,,,High,High,High,,,,,
120,2025-10-31,15:45:32.57,4,2,"Gay, Alex",813960,Right,MIA_RED,"Krupinski, Dom",702597,Left,MIA_RED,Undefined,4,Bottom,1,1,0,Fastball,Four-Seam,BallCalled,Undefined,Undefined,Undefined,0,0,,90.04601,-3.087949,-2.509731,2000.247091,207.455855,1:00,6.55555,0.55656,6.07392,-20.37414,14.20808,6.76331,1.99494,-1.20355,81.90496,-6.929017,-1.292369,0.423251,,,,,,,,,,,,-4.21992,8.60119,-0.36573,50,6.30542,5.43103,-130.44966,-7.66458,-7.21637,29.3873,-17.46535,MIA_RED,MIA_RED,McKieFieldStad,TeamExclusive,Team,20251031-McKieFieldStad-Private-2,29dd6120-b692-11f0-879f-a1ec9707feb9,89.05457,,,8.14105,,,,,,,f6155717-1ea0-46aa-993d-1d70bb7179cd,2025-10-31,19:45:32.57,2025-10-31T15:45:32.5710000-04:00,2025-10-31T19:45:32.5710000Z,,v3,471355,471355,,"Harrison, Tommy",811731,Right,MIA_RED,528c8343-6c22-494b-96b6-26fa6192576a,54.42149,-131.44195,14.69365,6.55426,-7.07485,-8.73267,-0.55323,5.6747,-3.60819,,,,,,,,,,,,,,,,,,,,,,,,,,,,,,,,,,,,,,,,,,,,,,,,,,,High,High,High,,,,,
121,2025-10-31,15:45:55.44,4,3,"Gay, Alex",813960,Right,MIA_RED,"Krupinski, Dom",702597,Left,MIA_RED,Undefined,4,Bottom,1,2,0,Curveball,Curveball,BallCalled,Undefined,Undefined,Undefined,0,0,,78.41346,1.409753,0.72406,1400.553186,51.212787,7:45,6.5753,0.56725,5.25459,-53.91282,-6.97804,-10.65272,3.40753,0.35988,71.45898,-8.386744,-1.168711,0.493082,,,,,,,,,,,,5.50654,-3.36855,-0.62557,50,6.66492,-0.99958,-113.72997,0.8799,7.14124,22.77374,-36.54259,MIA_RED,MIA_RED,McKieFieldStad,TeamExclusive,Team,20251031-McKieFieldStad-Private-2,37818180-b692-11f0-879f-a1ec9707feb9,76.44258,,,6.95448,,,,,,,f6155717-1ea0-46aa-993d-1d70bb7179cd,2025-10-31,19:45:55.44,2025-10-31T15:45:55.4450000-04:00,2025-10-31T19:45:55.4450000Z,,v3,471355,471355,,"Harrison, Tommy",811731,Right,MIA_RED,55ff6b37-2696-411a-b551-a39f9291849c,55.24373,-114.77519,11.38687,6.58605,2.55706,-18.27129,-0.57218,-1.32733,3.57062,,,,,,,,,,,,,,,,,,,,,,,,,,,,,,,,,,,,,,,,,,,,,,,,,,,High,High,High,,,,,
122,2025-10-31,15:46:19.07,4,4,"Gay, Alex",813960,Right,MIA_RED,"Krupinski, Dom",702597,Left,MIA_RED,Undefined,4,Bottom,1,3,0,Fastball,Four-Seam,StrikeCalled,Undefined,Undefined,Undefined,0,0,,89.90763,-1.781454,-2.21662,2107.877456,203.221319,12:45,6.61616,0.81313,6.02078,-19.05788,15.5141,6.16378,3.37622,-0.72732,81.88083,-5.391968,-1.108418,0.423188,,,,,,,,,,,,-3.79319,8.83052,-0.64273,50,6.46615,4.78507,-130.42626,-4.63002,-6.50659,28.50274,-17.02671,MIA_RED,MIA_RED,McKieFieldStad,TeamExclusive,Team,20251031-McKieFieldStad-Private-2,45b0a3d0-b692-11f0-879f-a1ec9707feb9,89.06779,,,8.0268,,,,,,,f6155717-1ea0-46aa-993d-1d70bb7179cd,2025-10-31,19:46:19.07,2025-10-31T15:46:19.0780000-04:00,2025-10-31T19:46:19.0780000Z,,v3,471355,471355,,"Harrison, Tommy",811731,Right,MIA_RED,32a1fec3-7eb9-461e-92bc-088125f95a0f,54.4747,-131.40051,14.25137,6.61446,-4.04804,-8.51336,-0.81009,5.00746,-3.25329,,,,,,,,,,,,,,,,,,,,,,,,,,,,,,,,,,,,,,,,,,,,,,,,,,,High,High,High,,,,,
123,2025-10-31,15:46:41.63,4,5,"Gay, Alex",813960,Right,MIA_RED,"Krupinski, Dom",702597,Left,MIA_RED,Undefined,4,Bottom,1,3,1,Fastball,Four-Seam,BallCalled,Walk,Undefined,Undefined,0,0,,90.47704,-1.96803,-2.731305,2198.815242,204.57151,12:45,6.65428,0.4469,5.95393,-16.77595,17.58328,7.50044,3.42838,-1.46295,82.09856,-5.171419,-1.385505,0.421884,,,,,,,,,,,,-4.62516,9.92851,-0.23373,50,6.48824,5.92654,-131.12609,-4.99011,-7.99661,29.53159,-15.00823,MIA_RED,MIA_RED,McKieFieldStad,TeamExclusive,Team,20251031-McKieFieldStad-Private-2,52fdca90-b692-11f0-879f-a1ec9707feb9,89.34312,,,8.37848,,,,,,,f6155717-1ea0-46aa-993d-1d70bb7179cd,2025-10-31,19:46:41.63,2025-10-31T15:46:41.6360000-04:00,2025-10-31T19:46:41.6360000Z,,v3,471355,471355,,"Harrison, Tommy",811731,Right,MIA_RED,f550146b-507d-428d-a806-ffbc1ea288ed,54.54063,-132.14475,14.76579,6.65144,-4.47241,-7.50412,-0.44292,6.20238,-3.9983,,,,,,,,,,,,,,,,,,,,,,,,,,,,,,,,,,,,,,,,,,,,,,,,,,,High,High,High,,,,,
124,2025-10-31,15:47:14.91,5,1,"Gay, Alex",813960,Right,MIA_RED,"Appelwick, Evan",695485,Right,MIA_RED,Undefined,4,Bottom,1,0,0,Fastball,Four-Seam,BallCalled,Undefined,Undefined,Undefined,0,0,,90.18779,-2.848728,-2.511901,2060.167729,205.625608,12:45,6.58872,0.24005,6.00525,-17.77206,16.58182,7.41351,2.46369,-1.4709,82.38814,-6.21357,-1.179693,0.421851,,,,,,,,,,,,-4.50071,9.66004,-0.04653,50,6.35475,5.41934,-130.74421,-7.03641,-7.77885,27.95113,-15.47807,MIA_RED,MIA_RED,McKieFieldStad,TeamExclusive,Team,20251031-McKieFieldStad-Private-2,66d438b0-b692-11f0-879f-a1ec9707feb9,89.35005,,,7.79965,,,,,,,f6155717-1ea0-46aa-993d-1d70bb7179cd,2025-10-31,19:47:14.91,2025-10-31T15:47:14.9150000-04:00,2025-10-31T19:47:14.9150000Z,,v3,471355,471355,,"Harrison, Tommy",811731,Right,MIA_RED,5c51a4e7-f539-4aa0-98b6-d7b0750cd286,54.49087,-131.70079,13.97556,6.5865,-6.5067,-7.73904,-0.23655,5.68556,-3.88943,,,,,,,,,,,,,,,,,,,,,,,,,,,,,,,,,,,,,,,,,,,,,,,,,,,High,High,High,,,,,
125,2025-10-31,15:47:37.43,5,2,"Gay, Alex",813960,Right,MIA_RED,"Appelwick, Evan",695485,Right,MIA_RED,Undefined,4,Bottom,1,1,0,Curveball,Curveball,BallCalled,Undefined,Undefined,Undefined,0,0,,78.59873,-0.175633,-1.004714,1740.58242,47.145949,7:30,6.55287,0.63209,5.06014,-54.20775,-6.98953,-9.28973,1.86991,-1.08958,71.73815,-9.957183,-2.651228,0.494568,,,,,,,,,,,,4.2815,-2.90252,-0.52893,50,6.49325,2.38352,-113.94323,-2.31909,5.5511,23.63099,-35.93727,MIA_RED,MIA_RED,McKieFieldStad,TeamExclusive,Team,20251031-McKieFieldStad-Private-2,7469da20-b692-11f0-879f-a1ec9707feb9,76.21282,,,6.86059,,,,,,,f6155717-1ea0-46aa-993d-1d70bb7179cd,2025-10-31,19:47:37.43,2025-10-31T15:47:37.4360000-04:00,2025-10-31T19:47:37.4360000Z,,v3,471355,471355,,"Harrison, Tommy",811731,Right,MIA_RED,09ff1b91-46bf-49a7-84b1-efc9809d376b,55.43806,-115.06551,11.8155,6.56286,-0.61235,-17.96863,-0.63587,2.11988,2.77555,,,,,,,,,,,,,,,,,,,,,,,,,,,,,,,,,,,,,,,,,,,,,,,,,,,High,High,High,,,,,
126,2025-10-31,15:48:01.68,5,3,"Gay, Alex",813960,Right,MIA_RED,"Appelwick, Evan",695485,Right,MIA_RED,Undefined,4,Bottom,1,2,0,Fastball,Four-Seam,BallCalled,Undefined,Undefined,Undefined,0,0,,89.73997,-2.687363,-2.909067,2128.584198,191.853948,12:30,6.56318,0.52988,6.19564,-19.02572,16.02808,3.08547,2.4918,-1.90085,80.67693,-6.324337,-2.353061,0.426127,,,,,,,,,,,,-2.54602,9.54953,-0.31223,50,6.35098,6.46599,-129.85282,-6.63372,-4.26457,32.00992,-16.17878,MIA_RED,MIA_RED,McKieFieldStad,TeamExclusive,Team,20251031-McKieFieldStad-Private-2,82b955b0-b692-11f0-879f-a1ec9707feb9,88.45354,,,9.06304,,,,,,,f6155717-1ea0-46aa-993d-1d70bb7179cd,2025-10-31,19:48:01.68,2025-10-31T15:48:01.6840000-04:00,2025-10-31T19:48:01.6840000Z,,v3,471355,471355,,"Harrison, Tommy",811731,Right,MIA_RED,159ef3ba-d6d9-4541-9896-a6dde05b80bc,54.29639,-130.90764,16.00496,6.5608,-6.10058,-8.08939,-0.52762,6.60652,-2.13229,,,,,,,,,,,,,,,,,,,,,,,,,,,,,,,,,,,,,,,,,,,,,,,,,,,High,High,High,,,,,
127,2025-10-31,15:48:24.36,5,4,"Gay, Alex",813960,Right,MIA_RED,"Appelwick, Evan",695485,Right,MIA_RED,Undefined,4,Bottom,1,3,0,Fastball,Four-Seam,BallCalled,Walk,Undefined,Undefined,0,0,,89.22907,-0.891585,-1.073977,2070.021876,181.701164,12:00,6.58345,0.26488,6.18455,-18.75414,15.97678,0.44146,4.19715,-0.69011,81.42992,-4.460583,-0.994314,0.42416,,,,,,,,,,,,-0.52988,8.84272,-0.18408,50,6.50651,2.41147,-129.6166,-2.55148,-0.90008,27.48273,-17.15386,MIA_RED,MIA_RED,McKieFieldStad,TeamExclusive,Team,20251031-McKieFieldStad-Private-2,903a5db0-b692-11f0-879f-a1ec9707feb9,88.86377,,,7.79914,,,,,,,f6155717-1ea0-46aa-993d-1d70bb7179cd,2025-10-31,19:48:24.36,2025-10-31T15:48:24.3670000-04:00,2025-10-31T19:48:24.3670000Z,,v3,471355,471355,,"Harrison, Tommy",811731,Right,MIA_RED,e60780c0-02e5-4e45-ab54-95514bc46c9c,54.31068,-130.52739,13.74137,6.58165,-1.98299,-8.57693,-0.26449,2.4413,-0.45004,,,,,,,,,,,,,,,,,,,,,,,,,,,,,,,,,,,,,,,,,,,,,,,,,,,High,High,High,,,,,
128,2025-10-31,15:48:56.34,6,1,"Gay, Alex",813960,Right,MIA_RED,"Breidenbach, Mason",1000074554,Right,MIA_RED,Undefined,4,Bottom,1,0,0,Curveball,Curveball,StrikeCalled,Undefined,Undefined,Undefined,0,0,,79.18602,0.377726,-0.566041,1637.639616,49.084999,7:45,6.49132,0.72965,5.19499,-53.69338,-7.71532,-10.62741,2.37219,-0.68843,72.59864,-9.331669,-2.453719,0.48803,,,,,,,,,,,,5.12618,-3.49559,-0.66886,50,6.48566,1.57073,-114.9243,-1.17806,6.80484,22.77613,-36.81432,MIA_RED,MIA_RED,McKieFieldStad,TeamExclusive,Team,20251031-McKieFieldStad-Private-2,a353bd60-b692-11f0-879f-a1ec9707feb9,77.23382,,,6.58738,,,,,,,f6155717-1ea0-46aa-993d-1d70bb7179cd,2025-10-31,19:48:56.34,2025-10-31T15:48:56.3410000-04:00,2025-10-31T19:48:56.3410000Z,,v3,471355,471355,,"Harrison, Tommy",811731,Right,MIA_RED,99df8df3-7fb3-474a-a036-61d20dd9a54d,55.30459,-115.97082,11.38806,6.50093,0.51348,-18.40716,-0.73385,1.25805,3.40242,,,,,,,,,,,,,,,,,,,,,,,,,,,,,,,,,,,,,,,,,,,,,,,,,,,High,High,High,,,,,
129,2025-10-31,15:49:13.82,6,2,"Gay, Alex",813960,Right,MIA_RED,"Breidenbach, Mason",1000074554,Right,MIA_RED,Undefined,4,Bottom,1,0,1,Curveball,Slider,StrikeCalled,Undefined,Undefined,Undefined,0,0,,79.67649,0.088547,-0.146987,1176.087904,39.036214,7:15,6.5199,0.49291,5.37516,-51.409,-6.14052,-6.22213,2.31883,-0.1634,72.74864,-9.256747,-1.256233,0.48425,,,,,,,,,,,,3.06508,-2.60323,-0.47527,50,6.49172,0.55057,-115.60624,-1.6419,4.10234,23.76919,-35.65822,MIA_RED,MIA_RED,McKieFieldStad,TeamExclusive,Team,20251031-McKieFieldStad-Private-2,add60450-b692-11f0-879f-a1ec9707feb9,77.83675,,,6.92784,,,,,,,f6155717-1ea0-46aa-993d-1d70bb7179cd,2025-10-31,19:49:13.82,2025-10-31T15:49:13.8280000-04:00,2025-10-31T19:49:13.8280000Z,,v3,471355,471355,,"Harrison, Tommy",811731,Right,MIA_RED,876fc890-7530-4dd7-bf07-f42088c81858,55.12275,-116.65475,11.88459,6.52945,-0.06895,-17.82911,-0.49556,0.36961,2.05117,,,,,,,,,,,,,,,,,,,,,,,,,,,,,,,,,,,,,,,,,,,,,,,,,,,High,High,High,,,,,
130,2025-10-31,15:49:34.18,6,3,"Gay, Alex",813960,Right,MIA_RED,"Breidenbach, Mason",1000074554,Right,MIA_RED,Undefined,4,Bottom,1,0,2,Fastball,Four-Seam,InPlay,Undefined,FlyBall,Out,1,1,,92.32902,-3.938728,-0.667596,2048.530922,202.411957,12:45,6.60893,0.39977,5.90512,-17.38824,15.53686,5.96193,1.49783,0.27689,84.46046,-7.20826,0.40352,0.412986,85.65979,24.541927,9.346009,2990.201645,109.06494,43.128,14.30719,330.84512,325.61476,4.51097,4.257865,-3.26673,9.42788,-0.34968,50,6.2823,1.3049,-133.82919,-9.76217,-5.90993,29.54651,-15.11784,MIA_RED,MIA_RED,McKieFieldStad,TeamExclusive,Team,20251031-McKieFieldStad-Private-2,b9f22520-b692-11f0-879f-a1ec9707feb9,91.26817,54.55635,,7.86856,,,,1.8402,1.5855,-0.27647,f6155717-1ea0-46aa-993d-1d70bb7179cd,2025-10-31,19:49:34.18,2025-10-31T15:49:34.1890000-04:00,2025-10-31T19:49:34.1890000Z,LineDrive,v3,471355,471355,,"Harrison, Tommy",811731,Right,MIA_RED,e1bf981c-862a-4e45-b003-cfab4c665d46,54.59304,-134.83942,14.77326,6.60724,-9.24527,-7.55892,-0.39775,1.50696,-2.95497,163.349881,1.84013,112.77136,-17.07824,3.87878,-0.86141,0.215,-0.04982,0.00736,-0.00046,1.58643,52.15409,-12.98914,-0.34883,0.52915,-0.28363,0.08459,-0.0128,0.00076,-0.27648,18.56063,-6.05105,1.42577,-0.32529,0.08071,-0.01809,0.0026,-0.00016,,,,,,,,,,,,,,,,,,,,,,,High,High,High,High,High,,,
131,2025-10-31,15:50:19.87,7,1,"Gay, Alex",813960,Right,MIA_RED,"Novak, Ryan",10035937,Left,MIA_RED,Undefined,4,Bottom,2,0,0,Curveball,Curveball,BallCalled,Undefined,Undefined,Undefined,0,0,,77.31206,2.366161,0.476816,1795.187063,31.310212,7:00,6.55666,0.51864,5.09162,-58.72275,-10.19284,-7.17776,3.89439,0.36987,70.50496,-8.260356,-0.793994,0.50139,,,,,,,,,,,,3.67583,-5.18339,-0.55791,50,6.73446,-0.63555,-112.0859,2.50678,4.63967,21.73909,-38.71659,MIA_RED,MIA_RED,McKieFieldStad,TeamExclusive,Team,20251031-McKieFieldStad-Private-2,d51d8f10-b692-11f0-879f-a1ec9707feb9,75.17583,,,6.8071,,,,,,,f6155717-1ea0-46aa-993d-1d70bb7179cd,2025-10-31,19:50:19.87,2025-10-31T15:50:19.8760000-04:00,2025-10-31T19:50:19.8760000Z,,v3,471355,471355,,"Harrison, Tommy",811731,Right,MIA_RED,1fed4d34-495e-4df6-8957-e37ed88f94de,55.40758,-113.12984,10.86955,6.56944,4.366,-19.35829,-0.52204,-0.85835,2.31984,,,,,,,,,,,,,,,,,,,,,,,,,,,,,,,,,,,,,,,,,,,,,,,,,,,High,High,High,,,,,
132,2025-10-31,15:50:43.30,7,2,"Gay, Alex",813960,Right,MIA_RED,"Novak, Ryan",10035937,Left,MIA_RED,Undefined,4,Bottom,2,1,0,Curveball,Curveball,BallCalled,Undefined,Undefined,Undefined,0,0,,77.43591,2.477757,0.460766,1717.833385,51.023497,7:45,6.43033,0.75295,5.22203,-57.66334,-9.18308,-13.46339,3.95607,0.0642,70.11906,-8.007845,-1.928257,0.501134,,,,,,,,,,,,6.78989,-4.7452,-0.78521,50,6.61629,-0.34622,-112.19135,2.80093,8.52323,23.16044,-38.13064,MIA_RED,MIA_RED,McKieFieldStad,TeamExclusive,Team,20251031-McKieFieldStad-Private-2,e3196c60-b692-11f0-879f-a1ec9707feb9,75.2143,,,7.31685,,,,,,,f6155717-1ea0-46aa-993d-1d70bb7179cd,2025-10-31,19:50:43.30,2025-10-31T15:50:43.3050000-04:00,2025-10-31T19:50:43.3050000Z,,v3,471355,471355,,"Harrison, Tommy",811731,Right,MIA_RED,dee45102-daa6-4205-85d0-4fbe4e587f5e,55.27609,-113.2753,11.58022,6.44344,4.58551,-19.06532,-0.75968,-0.74512,4.26162,,,,,,,,,,,,,,,,,,,,,,,,,,,,,,,,,,,,,,,,,,,,,,,,,,,High,High,High,,,,,
133,2025-10-31,15:51:06.74,7,3,"Gay, Alex",813960,Right,MIA_RED,"Novak, Ryan",10035937,Left,MIA_RED,Undefined,4,Bottom,2,2,0,Fastball,Four-Seam,BallCalled,Undefined,Undefined,Undefined,0,0,,88.51952,-3.356513,-2.29507,1935.334416,203.66186,12:45,6.53693,0.53117,6.10393,-23.31596,12.73154,4.99587,1.4839,-1.17604,80.00911,-7.741841,-1.394775,0.432124,,,,,,,,,,,,-3.29421,8.04815,-0.35717,50,6.26649,4.92258,-128.10559,-8.23295,-5.38758,30.375,-19.01156,MIA_RED,MIA_RED,McKieFieldStad,TeamExclusive,Team,20251031-McKieFieldStad-Private-2,f1206d40-b692-11f0-879f-a1ec9707feb9,87.22589,,,8.51041,,,,,,,f6155717-1ea0-46aa-993d-1d70bb7179cd,2025-10-31,19:51:06.74,2025-10-31T15:51:06.7470000-04:00,2025-10-31T19:51:06.7470000Z,,v3,471355,471355,,"Harrison, Tommy",811731,Right,MIA_RED,711bca12-f739-43fe-a457-3405e18e92e5,54.38928,-129.14214,15.1875,6.53637,-7.58418,-9.50578,-0.52828,5.10643,-2.69379,,,,,,,,,,,,,,,,,,,,,,,,,,,,,,,,,,,,,,,,,,,,,,,,,,,High,High,High,,,,,
134,2025-10-31,15:51:30.76,7,4,"Gay, Alex",813960,Right,MIA_RED,"Novak, Ryan",10035937,Left,MIA_RED,Undefined,4,Bottom,2,3,0,Fastball,Four-Seam,StrikeCalled,Undefined,Undefined,Undefined,0,0,,89.95056,-2.036061,-1.9693,1909.089438,197.536322,12:30,6.50283,0.45741,6.12529,-20.32076,13.92619,4.05717,2.92541,-1.02561,82.35772,-5.865097,-1.23817,0.421194,,,,,,,,,,,,-2.62811,8.08532,-0.30878,50,6.33636,4.31954,-130.57086,-5.26297,-4.53907,27.37868,-18.20974,MIA_RED,MIA_RED,McKieFieldStad,TeamExclusive,Team,20251031-McKieFieldStad-Private-2,ff529cd0-b692-11f0-879f-a1ec9707feb9,89.48945,,,7.59284,,,,,,,f6155717-1ea0-46aa-993d-1d70bb7179cd,2025-10-31,19:51:30.76,2025-10-31T15:51:30.7650000-04:00,2025-10-31T19:51:30.7650000Z,,v3,471355,471355,,"Harrison, Tommy",811731,Right,MIA_RED,13615d54-3750-4491-8652-2c8bedd8038d,54.37083,-131.48416,13.68934,6.50178,-4.65552,-9.10487,-0.45539,4.47095,-2.26953,,,,,,,,,,,,,,,,,,,,,,,,,,,,,,,,,,,,,,,,,,,,,,,,,,,High,High,High,,,,,
135,2025-10-31,15:51:48.29,7,5,"Gay, Alex",813960,Right,MIA_RED,"Novak, Ryan",10035937,Left,MIA_RED,Undefined,4,Bottom,2,3,1,Curveball,Curveball,StrikeCalled,Undefined,Undefined,Undefined,0,0,,77.56782,1.624535,0.077689,1357.479986,42.589522,7:30,6.40016,0.63992,5.12993,-55.98188,-7.95134,-8.75004,3.26535,-0.01609,70.94256,-8.510507,-1.473479,0.498804,,,,,,,,,,,,4.35028,-3.89803,-0.64024,50,6.50937,0.20593,-112.52768,1.18606,5.5425,21.63188,-37.14034,MIA_RED,MIA_RED,McKieFieldStad,TeamExclusive,Team,20251031-McKieFieldStad-Private-2,09cf8c90-b693-11f0-879f-a1ec9707feb9,75.5656,,,6.62526,,,,,,,f6155717-1ea0-46aa-993d-1d70bb7179cd,2025-10-31,19:51:48.29,2025-10-31T15:51:48.2930000-04:00,2025-10-31T19:51:48.2930000Z,,v3,471355,471355,,"Harrison, Tommy",811731,Right,MIA_RED,b0127d96-0427-4d50-b7c3-a4e21ae2dc35,55.36919,-113.55514,10.81594,6.41114,2.95013,-18.57017,-0.64376,-0.05733,2.77125,,,,,,,,,,,,,,,,,,,,,,,,,,,,,,,,,,,,,,,,,,,,,,,,,,,High,High,High,,,,,
136,2025-10-31,15:52:21.87,7,6,"Gay, Alex",813960,Right,MIA_RED,"Novak, Ryan",10035937,Left,MIA_RED,Undefined,4,Bottom,2,3,2,Curveball,Curveball,InPlay,Undefined,GroundBall,Out,1,0,,79.56693,0.030424,-0.24291,1637.430623,32.085752,7:00,6.38359,0.70604,5.15735,-54.40503,-8.70745,-6.41205,1.87847,-0.05695,72.84783,-9.795677,-1.38197,0.486539,71.937,2.23222,34.465499,2553.358698,,,,50.12993,47.42899,34.01548,0.470604,3.16091,-4.0487,-0.6781,50,6.34401,0.74636,-115.46801,-1.89131,4.22348,23.57069,-37.58378,MIA_RED,MIA_RED,McKieFieldStad,TeamExclusive,Team,20251031-McKieFieldStad-Private-2,1de3ee10-b693-11f0-879f-a1ec9707feb9,77.47049,2.51627,,6.7191,,,,3.20524,2.30333,0.1635,f6155717-1ea0-46aa-993d-1d70bb7179cd,2025-10-31,19:52:21.87,2025-10-31T15:52:21.8700000-04:00,2025-10-31T19:52:21.8700000Z,GroundBall,v3,471355,471355,,"Harrison, Tommy",811731,Right,MIA_RED,6055e099-4743-4e43-9628-433fdeb901df,55.34339,-116.55367,11.78534,6.39125,-0.16022,-18.79189,-0.708,0.55183,2.11174,,3.21053,86.77094,-11.28045,,,,,,,2.31071,3.9006,-18.75419,,,,,,,0.16089,59.73678,-1.02596,,,,,,,,,,,,,,,,,,,,,,,,,,,,,High,High,High,High,High,,,
137,2025-10-31,15:55:19.65,1,1,"Fulk, Landon",824476,Right,MIA_RED,"Kirtley, Ryder",827333,Right,MIA_RED,Undefined,5,Top,0,0,0,Slider,Slider,StrikeCalled,Undefined,Undefined,Undefined,0,0,,80.5135,2.239711,-0.779051,2729.167837,87.57536,9:00,4.74194,1.79739,4.9401,-44.03396,0.77236,-15.18107,3.19042,-0.20401,73.52623,-5.753401,-3.454135,0.481772,,,,,,,,,,,,7.25945,0.18047,-1.70854,50,4.92327,2.2395,-116.72188,2.93806,9.99018,22.47665,-31.9257,MIA_RED,MIA_RED,McKieFieldStad,TeamExclusive,Team,20251031-McKieFieldStad-Private-2,87ed29c0-b693-11f0-879f-a1ec9707feb9,78.23716,,,6.98727,,,,,,,f6155717-1ea0-46aa-993d-1d70bb7179cd,2025-10-31,19:55:19.65,2025-10-31T15:55:19.6580000-04:00,2025-10-31T19:55:19.6580000Z,,v3,471355,471355,,"Raether, Carson",1000338521,Right,MIA_RED,4d30d604-860b-41fa-9d9f-9e65832f3a01,55.55809,-117.78731,11.23832,4.74814,4.4514,-15.96285,-1.80347,1.76595,4.99509,,,,,,,,,,,,,,,,,,,,,,,,,,,,,,,,,,,,,,,,,,,,,,,,,,,High,High,High,,,,,
138,2025-10-31,15:55:35.30,1,2,"Fulk, Landon",824476,Right,MIA_RED,"Kirtley, Ryder",827333,Right,MIA_RED,Undefined,5,Top,0,0,1,Slider,Slider,StrikeSwinging,Undefined,Undefined,Undefined,0,0,,79.94493,1.795642,-1.426322,2724.291381,96.267688,9:15,4.88455,1.68479,4.6946,-42.2905,3.5324,-19.22599,3.06615,-1.27175,73.19173,-5.84953,-4.796071,0.487206,,,,,,,,,,,,8.99815,1.65921,-1.52189,50,5.02903,3.72324,-115.87481,2.05012,12.21677,21.93755,-29.92136,MIA_RED,MIA_RED,McKieFieldStad,TeamExclusive,Team,20251031-McKieFieldStad-Private-2,911d0010-b693-11f0-879f-a1ec9707feb9,77.36448,,,6.7532,,,,,,,f6155717-1ea0-46aa-993d-1d70bb7179cd,2025-10-31,19:55:35.30,2025-10-31T15:55:35.3050000-04:00,2025-10-31T19:55:35.3050000Z,,v3,471355,471355,,"Raether, Carson",1000338521,Right,MIA_RED,cc4a808f-da0d-4fb7-8000-dea7bdc425aa,55.80378,-116.96843,10.96878,4.88965,3.54174,-14.96068,-1.69232,3.11421,6.10839,,,,,,,,,,,,,,,,,,,,,,,,,,,,,,,,,,,,,,,,,,,,,,,,,,,High,High,High,,,,,
139,2025-10-31,15:55:53.45,1,3,"Fulk, Landon",824476,Right,MIA_RED,"Kirtley, Ryder",827333,Right,MIA_RED,Undefined,5,Top,0,0,2,Fastball,Sinker,BallCalled,Undefined,Undefined,Undefined,0,0,,91.69131,-0.067787,-4.933979,2527.579681,239.818955,2:00,5.06554,1.53659,5.45642,-24.03143,9.73304,14.97804,2.99923,-1.84522,84.06905,-4.506271,-2.281591,0.418216,,,,,,,,,,,,-8.82449,5.22811,-1.11136,50,5.04311,10.77951,-132.76836,-1.04241,-15.86034,26.58422,-22.77752,MIA_RED,MIA_RED,McKieFieldStad,TeamExclusive,Team,20251031-McKieFieldStad-Private-2,9c064630-b693-11f0-879f-a1ec9707feb9,90.12663,,,7.62226,,,,,,,f6155717-1ea0-46aa-993d-1d70bb7179cd,2025-10-31,19:55:53.45,2025-10-31T15:55:53.4560000-04:00,2025-10-31T19:55:53.4560000Z,,v3,471355,471355,,"Raether, Carson",1000338521,Right,MIA_RED,c6bf3967-d266-4fd9-b93a-fb2b7eee8402,55.04252,-133.77422,13.29211,5.06625,-0.18059,-11.38876,-1.53057,11.37961,-7.93017,,,,,,,,,,,,,,,,,,,,,,,,,,,,,,,,,,,,,,,,,,,,,,,,,,,High,High,High,,,,,
140,2025-10-31,15:56:06.48,1,4,"Fulk, Landon",824476,Right,MIA_RED,"Kirtley, Ryder",827333,Right,MIA_RED,Undefined,5,Top,0,1,2,Slider,Slider,BallCalled,Undefined,Undefined,Undefined,0,0,,81.22394,2.312663,-1.367558,2559.613865,82.575615,8:45,4.92119,1.68556,4.86418,-44.00286,0.20035,-9.29001,3.44481,-0.38311,74.07377,-5.663193,-3.00163,0.478518,,,,,,,,,,,,4.16874,-0.12169,-1.54261,50,5.11182,3.21674,-117.6857,3.0931,5.83005,22.91922,-32.34422,MIA_RED,MIA_RED,McKieFieldStad,TeamExclusive,Team,20251031-McKieFieldStad-Private-2,a3b21490-b693-11f0-879f-a1ec9707feb9,78.76911,,,7.15017,,,,,,,f6155717-1ea0-46aa-993d-1d70bb7179cd,2025-10-31,19:56:06.48,2025-10-31T15:56:06.4830000-04:00,2025-10-31T19:56:06.4830000Z,,v3,471355,471355,,"Raether, Carson",1000338521,Right,MIA_RED,59cd6a65-5ea9-41e6-aebe-ada8d5cf757e,55.63322,-118.7777,11.45961,4.92773,4.63416,-16.17211,-1.68925,2.93896,2.91502,,,,,,,,,,,,,,,,,,,,,,,,,,,,,,,,,,,,,,,,,,,,,,,,,,,High,High,High,,,,,
141,2025-10-31,15:56:29.25,1,5,"Fulk, Landon",824476,Right,MIA_RED,"Kirtley, Ryder",827333,Right,MIA_RED,Undefined,5,Top,0,2,2,Fastball,Four-Seam,StrikeSwinging,Strikeout,Undefined,Undefined,0,0,,92.6423,-0.323399,-2.195688,2540.166648,226.722057,1:30,4.93371,1.53893,5.4621,-19.37367,13.87142,13.55973,3.01632,0.61281,84.13582,-3.958812,0.216926,0.414988,,,,,,,,,,,,-7.43756,7.39973,-1.35501,50,4.89225,4.51405,-134.35554,-1.43295,-13.53377,30.33455,-18.70907,MIA_RED,MIA_RED,McKieFieldStad,TeamExclusive,Team,20251031-McKieFieldStad-Private-2,b188ddb0-b693-11f0-879f-a1ec9707feb9,90.82785,,,8.50648,,,,,,,f6155717-1ea0-46aa-993d-1d70bb7179cd,2025-10-31,19:56:29.25,2025-10-31T15:56:29.2570000-04:00,2025-10-31T19:56:29.2570000Z,,v3,471355,471355,,"Raether, Carson",1000338521,Right,MIA_RED,9686562a-7532-4445-8863-32e6bf4e6d15,55.03422,-135.48739,15.16727,4.93269,-0.73488,-9.35453,-1.53286,5.01903,-6.76689,,,,,,,,,,,,,,,,,,,,,,,,,,,,,62.03291,2.634717,1.544141,1.090576,-1.27921,2.82472,-0.62588,-1.76599,6.01543,-0.35723,66.54804,8.09693,-58.22539,-1.7593,64.80718,-1.9948,6.04599,17.15986,-14.02089,-0.42797,-60.47827,6.88305,High,High,High,,,High,High,High
142,2025-10-31,15:56:55.94,2,1,"Fulk, Landon",824476,Right,MIA_RED,"Christiansen, Hayden",830132,Right,MIA_RED,Undefined,5,Top,1,0,0,Fastball,Four-Seam,BallCalled,Undefined,Undefined,Undefined,0,0,,92.91957,0.694913,-4.177711,2485.451899,229.149418,1:45,5.05095,1.43217,5.46068,-19.85572,13.27587,14.08942,4.0485,-1.31096,84.29414,-3.024261,-1.6792,0.414279,,,,,,,,,,,,-8.23485,6.79611,-1.07339,50,5.09896,9.15537,-134.50509,0.93858,-15.04384,29.9346,-19.7586,MIA_RED,MIA_RED,McKieFieldStad,TeamExclusive,Team,20251031-McKieFieldStad-Private-2,c12858e0-b693-11f0-879f-a1ec9707feb9,90.98328,,,8.62543,,,,,,,f6155717-1ea0-46aa-993d-1d70bb7179cd,2025-10-31,19:56:55.94,2025-10-31T15:56:55.9420000-04:00,2025-10-31T19:56:55.9420000Z,,v3,471355,471355,,"Raether, Carson",1000338521,Right,MIA_RED,98d779ab-ee9b-4b12-b618-cac778ddeb92,55.0354,-135.6211,14.9673,5.05024,1.67522,-9.8793,-1.42517,9.71623,-7.52192,,,,,,,,,,,,,,,,,,,,,,,,,,,,,,,,,,,,,,,,,,,,,,,,,,,High,High,High,,,,,
143,2025-10-31,15:57:12.67,2,2,"Fulk, Landon",824476,Right,MIA_RED,"Christiansen, Hayden",830132,Right,MIA_RED,Undefined,5,Top,1,1,0,Slider,Slider,StrikeSwinging,Undefined,Undefined,Undefined,0,0,,79.67402,0.740194,-1.346596,2642.593766,89.040659,9:00,4.6022,1.36058,4.8851,-44.46109,1.06717,-16.49438,1.59759,-1.28811,73.51322,-7.281157,-4.251746,0.485637,,,,,,,,,,,,7.79091,0.73457,-1.21384,50,4.63727,3.41274,-115.64671,-0.14085,10.58941,20.83175,-31.17563,MIA_RED,MIA_RED,McKieFieldStad,TeamExclusive,Team,20251031-McKieFieldStad-Private-2,cb262d90-b693-11f0-879f-a1ec9707feb9,77.61443,,,6.16081,,,,,,,f6155717-1ea0-46aa-993d-1d70bb7179cd,2025-10-31,19:57:12.67,2025-10-31T15:57:12.6780000-04:00,2025-10-31T19:57:12.6780000Z,,v3,471355,471355,,"Raether, Carson",1000338521,Right,MIA_RED,21fc34b2-00e0-49cf-8d16-6de825995d98,55.61453,-116.65368,10.41587,4.60765,1.36613,-15.58781,-1.36643,2.90086,5.2947,,,,,,,,,,,,,,,,,,,,,,,,,,,,,,,,,,,,,,,,,,,,,,,,,,,High,High,High,,,,,
144,2025-10-31,15:57:31.56,2,3,"Fulk, Landon",824476,Right,MIA_RED,"Christiansen, Hayden",830132,Right,MIA_RED,Undefined,5,Top,1,1,1,Fastball,Sinker,StrikeCalled,Undefined,Undefined,Undefined,0,0,,92.66949,-1.021517,-2.425833,2616.053583,245.210616,2:15,4.85531,1.29007,5.39617,-24.51643,8.96567,16.8943,1.85403,0.42328,83.92838,-5.566872,0.578008,0.416464,,,,,,,,,,,,-9.1928,5.16091,-1.08575,50,4.74722,4.88751,-134.29034,-3.31798,-16.62681,31.67488,-22.83961,MIA_RED,MIA_RED,McKieFieldStad,TeamExclusive,Team,20251031-McKieFieldStad-Private-2,d65dbac0-b693-11f0-879f-a1ec9707feb9,90.50584,,,8.7411,,,,,,,f6155717-1ea0-46aa-993d-1d70bb7179cd,2025-10-31,19:57:31.56,2025-10-31T15:57:31.5690000-04:00,2025-10-31T19:57:31.5690000Z,,v3,471355,471355,,"Raether, Carson",1000338521,Right,MIA_RED,efcbf437-de21-437e-88b6-8da35699d9d1,55.10026,-135.48799,15.83744,4.85635,-2.4544,-11.41981,-1.28244,5.51618,-8.3134,,,,,,,,,,,,,,,,,,,,,,,,,,,,,,,,,,,,,,,,,,,,,,,,,,,High,High,High,,,,,
145,2025-10-31,15:57:50.90,2,4,"Fulk, Landon",824476,Right,MIA_RED,"Christiansen, Hayden",830132,Right,MIA_RED,Undefined,5,Top,1,1,2,Slider,Slider,FoulBallNotFieldable,Undefined,Undefined,Undefined,0,0,,80.41711,1.741372,-0.639282,2600.393951,96.967,9:15,4.91297,1.48784,4.69895,-42.59561,2.56969,-9.57174,3.017,0.08331,73.63301,-5.959033,-2.319343,0.483697,58.85618,-38.396175,-50.798762,,,,,6.03407,5.22948,-31.916673,0.05832,4.5617,1.12591,-1.41379,50,5.05115,1.70991,-116.62096,1.94861,6.28418,21.87085,-30.62303,MIA_RED,MIA_RED,McKieFieldStad,TeamExclusive,Team,20251031-McKieFieldStad-Private-2,e20ff630-b693-11f0-879f-a1ec9707feb9,77.92565,3.14726,,6.78411,,,,2.61172,3.14726,-0.11257,f6155717-1ea0-46aa-993d-1d70bb7179cd,2025-10-31,19:57:50.90,2025-10-31T15:57:50.9040000-04:00,2025-10-31T19:57:50.9040000Z,GroundBall,v3,471355,471355,,"Raether, Carson",1000338521,Right,MIA_RED,aec8d3ac-d875-4978-8a12-42e9e973eeef,55.80047,-117.70374,10.93543,4.91715,3.46469,-15.31152,-1.49074,1.3988,3.14209,180,2.60909,43.03992,,,,,,,,3.15055,-53.96496,,,,,,,,-0.10935,-52.76982,,,,,,,,,,,,,,,,,,,,,,,,,,,,,,High,High,High,Low,Low,,,
146,2025-10-31,15:58:27.01,2,5,"Fulk, Landon",824476,Right,MIA_RED,"Christiansen, Hayden",830132,Right,MIA_RED,Undefined,5,Top,1,1,2,Slider,Slider,BallCalled,Undefined,Undefined,Undefined,0,0,,81.64812,-0.181998,-2.519479,2675.609695,100.098012,9:15,4.6151,1.79921,4.9733,-41.06829,2.63874,-6.70874,1.02068,-1.14103,74.58163,-7.62677,-3.702152,0.475825,,,,,,,,,,,,2.58547,1.76063,-1.54995,50,4.56397,5.49116,-118.29326,-1.88817,3.63844,24.00783,-29.69638,MIA_RED,MIA_RED,McKieFieldStad,TeamExclusive,Team,20251031-McKieFieldStad-Private-2,f7a9e640-b693-11f0-879f-a1ec9707feb9,79.21495,,,7.0665,,,,,,,f6155717-1ea0-46aa-993d-1d70bb7179cd,2025-10-31,19:58:27.01,2025-10-31T15:58:27.0100000-04:00,2025-10-31T19:58:27.0100000Z,,v3,471355,471355,,"Raether, Carson",1000338521,Right,MIA_RED,b4d7a899-e87f-4cf4-bd6d-d738b0c7d564,55.52438,-119.40918,12.00391,4.61965,-0.50784,-14.84819,-1.80126,5.32204,1.81922,,,,,,,,,,,,,,,,,,,,,,,,,,,,,,,,,,,,,,,,,,,,,,,,,,,High,High,High,,,,,
147,2025-10-31,15:58:46.03,2,6,"Fulk, Landon",824476,Right,MIA_RED,"Christiansen, Hayden",830132,Right,MIA_RED,Undefined,5,Top,1,2,2,Slider,Slider,BallCalled,Undefined,Undefined,Undefined,0,0,,80.06489,-0.344063,-1.299036,2513.969049,89.861753,9:00,4.87369,1.52917,4.69526,-44.1401,1.33823,-14.68587,0.86862,-0.9281,73.88904,-8.267207,-3.879044,0.485371,,,,,,,,,,,,6.90189,1.1163,-1.38334,50,4.79897,3.25867,-116.17251,-2.35831,9.44878,21.40622,-30.64584,MIA_RED,MIA_RED,McKieFieldStad,TeamExclusive,Team,20251031-McKieFieldStad-Private-2,02e78df0-b694-11f0-879f-a1ec9707feb9,77.65697,,,6.17585,,,,,,,f6155717-1ea0-46aa-993d-1d70bb7179cd,2025-10-31,19:58:46.03,2025-10-31T15:58:46.0330000-04:00,2025-10-31T19:58:46.0330000Z,,v3,471355,471355,,"Raether, Carson",1000338521,Right,MIA_RED,5d1028fc-78fd-40f6-88d1-c480912a71d4,55.80468,-117.23722,10.70311,4.87836,-0.83405,-15.32292,-1.53373,2.7887,4.72439,,,,,,,,,,,,,,,,,,,,,,,,,,,,,,,,,,,,,,,,,,,,,,,,,,,High,High,High,,,,,
148,2025-10-31,15:59:08.02,2,7,"Fulk, Landon",824476,Right,MIA_RED,"Christiansen, Hayden",830132,Right,MIA_RED,Undefined,5,Top,1,3,2,Fastball,Sinker,InPlay,Undefined,GroundBall,Out,1,0,,90.83228,-0.278539,-2.193071,2469.479233,233.991919,1:45,4.91272,1.28473,5.37904,-21.69202,13.03245,16.33115,2.84375,0.58884,82.44612,-4.329083,0.708682,0.42412,93.11754,-37.033559,-55.715008,,,,,5.53319,5.53319,-42.511799,0.034957,-8.88319,6.96957,-1.10054,50,4.87281,4.30036,-131.72968,-1.40868,-15.51329,29.58502,-20.0026,MIA_RED,MIA_RED,McKieFieldStad,TeamExclusive,Team,20251031-McKieFieldStad-Private-2,10047cf0-b694-11f0-879f-a1ec9707feb9,88.87201,2.88218,,8.38616,,,,1.92681,2.88218,-0.58265,f6155717-1ea0-46aa-993d-1d70bb7179cd,2025-10-31,19:59:08.02,2025-10-31T15:59:08.0200000-04:00,2025-10-31T19:59:08.0200000Z,GroundBall,v3,471355,471355,,"Raether, Carson",1000338521,Right,MIA_RED,609ed525-f9be-45b3-a347-74b8db1b0e40,55.11883,-132.87434,14.79251,4.91234,-0.63477,-10.0013,-1.27853,4.90058,-7.75664,,1.926,61.55839,,,,,,,,2.88326,-82.44866,,,,,,,,-0.58146,-90.29202,,,,,,,,,,,,,,,,,,,,,,,,,,,,,,High,High,High,Estimated,Estimated,,,
149,2025-10-31,15:59:42.67,3,1,"Fulk, Landon",824476,Right,MIA_RED,"Harrison, Tommy",811731,Left,MIA_RED,Undefined,5,Top,2,0,0,Slider,Slider,BallCalled,Undefined,Undefined,Undefined,0,0,,80.74687,-0.261863,-1.659482,2635.425673,95.156028,9:15,4.64842,1.5602,4.81233,-42.44864,2.21169,-9.01024,0.86286,-0.76313,74.20654,-7.917312,-3.245312,0.480986,,,,,,,,,,,,3.99488,1.54752,-1.38697,50,4.58565,3.7769,-117.10527,-2.11905,5.54199,22.31908,-30.02721,MIA_RED,MIA_RED,McKieFieldStad,TeamExclusive,Team,20251031-McKieFieldStad-Private-2,24b4f760-b694-11f0-879f-a1ec9707feb9,78.36494,,,6.54033,,,,,,,f6155717-1ea0-46aa-993d-1d70bb7179cd,2025-10-31,19:59:42.67,2025-10-31T15:59:42.6700000-04:00,2025-10-31T19:59:42.6700000Z,,v3,471355,471355,,"Raether, Carson",1000338521,Right,MIA_RED,d8bed23b-e0e6-449d-9e16-dba2d62de6b7,55.68637,-118.18407,11.15954,4.653,-0.66768,-15.01361,-1.56305,3.50903,2.771,,,,,,,,,,,,,,,,,,,,,,,,,,,,,,,,,,,,,,,,,,,,,,,,,,,High,High,High,,,,,
150,2025-10-31,16:00:00.43,3,2,"Fulk, Landon",824476,Right,MIA_RED,"Harrison, Tommy",811731,Left,MIA_RED,Undefined,5,Top,2,1,0,Fastball,Sinker,StrikeCalled,Undefined,Undefined,Undefined,0,0,,91.47035,-0.66099,-3.201593,2557.366527,252.44079,2:30,4.93836,1.50385,5.42311,-27.25753,6.79355,18.02958,2.04679,0.00442,83.56205,-5.681191,0.002914,0.419988,,,,,,,,,,,,-9.93335,3.93421,-1.23238,50,4.86082,6.5852,-132.63298,-2.56595,-17.69336,28.3837,-25.16636,MIA_RED,MIA_RED,McKieFieldStad,TeamExclusive,Team,20251031-McKieFieldStad-Private-2,2f4436a0-b694-11f0-879f-a1ec9707feb9,89.74645,,,7.9083,,,,,,,f6155717-1ea0-46aa-993d-1d70bb7179cd,2025-10-31,20:00:00.43,2025-10-31T16:00:00.4380000-04:00,2025-10-31T20:00:00.4380000Z,,v3,471355,471355,,"Raether, Carson",1000338521,Right,MIA_RED,68fd9338-e465-4553-9dc6-c064fa9a0167,55.07517,-133.71466,14.19185,4.94033,-1.60688,-12.58318,-1.49619,7.25949,-8.84668,,,,,,,,,,,,,,,,,,,,,,,,,,,,,,,,,,,,,,,,,,,,,,,,,,,High,High,High,,,,,
151,2025-10-31,16:00:21.44,3,3,"Fulk, Landon",824476,Right,MIA_RED,"Harrison, Tommy",811731,Left,MIA_RED,Undefined,5,Top,2,1,1,ChangeUp,Changeup,FoulBallNotFieldable,Undefined,Undefined,Undefined,0,0,,86.37857,-0.123836,-2.687946,1638.19179,248.627698,2:15,4.60701,1.62501,5.31663,-33.59427,4.66225,8.8613,1.69114,-0.16105,79.15456,-6.270658,-1.115496,0.445168,,,,,,,,,,,,-5.22618,2.69004,-1.38823,50,4.57135,5.50429,-125.31645,-1.50512,-8.31728,25.13831,-27.89294,MIA_RED,MIA_RED,McKieFieldStad,TeamExclusive,Team,20251031-McKieFieldStad-Private-2,3bc1ff70-b694-11f0-879f-a1ec9707feb9,84.67013,,,7.22401,,,,,,,f6155717-1ea0-46aa-993d-1d70bb7179cd,2025-10-31,20:00:21.44,2025-10-31T16:00:21.4410000-04:00,2025-10-31T20:00:21.4410000Z,,v3,471355,471355,,"Raether, Carson",1000338521,Right,MIA_RED,2e7641d1-0814-49fb-a0c9-d4d7c0dac26f,55.18269,-126.35182,12.56916,4.60968,-0.3563,-13.94647,-1.62198,5.84685,-4.15864,,,,,,,,,,,,,,,,,,,,,,,,,,,,,,,,,,,,,,,,,,,,,,,,,,,High,High,High,,,,,
152,2025-10-31,16:00:48.49,3,4,"Fulk, Landon",824476,Right,MIA_RED,"Harrison, Tommy",811731,Left,MIA_RED,Undefined,5,Top,2,1,2,Fastball,Four-Seam,BallCalled,Undefined,Undefined,Undefined,0,0,,92.5059,0.408284,-2.026334,2579.792117,231.208294,1:45,5.04588,1.6226,5.40407,-20.56052,12.97631,14.718,3.71531,0.94968,83.65572,-3.445952,0.589688,0.416804,,,,,,,,,,,,-7.94272,6.72272,-1.45249,50,5.06823,4.03974,-134.09404,0.22711,-14.34366,31.21102,-20.03355,MIA_RED,MIA_RED,McKieFieldStad,TeamExclusive,Team,20251031-McKieFieldStad-Private-2,4bc0ffc0-b694-11f0-879f-a1ec9707feb9,90.43196,,,8.85018,,,,,,,f6155717-1ea0-46aa-993d-1d70bb7179cd,2025-10-31,20:00:48.49,2025-10-31T16:00:48.4940000-04:00,2025-10-31T20:00:48.4940000Z,,v3,471355,471355,,"Raether, Carson",1000338521,Right,MIA_RED,c3cf40a2-949e-4544-91ed-642bf0c27594,55.09114,-135.27383,15.60551,5.04532,0.9844,-10.01678,-1.61544,4.58194,-7.17183,,,,,,,,,,,,,,,,,,,,,,,,,,,,,,,,,,,,,,,,,,,,,,,,,,,High,High,High,,,,,
153,2025-10-31,16:01:06.79,3,5,"Fulk, Landon",824476,Right,MIA_RED,"Harrison, Tommy",811731,Left,MIA_RED,Undefined,5,Top,2,2,2,ChangeUp,Changeup,InPlay,Undefined,GroundBall,Out,1,0,,86.34138,0.82416,-1.472024,1616.090124,251.276893,2:30,4.55192,1.50604,5.62554,-32.99919,5.32559,11.72296,2.57133,1.10908,77.95788,-5.295219,0.621722,0.445565,79.15996,-22.983441,-18.153704,,,,,6.70784,6.33789,-25.895663,0.054588,-6.39957,2.83106,-1.38832,50,4.60119,2.7148,-125.19604,0.64716,-10.01878,28.4895,-27.7419,MIA_RED,MIA_RED,McKieFieldStad,TeamExclusive,Team,20251031-McKieFieldStad-Private-2,56e1d0a0-b694-11f0-879f-a1ec9707feb9,84.59466,2.48149,,8.3835,,,,0.47483,2.48149,-1.10665,f6155717-1ea0-46aa-993d-1d70bb7179cd,2025-10-31,20:01:06.79,2025-10-31T16:01:06.7930000-04:00,2025-10-31T20:01:06.7930000Z,GroundBall,v3,471355,471355,,"Raether, Carson",1000338521,Right,MIA_RED,ee844ef0-e8a0-4d5f-94f5-1e6ec2642a05,54.87067,-126.29954,14.24475,4.55531,1.72171,-13.87095,-1.50099,3.10287,-5.00939,180,0.47237,101.84437,,,,,,,,2.48258,-45.45837,,,,,,,,-1.10585,-33.39356,,,,,,,,,,,,,,,,,,,,,,,,,,,,,,High,High,High,High,High,,,