PitchNo,Date,Time,PAofInning,PitchofPA,Pitcher,PitcherId,PitcherThrows,PitcherTeam,Batter,BatterId,BatterSide,BatterTeam,PitcherSet,Inning,Top/Bottom,Outs,Balls,Strikes,TaggedPitchType,AutoPitchType,PitchCall,KorBB,TaggedHitType,PlayResult,OutsOnPlay,RunsScored,Notes,RelSpeed,VertRelAngle,HorzRelAngle,SpinRate,SpinAxis,Tilt,RelHeight,RelSide,Extension,VertBreak,InducedVertBreak,HorzBreak,PlateLocHeight,PlateLocSide,ZoneSpeed,VertApprAngle,HorzApprAngle,ZoneTime,ExitSpeed,Angle,Direction,HitSpinRate,PositionAt110X,PositionAt110Y,PositionAt110Z,Distance,LastTrackedDistance,Bearing,HangTime,pfxx,pfxz,x0,y0,z0,vx0,vy0,vz0,ax0,ay0,az0,HomeTeam,AwayTeam,Stadium,Level,League,GameID,PitchUID,EffectiveVelo,MaxHeight,MeasuredDuration,SpeedDrop,PitchLastMeasuredX,PitchLastMeasuredY,PitchLastMeasuredZ,ContactPositionX,ContactPositionY,ContactPositionZ,GameUID,UTCDate,UTCTime,LocalDateTime,UTCDateTime,AutoHitType,System,HomeTeamForeignID,AwayTeamForeignID,GameForeignID,Catcher,CatcherId,CatcherThrows,CatcherTeam,PlayID,PitchTrajectoryXc0,PitchTrajectoryXc1,PitchTrajectoryXc2,PitchTrajectoryYc0,PitchTrajectoryYc1,PitchTrajectoryYc2,PitchTrajectoryZc0,PitchTrajectoryZc1,PitchTrajectoryZc2,HitSpinAxis,HitTrajectoryXc0,HitTrajectoryXc1,HitTrajectoryXc2,HitTrajectoryXc3,HitTrajectoryXc4,HitTrajectoryXc5,HitTrajectoryXc6,HitTrajectoryXc7,HitTrajectoryXc8,HitTrajectoryYc0,HitTrajectoryYc1,HitTrajectoryYc2,HitTrajectoryYc3,HitTrajectoryYc4,HitTrajectoryYc5,HitTrajectoryYc6,HitTrajectoryYc7,HitTrajectoryYc8,HitTrajectoryZc0,HitTrajectoryZc1,HitTrajectoryZc2,HitTrajectoryZc3,HitTrajectoryZc4,HitTrajectoryZc5,HitTrajectoryZc6,HitTrajectoryZc7,HitTrajectoryZc8,ThrowSpeed,PopTime,ExchangeTime,TimeToBase,CatchPositionX,CatchPositionY,CatchPositionZ,ThrowPositionX,ThrowPositionY,ThrowPositionZ,BasePositionX,BasePositionY,BasePositionZ,ThrowTrajectoryXc0,ThrowTrajectoryXc1,ThrowTrajectoryXc2,ThrowTrajectoryYc0,ThrowTrajectoryYc1,ThrowTrajectoryYc2,ThrowTrajectoryZc0,ThrowTrajectoryZc1,ThrowTrajectoryZc2,PitchReleaseConfidence,PitchLocationConfidence,PitchMovementConfidence,HitLaunchConfidence,HitLandingConfidence,CatcherThrowCatchConfidence,CatcherThrowReleaseConfidence,CatcherThrowLocationConfidence
1,2025-10-21,15:09:04.60,1,1,"Mcintosh, Ryan",10909835,Right,ONT_BLU22,"Dierks, Marcus",10322729,Left,MIA_RED,Undefined,1,Bottom,0,0,0,Fastball,Changeup,StrikeSwinging,Undefined,Undefined,Undefined,0,0,,82.88423,1.209543,-3.214095,2133.904513,240.739291,2:00,5.26753,1.75064,6.12002,-30.98683,9.64233,14.78796,3.80543,0.00847,75.21615,-4.60357,-0.554018,0.458765,,,,,,,,,,,,-8.51225,5.03693,-1.51154,50,5.34432,6.16731,-120.18661,1.60593,-12.37509,24.61593,-24.85139,MIA_RED,ONT_BLU22,McKieFieldStad,TeamExclusive,Team,20251021-McKieFieldStad-Private-1,698d07a0-aeb1-11f0-89b2-a50c3c330392,82.16067,,,7.66808,,,,,,,a0ac1909-84c9-4024-895b-59f38feaa935,2025-10-21,19:09:04.60,2025-10-21T15:09:04.6030000-04:00,2025-10-21T19:09:04.6030000Z,,v3,471355,,,"Chwedchuk, Justin",10292277,Right,ONT_BLU22,5abfbfc2-aedd-486c-8777-dd7a577410ac,54.37589,-121.07954,12.30796,5.26972,2.5074,-12.4257,-1.74339,6.6162,-6.18754,,,,,,,,,,,,,,,,,,,,,,,,,,,,,,,,,,,,,,,,,,,,,,,,,,,High,High,High,,,,,
2,2025-10-21,15:09:20.09,1,2,"Mcintosh, Ryan",10909835,Right,ONT_BLU22,"Dierks, Marcus",10322729,Left,MIA_RED,Undefined,1,Bottom,0,0,1,Fastball,Changeup,InPlay,Undefined,GroundBall,Out,1,0,,82.22784,-0.659432,-3.216487,2124.883427,241.228266,2:00,5.18741,1.61097,6.14669,-32.51608,8.72788,13.35883,1.86743,-0.25101,74.87797,-6.734836,-0.809824,0.462223,60.64501,-38.004958,63.795817,,,,,4.59006,3.18366,32.445718,0.036748,-7.90772,5.10709,-1.37292,50,5.12043,6.20643,-119.28726,-2.34804,-11.30776,24.56958,-24.87109,MIA_RED,ONT_BLU22,McKieFieldStad,TeamExclusive,Team,20251021-McKieFieldStad-Private-1,72dc73e0-aeb1-11f0-89b2-a50c3c330392,81.54599,2.02053,,7.34987,,,,2.73178,2.02053,0.14261,a0ac1909-84c9-4024-895b-59f38feaa935,2025-10-21,19:09:20.09,2025-10-21T15:09:20.0940000-04:00,2025-10-21T19:09:20.0940000Z,GroundBall,v3,471355,,,"Chwedchuk, Justin",10292277,Right,ONT_BLU22,c42fc4c4-83a5-474c-acc9-8c92754fd9ca,54.35144,-120.18018,12.28479,5.18934,-1.44416,-12.43555,-1.60594,6.61738,-5.65388,,2.73106,31.07032,,,,,,,,2.02181,-54.98346,,,,,,,,0.14114,63.13158,,,,,,,,,,,,,,,,,,,,,,,,,,,,,,High,High,High,Low,Low,,,
3,2025-10-21,15:09:52.32,2,1,"Mcintosh, Ryan",10909835,Right,ONT_BLU22,"Phillips, Drew",1000194003,Right,MIA_RED,Undefined,1,Bottom,1,0,0,Fastball,Changeup,BallCalled,Undefined,Undefined,Undefined,0,0,,82.89607,0.401753,-3.989236,2184.884559,226.617868,1:30,5.43731,1.56864,6.30265,-28.04742,12.18843,11.51658,3.47106,-1.15286,75.54825,-4.882906,-1.913539,0.456539,,,,,,,,,,,,-7.09851,6.61477,-1.28068,50,5.45339,7.94893,-120.20333,0.04795,-10.36089,23.82162,-22.51924,MIA_RED,ONT_BLU22,McKieFieldStad,TeamExclusive,Team,20251021-McKieFieldStad-Private-1,86027dc0-aeb1-11f0-89b2-a50c3c330392,82.56125,,,7.34782,,,,,,,a0ac1909-84c9-4024-895b-59f38feaa935,2025-10-21,19:09:52.32,2025-10-21T15:09:52.3230000-04:00,2025-10-21T19:09:52.3230000Z,,v3,471355,,,"Chwedchuk, Justin",10292277,Right,ONT_BLU22,a97afa73-2ca9-49b5-aad8-34da52231ba3,54.19402,-121.03164,11.91081,5.43811,0.83098,-11.25962,-1.56333,8.30919,-5.18045,,,,,,,,,,,,,,,,,,,,,,,,,,,,,,,,,,,,,,,,,,,,,,,,,,,High,High,High,,,,,
4,2025-10-21,15:10:07.30,2,2,"Mcintosh, Ryan",10909835,Right,ONT_BLU22,"Phillips, Drew",1000194003,Right,MIA_RED,Undefined,1,Bottom,1,1,0,Fastball,Changeup,BallCalled,Undefined,Undefined,Undefined,0,0,,82.71775,-1.258901,-1.675944,2123.197085,257.151764,2:30,5.05181,1.76541,5.93345,-36.26762,4.75339,14.83009,0.86089,1.44597,75.55837,-7.965141,0.992166,0.460972,,,,,,,,,,,,-8.11989,3.2213,-1.64003,50,4.93089,2.93687,-120.07708,-3.807,-11.76551,24.89369,-27.50648,MIA_RED,ONT_BLU22,McKieFieldStad,TeamExclusive,Team,20251021-McKieFieldStad-Private-1,8f104d20-aeb1-11f0-89b2-a50c3c330392,81.76729,,,7.15938,,,,,,,a0ac1909-84c9-4024-895b-59f38feaa935,2025-10-21,19:10:07.30,2025-10-21T15:10:07.3010000-04:00,2025-10-21T19:10:07.3010000Z,,v3,471355,,,"Chwedchuk, Justin",10292277,Right,ONT_BLU22,c8752d44-ab80-4171-8755-6910174e8ab8,54.56459,-121.01968,12.44685,5.05532,-2.76547,-13.75324,-1.75967,3.38237,-5.88276,,,,,,,,,,,,,,,,,,,,,,,,,,,,,,,,,,,,,,,,,,,,,,,,,,,High,High,High,,,,,
5,2025-10-21,15:10:28.73,2,3,"Mcintosh, Ryan",10909835,Right,ONT_BLU22,"Phillips, Drew",1000194003,Right,MIA_RED,Undefined,1,Bottom,1,2,0,Fastball,Four-Seam,StrikeSwinging,Undefined,Undefined,Undefined,0,0,,80.71549,0.305913,-2.969547,2063.566943,232.35487,1:45,5.09318,1.67265,6.16966,-35.0688,8.01233,8.3841,2.45371,-0.37386,72.91365,-6.267207,-1.458922,0.472405,,,,,,,,,,,,-5.25748,4.51906,-1.4517,50,5.09887,5.75019,-116.9968,-0.4128,-7.17927,25.12624,-26.0031,MIA_RED,ONT_BLU22,McKieFieldStad,TeamExclusive,Team,20251021-McKieFieldStad-Private-1,9bd3f890-aeb1-11f0-89b2-a50c3c330392,79.78834,,,7.80183,,,,,,,a0ac1909-84c9-4024-895b-59f38feaa935,2025-10-21,19:10:28.73,2025-10-21T15:10:28.7320000-04:00,2025-10-21T19:10:28.7320000Z,,v3,471355,,,"Chwedchuk, Justin",10292277,Right,ONT_BLU22,b87cc25e-ed1d-4297-a676-acbc88110682,54.32492,-117.92197,12.56312,5.09644,0.54465,-13.00155,-1.66829,6.01454,-3.58963,,,,,,,,,,,,,,,,,,,,,,,,,,,,,,,,,,,,,,,,,,,,,,,,,,,High,High,High,,,,,
6,2025-10-21,15:10:42.51,2,4,"Mcintosh, Ryan",10909835,Right,ONT_BLU22,"Phillips, Drew",1000194003,Right,MIA_RED,Undefined,1,Bottom,1,2,1,Slider,Curveball,StrikeSwinging,Undefined,Undefined,Undefined,0,0,,73.90311,1.1022,-1.2227,2140.783386,71.691468,8:30,5.14629,1.8223,5.81657,-54.80586,-2.40516,-13.16749,1.6043,-0.412,66.75494,-9.00051,-3.584784,0.521003,,,,,,,,,,,,6.26048,-0.99717,-1.71452,50,5.20468,2.76476,-107.1277,0.4,7.10224,22.61021,-33.30528,MIA_RED,ONT_BLU22,McKieFieldStad,TeamExclusive,Team,20251021-McKieFieldStad-Private-1,a44030c0-aeb1-11f0-89b2-a50c3c330392,72.34598,,,7.14817,,,,,,,a0ac1909-84c9-4024-895b-59f38feaa935,2025-10-21,19:10:42.51,2025-10-21T15:10:42.5190000-04:00,2025-10-21T19:10:42.5190000Z,,v3,471355,,,"Chwedchuk, Justin",10292277,Right,ONT_BLU22,b20b7c4c-cb1f-47a1-aac6-a9a8882d75f0,54.6797,-108.11088,11.30511,5.1558,1.84824,-16.65264,-1.82802,2.45593,3.55112,,,,,,,,,,,,,,,,,,,,,,,,,,,,,,,,,,,,,,,,,,,,,,,,,,,High,High,High,,,,,
7,2025-10-21,15:10:57.65,2,5,"Mcintosh, Ryan",10909835,Right,ONT_BLU22,"Phillips, Drew",1000194003,Right,MIA_RED,Undefined,1,Bottom,1,2,2,Sinker,Curveball,InPlay,Undefined,GroundBall,Error,0,0,,73.92181,1.614111,-1.145448,2253.563295,79.679221,8:45,5.05429,1.69568,5.54794,-54.19629,-1.32244,-17.95178,2.04698,-0.87083,66.75748,-8.338994,-4.347004,0.523349,63.45218,-41.696208,-45.189557,,,,,3.55243,3.55243,-13.533581,0.033825,8.70689,-0.7039,-1.58419,50,5.15833,2.80066,-107.11636,1.33245,9.88402,22.46029,-32.97311,MIA_RED,ONT_BLU22,McKieFieldStad,TeamExclusive,Team,20251021-McKieFieldStad-Private-1,ad120890-aeb1-11f0-89b2-a50c3c330392,72.02155,2.10176,,7.16433,,,,1.79106,2.10176,0.84245,a0ac1909-84c9-4024-895b-59f38feaa935,2025-10-21,19:10:57.65,2025-10-21T15:10:57.6560000-04:00,2025-10-21T19:10:57.6560000Z,GroundBall,v3,471355,,,"Chwedchuk, Justin",10292277,Right,ONT_BLU22,13210397-a3a1-4525-8ea8-69a76284a66b,54.94989,-108.14928,11.23015,5.06219,2.84884,-16.48656,-1.70254,2.34611,4.94201,,1.79006,49.15746,,,,,,,,2.10303,-62.13696,,,,,,,,0.84346,-49.4838,,,,,,,,,,,,,,,,,,,,,,,,,,,,,,High,High,High,Estimated,Estimated,,,
8,2025-10-21,15:11:32.32,3,1,"Mcintosh, Ryan",10909835,Right,ONT_BLU22,"Raether, Carson",1000338521,Left,MIA_RED,Undefined,1,Bottom,1,0,0,Fastball,Changeup,BallCalled,Undefined,Undefined,Undefined,0,0,,81.46409,-1.484646,-2.159327,2113.187456,233.540661,1:45,5.26079,1.63412,6.2969,-30.48317,11.27823,13.34434,1.35131,0.75561,74.2513,-7.206534,0.255167,0.465113,,,,,,,,,,,,-7.58122,6.73737,-1.48152,50,5.13705,3.96824,-118.24989,-3.93208,-10.64847,24.23581,-22.71085,MIA_RED,ONT_BLU22,McKieFieldStad,TeamExclusive,Team,20251021-McKieFieldStad-Private-1,c1bbcc40-aeb1-11f0-89b2-a50c3c330392,81.03924,,,7.21279,,,,,,,a0ac1909-84c9-4024-895b-59f38feaa935,2025-10-21,19:11:32.32,2025-10-21T15:11:32.3250000-04:00,2025-10-21T19:11:32.3250000Z,,v3,471355,,,"Chwedchuk, Justin",10292277,Right,ONT_BLU22,0d8a5887-a664-499b-bce4-4cd65c4141ce,54.19995,-119.10758,12.1179,5.26199,-3.12837,-11.35543,-1.62862,4.34508,-5.32424,,,,,,,,,,,,,,,,,,,,,,,,,,,,,,,,,,,,,,,,,,,,,,,,,,,High,High,High,,,,,
9,2025-10-21,15:11:46.49,3,2,"Mcintosh, Ryan",10909835,Right,ONT_BLU22,"Raether, Carson",1000338521,Left,MIA_RED,Undefined,1,Bottom,1,1,0,Slider,Curveball,StrikeCalled,Undefined,Undefined,Undefined,0,0,,71.35026,1.136499,-0.445671,2277.890451,83.037743,8:45,5.23996,1.76976,5.66228,-56.0744,0.06531,-15.70308,1.62702,0.04559,64.90702,-9.163092,-3.255767,0.53927,,,,,,,,,,,,7.80063,0.27095,-1.72207,50,5.30102,1.36027,-103.49392,0.38919,8.32106,19.92911,-31.88505,MIA_RED,ONT_BLU22,McKieFieldStad,TeamExclusive,Team,20251021-McKieFieldStad-Private-1,ca359900-aeb1-11f0-89b2-a50c3c330392,69.89526,,,6.44325,,,,,,,a0ac1909-84c9-4024-895b-59f38feaa935,2025-10-21,19:11:46.49,2025-10-21T15:11:46.4900000-04:00,2025-10-21T19:11:46.4900000Z,,v3,471355,,,"Chwedchuk, Justin",10292277,Right,ONT_BLU22,3e494e12-5393-4431-8d19-223d06f91673,54.83503,-104.42082,9.96455,5.24843,1.87215,-15.94252,-1.77634,0.97326,4.16053,,,,,,,,,,,,,,,,,,,,,,,,,,,,,,,,,,,,,,,,,,,,,,,,,,,High,High,High,,,,,
10,2025-10-21,15:12:00.15,3,3,"Mcintosh, Ryan",10909835,Right,ONT_BLU22,"Raether, Carson",1000338521,Left,MIA_RED,Undefined,1,Bottom,1,1,1,Fastball,Changeup,InPlay,Undefined,FlyBall,Double,0,0,,82.62073,0.352695,-3.435814,2107.826708,227.005627,1:30,5.20003,1.96645,6.32511,-27.42147,13.27048,12.7291,3.2403,-0.14065,74.81472,-4.842377,-1.137984,0.459119,97.84341,22.253767,25.420553,1345.75468,98.1779,35.86888,49.60825,326.46766,326.46766,30.85273,3.216238,-7.73981,7.20146,-1.72151,50,5.21279,6.73239,-119.83785,-0.02011,-11.13616,25.44748,-21.8125,MIA_RED,ONT_BLU22,McKieFieldStad,TeamExclusive,Team,20251021-McKieFieldStad-Private-1,d265d9a0-aeb1-11f0-89b2-a50c3c330392,82.09724,42.11443,,7.806,,,,3.0335,3.34266,0.24827,a0ac1909-84c9-4024-895b-59f38feaa935,2025-10-21,19:12:00.15,2025-10-21T15:12:00.1530000-04:00,2025-10-21T19:12:00.1530000Z,LineDrive,v3,471355,,,"Chwedchuk, Justin",10292277,Right,ONT_BLU22,893dde56-cfe6-4542-9d6b-c79b5d7ba867,54.17283,-120.72069,12.72374,5.20036,0.73662,-10.90625,-1.96178,7.11873,-5.56808,,3.0331,119.97012,-16.35534,3.39264,-0.97905,0.3314,-0.0974,0.01666,-0.00115,3.34284,54.33973,-21.40995,2.0339,-0.31238,0.00649,0.01343,-0.00261,0.00011,0.24808,57.01886,-1.09581,-0.30926,0.02536,0.05127,-0.02674,0.00534,-0.00038,,,,,,,,,,,,,,,,,,,,,,,High,High,High,High,Medium,,,
11,2025-10-21,15:12:47.89,4,1,"Mcintosh, Ryan",10909835,Right,ONT_BLU22,"Harrison, Tommy",811731,Left,MIA_RED,Undefined,1,Bottom,1,0,0,Slider,Curveball,BallCalled,Undefined,Undefined,Undefined,0,0,,73.21968,0.857835,-2.473919,2335.309981,77.081336,8:30,5.14844,1.78474,5.75751,-53.8509,-0.82429,-11.4515,1.46015,-1.47373,66.85795,-9.021293,-4.52251,0.524105,,,,,,,,,,,,5.06697,-0.18287,-1.57249,50,5.18696,4.98995,-106.17813,-0.01907,5.70727,20.4428,-32.38005,MIA_RED,ONT_BLU22,McKieFieldStad,TeamExclusive,Team,20251021-McKieFieldStad-Private-1,eed58360-aeb1-11f0-89b2-a50c3c330392,71.91774,,,6.36173,,,,,,,a0ac1909-84c9-4024-895b-59f38feaa935,2025-10-21,19:12:47.89,2025-10-21T15:12:47.8970000-04:00,2025-10-21T19:12:47.8970000Z,,v3,471355,,,"Chwedchuk, Justin",10292277,Right,ONT_BLU22,21da590f-bf8f-45ec-bf8a-ce830dfaa673,54.74075,-107.08699,10.2214,5.1558,1.42051,-16.19002,-1.7887,4.73622,2.85364,,,,,,,,,,,,,,,,,,,,,,,,,,,,,,,,,,,,,,,,,,,,,,,,,,,High,High,High,,,,,
12,2025-10-21,15:13:04.41,4,2,"Mcintosh, Ryan",10909835,Right,ONT_BLU22,"Harrison, Tommy",811731,Left,MIA_RED,Undefined,1,Bottom,1,1,0,Fastball,Changeup,BallCalled,Undefined,Undefined,Undefined,0,0,,83.75662,1.079798,-1.794583,2150.577952,234.084767,1:45,5.35237,1.76694,6.24012,-30.16415,9.08804,10.8717,3.83529,1.01707,76.60281,-4.575539,0.168565,0.450924,,,,,,,,,,,,-6.10489,4.79717,-1.6383,50,5.41798,3.39538,-121.69424,1.3899,-9.16211,23.70617,-24.97455,MIA_RED,ONT_BLU22,McKieFieldStad,TeamExclusive,Team,20251021-McKieFieldStad-Private-1,f89e3e50-aeb1-11f0-89b2-a50c3c330392,83.58933,,,7.15381,,,,,,,a0ac1909-84c9-4024-895b-59f38feaa935,2025-10-21,19:13:04.41,2025-10-21T15:13:04.4160000-04:00,2025-10-21T19:13:04.4160000Z,,v3,471355,,,"Chwedchuk, Justin",10292277,Right,ONT_BLU22,aa5c2c65-61a9-4886-99ab-931e4f286637,54.25694,-122.52068,11.85308,5.35434,2.26056,-12.48728,-1.76224,3.71479,-4.58105,,,,,,,,,,,,,,,,,,,,,,,,,,,,,,,,,,,,,,,,,,,,,,,,,,,High,High,High,,,,,
13,2025-10-21,15:13:21.57,4,3,"Mcintosh, Ryan",10909835,Right,ONT_BLU22,"Harrison, Tommy",811731,Left,MIA_RED,Undefined,1,Bottom,1,2,0,Fastball,Changeup,InPlay,Undefined,GroundBall,Out,1,1,,81.9512,-0.850626,-2.737361,2142.53271,228.880061,1:45,5.19643,1.65341,6.31172,-30.67002,10.2715,10.29115,1.85611,-0.0124,75.17035,-6.592683,-0.876723,0.460525,61.31806,-40.169367,69.183696,,,,,5.09325,5.09325,26.995943,0.036208,-6.18378,5.95296,-1.45789,50,5.11929,5.32875,-119.04861,-2.64663,-8.86953,22.97274,-23.63558,MIA_RED,ONT_BLU22,McKieFieldStad,TeamExclusive,Team,20251021-McKieFieldStad-Private-1,02cd5c30-aeb2-11f0-89b2-a50c3c330392,81.84662,2.109,,6.78085,,,,3.65043,2.109,-0.02332,a0ac1909-84c9-4024-895b-59f38feaa935,2025-10-21,19:13:21.57,2025-10-21T15:13:21.5730000-04:00,2025-10-21T19:13:21.5730000Z,GroundBall,v3,471355,,,"Chwedchuk, Justin",10292277,Right,ONT_BLU22,0fdb6c86-8e9e-448d-8d7f-097c263f9cb6,54.18774,-119.854,11.48637,5.19755,-1.81801,-11.81779,-1.65016,5.6397,-4.43476,,3.64986,24.5206,,,,,,,,2.11036,-58.246,,,,,,,,-0.02483,64.49564,,,,,,,,,,,,,,,,,,,,,,,,,,,,,,High,High,High,Estimated,Estimated,,,
14,2025-10-21,15:13:51.76,5,1,"Mcintosh, Ryan",10909835,Right,ONT_BLU22,"Rasmussen, Jamie",10272616,Right,MIA_RED,Undefined,1,Bottom,2,0,0,Slider,Curveball,BallCalled,Undefined,Undefined,Undefined,0,0,,72.13555,2.0067,-1.494653,2207.03834,73.507543,8:30,5.21696,1.79502,5.80742,-57.62586,-3.55327,-17.71229,2.28231,-1.07126,66.30559,-8.556304,-4.667552,0.529249,,,,,,,,,,,,8.5763,-1.85173,-1.66196,50,5.34758,3.34933,-104.73686,1.95896,9.47783,18.53549,-34.22042,MIA_RED,ONT_BLU22,McKieFieldStad,TeamExclusive,Team,20251021-McKieFieldStad-Private-1,14c1c3e0-aeb2-11f0-89b2-a50c3c330392,71.21873,,,5.82996,,,,,,,a0ac1909-84c9-4024-895b-59f38feaa935,2025-10-21,19:13:51.76,2025-10-21T15:13:51.7630000-04:00,2025-10-21T19:13:51.7630000Z,,v3,471355,,,"Chwedchuk, Justin",10292277,Right,ONT_BLU22,46b0a0a6-0e5b-4c4d-b9b5-88ab94f0c37f,54.6927,-105.56407,9.26774,5.22607,3.48616,-17.11021,-1.802,2.92635,4.73891,,,,,,,,,,,,,,,,,,,,,,,,,,,,,,,,,,,,,,,,,,,,,,,,,,,High,High,High,,,,,
15,2025-10-21,15:14:06.37,5,2,"Mcintosh, Ryan",10909835,Right,ONT_BLU22,"Rasmussen, Jamie",10272616,Right,MIA_RED,Undefined,1,Bottom,2,1,0,Fastball,Changeup,StrikeCalled,Undefined,Undefined,Undefined,0,0,,82.61683,-0.664536,-3.268288,2152.099104,236.783958,2:00,5.23883,1.7037,6.24523,-32.29612,8.4043,10.74638,1.93356,-0.41837,75.25814,-6.706808,-1.329098,0.459167,,,,,,,,,,,,-6.53386,4.97508,-1.46542,50,5.17358,6.43804,-119.84194,-2.35275,-9.43708,24.64393,-24.98838,MIA_RED,ONT_BLU22,McKieFieldStad,TeamExclusive,Team,20251021-McKieFieldStad-Private-1,1d871890-aeb2-11f0-89b2-a50c3c330392,82.08871,,,7.35869,,,,,,,a0ac1909-84c9-4024-895b-59f38feaa935,2025-10-21,19:14:06.37,2025-10-21T15:14:06.3710000-04:00,2025-10-21T19:14:06.3710000Z,,v3,471355,,,"Chwedchuk, Justin",10292277,Right,ONT_BLU22,13f58328-c8b0-4970-88ab-c232d3eadd51,54.25146,-120.71303,12.32196,5.24113,-1.46949,-12.49419,-1.69888,6.77162,-4.71854,,,,,,,,,,,,,,,,,,,,,,,,,,,,,,,,,,,,,,,,,,,,,,,,,,,High,High,High,,,,,
16,2025-10-21,15:14:19.70,5,3,"Mcintosh, Ryan",10909835,Right,ONT_BLU22,"Rasmussen, Jamie",10272616,Right,MIA_RED,Undefined,1,Bottom,2,1,1,Slider,Curveball,BallCalled,Undefined,Undefined,Undefined,0,0,,72.75009,0.016043,-2.561842,2170.585697,66.474342,8:15,5.18036,1.88254,5.79747,-58.917,-4.83134,-15.57887,0.28555,-1.80009,66.26203,-10.755482,-5.354399,0.529313,,,,,,,,,,,,7.08804,-1.92658,-1.66246,50,5.14676,5.26108,-105.44713,-1.72861,7.79779,21.75901,-34.29355,MIA_RED,ONT_BLU22,McKieFieldStad,TeamExclusive,Team,20251021-McKieFieldStad-Private-1,25823f70-aeb2-11f0-89b2-a50c3c330392,71.21015,,,6.48806,,,,,,,a0ac1909-84c9-4024-895b-59f38feaa935,2025-10-21,19:14:19.70,2025-10-21T15:14:19.7070000-04:00,2025-10-21T19:14:19.7070000Z,,v3,471355,,,"Chwedchuk, Justin",10292277,Right,ONT_BLU22,2012e6f8-0715-42b2-94ec-8d06706a9bb9,54.7011,-106.41278,10.8795,5.1897,-0.20668,-17.14677,-1.88826,4.91502,3.89889,,,,,,,,,,,,,,,,,,,,,,,,,,,,,,,,,,,,,,,,,,,,,,,,,,,High,High,High,,,,,
17,2025-10-21,15:14:38.30,5,4,"Mcintosh, Ryan",10909835,Right,ONT_BLU22,"Rasmussen, Jamie",10272616,Right,MIA_RED,Undefined,1,Bottom,2,2,1,Fastball,Changeup,InPlay,Undefined,FlyBall,Double,0,1,,82.04129,0.296134,-2.66048,2131.70376,227.775477,1:30,5.31217,1.62965,6.31009,-31.3686,9.44725,9.01497,2.97121,-0.07161,75.17521,-5.581561,-1.031472,0.459818,85.5354,48.161355,32.233026,,86.07852,105.3596,68.48691,267.05709,128.02153,44.815396,5.59148,-5.45221,5.20583,-1.43896,50,5.31879,5.21401,-119.19063,-0.2887,-7.8476,22.78953,-24.6811,MIA_RED,ONT_BLU22,McKieFieldStad,TeamExclusive,Team,20251021-McKieFieldStad-Private-1,308b90b0-aeb2-11f0-89b2-a50c3c330392,81.97253,117.93067,,6.86608,,,,2.09843,3.23303,-0.02529,a0ac1909-84c9-4024-895b-59f38feaa935,2025-10-21,19:14:38.30,2025-10-21T15:14:38.3010000-04:00,2025-10-21T19:14:38.3010000Z,FlyBall,v3,471355,,,"Chwedchuk, Justin",10292277,Right,ONT_BLU22,eef6da08-7d7f-4b51-a1fb-5fe38e69f34b,54.18856,-119.98882,11.39477,5.31376,0.57574,-12.34055,-1.62639,5.48887,-3.9238,,2.10576,70.62654,-18.77037,4.06789,-0.11061,-0.23838,0.07203,-0.00882,0.0004,3.22678,93.56858,-22.9343,2.44278,-0.57515,0.09963,-0.00476,-0.00098,0.0001,-0.02584,44.64173,-3.61093,0.47906,-0.0696,0.01927,-0.00476,0.00062,-3E-05,,,,,,,,,,,,,,,,,,,,,,,High,High,High,High,Low,,,
18,2025-10-21,15:15:19.55,6,1,"Mcintosh, Ryan",10909835,Right,ONT_BLU22,"Christiansen, Hayden",830132,Right,MIA_RED,Undefined,1,Bottom,2,0,0,Fastball,Changeup,InPlay,Undefined,GroundBall,Out,1,0,,83.15352,0.03071,-1.758698,2095.369574,224.10175,1:30,5.33913,1.75287,6.24735,-27.28328,12.63253,11.00229,3.09386,1.04724,75.91162,-5.110278,0.228915,0.45472,54.5771,18.159021,-14.221839,1709.91148,,,,110.60709,109.21254,-11.056449,1.585176,-6.23973,6.93028,-1.62748,50,5.32794,3.302,-120.82477,-0.71698,-9.19645,24.197,-21.95982,MIA_RED,ONT_BLU22,McKieFieldStad,TeamExclusive,Team,20251021-McKieFieldStad-Private-1,491ffc10-aeb2-11f0-89b2-a50c3c330392,82.89159,11.48112,,7.2419,,,,1.21408,2.5431,-0.92721,a0ac1909-84c9-4024-895b-59f38feaa935,2025-10-21,19:15:19.55,2025-10-21T15:15:19.5570000-04:00,2025-10-21T19:15:19.5570000Z,GroundBall,v3,471355,,,"Chwedchuk, Justin",10292277,Right,ONT_BLU22,93eb762c-7b73-46af-89e4-75700ddda5e4,54.25064,-121.67305,12.0985,5.33958,0.05286,-10.97991,-1.74889,3.6244,-4.59823,277.615896,1.21409,73.72751,-4.43306,0.48444,0.08957,-0.27787,0.23909,-0.10528,0.01879,2.5431,24.94714,-18.08434,1.08949,-0.28307,0.17564,-0.11708,0.04952,-0.00865,-0.92721,-18.68611,4.76172,-0.87588,-0.01464,0.30763,-0.25845,0.10723,-0.01815,,,,,,,,,,,,,,,,,,,,,,,High,High,High,High,High,,,
19,2025-10-21,15:17:57.80,1,1,"Benko, Troy",10267339,Right,MIA_RED,"Chwedchuk, Justin",10292277,Left,ONT_BLU22,Undefined,2,Top,0,0,0,Fastball,Sinker,FoulBallNotFieldable,Undefined,Undefined,Undefined,0,0,,88.2947,-0.533214,-2.083217,2045.109918,233.18363,1:45,5.92827,1.16465,5.80723,-25.8499,10.35032,12.193,3.27791,0.24261,80.19095,-5.36401,0.101271,0.433039,71.32925,14.362406,-173.182725,2228.656662,,,,110.08531,43.22952,-177.566729,1.113895,-6.74367,5.8176,-1.00053,50,5.86937,4.11809,-128.06599,-2.05778,-11.12713,28.04633,-22.57496,MIA_RED,ONT_BLU22,McKieFieldStad,TeamExclusive,Team,20251021-McKieFieldStad-Private-1,a75dcf00-aeb2-11f0-89b2-a50c3c330392,87.04168,9.69499,,8.10375,,,,0.05433,3.34048,-0.08081,a0ac1909-84c9-4024-895b-59f38feaa935,2025-10-21,19:17:57.80,2025-10-21T15:17:57.8090000-04:00,2025-10-21T19:17:57.8090000Z,LineDrive,v3,471355,,,"Raether, Carson",1000338521,Right,MIA_RED,b9418877-269e-45de-91df-9288e58b318c,54.68688,-129.08833,14.02317,5.92938,-1.23488,-11.28748,-1.15803,4.52369,-5.56356,35.055701,0.1723,-102.03969,2.73068,,,,,,,3.389,25.36646,-25.54138,,,,,,,-0.10896,-11.68987,6.83688,,,,,,,,,,,,,,,,,,,,,,,,,,,,,High,High,High,Medium,Low,,,
20,2025-10-21,15:18:13.43,1,2,"Benko, Troy",10267339,Right,MIA_RED,"Chwedchuk, Justin",10292277,Left,ONT_BLU22,Undefined,2,Top,0,0,1,ChangeUp,Changeup,BallCalled,Undefined,Undefined,Undefined,0,0,,82.52675,-1.275365,-3.005769,1644.781055,258.831534,2:45,5.80146,1.15677,5.55472,-36.33344,5.92863,22.16356,1.5802,0.19271,74.61745,-7.977251,0.949304,0.467893,,,,,,,,,,,,-12.13575,3.87721,-0.91165,50,5.66746,5.35365,-119.50493,-3.89552,-17.26194,26.55692,-26.65907,MIA_RED,ONT_BLU22,McKieFieldStad,TeamExclusive,Team,20251021-McKieFieldStad-Private-1,b0cd1f50-aeb2-11f0-89b2-a50c3c330392,80.55777,,,7.9093,,,,,,,a0ac1909-84c9-4024-895b-59f38feaa935,2025-10-21,19:18:13.43,2025-10-21T15:18:13.4390000-04:00,2025-10-21T19:18:13.4390000Z,,v3,471355,,,"Raether, Carson",1000338521,Right,MIA_RED,1212bdeb-f0cc-4df2-9938-95a3fb43ba09,54.94212,-120.59819,13.27846,5.80524,-2.79806,-13.32954,-1.14667,6.06426,-8.63097,,,,,,,,,,,,,,,,,,,,,,,,,,,,,,,,,,,,,,,,,,,,,,,,,,,High,High,High,,,,,
21,2025-10-21,15:18:28.56,1,3,"Benko, Troy",10267339,Right,MIA_RED,"Chwedchuk, Justin",10292277,Left,ONT_BLU22,Undefined,2,Top,0,1,1,Fastball,Sinker,StrikeCalled,Undefined,Undefined,Undefined,0,0,,87.11395,-0.439033,-2.625006,2165.641073,231.758515,1:45,5.99719,1.08593,5.46168,-27.08135,10.4113,11.68075,3.32905,-0.39933,79.53859,-5.452048,-0.546968,0.440702,,,,,,,,,,,,-6.59532,5.73441,-0.86281,50,5.94017,5.27845,-126.34172,-1.91828,-10.65209,25.92412,-22.91239,MIA_RED,ONT_BLU22,McKieFieldStad,TeamExclusive,Team,20251021-McKieFieldStad-Private-1,b9b628a0-aeb2-11f0-89b2-a50c3c330392,85.52826,,,7.57535,,,,,,,a0ac1909-84c9-4024-895b-59f38feaa935,2025-10-21,19:18:28.56,2025-10-21T15:18:28.5650000-04:00,2025-10-21T19:18:28.5650000Z,,v3,471355,,,"Raether, Carson",1000338521,Right,MIA_RED,45248f4e-f30d-47bb-8c95-86641c0dde78,55.03496,-127.37066,12.96206,5.99826,-1.00888,-11.45619,-1.08071,5.70124,-5.32605,,,,,,,,,,,,,,,,,,,,,,,,,,,,,,,,,,,,,,,,,,,,,,,,,,,High,High,High,,,,,
22,2025-10-21,15:18:43.20,1,4,"Benko, Troy",10267339,Right,MIA_RED,"Chwedchuk, Justin",10292277,Left,ONT_BLU22,Undefined,2,Top,0,1,2,ChangeUp,Changeup,InPlay,Undefined,GroundBall,Error,0,0,,81.9084,0.470579,-2.246405,1667.011023,265.023955,2:45,5.73017,1.12042,5.64293,-39.33947,2.88205,17.20131,2.89119,0.45731,74.73737,-6.771773,0.827512,0.467669,92.53334,-0.428992,16.923981,1009.575851,,,,46.59814,46.54589,16.807968,0.346948,-9.4454,1.69319,-0.94115,50,5.74493,3.98477,-118.8795,-0.34141,-13.44237,23.96105,-29.76437,MIA_RED,ONT_BLU22,McKieFieldStad,TeamExclusive,Team,20251021-McKieFieldStad-Private-1,c288c3c0-aeb2-11f0-89b2-a50c3c330392,80.59646,2.94136,,7.17103,,,,1.58396,2.94136,-0.47265,a0ac1909-84c9-4024-895b-59f38feaa935,2025-10-21,19:18:43.20,2025-10-21T15:18:43.2020000-04:00,2025-10-21T19:18:43.2020000Z,GroundBall,v3,471355,,,"Raether, Carson",1000338521,Right,MIA_RED,92f8f593-046d-4d84-9b99-e40eee7097a4,54.85655,-119.85438,11.98053,5.73418,0.86957,-14.88219,-1.1144,4.53169,-6.72118,310.038335,1.58724,129.70832,-16.49097,,,,,,,2.94594,-1.19224,-21.07397,,,,,,,-0.4746,39.58103,1.81471,,,,,,,,,,,,,,,,,,,,,,,,,,,,,High,High,High,High,High,,,
23,2025-10-21,15:19:34.38,2,1,"Benko, Troy",10267339,Right,MIA_RED,"Sortino, Giancarlo",10180490,Right,ONT_BLU22,Undefined,2,Top,0,0,0,Fastball,Sinker,BallCalled,Undefined,Undefined,Undefined,0,0,,87.34633,-1.115589,-1.252952,2058.121269,234.499285,1:45,6.00447,1.33244,5.6807,-25.42257,11.40796,14.38776,2.84564,1.3633,80.10083,-5.837284,1.320688,0.436793,,,,,,,,,,,,-7.63996,6.45252,-1.23603,50,5.89461,2.16238,-126.8566,-3.32578,-12.47139,25.52618,-21.64104,MIA_RED,ONT_BLU22,McKieFieldStad,TeamExclusive,Team,20251021-McKieFieldStad-Private-1,e0eb3cd0-aeb2-11f0-89b2-a50c3c330392,86.29362,,,7.2455,,,,,,,a0ac1909-84c9-4024-895b-59f38feaa935,2025-10-21,19:19:34.38,2025-10-21T15:19:34.3880000-04:00,2025-10-21T19:19:34.3880000Z,,v3,471355,,,"Raether, Carson",1000338521,Right,MIA_RED,29887570-2525-4557-93f7-e67df8ee744a,54.81705,-127.82221,12.76309,6.00493,-2.50714,-10.82052,-1.32675,2.63415,-6.2357,,,,,,,,,,,,,,,,,,,,,,,,,,,,,,,,,,,,,,,,,,,,,,,,,,,High,High,High,,,,,
24,2025-10-21,15:19:53.12,2,2,"Benko, Troy",10267339,Right,MIA_RED,"Sortino, Giancarlo",10180490,Right,ONT_BLU22,Undefined,2,Top,0,1,0,Fastball,Sinker,BallCalled,Undefined,Undefined,Undefined,0,0,,86.82763,-0.292252,-1.471633,2143.280377,229.858883,1:45,5.99075,1.27381,5.63779,-26.49387,11.07568,11.66237,3.5102,0.87249,79.03454,-5.226894,0.611916,0.441153,,,,,,,,,,,,-6.32666,6.07284,-1.15628,50,5.94919,2.73676,-126.00686,-1.53447,-10.12246,26.76596,-22.45769,MIA_RED,ONT_BLU22,McKieFieldStad,TeamExclusive,Team,20251021-McKieFieldStad-Private-1,ec1b7700-aeb2-11f0-89b2-a50c3c330392,85.44071,,,7.79309,,,,,,,a0ac1909-84c9-4024-895b-59f38feaa935,2025-10-21,19:19:53.12,2025-10-21T15:19:53.1220000-04:00,2025-10-21T19:19:53.1220000Z,,v3,471355,,,"Raether, Carson",1000338521,Right,MIA_RED,bc1de6ac-db50-4fe0-8683-cc3fea0d8c30,54.85864,-127.03472,13.38298,5.99156,-0.67205,-11.22885,-1.26884,3.12548,-5.06123,,,,,,,,,,,,,,,,,,,,,,,,,,,,,,,,,,,,,,,,,,,,,,,,,,,High,High,High,,,,,
25,2025-10-21,15:20:13.68,2,3,"Benko, Troy",10267339,Right,MIA_RED,"Sortino, Giancarlo",10180490,Right,ONT_BLU22,Undefined,2,Top,0,2,0,Fastball,Sinker,BallCalled,Undefined,Undefined,Undefined,0,0,,86.51707,-1.410263,-4.072005,2069.867353,230.094019,1:45,6.03066,1.37314,5.76747,-26.14616,11.47883,12.28698,2.53578,-1.3989,79.18935,-6.270382,-1.878354,0.441478,,,,,,,,,,,,-7.3787,6.60323,-1.04334,50,5.89793,8.41252,-125.35271,-3.95163,-11.75099,25.12722,-21.65805,MIA_RED,ONT_BLU22,McKieFieldStad,TeamExclusive,Team,20251021-McKieFieldStad-Private-1,f86c3c60-aeb2-11f0-89b2-a50c3c330392,85.37776,,,7.32773,,,,,,,a0ac1909-84c9-4024-895b-59f38feaa935,2025-10-21,19:20:13.68,2025-10-21T15:20:13.6830000-04:00,2025-10-21T19:20:13.6830000Z,,v3,471355,,,"Raether, Carson",1000338521,Right,MIA_RED,140e7c0f-da4f-410e-8275-10a1a7659263,54.73013,-126.29732,12.56361,6.03118,-3.13744,-10.82903,-1.3679,8.85428,-5.8755,,,,,,,,,,,,,,,,,,,,,,,,,,,,,,,,,,,,,,,,,,,,,,,,,,,High,High,High,,,,,
26,2025-10-21,15:20:30.73,2,4,"Benko, Troy",10267339,Right,MIA_RED,"Sortino, Giancarlo",10180490,Right,ONT_BLU22,Undefined,2,Top,0,3,0,Fastball,Four-Seam,StrikeCalled,Undefined,Undefined,Undefined,0,0,,86.08103,-1.607283,-3.223585,2228.247532,226.544235,1:30,6.07593,1.31546,5.78406,-25.34549,12.67725,12.06646,2.46571,-0.68122,78.62869,-6.333919,-1.065178,0.443806,,,,,,,,,,,,-7.03996,7.29524,-1.05674,50,5.92809,6.52384,-124.78338,-4.32193,-11.08043,25.52201,-20.69181,MIA_RED,ONT_BLU22,McKieFieldStad,TeamExclusive,Team,20251021-McKieFieldStad-Private-1,029a96f0-aeb3-11f0-89b2-a50c3c330392,84.93,,,7.45235,,,,,,,a0ac1909-84c9-4024-895b-59f38feaa935,2025-10-21,19:20:30.73,2025-10-21T15:20:30.7300000-04:00,2025-10-21T19:20:30.7300000Z,,v3,471355,,,"Raether, Carson",1000338521,Right,MIA_RED,a08131eb-2071-462a-9e46-04de91a3e9b7,54.71252,-125.74354,12.76101,6.07604,-3.54348,-10.34591,-1.31001,6.9407,-5.54022,,,,,,,,,,,,,,,,,,,,,,,,,,,,,,,,,,,,,,,,,,,,,,,,,,,High,High,High,,,,,
27,2025-10-21,15:21:01.28,2,5,"Benko, Troy",10267339,Right,MIA_RED,"Sortino, Giancarlo",10180490,Right,ONT_BLU22,Undefined,2,Top,0,3,1,Fastball,Sinker,FoulBallNotFieldable,Undefined,Undefined,Undefined,0,0,,85.85172,-2.3325,-2.850094,2073.902329,229.668234,1:45,6.06842,1.15532,5.83079,-26.49049,11.12497,11.85532,1.68886,-0.50818,79.67877,-7.222619,-0.725508,0.441423,89.82254,-40.792614,-73.169556,,,,,3.35105,2.90731,-26.987085,0.021752,-6.80276,6.58268,-0.92987,50,5.86195,5.73942,-124.66753,-5.94803,-10.84375,22.04463,-21.68114,MIA_RED,ONT_BLU22,McKieFieldStad,TeamExclusive,Team,20251021-McKieFieldStad-Private-1,14d75240-aeb3-11f0-89b2-a50c3c330392,85.38853,1.87526,,6.17295,,,,2.35695,1.87526,0.55933,a0ac1909-84c9-4024-895b-59f38feaa935,2025-10-21,19:21:01.28,2025-10-21T15:21:01.2860000-04:00,2025-10-21T19:21:01.2860000Z,GroundBall,v3,471355,,,"Raether, Carson",1000338521,Right,MIA_RED,01c1f0ac-dd9a-47b5-9d0f-5c3c604cc741,54.66947,-125.4905,11.02231,6.06889,-5.13863,-10.84057,-1.15169,6.14424,-5.42187,,2.35678,28.92582,,,,,,,,1.87576,-86.21107,,,,,,,,0.55988,-95.62327,,,,,,,,,,,,,,,,,,,,,,,,,,,,,,High,High,High,Low,Low,,,
28,2025-10-21,15:21:26.72,2,6,"Benko, Troy",10267339,Right,MIA_RED,"Sortino, Giancarlo",10180490,Right,ONT_BLU22,Undefined,2,Top,0,3,2,Fastball,Four-Seam,InPlay,Undefined,GroundBall,Error,0,0,,86.65091,-1.011454,-3.393253,2226.516079,225.266941,1:30,6.05097,1.19503,5.7294,-23.82572,13.63599,12.57036,3.12178,-0.92128,79.31279,-5.459589,-1.148355,0.44052,86.50472,-13.963799,-21.615637,,,,,14.12837,14.12446,-14.216017,0.106524,-7.35748,7.57567,-0.91984,50,5.95191,6.9331,-125.67705,-2.99202,-11.78518,25.10922,-20.03935,MIA_RED,ONT_BLU22,McKieFieldStad,TeamExclusive,Team,20251021-McKieFieldStad-Private-1,240b6170-aeb3-11f0-89b2-a50c3c330392,85.56357,3.27068,,7.33812,,,,1.46735,3.27068,1.37579,a0ac1909-84c9-4024-895b-59f38feaa935,2025-10-21,19:21:26.72,2025-10-21T15:21:26.7250000-04:00,2025-10-21T19:21:26.7250000Z,GroundBall,v3,471355,,,"Raether, Carson",1000338521,Right,MIA_RED,fc066f34-ffcc-4e75-807b-d8d3273ab6fe,54.76907,-126.62628,12.55461,6.0507,-2.23445,-10.01968,-1.19036,7.37863,-5.89259,180,1.46171,114.7946,,,,,,,,3.27219,-30.70369,,,,,,,,1.37802,-45.48664,,,,,,,,,,,,,,,,,,,,,,,,,,,,,,High,High,High,Low,Low,,,
29,2025-10-21,15:22:14.76,3,1,"Benko, Troy",10267339,Right,MIA_RED,"Chung, James",10310929,Right,ONT_BLU22,Undefined,2,Top,0,0,0,Fastball,Changeup,InPlay,Undefined,GroundBall,Out,2,0,,86.17838,-1.830143,-3.00967,2089.161092,228.186369,1:30,6.04603,1.21858,5.71341,-25.26556,12.94812,13.01115,2.23271,-0.50349,78.37562,-6.54599,-0.684345,0.444919,74.78368,4.570713,-9.912951,1357.995186,,,,66.05958,64.91067,-9.26408,0.613184,-7.56847,7.51874,-0.97503,50,5.87721,6.03137,-124.8891,-4.81308,-11.86298,26.9311,-20.38902,MIA_RED,ONT_BLU22,McKieFieldStad,TeamExclusive,Team,20251021-McKieFieldStad-Private-1,409ebfd0-aeb3-11f0-89b2-a50c3c330392,84.71757,3.2396,,7.80277,,,,2.17601,2.33285,0.49746,a0ac1909-84c9-4024-895b-59f38feaa935,2025-10-21,19:22:14.76,2025-10-21T15:22:14.7620000-04:00,2025-10-21T19:22:14.7620000Z,GroundBall,v3,471355,,,"Raether, Carson",1000338521,Right,MIA_RED,8445564e-279c-4364-9c56-7a38aaff214a,54.78452,-125.9166,13.46555,6.046,-4.03518,-10.19451,-1.21378,6.48399,-5.93149,4.268575,2.17863,107.6432,-7.94735,,,,,,,2.34772,8.41639,-20.00759,,,,,,,0.49751,-18.82308,1.08997,,,,,,,,,,,,,,,,,,,,,,,,,,,,,High,High,High,High,High,,,
30,2025-10-21,15:22:47.40,4,1,"Benko, Troy",10267339,Right,MIA_RED,"Payne, Evan",10317400,Left,ONT_BLU22,Undefined,2,Top,2,0,0,Fastball,Four-Seam,BallCalled,Undefined,Undefined,Undefined,0,0,,89.23081,-3.439078,-2.84638,2228.002579,222.870349,1:30,5.95895,1.32429,5.72465,-21.99647,13.57414,11.50048,0.91499,-0.37059,81.5493,-7.535467,-0.789811,0.429257,,,,,,,,,,,,-6.71461,8.25922,-1.09397,50,5.65785,5.93856,-129.21928,-8.50043,-11.31454,27.78072,-18.25677,MIA_RED,ONT_BLU22,McKieFieldStad,TeamExclusive,Team,20251021-McKieFieldStad-Private-1,541078b0-aeb3-11f0-89b2-a50c3c330392,87.80863,,,7.68151,,,,,,,a0ac1909-84c9-4024-895b-59f38feaa935,2025-10-21,19:22:47.40,2025-10-21T15:22:47.4070000-04:00,2025-10-21T19:22:47.4070000Z,,v3,471355,,,"Raether, Carson",1000338521,Right,MIA_RED,15761c30-7897-444e-b211-232c9b8b447d,54.77369,-130.24153,13.89036,5.95828,-7.82864,-9.12838,-1.32015,6.3549,-5.65727,,,,,,,,,,,,,,,,,,,,,,,,,,,,,,,,,,,,,,,,,,,,,,,,,,,High,High,High,,,,,
31,2025-10-21,15:23:08.16,4,2,"Benko, Troy",10267339,Right,MIA_RED,"Payne, Evan",10317400,Left,ONT_BLU22,Undefined,2,Top,2,1,0,Fastball,Four-Seam,BallCalled,Undefined,Undefined,Undefined,0,0,,87.83535,-1.718705,-4.190542,2185.762371,223.16577,1:30,5.99332,1.14713,5.6703,-25.11218,11.46186,9.6804,2.29345,-1.96013,80.60884,-6.371392,-2.466205,0.435269,,,,,,,,,,,,-6.14945,6.62469,-0.79942,50,5.83199,8.93281,-127.27761,-4.67517,-10.1103,25.56742,-21.28238,MIA_RED,ONT_BLU22,McKieFieldStad,TeamExclusive,Team,20251021-McKieFieldStad-Private-1,607896a0-aeb3-11f0-89b2-a50c3c330392,86.59574,,,7.2265,,,,,,,a0ac1909-84c9-4024-895b-59f38feaa935,2025-10-21,19:23:08.16,2025-10-21T15:23:08.1640000-04:00,2025-10-21T19:23:08.1640000Z,,v3,471355,,,"Raether, Carson",1000338521,Right,MIA_RED,8dc631f6-c11e-4867-bea0-964eb20bc63e,54.83013,-128.24421,12.78371,5.99353,-3.87057,-10.64119,-1.14436,9.31503,-5.05515,,,,,,,,,,,,,,,,,,,,,,,,,,,,,,,,,,,,,,,,,,,,,,,,,,,High,High,High,,,,,
32,2025-10-21,15:23:28.36,4,3,"Benko, Troy",10267339,Right,MIA_RED,"Payne, Evan",10317400,Left,ONT_BLU22,Undefined,2,Top,2,2,0,Fastball,Sinker,InPlay,Undefined,GroundBall,Out,1,0,,87.02451,-1.504735,-3.210128,2180.018806,249.279749,2:15,5.95565,1.51971,5.81042,-28.1408,9.46851,21.40257,2.20883,0.31508,78.57273,-6.757451,0.623529,0.441386,68.02591,-70.475597,91.829266,,,,,1.80844,1.80844,15.595528,0.023846,-11.99768,5.70646,-1.26945,50,5.81555,6.17763,-126.06242,-4.24588,-19.00453,29.36924,-23.13493,MIA_RED,ONT_BLU22,McKieFieldStad,TeamExclusive,Team,20251021-McKieFieldStad-Private-1,6c7c2660-aeb3-11f0-89b2-a50c3c330392,85.39555,2.25026,,8.45177,,,,1.76733,2.25026,-0.31134,a0ac1909-84c9-4024-895b-59f38feaa935,2025-10-21,19:23:28.36,2025-10-21T15:23:28.3680000-04:00,2025-10-21T19:23:28.3680000Z,GroundBall,v3,471355,,,"Raether, Carson",1000338521,Right,MIA_RED,6282869a-857e-4cdb-bc47-5ed7376ebfa8,54.68739,-127.14976,14.68462,5.95689,-3.38935,-11.56746,-1.51119,6.88125,-9.50227,,1.76734,-1.06816,,,,,,,,2.25154,-94.36691,,,,,,,,-0.31179,33.44526,,,,,,,,,,,,,,,,,,,,,,,,,,,,,,High,High,High,Estimated,Estimated,,,
33,2025-10-21,15:25:38.57,1,1,"Mcintosh, Ryan",10909835,Right,ONT_BLU22,"Kirtley, Ryder",827333,Right,MIA_RED,Undefined,2,Bottom,0,0,0,Fastball,Changeup,FoulBallNotFieldable,Undefined,Undefined,Undefined,0,0,,82.38853,-0.375552,-2.906294,2123.406298,236.810646,2:00,5.23804,1.59123,6.24264,-31.13218,9.64209,12.70583,2.29685,-0.03285,75.21404,-6.20794,-0.612718,0.459584,79.57402,60.997967,62.176425,5739.493637,24.63366,123.74927,107.20608,180.64927,63.77227,80.504031,5.56039,-7.4654,5.50079,-1.38101,50,5.19469,5.60517,-119.61093,-1.69663,-10.77027,23.96633,-24.23811,MIA_RED,ONT_BLU22,McKieFieldStad,TeamExclusive,Team,20251021-McKieFieldStad-Private-1,ba312f90-aeb3-11f0-89b2-a50c3c330392,82.01433,125.39251,,7.17449,,,,2.17294,2.37356,-0.17101,a0ac1909-84c9-4024-895b-59f38feaa935,2025-10-21,19:25:38.57,2025-10-21T15:25:38.5720000-04:00,2025-10-21T19:25:38.5720000Z,Popup,v3,471355,,,"Chwedchuk, Justin",10292277,Right,ONT_BLU22,fbc4cc9d-c2ee-48df-afb1-92861ff5298e,54.25563,-120.46061,11.98317,5.2396,-0.83731,-12.11906,-1.5865,5.98701,-5.38513,,2.17246,26.36095,-13.5323,3.46824,0.07642,-0.38691,0.12405,-0.01673,0.00084,2.35432,102.40916,-27.1907,4.42392,-1.55371,0.43291,-0.07065,0.00563,-0.00016,-0.17228,50.05309,-8.26861,1.80015,-0.18414,-0.03801,0.01729,-0.00239,0.00011,,,,,,,,,,,,,,,,,,,,,,,High,High,High,Medium,Low,,,
34,2025-10-21,15:25:56.02,1,2,"Mcintosh, Ryan",10909835,Right,ONT_BLU22,"Kirtley, Ryder",827333,Right,MIA_RED,Undefined,2,Bottom,0,0,1,Slider,Curveball,StrikeSwinging,Undefined,Undefined,Undefined,0,0,,74.04366,0.944103,-2.532619,2235.571837,52.802951,7:45,5.0956,1.88403,5.49202,-56.22235,-3.78437,-7.36851,1.29451,-1.10068,67.51512,-9.309681,-3.845031,0.521188,,,,,,,,,,,,2.90874,-1.67638,-1.65715,50,5.14042,5.01924,-107.30755,-0.02021,3.34404,20.99776,-34.10129,MIA_RED,ONT_BLU22,McKieFieldStad,TeamExclusive,Team,20251021-McKieFieldStad-Private-1,c48d9f00-aeb3-11f0-89b2-a50c3c330392,72.32024,,,6.52854,,,,,,,a0ac1909-84c9-4024-895b-59f38feaa935,2025-10-21,19:25:56.02,2025-10-21T15:25:56.0230000-04:00,2025-10-21T19:25:56.0230000Z,,v3,471355,,,"Chwedchuk, Justin",10292277,Right,ONT_BLU22,613a635b-bddd-4570-9c9e-3594845b5f2c,55.006,-108.28268,10.49888,5.10459,1.56345,-17.05065,-1.88663,4.86394,1.67202,,,,,,,,,,,,,,,,,,,,,,,,,,,,,,,,,,,,,,,,,,,,,,,,,,,High,High,High,,,,,
35,2025-10-21,15:26:11.49,1,3,"Mcintosh, Ryan",10909835,Right,ONT_BLU22,"Kirtley, Ryder",827333,Right,MIA_RED,Undefined,2,Bottom,0,0,2,Fastball,Changeup,BallCalled,Undefined,Undefined,Undefined,0,0,,83.20002,1.640966,-2.728665,2203.025563,244.211108,2:15,5.20256,1.78367,6.0994,-31.89596,8.37611,14.60587,4.06434,0.47533,75.59821,-4.330494,-0.100997,0.456745,,,,,,,,,,,,-8.29638,4.24146,-1.58105,50,5.31229,5.18288,-120.70374,2.48346,-12.18048,24.55501,-25.94689,MIA_RED,ONT_BLU22,McKieFieldStad,TeamExclusive,Team,20251021-McKieFieldStad-Private-1,cdc9d160-aeb3-11f0-89b2-a50c3c330392,82.52411,,,7.60181,,,,,,,a0ac1909-84c9-4024-895b-59f38feaa935,2025-10-21,19:26:11.49,2025-10-21T15:26:11.4980000-04:00,2025-10-21T19:26:11.4980000Z,,v3,471355,,,"Chwedchuk, Justin",10292277,Right,ONT_BLU22,34016055-4f77-4840-9f4e-555e73f29b48,54.39761,-121.59507,12.27751,5.20505,3.4253,-12.97345,-1.77721,5.62502,-6.09024,,,,,,,,,,,,,,,,,,,,,,,,,,,,,,,,,,,,,,,,,,,,,,,,,,,High,High,High,,,,,
36,2025-10-21,15:26:24.68,1,4,"Mcintosh, Ryan",10909835,Right,ONT_BLU22,"Kirtley, Ryder",827333,Right,MIA_RED,Undefined,2,Bottom,0,1,2,Slider,Curveball,InPlay,Undefined,FlyBall,Out,1,0,,73.27862,1.52594,-0.862013,2295.024915,80.977208,8:45,5.06059,1.80177,5.56023,-54.01267,-0.59724,-15.53194,1.98564,-0.29796,66.57813,-8.382864,-3.633823,0.526023,92.06553,37.635488,2.261586,3783.967105,109.57695,76.30076,9.63479,358.54695,340.57682,9.786145,5.444575,7.63174,-0.3272,-1.7166,50,5.15667,2.15536,-106.27399,1.17566,8.58658,20.96649,-32.54218,MIA_RED,ONT_BLU22,McKieFieldStad,TeamExclusive,Team,20251021-McKieFieldStad-Private-1,d59f20c0-aeb3-11f0-89b2-a50c3c330392,71.65547,104.28335,,6.70049,,,,2.67777,2.17475,0.18513,a0ac1909-84c9-4024-895b-59f38feaa935,2025-10-21,19:26:24.68,2025-10-21T15:26:24.6800000-04:00,2025-10-21T19:26:24.6800000Z,FlyBall,v3,471355,,,"Chwedchuk, Justin",10292277,Right,ONT_BLU22,1cf09585-6126-48d5-a716-b70b33fe498a,54.93859,-107.24388,10.48324,5.06747,2.68103,-16.27109,-1.80712,1.75815,4.29329,200.655798,2.68368,106.73163,-19.93513,4.40785,-0.55467,-0.0002,0.01147,-0.00144,6E-05,2.17174,82.50378,-18.97957,1.28032,-0.14311,-0.02903,0.01726,-0.00283,0.00016,0.18398,4.24402,3.99826,-1.08965,0.18346,-0.01506,-0.00063,0.00022,-1E-05,,,,,,,,,,,,,,,,,,,,,,,High,High,High,High,Medium,,,
37,2025-10-21,15:26:58.45,2,1,"Mcintosh, Ryan",10909835,Right,ONT_BLU22,"Vrlak, Jake",1000131822,Right,MIA_RED,Undefined,2,Bottom,1,0,0,Slider,Curveball,StrikeSwinging,Undefined,Undefined,Undefined,0,0,,73.64648,-0.639772,-2.181695,2350.830318,51.260717,7:45,5.05646,1.98156,5.65678,-55.45475,-2.9791,-5.90666,-0.16186,-0.54623,67.64533,-10.738935,-3.239409,0.521375,,,,,,,,,,,,2.34784,-0.87768,-1.79293,50,4.96689,4.27761,-106.84508,-2.8897,2.68312,20.36661,-33.17707,MIA_RED,ONT_BLU22,McKieFieldStad,TeamExclusive,Team,20251021-McKieFieldStad-Private-1,e9bdbb70-aeb3-11f0-89b2-a50c3c330392,72.29425,,,6.00115,,,,,,,a0ac1909-84c9-4024-895b-59f38feaa935,2025-10-21,19:26:58.45,2025-10-21T15:26:58.4580000-04:00,2025-10-21T19:26:58.4580000Z,,v3,471355,,,"Chwedchuk, Justin",10292277,Right,ONT_BLU22,c5e9e334-f165-49be-8637-920a25a8dcf2,54.84266,-107.76423,10.1833,5.06352,-1.39242,-16.58854,-1.98324,4.15652,1.34156,,,,,,,,,,,,,,,,,,,,,,,,,,,,,,,,,,,,,,,,,,,,,,,,,,,High,High,High,,,,,
38,2025-10-21,15:27:13.45,2,2,"Mcintosh, Ryan",10909835,Right,ONT_BLU22,"Vrlak, Jake",1000131822,Right,MIA_RED,Undefined,2,Bottom,1,0,1,Slider,Curveball,StrikeCalled,Undefined,Undefined,Undefined,0,0,,73.30081,1.938832,-1.101196,2083.681903,44.897399,7:30,5.03922,1.86552,5.65737,-57.30755,-4.22866,-6.03437,2.07269,0.33561,66.70009,-8.57207,-2.180426,0.524363,,,,,,,,,,,,2.69744,-2.16158,-1.76851,50,5.16749,2.26386,-106.30228,1.82059,3.04682,20.41365,-34.61557,MIA_RED,ONT_BLU22,McKieFieldStad,TeamExclusive,Team,20251021-McKieFieldStad-Private-1,f2bc6fa0-aeb3-11f0-89b2-a50c3c330392,71.8823,,,6.60071,,,,,,,a0ac1909-84c9-4024-895b-59f38feaa935,2025-10-21,19:27:13.45,2025-10-21T15:27:13.4500000-04:00,2025-10-21T19:27:13.4500000Z,,v3,471355,,,"Chwedchuk, Justin",10292277,Right,ONT_BLU22,9141ed8b-26da-4202-874b-6667fa57f0f2,54.8402,-107.22773,10.20683,5.04938,3.38989,-17.30779,-1.86801,2.12573,1.52341,,,,,,,,,,,,,,,,,,,,,,,,,,,,,,,,,,,,,,,,,,,,,,,,,,,High,High,High,,,,,
39,2025-10-21,15:27:26.98,2,3,"Mcintosh, Ryan",10909835,Right,ONT_BLU22,"Vrlak, Jake",1000131822,Right,MIA_RED,Undefined,2,Bottom,1,0,2,Slider,Curveball,StrikeSwinging,Strikeout,Undefined,Undefined,0,0,,72.74594,2.41524,0.00416,2235.199839,79.588557,8:45,5.1026,1.66076,5.74614,-55.79499,-1.45303,-19.08773,2.70296,0.07399,65.38932,-7.895432,-3.413274,0.530566,,,,,,,,,,,,9.61662,-0.91016,-1.64969,50,5.27013,0.69196,-105.37494,2.76106,10.54383,22.05629,-33.17198,MIA_RED,ONT_BLU22,McKieFieldStad,TeamExclusive,Team,20251021-McKieFieldStad-Private-1,faccf340-aeb3-11f0-89b2-a50c3c330392,71.042,,,7.35663,,,,,,,a0ac1909-84c9-4024-895b-59f38feaa935,2025-10-21,19:27:26.98,2025-10-21T15:27:26.9870000-04:00,2025-10-21T19:27:26.9870000Z,,v3,471355,,,"Chwedchuk, Justin",10292277,Right,ONT_BLU22,c7750b3a-8498-4534-bd53-19408e1f3147,54.74981,-106.36449,11.02815,5.11287,4.2493,-16.58599,-1.67013,0.21891,5.27191,,,,,,,,,,,,,,,,,,,,,,,,,,,,,,,,,,,,,,,,,,,,,,,,,,,High,High,High,,,,,
40,2025-10-21,15:27:48.67,3,1,"Mcintosh, Ryan",10909835,Right,ONT_BLU22,"Gonzalez Rivera, Ignacio",10124440,Right,MIA_RED,Undefined,2,Bottom,2,0,0,Fastball,Changeup,StrikeCalled,Undefined,Undefined,Undefined,0,0,,83.90396,-0.730529,-3.761484,2199.157074,244.428172,2:15,5.19781,1.68763,6.15098,-28.12714,11.28949,20.92883,2.17742,-0.0487,76.66908,-6.002255,0.006536,0.451868,,,,,,,,,,,,-11.82839,6.42945,-1.4116,50,5.12772,7.1887,-121.72006,-2.39739,-17.72804,24.11136,-22.5378,MIA_RED,ONT_BLU22,McKieFieldStad,TeamExclusive,Team,20251021-McKieFieldStad-Private-1,07a733f0-aeb4-11f0-89b2-a50c3c330392,83.41478,,,7.23487,,,,,,,a0ac1909-84c9-4024-895b-59f38feaa935,2025-10-21,19:27:48.67,2025-10-21T15:27:48.6700000-04:00,2025-10-21T19:27:48.6700000Z,,v3,471355,,,"Chwedchuk, Justin",10292277,Right,ONT_BLU22,d806d3e9-8a93-465d-9895-3830ac191bf6,54.34735,-122.57819,12.05568,5.19877,-1.59526,-11.2689,-1.67867,7.81965,-8.86402,,,,,,,,,,,,,,,,,,,,,,,,,,,,,,,,,,,,,,,,,,,,,,,,,,,High,High,High,,,,,
41,2025-10-21,15:28:01.88,3,2,"Mcintosh, Ryan",10909835,Right,ONT_BLU22,"Gonzalez Rivera, Ignacio",10124440,Right,MIA_RED,Undefined,2,Bottom,2,0,1,Fastball,Changeup,BallCalled,Undefined,Undefined,Undefined,0,0,,82.72782,2.339232,-0.694265,2054.385293,205.381569,12:45,5.2609,1.53512,5.94128,-29.76612,12.03831,4.94315,4.95163,1.30301,73.60686,-3.297707,0.193097,0.465353,,,,,,,,,,,,-2.7424,5.8063,-1.48241,50,5.43107,1.24699,-119.7399,3.99866,-3.88025,28.59942,-23.95861,MIA_RED,ONT_BLU22,McKieFieldStad,TeamExclusive,Team,20251021-McKieFieldStad-Private-1,0f7e09f0-aeb4-11f0-89b2-a50c3c330392,80.99752,,,9.12096,,,,,,,a0ac1909-84c9-4024-895b-59f38feaa935,2025-10-21,19:28:01.88,2025-10-21T15:28:01.8850000-04:00,2025-10-21T19:28:01.8850000Z,,v3,471355,,,"Chwedchuk, Justin",10292277,Right,ONT_BLU22,8570d9a9-8877-4776-b7cb-1688751448cf,54.54956,-120.82165,14.29971,5.26269,4.90488,-11.9793,-1.53236,1.39376,-1.94012,,,,,,,,,,,,,,,,,,,,,,,,,,,,,,,,,,,,,,,,,,,,,,,,,,,High,High,High,,,,,
42,2025-10-21,15:28:16.52,3,3,"Mcintosh, Ryan",10909835,Right,ONT_BLU22,"Gonzalez Rivera, Ignacio",10124440,Right,MIA_RED,Undefined,2,Bottom,2,1,1,Slider,Curveball,BallCalled,Undefined,Undefined,Undefined,0,0,,73.2011,2.169874,-2.200353,2236.889148,76.388581,8:30,5.19245,1.59089,5.82278,-54.46889,-1.76059,-14.31938,2.6731,-1.649,66.9454,-7.842212,-4.762741,0.52253,,,,,,,,,,,,6.59721,-0.96933,-1.40272,50,5.33832,4.59102,-106.16671,2.39001,7.46962,19.53019,-33.27156,MIA_RED,ONT_BLU22,McKieFieldStad,TeamExclusive,Team,20251021-McKieFieldStad-Private-1,184ef760-aeb4-11f0-89b2-a50c3c330392,72.13454,,,6.2557,,,,,,,a0ac1909-84c9-4024-895b-59f38feaa935,2025-10-21,19:28:16.52,2025-10-21T15:28:16.5250000-04:00,2025-10-21T19:28:16.5250000Z,,v3,471355,,,"Chwedchuk, Justin",10292277,Right,ONT_BLU22,1bf7bfc4-94d4-4f9f-af37-51a1e8692303,54.67531,-107.02332,9.7651,5.20149,3.84932,-16.63578,-1.5969,4.2634,3.73481,,,,,,,,,,,,,,,,,,,,,,,,,,,,,,,,,,,,,,,,,,,,,,,,,,,High,High,High,,,,,
43,2025-10-21,15:28:30.68,3,4,"Mcintosh, Ryan",10909835,Right,ONT_BLU22,"Gonzalez Rivera, Ignacio",10124440,Right,MIA_RED,Undefined,2,Bottom,2,2,1,Slider,Curveball,BallCalled,Undefined,Undefined,Undefined,0,0,,71.96863,1.77735,0.281045,2267.200315,83.606273,8:45,5.04769,2.08466,5.69478,-54.2181,0.27394,-13.07146,2.18639,1.25728,65.998,-8.176059,-2.058448,0.531298,,,,,,,,,,,,6.71008,0.16567,-2.10002,50,5.16327,-0.05239,-104.49402,1.62636,7.38928,18.26832,-31.99159,MIA_RED,ONT_BLU22,McKieFieldStad,TeamExclusive,Team,20251021-McKieFieldStad-Private-1,20a75970-aeb4-11f0-89b2-a50c3c330392,70.9441,,,5.97063,,,,,,,a0ac1909-84c9-4024-895b-59f38feaa935,2025-10-21,19:28:30.68,2025-10-21T15:28:30.6810000-04:00,2025-10-21T19:28:30.6810000Z,,v3,471355,,,"Chwedchuk, Justin",10292277,Right,ONT_BLU22,f439772d-0ac0-4f92-94f9-e8192061ef82,54.80384,-105.33051,9.13416,5.05526,3.09123,-15.9958,-2.08987,-0.39074,3.69464,,,,,,,,,,,,,,,,,,,,,,,,,,,,,,,,,,,,,,,,,,,,,,,,,,,High,High,High,,,,,
44,2025-10-21,15:28:44.41,3,5,"Mcintosh, Ryan",10909835,Right,ONT_BLU22,"Gonzalez Rivera, Ignacio",10124440,Right,MIA_RED,Undefined,2,Bottom,2,3,1,Fastball,Changeup,BallCalled,Walk,Undefined,Undefined,0,0,,82.7142,-1.092766,-2.018073,2095.621714,247.952179,2:15,5.16785,1.74713,6.31899,-32.86801,7.82481,15.74835,1.42166,1.20006,74.96961,-7.257509,0.833736,0.459124,,,,,,,,,,,,-8.83634,4.84736,-1.60672,50,5.07251,3.64171,-120.04699,-3.25745,-12.70653,26.40799,-25.20362,MIA_RED,ONT_BLU22,McKieFieldStad,TeamExclusive,Team,20251021-McKieFieldStad-Private-1,28e77890-aeb4-11f0-89b2-a50c3c330392,82.09638,,,7.74458,,,,,,,a0ac1909-84c9-4024-895b-59f38feaa935,2025-10-21,19:28:44.41,2025-10-21T15:28:44.4160000-04:00,2025-10-21T19:28:44.4160000Z,,v3,471355,,,"Chwedchuk, Justin",10292277,Right,ONT_BLU22,4d6a78d3-8641-4183-9d2f-95c7d9a98dbf,54.17788,-120.96255,13.20399,5.1703,-2.38365,-12.60181,-1.74061,4.08224,-6.35326,,,,,,,,,,,,,,,,,,,,,,,,,,,,,,,,,,,,,,,,,,,,,,,,,,,High,High,High,,,,,
45,2025-10-21,15:29:10.48,4,1,"Mcintosh, Ryan",10909835,Right,ONT_BLU22,"Cruz, Diego",1000178634,Left,MIA_RED,Undefined,2,Bottom,2,0,0,Fastball,Changeup,StrikeCalled,Undefined,Undefined,Undefined,0,0,,81.51397,-1.21359,-3.400266,2142.249655,222.651362,1:30,5.42183,1.77471,6.51121,-27.89958,13.71001,11.27257,1.98108,-0.40985,73.87287,-6.506767,-1.3568,0.464267,,,,,,,,,,,,-6.93449,7.99914,-1.54168,50,5.32499,6.61183,-118.18544,-3.2436,-9.69094,25.03422,-20.99524,MIA_RED,ONT_BLU22,McKieFieldStad,TeamExclusive,Team,20251021-McKieFieldStad-Private-1,3871e520-aeb4-11f0-89b2-a50c3c330392,81.18692,,,7.6411,,,,,,,a0ac1909-84c9-4024-895b-59f38feaa935,2025-10-21,19:29:10.48,2025-10-21T15:29:10.4870000-04:00,2025-10-21T19:29:10.4870000Z,,v3,471355,,,"Chwedchuk, Justin",10292277,Right,ONT_BLU22,00712a13-b2e2-4d48-87ff-5ea23b9418b0,53.98396,-119.02634,12.51711,5.4221,-2.53837,-10.49762,-1.76923,6.93735,-4.84547,,,,,,,,,,,,,,,,,,,,,,,,,,,,,,,,,,,,,,,,,,,,,,,,,,,High,High,High,,,,,
46,2025-10-21,15:29:24.60,4,2,"Mcintosh, Ryan",10909835,Right,ONT_BLU22,"Cruz, Diego",1000178634,Left,MIA_RED,Undefined,2,Bottom,2,0,1,Fastball,Changeup,BallCalled,Undefined,Undefined,Undefined,0,0,,82.42275,-0.102113,-3.05559,2215.364371,219.328823,1:15,5.26092,1.66416,6.15082,-29.27049,11.7304,8.48997,2.72723,-0.45422,74.99681,-5.599969,-1.526983,0.460859,,,,,,,,,,,,-5.27512,6.50528,-1.43587,50,5.23819,6.05768,-119.56348,-1.07051,-7.59046,24.33822,-22.8135,MIA_RED,ONT_BLU22,McKieFieldStad,TeamExclusive,Team,20251021-McKieFieldStad-Private-1,40d96260-aeb4-11f0-89b2-a50c3c330392,81.78735,,,7.42593,,,,,,,a0ac1909-84c9-4024-895b-59f38feaa935,2025-10-21,19:29:24.60,2025-10-21T15:29:24.6010000-04:00,2025-10-21T19:29:24.6010000Z,,v3,471355,,,"Chwedchuk, Justin",10292277,Right,ONT_BLU22,a1701b9e-f680-4ef5-8154-e2fd60d11888,54.34519,-120.44474,12.16911,5.26199,-0.24447,-11.40675,-1.66019,6.33252,-3.79523,,,,,,,,,,,,,,,,,,,,,,,,,,,,,77.13685,1.972083,0.725965,1.246118,-1.03661,2.48038,0.5181,-0.10971,6.15242,-0.00259,127.27839,3.01583,4.68136,-0.02785,111.61174,-7.67139,6.15678,11.3442,-11.13471,-0.03083,1.00978,2.25399,High,High,High,,,High,High,High
47,2025-10-21,15:29:50.75,4,3,"Mcintosh, Ryan",10909835,Right,ONT_BLU22,"Cruz, Diego",1000178634,Left,MIA_RED,Undefined,2,Bottom,2,1,1,Fastball,Slider,FoulBallNotFieldable,Undefined,Undefined,Undefined,0,0,,81.78666,-0.461172,-2.268049,2191.270355,216.119819,1:15,5.37985,1.51035,6.49895,-31.46884,9.65193,6.02977,2.33381,-0.07003,74.42276,-6.391815,-1.173685,0.461532,,,,,,,,,,,,-3.87906,5.59225,-1.35424,50,5.33381,4.49433,-118.79042,-1.82407,-5.48998,24.78035,-24.25944,MIA_RED,ONT_BLU22,McKieFieldStad,TeamExclusive,Team,20251021-McKieFieldStad-Private-1,506889e0-aeb4-11f0-89b2-a50c3c330392,81.66804,,,7.36389,,,,,,,a0ac1909-84c9-4024-895b-59f38feaa935,2025-10-21,19:29:50.75,2025-10-21T15:29:50.7510000-04:00,2025-10-21T19:29:50.7510000Z,,v3,471355,,,"Chwedchuk, Justin",10292277,Right,ONT_BLU22,b7b6204d-7ced-48b1-a733-4cf744365111,53.99899,-119.62172,12.39017,5.38135,-1.01025,-12.12972,-1.50809,4.67851,-2.74499,,,,,,,,,,,,,,,,,,,,,,,,,,,,,,,,,,,,,,,,,,,,,,,,,,,High,High,High,,,,,
48,2025-10-21,15:30:20.25,4,4,"Mcintosh, Ryan",10909835,Right,ONT_BLU22,"Cruz, Diego",1000178634,Left,MIA_RED,Undefined,2,Bottom,2,1,2,ChangeUp,Changeup,BallCalled,Undefined,Undefined,Undefined,0,0,,81.02434,-2.914421,-5.823107,1760.385867,238.431176,2:00,5.29358,1.60552,6.39921,-30.47017,11.54068,16.61942,0.05804,-2.38303,74.64332,-8.593333,-2.829535,0.466501,,,,,,,,,,,,-10.49666,7.17823,-1.19495,50,5.06913,11.40685,-117.18984,-6.83363,-14.63379,21.62685,-22.16659,MIA_RED,ONT_BLU22,McKieFieldStad,TeamExclusive,Team,20251021-McKieFieldStad-Private-1,61fc0ce0-aeb4-11f0-89b2-a50c3c330392,80.79828,,,6.38102,,,,,,,a0ac1909-84c9-4024-895b-59f38feaa935,2025-10-21,19:30:20.25,2025-10-21T15:30:20.2570000-04:00,2025-10-21T19:30:20.2570000Z,,v3,471355,,,"Chwedchuk, Justin",10292277,Right,ONT_BLU22,7a1a7e7c-b8f3-4fda-b442-43bfe600f17b,54.10283,-117.94456,10.81342,5.29411,-6.06006,-11.08329,-1.60193,11.91754,-7.31689,,,,,,,,,,,,,,,,,,,,,,,,,,,,,,,,,,,,,,,,,,,,,,,,,,,High,High,High,,,,,
49,2025-10-21,15:30:52.97,4,5,"Mcintosh, Ryan",10909835,Right,ONT_BLU22,"Cruz, Diego",1000178634,Left,MIA_RED,Undefined,2,Bottom,2,2,2,Slider,Curveball,InPlay,Undefined,LineDrive,Triple,0,1,,73.45772,2.625145,-0.930675,2219.592872,67.565314,8:15,5.16636,1.89048,5.69124,-55.22558,-2.01071,-9.59217,3.01282,0.2237,66.20704,-7.558623,-2.645315,0.525035,93.23219,19.159277,28.600798,1832.94978,93.60629,26.81729,57.77421,262.25855,253.63393,36.330258,2.518283,4.58827,-1.43335,-1.80598,50,5.35256,2.07054,-106.42123,3.20994,5.15081,21.85916,-33.78315,MIA_RED,ONT_BLU22,McKieFieldStad,TeamExclusive,Team,20251021-McKieFieldStad-Private-1,758e4610-aeb4-11f0-89b2-a50c3c330392,71.79038,27.85482,,7.25068,,,,2.73777,3.11995,-0.02249,a0ac1909-84c9-4024-895b-59f38feaa935,2025-10-21,19:30:52.97,2025-10-21T15:30:52.9740000-04:00,2025-10-21T19:30:52.9740000Z,LineDrive,v3,471355,,,"Chwedchuk, Justin",10292277,Right,ONT_BLU22,291f0bfe-40bf-47cb-9150-cee56af0d841,54.8067,-107.404,10.92958,5.1741,4.7288,-16.89158,-1.89387,1.83896,2.57541,,2.73772,113.40695,-18.66755,4.26541,-0.97589,0.17547,-0.01848,-0.00394,0.0012,3.11996,44.87734,-22.74955,2.5403,-0.45013,0.0895,-0.02523,0.00734,-0.00103,-0.0225,61.83286,3.20425,-2.63726,0.94397,-0.26321,0.06183,-0.01098,0.0009,,,,,,,,,,,,,,,,,,,,,,,High,High,High,High,High,,,
50,2025-10-21,15:31:31.43,5,1,"Mcintosh, Ryan",10909835,Right,ONT_BLU22,"Roa Calcano, Christopher",1000375139,Left,MIA_RED,Undefined,2,Bottom,2,0,0,Fastball,Changeup,BallCalled,Undefined,Undefined,Undefined,0,0,,82.81529,1.480315,-2.462036,2146.734862,237.191736,2:00,5.36589,1.78558,6.20599,-29.50852,10.67359,14.65343,4.27471,0.73288,75.76426,-4.057039,0.180238,0.456234,,,,,,,,,,,,-8.20185,5.5117,-1.60752,50,5.46232,4.60922,-120.27052,2.24095,-12.04506,22.75283,-24.07974,MIA_RED,ONT_BLU22,McKieFieldStad,TeamExclusive,Team,20251021-McKieFieldStad-Private-1,8c659820-aeb4-11f0-89b2-a50c3c330392,82.61642,,,7.05103,,,,,,,a0ac1909-84c9-4024-895b-59f38feaa935,2025-10-21,19:31:31.43,2025-10-21T15:31:31.4350000-04:00,2025-10-21T19:31:31.4350000Z,,v3,471355,,,"Chwedchuk, Justin",10292277,Right,ONT_BLU22,2bb0e54a-72f8-4097-b063-8d3cf2a91411,54.29121,-121.07961,11.37642,5.36741,3.09723,-12.03987,-1.77904,5.03754,-6.02253,,,,,,,,,,,,,,,,,,,,,,,,,,,,,,,,,,,,,,,,,,,,,,,,,,,High,High,High,,,,,
51,2025-10-21,15:31:45.29,5,2,"Mcintosh, Ryan",10909835,Right,ONT_BLU22,"Roa Calcano, Christopher",1000375139,Left,MIA_RED,Undefined,2,Bottom,2,1,0,Sinker,Changeup,FoulBallNotFieldable,Undefined,Undefined,Undefined,0,0,,81.14025,0.7034,-2.792315,2090.680305,245.202004,2:15,5.31472,1.73338,6.29287,-33.41647,8.5756,15.58084,3.17898,0.45672,73.91252,-5.56498,0.022459,0.466396,,,,,,,,,,,,-8.98481,4.63473,-1.53545,50,5.35033,5.1902,-117.81953,0.4878,-12.55857,23.55739,-25.69585,MIA_RED,ONT_BLU22,McKieFieldStad,TeamExclusive,Team,20251021-McKieFieldStad-Private-1,94d1d050-aeb4-11f0-89b2-a50c3c330392,80.81632,,,7.22772,,,,,,,a0ac1909-84c9-4024-895b-59f38feaa935,2025-10-21,19:31:45.29,2025-10-21T15:31:45.2980000-04:00,2025-10-21T19:31:45.2980000Z,,v3,471355,,,"Chwedchuk, Justin",10292277,Right,ONT_BLU22,54ccbb59-158c-45c6-abe6-6aac3dc11add,54.20617,-118.65756,11.77869,5.31672,1.40189,-12.84792,-1.72803,5.63696,-6.27928,,,,,,,,,,,,,,,,,,,,,,,,,,,,,,,,,,,,,,,,,,,,,,,,,,,High,High,High,,,,,
52,2025-10-21,15:32:05.33,5,3,"Mcintosh, Ryan",10909835,Right,ONT_BLU22,"Roa Calcano, Christopher",1000375139,Left,MIA_RED,Undefined,2,Bottom,2,1,1,Slider,Curveball,BallCalled,Undefined,Undefined,Undefined,0,0,,73.08138,0.676124,-0.566337,2218.864609,83.09443,8:45,5.10142,1.91861,5.8354,-53.92574,-0.51138,-20.35265,1.2361,-0.30385,66.23817,-9.261613,-4.220715,0.526018,,,,,,,,,,,,10.2039,0.07276,-1.86041,50,5.1252,1.76571,-106.01536,-0.34132,11.35247,21.91483,-32.09309,MIA_RED,ONT_BLU22,McKieFieldStad,TeamExclusive,Team,20251021-McKieFieldStad-Private-1,a0b88940-aeb4-11f0-89b2-a50c3c330392,71.65622,,,6.84321,,,,,,,a0ac1909-84c9-4024-895b-59f38feaa935,2025-10-21,19:32:05.33,2025-10-21T15:32:05.3380000-04:00,2025-10-21T19:32:05.3380000Z,,v3,471355,,,"Chwedchuk, Justin",10292277,Right,ONT_BLU22,525e79bc-5303-487c-915c-03179188453a,54.66245,-106.97481,10.95742,5.10939,1.06375,-16.04655,-1.92683,1.26868,5.67623,,,,,,,,,,,,,,,,,,,,,,,,,,,,,,,,,,,,,,,,,,,,,,,,,,,High,High,High,,,,,
53,2025-10-21,15:32:19.63,5,4,"Mcintosh, Ryan",10909835,Right,ONT_BLU22,"Roa Calcano, Christopher",1000375139,Left,MIA_RED,Undefined,2,Bottom,2,2,1,Fastball,Four-Seam,FoulBallNotFieldable,Undefined,Undefined,Undefined,0,0,,81.24122,-0.82556,-3.150776,2088.87831,234.017341,1:45,5.24811,1.7276,6.57531,-33.6584,7.58989,8.68201,1.68539,-0.43962,74.63837,-7.131241,-1.573894,0.462247,,,,,,,,,,,,-5.43626,4.61559,-1.51457,50,5.17732,6.19407,-118.006,-2.63535,-7.66889,22.36541,-25.66287,MIA_RED,ONT_BLU22,McKieFieldStad,TeamExclusive,Team,20251021-McKieFieldStad-Private-1,a926e450-aeb4-11f0-89b2-a50c3c330392,81.54173,,,6.60286,,,,,,,a0ac1909-84c9-4024-895b-59f38feaa935,2025-10-21,19:32:19.63,2025-10-21T15:32:19.6350000-04:00,2025-10-21T19:32:19.6350000Z,,v3,471355,,,"Chwedchuk, Justin",10292277,Right,ONT_BLU22,dd18f25f-0a18-4744-9f71-ba072f0a121d,53.92276,-118.74715,11.18271,5.25056,-1.78494,-12.83143,-1.72405,6.4482,-3.83445,,,,,,,,,,,,,,,,,,,,,,,,,,,,,,,,,,,,,,,,,,,,,,,,,,,High,High,High,,,,,
54,2025-10-21,15:32:35.62,5,5,"Mcintosh, Ryan",10909835,Right,ONT_BLU22,"Roa Calcano, Christopher",1000375139,Left,MIA_RED,Undefined,2,Bottom,2,2,2,Fastball,Changeup,InPlay,Undefined,LineDrive,Double,1,1,,83.34362,-0.194826,-2.513583,2164.965846,253.452969,2:30,5.23476,1.64893,6.25758,-34.41742,5.00599,12.93906,2.18682,0.40797,76.85484,-6.590526,-0.175298,0.451907,94.66302,17.442442,-3.524647,1976.868348,109.33755,27.92495,-12.05315,316.26792,315.93627,-11.010992,3.16397,-7.41154,2.99256,-1.46873,50,5.20332,4.84412,-121.16624,-1.46465,-11.0806,22.41938,-27.70005,MIA_RED,ONT_BLU22,McKieFieldStad,TeamExclusive,Team,20251021-McKieFieldStad-Private-1,b2a8f950-aeb4-11f0-89b2-a50c3c330392,83.40759,32.49863,,6.48878,,,,1.43599,2.18688,-0.41678,a0ac1909-84c9-4024-895b-59f38feaa935,2025-10-21,19:32:35.62,2025-10-21T15:32:35.6220000-04:00,2025-10-21T19:32:35.6220000Z,LineDrive,v3,471355,,,"Chwedchuk, Justin",10292277,Right,ONT_BLU22,f1ebfea5-3791-480c-9267-3d2a471965a9,54.24233,-121.94868,11.20969,5.23756,-0.49792,-13.85003,-1.64454,5.23083,-5.5403,129.930094,1.43604,132.2024,-17.23229,3.21408,-0.52938,0.0237,0.02169,-0.00698,0.00073,2.18683,41.61734,-15.23672,0.80326,-0.20535,0.11503,-0.04612,0.01059,-0.001,-0.41683,-8.13925,-6.47775,1.79633,-0.43039,0.07654,-0.00879,0.00034,3E-05,,,,,,,,,,,,,,,,,,,,,,,High,High,High,High,High,,,
55,2025-10-21,15:35:12.33,1,1,"Benko, Troy",10267339,Right,MIA_RED,"Barker, Zach",10321583,Right,ONT_BLU22,Undefined,3,Top,0,0,0,Fastball,Changeup,InPlay,Undefined,GroundBall,Out,1,0,,87.02898,-1.194901,-2.982848,2076.095389,237.554769,2:00,6.08413,0.88097,5.81181,-26.77683,10.37666,14.40741,2.73997,-0.69456,79.42867,-6.180389,-0.403032,0.438704,94.97989,1.788116,16.996974,2118.468512,,,,60.60296,60.60296,17.711633,0.452211,-8.21626,6.00284,-0.64507,50,5.97024,5.97859,-126.2297,-3.51973,-13.21653,26.42313,-22.51801,MIA_RED,ONT_BLU22,McKieFieldStad,TeamExclusive,Team,20251021-McKieFieldStad-Private-1,1035f2d0-aeb5-11f0-89b2-a50c3c330392,85.91778,2.88439,,7.60031,,,,0.62541,2.68543,0.55726,a0ac1909-84c9-4024-895b-59f38feaa935,2025-10-21,19:35:12.33,2025-10-21T15:35:12.3330000-04:00,2025-10-21T19:35:12.3330000Z,GroundBall,v3,471355,,,"Raether, Carson",1000338521,Right,MIA_RED,0940763c-cfeb-49b2-ade7-91339213473d,54.68601,-127.20682,13.21157,6.085,-2.68702,-11.25901,-0.8752,6.46733,-6.60826,342.782573,0.63157,132.97184,-14.85833,,,,,,,2.69633,4.02462,-22.13615,,,,,,,0.55724,40.7023,-2.57338,,,,,,,,,,,,,,,,,,,,,,,,,,,,,High,High,High,High,High,,,
56,2025-10-21,15:35:41.57,2,1,"Benko, Troy",10267339,Right,MIA_RED,"Stillo, Sebastian",10320579,Left,ONT_BLU22,Undefined,3,Top,1,0,0,ChangeUp,Changeup,StrikeCalled,Undefined,Undefined,Undefined,0,0,,80.75992,-0.563826,-3.13439,1830.387517,264.722606,2:45,5.86428,1.23412,5.22104,-40.40384,4.09402,27.26309,1.96639,0.55623,73.29541,-7.951042,1.700198,0.48011,,,,,,,,,,,,-14.53135,2.70012,-0.96587,50,5.78225,5.25457,-116.97288,-2.57686,-19.8878,24.57611,-28.47864,MIA_RED,ONT_BLU22,McKieFieldStad,TeamExclusive,Team,20251021-McKieFieldStad-Private-1,2171dff0-aeb5-11f0-89b2-a50c3c330392,78.50789,,,7.4645,,,,,,,a0ac1909-84c9-4024-895b-59f38feaa935,2025-10-21,19:35:41.57,2025-10-21T15:35:41.5730000-04:00,2025-10-21T19:35:41.5730000Z,,v3,471355,,,"Raether, Carson",1000338521,Right,MIA_RED,4758e947-e09a-4f07-b021-2e74de76a2f1,55.27756,-118.0765,12.28805,5.86926,-1.298,-14.23932,-1.22188,6.14765,-9.9439,,,,,,,,,,,,,,,,,,,,,,,,,,,,,,,,,,,,,,,,,,,,,,,,,,,High,High,High,,,,,
57,2025-10-21,15:35:55.32,2,2,"Benko, Troy",10267339,Right,MIA_RED,"Stillo, Sebastian",10320579,Left,ONT_BLU22,Undefined,3,Top,1,0,1,ChangeUp,Changeup,StrikeSwinging,Undefined,Undefined,Undefined,0,0,,79.05677,0.038806,-2.372433,1700.822674,270.790015,3:00,5.81071,1.25655,5.53239,-44.44699,1.1874,25.12911,2.1431,1.13177,72.15451,-8.104628,2.113195,0.486203,,,,,,,,,,,,-13.3552,1.07339,-1.06745,50,5.78471,3.75347,-114.70279,-1.41138,-17.64632,22.84419,-30.75577,MIA_RED,ONT_BLU22,McKieFieldStad,TeamExclusive,Team,20251021-McKieFieldStad-Private-1,29a61830-aeb5-11f0-89b2-a50c3c330392,77.52408,,,6.90226,,,,,,,a0ac1909-84c9-4024-895b-59f38feaa935,2025-10-21,19:35:55.32,2025-10-21T15:35:55.3240000-04:00,2025-10-21T19:35:55.3240000Z,,v3,471355,,,"Raether, Carson",1000338521,Right,MIA_RED,d40bc57d-3793-4275-93f1-b35eee913ef3,54.96707,-115.68781,11.4221,5.81698,-0.08523,-15.37788,-1.2457,4.51436,-8.82316,,,,,,,,,,,,,,,,,,,,,,,,,,,,,,,,,,,,,,,,,,,,,,,,,,,High,High,High,,,,,
58,2025-10-21,15:36:11.85,2,3,"Benko, Troy",10267339,Right,MIA_RED,"Stillo, Sebastian",10320579,Left,ONT_BLU22,Undefined,3,Top,1,0,2,Fastball,Sinker,BallCalled,Undefined,Undefined,Undefined,0,0,,88.47371,-0.312595,-2.996154,2034.813541,245.735594,2:15,6.05007,1.02625,5.70976,-28.32813,7.73961,14.5691,3.39777,-0.55355,80.68009,-5.566329,-0.392837,0.432246,,,,,,,,,,,,-8.21449,4.38862,-0.78419,50,6.00645,6.0803,-128.32139,-1.69086,-13.66503,27.12758,-24.87342,MIA_RED,ONT_BLU22,McKieFieldStad,TeamExclusive,Team,20251021-McKieFieldStad-Private-1,339260b0-aeb5-11f0-89b2-a50c3c330392,87.20141,,,7.79362,,,,,,,a0ac1909-84c9-4024-895b-59f38feaa935,2025-10-21,19:36:11.85,2025-10-21T15:36:11.8530000-04:00,2025-10-21T19:36:11.8530000Z,,v3,471355,,,"Raether, Carson",1000338521,Right,MIA_RED,4ce3229a-a62b-4fc9-8dcc-a1692d1fa7e9,54.7872,-129.32946,13.56379,6.05211,-0.76656,-12.43671,-1.01957,6.58809,-6.83251,,,,,,,,,,,,,,,,,,,,,,,,,,,,,,,,,,,,,,,,,,,,,,,,,,,High,High,High,,,,,
59,2025-10-21,15:36:25.04,2,4,"Benko, Troy",10267339,Right,MIA_RED,"Stillo, Sebastian",10320579,Left,ONT_BLU22,Undefined,3,Top,1,1,2,ChangeUp,Changeup,StrikeCalled,Strikeout,Undefined,Undefined,0,0,,80.46968,0.862664,-2.926322,1865.386522,271.577757,3:00,5.74024,1.19225,5.40761,-43.35207,0.92205,20.53143,2.93693,0.1591,73.25535,-7.075599,0.724648,0.478902,,,,,,,,,,,,-11.1554,0.66622,-0.94639,50,5.78695,5.12083,-116.65159,0.25427,-15.2639,23.37292,-31.26245,MIA_RED,ONT_BLU22,McKieFieldStad,TeamExclusive,Team,20251021-McKieFieldStad-Private-1,3b721050-aeb5-11f0-89b2-a50c3c330392,78.70598,,,7.21432,,,,,,,a0ac1909-84c9-4024-895b-59f38feaa935,2025-10-21,19:36:25.04,2025-10-21T15:36:25.0490000-04:00,2025-10-21T19:36:25.0490000Z,,v3,471355,,,"Raether, Carson",1000338521,Right,MIA_RED,807cf448-bcf4-472b-9b46-112decb10bcb,55.09106,-117.66724,11.68646,5.74638,1.61275,-15.63123,-1.18332,5.78411,-7.63195,,,,,,,,,,,,,,,,,,,,,,,,,,,,,65.92201,2.136936,1.100339,1.036597,-0.94946,2.63517,-0.19236,-1.68952,5.7118,-0.54699,76.09448,4.52222,-48.68123,-1.66924,79.17792,-4.03178,5.73744,13.46579,-14.14712,-0.59143,-52.75493,6.1797,High,High,High,,,High,High,High
60,2025-10-21,15:36:48.03,3,1,"Benko, Troy",10267339,Right,MIA_RED,"Caminero, Christian",10285482,Right,ONT_BLU22,Undefined,3,Top,2,0,0,Slider,Slider,StrikeCalled,Undefined,Undefined,Undefined,0,0,,79.54425,-0.286781,-0.336805,2157.825799,153.564606,11:00,5.9327,0.9703,5.24152,-41.79376,3.95055,-1.16776,2.18036,0.55645,72.27485,-7.930269,-0.544213,0.486788,,,,,,,,,,,,0.47744,2.53819,-0.93845,50,5.87556,0.72583,-115.31346,-2.02224,0.63502,23.88046,-28.79804,MIA_RED,ONT_BLU22,McKieFieldStad,TeamExclusive,Team,20251021-McKieFieldStad-Private-1,4930bd90-aeb5-11f0-89b2-a50c3c330392,77.43089,,,7.2694,,,,,,,a0ac1909-84c9-4024-895b-59f38feaa935,2025-10-21,19:36:48.03,2025-10-21T15:36:48.0350000-04:00,2025-10-21T19:36:48.0350000Z,,v3,471355,,,"Raether, Carson",1000338521,Right,MIA_RED,fa3e55ec-de7f-4ba6-98ba-7aec04416ba4,55.25429,-116.39649,11.94023,5.93766,-0.71619,-14.39902,-0.97072,0.69703,0.31751,,,,,,,,,,,,,,,,,,,,,,,,,,,,,,,,,,,,,,,,,,,,,,,,,,,High,High,High,,,,,
61,2025-10-21,15:36:59.79,3,2,"Benko, Troy",10267339,Right,MIA_RED,"Caminero, Christian",10285482,Right,ONT_BLU22,Undefined,3,Top,2,0,1,Slider,Slider,FoulBallNotFieldable,Undefined,Undefined,Undefined,0,0,,80.49679,-0.585443,-1.106575,2043.602541,172.299281,11:45,5.97444,0.83008,5.34075,-40.21608,5.34591,-0.46299,2.07378,-0.2467,71.51764,-8.018792,-1.188935,0.485817,,,,,,,,,,,,-0.19425,3.4352,-0.72996,50,5.8935,2.26728,-116.37985,-2.55386,-0.25681,29.17223,-27.63262,MIA_RED,ONT_BLU22,McKieFieldStad,TeamExclusive,Team,20251021-McKieFieldStad-Private-1,502c75d0-aeb5-11f0-89b2-a50c3c330392,77.58566,,,8.97915,,,,,,,a0ac1909-84c9-4024-895b-59f38feaa935,2025-10-21,19:36:59.79,2025-10-21T15:36:59.7990000-04:00,2025-10-21T19:36:59.7990000Z,,v3,471355,,,"Raether, Carson",1000338521,Right,MIA_RED,05097e58-6608-4c6b-bca7-eb8dfbb58339,55.15171,-117.66411,14.58612,5.97916,-1.33738,-13.81631,-0.83003,2.27859,-0.12841,,,,,,,,,,,,,,,,,,,,,,,,,,,,,,,,,,,,,,,,,,,,,,,,,,,High,High,High,,,,,
62,2025-10-21,15:37:19.16,3,3,"Benko, Troy",10267339,Right,MIA_RED,"Caminero, Christian",10285482,Right,ONT_BLU22,Undefined,3,Top,2,0,2,Slider,Slider,BallCalled,Undefined,Undefined,Undefined,0,0,,79.6955,1.846089,-3.39765,2226.039944,159.492074,11:15,5.87288,1.063,5.2959,-38.07132,7.86445,-2.31473,4.43716,-2.32358,71.64246,-5.181717,-3.806879,0.487806,,,,,,,,,,,,0.03303,3.83008,-0.75197,50,6.01394,6.93483,-115.17995,2.44069,0.04359,24.83118,-27.11748,MIA_RED,ONT_BLU22,McKieFieldStad,TeamExclusive,Team,20251021-McKieFieldStad-Private-1,5bac2f90-aeb5-11f0-89b2-a50c3c330392,77.26937,,,8.05304,,,,,,,a0ac1909-84c9-4024-895b-59f38feaa935,2025-10-21,19:37:19.16,2025-10-21T15:37:19.1650000-04:00,2025-10-21T19:37:19.1650000Z,,v3,471355,,,"Raether, Carson",1000338521,Right,MIA_RED,2fa3ed01-17ce-4d9d-9625-777f02f01834,55.19738,-116.29504,12.41559,5.877,3.65844,-13.55874,-1.06334,6.93287,0.02179,,,,,,,,,,,,,,,,,,,,,,,,,,,,,,,,,,,,,,,,,,,,,,,,,,,High,High,High,,,,,
63,2025-10-21,15:37:33.76,3,4,"Benko, Troy",10267339,Right,MIA_RED,"Caminero, Christian",10285482,Right,ONT_BLU22,Undefined,3,Top,2,1,2,Fastball,Four-Seam,FoulBallNotFieldable,Undefined,Undefined,Undefined,0,0,,87.24907,-1.005959,-1.201028,2136.979551,214.348856,1:15,6.13371,0.7599,5.47928,-23.86741,13.67363,8.47052,3.20322,0.34184,79.22542,-5.460974,0.308042,0.440986,,,,,,,,,,,,-4.65937,7.57481,-0.66057,50,6.02954,2.28881,-126.55592,-3.02562,-7.495,27.79659,-19.98933,MIA_RED,ONT_BLU22,McKieFieldStad,TeamExclusive,Team,20251021-McKieFieldStad-Private-1,646157a0-aeb5-11f0-89b2-a50c3c330392,85.47313,,,8.02365,,,,,,,a0ac1909-84c9-4024-895b-59f38feaa935,2025-10-21,19:37:33.76,2025-10-21T15:37:33.7640000-04:00,2025-10-21T19:37:33.7640000Z,,v3,471355,,,"Raether, Carson",1000338521,Right,MIA_RED,cb78f866-f810-4c13-a16c-cadae5c6c2ab,55.01786,-127.65328,13.8983,6.13341,-2.23648,-9.99466,-0.75677,2.5847,-3.7475,,,,,,,,,,,,,,,,,,,,,,,,,,,,,,,,,,,,,,,,,,,,,,,,,,,High,High,High,,,,,
64,2025-10-21,15:37:50.66,3,5,"Benko, Troy",10267339,Right,MIA_RED,"Caminero, Christian",10285482,Right,ONT_BLU22,Undefined,3,Top,2,1,2,Fastball,Sinker,BallCalled,Undefined,Undefined,Undefined,0,0,,88.04535,0.735388,-2.36223,2188.192351,235.954083,1:45,6.12097,0.9684,5.64593,-24.83427,11.74497,15.58828,4.73801,0.06278,79.91497,-3.908444,0.42021,0.4353,,,,,,,,,,,,-8.54304,6.09866,-0.77782,50,6.1678,4.58205,-127.69745,0.80536,-14.03452,27.54692,-22.15513,MIA_RED,ONT_BLU22,McKieFieldStad,TeamExclusive,Team,20251021-McKieFieldStad-Private-1,6e883820-aeb5-11f0-89b2-a50c3c330392,86.58957,,,8.13038,,,,,,,a0ac1909-84c9-4024-895b-59f38feaa935,2025-10-21,19:37:50.66,2025-10-21T15:37:50.6600000-04:00,2025-10-21T19:37:50.6600000Z,,v3,471355,,,"Raether, Carson",1000338521,Right,MIA_RED,a18613df-8840-4129-8654-479ce8c63704,54.85028,-128.7395,13.77346,6.12148,1.64345,-11.07757,-0.96119,5.11295,-7.01726,,,,,,,,,,,,,,,,,,,,,,,,,,,,,,,,,,,,,,,,,,,,,,,,,,,High,High,High,,,,,
65,2025-10-21,15:38:07.16,3,6,"Benko, Troy",10267339,Right,MIA_RED,"Caminero, Christian",10285482,Right,ONT_BLU22,Undefined,3,Top,2,2,2,Slider,Slider,BallCalled,Undefined,Undefined,Undefined,0,0,,79.41997,-0.008418,-2.827418,2200.21051,111.749998,9:45,5.91553,0.94917,5.20219,-42.50006,3.68886,-5.12752,2.36594,-2.13948,72.00158,-7.769978,-3.734739,0.489148,,,,,,,,,,,,1.64126,2.3413,-0.68323,50,5.8831,5.88966,-114.951,-1.49282,2.16357,24.25014,-29.08765,MIA_RED,ONT_BLU22,McKieFieldStad,TeamExclusive,Team,20251021-McKieFieldStad-Private-1,786b7ff0-aeb5-11f0-89b2-a50c3c330392,77.05732,,,7.41839,,,,,,,a0ac1909-84c9-4024-895b-59f38feaa935,2025-10-21,19:38:07.16,2025-10-21T15:38:07.1610000-04:00,2025-10-21T19:38:07.1610000Z,,v3,471355,,,"Raether, Carson",1000338521,Right,MIA_RED,16ba41ab-7731-49c7-9f9f-150bb7c996ec,55.29295,-116.06224,12.12507,5.92097,-0.15992,-14.54383,-0.95085,5.79051,1.08178,,,,,,,,,,,,,,,,,,,,,,,,,,,,,,,,,,,,,,,,,,,,,,,,,,,High,High,High,,,,,
66,2025-10-21,15:38:24.38,3,7,"Benko, Troy",10267339,Right,MIA_RED,"Caminero, Christian",10285482,Right,ONT_BLU22,Undefined,3,Top,2,3,2,Fastball,Sinker,InPlay,Undefined,GroundBall,Out,1,0,,86.34655,-1.351864,-2.430084,2232.034349,232.170859,1:45,5.99065,0.95654,5.79428,-26.23997,11.54839,13.26123,2.54516,-0.2001,78.74808,-6.244392,-0.054808,0.442436,75.12204,-21.655669,-31.055469,,,,,7.70369,7.28723,-23.863098,0.062505,-7.50256,6.65504,-0.76477,50,5.86373,4.77276,-125.27118,-3.81076,-11.86778,26.38265,-21.64691,MIA_RED,ONT_BLU22,McKieFieldStad,TeamExclusive,Team,20251021-McKieFieldStad-Private-1,82ac9f30-aeb5-11f0-89b2-a50c3c330392,85.19299,2.54936,,7.59847,,,,1.54472,2.54936,0.19569,a0ac1909-84c9-4024-895b-59f38feaa935,2025-10-21,19:38:24.38,2025-10-21T15:38:24.3870000-04:00,2025-10-21T19:38:24.3870000Z,GroundBall,v3,471355,,,"Raether, Carson",1000338521,Right,MIA_RED,ae543f9b-0d02-4e23-996e-0255a2e15e0e,54.70367,-126.2579,13.19133,5.99112,-3.00115,-10.82346,-0.95157,5.21662,-5.93389,180,1.54195,88.00037,,,,,,,,2.55065,-40.7868,,,,,,,,0.19736,-52.99198,,,,,,,,,,,,,,,,,,,,,,,,,,,,,,High,High,High,High,High,,,
67,2025-10-21,15:40:21.53,1,1,"Greaves, Korbin",10909095,Left,ONT_BLU22,"Dierks, Marcus",10322729,Left,MIA_RED,Undefined,3,Bottom,0,0,0,Fastball,Sinker,StrikeCalled,Undefined,Undefined,Undefined,0,0,,85.71489,-1.242038,4.046611,1940.728493,126.196938,10:15,5.42654,-1.80525,5.79338,-24.88367,13.54548,-16.75851,2.19451,0.56857,78.08533,-5.898134,1.052487,0.446171,,,,,,,,,,,,9.64371,7.64272,1.48174,50,5.30931,-8.07956,-124.15397,-3.4848,15.00965,25.5155,-20.27878,MIA_RED,ONT_BLU22,McKieFieldStad,TeamExclusive,Team,20251021-McKieFieldStad-Private-1,c8682f30-aeb5-11f0-89b2-a50c3c330392,84.47973,,,7.62956,,,,,,,a0ac1909-84c9-4024-895b-59f38feaa935,2025-10-21,19:40:21.53,2025-10-21T15:40:21.5360000-04:00,2025-10-21T19:40:21.5360000Z,,v3,471355,,,"Chwedchuk, Justin",10292277,Right,ONT_BLU22,52db95dd-da58-47d0-a839-864928d82c58,54.70317,-125.11681,12.75775,5.42638,-2.71957,-10.13939,1.79731,-8.64596,7.50483,,,,,,,,,,,,,,,,,,,,,,,,,,,,,,,,,,,,,,,,,,,,,,,,,,,High,High,High,,,,,
68,2025-10-21,15:40:33.71,1,2,"Greaves, Korbin",10909095,Left,ONT_BLU22,"Dierks, Marcus",10322729,Left,MIA_RED,Undefined,3,Bottom,0,0,1,Fastball,Sinker,InPlay,Undefined,FlyBall,Out,1,0,,86.91534,-0.378057,3.314511,2179.673153,125.965582,10:15,5.55671,-1.87241,5.60706,-25.07053,12.64375,-15.64835,3.11401,-0.0791,78.82161,-5.063356,0.525767,0.442002,80.58575,40.806064,-6.227576,,108.65269,79.77209,-17.16309,286.00294,284.95078,-12.766615,4.932823,8.93335,6.89099,1.59918,50,5.50836,-6.62641,-125.95088,-1.66408,14.24346,27.35749,-21.18694,MIA_RED,ONT_BLU22,McKieFieldStad,TeamExclusive,Team,20251021-McKieFieldStad-Private-1,cfc2f760-aeb5-11f0-89b2-a50c3c330392,85.27662,90.01776,,8.09372,,,,1.05703,3.06159,0.06294,a0ac1909-84c9-4024-895b-59f38feaa935,2025-10-21,19:40:33.71,2025-10-21T15:40:33.7140000-04:00,2025-10-21T19:40:33.7140000Z,FlyBall,v3,471355,,,"Chwedchuk, Justin",10292277,Right,ONT_BLU22,9667d6b1-bea1-48f9-9fa0-d746a1ce80f6,54.89028,-127.00864,13.67874,5.55686,-0.8449,-10.59347,1.86604,-7.17713,7.12173,165.075432,1.06016,88.8731,-17.34784,4.34701,-0.62057,0.00437,0.01467,-0.00208,9E-05,3.06098,77.23877,-18.95052,0.81653,0.11598,-0.1174,0.03713,-0.00545,0.0003,0.06332,-9.71263,-1.33937,0.22905,-0.00446,-0.00948,0.0022,-0.00018,0,,,,,,,,,,,,,,,,,,,,,,,High,High,High,High,Medium,,,
69,2025-10-21,15:41:02.77,2,1,"Greaves, Korbin",10909095,Left,ONT_BLU22,"Phillips, Drew",1000194003,Right,MIA_RED,Undefined,3,Bottom,1,0,0,Fastball,Changeup,BallCalled,Undefined,Undefined,Undefined,0,0,,87.04088,-1.649931,2.847013,2049.877915,112.920156,9:45,5.30359,-2.07719,5.64296,-27.85679,9.39851,-19.42903,1.4408,-1.03837,79.78094,-6.799199,-0.623618,0.439304,,,,,,,,,,,,10.62823,5.58524,1.84793,50,5.14568,-5.45185,-126.26701,-4.59919,17.17108,25.53388,-23.15052,MIA_RED,ONT_BLU22,McKieFieldStad,TeamExclusive,Team,20251021-McKieFieldStad-Private-1,e127f050-aeb5-11f0-89b2-a50c3c330392,85.8003,,,7.25994,,,,,,,a0ac1909-84c9-4024-895b-59f38feaa935,2025-10-21,19:41:02.77,2025-10-21T15:41:02.7720000-04:00,2025-10-21T19:41:02.7720000Z,,v3,471355,,,"Chwedchuk, Justin",10292277,Right,ONT_BLU22,e4b9694c-a2b0-4d25-9af1-2c0b59c592a8,54.85569,-127.24514,12.76694,5.30487,-3.71236,-11.57526,2.06937,-6.10963,8.58554,,,,,,,,,,,,,,,,,,,,,,,,,,,,,,,,,,,,,,,,,,,,,,,,,,,High,High,High,,,,,
70,2025-10-21,15:41:17.69,2,2,"Greaves, Korbin",10909095,Left,ONT_BLU22,"Phillips, Drew",1000194003,Right,MIA_RED,Undefined,3,Bottom,1,1,0,Fastball,Changeup,FoulBallNotFieldable,Undefined,Undefined,Undefined,0,0,,86.22545,-0.912483,4.108787,1792.413728,117.748088,10:00,5.31616,-2.04163,5.77359,-26.58832,11.10158,-18.90076,2.24911,0.21323,79.16339,-5.851155,0.732753,0.441859,64.94215,28.008246,152.442181,3510.633496,,,,,42.64848,,,10.7576,6.24855,1.71348,50,5.22448,-8.21075,-125.03925,-2.86969,17.11677,24.02834,-22.23177,MIA_RED,ONT_BLU22,McKieFieldStad,TeamExclusive,Team,20251021-McKieFieldStad-Private-1,e9dace70-aeb5-11f0-89b2-a50c3c330392,85.30418,19.29178,,7.06207,,,,0.81541,2.16636,-0.24649,a0ac1909-84c9-4024-895b-59f38feaa935,2025-10-21,19:41:17.69,2025-10-21T15:41:17.6940000-04:00,2025-10-21T19:41:17.6940000Z,,v3,471355,,,"Chwedchuk, Justin",10292277,Right,ONT_BLU22,252f69e7-97ac-4c40-930b-80158e5b339f,54.72613,-125.94418,12.01417,5.31679,-2.03242,-11.11588,2.03484,-8.85538,8.55838,325.768177,0.81541,-74.55205,3.68562,0.59682,-0.17779,0.07079,-0.01941,0.00902,-0.00342,2.16636,44.72849,-25.44612,2.84284,-0.57935,0.11527,-0.01583,0.00155,0.00049,-0.24649,38.90501,-6.78554,0.75107,-0.14001,0.0076,0.00197,-0.00228,0.00122,,,,,,,,,,,,,,,,,,,,,,,High,High,High,High,Undefined,,,
71,2025-10-21,15:41:33.92,2,3,"Greaves, Korbin",10909095,Left,ONT_BLU22,"Phillips, Drew",1000194003,Right,MIA_RED,Undefined,3,Bottom,1,1,1,Curveball,Curveball,BallCalled,Undefined,Undefined,Undefined,0,0,,76.07924,0.111832,3.225808,2318.952072,323.546013,4:45,5.1315,-2.27416,5.13529,-56.9557,-7.11886,6.39485,0.49068,1.29961,70.28025,-10.130376,4.357216,0.508097,,,,,,,,,,,,-2.28634,-3.19142,1.96626,50,5.09746,-6.46324,-110.30452,-1.7444,-2.80927,20.11349,-36.09542,MIA_RED,ONT_BLU22,McKieFieldStad,TeamExclusive,Team,20251021-McKieFieldStad-Private-1,f3a6bdb0-aeb5-11f0-89b2-a50c3c330392,74.18355,,,5.79899,,,,,,,a0ac1909-84c9-4024-895b-59f38feaa935,2025-10-21,19:41:33.92,2025-10-21T15:41:33.9250000-04:00,2025-10-21T19:41:33.9250000Z,,v3,471355,,,"Chwedchuk, Justin",10292277,Right,ONT_BLU22,1698939f-6727-4f7e-9347-f01da78cbc91,55.3656,-111.27861,10.05675,5.13962,0.00369,-18.04771,2.27598,-6.32719,-1.40463,,,,,,,,,,,,,,,,,,,,,,,,,,,,,,,,,,,,,,,,,,,,,,,,,,,High,High,High,,,,,
72,2025-10-21,15:42:03.04,2,4,"Greaves, Korbin",10909095,Left,ONT_BLU22,"Phillips, Drew",1000194003,Right,MIA_RED,Undefined,3,Bottom,1,2,1,Fastball,Sinker,InPlay,Undefined,FlyBall,HomeRun,0,1,,86.52762,-1.536363,3.599039,1904.170421,128.061275,10:15,5.44608,-2.12475,5.53295,-24.58336,13.4795,-15.59422,1.9582,-0.05571,78.85943,-6.112393,0.824139,0.44404,101.08474,26.206373,-2.866291,1958.136074,109.81827,50.1359,-6.31393,429.42644,425.8492,-3.034895,4.983019,8.93874,7.62689,1.82279,50,5.2963,-7.22054,-125.3481,-4.18802,14.17381,26.13408,-20.0804,MIA_RED,ONT_BLU22,McKieFieldStad,TeamExclusive,Team,20251021-McKieFieldStad-Private-1,050b8f90-aeb6-11f0-89b2-a50c3c330392,84.88524,76.83283,,7.66818,,,,1.17752,1.99011,0.04628,a0ac1909-84c9-4024-895b-59f38feaa935,2025-10-21,19:42:03.04,2025-10-21T15:42:03.0440000-04:00,2025-10-21T19:42:03.0440000Z,FlyBall,v3,471355,,,"Chwedchuk, Justin",10292277,Right,ONT_BLU22,9c0f49f9-7a69-4f4c-bba8-3fdfcc86d145,54.96499,-126.37903,13.06704,5.44588,-3.3959,-10.0402,2.11865,-7.77966,7.0869,171.119736,1.18187,132.75875,-21.10515,4.33124,-0.46333,-0.06102,0.02948,-0.00375,0.00016,1.98709,65.52968,-15.4151,0.6211,-0.12286,0.01687,0.00687,-0.00216,0.00016,0.04661,-6.65987,-0.68681,0.72226,-0.2124,0.04029,-0.00557,0.00051,-2E-05,,,,,,,,,,,,,,,,,,,,,,,High,High,High,High,High,,,
73,2025-10-21,15:42:47.20,3,1,"Greaves, Korbin",10909095,Left,ONT_BLU22,"Raether, Carson",1000338521,Left,MIA_RED,Undefined,3,Bottom,1,0,0,Fastball,Sinker,BallCalled,Undefined,Undefined,Undefined,0,0,,86.78829,-2.210519,4.20563,1987.716521,138.648225,10:30,5.48059,-1.7816,5.72118,-20.30253,17.5284,-14.25414,1.72315,0.95491,78.66837,-6.047579,1.664115,0.442685,,,,,,,,,,,,8.48343,9.95859,1.4386,50,5.28308,-8.62211,-125.53272,-5.47006,13.42843,27.31654,-16.41061,MIA_RED,ONT_BLU22,McKieFieldStad,TeamExclusive,Team,20251021-McKieFieldStad-Private-1,1f3a9820-aeb6-11f0-89b2-a50c3c330392,85.14503,,,8.11992,,,,,,,a0ac1909-84c9-4024-895b-59f38feaa935,2025-10-21,19:42:47.20,2025-10-21T15:42:47.2060000-04:00,2025-10-21T19:42:47.2060000Z,,v3,471355,,,"Chwedchuk, Justin",10292277,Right,ONT_BLU22,77669cb2-b229-41de-823e-785bb5ddb354,54.77466,-126.56744,13.65827,5.47851,-4.84844,-8.2053,1.77483,-9.13077,6.71421,,,,,,,,,,,,,,,,,,,,,,,,,,,,,,,,,,,,,,,,,,,,,,,,,,,High,High,High,,,,,
74,2025-10-21,15:43:01.78,3,2,"Greaves, Korbin",10909095,Left,ONT_BLU22,"Raether, Carson",1000338521,Left,MIA_RED,Undefined,3,Bottom,1,1,0,Fastball,Changeup,BallCalled,Undefined,Undefined,Undefined,0,0,,85.17809,-1.211158,5.308623,2222.756814,125.198674,10:15,5.48844,-1.81718,5.67629,-23.64466,15.93914,-20.53186,2.38395,1.43489,76.74795,-5.66739,1.658481,0.452825,,,,,,,,,,,,11.9691,8.86874,1.38114,50,5.37132,-10.54627,-123.01376,-3.33895,18.11864,27.15643,-18.74869,MIA_RED,ONT_BLU22,McKieFieldStad,TeamExclusive,Team,20251021-McKieFieldStad-Private-1,27cfb510-aeb6-11f0-89b2-a50c3c330392,83.23849,,,8.43014,,,,,,,a0ac1909-84c9-4024-895b-59f38feaa935,2025-10-21,19:43:01.78,2025-10-21T15:43:01.7820000-04:00,2025-10-21T19:43:01.7820000Z,,v3,471355,,,"Chwedchuk, Justin",10292277,Right,ONT_BLU22,abfee26e-7844-4d89-9a86-a628b386b540,54.81883,-124.07301,13.57822,5.48729,-2.60765,-9.37435,1.80628,-11.25299,9.05932,,,,,,,,,,,,,,,,,,,,,,,,,,,,,,,,,,,,,,,,,,,,,,,,,,,High,High,High,,,,,
75,2025-10-21,15:43:17.03,3,3,"Greaves, Korbin",10909095,Left,ONT_BLU22,"Raether, Carson",1000338521,Left,MIA_RED,Undefined,3,Bottom,1,2,0,Fastball,Changeup,StrikeSwinging,Undefined,Undefined,Undefined,0,0,,84.77532,-1.43566,3.904137,2061.225777,114.2927,9:45,5.28964,-1.9993,5.78634,-29.83824,9.43607,-18.02379,1.46413,0.13639,77.4038,-6.970224,0.681336,0.451051,,,,,,,,,,,,10.2893,5.61662,1.6881,50,5.15325,-7.64443,-122.83194,-4.06273,15.67296,25.00756,-23.61864,MIA_RED,ONT_BLU22,McKieFieldStad,TeamExclusive,Team,20251021-McKieFieldStad-Private-1,3101fc60-aeb6-11f0-89b2-a50c3c330392,83.56581,,,7.37151,,,,,,,a0ac1909-84c9-4024-895b-59f38feaa935,2025-10-21,19:43:17.03,2025-10-21T15:43:17.0370000-04:00,2025-10-21T19:43:17.0370000Z,,v3,471355,,,"Chwedchuk, Justin",10292277,Right,ONT_BLU22,d687aaec-be36-4591-b493-a0173e44732f,54.71154,-123.78745,12.50378,5.29125,-3.16029,-11.80932,1.99163,-8.24328,7.83648,,,,,,,,,,,,,,,,,,,,,,,,,,,,,,,,,,,,,,,,,,,,,,,,,,,High,High,High,,,,,
76,2025-10-21,15:43:34.50,3,4,"Greaves, Korbin",10909095,Left,ONT_BLU22,"Raether, Carson",1000338521,Left,MIA_RED,Undefined,3,Bottom,1,2,1,Slider,Curveball,BallCalled,Undefined,Undefined,Undefined,0,0,,74.2758,-1.547068,6.314862,2218.907027,321.553439,4:45,4.96404,-2.09367,5.14049,-53.71798,-0.36138,1.75693,-0.97839,4.02288,68.0976,-11.184239,6.623273,0.525733,,,,,,,,,,,,1.13126,0.64614,1.49847,50,4.77634,-11.90846,-107.03227,-4.64653,1.29349,20.94467,-31.43525,MIA_RED,ONT_BLU22,McKieFieldStad,TeamExclusive,Team,20251021-McKieFieldStad-Private-1,3b6d38e0-aeb6-11f0-89b2-a50c3c330392,71.69498,,,6.1782,,,,,,,a0ac1909-84c9-4024-895b-59f38feaa935,2025-10-21,19:43:34.50,2025-10-21T15:43:34.5090000-04:00,2025-10-21T19:43:34.5090000Z,,v3,471355,,,"Chwedchuk, Justin",10292277,Right,ONT_BLU22,5dd24c36-e47d-491b-8528-36f557218ede,55.35962,-108.07598,10.47233,4.96886,-3.08005,-15.71763,2.0935,-11.97291,0.64675,,,,,,,,,,,,,,,,,,,,,,,,,,,,,,,,,,,,,,,,,,,,,,,,,,,High,High,High,,,,,
77,2025-10-21,15:43:50.58,3,5,"Greaves, Korbin",10909095,Left,ONT_BLU22,"Raether, Carson",1000338521,Left,MIA_RED,Undefined,3,Bottom,1,3,1,Fastball,Sinker,InPlay,Undefined,GroundBall,Out,1,0,,86.59126,-1.297245,3.566014,1935.024693,131.881985,10:30,5.3039,-1.83303,5.75982,-23.79108,13.95442,-14.13828,2.11133,0.31221,78.7438,-5.756225,1.039952,0.442185,84.77366,-11.872661,38.835615,,,,,12.92381,12.92381,29.902492,0.087933,8.31193,7.87122,1.54625,50,5.18192,-7.2402,-125.48265,-3.60372,13.1734,26.81345,-19.69913,MIA_RED,ONT_BLU22,McKieFieldStad,TeamExclusive,Team,20251021-McKieFieldStad-Private-1,44fdccd0-aeb6-11f0-89b2-a50c3c330392,85.24135,2.2539,,7.84745,,,,2.8523,2.2539,-0.2801,a0ac1909-84c9-4024-895b-59f38feaa935,2025-10-21,19:43:50.58,2025-10-21T15:43:50.5820000-04:00,2025-10-21T19:43:50.5820000Z,GroundBall,v3,471355,,,"Chwedchuk, Justin",10292277,Right,ONT_BLU22,481d03e5-cba0-4e7f-b160-f881a6d0193c,54.73846,-126.49112,13.40672,5.30353,-2.86282,-9.84956,1.82788,-7.73566,6.5867,,2.84959,94.97003,,,,,,,,2.25464,-25.632,,,,,,,,-0.28229,76.45511,,,,,,,,,,,,,,,,,,,,,,,,,,,,,,High,High,High,Estimated,Estimated,,,
78,2025-10-21,15:44:26.80,4,1,"Greaves, Korbin",10909095,Left,ONT_BLU22,"Harrison, Tommy",811731,Left,MIA_RED,Undefined,3,Bottom,2,0,0,Fastball,Changeup,BallCalled,Undefined,Undefined,Undefined,0,0,,85.12324,-2.567733,5.331002,2006.533489,130.465697,10:15,5.43886,-1.78068,5.54711,-25.4347,13.9967,-14.87698,0.90776,1.97572,77.83577,-7.281376,2.692798,0.451952,,,,,,,,,,,,8.96481,8.178,1.32796,50,5.19887,-10.84249,-122.96277,-6.37223,13.72897,24.32325,-19.65001,MIA_RED,ONT_BLU22,McKieFieldStad,TeamExclusive,Team,20251021-McKieFieldStad-Private-1,5a8e6e10-aeb6-11f0-89b2-a50c3c330392,83.39915,,,7.28747,,,,,,,a0ac1909-84c9-4024-895b-59f38feaa935,2025-10-21,19:44:26.80,2025-10-21T15:44:26.8040000-04:00,2025-10-21T19:44:26.8040000Z,,v3,471355,,,"Chwedchuk, Justin",10292277,Right,ONT_BLU22,7a4d99c4-25eb-4da2-84af-96932bb57168,54.94979,-123.93802,12.16163,5.43858,-5.58436,-9.82501,1.77372,-11.39295,6.86448,,,,,,,,,,,,,,,,,,,,,,,,,,,,,,,,,,,,,,,,,,,,,,,,,,,High,High,High,,,,,
79,2025-10-21,15:44:42.35,4,2,"Greaves, Korbin",10909095,Left,ONT_BLU22,"Harrison, Tommy",811731,Left,MIA_RED,Undefined,3,Bottom,2,1,0,Curveball,Curveball,StrikeCalled,Undefined,Undefined,Undefined,0,0,,74.96902,2.042593,1.190631,2176.171475,335.020025,5:15,5.00678,-2.26738,5.45024,-58.92834,-8.19229,4.56941,2.00953,-0.7718,68.74364,-8.680081,2.004826,0.51266,,,,,,,,,,,,-1.94721,-4.19953,2.15909,50,5.1466,-2.43411,-108.79674,1.9362,-2.32307,19.91654,-37.18415,MIA_RED,ONT_BLU22,McKieFieldStad,TeamExclusive,Team,20251021-McKieFieldStad-Private-1,63c8f2c0-aeb6-11f0-89b2-a50c3c330392,73.52321,,,6.22539,,,,,,,a0ac1909-84c9-4024-895b-59f38feaa935,2025-10-21,19:44:42.35,2025-10-21T15:44:42.3510000-04:00,2025-10-21T19:44:42.3510000Z,,v3,471355,,,"Chwedchuk, Justin",10292277,Right,ONT_BLU22,6b2f54f0-676a-4f39-87dd-64906a2fe53f,55.0497,-109.71725,9.95827,5.0174,3.6548,-18.59208,2.26911,-2.32675,-1.16154,,,,,,,,,,,,,,,,,,,,,,,,,,,,,,,,,,,,,,,,,,,,,,,,,,,High,High,High,,,,,
80,2025-10-21,15:45:02.48,4,3,"Greaves, Korbin",10909095,Left,ONT_BLU22,"Harrison, Tommy",811731,Left,MIA_RED,Undefined,3,Bottom,2,1,1,Curveball,Curveball,FoulBallNotFieldable,Undefined,Undefined,Undefined,0,0,,75.07084,2.000527,2.764106,2307.79189,323.764134,4:45,4.94048,-2.3136,5.30824,-57.20735,-6.44989,5.8602,2.05395,0.7713,69.11119,-8.366927,3.803065,0.512768,,,,,,,,,,,,-2.18319,-3.39823,2.05817,50,5.08016,-5.47591,-108.872,1.9104,-2.61931,19.18705,-36.2511,MIA_RED,ONT_BLU22,McKieFieldStad,TeamExclusive,Team,20251021-McKieFieldStad-Private-1,6fe00a80-aeb6-11f0-89b2-a50c3c330392,73.50772,,,5.95964,,,,,,,a0ac1909-84c9-4024-895b-59f38feaa935,2025-10-21,19:45:02.48,2025-10-21T15:45:02.4870000-04:00,2025-10-21T19:45:02.4870000Z,,v3,471355,,,"Chwedchuk, Justin",10292277,Right,ONT_BLU22,60c4a619-7d16-4a4d-bb07-967e943af24d,55.19269,-109.78332,9.59352,4.94853,3.6322,-18.12555,2.31531,-5.3515,-1.30966,,,,,,,,,,,,,,,,,,,,,,,,,,,,,,,,,,,,,,,,,,,,,,,,,,,High,High,High,,,,,
81,2025-10-21,15:45:35.36,4,4,"Greaves, Korbin",10909095,Left,ONT_BLU22,"Harrison, Tommy",811731,Left,MIA_RED,Undefined,3,Bottom,2,1,2,Fastball,Sinker,BallCalled,Undefined,Undefined,Undefined,0,0,,87.78619,-3.005693,5.479125,2004.264513,136.365395,10:30,5.60567,-1.76091,5.9295,-22.90281,13.41202,-11.72768,0.89302,2.36091,80.88104,-7.264386,3.386184,0.433724,,,,,,,,,,,,7.42087,7.9978,1.32858,50,5.35124,-11.69308,-126.90805,-7.41947,12.19387,24.1348,-19.03221,MIA_RED,ONT_BLU22,McKieFieldStad,TeamExclusive,Team,20251021-McKieFieldStad-Private-1,836a7b80-aeb6-11f0-89b2-a50c3c330392,86.90424,,,6.90516,,,,,,,a0ac1909-84c9-4024-895b-59f38feaa935,2025-10-21,19:45:35.36,2025-10-21T15:45:35.3610000-04:00,2025-10-21T19:45:35.3610000Z,,v3,471355,,,"Chwedchuk, Justin",10292277,Right,ONT_BLU22,1a66de7f-1c0f-419c-9fee-46187c6a8dc4,54.5689,-127.77398,12.0674,5.6052,-6.7366,-9.51611,1.75597,-12.13059,6.09694,,,,,,,,,,,,,,,,,,,,,,,,,,,,,,,,,,,,,,,,,,,,,,,,,,,High,High,High,,,,,
82,2025-10-21,15:45:55.80,4,5,"Greaves, Korbin",10909095,Left,ONT_BLU22,"Harrison, Tommy",811731,Left,MIA_RED,Undefined,3,Bottom,2,2,2,Curveball,Curveball,FoulBallNotFieldable,Undefined,Undefined,Undefined,0,0,,74.79191,1.410929,1.508965,2238.353161,345.44366,5:30,5.06605,-2.25833,5.43394,-57.32015,-5.87528,1.98878,1.61138,-0.67919,68.07107,-9.04295,1.863318,0.516229,68.93594,-39.447826,98.649738,,,,,3.75359,2.94649,52.589753,0.033126,-0.52504,-2.95583,2.12328,50,5.15109,-2.93089,-108.45006,0.81295,-0.61647,21.46309,-35.64467,MIA_RED,ONT_BLU22,McKieFieldStad,TeamExclusive,Team,20251021-McKieFieldStad-Private-1,8fa82e10-aeb6-11f0-89b2-a50c3c330392,73.01496,2.1349,,6.72084,,,,2.67059,2.1349,0.41636,a0ac1909-84c9-4024-895b-59f38feaa935,2025-10-21,19:45:55.80,2025-10-21T15:45:55.8050000-04:00,2025-10-21T19:45:55.8050000Z,GroundBall,v3,471355,,,"Chwedchuk, Justin",10292277,Right,ONT_BLU22,3927b9ce-89d2-473e-be64-98449809cac4,55.06513,-109.4479,10.73155,5.07478,2.47011,-17.82234,2.25887,-2.90223,-0.30823,,2.6708,-11.7798,,,,,,,,2.13601,-64.44763,,,,,,,,0.41503,77.43557,,,,,,,,,,,,,,,,,,,,,,,,,,,,,,High,High,High,Low,Low,,,
83,2025-10-21,15:46:18.85,4,6,"Greaves, Korbin",10909095,Left,ONT_BLU22,"Harrison, Tommy",811731,Left,MIA_RED,Undefined,3,Bottom,2,2,2,Fastball,Changeup,BallCalled,Undefined,Undefined,Undefined,0,0,,86.34003,-0.946054,5.135757,1925.740801,131.255373,10:30,5.67627,-1.66226,6.1044,-24.03222,12.77666,-13.42473,2.79511,1.98109,80.1058,-5.423969,2.730502,0.436664,,,,,,,,,,,,8.09666,7.13622,1.27356,50,5.59046,-10.7251,-125.19085,-2.81242,13.07557,21.10816,-20.64953,MIA_RED,ONT_BLU22,McKieFieldStad,TeamExclusive,Team,20251021-McKieFieldStad-Private-1,9d4aeee0-aeb6-11f0-89b2-a50c3c330392,86.31904,,,6.23423,,,,,,,a0ac1909-84c9-4024-895b-59f38feaa935,2025-10-21,19:46:18.85,2025-10-21T15:46:18.8510000-04:00,2025-10-21T19:46:18.8510000Z,,v3,471355,,,"Chwedchuk, Justin",10292277,Right,ONT_BLU22,a032755e-c717-4ad1-852b-f572a2200e45,54.39509,-125.92971,10.55408,5.67625,-2.08961,-10.32477,1.65699,-11.1828,6.53779,,,,,,,,,,,,,,,,,,,,,,,,,,,,,,,,,,,,,,,,,,,,,,,,,,,High,High,High,,,,,
84,2025-10-21,15:46:36.05,4,7,"Greaves, Korbin",10909095,Left,ONT_BLU22,"Harrison, Tommy",811731,Left,MIA_RED,Undefined,3,Bottom,2,3,2,Fastball,Sinker,InPlay,Undefined,Popup,Out,1,0,,86.25542,-0.417291,2.532918,2002.900849,125.43592,10:15,5.29092,-2.0595,5.60729,-25.40734,12.42918,-15.83556,2.78374,-1.01329,79.10521,-5.139251,-0.29237,0.442718,55.53949,62.173086,16.883351,,,,,120.69568,115.35284,19.431354,4.285107,8.74524,6.76044,1.8535,50,5.23885,-4.881,-125.23212,-1.76007,13.93797,24.43978,-21.39941,MIA_RED,ONT_BLU22,McKieFieldStad,TeamExclusive,Team,20251021-McKieFieldStad-Private-1,a7a4c640-aeb6-11f0-89b2-a50c3c330392,85.13872,72.96676,,7.15021,,,,1.83793,2.79323,0.98855,a0ac1909-84c9-4024-895b-59f38feaa935,2025-10-21,19:46:36.05,2025-10-21T15:46:36.0580000-04:00,2025-10-21T19:46:36.0580000Z,Popup,v3,471355,,,"Chwedchuk, Justin",10292277,Right,ONT_BLU22,4cf98680-862f-438f-83f6-e224885a6add,54.89184,-126.18318,12.21989,5.29114,-0.92732,-10.69971,2.05399,-5.42339,6.96899,193.065455,1.8264,36.68524,-9.14592,5.55252,-3.31204,1.39821,-0.33932,0.04231,-0.0021,2.78624,72.25108,-22.53875,4.63705,-3.31347,1.76192,-0.52477,0.07852,-0.00463,0.99352,10.91157,0.65511,-1.72593,1.45177,-0.70818,0.19291,-0.02702,0.00152,,,,,,,,,,,,,,,,,,,,,,,High,High,High,High,Medium,,,
85,2025-10-21,15:49:12.91,1,1,"Gay, Alex",813960,Right,MIA_RED,"Vickers, Julien",10285008,Right,ONT_BLU22,Undefined,4,Top,0,0,0,Fastball,Four-Seam,StrikeSwinging,Undefined,Undefined,Undefined,0,0,,90.36128,-3.748547,-1.470406,2047.381454,198.027622,12:30,6.57321,0.60891,5.73243,-18.05426,16.25383,4.95217,1.57172,-0.34802,83.34328,-7.118091,-0.583987,0.42157,,,,,,,,,,,,-2.90154,9.56812,-0.48947,50,6.24931,3.14998,-131.03426,-9.16683,-5.08228,25.75807,-15.41475,MIA_RED,ONT_BLU22,McKieFieldStad,TeamExclusive,Team,20251021-McKieFieldStad-Private-1,051a8e40-aeb7-11f0-89b2-a50c3c330392,89.40966,,,7.01801,,,,,,,a0ac1909-84c9-4024-895b-59f38feaa935,2025-10-21,19:49:12.91,2025-10-21T15:49:12.9130000-04:00,2025-10-21T19:49:12.9130000Z,,v3,471355,,,"Raether, Carson",1000338521,Right,MIA_RED,8a508e22-59d4-40f0-bbfe-924a60985f99,54.76551,-131.96771,12.87904,6.57138,-8.60821,-7.70738,-0.60696,3.33416,-2.54114,,,,,,,,,,,,,,,,,,,,,,,,,,,,,,,,,,,,,,,,,,,,,,,,,,,High,High,High,,,,,
86,2025-10-21,15:49:29.38,1,2,"Gay, Alex",813960,Right,MIA_RED,"Vickers, Julien",10285008,Right,ONT_BLU22,Undefined,4,Top,0,0,1,Fastball,Four-Seam,StrikeSwinging,Undefined,Undefined,Undefined,0,0,,90.61631,-3.420644,-1.560445,2148.069674,201.785421,12:45,6.67844,0.33496,5.86986,-15.76292,18.34836,6.89599,2.18264,-0.54015,83.01199,-6.408196,-0.323318,0.420359,,,,,,,,,,,,-3.97992,10.6865,-0.21279,50,6.3922,3.28892,-131.40971,-8.32407,-6.96435,27.65891,-13.47402,MIA_RED,ONT_BLU22,McKieFieldStad,TeamExclusive,Team,20251021-McKieFieldStad-Private-1,0ee62f60-aeb7-11f0-89b2-a50c3c330392,89.66725,,,7.60432,,,,,,,a0ac1909-84c9-4024-895b-59f38feaa935,2025-10-21,19:49:29.38,2025-10-21T15:49:29.3880000-04:00,2025-10-21T19:49:29.3880000Z,,v3,471355,,,"Raether, Carson",1000338521,Right,MIA_RED,688700f6-976b-493d-bcd3-884018c70ca2,54.6284,-132.3803,13.82945,6.67601,-7.85124,-6.73701,-0.33249,3.53331,-3.48218,,,,,,,,,,,,,,,,,,,,,,,,,,,,,,,,,,,,,,,,,,,,,,,,,,,High,High,High,,,,,
87,2025-10-21,15:49:52.30,1,3,"Gay, Alex",813960,Right,MIA_RED,"Vickers, Julien",10285008,Right,ONT_BLU22,Undefined,4,Top,0,0,2,Curveball,Curveball,BallCalled,Undefined,Undefined,Undefined,0,0,,78.75108,2.289368,1.486947,1610.922182,48.949693,7:45,6.53157,0.47078,5.52639,-55.92629,-9.37682,-12.72965,4.01311,0.80035,70.97442,-7.947645,-0.784337,0.491053,,,,,,,,,,,,6.84949,-4.87288,-0.59159,50,6.69407,-2.44253,-114.08128,2.61382,8.84792,24.86208,-38.46867,MIA_RED,ONT_BLU22,McKieFieldStad,TeamExclusive,Team,20251021-McKieFieldStad-Private-1,1c8e2050-aeb7-11f0-89b2-a50c3c330392,76.75832,,,7.77666,,,,,,,a0ac1909-84c9-4024-895b-59f38feaa935,2025-10-21,19:49:52.30,2025-10-21T15:49:52.3030000-04:00,2025-10-21T19:49:52.3030000Z,,v3,471355,,,"Raether, Carson",1000338521,Right,MIA_RED,f8485803-5534-417e-8727-a48f9ebfe9ba,54.97105,-115.15954,12.43104,6.54453,4.28219,-19.23433,-0.47734,-2.82626,4.42396,,,,,,,,,,,,,,,,,,,,,,,,,,,,,,,,,,,,,,,,,,,,,,,,,,,High,High,High,,,,,
88,2025-10-21,15:50:10.84,1,4,"Gay, Alex",813960,Right,MIA_RED,"Vickers, Julien",10285008,Right,ONT_BLU22,Undefined,4,Top,0,1,2,Curveball,Curveball,HitByPitch,Undefined,Undefined,Undefined,0,0,,78.13542,2.555212,2.670932,1783.251415,35.24275,7:15,6.51205,0.47269,5.26345,-59.897,-12.88646,-10.14918,3.9253,2.1379,71.61901,-8.283275,0.870767,0.493479,,,,,,,,,,,,5.84221,-6.7578,-0.70937,50,6.70141,-4.88111,-113.29569,2.93524,7.57779,21.09979,-40.93941,MIA_RED,ONT_BLU22,McKieFieldStad,TeamExclusive,Team,20251021-McKieFieldStad-Private-1,27a8fdc0-aeb7-11f0-89b2-a50c3c330392,76.38098,,,6.51641,,,,,,,a0ac1909-84c9-4024-895b-59f38feaa935,2025-10-21,19:50:10.84,2025-10-21T15:50:10.8410000-04:00,2025-10-21T19:50:10.8410000Z,,v3,471355,,,"Raether, Carson",1000338521,Right,MIA_RED,8905e16e-1129-4e47-879b-61cca7dae074,55.23875,-114.26717,10.5499,6.52287,4.82017,-20.46971,-0.4766,-5.23001,3.78889,,,,,,,,,,,,,,,,,,,,,,,,,,,,,,,,,,,,,,,,,,,,,,,,,,,High,High,High,,,,,
89,2025-10-21,15:50:40.79,2,1,"Gay, Alex",813960,Right,MIA_RED,"Heimbecker, Clark",10287632,Left,ONT_BLU22,Undefined,4,Top,0,0,0,Fastball,Four-Seam,FoulBallNotFieldable,Undefined,Undefined,Undefined,0,0,,91.12284,-4.290818,-2.480715,2223.437354,210.276451,1:00,6.552,0.51913,6.04573,-15.10662,18.45694,10.14709,1.30958,-0.93331,83.60059,-7.159599,-0.655638,0.416971,,,,,,,,,,,,-5.92756,11.02339,-0.33144,50,6.20891,5.2981,-131.99486,-10.34182,-10.47915,27.55219,-12.68621,MIA_RED,ONT_BLU22,McKieFieldStad,TeamExclusive,Team,20251021-McKieFieldStad-Private-1,399416a0-aeb7-11f0-89b2-a50c3c330392,90.39593,,,7.52225,,,,,,,a0ac1909-84c9-4024-895b-59f38feaa935,2025-10-21,19:50:40.79,2025-10-21T15:50:40.7980000-04:00,2025-10-21T19:50:40.7980000Z,,v3,471355,,,"Raether, Carson",1000338521,Right,MIA_RED,9dd2d64b-b4b7-4713-b658-d6055b0bd4db,54.45289,-132.92109,13.77609,6.54941,-9.91535,-6.3431,-0.51547,5.65038,-5.23957,,,,,,,,,,,,,,,,,,,,,,,,,,,,,,,,,,,,,,,,,,,,,,,,,,,High,High,High,,,,,
90,2025-10-21,15:51:29.63,2,2,"Gay, Alex",813960,Right,MIA_RED,"Heimbecker, Clark",10287632,Left,ONT_BLU22,Undefined,4,Top,0,0,1,Fastball,Four-Seam,FoulBallNotFieldable,Undefined,Undefined,Undefined,0,0,,90.16078,-3.761733,-2.525587,2151.66456,210.051224,1:00,6.57569,0.73838,6.16593,-16.80741,17.65694,9.51209,1.69204,-0.8033,81.84781,-6.970897,-0.810773,0.422529,,,,,,,,,,,,-5.74355,10.67816,-0.55191,50,6.28158,5.37605,-130.57149,-9.06232,-9.81414,30.11839,-13.92805,MIA_RED,ONT_BLU22,McKieFieldStad,TeamExclusive,Team,20251021-McKieFieldStad-Private-1,569503e0-aeb7-11f0-89b2-a50c3c330392,89.20674,,,8.31298,,,,,,,a0ac1909-84c9-4024-895b-59f38feaa935,2025-10-21,19:51:29.63,2025-10-21T15:51:29.6390000-04:00,2025-10-21T19:51:29.6390000Z,,v3,471355,,,"Raether, Carson",1000338521,Right,MIA_RED,cb0bc0fa-dc12-4043-9949-d1db4ffba274,54.33204,-131.56695,15.0592,6.57349,-8.60197,-6.96403,-0.73495,5.70042,-4.90707,,,,,,,,,,,,,,,,,,,,,,,,,,,,,,,,,,,,,,,,,,,,,,,,,,,High,High,High,,,,,
91,2025-10-21,15:52:13.52,2,3,"Gay, Alex",813960,Right,MIA_RED,"Heimbecker, Clark",10287632,Left,ONT_BLU22,Undefined,4,Top,0,0,2,Fastball,Four-Seam,InPlay,Undefined,FlyBall,Double,0,1,,91.81303,-3.045078,-2.132169,2439.079514,212.855066,1:00,6.56746,0.70198,6.05951,-17.79127,15.77611,9.37871,2.26191,-0.49078,82.68307,-6.440252,-0.443979,0.416994,95.74838,26.528734,31.708533,2354.286249,89.8845,43.17458,63.40869,331.69525,330.33129,41.886165,3.546203,-5.555,9.50304,-0.54149,50,6.32141,4.55066,-132.95626,-7.60353,-9.76404,33.30632,-15.47053,MIA_RED,ONT_BLU22,McKieFieldStad,TeamExclusive,Team,20251021-McKieFieldStad-Private-1,70babda0-aeb7-11f0-89b2-a50c3c330392,90.39079,51.81139,,9.12995,,,,2.40688,2.54147,0.57774,a0ac1909-84c9-4024-895b-59f38feaa935,2025-10-21,19:52:13.52,2025-10-21T15:52:13.5280000-04:00,2025-10-21T19:52:13.5280000Z,FlyBall,v3,471355,,,"Raether, Carson",1000338521,Right,MIA_RED,871fdb27-b8cb-496b-a5a8-e21d2f3b6d2d,54.43662,-134.06306,16.65316,6.56554,-7.08943,-7.73526,-0.6981,4.87512,-4.88202,,2.4062,106.9155,-18.95946,4.60758,-1.27468,0.40297,-0.11867,0.0209,-0.0015,2.54185,62.70942,-22.70109,2.05103,-0.1624,-0.08746,0.04493,-0.00845,0.00056,0.57769,66.03952,1.42351,-1.59294,0.33745,0.0428,-0.04529,0.01064,-0.0009,,,,,,,,,,,,,,,,,,,,,,,High,High,High,High,Medium,,,
92,2025-10-21,15:53:00.21,3,1,"Gay, Alex",813960,Right,MIA_RED,"Raposo, John",10307761,Right,ONT_BLU22,Undefined,4,Top,0,0,0,Fastball,Four-Seam,StrikeCalled,Undefined,Undefined,Undefined,0,0,,88.85342,-2.587415,-2.381966,2166.3226,204.187665,12:45,6.5433,0.51371,6.16006,-18.49336,17.23576,7.13701,2.60828,-1.09323,79.92292,-6.133406,-1.095539,0.430212,,,,,,,,,,,,-4.45079,10.13638,-0.33634,50,6.33728,5.052,-128.66433,-6.32479,-7.32405,31.26273,-15.49395,MIA_RED,ONT_BLU22,McKieFieldStad,TeamExclusive,Team,20251021-McKieFieldStad-Private-1,8c93a5a0-aeb7-11f0-89b2-a50c3c330392,87.61364,,,8.93049,,,,,,,a0ac1909-84c9-4024-895b-59f38feaa935,2025-10-21,19:53:00.21,2025-10-21T15:53:00.2140000-04:00,2025-10-21T19:53:00.2140000Z,,v3,471355,,,"Raether, Carson",1000338521,Right,MIA_RED,1e5b8bb2-29ee-4b75-b866-322fc966418d,54.33352,-129.71301,15.63137,6.54073,-5.80506,-7.74698,-0.50993,5.29768,-3.66202,,,,,,,,,,,,,,,,,,,,,,,,,,,,,,,,,,,,,,,,,,,,,,,,,,,High,High,High,,,,,
93,2025-10-21,15:53:16.98,3,2,"Gay, Alex",813960,Right,MIA_RED,"Raposo, John",10307761,Right,ONT_BLU22,Undefined,4,Top,0,0,1,Curveball,Curveball,BallCalled,Undefined,Undefined,Undefined,0,0,,79.31736,2.588087,-0.359377,1526.957595,28.299539,7:00,6.41262,0.6412,5.18315,-62.93625,-16.32536,-9.72363,3.6046,-0.50721,71.42323,-8.822702,-2.084491,0.491377,,,,,,,,,,,,4.68898,-8.44205,-0.60018,50,6.60546,1.13013,-114.85345,2.85879,6.11734,25.89478,-43.1877,MIA_RED,ONT_BLU22,McKieFieldStad,TeamExclusive,Team,20251021-McKieFieldStad-Private-1,968608a0-aeb7-11f0-89b2-a50c3c330392,76.70773,,,7.89413,,,,,,,a0ac1909-84c9-4024-895b-59f38feaa935,2025-10-21,19:53:16.98,2025-10-21T15:53:16.9890000-04:00,2025-10-21T19:53:16.9890000Z,,v3,471355,,,"Raether, Carson",1000338521,Right,MIA_RED,d2a471f0-b703-427a-bc48-1f00617f860b,55.31625,-116.04586,12.94739,6.42803,4.8475,-21.59385,-0.64573,0.84844,3.05867,,,,,,,,,,,,,,,,,,,,,,,,,,,,,,,,,,,,,,,,,,,,,,,,,,,High,High,High,,,,,
94,2025-10-21,15:53:35.40,3,3,"Gay, Alex",813960,Right,MIA_RED,"Raposo, John",10307761,Right,ONT_BLU22,Undefined,4,Top,0,1,1,Fastball,Four-Seam,FoulBallNotFieldable,Undefined,Undefined,Undefined,0,0,,89.07243,-1.931949,-1.935513,2261.931874,208.671378,1:00,6.60396,0.46098,6.01492,-17.99824,18.06544,9.07768,3.31281,-0.57612,79.25965,-5.410519,-0.303074,0.432222,,,,,,,,,,,,-5.37894,10.4026,-0.31417,50,6.44288,3.97311,-128.93696,-4.84586,-8.78776,34.17888,-15.17888,MIA_RED,ONT_BLU22,McKieFieldStad,TeamExclusive,Team,20251021-McKieFieldStad-Private-1,a18dac30-aeb7-11f0-89b2-a50c3c330392,87.2063,,,9.81278,,,,,,,a0ac1909-84c9-4024-895b-59f38feaa935,2025-10-21,19:53:35.40,2025-10-21T15:53:35.4020000-04:00,2025-10-21T19:53:35.4020000Z,,v3,471355,,,"Raether, Carson",1000338521,Right,MIA_RED,0ca85d35-0c70-41d3-80a5-589e1e3619ca,54.479,-130.11885,17.08944,6.60137,-4.32099,-7.58944,-0.45681,4.27698,-4.39388,,,,,,,,,,,,,,,,,,,,,,,,,,,,,,,,,,,,,,,,,,,,,,,,,,,High,High,High,,,,,
95,2025-10-21,15:53:59.04,3,4,"Gay, Alex",813960,Right,MIA_RED,"Raposo, John",10307761,Right,ONT_BLU22,Undefined,4,Top,0,1,2,Curveball,Curveball,BallCalled,Undefined,Undefined,Undefined,0,0,,79.15532,-0.835067,-0.662766,1409.50787,7.356611,6:15,6.51263,0.66924,5.58552,-61.73267,-15.9508,-2.26508,0.58834,-0.13845,72.41561,-12.009742,-1.069472,0.486988,,,,,,,,,,,,0.93646,-7.47056,-0.61078,50,6.40021,1.41548,-114.88476,-3.78849,1.22761,25.08571,-41.96709,MIA_RED,ONT_BLU22,McKieFieldStad,TeamExclusive,Team,20251021-McKieFieldStad-Private-1,afa46480-aeb7-11f0-89b2-a50c3c330392,77.39913,,,6.73971,,,,,,,a0ac1909-84c9-4024-895b-59f38feaa935,2025-10-21,19:53:59.04,2025-10-21T15:53:59.0440000-04:00,2025-10-21T19:53:59.0440000Z,,v3,471355,,,"Raether, Carson",1000338521,Right,MIA_RED,d4c5c290-d99c-4ec2-9c0f-b9d3219489b0,54.91591,-115.95321,12.54285,6.5235,-2.00103,-20.98354,-0.66995,1.3632,0.61381,,,,,,,,,,,,,,,,,,,,,,,,,,,,,,,,,,,,,,,,,,,,,,,,,,,High,High,High,,,,,
96,2025-10-21,15:54:23.53,3,5,"Gay, Alex",813960,Right,MIA_RED,"Raposo, John",10307761,Right,ONT_BLU22,Undefined,4,Top,0,2,2,Fastball,Four-Seam,InPlay,Undefined,GroundBall,Single,0,0,,89.66868,-1.728644,-1.226563,2120.215897,217.106448,1:15,6.68105,0.41627,6.09123,-19.08733,15.66733,10.95068,3.49061,0.1941,81.38732,-5.358418,0.746709,0.424305,83.67624,-15.218833,-28.673284,,,,,15.11069,14.5224,-25.394251,0.113946,-6.04477,8.968,-0.32754,50,6.53777,2.33631,-130.15524,-4.49092,-10.27381,29.6622,-16.93186,MIA_RED,ONT_BLU22,McKieFieldStad,TeamExclusive,Team,20251021-McKieFieldStad-Private-1,be379fd0-aeb7-11f0-89b2-a50c3c330392,88.83338,3.61373,,8.28136,,,,1.83835,3.61373,-0.06246,a0ac1909-84c9-4024-895b-59f38feaa935,2025-10-21,19:54:23.53,2025-10-21T15:54:23.5300000-04:00,2025-10-21T19:54:23.5300000Z,GroundBall,v3,471355,,,"Raether, Carson",1000338521,Right,MIA_RED,d3947dbb-c5e0-40e8-9175-0c7baeed7e08,54.40601,-131.15552,14.8311,6.67959,-3.91993,-8.46593,-0.41217,2.68277,-5.13691,189.34784,1.83833,103.90144,-2.06254,,,,,,,3.61365,-32.20728,4.33813,,,,,,,-0.06247,-56.81885,4.36069,,,,,,,,,,,,,,,,,,,,,,,,,,,,,High,High,High,Low,High,,,
97,2025-10-21,15:55:04.57,4,1,"Gay, Alex",813960,Right,MIA_RED,"Curran, Alex",10163662,Right,ONT_BLU22,Undefined,4,Top,0,0,0,Curveball,Curveball,BallCalled,Undefined,Undefined,Undefined,0,0,,77.03901,0.747963,-0.834019,1763.342423,49.743491,7:45,6.44446,0.65269,5.42039,-64.22515,-15.31568,-20.18663,1.79309,-1.8108,69.96167,-10.892635,-4.437796,0.503348,,,,,,,,,,,,9.82347,-7.38528,-0.56442,50,6.4666,2.4222,-111.72721,-0.76494,12.10843,24.79436,-41.27717,MIA_RED,ONT_BLU22,McKieFieldStad,TeamExclusive,Team,20251021-McKieFieldStad-Private-1,d6ba57f0-aeb7-11f0-89b2-a50c3c330392,74.88352,,,7.07734,,,,,,,a0ac1909-84c9-4024-895b-59f38feaa935,2025-10-21,19:55:04.57,2025-10-21T15:55:04.5710000-04:00,2025-10-21T19:55:04.5710000Z,,v3,471355,,,"Raether, Carson",1000338521,Right,MIA_RED,f08c917b-93fb-4d9c-b531-d01b844754a5,55.08061,-112.84906,12.39718,6.45896,1.1027,-20.63859,-0.66162,1.87434,6.05422,,,,,,,,,,,,,,,,,,,,,,,,,,,,,,,,,,,,,,,,,,,,,,,,,,,High,High,High,,,,,
98,2025-10-21,15:55:26.95,4,2,"Gay, Alex",813960,Right,MIA_RED,"Curran, Alex",10163662,Right,ONT_BLU22,Undefined,4,Top,0,1,0,Fastball,Four-Seam,BallCalled,Undefined,Undefined,Undefined,0,0,,90.82288,-1.877192,-2.407383,2144.610568,198.097713,12:30,6.54503,0.54668,6.19206,-14.06658,19.63088,6.04544,3.63759,-1.1734,82.54744,-4.601893,-1.31762,0.417802,,,,,,,,,,,,-3.81547,11.02465,-0.36817,50,6.39616,5.28378,-131.7559,-4.67272,-6.67151,29.37773,-12.89707,MIA_RED,ONT_BLU22,McKieFieldStad,TeamExclusive,Team,20251021-McKieFieldStad-Private-1,e4084200-aeb7-11f0-89b2-a50c3c330392,90.21613,,,8.27544,,,,,,,a0ac1909-84c9-4024-895b-59f38feaa935,2025-10-21,19:55:26.95,2025-10-21T15:55:26.9540000-04:00,2025-10-21T19:55:26.9540000Z,,v3,471355,,,"Raether, Carson",1000338521,Right,MIA_RED,778aa3c7-76ea-4ddb-b6f5-3244900b3e7e,54.30346,-132.71198,14.68887,6.5414,-4.25299,-6.44854,-0.54366,5.5009,-3.33575,,,,,,,,,,,,,,,,,,,,,,,,,,,,,74.87895,1.599321,0.731597,0.867725,-1.2381,3.41995,1.2332,-2.87473,5.35673,4.54185,67.57521,4.9101,57.20147,-2.81211,88.96008,-9.01365,5.38209,11.3604,-13.70798,4.54235,62.14644,-1.6822,High,High,High,,,High,High,High
99,2025-10-21,15:55:54.81,4,3,"Gay, Alex",813960,Right,MIA_RED,"Curran, Alex",10163662,Right,ONT_BLU22,Undefined,4,Top,0,2,0,Fastball,Four-Seam,BallCalled,Undefined,Undefined,Undefined,0,0,,89.54343,-5.622522,-3.519909,2120.539732,192.257039,12:30,6.49812,0.48892,6.22559,-14.5458,20.12718,4.13138,0.07185,-2.4185,82.37977,-8.383977,-2.775874,0.423806,,,,,,,,,,,,-3.09862,12.3189,-0.2277,50,6.06862,7.79495,-129.36932,-13.1401,-5.2701,26.08645,-11.22223,MIA_RED,ONT_BLU22,McKieFieldStad,TeamExclusive,Team,20251021-McKieFieldStad-Private-1,f4a779f0-aeb7-11f0-89b2-a50c3c330392,88.93796,,,7.16366,,,,,,,a0ac1909-84c9-4024-895b-59f38feaa935,2025-10-21,19:55:54.81,2025-10-21T15:55:54.8130000-04:00,2025-10-21T19:55:54.8130000Z,,v3,471355,,,"Raether, Carson",1000338521,Right,MIA_RED,90a49f54-803f-407c-a879-9d5c114a3566,54.27301,-130.22809,13.04323,6.49512,-12.77066,-5.61112,-0.48717,7.96844,-2.63505,,,,,,,,,,,,,,,,,,,,,,,,,,,,,,,,,,,,,,,,,,,,,,,,,,,High,High,High,,,,,
100,2025-10-21,15:56:16.58,4,4,"Gay, Alex",813960,Right,MIA_RED,"Curran, Alex",10163662,Right,ONT_BLU22,Undefined,4,Top,0,3,0,Fastball,Four-Seam,BallCalled,Walk,Undefined,Undefined,0,0,,89.6914,-3.176311,-3.014338,2003.702781,205.328474,12:45,6.49575,0.45027,5.98964,-16.4067,18.2956,8.13185,2.17775,-1.66822,82.1416,-6.290903,-1.554621,0.423985,,,,,,,,,,,,-5.00772,10.61642,-0.21692,50,6.2357,6.50548,-129.98292,-7.6925,-8.57851,26.91677,-13.98759,MIA_RED,ONT_BLU22,McKieFieldStad,TeamExclusive,Team,20251021-McKieFieldStad-Private-1,01ad1060-aeb8-11f0-89b2-a50c3c330392,88.90042,,,7.5498,,,,,,,a0ac1909-84c9-4024-895b-59f38feaa935,2025-10-21,19:56:16.58,2025-10-21T15:56:16.5870000-04:00,2025-10-21T19:56:16.5870000Z,,v3,471355,,,"Raether, Carson",1000338521,Right,MIA_RED,cb11a039-5dd4-4fd4-b202-f347fd3a49b7,54.50785,-130.91307,13.45839,6.49317,-7.20914,-6.9938,-0.44685,6.80193,-4.28926,,,,,,,,,,,,,,,,,,,,,,,,,,,,,,,,,,,,,,,,,,,,,,,,,,,High,High,High,,,,,
101,2025-10-21,15:56:47.79,5,1,"Gay, Alex",813960,Right,MIA_RED,"Chwedchuk, Justin",10292277,Left,ONT_BLU22,Undefined,4,Top,0,0,0,Fastball,Four-Seam,StrikeCalled,Undefined,Undefined,Undefined,0,0,,89.67344,-2.463117,-1.983832,2033.184919,214.16929,1:15,6.56897,0.62511,5.94688,-20.34674,14.55229,9.08186,2.58607,-0.45882,81.68714,-6.295577,-0.352165,0.425185,,,,,,,,,,,,-5.21449,8.53237,-0.47214,50,6.36135,4.11466,-130.03165,-6.22793,-8.88229,28.56705,-17.64013,MIA_RED,ONT_BLU22,McKieFieldStad,TeamExclusive,Team,20251021-McKieFieldStad-Private-1,1427e620-aeb8-11f0-89b2-a50c3c330392,88.64948,,,7.9863,,,,,,,a0ac1909-84c9-4024-895b-59f38feaa935,2025-10-21,19:56:47.79,2025-10-21T15:56:47.7910000-04:00,2025-10-21T19:56:47.7910000Z,,v3,471355,,,"Raether, Carson",1000338521,Right,MIA_RED,52c8ee13-17fd-4835-83cb-bd7ab66938be,54.54891,-131.02721,14.28353,6.56768,-5.61318,-8.82007,-0.62093,4.4242,-4.44115,,,,,,,,,,,,,,,,,,,,,,,,,,,,,,,,,,,,,,,,,,,,,,,,,,,High,High,High,,,,,
102,2025-10-21,15:57:05.17,5,2,"Gay, Alex",813960,Right,MIA_RED,"Chwedchuk, Justin",10292277,Left,ONT_BLU22,Undefined,4,Top,0,0,1,Fastball,Four-Seam,FoulBallNotFieldable,Undefined,Undefined,Undefined,0,0,,89.84494,-3.056195,-2.337012,2068.57926,213.222693,1:00,6.63573,0.51903,6.28363,-19.29107,14.88729,9.03315,2.20644,-0.88325,82.32223,-6.702608,-0.704291,0.420772,,,,,,,,,,,,-5.37634,8.93697,-0.35107,50,6.40069,4.96372,-130.35998,-7.52704,-9.24782,27.50555,-16.80155,MIA_RED,ONT_BLU22,McKieFieldStad,TeamExclusive,Team,20251021-McKieFieldStad-Private-1,1e8a7010-aeb8-11f0-89b2-a50c3c330392,89.57921,,,7.52272,,,,,,,a0ac1909-84c9-4024-895b-59f38feaa935,2025-10-21,19:57:05.17,2025-10-21T15:57:05.1730000-04:00,2025-10-21T19:57:05.1730000Z,,v3,471355,,,"Raether, Carson",1000338521,Right,MIA_RED,3c56a991-8ae5-433f-b398-367b851e415f,54.21491,-131.2463,13.75278,6.63451,-6.98564,-8.40077,-0.51581,5.26172,-4.62391,,,,,,,,,,,,,,,,,,,,,,,,,,,,,,,,,,,,,,,,,,,,,,,,,,,High,High,High,,,,,
103,2025-10-21,15:57:27.62,5,3,"Gay, Alex",813960,Right,MIA_RED,"Chwedchuk, Justin",10292277,Left,ONT_BLU22,Undefined,4,Top,0,0,2,Curveball,Curveball,BallCalled,Undefined,Undefined,Undefined,0,0,,79.98458,1.439749,1.147633,1774.054545,54.857954,7:45,6.48681,0.67741,5.17014,-50.99806,-5.87134,-10.45048,3.59242,0.88668,72.9971,-7.815622,-0.705361,0.483491,,,,,,,,,,,,5.51929,-2.85697,-0.77608,50,6.58209,-1.88479,-116.01184,1.05238,7.47318,23.01584,-36.04242,MIA_RED,ONT_BLU22,McKieFieldStad,TeamExclusive,Team,20251021-McKieFieldStad-Private-1,2bf38340-aeb8-11f0-89b2-a50c3c330392,77.95894,,,6.98748,,,,,,,a0ac1909-84c9-4024-895b-59f38feaa935,2025-10-21,19:57:27.62,2025-10-21T15:57:27.6200000-04:00,2025-10-21T19:57:27.6200000Z,,v3,471355,,,"Raether, Carson",1000338521,Right,MIA_RED,dca54e21-dd59-453d-856a-c44c5bb35d1c,55.32841,-117.06419,11.50792,6.4963,2.70033,-18.02121,-0.68209,-2.22648,3.73659,,,,,,,,,,,,,,,,,,,,,,,,,,,,,,,,,,,,,,,,,,,,,,,,,,,High,High,High,,,,,
104,2025-10-21,15:57:51.11,5,4,"Gay, Alex",813960,Right,MIA_RED,"Chwedchuk, Justin",10292277,Left,ONT_BLU22,Undefined,4,Top,0,1,2,Curveball,Curveball,BallCalled,Undefined,Undefined,Undefined,0,0,,79.99084,1.218933,-1.327058,1384.347692,35.171215,7:15,6.56436,0.58485,5.5222,-53.48554,-7.92556,-6.85622,3.24731,-1.22741,71.57116,-8.586213,-2.550801,0.485806,,,,,,,,,,,,2.94067,-3.84075,-0.46481,50,6.6354,2.96545,-115.79103,0.58692,3.87033,27.77885,-37.22897,MIA_RED,ONT_BLU22,McKieFieldStad,TeamExclusive,Team,20251021-McKieFieldStad-Private-1,39f294e0-aeb8-11f0-89b2-a50c3c330392,77.58738,,,8.41968,,,,,,,a0ac1909-84c9-4024-895b-59f38feaa935,2025-10-21,19:57:51.11,2025-10-21T15:57:51.1170000-04:00,2025-10-21T19:57:51.1170000Z,,v3,471355,,,"Raether, Carson",1000338521,Right,MIA_RED,d8e3bbfa-5823-446e-b1da-fcd2f82cef39,54.9728,-116.97795,13.88943,6.57634,2.17761,-18.61449,-0.58799,2.80009,1.93516,,,,,,,,,,,,,,,,,,,,,,,,,,,,,,,,,,,,,,,,,,,,,,,,,,,High,High,High,,,,,
105,2025-10-21,15:58:12.02,5,5,"Gay, Alex",813960,Right,MIA_RED,"Chwedchuk, Justin",10292277,Left,ONT_BLU22,Undefined,4,Top,0,2,2,Fastball,Sinker,FoulBallNotFieldable,Undefined,Undefined,Undefined,0,0,,89.5877,-2.347828,-1.132798,2021.874882,235.241437,1:45,6.56063,0.58847,6.0516,-22.39241,12.61201,16.398,2.51962,0.90623,81.21954,-6.563319,1.821732,0.425827,67.73417,17.309891,-165.145329,1761.659043,,,,131.91876,46.49567,-164.081717,1.550153,-8.82508,7.5989,-0.50918,50,6.36605,1.88891,-129.9575,-6.02875,-14.90151,30.45187,-19.34302,MIA_RED,ONT_BLU22,McKieFieldStad,TeamExclusive,Team,20251021-McKieFieldStad-Private-1,46803c30-aeb8-11f0-89b2-a50c3c330392,88.5159,12.59998,,8.36816,,,,1.66398,2.27958,-0.8459,a0ac1909-84c9-4024-895b-59f38feaa935,2025-10-21,19:58:12.02,2025-10-21T15:58:12.0240000-04:00,2025-10-21T19:58:12.0240000Z,LineDrive,v3,471355,,,"Raether, Carson",1000338521,Right,MIA_RED,39f1c0b9-ba1e-4a24-a5bd-c3376266a8dd,54.44569,-130.99508,15.22594,6.56024,-5.36968,-9.67151,-0.58219,2.39664,-7.45076,346.397363,1.66396,-91.6729,7.27936,-1.33095,0.33261,-0.33476,0.30416,-0.13153,0.02199,2.27959,29.55837,-22.45264,2.09998,-0.47479,0.16155,-0.08689,0.03269,-0.00513,-0.84587,-24.31709,0.98606,-0.0849,-0.06719,0.38698,-0.41243,0.18656,-0.03177,,,,,,,,,,,,,,,,,,,,,,,High,High,High,High,Low,,,
106,2025-10-21,15:58:37.32,5,6,"Gay, Alex",813960,Right,MIA_RED,"Chwedchuk, Justin",10292277,Left,ONT_BLU22,Undefined,4,Top,0,2,2,Fastball,Four-Seam,BallCalled,Undefined,Undefined,Undefined,0,0,,90.64183,-4.040103,-2.78259,2164.049037,193.331594,12:30,6.5458,0.6744,6.33864,-15.75804,18.1969,4.02551,1.50246,-1.554,82.21233,-7.065582,-2.055086,0.419395,,,,,,,,,,,,-2.95295,11.07764,-0.47364,50,6.24353,6.21148,-131.18046,-9.68309,-5.08975,30.55947,-13.08042,MIA_RED,ONT_BLU22,McKieFieldStad,TeamExclusive,Team,20251021-McKieFieldStad-Private-1,5583c580-aeb8-11f0-89b2-a50c3c330392,89.87344,,,8.4295,,,,,,,a0ac1909-84c9-4024-895b-59f38feaa935,2025-10-21,19:58:37.32,2025-10-21T15:58:37.3240000-04:00,2025-10-21T19:58:37.3240000Z,,v3,471355,,,"Raether, Carson",1000338521,Right,MIA_RED,97dfec68-4ed2-4613-9c77-9b34dea90a1d,54.1571,-132.14534,15.27973,6.54275,-9.27009,-6.54021,-0.6723,6.37219,-2.54487,,,,,,,,,,,,,,,,,,,,,,,,,,,,,,,,,,,,,,,,,,,,,,,,,,,High,High,High,,,,,
107,2025-10-21,15:59:00.36,5,7,"Gay, Alex",813960,Right,MIA_RED,"Chwedchuk, Justin",10292277,Left,ONT_BLU22,Undefined,4,Top,0,3,2,Fastball,Four-Seam,BallCalled,Walk,Undefined,Undefined,0,1,,91.8805,-3.561469,-2.9022,2077.034131,219.32052,1:15,6.43661,0.63991,6.10847,-20.61517,12.30725,9.22579,1.41697,-1.27719,84.34093,-7.416871,-1.240797,0.412969,,,,,,,,,,,,-5.56398,7.65461,-0.42175,50,6.15173,6.36439,-133.15742,-8.95592,-10.00434,28.20125,-18.41063,MIA_RED,ONT_BLU22,McKieFieldStad,TeamExclusive,Team,20251021-McKieFieldStad-Private-1,632fd520-aeb8-11f0-89b2-a50c3c330392,91.27187,,,7.53957,,,,,,,a0ac1909-84c9-4024-895b-59f38feaa935,2025-10-21,19:59:00.36,2025-10-21T15:59:00.3640000-04:00,2025-10-21T19:59:00.3640000Z,,v3,471355,,,"Raether, Carson",1000338521,Right,MIA_RED,ddfab69b-5d13-4fe1-957c-e1f9f803e13c,54.38953,-134.08385,14.10062,6.436,-8.35112,-9.20532,-0.63622,6.69304,-5.00217,,,,,,,,,,,,,,,,,,,,,,,,,,,,,,,,,,,,,,,,,,,,,,,,,,,High,High,High,,,,,
108,2025-10-21,15:59:55.58,6,1,"Gay, Alex",813960,Right,MIA_RED,"Sortino, Giancarlo",10180490,Right,ONT_BLU22,Undefined,4,Top,0,0,0,Fastball,Four-Seam,BallCalled,Undefined,Undefined,Undefined,0,0,,88.79683,0.065788,-2.385648,2045.185852,204.80622,12:45,6.53755,0.63942,6.40492,-19.50139,15.04367,6.48193,4.97299,-1.01531,81.53886,-3.641867,-1.212463,0.423023,,,,,,,,,,,,-4.00343,8.15323,-0.47135,50,6.53309,5.12449,-129.08145,-0.39582,-6.7943,25.38882,-18.33696,MIA_RED,ONT_BLU22,McKieFieldStad,TeamExclusive,Team,20251021-McKieFieldStad-Private-1,8434be70-aeb8-11f0-89b2-a50c3c330392,89.10251,,,7.25796,,,,,,,a0ac1909-84c9-4024-895b-59f38feaa935,2025-10-21,19:59:55.58,2025-10-21T15:59:55.5800000-04:00,2025-10-21T19:59:55.5800000Z,,v3,471355,,,"Raether, Carson",1000338521,Right,MIA_RED,b6de61ef-997f-41d9-9644-f9bf8e6efc51,54.09285,-129.88398,12.69441,6.53644,0.1838,-9.16848,-0.63672,5.33926,-3.39715,,,,,,,,,,,,,,,,,,,,,,,,,,,,,,,,,,,,,,,,,,,,,,,,,,,High,High,High,,,,,
109,2025-10-21,16:01:20.41,6,2,"Gay, Alex",813960,Right,MIA_RED,"Sortino, Giancarlo",10180490,Right,ONT_BLU22,Undefined,4,Top,0,1,0,Fastball,Four-Seam,BallCalled,Undefined,Undefined,Undefined,0,0,,86.90425,-1.473399,-2.542214,1906.521062,200.608471,12:45,6.45964,0.37479,6.19578,-21.55084,15.04835,5.22205,3.30191,-1.53845,79.5337,-5.54473,-1.600632,0.435419,,,,,,,,,,,,-3.40551,8.55674,-0.18595,50,6.33771,5.39426,-126.15823,-3.8712,-5.48887,25.64759,-18.38261,MIA_RED,ONT_BLU22,McKieFieldStad,TeamExclusive,Team,20251021-McKieFieldStad-Private-1,b6aaaea0-aeb8-11f0-89b2-a50c3c330392,86.56591,,,7.37055,,,,,,,a0ac1909-84c9-4024-895b-59f38feaa935,2025-10-21,20:01:20.41,2025-10-21T16:01:20.4170000-04:00,2025-10-21T20:01:20.4170000Z,,v3,471355,,,"Raether, Carson",1000338521,Right,MIA_RED,4f8340bb-1404-4fe6-a4be-641b906b78a6,54.30097,-127.02959,12.82379,6.45863,-3.24666,-9.19131,-0.37239,5.58074,-2.74444,,,,,,,,,,,,,,,,,,,,,,,,,,,,,,,,,,,,,,,,,,,,,,,,,,,High,High,High,,,,,
110,2025-10-21,16:01:38.83,6,3,"Gay, Alex",813960,Right,MIA_RED,"Sortino, Giancarlo",10180490,Right,ONT_BLU22,Undefined,4,Top,0,2,0,Fastball,Four-Seam,InPlay,Undefined,Popup,Out,1,0,,88.66434,-1.807791,-2.927309,2032.986924,216.61935,1:15,6.4821,0.42006,6.1117,-20.63241,15.00635,10.2278,3.08846,-1.43666,80.35732,-5.722743,-1.086391,0.429668,56.77891,69.309907,50.721873,,,,,91.30496,46.36902,59.442706,4.534661,-6.20418,8.67434,-0.20073,50,6.3325,6.15814,-128.5416,-4.67151,-10.27225,29.23495,-17.81199,MIA_RED,ONT_BLU22,McKieFieldStad,TeamExclusive,Team,20251021-McKieFieldStad-Private-1,c1a70790-aeb8-11f0-89b2-a50c3c330392,87.72462,84.53738,,8.30702,,,,1.16186,3.3139,1.31069,a0ac1909-84c9-4024-895b-59f38feaa935,2025-10-21,20:01:38.83,2025-10-21T16:01:38.8380000-04:00,2025-10-21T20:01:38.8380000Z,Popup,v3,471355,,,"Raether, Carson",1000338521,Right,MIA_RED,517c2c87-9943-48b2-b2a8-8af91587ef1e,54.38538,-129.53515,14.61747,6.48098,-4.06617,-8.906,-0.41594,6.50724,-5.13613,191.373455,1.16397,18.56277,-5.57138,1.04348,0.40844,-0.33957,0.10379,-0.01539,0.0009,3.30857,78.02593,-21.98262,2.80916,-1.12573,0.38354,-0.08371,0.00958,-0.00043,1.31332,22.7089,-3.01037,0.24522,0.4363,-0.26719,0.07425,-0.01031,0.00057,,,,,,,,,,,,,,,,,,,,,,,High,High,High,Medium,Low,,,
111,2025-10-21,16:02:10.19,7,1,"Gay, Alex",813960,Right,MIA_RED,"Chung, James",10310929,Right,ONT_BLU22,Undefined,4,Top,1,0,0,Curveball,Curveball,StrikeCalled,Undefined,Undefined,Undefined,0,0,,77.96897,0.506784,-0.366431,1371.253666,52.710892,7:45,6.46082,0.52406,5.14262,-53.72322,-6.06548,-10.06886,2.46107,-0.66002,71.24738,-9.218686,-2.153038,0.496865,,,,,,,,,,,,4.89473,-2.68575,-0.4817,50,6.46685,1.13261,-113.10152,-0.90971,6.27523,22.60173,-35.61728,MIA_RED,ONT_BLU22,McKieFieldStad,TeamExclusive,Team,20251021-McKieFieldStad-Private-1,d4666060-aeb8-11f0-89b2-a50c3c330392,75.86057,,,6.72159,,,,,,,a0ac1909-84c9-4024-895b-59f38feaa935,2025-10-21,20:02:10.19,2025-10-21T16:02:10.1940000-04:00,2025-10-21T20:02:10.1940000Z,,v3,471355,,,"Raether, Carson",1000338521,Right,MIA_RED,724f8510-16e1-42c7-92d4-641c25c166dd,55.35612,-114.16685,11.30086,6.47016,0.7691,-17.80864,-0.52811,0.83683,3.13761,,,,,,,,,,,,,,,,,,,,,,,,,,,,,,,,,,,,,,,,,,,,,,,,,,,High,High,High,,,,,
112,2025-10-21,16:02:25.86,7,2,"Gay, Alex",813960,Right,MIA_RED,"Chung, James",10310929,Right,ONT_BLU22,Undefined,4,Top,1,0,1,Curveball,Curveball,BallCalled,Undefined,Undefined,Undefined,0,0,,77.91572,-0.119484,-0.78703,1851.202144,41.69645,7:30,6.35758,0.46046,5.42562,-61.93806,-14.8056,-14.53465,1.08416,-1.48794,71.78857,-11.295562,-3.384613,0.494119,,,,,,,,,,,,7.09886,-7.00091,-0.38026,50,6.30375,2.11742,-113.17329,-2.38222,9.11273,22.62784,-41.16102,MIA_RED,ONT_BLU22,McKieFieldStad,TeamExclusive,Team,20251021-McKieFieldStad-Private-1,ddbecd50-aeb8-11f0-89b2-a50c3c330392,76.28211,,,6.12715,,,,,,,a0ac1909-84c9-4024-895b-59f38feaa935,2025-10-21,20:02:25.86,2025-10-21T16:02:25.8670000-04:00,2025-10-21T20:02:25.8670000Z,,v3,471355,,,"Raether, Carson",1000338521,Right,MIA_RED,bbc14e8e-d33c-4874-a570-f21d11d71432,55.07701,-114.18387,11.31392,6.36909,-0.54392,-20.58051,-0.46574,1.71044,4.55636,,,,,,,,,,,,,,,,,,,,,,,,,,,,,,,,,,,,,,,,,,,,,,,,,,,High,High,High,,,,,
113,2025-10-21,16:02:43.80,7,3,"Gay, Alex",813960,Right,MIA_RED,"Chung, James",10310929,Right,ONT_BLU22,Undefined,4,Top,1,1,1,Fastball,Four-Seam,BallCalled,Undefined,Undefined,Undefined,0,1,,88.16729,1.479457,-1.229094,2121.133521,201.998574,12:45,6.49039,0.47023,6.21436,-18.68773,17.01678,6.4013,6.299,-0.13076,79.90003,-2.10577,-0.073912,0.430064,,,,,,,,,,,,-3.63795,8.69398,-0.381,50,6.59166,2.47889,-127.98104,2.80181,-5.99807,27.87215,-17.83987,MIA_RED,ONT_BLU22,McKieFieldStad,TeamExclusive,Team,20251021-McKieFieldStad-Private-1,e852c780-aeb8-11f0-89b2-a50c3c330392,87.64382,,,8.26726,,,,,,,a0ac1909-84c9-4024-895b-59f38feaa935,2025-10-21,20:02:43.80,2025-10-21T16:02:43.8070000-04:00,2025-10-21T20:02:43.8070000Z,,v3,471355,,,"Raether, Carson",1000338521,Right,MIA_RED,47058b35-99f4-4278-aea9-68ecec7b888b,54.2797,-128.90972,13.93608,6.4884,3.39622,-8.91993,-0.46692,2.67874,-2.99904,,,,,,,,,,,,,,,,,,,,,,,,,,,,,,,,,,,,,,,,,,,,,,,,,,,High,High,High,,,,,
114,2025-10-21,16:03:19.55,7,4,"Gay, Alex",813960,Right,MIA_RED,"Chung, James",10310929,Right,ONT_BLU22,Undefined,4,Top,1,2,1,Fastball,Four-Seam,BallCalled,Undefined,Undefined,Undefined,0,0,,88.01063,-1.262871,-3.827381,2191.717558,200.726558,12:45,6.41646,0.45011,6.17008,-18.63525,17.31741,6.10118,3.69433,-2.58174,80.09036,-4.816387,-2.730561,0.431556,,,,,,,,,,,,-4.2624,9.6767,-0.16304,50,6.31108,8.28665,-127.55849,-3.33395,-6.99217,27.30797,-16.30008,MIA_RED,ONT_BLU22,McKieFieldStad,TeamExclusive,Team,20251021-McKieFieldStad-Private-1,fdb15c40-aeb8-11f0-89b2-a50c3c330392,87.34083,,,7.92027,,,,,,,a0ac1909-84c9-4024-895b-59f38feaa935,2025-10-21,20:03:19.55,2025-10-21T16:03:19.5550000-04:00,2025-10-21T20:03:19.5550000Z,,v3,471355,,,"Raether, Carson",1000338521,Right,MIA_RED,0d09c442-7f84-4a2d-ac9b-613558ed9d62,54.32619,-128.48131,13.65399,6.41443,-2.78312,-8.15004,-0.44707,8.52293,-3.49608,,,,,,,,,,,,,,,,,,,,,,,,,,,,,,,,,,,,,,,,,,,,,,,,,,,High,High,High,,,,,
115,2025-10-21,16:03:43.19,7,5,"Gay, Alex",813960,Right,MIA_RED,"Chung, James",10310929,Right,ONT_BLU22,Undefined,4,Top,1,3,1,Fastball,Four-Seam,BallCalled,Walk,Undefined,Undefined,0,0,,87.73679,-4.389394,-2.168155,2007.628781,220.286213,1:15,6.38759,0.54054,5.94676,-22.45895,14.10587,10.91166,0.43391,-0.5621,80.26344,-8.574882,-0.206499,0.435214,,,,,,,,,,,,-6.29433,8.90426,-0.37431,50,6.02484,4.37277,-127.01539,-10.45579,-10.23139,27.22424,-17.70019,MIA_RED,ONT_BLU22,McKieFieldStad,TeamExclusive,Team,20251021-McKieFieldStad-Private-1,0be27a60-aeb9-11f0-89b2-a50c3c330392,86.60661,,,7.47335,,,,,,,a0ac1909-84c9-4024-895b-59f38feaa935,2025-10-21,20:03:43.19,2025-10-21T16:03:43.1920000-04:00,2025-10-21T20:03:43.1920000Z,,v3,471355,,,"Raether, Carson",1000338521,Right,MIA_RED,a0141bcc-28f5-43c6-b00f-5e6fd519f5d1,54.55195,-127.98733,13.61212,6.38684,-9.82387,-8.8501,-0.53695,4.73804,-5.1157,,,,,,,,,,,,,,,,,,,,,,,,,,,,,,,,,,,,,,,,,,,,,,,,,,,High,High,High,,,,,
116,2025-10-21,16:06:55.19,8,1,"Pece, Sam",10053008,Left,MIA_RED,"Payne, Evan",10317400,Left,ONT_BLU22,Undefined,4,Top,1,0,0,Fastball,Sinker,BallCalled,Undefined,Undefined,Undefined,0,0,,83.98097,-1.755474,-0.038376,2279.551995,158.579355,11:15,5.77109,-0.86545,6.91574,-21.8471,16.20111,-5.88559,2.35147,-1.39086,77.00191,-5.938937,-1.115966,0.443955,,,,,,,,,,,,3.11685,9.48737,0.86954,50,5.653,0.28393,-122.15481,-4.25832,4.70652,24.20632,-17.84797,MIA_RED,ONT_BLU22,McKieFieldStad,TeamExclusive,Team,20251021-McKieFieldStad-Private-1,7e530c40-aeb9-11f0-89b2-a50c3c330392,84.90155,,,6.97906,,,,,,,a0ac1909-84c9-4024-895b-59f38feaa935,2025-10-21,20:06:55.19,2025-10-21T16:06:55.1900000-04:00,2025-10-21T20:06:55.1900000Z,,v3,471355,,,"Raether, Carson",1000338521,Right,MIA_RED,bdab2321-55b8-4580-9b74-7cb55c901fdf,53.58124,-122.86243,12.10316,5.76986,-3.73657,-8.92399,0.86325,0.14635,2.35326,,,,,,,,,,,,,,,,,,,,,,,,,,,,,,,,,,,,,,,,,,,,,,,,,,,High,High,High,,,,,
117,2025-10-21,16:07:15.77,8,2,"Pece, Sam",10053008,Left,MIA_RED,"Payne, Evan",10317400,Left,ONT_BLU22,Undefined,4,Top,1,1,0,Fastball,Sinker,StrikeSwinging,Undefined,Undefined,Undefined,0,0,,84.50327,-1.310426,1.699224,2241.291153,151.994421,11:00,5.73143,-0.95184,6.99422,-22.07163,15.27568,-7.52032,2.69992,-0.0331,77.66964,-5.535978,0.321062,0.439846,,,,,,,,,,,,4.46394,8.86493,0.84968,50,5.64325,-3.39116,-122.94214,-3.33413,6.8536,23.6591,-18.56355,MIA_RED,ONT_BLU22,McKieFieldStad,TeamExclusive,Team,20251021-McKieFieldStad-Private-1,8a974e80-aeb9-11f0-89b2-a50c3c330392,85.69454,,,6.83363,,,,,,,a0ac1909-84c9-4024-895b-59f38feaa935,2025-10-21,20:07:15.77,2025-10-21T16:07:15.7740000-04:00,2025-10-21T20:07:15.7740000Z,,v3,471355,,,"Raether, Carson",1000338521,Right,MIA_RED,3353e97c-27dd-45e8-b83f-ae6e5d604e55,53.50329,-123.61448,11.82955,5.7305,-2.80659,-9.28177,0.94881,-3.58593,3.4268,,,,,,,,,,,,,,,,,,,,,,,,,,,,,,,,,,,,,,,,,,,,,,,,,,,High,High,High,,,,,
118,2025-10-21,16:07:36.51,8,3,"Pece, Sam",10053008,Left,MIA_RED,"Payne, Evan",10317400,Left,ONT_BLU22,Undefined,4,Top,1,1,1,Fastball,Sinker,FoulBallNotFieldable,Undefined,Undefined,Undefined,0,0,,84.99077,-1.663789,1.477884,2277.904035,151.879427,11:00,5.83124,-0.85745,6.81631,-22.78084,14.43473,-7.10252,2.41398,-0.10071,78.09456,-6.001117,0.180278,0.43907,73.11203,36.118307,-49.266685,4819.233981,64.0748,55.43258,-89.41102,235.26871,136.79713,-60.515553,3.827659,4.17488,8.4693,0.76457,50,5.71531,-2.94176,-123.61158,-4.16543,6.47262,24.17242,-19.04349,MIA_RED,ONT_BLU22,McKieFieldStad,TeamExclusive,Team,20251021-McKieFieldStad-Private-1,96dbdee0-aeb9-11f0-89b2-a50c3c330392,85.84609,56.6717,,6.89621,,,,0.09272,2.30036,0.18213,a0ac1909-84c9-4024-895b-59f38feaa935,2025-10-21,20:07:36.51,2025-10-21T16:07:36.5160000-04:00,2025-10-21T20:07:36.5160000Z,FlyBall,v3,471355,,,"Raether, Carson",1000338521,Right,MIA_RED,bf9ef67c-9075-4716-b3ff-259189799cf5,53.68166,-124.32945,12.08621,5.83061,-3.59988,-9.52175,0.85479,-3.13398,3.23631,,0.09205,56.54388,-13.14914,3.17351,-0.89069,0.29565,-0.08025,0.01265,-0.00082,2.30126,63.18128,-20.70473,1.56447,-0.01975,-0.12619,0.04628,-0.00694,0.00038,0.18254,-65.65007,6.75345,-1.92974,0.58083,-0.18245,0.04518,-0.00669,0.00042,,,,,,,,,,,,,,,,,,,,,,,High,High,High,High,Low,,,
119,2025-10-21,16:08:05.62,8,4,"Pece, Sam",10053008,Left,MIA_RED,"Payne, Evan",10317400,Left,ONT_BLU22,Undefined,4,Top,1,1,2,Slider,Curveball,InPlay,Undefined,LineDrive,Out,2,0,,75.01167,1.046845,0.791717,2141.194704,301.130165,4:00,5.65564,-0.99283,6.20168,-53.16845,-4.18752,9.39249,2.19144,0.52073,69.19994,-8.758235,2.490028,0.503715,60.63638,14.075291,41.369764,2648.632059,,,,113.42727,91.04176,42.867681,1.470661,-4.68555,-2.09441,0.92858,50,5.70738,-1.81865,-109.09998,0.46781,-5.64055,19.41121,-34.69536,MIA_RED,ONT_BLU22,McKieFieldStad,TeamExclusive,Team,20251021-McKieFieldStad-Private-1,a850dd60-aeb9-11f0-89b2-a50c3c330392,74.82888,9.49851,,5.81173,,,,2.18918,2.39067,-0.45751,a0ac1909-84c9-4024-895b-59f38feaa935,2025-10-21,20:08:05.62,2025-10-21T16:08:05.6220000-04:00,2025-10-21T20:08:05.6220000Z,GroundBall,v3,471355,,,"Raether, Carson",1000338521,Right,MIA_RED,96c8ded8-3a0f-4afe-8281-42c91aba9ebc,54.29939,-109.86227,9.7056,5.66225,1.83032,-17.34768,0.99565,-1.59714,-2.82028,,2.18918,64.73705,-7.80092,1.07821,-0.21165,0.02994,-0.00462,0.00095,-0.0001,2.39067,21.62827,-17.0727,1.03648,-0.16903,0.03746,-0.00419,0.00047,-7E-05,-0.45751,57.0127,-3.50461,0.56347,-0.11499,0.01795,-0.00274,0.00051,-5E-05,,,,,,,,,,,,,,,,,,,,,,,High,High,High,High,Medium,,,
120,2025-10-21,16:10:35.90,1,1,"Greaves, Korbin",10909095,Left,ONT_BLU22,"Rasmussen, Jamie",10272616,Right,MIA_RED,Undefined,4,Bottom,0,0,0,ChangeUp,Changeup,BallCalled,Undefined,Undefined,Undefined,0,0,,82.33142,0.827353,0.581842,1770.385299,145.396145,10:45,5.44077,-2.08995,5.59777,-26.03525,16.21914,-10.14615,4.04367,-2.39223,74.13184,-4.08042,-1.228841,0.467851,,,,,,,,,,,,5.27382,8.36867,2.04664,50,5.49517,-0.7869,-119.33143,0.93143,7.49438,26.06787,-20.28173,MIA_RED,ONT_BLU22,McKieFieldStad,TeamExclusive,Team,20251021-McKieFieldStad-Private-1,01af2150-aeba-11f0-89b2-a50c3c330392,80.56507,,,8.19958,,,,,,,a0ac1909-84c9-4024-895b-59f38feaa935,2025-10-21,20:10:35.90,2025-10-21T16:10:35.9080000-04:00,2025-10-21T20:10:35.9080000Z,,v3,471355,,,"Chwedchuk, Justin",10292277,Right,ONT_BLU22,14dc41bc-0d6f-4240-a8c5-a3ba5cdc0d86,54.89536,-120.39607,13.03393,5.44022,1.75975,-10.14086,2.08503,-1.09298,3.74719,,,,,,,,,,,,,,,,,,,,,,,,,,,,,,,,,,,,,,,,,,,,,,,,,,,High,High,High,,,,,
121,2025-10-21,16:10:51.33,1,2,"Greaves, Korbin",10909095,Left,ONT_BLU22,"Rasmussen, Jamie",10272616,Right,MIA_RED,Undefined,4,Bottom,0,1,0,Fastball,Changeup,BallCalled,Undefined,Undefined,Undefined,0,0,,82.60066,-0.999381,5.190188,2199.509401,125.470756,10:15,5.51571,-1.9769,5.93236,-25.9299,15.21733,-19.46544,2.42379,1.22943,75.40655,-5.86258,1.712053,0.461681,,,,,,,,,,,,11.38843,8.47685,1.57239,50,5.42095,-10.09518,-119.54335,-2.8586,16.48427,22.98685,-19.90414,MIA_RED,ONT_BLU22,McKieFieldStad,TeamExclusive,Team,20251021-McKieFieldStad-Private-1,0afc91c0-aeba-11f0-89b2-a50c3c330392,81.6418,,,7.19411,,,,,,,a0ac1909-84c9-4024-895b-59f38feaa935,2025-10-21,20:10:51.33,2025-10-21T16:10:51.3310000-04:00,2025-10-21T20:10:51.3310000Z,,v3,471355,,,"Chwedchuk, Justin",10292277,Right,ONT_BLU22,4ff678ef-d64c-4fb8-a45c-78f90c4197b1,54.56558,-120.41806,11.49343,5.51531,-2.1012,-9.95207,1.96847,-10.72245,8.24214,,,,,,,,,,,,,,,,,,,,,,,,,,,,,,,,,,,,,,,,,,,,,,,,,,,High,High,High,,,,,
122,2025-10-21,16:11:06.05,1,3,"Greaves, Korbin",10909095,Left,ONT_BLU22,"Rasmussen, Jamie",10272616,Right,MIA_RED,Undefined,4,Bottom,0,2,0,Fastball,Changeup,InPlay,Undefined,FlyBall,Double,0,0,,82.84622,0.339446,2.912978,1799.138226,132.295039,10:30,5.25115,-2.23618,5.45761,-28.08257,13.65883,-13.4465,3.22909,-0.6277,75.10054,-4.894236,0.522706,0.465002,90.74045,47.48528,28.167689,4073.299349,92.86486,98.37841,58.95775,325.53327,298.57005,38.849014,5.577086,7.67768,7.18835,1.98899,50,5.26219,-5.55494,-120.05588,-0.19954,11.11713,24.95693,-21.76543,MIA_RED,ONT_BLU22,McKieFieldStad,TeamExclusive,Team,20251021-McKieFieldStad-Private-1,13bf7570-aeba-11f0-89b2-a50c3c330392,81.05864,120.66781,,7.74567,,,,2.73924,3.29027,0.88793,a0ac1909-84c9-4024-895b-59f38feaa935,2025-10-21,20:11:06.05,2025-10-21T16:11:06.0580000-04:00,2025-10-21T20:11:06.0580000Z,FlyBall,v3,471355,,,"Chwedchuk, Justin",10292277,Right,ONT_BLU22,34715413-bbc0-4cd1-b8bd-364a9a9d5fd8,55.03949,-121.09894,12.47846,5.25151,0.71013,-10.88271,2.23087,-6.01958,5.55856,215.643419,2.75382,79.01631,-14.49128,2.31575,0.28468,-0.28457,0.06967,-0.00755,0.00031,3.29048,98.07352,-25.22772,2.61665,-0.20382,-0.11035,0.04507,-0.00658,0.00034,0.887,42.46531,-1.23648,-0.15438,0.13462,-0.05048,0.01187,-0.00156,8E-05,,,,,,,,,,,,,,,,,,,,,,,High,High,High,High,Low,,,
123,2025-10-21,16:11:46.35,2,1,"Greaves, Korbin",10909095,Left,ONT_BLU22,"Christiansen, Hayden",830132,Right,MIA_RED,Undefined,4,Bottom,0,0,0,Fastball,Splitter,FoulBallNotFieldable,Undefined,Undefined,Undefined,0,0,,83.23305,-0.62443,3.5769,2184.5213,134.415098,10:30,5.41101,-2.09022,5.67516,-23.36623,18.4504,-17.11418,2.88055,-0.17751,74.10331,-5.080454,0.524612,0.465421,,,,,,,,,,,,9.82583,10.01623,1.79874,50,5.34404,-6.78746,-120.29743,-1.98423,14.03052,28.89621,-17.87166,MIA_RED,ONT_BLU22,McKieFieldStad,TeamExclusive,Team,20251021-McKieFieldStad-Private-1,2baca450-aeba-11f0-89b2-a50c3c330392,80.9857,,,9.12973,,,,,,,a0ac1909-84c9-4024-895b-59f38feaa935,2025-10-21,20:11:46.35,2025-10-21T16:11:46.3580000-04:00,2025-10-21T20:11:46.3580000Z,,v3,471355,,,"Chwedchuk, Justin",10292277,Right,ONT_BLU22,e024b5ad-ceb2-4679-bbfb-2675f301ceed,54.81643,-121.44885,14.44811,5.40892,-1.27209,-8.93583,2.08034,-7.34654,7.01526,,,,,,,,,,,,,,,,,,,,,,,,,,,,,,,,,,,,,,,,,,,,,,,,,,,High,High,High,,,,,
124,2025-10-21,16:12:05.50,2,2,"Greaves, Korbin",10909095,Left,ONT_BLU22,"Christiansen, Hayden",830132,Right,MIA_RED,Undefined,4,Bottom,0,0,1,Slider,Curveball,BallCalled,Undefined,Undefined,Undefined,0,0,,72.73879,2.774478,-1.91042,2092.06955,315.591172,4:30,5.09496,-2.56352,5.29827,-59.31172,-3.72,5.7991,2.76056,-3.87448,65.00837,-8.096893,-0.881382,0.536632,,,,,,,,,,,,-3.53583,-2.06008,2.733,50,5.30544,3.27798,-105.10761,3.16234,-3.84743,22.34953,-34.41568,MIA_RED,ONT_BLU22,McKieFieldStad,TeamExclusive,Team,20251021-McKieFieldStad-Private-1,371ea270-aeba-11f0-89b2-a50c3c330392,70.23892,,,7.73042,,,,,,,a0ac1909-84c9-4024-895b-59f38feaa935,2025-10-21,20:12:05.50,2025-10-21T16:12:05.5060000-04:00,2025-10-21T20:12:05.5060000Z,,v3,471355,,,"Chwedchuk, Justin",10292277,Right,ONT_BLU22,2d3656d0-2a12-4d5f-94f9-c445742216c9,55.19481,-106.20647,11.17477,5.10836,4.85444,-17.20784,2.56718,3.46714,-1.92372,,,,,,,,,,,,,,,,,,,,,,,,,,,,,,,,,,,,,,,,,,,,,,,,,,,High,High,High,,,,,
125,2025-10-21,16:12:27.17,2,3,"Greaves, Korbin",10909095,Left,ONT_BLU22,"Christiansen, Hayden",830132,Right,MIA_RED,Undefined,4,Bottom,0,1,1,Fastball,Changeup,InPlay,Undefined,Popup,Out,1,0,,82.70132,-1.074722,3.076488,2011.658584,133.775763,10:30,5.47382,-2.0786,5.70061,-28.64293,13.75536,-12.54953,2.08391,-0.25496,73.6522,-6.470635,0.834747,0.468647,72.68655,59.78323,18.389814,,100.05257,105.22759,45.7107,204.51287,204.51287,26.916953,5.013012,7.49823,7.85784,1.82835,50,5.36625,-5.91281,-119.57787,-3.1264,10.5372,29.37933,-21.13147,MIA_RED,ONT_BLU22,McKieFieldStad,TeamExclusive,Team,20251021-McKieFieldStad-Private-1,44167d40-aeba-11f0-89b2-a50c3c330392,80.42828,105.22295,,9.04912,,,,2.03775,2.00555,-0.14045,a0ac1909-84c9-4024-895b-59f38feaa935,2025-10-21,20:12:27.17,2025-10-21T16:12:27.1780000-04:00,2025-10-21T20:12:27.1780000Z,Popup,v3,471355,,,"Chwedchuk, Justin",10292277,Right,ONT_BLU22,cb07bbfa-e8b7-4bee-86f7-eac5403649af,54.79301,-120.74973,14.68967,5.47414,-2.28353,-10.56574,2.07258,-6.3331,5.2686,231.490183,2.05392,50.57765,-5.1648,-0.95302,1.67196,-0.77588,0.17832,-0.02034,0.00092,2.01371,91.9676,-24.21473,1.90118,0.07729,-0.16252,0.04176,-0.00463,0.00019,-0.15867,17.33517,-0.05411,2.86303,-2.91386,1.38688,-0.34893,0.04432,-0.00224,,,,,,,,,,,,,,,,,,,,,,,High,High,High,High,Low,,,
126,2025-10-21,16:13:02.22,3,1,"Greaves, Korbin",10909095,Left,ONT_BLU22,"Kirtley, Ryder",827333,Right,MIA_RED,Undefined,4,Bottom,1,0,0,ChangeUp,Changeup,BallCalled,Undefined,Undefined,Undefined,0,0,,80.70002,0.962967,1.597887,1885.039571,108.903969,9:45,5.22595,-1.88303,5.70948,-34.84793,9.11304,-21.87678,3.21954,-2.21705,72.5585,-5.540758,-2.315381,0.477205,,,,,,,,,,,,11.51001,4.80811,1.76239,50,5.28553,-2.36612,-116.95226,0.86007,15.64461,25.88905,-25.63877,MIA_RED,ONT_BLU22,McKieFieldStad,TeamExclusive,Team,20251021-McKieFieldStad-Private-1,58e57c30-aeba-11f0-89b2-a50c3c330392,78.98584,,,8.14152,,,,,,,a0ac1909-84c9-4024-895b-59f38feaa935,2025-10-21,20:13:02.22,2025-10-21T16:13:02.2260000-04:00,2025-10-21T20:13:02.2260000Z,,v3,471355,,,"Chwedchuk, Justin",10292277,Right,ONT_BLU22,be0c34b4-082c-4441-8073-3933d7a0b122,54.78508,-118.00675,12.94453,5.22923,1.90437,-12.81939,1.87175,-3.00335,7.82231,,,,,,,,,,,,,,,,,,,,,,,,,,,,,,,,,,,,,,,,,,,,,,,,,,,High,High,High,,,,,
127,2025-10-21,16:13:19.84,3,2,"Greaves, Korbin",10909095,Left,ONT_BLU22,"Kirtley, Ryder",827333,Right,MIA_RED,Undefined,4,Bottom,1,1,0,Fastball,Changeup,FoulBallNotFieldable,Undefined,Undefined,Undefined,0,0,,82.78578,-0.036635,2.619765,1836.639335,130.56477,10:15,5.54075,-2.0428,5.40394,-26.40438,15.84753,-16.68095,3.30602,-0.97649,74.38965,-4.992417,-0.344089,0.467837,66.98959,2.62675,160.257804,2732.705585,,,,37.85246,29.63592,159.926246,0.415009,9.24808,8.41701,1.82156,50,5.51961,-4.78236,-119.86378,-0.91534,13.22203,26.90211,-20.14017,MIA_RED,ONT_BLU22,McKieFieldStad,TeamExclusive,Team,20251021-McKieFieldStad-Private-1,637c5c90-aeba-11f0-89b2-a50c3c330392,80.56746,3.31768,,8.39614,,,,2.17524,3.14858,0.84309,a0ac1909-84c9-4024-895b-59f38feaa935,2025-10-21,20:13:19.84,2025-10-21T16:13:19.8430000-04:00,2025-10-21T20:13:19.8430000Z,GroundBall,v3,471355,,,"Chwedchuk, Justin",10292277,Right,ONT_BLU22,3b3c0926-9d29-4c45-b246-cbdf98b94617,55.09157,-121.00114,13.45105,5.54031,-0.06386,-10.07009,2.03556,-5.34135,6.61101,,2.18395,-92.65737,4.1116,,,,,,,3.1556,4.27885,-28.67286,,,,,,,0.84329,33.14688,-9.33419,,,,,,,,,,,,,,,,,,,,,,,,,,,,,High,High,High,High,Medium,,,
128,2025-10-21,16:13:40.73,3,3,"Greaves, Korbin",10909095,Left,ONT_BLU22,"Kirtley, Ryder",827333,Right,MIA_RED,Undefined,4,Bottom,1,1,1,Fastball,Changeup,FoulBallNotFieldable,Undefined,Undefined,Undefined,0,0,,84.04252,-0.678713,4.254848,2209.580881,124.79029,10:15,5.52696,-2.06745,5.85262,-27.79009,12.17894,-15.5845,2.57872,0.59452,76.42332,-5.872429,1.468874,0.455023,63.02182,25.070506,147.308687,3375.725195,,,,124.70252,40.06782,152.922875,1.865059,9.21623,6.82118,1.73048,50,5.45554,-8.43039,-121.72004,-2.3137,13.75207,25.09495,-21.99577,MIA_RED,ONT_BLU22,McKieFieldStad,TeamExclusive,Team,20251021-McKieFieldStad-Private-1,7004acb0-aeba-11f0-89b2-a50c3c330392,82.83636,18.22488,,7.6192,,,,0.46775,2.35676,-0.5907,a0ac1909-84c9-4024-895b-59f38feaa935,2025-10-21,20:13:40.73,2025-10-21T16:13:40.7300000-04:00,2025-10-21T20:13:40.7300000Z,LineDrive,v3,471355,,,"Chwedchuk, Justin",10292277,Right,ONT_BLU22,d2f25722-0529-41c8-ae00-496910a9cb3b,54.64476,-122.67391,12.54747,5.52759,-1.47763,-10.99789,2.06086,-8.95311,6.87603,,0.4678,-70.46524,4.58723,0.84398,0.06087,-0.42364,0.33298,-0.10985,0.0131,2.35676,39.16696,-26.90759,3.9425,-0.94072,0.29903,-0.11984,0.04076,-0.00619,-0.59074,45.22376,-9.96676,1.85561,-0.78094,0.57385,-0.34927,0.11391,-0.01435,,,,,,,,,,,,,,,,,,,,,,,High,High,High,High,Medium,,,
129,2025-10-21,16:14:05.97,3,4,"Greaves, Korbin",10909095,Left,ONT_BLU22,"Kirtley, Ryder",827333,Right,MIA_RED,Undefined,4,Bottom,1,1,2,Curveball,Curveball,StrikeSwinging,Strikeout,Undefined,Undefined,0,0,,74.85399,0.182815,2.310512,2293.863787,352.363001,5:45,5.27654,-2.30599,5.58067,-58.98109,-7.78248,1.28413,0.53232,-0.04003,68.30424,-10.557666,2.540137,0.514992,,,,,,,,,,,,0.10142,-3.54693,2.1064,50,5.25355,-4.42616,-108.53794,-1.53582,0.11897,21.9585,-36.33448,MIA_RED,ONT_BLU22,McKieFieldStad,TeamExclusive,Team,20251021-McKieFieldStad-Private-1,7f021b80-aeba-11f0-89b2-a50c3c330392,73.19035,,,6.54974,,,,,,,a0ac1909-84c9-4024-895b-59f38feaa935,2025-10-21,20:14:05.97,2025-10-21T16:14:05.9780000-04:00,2025-10-21T20:14:05.9780000Z,,v3,471355,,,"Chwedchuk, Justin",10292277,Right,ONT_BLU22,37e78241-979b-4503-ae04-cf7058744c0e,54.91872,-109.52853,10.97925,5.28587,0.1033,-18.16724,2.3062,-4.43153,0.05948,,,,,,,,,,,,,,,,,,,,,,,,,,,,,,,,,,,,,,,,,,,,,,,,,,,High,High,High,,,,,
130,2025-10-21,16:14:53.63,4,1,"Greaves, Korbin",10909095,Left,ONT_BLU22,"Vrlak, Jake",1000131822,Right,MIA_RED,Undefined,4,Bottom,2,0,0,Fastball,Changeup,InPlay,Undefined,Popup,Out,1,0,,83.01029,-1.537384,2.973036,2175.267557,128.027508,10:15,5.44365,-1.95069,5.54893,-26.28273,15.67048,-17.98056,1.81453,-0.66842,74.54977,-6.474036,-0.231076,0.46618,71.97784,65.857795,14.103501,,,,,134.42636,134.33627,19.661932,5.450517,10.11067,8.8904,1.70565,50,5.29357,-5.49515,-120.1183,-4.0463,14.47196,27.67353,-19.44876,MIA_RED,ONT_BLU22,McKieFieldStad,TeamExclusive,Team,20251021-McKieFieldStad-Private-1,9b6fa260-aeba-11f0-89b2-a50c3c330392,80.85379,120.57072,,8.46052,,,,1.72242,2.21604,0.23615,a0ac1909-84c9-4024-895b-59f38feaa935,2025-10-21,20:14:53.63,2025-10-21T16:14:53.6320000-04:00,2025-10-21T20:14:53.6320000Z,Popup,v3,471355,,,"Chwedchuk, Justin",10292277,Right,ONT_BLU22,1fca7dfe-940f-40a1-94c4-3c93f4bbc743,54.94686,-121.25263,13.83677,5.44309,-3.2491,-9.72438,1.94305,-6.08835,7.23598,,1.732,41.67947,-10.26566,1.88912,0.31421,-0.2786,0.07194,-0.00878,0.00042,2.20535,96.52154,-24.30141,3.30808,-1.02911,0.26433,-0.04467,0.00402,-0.00014,0.2383,10.48086,-0.77552,-0.06618,0.15606,-0.0682,0.0149,-0.00165,7E-05,,,,,,,,,,,,,,,,,,,,,,,High,High,High,Medium,Low,,,
131,2025-10-21,16:18:47.12,1,1,"Pece, Sam",10053008,Left,MIA_RED,"Barker, Zach",10321583,Right,ONT_BLU22,Undefined,5,Top,0,0,0,Fastball,Changeup,BallCalled,Undefined,Undefined,Undefined,0,0,,82.47409,-2.023972,-1.191669,2063.537916,135.281579,10:30,5.59647,-0.93872,6.91184,-26.80942,12.93501,-11.50438,1.51803,-2.98278,75.37712,-7.11551,-3.297257,0.453743,,,,,,,,,,,,5.69851,7.90327,1.01632,50,5.45999,2.89573,-119.83628,-4.89733,8.22723,24.70787,-20.76369,MIA_RED,ONT_BLU22,McKieFieldStad,TeamExclusive,Team,20251021-McKieFieldStad-Private-1,26960a50-aebb-11f0-89b2-a50c3c330392,83.07011,,,7.09697,,,,,,,a0ac1909-84c9-4024-895b-59f38feaa935,2025-10-21,20:18:47.12,2025-10-21T16:18:47.1240000-04:00,2025-10-21T20:18:47.1240000Z,,v3,471355,,,"Raether, Carson",1000338521,Right,MIA_RED,ed17b247-4d9f-41b5-b5ea-660e1661cd7c,53.58312,-120.57279,12.35393,5.59675,-4.27839,-10.38184,0.93366,2.65049,4.11362,,,,,,,,,,,,,,,,,,,,,,,,,,,,,,,,,,,,,,,,,,,,,,,,,,,High,High,High,,,,,
132,2025-10-21,16:19:08.58,1,2,"Pece, Sam",10053008,Left,MIA_RED,"Barker, Zach",10321583,Right,ONT_BLU22,Undefined,5,Top,0,1,0,Fastball,Sinker,BallCalled,Undefined,Undefined,Undefined,0,0,,84.07973,0.214662,0.418083,2171.697641,153.884285,11:15,5.70097,-0.94786,6.64915,-23.12777,15.30253,-6.89989,3.97013,-1.14019,76.68484,-4.207002,-0.838187,0.446178,,,,,,,,,,,,3.72414,8.36449,0.92202,50,5.70577,-0.63792,-122.25048,-0.12831,5.61936,24.76119,-19.55281,MIA_RED,ONT_BLU22,McKieFieldStad,TeamExclusive,Team,20251021-McKieFieldStad-Private-1,336379c0-aebb-11f0-89b2-a50c3c330392,84.47845,,,7.39489,,,,,,,a0ac1909-84c9-4024-895b-59f38feaa935,2025-10-21,20:19:08.58,2025-10-21T16:19:08.5890000-04:00,2025-10-21T20:19:08.5890000Z,,v3,471355,,,"Raether, Carson",1000338521,Right,MIA_RED,79aa2c51-a548-4e43-ac10-6281b5c7ac13,53.84624,-123.02704,12.3806,5.70018,0.48491,-9.7764,0.94479,-0.81416,2.80968,,,,,,,,,,,,,,,,,,,,,,,,,,,,,,,,,,,,,,,,,,,,,,,,,,,High,High,High,,,,,
133,2025-10-21,16:19:27.53,1,3,"Pece, Sam",10053008,Left,MIA_RED,"Barker, Zach",10321583,Right,ONT_BLU22,Undefined,5,Top,0,2,0,Fastball,Changeup,FoulBallNotFieldable,Undefined,Undefined,Undefined,0,0,,82.96819,-0.911009,0.831409,2139.01245,147.717165,11:00,5.56438,-0.98339,6.87653,-25.73454,13.72139,-7.80217,2.5895,-0.87587,75.24055,-5.839199,-0.596005,0.452093,69.34958,21.908192,153.991389,2471.300985,,,,,40.91161,,,4.41067,7.98638,0.93309,50,5.49731,-1.48226,-120.5967,-2.54729,6.41278,26.24095,-20.56242,MIA_RED,ONT_BLU22,McKieFieldStad,TeamExclusive,Team,20251021-McKieFieldStad-Private-1,3ea51910-aebb-11f0-89b2-a50c3c330392,83.37327,15.10065,,7.72764,,,,0.57782,2.40521,0.97149,a0ac1909-84c9-4024-895b-59f38feaa935,2025-10-21,20:19:27.53,2025-10-21T16:19:27.5330000-04:00,2025-10-21T20:19:27.5330000Z,,v3,471355,,,"Raether, Carson",1000338521,Right,MIA_RED,b4fe3134-02b3-4171-b64f-4eae34cae81b,53.61979,-121.38179,13.12048,5.56432,-1.9321,-10.28121,0.98031,-1.67412,3.20639,,0.57341,-84.68352,8.31584,,,,,,,2.41862,37.56074,-22.01775,,,,,,,0.98437,41.00468,-10.30781,,,,,,,,,,,,,,,,,,,,,,,,,,,,,High,High,High,High,Undefined,,,
134,2025-10-21,16:19:51.94,1,4,"Pece, Sam",10053008,Left,MIA_RED,"Barker, Zach",10321583,Right,ONT_BLU22,Undefined,5,Top,0,2,1,Fastball,Sinker,FoulBallNotFieldable,Undefined,Undefined,Undefined,0,0,,83.95523,-1.267542,0.944964,2118.489753,146.788808,11:00,5.59768,-1.02024,7.07104,-25.39923,12.37595,-7.34008,2.32995,-0.77392,77.11542,-6.110701,-0.403185,0.442359,68.52726,33.57584,136.023825,3879.304277,,,,,39.48487,,,4.19862,7.34449,0.9655,50,5.51331,-1.7733,-122.19073,-3.31812,6.35112,23.9587,-21.06427,MIA_RED,ONT_BLU22,McKieFieldStad,TeamExclusive,Team,20251021-McKieFieldStad-Private-1,4d345cc0-aebb-11f0-89b2-a50c3c330392,85.20785,22.86815,,6.83981,,,,0.60158,2.14091,0.95746,a0ac1909-84c9-4024-895b-59f38feaa935,2025-10-21,20:19:51.94,2025-10-21T16:19:51.9420000-04:00,2025-10-21T20:19:51.9420000Z,,v3,471355,,,"Raether, Carson",1000338521,Right,MIA_RED,692384b4-7147-4bb6-85f7-088a3f7ba054,53.42701,-122.86084,11.97935,5.59787,-2.72896,-10.53214,1.01758,-1.95094,3.17556,,0.60555,-60.37128,2.47465,,,,,,,2.16067,55.03965,-26.05703,,,,,,,0.96427,57.95715,-7.60407,,,,,,,,,,,,,,,,,,,,,,,,,,,,,High,High,High,High,Undefined,,,
135,2025-10-21,16:20:18.74,1,5,"Pece, Sam",10053008,Left,MIA_RED,"Barker, Zach",10321583,Right,ONT_BLU22,Undefined,5,Top,0,2,2,Fastball,Four-Seam,InPlay,Undefined,FlyBall,Out,1,0,,83.43932,-0.117358,1.544787,2101.75862,168.660006,11:30,5.66446,-0.84796,6.77942,-22.62856,16.00745,-2.97528,3.67157,0.3148,76.53345,-4.444497,1.001991,0.447371,75.08591,62.174733,30.270154,,78.57676,114.20839,76.97849,171.87645,74.93886,46.578611,5.408644,2.00079,8.87949,0.74848,50,5.64794,-3.17182,-121.39146,-0.80153,2.99189,23.28782,-18.8961,MIA_RED,ONT_BLU22,McKieFieldStad,TeamExclusive,Team,20251021-McKieFieldStad-Private-1,5d2a0e40-aebb-11f0-89b2-a50c3c330392,84.25328,119.01729,,6.90587,,,,0.82528,3.41507,-0.32016,a0ac1909-84c9-4024-895b-59f38feaa935,2025-10-21,20:20:18.74,2025-10-21T16:20:18.7470000-04:00,2025-10-21T20:20:18.7470000Z,Popup,v3,471355,,,"Raether, Carson",1000338521,Right,MIA_RED,4710fb7c-4261-4616-a7f9-124333b665d8,53.7185,-122.10274,11.64391,5.66361,-0.22438,-9.44805,0.84675,-3.2632,1.49594,201.879161,0.82671,44.31494,-12.47799,2.49409,0.39563,-0.4352,0.12566,-0.0164,0.00082,3.39928,97.67978,-26.00393,4.19074,-1.53257,0.4382,-0.07392,0.00618,-0.00019,-0.32057,25.94068,0.11558,-0.08529,-0.27859,0.18805,-0.05296,0.00704,-0.00036,,,,,,,,,,,,,,,,,,,,,,,High,High,High,High,Low,,,
136,2025-10-21,16:20:58.53,2,1,"Pece, Sam",10053008,Left,MIA_RED,"Stillo, Sebastian",10320579,Left,ONT_BLU22,Undefined,5,Top,1,0,0,Fastball,Four-Seam,BallCalled,Undefined,Undefined,Undefined,0,0,,84.42191,-2.802303,3.049086,2286.998527,157.406939,11:15,5.6017,-0.62641,7.10459,-20.19974,17.48548,-6.75256,1.37022,1.57993,77.08406,-6.69803,1.810877,0.441832,,,,,,,,,,,,4.49662,10.57056,0.44678,50,5.42806,-6.29761,-122.52368,-6.4415,6.80117,25.34137,-16.18604,MIA_RED,ONT_BLU22,McKieFieldStad,TeamExclusive,Team,20251021-McKieFieldStad-Private-1,74e075b0-aebb-11f0-89b2-a50c3c330392,85.3095,,,7.33785,,,,,,,a0ac1909-84c9-4024-895b-59f38feaa935,2025-10-21,20:20:58.53,2025-10-21T16:20:58.5330000-04:00,2025-10-21T20:20:58.5330000Z,,v3,471355,,,"Raether, Carson",1000338521,Right,MIA_RED,12bc0ff7-8d26-43f7-a9f8-40e050459593,53.39167,-123.22317,12.67069,5.5997,-5.99472,-8.09302,0.62321,-6.48534,3.40059,,,,,,,,,,,,,,,,,,,,,,,,,,,,,,,,,,,,,,,,,,,,,,,,,,,High,High,High,,,,,
137,2025-10-21,16:21:16.42,2,2,"Pece, Sam",10053008,Left,MIA_RED,"Stillo, Sebastian",10320579,Left,ONT_BLU22,Undefined,5,Top,1,1,0,Fastball,Sinker,InPlay,Undefined,FlyBall,Out,1,0,,84.36592,-1.142533,1.439046,2269.69214,154.938171,11:15,5.66621,-1.01744,6.67415,-22.38426,15.68552,-6.77229,2.75518,-0.26507,77.23641,-5.413009,0.205424,0.444081,79.51958,38.606639,-28.666937,4211.001471,93.90516,69.38049,-57.2866,278.64875,272.86684,-34.973242,4.527001,3.99555,8.97237,0.92372,50,5.58058,-2.84416,-122.67992,-3.01512,6.08199,24.53952,-18.51641,MIA_RED,ONT_BLU22,McKieFieldStad,TeamExclusive,Team,20251021-McKieFieldStad-Private-1,7f8b5340-aebb-11f0-89b2-a50c3c330392,84.87748,76.84321,,7.12951,,,,1.07736,2.70824,0.32152,a0ac1909-84c9-4024-895b-59f38feaa935,2025-10-21,20:21:16.42,2025-10-21T16:21:16.4200000-04:00,2025-10-21T20:21:16.4200000Z,FlyBall,v3,471355,,,"Raether, Carson",1000338521,Right,MIA_RED,69fc49dc-6ad2-45e9-a98f-8a779590031c,53.82394,-123.44244,12.26976,5.66533,-2.43975,-9.25821,1.01503,-3.03315,3.041,153.159309,1.07846,79.94401,-15.12443,3.71042,-0.71859,0.12107,-0.02064,0.00295,-0.0002,2.70913,72.74759,-20.19677,1.29296,0.06886,-0.14905,0.05129,-0.00781,0.00045,0.32142,-43.72022,3.46437,-0.61934,0.1132,-0.03422,0.01043,-0.00173,0.00011,,,,,,,,,,,,,,,,,,,,,,,High,High,High,High,Medium,,,
138,2025-10-21,16:21:49.64,3,1,"Pece, Sam",10053008,Left,MIA_RED,"Caminero, Christian",10285482,Right,ONT_BLU22,Undefined,5,Top,2,0,0,Fastball,Four-Seam,StrikeCalled,Undefined,Undefined,Undefined,0,0,,84.29077,-2.750641,1.229513,2315.147221,161.950811,11:30,5.68776,-0.75142,6.58759,-17.5469,21.42289,-6.50599,1.70252,-0.16678,75.96073,-6.169357,0.046346,0.449299,,,,,,,,,,,,3.79622,12.55359,0.66963,50,5.49167,-2.3783,-122.21975,-6.25033,5.641,28.04694,-13.52009,MIA_RED,ONT_BLU22,McKieFieldStad,TeamExclusive,Team,20251021-McKieFieldStad-Private-1,935935e0-aebb-11f0-89b2-a50c3c330392,83.89166,,,8.33004,,,,,,,a0ac1909-84c9-4024-895b-59f38feaa935,2025-10-21,20:21:49.64,2025-10-21T16:21:49.6410000-04:00,2025-10-21T20:21:49.6410000Z,,v3,471355,,,"Raether, Carson",1000338521,Right,MIA_RED,f68d7961-a2d2-4df0-9f8f-455b057768ff,53.90605,-123.11284,14.02347,5.68385,-5.81981,-6.76004,0.74822,-2.55792,2.8205,,,,,,,,,,,,,,,,,,,,,,,,,,,,,,,,,,,,,,,,,,,,,,,,,,,High,High,High,,,,,
139,2025-10-21,16:22:06.11,3,2,"Pece, Sam",10053008,Left,MIA_RED,"Caminero, Christian",10285482,Right,ONT_BLU22,Undefined,5,Top,2,0,1,Fastball,Cutter,FoulBallNotFieldable,Undefined,Undefined,Undefined,0,0,,83.46983,-1.876813,0.936784,2122.924225,175.121164,11:45,5.53756,-1.00161,6.60414,-25.93789,13.17398,-1.01634,1.65601,-0.2281,76.40502,-6.782585,0.751751,0.450117,73.73183,24.077732,51.526276,4793.957774,61.23385,26.30665,91.38015,188.59994,148.01687,59.271194,2.487138,0.80484,7.86166,0.93819,50,5.39885,-1.9472,-121.30072,-4.66535,1.19494,24.50754,-20.50195,MIA_RED,ONT_BLU22,McKieFieldStad,TeamExclusive,Team,20251021-McKieFieldStad-Private-1,9d29e010-aebb-11f0-89b2-a50c3c330392,83.73914,26.53254,,7.06481,,,,0.38245,1.47203,0.36287,a0ac1909-84c9-4024-895b-59f38feaa935,2025-10-21,20:22:06.11,2025-10-21T16:22:06.1190000-04:00,2025-10-21T20:22:06.1190000Z,LineDrive,v3,471355,,,"Raether, Carson",1000338521,Right,MIA_RED,cf32fbfa-cc0b-4099-89c4-e53195fab11c,53.89273,-122.08467,12.25377,5.5376,-4.00953,-10.25097,1.00109,-1.98542,0.59747,,0.38246,61.42591,-15.07216,3.81016,-0.8924,0.20024,-0.0448,0.00741,-0.00057,1.47204,44.11835,-21.20036,1.84881,-0.30767,0.0378,-0.00063,-0.00052,9E-05,0.36287,77.29569,-6.80463,0.99775,-0.10748,-0.00267,0.00542,-0.00158,0.00018,,,,,,,,,,,,,,,,,,,,,,,High,High,High,Medium,Medium,,,
140,2025-10-21,16:22:30.16,3,3,"Pece, Sam",10053008,Left,MIA_RED,"Caminero, Christian",10285482,Right,ONT_BLU22,Undefined,5,Top,2,0,2,ChangeUp,Changeup,FoulBallNotFieldable,Undefined,Undefined,Undefined,0,0,,78.57613,-0.841517,1.133416,1202.408732,116.006033,9:45,5.351,-1.00113,6.28001,-40.50042,5.87599,-7.88843,1.20014,-0.6137,69.55595,-8.470109,-0.295422,0.49014,63.30913,-51.118778,-96.974075,,,,,2.3664,2.35962,-11.428984,0.018726,4.54796,3.95894,0.92112,50,5.27005,-1.96123,-113.75848,-2.82435,5.70445,29.17821,-27.20838,MIA_RED,ONT_BLU22,McKieFieldStad,TeamExclusive,Team,20251021-McKieFieldStad-Private-1,ab86a210-aebb-11f0-89b2-a50c3c330392,76.90142,1.35685,,9.02018,,,,2.45233,1.35685,0.6171,a0ac1909-84c9-4024-895b-59f38feaa935,2025-10-21,20:22:30.16,2025-10-21T16:22:30.1640000-04:00,2025-10-21T20:22:30.1640000Z,GroundBall,v3,471355,,,"Raether, Carson",1000338521,Right,MIA_RED,048af56a-2809-408b-9800-566c85b8c1a1,54.21218,-114.83379,14.5891,5.35566,-1.82164,-13.60419,0.99727,-2.17146,2.85222,,2.45238,-7.09434,,,,,,,,1.35739,-72.45917,,,,,,,,0.61753,-57.99568,,,,,,,,,,,,,,,,,,,,,,,,,,,,,,High,High,High,Low,Low,,,
141,2025-10-21,16:22:58.20,3,4,"Pece, Sam",10053008,Left,MIA_RED,"Caminero, Christian",10285482,Right,ONT_BLU22,Undefined,5,Top,2,0,2,ChangeUp,Slider,FoulBallNotFieldable,Undefined,Undefined,Undefined,0,0,,77.07122,0.465336,1.507194,1011.225049,95.391944,9:15,5.20277,-1.23081,6.40748,-45.33184,3.15225,-9.37296,1.85313,-0.62575,67.44809,-8.115233,-0.193535,0.501154,,,,,,,,,,,,5.5291,2.07591,1.12684,50,5.21654,-2.59547,-111.48798,-0.35475,6.58501,30.04529,-29.70168,MIA_RED,ONT_BLU22,McKieFieldStad,TeamExclusive,Team,20251021-McKieFieldStad-Private-1,bc3b36c0-aebb-11f0-89b2-a50c3c330392,75.21133,,,9.62314,,,,,,,a0ac1909-84c9-4024-895b-59f38feaa935,2025-10-21,20:22:58.20,2025-10-21T16:22:58.2080000-04:00,2025-10-21T20:22:58.2080000Z,,v3,471355,,,"Raether, Carson",1000338521,Right,MIA_RED,bcc47ec5-3388-4fbf-9fac-02a484a31586,54.08318,-112.58299,15.02264,5.20974,0.72774,-14.85084,1.22581,-2.83546,3.29251,,,,,,,,,,,,,,,,,,,,,,,,,,,,,,,,,,,,,,,,,,,,,,,,,,,High,High,High,,,,,
142,2025-10-21,16:24:33.48,3,5,"Pece, Sam",10053008,Left,MIA_RED,"Caminero, Christian",10285482,Right,ONT_BLU22,Undefined,5,Top,2,0,2,ChangeUp,Slider,InPlay,Undefined,GroundBall,Single,0,0,,77.96944,0.530195,0.465697,1345.657428,4.987169,6:15,5.1929,-1.23768,6.41887,-45.8105,-0.43976,-0.17138,1.86278,-0.82385,71.11451,-8.003376,0.434571,0.484796,77.33848,-19.256557,-23.347211,,,,,7.26964,6.93053,-10.920409,0.052472,0.23402,0.03039,1.20453,50,5.21019,-0.91525,-113.32244,-0.25799,0.30099,22.80796,-32.13497,MIA_RED,ONT_BLU22,McKieFieldStad,TeamExclusive,Team,20251021-McKieFieldStad-Private-1,f5046a30-aebb-11f0-89b2-a50c3c330392,77.74902,1.96738,,6.85493,,,,1.96748,1.96738,0.85463,a0ac1909-84c9-4024-895b-59f38feaa935,2025-10-21,20:24:33.48,2025-10-21T16:24:33.4810000-04:00,2025-10-21T20:24:33.4810000Z,GroundBall,v3,471355,,,"Raether, Carson",1000338521,Right,MIA_RED,34730ec0-eda2-4e20-8c1f-6ef531b69532,54.07944,-114.14054,11.40398,5.19878,0.89466,-16.06748,1.23756,-0.92605,0.1505,180,1.9656,98.53806,,,,,,,,1.96809,-37.49366,,,,,,,,0.85544,-42.53348,,,,,,,,,,,,,,,,,,,,,,,,,,,,,,High,High,High,High,High,,,
143,2025-10-21,16:25:18.06,4,1,"Pece, Sam",10053008,Left,MIA_RED,"Vickers, Julien",10285008,Right,ONT_BLU22,Undefined,5,Top,2,0,0,Fastball,Cutter,StrikeCalled,Undefined,Undefined,Undefined,0,0,,83.5249,-1.82692,1.128571,2051.796255,159.627111,11:15,5.68717,-0.80594,6.89629,-24.35698,14.02989,-4.77488,1.99233,-0.17565,76.87131,-6.457656,0.254599,0.445926,,,,,,,,,,,,2.84311,8.32863,0.73624,50,5.56311,-2.23118,-121.49727,-4.47657,4.26182,23.17406,-19.6895,MIA_RED,ONT_BLU22,McKieFieldStad,TeamExclusive,Team,20251021-McKieFieldStad-Private-1,0fa854a0-aebc-11f0-89b2-a50c3c330392,84.52622,,,6.65359,,,,,,,a0ac1909-84c9-4024-895b-59f38feaa935,2025-10-21,20:25:18.06,2025-10-21T16:25:18.0660000-04:00,2025-10-21T20:25:18.0660000Z,,v3,471355,,,"Raether, Carson",1000338521,Right,MIA_RED,520d08cb-b83f-472a-8a39-80867cd09556,53.60124,-122.18223,11.58703,5.68682,-3.89461,-9.84475,0.80405,-2.35715,2.13091,,,,,,,,,,,,,,,,,,,,,,,,,,,,,,,,,,,,,,,,,,,,,,,,,,,High,High,High,,,,,
144,2025-10-21,16:25:39.00,4,2,"Pece, Sam",10053008,Left,MIA_RED,"Vickers, Julien",10285008,Right,ONT_BLU22,Undefined,5,Top,2,0,1,Fastball,Slider,BallCalled,Undefined,Undefined,Undefined,0,0,,82.58714,0.95455,1.291851,2159.280533,158.69822,11:15,5.65443,-0.80898,6.70142,-27.36533,12.37871,-4.33803,4.24707,0.01091,75.36586,-4.249581,0.501519,0.45374,,,,,,,,,,,,2.64063,6.64941,0.7246,50,5.70697,-2.55253,-120.06005,1.28975,3.84611,23.70368,-22.48907,MIA_RED,ONT_BLU22,McKieFieldStad,TeamExclusive,Team,20251021-McKieFieldStad-Private-1,1c1c5970-aebc-11f0-89b2-a50c3c330392,83.07053,,,7.22128,,,,,,,a0ac1909-84c9-4024-895b-59f38feaa935,2025-10-21,20:25:39.00,2025-10-21T16:25:39.0050000-04:00,2025-10-21T20:25:39.0050000Z,,v3,471355,,,"Raether, Carson",1000338521,Right,MIA_RED,b405c911-67e8-446d-9612-0ea454a08906,53.79434,-120.80685,11.85184,5.65517,1.99829,-11.24453,0.80692,-2.67371,1.92305,,,,,,,,,,,,,,,,,,,,,,,,,,,,,,,,,,,,,,,,,,,,,,,,,,,High,High,High,,,,,
145,2025-10-21,16:25:58.98,4,3,"Pece, Sam",10053008,Left,MIA_RED,"Vickers, Julien",10285008,Right,ONT_BLU22,Undefined,5,Top,2,1,1,ChangeUp,Slider,StrikeSwinging,Undefined,Undefined,Undefined,0,0,,77.20877,-0.153648,0.950726,1070.581807,92.41409,9:00,5.38453,-1.13012,6.47318,-44.12853,1.90291,-9.38591,1.56604,-1.03913,70.71162,-8.376258,-0.755658,0.488313,,,,,,,,,,,,5.16292,1.55205,1.06683,50,5.35493,-1.53851,-112.23019,-1.53988,6.54009,21.60385,-30.20802,MIA_RED,ONT_BLU22,McKieFieldStad,TeamExclusive,Team,20251021-McKieFieldStad-Private-1,27e418b0-aebc-11f0-89b2-a50c3c330392,77.18905,,,6.49716,,,,,,,a0ac1909-84c9-4024-895b-59f38feaa935,2025-10-21,20:25:58.98,2025-10-21T16:25:58.9870000-04:00,2025-10-21T20:25:58.9870000Z,,v3,471355,,,"Raether, Carson",1000338521,Right,MIA_RED,9a434676-3755-4b0f-b4ca-e5f4a5fabda2,54.02389,-113.00212,10.80193,5.39067,-0.46052,-15.10401,1.12598,-1.7722,3.27004,,,,,,,,,,,,,,,,,,,,,,,,,,,,,,,,,,,,,,,,,,,,,,,,,,,High,High,High,,,,,
146,2025-10-21,16:26:23.57,4,4,"Pece, Sam",10053008,Left,MIA_RED,"Vickers, Julien",10285008,Right,ONT_BLU22,Undefined,5,Top,2,1,2,ChangeUp,Changeup,BallinDirt,Undefined,Undefined,Undefined,0,0,,78.20064,-0.920189,2.595881,1271.515202,81.269803,8:45,5.28409,-1.15009,6.44481,-45.95562,-0.69158,-14.73635,0.60803,0.00865,71.32596,-9.459059,-0.081669,0.484226,,,,,,,,,,,,8.583,0.34528,0.97239,50,5.19842,-4.64859,-113.5427,-3.13143,11.04742,23.51107,-31.72963,MIA_RED,ONT_BLU22,McKieFieldStad,TeamExclusive,Team,20251021-McKieFieldStad-Private-1,36a8c440-aebc-11f0-89b2-a50c3c330392,77.84059,,,6.87468,,,,,,,a0ac1909-84c9-4024-895b-59f38feaa935,2025-10-21,20:26:23.57,2025-10-21T16:26:23.5780000-04:00,2025-10-21T20:26:23.5780000Z,,v3,471355,,,"Raether, Carson",1000338521,Right,MIA_RED,aafb4432-83db-4275-a597-e633b8e4e1ae,54.05445,-114.37916,11.75554,5.28974,-2.00256,-15.86482,1.14476,-5.04163,5.52371,,,,,,,,,,,,,,,,,,,,,,,,,,,,,,,,,,,,,,,,,,,,,,,,,,,High,High,High,,,,,
147,2025-10-21,16:27:19.05,4,5,"Pece, Sam",10053008,Left,MIA_RED,"Heimbecker, Clark",10287632,Left,ONT_BLU22,Undefined,5,Top,2,0,0,Fastball,Four-Seam,StrikeSwinging,Undefined,Undefined,Undefined,0,0,,83.72198,-0.903748,1.278603,2217.515771,164.298416,11:30,5.74731,-0.67581,6.97858,-22.35415,16.18202,-4.17835,3.06223,0.13908,75.9816,-5.217885,0.51305,0.446792,,,,,,,,,,,,2.60815,9.2956,0.59814,50,5.6837,-2.57053,-121.68862,-2.42948,3.87077,26.16265,-18.37828,MIA_RED,ONT_BLU22,McKieFieldStad,TeamExclusive,Team,20251021-McKieFieldStad-Private-1,57b6fc60-aebc-11f0-89b2-a50c3c330392,84.36235,,,7.74037,,,,,,,a0ac1909-84c9-4024-895b-59f38feaa935,2025-10-21,20:27:19.05,2025-10-21T16:27:19.0590000-04:00,2025-10-21T20:27:19.0590000Z,,v3,471355,,,"Raether, Carson",1000338521,Right,MIA_RED,840336ce-c1cb-4bd4-ad81-7c1cb51bb80e,53.51645,-122.44231,13.08133,5.74606,-1.90004,-9.18914,0.6738,-2.68204,1.93539,,,,,,,,,,,,,,,,,,,,,,,,,,,,,,,,,,,,,,,,,,,,,,,,,,,High,High,High,,,,,
148,2025-10-21,16:27:42.92,4,6,"Pece, Sam",10053008,Left,MIA_RED,"Heimbecker, Clark",10287632,Left,ONT_BLU22,Undefined,5,Top,2,0,1,Slider,Curveball,BallCalled,Undefined,Undefined,Undefined,0,0,,76.01207,-0.248473,-0.183206,1968.141851,285.582252,3:30,5.42911,-1.14075,6.14457,-50.78396,-2.21784,14.13111,0.96751,-0.13245,69.18162,-9.634666,2.372625,0.501578,,,,,,,,,,,,-7.39587,-0.59457,1.14749,50,5.3843,-0.13753,-110.38724,-1.96851,-8.95961,22.98623,-32.89432,MIA_RED,ONT_BLU22,McKieFieldStad,TeamExclusive,Team,20251021-McKieFieldStad-Private-1,66151df0-aebc-11f0-89b2-a50c3c330392,75.14776,,,6.83045,,,,,,,a0ac1909-84c9-4024-895b-59f38feaa935,2025-10-21,20:27:42.92,2025-10-21T16:27:42.9220000-04:00,2025-10-21T20:27:42.9220000Z,,v3,471355,,,"Raether, Carson",1000338521,Right,MIA_RED,ebb30eab-0f19-4ac6-bdb1-8261aad26892,54.35401,-111.29019,11.49311,5.43625,-0.67635,-16.44716,1.14598,0.21443,-4.4798,,,,,,,,,,,,,,,,,,,,,,,,,,,,,,,,,,,,,,,,,,,,,,,,,,,High,High,High,,,,,
149,2025-10-21,16:28:04.26,4,7,"Pece, Sam",10053008,Left,MIA_RED,"Heimbecker, Clark",10287632,Left,ONT_BLU22,Undefined,5,Top,2,1,1,Fastball,Four-Seam,StrikeCalled,Undefined,Undefined,Undefined,0,0,,83.02588,-0.678246,1.910332,2177.526886,168.19048,11:30,5.78715,-0.58127,6.87398,-24.67895,14.45666,-2.75791,3.1121,0.93049,75.80177,-5.396248,1.406316,0.450254,,,,,,,,,,,,2.00669,8.26237,0.4609,50,5.73502,-3.92882,-120.68444,-2.02928,2.94844,24.31036,-20.03424,MIA_RED,ONT_BLU22,McKieFieldStad,TeamExclusive,Team,20251021-McKieFieldStad-Private-1,72b67450-aebc-11f0-89b2-a50c3c330392,83.71375,,,7.22411,,,,,,,a0ac1909-84c9-4024-895b-59f38feaa935,2025-10-21,20:28:04.26,2025-10-21T16:28:04.2630000-04:00,2025-10-21T20:28:04.2630000Z,,v3,471355,,,"Raether, Carson",1000338521,Right,MIA_RED,30fedd19-c5aa-4c15-a741-c9c069f9e8c5,53.6215,-121.41176,12.15518,5.78677,-1.4299,-10.01712,0.57976,-4.01702,1.47422,,,,,,,,,,,,,,,,,,,,,,,,,,,,,,,,,,,,,,,,,,,,,,,,,,,High,High,High,,,,,
150,2025-10-21,16:28:23.57,4,8,"Pece, Sam",10053008,Left,MIA_RED,"Heimbecker, Clark",10287632,Left,ONT_BLU22,Undefined,5,Top,2,1,2,Slider,Slider,BallCalled,Undefined,Undefined,Undefined,0,0,,76.46534,-1.000036,1.085254,2045.33974,278.727108,3:15,5.36586,-0.98853,6.27432,-49.07176,-0.89268,17.60434,0.35447,1.47899,69.23561,-10.089943,4.275141,0.499575,,,,,,,,,,,,-8.79808,0.38433,0.90008,50,5.26864,-2.70782,-110.95065,-3.3436,-10.66993,24.85999,-31.70795,MIA_RED,ONT_BLU22,McKieFieldStad,TeamExclusive,Team,20251021-McKieFieldStad-Private-1,7e40b560-aebc-11f0-89b2-a50c3c330392,75.44903,,,7.22973,,,,,,,a0ac1909-84c9-4024-895b-59f38feaa935,2025-10-21,20:28:23.57,2025-10-21T16:28:23.5750000-04:00,2025-10-21T20:28:23.5750000Z,,v3,471355,,,"Raether, Carson",1000338521,Right,MIA_RED,5f2c9de1-efee-4cba-bc62-51e29ff0cf1d,54.22337,-111.89295,12.43,5.3726,-2.14173,-15.85398,0.99505,-2.30338,-5.33497,,,,,,,,,,,,,,,,,,,,,,,,,,,,,,,,,,,,,,,,,,,,,,,,,,,High,High,High,,,,,
151,2025-10-21,16:28:44.86,4,9,"Pece, Sam",10053008,Left,MIA_RED,"Heimbecker, Clark",10287632,Left,ONT_BLU22,Undefined,5,Top,2,2,2,Fastball,Four-Seam,InPlay,Undefined,GroundBall,Out,1,0,,82.63063,-1.69533,1.684176,2102.379955,163.022045,11:30,5.76194,-0.73234,7.04025,-24.3143,14.81851,-4.14815,2.19456,0.45236,75.81359,-6.342641,0.923198,0.450238,76.928,-23.723639,20.780956,,,,,6.71693,5.36735,9.993646,0.047401,2.70398,8.79142,0.63161,50,5.65107,-3.39999,-120.18604,-4.1246,3.95102,23.51469,-19.32817,MIA_RED,ONT_BLU22,McKieFieldStad,TeamExclusive,Team,20251021-McKieFieldStad-Private-1,8ae2cf10-aebc-11f0-89b2-a50c3c330392,83.71674,2.1572,,6.81704,,,,2.02563,2.1572,-0.57595,a0ac1909-84c9-4024-895b-59f38feaa935,2025-10-21,20:28:44.86,2025-10-21T16:28:44.8620000-04:00,2025-10-21T20:28:44.8620000Z,GroundBall,v3,471355,,,"Raether, Carson",1000338521,Right,MIA_RED,70ad3cd3-2763-4294-b16f-3e3f991c7413,53.45792,-120.8607,11.75734,5.76145,-3.57006,-9.66408,0.73079,-3.51335,1.97551,180,2.02376,96.81944,,,,,,,,2.15808,-45.50907,,,,,,,,-0.57666,36.74143,,,,,,,,,,,,,,,,,,,,,,,,,,,,,,High,High,High,Low,Low,,,
152,,,1,1,"Bechard, Ryan",10163665,Left,ONT_BLU22,"Cruz, Diego",1000178634,Left,MIA_RED,Undefined,5,Bottom,0,0,0,Fastball,,HitByPitch,Undefined,Undefined,Undefined,0,0,,,,,,,,,,,,,,,,,,,,,,,,,,,,,,,,,,,,,,,,,,MIA_RED,ONT_BLU22,McKieFieldStad,TeamExclusive,Team,20251021-McKieFieldStad-Private-1,e6b9b420-aebc-11f0-89b2-a50c3c330392,,,,,,,,,,,a0ac1909-84c9-4024-895b-59f38feaa935,,,,,,v3,471355,,,"Chwedchuk, Justin",10292277,Right,ONT_BLU22,e87732dd-7f05-47f7-9da8-5f65cee01d5a,,,,,,,,,,,,,,,,,,,,,,,,,,,,,,,,,,,,,,,,,,,,,,,,,,,,,,,,,,,,,,,,,,,
153,2025-10-21,16:32:01.88,2,1,"Bechard, Ryan",10163665,Left,ONT_BLU22,"Roa Calcano, Christopher",1000375139,Right,MIA_RED,Undefined,5,Bottom,0,0,0,Fastball,Changeup,BallCalled,Undefined,Undefined,Undefined,0,0,,81.68318,-1.531291,5.848055,2041.278837,118.717527,10:00,5.48314,-2.3311,5.99645,-28.41281,13.50331,-22.20178,1.68869,1.25669,74.89947,-6.831726,1.880617,0.465974,,,,,,,,,,,,12.96457,7.75162,1.88143,50,5.34628,-11.25578,-118.13921,-4.01534,18.39669,21.65371,-21.17451,MIA_RED,ONT_BLU22,McKieFieldStad,TeamExclusive,Team,20251021-McKieFieldStad-Private-1,003412b0-aebd-11f0-89b2-a50c3c330392,80.88953,,,6.78371,,,,,,,a0ac1909-84c9-4024-895b-59f38feaa935,2025-10-21,20:32:01.88,2025-10-21T16:32:01.8840000-04:00,2025-10-21T20:32:01.8840000Z,,v3,471355,,,"Chwedchuk, Justin",10292277,Right,ONT_BLU22,faf429f9-80fa-488e-830e-0ec59adf2f62,54.50295,-118.96169,10.82685,5.48352,-3.21106,-10.58726,2.32223,-11.95455,9.19835,,,,,,,,,,,,,,,,,,,,,,,,,,,,,,,,,,,,,,,,,,,,,,,,,,,High,High,High,,,,,
154,2025-10-21,16:32:32.78,2,2,"Bechard, Ryan",10163665,Left,ONT_BLU22,"Roa Calcano, Christopher",1000375139,Right,MIA_RED,Undefined,5,Bottom,0,1,0,Fastball,Changeup,FoulBallNotFieldable,Undefined,Undefined,Undefined,0,0,,82.7056,-0.305926,3.360978,2077.784527,117.290782,10:00,5.39627,-2.49407,5.80299,-29.76828,11.33229,-19.38391,2.63057,-0.98004,75.52902,-5.849177,-0.107463,0.461419,,,,,,,,,,,,10.88556,6.2591,2.22983,50,5.35337,-6.28619,-119.97645,-1.57625,15.83853,23.59423,-23.067,MIA_RED,ONT_BLU22,McKieFieldStad,TeamExclusive,Team,20251021-McKieFieldStad-Private-1,12a6d220-aebd-11f0-89b2-a50c3c330392,81.68811,,,7.17658,,,,,,,a0ac1909-84c9-4024-895b-59f38feaa935,2025-10-21,20:32:32.78,2025-10-21T16:32:32.7890000-04:00,2025-10-21T20:32:32.7890000Z,,v3,471355,,,"Chwedchuk, Justin",10292277,Right,ONT_BLU22,f18b47aa-e396-4bbc-b7cb-569b96e1fe2e,54.696,-120.89643,11.79712,5.39729,-0.67684,-11.5335,2.48698,-6.90376,7.91927,,,,,,,,,,,,,,,,,,,,,,,,,,,,,,,,,,,,,,,,,,,,,,,,,,,High,High,High,,,,,
155,2025-10-21,16:32:59.81,2,3,"Bechard, Ryan",10163665,Left,ONT_BLU22,"Roa Calcano, Christopher",1000375139,Right,MIA_RED,Undefined,5,Bottom,0,1,1,ChangeUp,Changeup,BallCalled,Undefined,Undefined,Undefined,0,0,,75.65907,-0.777565,2.184436,1701.802506,94.366075,9:15,5.57825,-2.48434,5.5864,-46.90723,3.08744,-17.28135,0.94265,-1.88365,68.92266,-9.379368,-0.905637,0.508901,,,,,,,,,,,,9.39678,2.36484,2.30803,50,5.48127,-3.52877,-109.68205,-2.97118,11.29569,21.79225,-29.33133,MIA_RED,ONT_BLU22,McKieFieldStad,TeamExclusive,Team,20251021-McKieFieldStad-Private-1,22d60a30-aebd-11f0-89b2-a50c3c330392,74.06636,,,6.73641,,,,,,,a0ac1909-84c9-4024-895b-59f38feaa935,2025-10-21,20:32:59.81,2025-10-21T16:32:59.8100000-04:00,2025-10-21T20:32:59.8100000Z,,v3,471355,,,"Chwedchuk, Justin",10292277,Right,ONT_BLU22,ef4b439a-3e69-44de-83c1-e0bf128b366b,54.91043,-110.65338,10.89612,5.58457,-1.66381,-14.66567,2.47653,-4.03224,5.64784,,,,,,,,,,,,,,,,,,,,,,,,,,,,,,,,,,,,,,,,,,,,,,,,,,,High,High,High,,,,,
156,2025-10-21,16:33:15.77,2,4,"Bechard, Ryan",10163665,Left,ONT_BLU22,"Roa Calcano, Christopher",1000375139,Right,MIA_RED,Undefined,5,Bottom,0,2,1,Fastball,Changeup,BallCalled,Undefined,Undefined,Undefined,0,0,,83.0525,0.988621,3.634335,1996.993026,121.971892,10:00,5.55074,-2.28432,5.93818,-27.45828,13.17871,-18.98938,4.18159,-0.49082,75.53473,-4.166461,0.23183,0.458809,,,,,,,,,,,,10.68658,6.86693,2.00449,50,5.6143,-6.88435,-120.40318,1.25413,15.64957,23.90527,-22.11802,MIA_RED,ONT_BLU22,McKieFieldStad,TeamExclusive,Team,20251021-McKieFieldStad-Private-1,2c4d49c0-aebd-11f0-89b2-a50c3c330392,82.15276,,,7.51776,,,,,,,a0ac1909-84c9-4024-895b-59f38feaa935,2025-10-21,20:33:15.77,2025-10-21T16:33:15.7700000-04:00,2025-10-21T20:33:15.7700000Z,,v3,471355,,,"Chwedchuk, Justin",10292277,Right,ONT_BLU22,c50e9001-60f7-4ef4-ba75-53999c05776f,54.55855,-121.30488,11.95263,5.55126,2.08841,-11.05901,2.2753,-7.47465,7.82478,,,,,,,,,,,,,,,,,,,,,,,,,,,,,,,,,,,,,,,,,,,,,,,,,,,High,High,High,,,,,
157,2025-10-21,16:33:33.40,2,5,"Bechard, Ryan",10163665,Left,ONT_BLU22,"Roa Calcano, Christopher",1000375139,Right,MIA_RED,Undefined,5,Bottom,0,3,1,Fastball,Changeup,BallCalled,Walk,Undefined,Undefined,0,0,,80.48453,0.531719,3.680387,1973.803511,128.641432,10:15,5.54228,-2.44545,5.86755,-28.85844,14.73485,-16.56454,3.63236,-0.40244,72.94771,-4.890714,0.716668,0.475205,,,,,,,,,,,,9.49406,7.80823,2.15644,50,5.56882,-6.84719,-116.59939,0.23872,12.9773,23.38015,-21.50112,MIA_RED,ONT_BLU22,McKieFieldStad,TeamExclusive,Team,20251021-McKieFieldStad-Private-1,36b94990-aebd-11f0-89b2-a50c3c330392,79.31822,,,7.53681,,,,,,,a0ac1909-84c9-4024-895b-59f38feaa935,2025-10-21,20:33:33.40,2025-10-21T16:33:33.4020000-04:00,2025-10-21T20:33:33.4020000Z,,v3,471355,,,"Chwedchuk, Justin",10292277,Right,ONT_BLU22,987af173-c009-4d3b-8f50-dfd5c74f9c75,54.62782,-117.52368,11.69008,5.54258,1.08872,-10.75056,2.43727,-7.36023,6.48865,,,,,,,,,,,,,,,,,,,,,,,,,,,,,,,,,,,,,,,,,,,,,,,,,,,High,High,High,,,,,
158,2025-10-21,16:34:14.52,3,1,"Bechard, Ryan",10163665,Left,ONT_BLU22,"Dierks, Marcus",10322729,Left,MIA_RED,Undefined,5,Bottom,0,0,0,Slider,Curveball,BallCalled,Undefined,Undefined,Undefined,0,0,,71.95684,2.877286,2.612338,1851.845914,227.081765,1:30,5.27407,-2.67287,5.84033,-51.09019,4.02484,2.19914,3.69564,-0.06011,64.8959,-6.599641,3.005613,0.534326,,,,,,,,,,,,-0.25693,1.77929,2.45878,50,5.47963,-4.82929,-104.11112,3.76379,-0.2774,20.13436,-30.25294,MIA_RED,ONT_BLU22,McKieFieldStad,TeamExclusive,Team,20251021-McKieFieldStad-Private-1,4f42df80-aebd-11f0-89b2-a50c3c330392,70.542,,,7.06093,,,,,,,a0ac1909-84c9-4024-895b-59f38feaa935,2025-10-21,20:34:14.52,2025-10-21T16:34:14.5270000-04:00,2025-10-21T20:34:14.5270000Z,,v3,471355,,,"Chwedchuk, Justin",10292277,Right,ONT_BLU22,943dd757-e749-4bb8-89ac-bc8455f07e8e,54.65305,-105.00713,10.06718,5.28218,5.1101,-15.12647,2.67342,-4.81695,-0.1387,,,,,,,,,,,,,,,,,,,,,,,,,,,,,,,,,,,,,,,,,,,,,,,,,,,High,High,High,,,,,
159,2025-10-21,16:34:33.83,3,2,"Bechard, Ryan",10163665,Left,ONT_BLU22,"Dierks, Marcus",10322729,Left,MIA_RED,Undefined,5,Bottom,0,1,0,Fastball,Changeup,InPlay,Undefined,Bunt,Out,1,0,,81.1029,-0.602917,2.645128,2038.474183,126.409391,10:15,5.55289,-2.04726,5.95598,-27.86368,14.48064,-17.8221,2.67118,-1.07774,74.29674,-5.819523,-0.555583,0.468348,46.79034,-76.951335,170.961897,,,,,2.87416,2.87416,23.923871,0.042345,9.96587,8.00394,1.84743,50,5.48933,-4.78053,-117.77738,-2.05723,14.00365,22.29027,-20.92727,MIA_RED,ONT_BLU22,McKieFieldStad,TeamExclusive,Team,20251021-McKieFieldStad-Private-1,5ad250b0-aebd-11f0-89b2-a50c3c330392,80.47949,2.85786,,6.80616,,,,3.28135,2.85786,1.06149,a0ac1909-84c9-4024-895b-59f38feaa935,2025-10-21,20:34:33.83,2025-10-21T16:34:33.8320000-04:00,2025-10-21T20:34:33.8320000Z,GroundBall,v3,471355,,,"Chwedchuk, Justin",10292277,Right,ONT_BLU22,2bc38221-d44d-49c9-98f8-22c4d0cb3046,54.54349,-118.63415,11.14514,5.55295,-1.25284,-10.46363,2.04152,-5.31879,7.00183,,3.28234,-15.44746,,,,,,,,2.86219,-67.4899,,,,,,,,1.06133,2.45717,,,,,,,,,,,,,,,,,,,,,,,,,,,,,,High,High,High,Estimated,Estimated,,,
160,2025-10-21,16:35:09.14,4,1,"Bechard, Ryan",10163665,Left,ONT_BLU22,"Breidenbach, Mason",1000074554,Right,MIA_RED,Undefined,5,Bottom,1,0,0,Slider,Curveball,StrikeCalled,Undefined,Undefined,Undefined,0,0,,71.45683,2.497055,1.894333,1838.472,274.193433,3:15,5.37622,-2.42377,5.6019,-54.83235,1.46248,7.47493,3.14068,-0.03181,64.63344,-7.601016,3.226893,0.540015,,,,,,,,,,,,-3.13323,0.57614,2.25675,50,5.55531,-3.69293,-103.45876,2.87293,-3.34011,19.91029,-31.55985,MIA_RED,ONT_BLU22,McKieFieldStad,TeamExclusive,Team,20251021-McKieFieldStad-Private-1,6ff22ec0-aebd-11f0-89b2-a50c3c330392,69.79889,,,6.8234,,,,,,,a0ac1909-84c9-4024-895b-59f38feaa935,2025-10-21,20:35:09.14,2025-10-21T16:35:09.1460000-04:00,2025-10-21T20:35:09.1460000Z,,v3,471355,,,"Chwedchuk, Justin",10292277,Right,ONT_BLU22,f61dc6b3-682b-46e1-b604-1fa6192cf3da,54.89317,-104.39619,9.95514,5.38506,4.35885,-15.77993,2.42692,-3.53567,-1.67006,,,,,,,,,,,,,,,,,,,,,,,,,,,,,,,,,,,,,,,,,,,,,,,,,,,High,High,High,,,,,
161,2025-10-21,16:35:25.68,4,2,"Bechard, Ryan",10163665,Left,ONT_BLU22,"Breidenbach, Mason",1000074554,Right,MIA_RED,Undefined,5,Bottom,1,0,1,Slider,Curveball,BallCalled,Undefined,Undefined,Undefined,0,0,,71.79257,4.164697,2.051946,1976.365852,278.953869,3:15,5.29105,-2.51826,5.61681,-56.20279,-0.61429,15.65154,4.50362,0.70186,65.12636,-6.16671,4.836343,0.536616,,,,,,,,,,,,-7.21504,-0.9713,2.33311,50,5.61164,-4.29009,-103.85735,5.86959,-7.79781,19.09776,-33.22381,MIA_RED,ONT_BLU22,McKieFieldStad,TeamExclusive,Team,20251021-McKieFieldStad-Private-1,79ca5300-aebd-11f0-89b2-a50c3c330392,70.24096,,,6.66621,,,,,,,a0ac1909-84c9-4024-895b-59f38feaa935,2025-10-21,20:35:25.68,2025-10-21T16:35:25.6840000-04:00,2025-10-21T20:35:25.6840000Z,,v3,471355,,,"Chwedchuk, Justin",10292277,Right,ONT_BLU22,dab7e6a7-a312-4974-8969-57bb9a545e12,54.88035,-104.75093,9.54888,5.30063,7.42412,-16.61191,2.52531,-3.92523,-3.8989,,,,,,,,,,,,,,,,,,,,,,,,,,,,,,,,,,,,,,,,,,,,,,,,,,,High,High,High,,,,,
162,2025-10-21,16:35:42.23,4,3,"Bechard, Ryan",10163665,Left,ONT_BLU22,"Breidenbach, Mason",1000074554,Right,MIA_RED,Undefined,5,Bottom,1,1,1,Fastball,Changeup,FoulBallNotFieldable,Undefined,Undefined,Undefined,0,0,,81.11533,-0.417774,3.839963,1920.993764,129.829632,10:15,5.53834,-2.24382,6.14271,-29.31222,12.97513,-13.89079,2.70872,0.1524,73.99541,-5.919895,1.341533,0.468033,64.66578,21.19383,-162.29992,3653.632936,-108.12172,10.99524,-20.23828,138.7886,43.80449,-172.077139,1.85853,8.30662,7.23776,1.95812,50,5.49131,-7.38307,-117.62709,-1.69856,11.59914,23.00756,-22.06741,MIA_RED,ONT_BLU22,McKieFieldStad,TeamExclusive,Team,20251021-McKieFieldStad-Private-1,839a8800-aebd-11f0-89b2-a50c3c330392,80.53369,16.67203,,7.11992,,,,1.45334,2.70336,-0.16903,a0ac1909-84c9-4024-895b-59f38feaa935,2025-10-21,20:35:42.23,2025-10-21T16:35:42.2350000-04:00,2025-10-21T20:35:42.2350000Z,LineDrive,v3,471355,,,"Chwedchuk, Justin",10292277,Right,ONT_BLU22,46524a35-33fd-4ad3-82cd-4d5e65055bcb,54.35518,-118.47589,11.50378,5.53896,-0.88445,-11.0337,2.23839,-7.81099,5.79957,58.860933,1.4533,-84.23921,5.8884,-0.48272,-0.05402,0.08958,0.00514,-0.02894,0.0074,2.70337,34.2872,-22.80363,2.35759,-0.212,-0.1758,0.19299,-0.0773,0.01119,-0.1691,-26.87969,8.98161,0.08976,-0.23571,0.12302,0.08975,-0.09323,0.02031,,,,,,,,,,,,,,,,,,,,,,,High,High,High,High,Low,,,
163,2025-10-21,16:36:04.35,4,4,"Bechard, Ryan",10163665,Left,ONT_BLU22,"Breidenbach, Mason",1000074554,Right,MIA_RED,Undefined,5,Bottom,1,1,2,Slider,Curveball,FoulBallNotFieldable,Undefined,Undefined,Undefined,0,0,,70.46405,3.384464,1.823432,1961.264953,291.058794,3:45,5.28054,-2.45282,5.57777,-62.79169,-4.81449,17.75296,3.2141,0.73015,63.89561,-8.122049,4.984574,0.548025,61.04796,50.954437,-110.439865,5014.766488,,,,,13.86597,,,-8.37331,-2.9587,2.284,50,5.53122,-3.87152,-102.02141,4.15809,-8.67394,19.4685,-35.23895,MIA_RED,ONT_BLU22,McKieFieldStad,TeamExclusive,Team,20251021-McKieFieldStad-Private-1,90d18eb0-aebd-11f0-89b2-a50c3c330392,68.77874,19.25586,,6.56843,,,,1.08605,3.22066,-0.73476,a0ac1909-84c9-4024-895b-59f38feaa935,2025-10-21,20:36:04.35,2025-10-21T16:36:04.3510000-04:00,2025-10-21T20:36:04.3510000Z,,v3,471355,,,"Chwedchuk, Justin",10292277,Right,ONT_BLU22,e0e8ff06-cbc9-42c2-bda9-b816b16a1f0a,54.92139,-102.95626,9.73425,5.29093,5.85022,-17.61948,2.45991,-3.45501,-4.33697,,1.08463,-19.62009,9.60496,,,,,,,3.22035,69.55554,-15.04646,,,,,,,-0.73474,-52.85244,1.46946,,,,,,,,,,,,,,,,,,,,,,,,,,,,,High,High,High,Medium,Undefined,,,
164,2025-10-21,16:36:25.72,4,5,"Bechard, Ryan",10163665,Left,ONT_BLU22,"Breidenbach, Mason",1000074554,Right,MIA_RED,Undefined,5,Bottom,1,1,2,Fastball,Changeup,InPlay,Undefined,GroundBall,Error,0,1,,83.82345,-1.266044,3.938254,2080.411078,123.042535,10:00,5.52071,-2.03898,6.06535,-24.51698,15.52509,-21.66907,2.30302,-0.19437,75.82087,-5.907834,0.045015,0.455438,67.78526,-24.264667,13.003323,,,,,5.85016,5.51537,13.258858,0.054965,12.38666,8.8041,1.74474,50,5.40935,-7.51061,-121.4258,-3.39184,18.28136,26.32114,-19.18014,MIA_RED,ONT_BLU22,McKieFieldStad,TeamExclusive,Team,20251021-McKieFieldStad-Private-1,9d89ef80-aebd-11f0-89b2-a50c3c330392,82.76079,2.25343,,8.00257,,,,0.8234,2.25343,0.21693,a0ac1909-84c9-4024-895b-59f38feaa935,2025-10-21,20:36:25.72,2025-10-21T16:36:25.7270000-04:00,2025-10-21T20:36:25.7270000Z,GroundBall,v3,471355,,,"Chwedchuk, Justin",10292277,Right,ONT_BLU22,b95d684a-61ff-4676-abfe-6d89a3fe77a9,54.43216,-122.38278,13.16057,5.51999,-2.69449,-9.59007,2.02989,-8.17528,9.14068,180,0.8207,88.61638,,,,,,,,2.25468,-40.99735,,,,,,,,0.2163,20.46412,,,,,,,,,,,,,,,,,,,,,,,,,,,,,,High,High,High,High,High,,,
165,2025-10-21,16:37:08.94,5,1,"Bechard, Ryan",10163665,Left,ONT_BLU22,"Buffington, Matthew",825106,Right,MIA_RED,Undefined,5,Bottom,1,0,0,Fastball,Changeup,BallCalled,Undefined,Undefined,Undefined,0,0,,83.76605,0.11894,2.284972,2075.312966,112.417133,9:45,5.50965,-2.49082,5.76396,-29.99065,10.43422,-21.88084,3.12121,-2.18648,75.83593,-5.481681,-1.632053,0.45761,,,,,,,,,,,,11.75064,5.70189,2.31458,50,5.5016,-3.9358,-121.48485,-0.71226,17.36954,26.21964,-23.74562,MIA_RED,ONT_BLU22,McKieFieldStad,TeamExclusive,Team,20251021-McKieFieldStad-Private-1,b75b95d0-aebd-11f0-89b2-a50c3c330392,82.368,,,7.93011,,,,,,,a0ac1909-84c9-4024-895b-59f38feaa935,2025-10-21,20:37:08.94,2025-10-21T16:37:08.9480000-04:00,2025-10-21T20:37:08.9480000Z,,v3,471355,,,"Chwedchuk, Justin",10292277,Right,ONT_BLU22,31c98a72-ceaa-4705-b2b2-bc9c039cdbe2,54.73232,-122.50195,13.10982,5.51137,0.20887,-11.87281,2.48032,-4.60959,8.68477,,,,,,,,,,,,,,,,,,,,,,,,,,,,,,,,,,,,,,,,,,,,,,,,,,,High,High,High,,,,,
166,2025-10-21,16:37:27.35,5,2,"Bechard, Ryan",10163665,Left,ONT_BLU22,"Buffington, Matthew",825106,Right,MIA_RED,Undefined,5,Bottom,1,1,0,Fastball,Changeup,FoulBallNotFieldable,Undefined,Undefined,Undefined,0,0,,82.52365,-0.365423,3.898608,2136.605787,121.487777,10:00,5.49049,-2.38602,6.12564,-26.73608,14.50599,-21.27253,2.9239,-0.54934,74.52635,-5.425955,0.072917,0.462212,,,,,,,,,,,,12.24383,8.02796,2.09857,50,5.44868,-7.34048,-119.57853,-1.52261,17.49948,25.83392,-20.70009,MIA_RED,ONT_BLU22,McKieFieldStad,TeamExclusive,Team,20251021-McKieFieldStad-Private-1,c257eec0-aebd-11f0-89b2-a50c3c330392,81.54788,,,7.9973,,,,,,,a0ac1909-84c9-4024-895b-59f38feaa935,2025-10-21,20:37:27.35,2025-10-21T16:37:27.3580000-04:00,2025-10-21T20:37:27.3580000Z,,v3,471355,,,"Chwedchuk, Justin",10292277,Right,ONT_BLU22,1e079d6a-91da-4207-b9c6-eed9d763d5a7,54.37211,-120.51939,12.91696,5.49041,-0.76873,-10.35004,2.37751,-7.9778,8.74974,,,,,,,,,,,,,,,,,,,,,,,,,,,,,,,,,,,,,,,,,,,,,,,,,,,High,High,High,,,,,
167,2025-10-21,16:37:47.55,5,3,"Bechard, Ryan",10163665,Left,ONT_BLU22,"Buffington, Matthew",825106,Right,MIA_RED,Undefined,5,Bottom,1,1,1,ChangeUp,Changeup,BallCalled,Undefined,Undefined,Undefined,0,0,,74.96494,-0.717106,4.431273,1525.478473,97.527631,9:15,5.61202,-2.1842,5.85748,-46.11152,3.75634,-16.62946,1.10113,0.55518,69.15661,-9.17569,1.45391,0.508255,,,,,,,,,,,,9.73308,2.57886,1.83385,50,5.52664,-7.83532,-108.66248,-2.7391,11.66159,18.6667,-29.08419,MIA_RED,ONT_BLU22,McKieFieldStad,TeamExclusive,Team,20251021-McKieFieldStad-Private-1,ce53b650-aebd-11f0-89b2-a50c3c330392,74.16049,,,5.80832,,,,,,,a0ac1909-84c9-4024-895b-59f38feaa935,2025-10-21,20:37:47.55,2025-10-21T16:37:47.5500000-04:00,2025-10-21T20:37:47.5500000Z,,v3,471355,,,"Chwedchuk, Justin",10292277,Right,ONT_BLU22,11d9f795-b7c7-4b5c-8094-1701eea8d216,54.64223,-109.45705,9.33335,5.61689,-1.5011,-14.54209,2.17793,-8.3317,5.8308,,,,,,,,,,,,,,,,,,,,,,,,,,,,,,,,,,,,,,,,,,,,,,,,,,,High,High,High,,,,,
168,2025-10-21,16:38:04.77,5,4,"Bechard, Ryan",10163665,Left,ONT_BLU22,"Buffington, Matthew",825106,Right,MIA_RED,Undefined,5,Bottom,1,2,1,Fastball,Changeup,StrikeSwinging,Undefined,Undefined,Undefined,0,0,,81.89545,0.74302,2.718988,2044.115112,113.139506,9:45,5.46504,-2.32747,6.05503,-31.14947,10.58816,-21.46068,3.55782,-1.59722,74.28176,-5.101406,-1.141301,0.464981,,,,,,,,,,,,11.78823,5.65559,2.12704,50,5.5063,-4.80452,-118.818,0.60927,16.713,24.51993,-24.15573,MIA_RED,ONT_BLU22,McKieFieldStad,TeamExclusive,Team,20251021-McKieFieldStad-Private-1,d87825d0-aebd-11f0-89b2-a50c3c330392,81.06232,,,7.61369,,,,,,,a0ac1909-84c9-4024-895b-59f38feaa935,2025-10-21,20:38:04.77,2025-10-21T16:38:04.7710000-04:00,2025-10-21T20:38:04.7710000Z,,v3,471355,,,"Chwedchuk, Justin",10292277,Right,ONT_BLU22,b248d09a-e832-431f-86e2-7243d2a33885,54.44192,-119.73115,12.25997,5.46686,1.50886,-12.07787,2.31756,-5.42693,8.3565,,,,,,,,,,,,,,,,,,,,,,,,,,,,,,,,,,,,,,,,,,,,,,,,,,,High,High,High,,,,,
169,2025-10-21,16:38:28.02,5,5,"Bechard, Ryan",10163665,Left,ONT_BLU22,"Buffington, Matthew",825106,Right,MIA_RED,Undefined,5,Bottom,1,2,2,Fastball,Changeup,InPlay,Undefined,FlyBall,Triple,0,2,,83.39803,-0.279987,4.453076,2025.529246,118.241886,10:00,5.51942,-2.28662,6.09258,-28.69521,11.69194,-19.13048,2.86839,0.24641,75.49698,-5.674982,1.018421,0.457397,72.08853,36.916996,33.514877,4374.136574,86.3277,56.01343,68.17276,256.82773,210.78226,42.06185,3.849203,11.21894,6.52536,1.95286,50,5.48275,-8.6614,-120.77306,-1.44629,16.40711,25.68448,-22.63107,MIA_RED,ONT_BLU22,McKieFieldStad,TeamExclusive,Team,20251021-McKieFieldStad-Private-1,e677d3b0-aebd-11f0-89b2-a50c3c330392,82.40645,57.82976,,7.90105,,,,0.46762,2.85317,-0.0926,a0ac1909-84c9-4024-895b-59f38feaa935,2025-10-21,20:38:28.02,2025-10-21T16:38:28.0210000-04:00,2025-10-21T20:38:28.0210000Z,FlyBall,v3,471355,,,"Chwedchuk, Justin",10292277,Right,ONT_BLU22,045fd19f-7b67-4f4f-869f-114e66916052,54.40477,-121.70621,12.84224,5.52036,-0.62407,-11.31554,2.27837,-9.25749,8.20356,,0.46931,70.43472,-11.56719,2.60002,-0.16431,-0.10806,0.02334,0.00124,-0.00045,2.85473,63.45553,-20.15623,0.81773,0.61372,-0.51949,0.18917,-0.03294,0.0022,-0.09189,46.65141,0.36199,-0.83618,0.47749,-0.21727,0.0679,-0.01167,0.00081,,,,,,,,,,,,,,,,,,,,,,,High,High,High,High,Medium,,,
170,2025-10-21,16:39:13.70,6,1,"Bechard, Ryan",10163665,Left,ONT_BLU22,"Harrison, Tommy",811731,Left,MIA_RED,Undefined,5,Bottom,1,0,0,Slider,Curveball,BallCalled,Undefined,Undefined,Undefined,0,0,,71.42425,3.06294,2.659859,1906.648098,271.882994,3:00,5.29673,-2.45043,5.65794,-54.62405,1.58169,11.10631,3.60687,0.95732,64.70984,-6.998236,4.637711,0.539587,,,,,,,,,,,,-4.73071,0.46744,2.21828,50,5.52246,-5.20117,-103.34718,3.91657,-5.04427,19.48847,-31.67561,MIA_RED,ONT_BLU22,McKieFieldStad,TeamExclusive,Team,20251021-McKieFieldStad-Private-1,01a2ef80-aebe-11f0-89b2-a50c3c330392,69.85421,,,6.71442,,,,,,,a0ac1909-84c9-4024-895b-59f38feaa935,2025-10-21,20:39:13.70,2025-10-21T16:39:13.7090000-04:00,2025-10-21T20:39:13.7090000Z,,v3,471355,,,"Chwedchuk, Justin",10292277,Right,ONT_BLU22,ef5a5295-5d2d-46f2-83fa-c0900c8e7d07,54.83757,-104.25542,9.74424,5.30554,5.39278,-15.83781,2.4552,-4.96609,-2.52213,,,,,,,,,,,,,,,,,,,,,,,,,,,,,,,,,,,,,,,,,,,,,,,,,,,High,High,High,,,,,
171,2025-10-21,16:39:27.21,6,2,"Bechard, Ryan",10163665,Left,ONT_BLU22,"Harrison, Tommy",811731,Left,MIA_RED,Undefined,5,Bottom,1,1,0,Fastball,Changeup,FoulBallNotFieldable,Undefined,Undefined,Undefined,0,0,,84.02441,-0.344799,3.171666,1982.85564,124.02339,10:15,5.49362,-2.23694,6.1195,-25.77994,13.90973,-18.53678,3.02603,-0.84649,75.99908,-5.221295,-0.165043,0.45343,67.38183,10.483335,-171.88029,3026.204049,,,,86.48399,41.79673,-177.556351,1.010351,10.57103,7.69225,2.00346,50,5.45382,-6.0323,-121.84816,-1.48147,15.70834,26.53281,-20.74351,MIA_RED,ONT_BLU22,McKieFieldStad,TeamExclusive,Team,20251021-McKieFieldStad-Private-1,09abaaf0-aebe-11f0-89b2-a50c3c330392,83.12736,6.6431,,8.02533,,,,1.73208,2.95112,0.86912,a0ac1909-84c9-4024-895b-59f38feaa935,2025-10-21,20:39:27.21,2025-10-21T16:39:27.2150000-04:00,2025-10-21T20:39:27.2150000Z,GroundBall,v3,471355,,,"Chwedchuk, Justin",10292277,Right,ONT_BLU22,76d63291-0fcf-44f6-9c7c-279b3006c79c,54.37781,-122.79774,13.2664,5.49356,-0.73908,-10.37176,2.22941,-6.59449,7.85417,62.867523,1.72685,-96.13478,8.81879,,,,,,,3.03925,16.79053,-19.67486,,,,,,,0.7836,-12.55897,8.12507,,,,,,,,,,,,,,,,,,,,,,,,,,,,,High,High,High,High,Medium,,,
172,2025-10-21,16:39:45.67,6,3,"Bechard, Ryan",10163665,Left,ONT_BLU22,"Harrison, Tommy",811731,Left,MIA_RED,Undefined,5,Bottom,1,1,1,Slider,Curveball,StrikeCalled,Undefined,Undefined,Undefined,0,0,,68.65104,4.042893,0.862818,2116.845767,299.583276,4:00,5.35815,-2.43344,5.52857,-66.90055,-6.3217,14.54942,3.56914,-0.41436,62.77886,-8.174054,3.453393,0.560185,,,,,,,,,,,,-7.0341,-3.71481,2.34871,50,5.66567,-2.00517,-99.46616,5.04078,-7.00739,16.78939,-35.87474,MIA_RED,ONT_BLU22,McKieFieldStad,TeamExclusive,Team,20251021-McKieFieldStad-Private-1,14a767a0-aebe-11f0-89b2-a50c3c330392,67.28564,,,5.87218,,,,,,,a0ac1909-84c9-4024-895b-59f38feaa935,2025-10-21,20:39:45.67,2025-10-21T16:39:45.6780000-04:00,2025-10-21T20:39:45.6780000Z,,v3,471355,,,"Chwedchuk, Justin",10292277,Right,ONT_BLU22,a7bdcb16-fc25-41f0-89ba-6594c05c6252,54.97161,-100.30183,8.3947,5.37033,6.8264,-17.93737,2.43983,-1.65638,-3.5037,,,,,,,,,,,,,,,,,,,,,,,,,,,,,,,,,,,,,,,,,,,,,,,,,,,High,High,High,,,,,
173,2025-10-21,16:40:00.99,6,4,"Bechard, Ryan",10163665,Left,ONT_BLU22,"Harrison, Tommy",811731,Left,MIA_RED,Undefined,5,Bottom,1,1,2,Slider,Curveball,BallCalled,Undefined,Undefined,Undefined,0,0,,69.31329,4.020667,1.466053,2117.758203,293.444502,3:45,5.50826,-2.26134,5.50942,-65.7257,-5.50469,17.6154,3.79842,0.57787,62.67508,-8.018005,4.598315,0.558529,,,,,,,,,,,,-8.29587,-3.35807,2.12167,50,5.8162,-3.19794,-100.26376,5.071,-8.29231,18.94139,-35.53067,MIA_RED,ONT_BLU22,McKieFieldStad,TeamExclusive,Team,20251021-McKieFieldStad-Private-1,1dcb3000-aebe-11f0-89b2-a50c3c330392,67.48524,,,6.63821,,,,,,,a0ac1909-84c9-4024-895b-59f38feaa935,2025-10-21,20:40:00.99,2025-10-21T16:40:00.9930000-04:00,2025-10-21T20:40:00.9930000Z,,v3,471355,,,"Chwedchuk, Justin",10292277,Right,ONT_BLU22,172696a0-ee86-49c8-84d9-dfd14723e892,54.98855,-101.20179,9.4707,5.52151,6.83057,-17.76534,2.26987,-2.78728,-4.14615,,,,,,,,,,,,,,,,,,,,,,,,,,,,,,,,,,,,,,,,,,,,,,,,,,,High,High,High,,,,,
174,2025-10-21,16:40:17.23,6,5,"Bechard, Ryan",10163665,Left,ONT_BLU22,"Harrison, Tommy",811731,Left,MIA_RED,Undefined,5,Bottom,1,2,2,Fastball,Changeup,BallCalled,Undefined,Undefined,Undefined,0,0,,82.7055,1.050557,2.468328,1955.614007,124.452508,10:15,5.53668,-2.29727,5.92166,-27.25824,14.7632,-19.04005,4.24103,-1.59205,73.3642,-4.141452,-0.947254,0.466559,,,,,,,,,,,,10.49024,7.6367,2.10971,50,5.60578,-4.3637,-119.66072,1.40662,14.76243,29.4185,-21.42731,MIA_RED,ONT_BLU22,McKieFieldStad,TeamExclusive,Team,20251021-McKieFieldStad-Private-1,276efdd0-aebe-11f0-89b2-a50c3c330392,80.78812,,,9.3413,,,,,,,a0ac1909-84c9-4024-895b-59f38feaa935,2025-10-21,20:40:17.23,2025-10-21T16:40:17.2340000-04:00,2025-10-21T20:40:17.2340000Z,,v3,471355,,,"Chwedchuk, Justin",10292277,Right,ONT_BLU22,e19ec6c9-d311-48e0-8d3b-7188b99f0969,54.56953,-120.77891,14.70925,5.53684,2.22106,-10.71365,2.28624,-4.92482,7.38121,,,,,,,,,,,,,,,,,,,,,,,,,,,,,,,,,,,,,,,,,,,,,,,,,,,High,High,High,,,,,
175,2025-10-21,16:40:36.14,6,6,"Bechard, Ryan",10163665,Left,ONT_BLU22,"Harrison, Tommy",811731,Left,MIA_RED,Undefined,5,Bottom,1,3,2,Fastball,Changeup,InPlay,Undefined,LineDrive,Out,1,0,,80.74876,-0.271366,3.403271,1927.080801,118.641713,10:00,5.44217,-2.15593,6.14524,-30.08565,12.72414,-20.61332,2.68384,-0.72523,73.34003,-5.930671,-0.308863,0.470915,71.37846,17.103095,25.38754,2931.717658,98.55847,15.92868,48.84897,176.58861,149.80765,26.946168,2.008174,11.71886,7.08268,1.90722,50,5.40601,-6.20581,-117.1273,-1.41281,16.14308,23.85403,-22.41746,MIA_RED,ONT_BLU22,McKieFieldStad,TeamExclusive,Team,20251021-McKieFieldStad-Private-1,32c49a50-aebe-11f0-89b2-a50c3c330392,80.04081,16.83508,,7.40873,,,,1.76364,2.7482,0.71423,a0ac1909-84c9-4024-895b-59f38feaa935,2025-10-21,20:40:36.14,2025-10-21T16:40:36.1400000-04:00,2025-10-21T20:40:36.1400000Z,LineDrive,v3,471355,,,"Chwedchuk, Justin",10292277,Right,ONT_BLU22,c7fe541f-61a1-4bfb-98ef-0a6663dbb67e,54.3531,-118.01052,11.92701,5.44295,-0.58279,-11.20873,2.14807,-6.80353,8.07154,236.589316,1.76365,90.39524,-8.80696,1.68367,-0.28227,-0.0144,0.03565,-0.01357,0.00195,2.74819,30.78832,-17.70989,1.12266,-0.22827,0.079,-0.03208,0.01034,-0.00141,0.71424,42.8987,-2.07985,0.21028,0.01792,-0.03826,0.02313,-0.00742,0.00099,,,,,,,,,,,,,,,,,,,,,,,High,High,High,High,High,,,
176,2025-10-21,16:41:05.27,7,1,"Bechard, Ryan",10163665,Left,ONT_BLU22,"Rasmussen, Jamie",10272616,Right,MIA_RED,Undefined,5,Bottom,2,0,0,Fastball,Changeup,BallCalled,Undefined,Undefined,Undefined,0,0,,83.82805,1.087346,3.987935,2012.910018,118.424862,10:00,5.43909,-2.25574,6.21521,-29.3736,10.07654,-16.27261,3.99728,0.07431,76.3592,-4.426708,1.059123,0.45206,,,,,,,,,,,,9.50867,5.29953,1.96427,50,5.50611,-7.84346,-121.5476,1.43683,14.20394,24.15256,-24.25763,MIA_RED,ONT_BLU22,McKieFieldStad,TeamExclusive,Team,20251021-McKieFieldStad-Private-1,4457f640-aebe-11f0-89b2-a50c3c330392,83.37935,,,7.46886,,,,,,,a0ac1909-84c9-4024-895b-59f38feaa935,2025-10-21,20:41:05.27,2025-10-21T16:41:05.2760000-04:00,2025-10-21T20:41:05.2760000Z,,v3,471355,,,"Chwedchuk, Justin",10292277,Right,ONT_BLU22,df07e166-0e38-4511-b758-41d7db0ea8f6,54.28216,-122.39555,12.07628,5.44072,2.28847,-12.12882,2.24839,-8.34213,7.10197,,,,,,,,,,,,,,,,,,,,,,,,,,,,,,,,,,,,,,,,,,,,,,,,,,,High,High,High,,,,,
177,2025-10-21,16:41:18.77,7,2,"Bechard, Ryan",10163665,Left,ONT_BLU22,"Rasmussen, Jamie",10272616,Right,MIA_RED,Undefined,5,Bottom,2,1,0,Fastball,Changeup,StrikeCalled,Undefined,Undefined,Undefined,0,0,,80.6581,0.894242,2.702954,1971.301,100.496974,9:15,5.44627,-2.46335,5.92279,-38.0186,5.35374,-20.75214,3.10883,-1.68269,73.063,-6.177156,-1.022125,0.473999,,,,,,,,,,,,11.39993,2.93484,2.25843,50,5.49664,-4.71049,-116.97251,0.63116,15.61521,24.40398,-28.15399,MIA_RED,ONT_BLU22,McKieFieldStad,TeamExclusive,Team,20251021-McKieFieldStad-Private-1,4c1b6b50-aebe-11f0-89b2-a50c3c330392,79.52002,,,7.59509,,,,,,,a0ac1909-84c9-4024-895b-59f38feaa935,2025-10-21,20:41:18.77,2025-10-21T16:41:18.7720000-04:00,2025-10-21T20:41:18.7720000Z,,v3,471355,,,"Chwedchuk, Justin",10292277,Right,ONT_BLU22,0be19ae7-a344-4e33-b254-89465197f5f0,54.57434,-117.923,12.20199,5.4507,1.7277,-14.07699,2.45374,-5.31867,7.80761,,,,,,,,,,,,,,,,,,,,,,,,,,,,,,,,,,,,,,,,,,,,,,,,,,,High,High,High,,,,,
178,2025-10-21,16:41:33.73,7,3,"Bechard, Ryan",10163665,Left,ONT_BLU22,"Rasmussen, Jamie",10272616,Right,MIA_RED,Undefined,5,Bottom,2,1,0,Fastball,Changeup,StrikeCalled,Undefined,Undefined,Undefined,0,0,,80.90119,-0.991629,3.00411,1992.10832,120.965948,10:00,5.49888,-2.24861,6.09971,-31.08336,11.33556,-16.62324,1.99015,-0.85302,74.11266,-6.795027,0.010668,0.468761,,,,,,,,,,,,9.38461,6.54756,2.02578,50,5.40621,-5.53652,-117.41997,-2.94946,13.09505,22.34437,-23.03774,MIA_RED,ONT_BLU22,McKieFieldStad,TeamExclusive,Team,20251021-McKieFieldStad-Private-1,5524a6d0-aebe-11f0-89b2-a50c3c330392,80.40868,,,6.78853,,,,,,,a0ac1909-84c9-4024-895b-59f38feaa935,2025-10-21,20:41:33.73,2025-10-21T16:41:33.7330000-04:00,2025-10-21T20:41:33.7330000Z,,v3,471355,,,"Chwedchuk, Justin",10292277,Right,ONT_BLU22,f991b041-ef4d-4d20-a32a-a3a9ef9e37db,54.39781,-118.25389,11.17219,5.50025,-2.08966,-11.51887,2.24153,-6.02525,6.54753,,,,,,,,,,,,,,,,,,,,,,,,,,,,,,,,,,,,,,,,,,,,,,,,,,,High,High,High,,,,,
179,2025-10-21,16:41:48.65,7,4,"Bechard, Ryan",10163665,Left,ONT_BLU22,"Rasmussen, Jamie",10272616,Right,MIA_RED,Undefined,5,Bottom,2,2,1,Fastball,Changeup,BallCalled,Undefined,Undefined,Undefined,0,0,,82.13565,-0.813179,4.987942,2031.620215,130.116158,10:15,5.43038,-2.19496,6.05832,-26.47324,14.94839,-16.13237,2.46872,1.08901,74.96855,-5.7869,2.098259,0.463217,,,,,,,,,,,,9.67418,8.33004,1.8152,50,5.35282,-9.75794,-118.91216,-2.45545,13.84412,22.91914,-20.2534,MIA_RED,ONT_BLU22,McKieFieldStad,TeamExclusive,Team,20251021-McKieFieldStad-Private-1,5e292760-aebe-11f0-89b2-a50c3c330392,81.37093,,,7.1671,,,,,,,a0ac1909-84c9-4024-895b-59f38feaa935,2025-10-21,20:41:48.65,2025-10-21T16:41:48.6500000-04:00,2025-10-21T20:41:48.6500000Z,,v3,471355,,,"Chwedchuk, Justin",10292277,Right,ONT_BLU22,3159a43a-90c8-47be-8a23-df9a96ca9fd0,54.43891,-119.76466,11.45957,5.43014,-1.7021,-10.1267,2.18774,-10.27289,6.92206,,,,,,,,,,,,,,,,,,,,,,,,,,,,,,,,,,,,,,,,,,,,,,,,,,,High,High,High,,,,,
180,2025-10-21,16:42:04.22,7,5,"Bechard, Ryan",10163665,Left,ONT_BLU22,"Rasmussen, Jamie",10272616,Right,MIA_RED,Undefined,5,Bottom,2,3,1,Fastball,Changeup,StrikeCalled,Undefined,Undefined,Undefined,0,0,,80.1383,-0.368473,4.955726,2016.372069,102.979719,9:30,5.45682,-2.14436,6.2233,-37.06002,6.55142,-21.72564,2.02722,0.62916,72.65801,-7.288775,1.046182,0.475304,,,,,,,,,,,,12.73839,3.97776,1.78324,50,5.41103,-9.25207,-116.00169,-1.84015,17.16852,23.90316,-26.81294,MIA_RED,ONT_BLU22,McKieFieldStad,TeamExclusive,Team,20251021-McKieFieldStad-Private-1,67792fe0-aebe-11f0-89b2-a50c3c330392,79.30173,,,7.48029,,,,,,,a0ac1909-84c9-4024-895b-59f38feaa935,2025-10-21,20:42:04.22,2025-10-21T16:42:04.2270000-04:00,2025-10-21T20:42:04.2270000Z,,v3,471355,,,"Chwedchuk, Justin",10292277,Right,ONT_BLU22,b528b855-27b9-4ea8-a456-3c409234d36f,54.27446,-116.87916,11.95158,5.46051,-0.85586,-13.40647,2.13445,-9.88231,8.58426,,,,,,,,,,,,,,,,,,,,,,,,,,,,,,,,,,,,,,,,,,,,,,,,,,,High,High,High,,,,,
181,2025-10-21,16:42:20.52,7,6,"Bechard, Ryan",10163665,Left,ONT_BLU22,"Rasmussen, Jamie",10272616,Right,MIA_RED,Undefined,5,Bottom,2,3,2,Fastball,Changeup,InPlay,Undefined,GroundBall,Out,1,0,,82.21054,0.530317,3.022247,2070.678263,103.01441,9:30,5.45293,-2.26812,6.15942,-35.06077,6.46429,-21.51442,3.02181,-1.26646,74.20297,-6.037056,-0.855867,0.463795,82.03813,-15.547419,-11.416605,,,,,11.45814,10.95798,-3.582681,0.088169,12.12198,3.58949,2.04955,50,5.47543,-5.48056,-119.22805,0.04357,17.17566,26.27314,-27.08809,MIA_RED,ONT_BLU22,McKieFieldStad,TeamExclusive,Team,20251021-McKieFieldStad-Private-1,71004df0-aebe-11f0-89b2-a50c3c330392,81.26954,3.02047,,8.00757,,,,1.5718,3.02047,1.28135,a0ac1909-84c9-4024-895b-59f38feaa935,2025-10-21,20:42:20.52,2025-10-21T16:42:20.5290000-04:00,2025-10-21T20:42:20.5290000Z,GroundBall,v3,471355,,,"Chwedchuk, Justin",10292277,Right,ONT_BLU22,c9842c51-530a-470b-9041-3063361f11e4,54.33864,-120.18031,13.13657,5.45605,1.02537,-13.54405,2.25947,-6.10309,8.58783,3.228073,1.57186,113.61754,-19.77578,,,,,,,3.02059,-32.26919,-22.58467,,,,,,,1.28135,-22.94436,3.29821,,,,,,,,,,,,,,,,,,,,,,,,,,,,,High,High,High,High,High,,,
182,2025-10-21,16:45:10.61,1,1,"Fulk, Landon",824476,Right,MIA_RED,"Raposo, John",10307761,Right,ONT_BLU22,Undefined,6,Top,0,0,0,Fastball,Sinker,BallCalled,Undefined,Undefined,Undefined,0,0,,90.97941,0.123115,-1.476458,2321.064384,244.396652,2:15,5.02575,1.63647,5.48099,-26.12486,8.14571,14.74363,2.96391,1.48337,83.09445,-4.708868,1.149914,0.421339,,,,,,,,,,,,-7.79162,4.41028,-1.51701,50,5.019,2.72313,-132.0712,-0.68352,-13.76139,28.13923,-24.38469,MIA_RED,ONT_BLU22,McKieFieldStad,TeamExclusive,Team,20251021-McKieFieldStad-Private-1,d65bb900-aebe-11f0-ab7e-1b06a4f3ab5c,89.45863,,,7.88496,,,,,,,a0ac1909-84c9-4024-895b-59f38feaa935,2025-10-21,20:45:10.61,2025-10-21T16:45:10.6190000-04:00,2025-10-21T20:45:10.6190000Z,,v3,471355,,,"Buffington, Matthew",825106,Right,MIA_RED,95901a57-5564-4782-8223-eb5705d81eb3,55.01594,-133.13561,14.06961,5.02741,0.23887,-12.19234,-1.62986,3.24368,-6.8807,,,,,,,,,,,,,,,,,,,,,,,,,,,,,,,,,,,,,,,,,,,,,,,,,,,High,High,High,,,,,
183,2025-10-21,16:45:24.88,1,2,"Fulk, Landon",824476,Right,MIA_RED,"Raposo, John",10307761,Right,ONT_BLU22,Undefined,6,Top,0,1,0,Fastball,Sinker,BallCalled,Undefined,Undefined,Undefined,0,0,,88.91344,-1.43503,-4.921562,2395.308022,242.787426,2:00,4.97525,1.69494,5.68237,-24.99186,10.84048,18.81355,1.54974,-1.33607,81.19407,-6.078841,-1.572537,0.430833,,,,,,,,,,,,-10.95276,6.24989,-1.29181,50,4.83835,10.27475,-128.68607,-4.08892,-18.36749,26.69018,-21.69317,MIA_RED,ONT_BLU22,McKieFieldStad,TeamExclusive,Team,20251021-McKieFieldStad-Private-1,df0d5ea0-aebe-11f0-ab7e-1b06a4f3ab5c,87.48734,,,7.71937,,,,,,,a0ac1909-84c9-4024-895b-59f38feaa935,2025-10-21,20:45:24.88,2025-10-21T16:45:24.8850000-04:00,2025-10-21T20:45:24.8850000Z,,v3,471355,,,"Buffington, Matthew",825106,Right,MIA_RED,39fd8beb-57f0-40d1-8ee5-21dec3c14e93,54.8167,-129.68123,13.34509,4.97573,-3.28008,-10.84658,-1.68768,10.9596,-9.18374,,,,,,,,,,,,,,,,,,,,,,,,,,,,,,,,,,,,,,,,,,,,,,,,,,,High,High,High,,,,,
184,2025-10-21,16:45:43.01,1,3,"Fulk, Landon",824476,Right,MIA_RED,"Raposo, John",10307761,Right,ONT_BLU22,Undefined,6,Top,0,2,0,Fastball,Sinker,BallCalled,Undefined,Undefined,Undefined,0,0,,88.88922,-1.950829,-3.107526,2473.0118,241.732097,2:00,4.92128,1.72117,5.60839,-25.03706,10.71989,17.8367,1.01054,0.30411,81.50252,-6.586339,0.074788,0.43038,,,,,,,,,,,,-9.94229,6.30209,-1.46734,50,4.73809,6.23539,-128.91354,-5.26594,-16.75887,26.38121,-21.55115,MIA_RED,ONT_BLU22,McKieFieldStad,TeamExclusive,Team,20251021-McKieFieldStad-Private-1,e9c163f0-aebe-11f0-ab7e-1b06a4f3ab5c,87.57954,,,7.3867,,,,,,,a0ac1909-84c9-4024-895b-59f38feaa935,2025-10-21,20:45:43.01,2025-10-21T16:45:43.0180000-04:00,2025-10-21T20:45:43.0180000Z,,v3,471355,,,"Buffington, Matthew",825106,Right,MIA_RED,b5448636-ef5a-4054-ace8-e14bd725fca6,54.89112,-129.91062,13.1906,4.92172,-4.45142,-10.77557,-1.71498,6.86879,-8.37944,,,,,,,,,,,,,,,,,,,,,,,,,,,,,,,,,,,,,,,,,,,,,,,,,,,High,High,High,,,,,
185,2025-10-21,16:46:02.62,1,4,"Fulk, Landon",824476,Right,MIA_RED,"Raposo, John",10307761,Right,ONT_BLU22,Undefined,6,Top,0,3,0,Fastball,Sinker,StrikeCalled,Undefined,Undefined,Undefined,0,0,,90.14044,-0.17235,-3.240163,2454.559939,236.695422,2:00,4.9519,1.94229,5.41002,-23.00186,12.57646,17.17088,2.87334,0.33433,81.08113,-4.480377,-0.191172,0.429303,,,,,,,,,,,,-9.59186,6.74,-1.66598,50,4.92093,6.58353,-130.46827,-1.19735,-16.29845,31.08322,-20.72141,MIA_RED,ONT_BLU22,McKieFieldStad,TeamExclusive,Team,20251021-McKieFieldStad-Private-1,f5565360-aebe-11f0-ab7e-1b06a4f3ab5c,87.7991,,,9.05931,,,,,,,a0ac1909-84c9-4024-895b-59f38feaa935,2025-10-21,20:46:02.62,2025-10-21T16:46:02.6290000-04:00,2025-10-21T20:46:02.6290000Z,,v3,471355,,,"Buffington, Matthew",825106,Right,MIA_RED,6f3cf76e-71ed-4eee-8712-51b1d014352d,55.08482,-131.67412,15.54161,4.95178,-0.39348,-10.36071,-1.93365,7.21581,-8.14923,,,,,,,,,,,,,,,,,,,,,,,,,,,,,,,,,,,,,,,,,,,,,,,,,,,High,High,High,,,,,
186,2025-10-21,16:46:20.24,1,5,"Fulk, Landon",824476,Right,MIA_RED,"Raposo, John",10307761,Right,ONT_BLU22,Undefined,6,Top,0,3,1,Fastball,Sinker,FoulBallNotFieldable,Undefined,Undefined,Undefined,0,0,,90.34478,0.399203,-2.936667,2346.037396,249.52719,2:15,4.95019,1.75177,5.57699,-26.17151,8.66079,20.10474,3.14257,0.68203,82.06099,-4.463721,0.646615,0.424779,71.42432,49.41007,-126.392833,4606.092686,,,,,45.71147,,,-11.05701,4.59752,-1.51261,50,4.96757,5.82843,-131.0237,-0.02283,-19.12093,29.03034,-24.22352,MIA_RED,ONT_BLU22,McKieFieldStad,TeamExclusive,Team,20251021-McKieFieldStad-Private-1,001be4e0-aebf-11f0-ab7e-1b06a4f3ab5c,88.73432,42.9701,,8.28379,,,,0.8023,3.00592,-0.57629,a0ac1909-84c9-4024-895b-59f38feaa935,2025-10-21,20:46:20.24,2025-10-21T16:46:20.2480000-04:00,2025-10-21T20:46:20.2480000Z,,v3,471355,,,"Buffington, Matthew",825106,Right,MIA_RED,d50480a0-b2c5-4691-9c61-d4d095bd23bb,54.9217,-132.10968,14.51517,4.95148,0.88334,-12.11176,-1.74402,6.54371,-9.56047,,0.8023,-40.4395,-5.19785,3.02389,-1.00065,0.29756,-0.08263,0.01989,-0.00283,3.00592,79.54982,-36.51385,5.93726,-1.38719,0.31577,-0.07555,0.01654,-0.00232,-0.57629,-54.86517,11.26095,-2.49958,0.5552,-0.12393,0.02979,-0.00655,0.00099,,,,,,,,,,,,,,,,,,,,,,,High,High,High,Medium,Undefined,,,
187,2025-10-21,16:46:46.83,1,6,"Fulk, Landon",824476,Right,MIA_RED,"Raposo, John",10307761,Right,ONT_BLU22,Undefined,6,Top,0,3,2,Fastball,Sinker,InPlay,Undefined,GroundBall,Out,1,0,,89.73421,-0.600439,-2.766586,2448.639673,235.03469,1:45,4.8662,1.71454,5.21511,-25.27974,10.71284,13.51579,2.1943,0.23748,81.16757,-5.283979,-0.373416,0.431795,86.91688,-16.691392,11.734355,,,,,8.46125,8.46125,8.385793,0.05883,-7.60985,5.893,-1.46957,50,4.79212,5.65557,-129.96405,-2.29622,-12.88177,29.85035,-22.19849,MIA_RED,ONT_BLU22,McKieFieldStad,TeamExclusive,Team,20251021-McKieFieldStad-Private-1,0fdaa7e0-aebf-11f0-ab7e-1b06a4f3ab5c,87.2924,2.15811,,8.56663,,,,1.32393,2.15811,-0.22977,a0ac1909-84c9-4024-895b-59f38feaa935,2025-10-21,20:46:46.83,2025-10-21T16:46:46.8370000-04:00,2025-10-21T20:46:46.8370000Z,GroundBall,v3,471355,,,"Buffington, Matthew",825106,Right,MIA_RED,2ea6106c-7d47-48c2-b2cc-63f28c038857,55.28156,-131.17152,14.92517,4.86684,-1.39828,-11.09925,-1.70888,6.17665,-6.44089,180,1.32176,119.78433,,,,,,,,2.15877,-36.68407,,,,,,,,-0.23022,24.88105,,,,,,,,,,,,,,,,,,,,,,,,,,,,,,High,High,High,High,High,,,
188,2025-10-21,16:47:20.66,2,1,"Fulk, Landon",824476,Right,MIA_RED,"Curran, Alex",10163662,Right,ONT_BLU22,Undefined,6,Top,1,0,0,Fastball,Sinker,BallCalled,Undefined,Undefined,Undefined,0,0,,90.70898,-0.788758,-5.183831,2440.620602,236.232242,1:45,5.1401,1.53482,5.49357,-22.74001,11.8343,16.07654,2.5042,-1.98779,82.98062,-5.008086,-2.336122,0.423202,,,,,,,,,,,,-9.46052,6.50307,-1.09122,50,5.05556,11.17746,-131.24429,-2.62039,-16.57261,26.65055,-20.78214,MIA_RED,ONT_BLU22,McKieFieldStad,TeamExclusive,Team,20251021-McKieFieldStad-Private-1,23ff8420-aebf-11f0-ab7e-1b06a4f3ab5c,89.06481,,,7.72836,,,,,,,a0ac1909-84c9-4024-895b-59f38feaa935,2025-10-21,20:47:20.66,2025-10-21T16:47:20.6630000-04:00,2025-10-21T20:47:20.6630000Z,,v3,471355,,,"Buffington, Matthew",825106,Right,MIA_RED,184e73ce-296a-48f6-9167-43520030015a,55.00452,-132.2566,13.32527,5.14011,-1.83098,-10.39107,-1.52775,11.80697,-8.28631,,,,,,,,,,,,,,,,,,,,,,,,,,,,,,,,,,,,,,,,,,,,,,,,,,,High,High,High,,,,,
189,2025-10-21,16:47:36.03,2,2,"Fulk, Landon",824476,Right,MIA_RED,"Curran, Alex",10163662,Right,ONT_BLU22,Undefined,6,Top,1,1,0,Fastball,Sinker,BallCalled,Undefined,Undefined,Undefined,0,0,,90.26602,-1.769394,-3.529139,2395.349196,246.509461,2:15,4.91349,1.7425,5.28869,-27.23151,8.34516,16.28906,0.97906,-0.21811,81.71573,-6.790248,-0.641792,0.429293,,,,,,,,,,,,-9.24103,5.09303,-1.43316,50,4.73244,7.2992,-130.59775,-5.06381,-15.78253,30.35791,-23.47576,MIA_RED,ONT_BLU22,McKieFieldStad,TeamExclusive,Team,20251021-McKieFieldStad-Private-1,2d26f600-aebf-11f0-ab7e-1b06a4f3ab5c,87.80114,,,8.55029,,,,,,,a0ac1909-84c9-4024-895b-59f38feaa935,2025-10-21,20:47:36.03,2025-10-21T16:47:36.0380000-04:00,2025-10-21T20:47:36.0380000Z,,v3,471355,,,"Buffington, Matthew",825106,Right,MIA_RED,ee4afbfe-a3fc-4a54-b0db-34e13294eef2,55.20804,-131.80282,15.17895,4.91495,-4.13193,-11.73788,-1.73534,7.9257,-7.89127,,,,,,,,,,,,,,,,,,,,,,,,,,,,,,,,,,,,,,,,,,,,,,,,,,,High,High,High,,,,,
190,2025-10-21,16:47:53.23,2,3,"Fulk, Landon",824476,Right,MIA_RED,"Curran, Alex",10163662,Right,ONT_BLU22,Undefined,6,Top,1,2,0,Slider,Slider,StrikeCalled,Undefined,Undefined,Undefined,0,0,,79.64724,1.775332,-0.706577,2529.983623,103.223226,9:30,4.76434,1.83351,4.92084,-41.51053,4.85866,-13.65532,2.98422,0.02753,71.87099,-5.81109,-3.112324,0.490102,,,,,,,,,,,,6.45437,2.34524,-1.75282,50,4.9035,2.01598,-115.29108,2.07681,8.56045,24.35516,-29.06356,MIA_RED,ONT_BLU22,McKieFieldStad,TeamExclusive,Team,20251021-McKieFieldStad-Private-1,37681540-aebf-11f0-ab7e-1b06a4f3ab5c,76.90739,,,7.77625,,,,,,,a0ac1909-84c9-4024-895b-59f38feaa935,2025-10-21,20:47:53.23,2025-10-21T16:47:53.2310000-04:00,2025-10-21T20:47:53.2310000Z,,v3,471355,,,"Buffington, Matthew",825106,Right,MIA_RED,645c0b08-9ce4-474b-ace6-9abdb3ba688a,55.57361,-116.46255,12.17758,4.76999,3.47475,-14.53178,-1.83989,1.60422,4.28023,,,,,,,,,,,,,,,,,,,,,,,,,,,,,,,,,,,,,,,,,,,,,,,,,,,High,High,High,,,,,
191,2025-10-21,16:48:07.19,2,4,"Fulk, Landon",824476,Right,MIA_RED,"Curran, Alex",10163662,Right,ONT_BLU22,Undefined,6,Top,1,2,1,Slider,Curveball,FoulBallNotFieldable,Undefined,Undefined,Undefined,0,0,,78.70482,2.739228,0.205568,2541.595425,65.61657,8:15,4.97141,1.79425,4.63482,-51.79365,-4.19733,-12.70827,3.26065,0.9306,71.63616,-6.591705,-2.022681,0.496544,77.2128,19.89997,38.909671,3370.33143,81.99208,27.58039,73.32965,236.10459,232.09161,45.443595,2.801091,6.27914,-2.42559,-1.80284,50,5.20455,0.13836,-113.99614,3.49108,8.21474,22.09395,-35.34734,MIA_RED,ONT_BLU22,McKieFieldStad,TeamExclusive,Team,20251021-McKieFieldStad-Private-1,3fbca6c0-aebf-11f0-ab7e-1b06a4f3ab5c,75.9095,27.91244,,7.06866,,,,0.73554,3.14472,-0.69296,a0ac1909-84c9-4024-895b-59f38feaa935,2025-10-21,20:48:07.19,2025-10-21T16:48:07.1940000-04:00,2025-10-21T20:48:07.1940000Z,LineDrive,v3,471355,,,"Buffington, Matthew",825106,Right,MIA_RED,27803bf5-1704-4c69-b15e-b6107bd137ca,55.86434,-115.12711,11.04698,4.97953,5.30049,-17.67367,-1.79916,-0.28215,4.10737,,0.7354,82.86564,-14.13798,3.33619,-0.81822,0.21957,-0.05873,0.01032,-0.00071,3.14483,38.54081,-15.69521,0.50481,0.07174,-0.05276,0.01492,-0.00023,-0.00033,-0.69299,66.88177,-2.91682,0.14397,0.02791,0.00881,-0.00915,0.0024,-0.0002,,,,,,,,,,,,,,,,,,,,,,,High,High,High,High,High,,,
192,2025-10-21,16:48:44.40,2,5,"Fulk, Landon",824476,Right,MIA_RED,"Curran, Alex",10163662,Right,ONT_BLU22,Undefined,6,Top,1,2,2,Fastball,Four-Seam,StrikeCalled,Strikeout,Undefined,Undefined,0,0,,89.65027,-0.772328,-2.443765,2338.113107,228.71579,1:30,4.98669,1.7955,5.49854,-24.75438,10.93595,11.02536,2.20074,0.42716,81.07679,-5.385144,-0.480628,0.429979,,,,,,,,,,,,-6.29052,6.1217,-1.58936,50,4.90275,5.04247,-129.89668,-2.62431,-10.6305,29.9832,-21.82887,MIA_RED,ONT_BLU22,McKieFieldStad,TeamExclusive,Team,20251021-McKieFieldStad-Private-1,55fd1000-aebf-11f0-ab7e-1b06a4f3ab5c,87.66122,,,8.57348,,,,,,,a0ac1909-84c9-4024-895b-59f38feaa935,2025-10-21,20:48:44.40,2025-10-21T16:48:44.4080000-04:00,2025-10-21T20:48:44.4080000Z,,v3,471355,,,"Buffington, Matthew",825106,Right,MIA_RED,2568388a-91f0-4099-b495-43212e677148,54.99672,-131.04496,14.9916,4.98725,-1.78831,-10.91444,-1.79027,5.44959,-5.31525,,,,,,,,,,,,,,,,,,,,,,,,,,,,,58.21044,2.263431,1.074125,1.189307,-0.68825,1.99847,-0.41092,-5.73582,3.36698,2.63845,69.08071,6.85722,55.6973,-5.67576,68.29464,-4.5698,3.41839,20.7566,-15.01852,2.64048,45.6607,-0.88215,High,High,High,,,High,High,High
193,2025-10-21,16:49:09.94,3,1,"Fulk, Landon",824476,Right,MIA_RED,"Chwedchuk, Justin",10292277,Left,ONT_BLU22,Undefined,6,Top,2,0,0,Slider,Slider,BallCalled,Undefined,Undefined,Undefined,0,0,,79.8342,1.779854,-2.03193,2553.030205,86.44875,9:00,4.80729,1.79422,4.8249,-44.86097,0.77658,-9.93571,2.75616,-0.95898,73.24392,-6.326182,-3.777619,0.48622,,,,,,,,,,,,4.33414,0.31075,-1.58365,50,4.94528,4.53,-115.72728,1.93241,5.88529,21.33761,-31.75206,MIA_RED,ONT_BLU22,McKieFieldStad,TeamExclusive,Team,20251021-McKieFieldStad-Private-1,652eae30-aebf-11f0-ab7e-1b06a4f3ab5c,77.52143,,,6.59028,,,,,,,a0ac1909-84c9-4024-895b-59f38feaa935,2025-10-21,20:49:09.94,2025-10-21T16:49:09.9410000-04:00,2025-10-21T20:49:09.9410000Z,,v3,471355,,,"Buffington, Matthew",825106,Right,MIA_RED,6c2e596f-11b5-4dc5-927f-26e377e54bfa,55.67355,-116.76867,10.66881,4.81315,3.48209,-15.87603,-1.79773,4.24277,2.94265,,,,,,,,,,,,,,,,,,,,,,,,,,,,,,,,,,,,,,,,,,,,,,,,,,,High,High,High,,,,,
194,2025-10-21,16:49:25.74,3,2,"Fulk, Landon",824476,Right,MIA_RED,"Chwedchuk, Justin",10292277,Left,ONT_BLU22,Undefined,6,Top,2,1,0,Slider,Slider,StrikeCalled,Undefined,Undefined,Undefined,0,0,,78.26698,1.288492,-1.420079,2476.317534,90.85844,9:00,4.78208,1.8747,4.82782,-46.69341,2.10213,-12.03501,2.11179,-0.47335,69.96989,-7.226413,-3.537219,0.502761,,,,,,,,,,,,5.3767,1.14098,-1.72304,50,4.87039,3.32245,-113.11738,0.86053,6.77384,25.94909,-30.73657,MIA_RED,ONT_BLU22,McKieFieldStad,TeamExclusive,Team,20251021-McKieFieldStad-Private-1,6eb4bad0-aebf-11f0-ab7e-1b06a4f3ab5c,74.9709,,,8.29709,,,,,,,a0ac1909-84c9-4024-895b-59f38feaa935,2025-10-21,20:49:25.74,2025-10-21T16:49:25.7490000-04:00,2025-10-21T20:49:25.7490000Z,,v3,471355,,,"Buffington, Matthew",825106,Right,MIA_RED,33dd1cdf-1682-4739-b226-20151c1ddffa,55.66564,-114.4097,12.97455,4.78942,2.39127,-15.36828,-1.88011,2.9851,3.38692,,,,,,,,,,,,,,,,,,,,,,,,,,,,,,,,,,,,,,,,,,,,,,,,,,,High,High,High,,,,,
195,2025-10-21,16:49:41.62,3,3,"Fulk, Landon",824476,Right,MIA_RED,"Chwedchuk, Justin",10292277,Left,ONT_BLU22,Undefined,6,Top,2,1,1,Slider,Slider,HitByPitch,Undefined,Undefined,Undefined,0,0,,78.13412,2.568961,2.184529,2530.625591,111.013406,9:45,4.81536,1.7888,4.77181,-40.77821,8.13197,-16.28182,3.85599,2.50395,69.74033,-4.915298,-0.673757,0.503351,,,,,,,,,,,,8.74398,3.61599,-1.9922,50,5.03786,-3.60976,-112.85747,3.63413,11.02652,24.79936,-27.61417,MIA_RED,ONT_BLU22,McKieFieldStad,TeamExclusive,Team,20251021-McKieFieldStad-Private-1,783a5240-aebf-11f0-ab7e-1b06a4f3ab5c,74.88299,,,8.39379,,,,,,,a0ac1909-84c9-4024-895b-59f38feaa935,2025-10-21,20:49:41.62,2025-10-21T16:49:41.6240000-04:00,2025-10-21T20:49:41.6240000Z,,v3,471355,,,"Buffington, Matthew",825106,Right,MIA_RED,af0ff129-4be2-4ed4-8e9e-82758592ec4a,55.72307,-114.10813,12.39968,4.81947,5.02675,-13.80709,-1.79614,-4.16584,5.51326,,,,,,,,,,,,,,,,,,,,,,,,,,,,,,,,,,,,,,,,,,,,,,,,,,,High,High,High,,,,,
196,2025-10-21,16:50:15.24,4,1,"Fulk, Landon",824476,Right,MIA_RED,"Sortino, Giancarlo",10180490,Right,ONT_BLU22,Undefined,6,Top,2,0,0,Fastball,Sinker,FoulBallNotFieldable,Undefined,Undefined,Undefined,0,0,,88.86623,-1.10939,-3.292076,2380.370351,239.28933,2:00,5.10078,1.44957,5.48041,-25.6899,10.60193,15.73855,1.92011,-0.3225,80.60707,-5.880918,-0.492708,0.433586,71.86729,16.149845,154.708285,3984.987935,,,,135.96591,46.7406,163.467556,1.900666,-8.92985,6.04307,-1.17159,50,4.98611,6.7044,-128.72227,-3.40203,-14.86048,28.75501,-22.11751,MIA_RED,ONT_BLU22,McKieFieldStad,TeamExclusive,Team,20251021-McKieFieldStad-Private-1,8c2f6bf0-aebf-11f0-ab7e-1b06a4f3ab5c,86.93177,13.52689,,8.25916,,,,1.18814,1.68204,0.35135,a0ac1909-84c9-4024-895b-59f38feaa935,2025-10-21,20:50:15.24,2025-10-21T16:50:15.2400000-04:00,2025-10-21T20:50:15.2400000Z,LineDrive,v3,471355,,,"Buffington, Matthew",825106,Right,MIA_RED,bea632bd-a6dc-40de-a5cb-acac8396169b,55.01673,-129.83811,14.37751,5.10147,-2.54376,-11.05876,-1.44295,7.28106,-7.43024,,1.18812,-91.53894,12.39546,-0.20128,-0.40196,0.48597,-0.32903,0.12269,-0.01901,1.68203,29.31971,-20.52061,3.41589,-0.92063,0.44346,-0.22865,0.07914,-0.01192,0.35135,43.25387,-16.13047,2.91308,-0.46208,-0.13263,0.17639,-0.07388,0.01188,,,,,,,,,,,,,,,,,,,,,,,High,High,High,High,Low,,,
197,2025-10-21,16:50:37.34,4,2,"Fulk, Landon",824476,Right,MIA_RED,"Sortino, Giancarlo",10180490,Right,ONT_BLU22,Undefined,6,Top,2,0,1,Slider,Slider,StrikeSwinging,Undefined,Undefined,Undefined,0,0,,77.72747,0.817642,-1.567614,2499.677905,84.999592,8:45,4.94195,1.61513,4.56728,-48.87908,-0.2124,-19.5967,1.64709,-1.51001,71.50023,-7.944574,-4.998244,0.502097,,,,,,,,,,,,9.10654,0.12941,-1.43327,50,4.98106,3.92206,-112.69815,-0.22252,11.69378,20.77677,-32.00789,MIA_RED,ONT_BLU22,McKieFieldStad,TeamExclusive,Team,20251021-McKieFieldStad-Private-1,992fab30-aebf-11f0-ab7e-1b06a4f3ab5c,75.07009,,,6.22723,,,,,,,a0ac1909-84c9-4024-895b-59f38feaa935,2025-10-21,20:50:37.34,2025-10-21T16:50:37.3420000-04:00,2025-10-21T20:50:37.3420000Z,,v3,471355,,,"Buffington, Matthew",825106,Right,MIA_RED,a69f7520-2755-4864-b46a-369d97a055cf,55.93209,-113.78652,10.38839,4.9488,1.45418,-16.00395,-1.62268,3.30949,5.84689,,,,,,,,,,,,,,,,,,,,,,,,,,,,,,,,,,,,,,,,,,,,,,,,,,,High,High,High,,,,,
198,2025-10-21,16:50:58.43,4,3,"Fulk, Landon",824476,Right,MIA_RED,"Sortino, Giancarlo",10180490,Right,ONT_BLU22,Undefined,6,Top,2,0,2,Fastball,Sinker,StrikeSwinging,Strikeout,Undefined,Undefined,0,0,,90.18226,0.058544,-3.322284,2357.650236,262.888402,2:45,5.04297,1.48954,5.3548,-32.51238,3.4824,16.54233,2.3886,-0.25119,80.45494,-5.947883,-0.386309,0.431808,,,,,,,,,,,,-9.39024,2.15642,-1.20257,50,5.02557,6.78443,-130.37016,-1.11755,-15.75688,33.79756,-28.55558,MIA_RED,ONT_BLU22,McKieFieldStad,TeamExclusive,Team,20251021-McKieFieldStad-Private-1,a5d21300-aebf-11f0-ab7e-1b06a4f3ab5c,87.28974,,,9.72732,,,,,,,a0ac1909-84c9-4024-895b-59f38feaa935,2025-10-21,20:50:58.43,2025-10-21T16:50:58.4310000-04:00,2025-10-21T20:50:58.4310000Z,,v3,471355,,,"Buffington, Matthew",825106,Right,MIA_RED,6df76812-fe7e-4021-9211-f6ed2a17209e,55.13917,-131.69571,16.89878,5.04743,0.00241,-14.27779,-1.48077,7.40242,-7.87844,,,,,,,,,,,,,,,,,,,,,,,,,,,,,67.39126,,,1.011963,,,,-1.56136,4.49404,-1.56894,77.89002,1.9752,46.88794,-1.55304,83.36668,-4.92722,4.50123,12.23685,-14.67532,-1.56298,51.25378,-3.42319,High,High,High,,,High,High,Medium
199,2025-10-21,16:53:20.86,1,1,"Bechard, Ryan",10163665,Left,ONT_BLU22,"Christiansen, Hayden",830132,Right,MIA_RED,Undefined,6,Bottom,0,0,0,Fastball,Changeup,StrikeCalled,Undefined,Undefined,Undefined,0,0,,80.7138,-0.007393,4.787222,1992.354878,107.173522,9:30,5.38002,-2.24159,6.10243,-34.33482,8.4128,-22.74505,2.51192,0.30049,73.76336,-6.403592,0.70364,0.470573,,,,,,,,,,,,13.00572,4.77193,1.88427,50,5.36152,-8.93541,-116.95611,-1.04514,18.00886,22.12075,-25.56639,MIA_RED,ONT_BLU22,McKieFieldStad,TeamExclusive,Team,20251021-McKieFieldStad-Private-1,fa99dee0-aebf-11f0-ab7e-1b06a4f3ab5c,80.09896,,,6.95044,,,,,,,a0ac1909-84c9-4024-895b-59f38feaa935,2025-10-21,20:53:20.86,2025-10-21T16:53:20.8660000-04:00,2025-10-21T20:53:20.8660000Z,,v3,471355,,,"Chwedchuk, Justin",10292277,Right,ONT_BLU22,cc3768e3-a896-4706-a607-371e8e5d84f5,54.39644,-117.7847,11.06038,5.38273,-0.08748,-12.7832,2.23161,-9.60998,9.00443,,,,,,,,,,,,,,,,,,,,,,,,,,,,,,,,,,,,,,,,,,,,,,,,,,,High,High,High,,,,,
200,2025-10-21,16:53:34.45,1,2,"Bechard, Ryan",10163665,Left,ONT_BLU22,"Christiansen, Hayden",830132,Right,MIA_RED,Undefined,6,Bottom,0,0,1,ChangeUp,Changeup,BallCalled,Undefined,Undefined,Undefined,0,0,,73.21734,-0.940358,1.989613,1554.037368,108.201337,9:30,5.51436,-2.22163,5.90499,-43.84026,8.47453,-20.50977,0.98753,-2.0832,67.20989,-9.034583,-1.698514,0.520575,,,,,,,,,,,,11.03201,5.17209,2.07319,50,5.41404,-2.97141,-106.28665,-2.99574,12.55636,19.07221,-26.28733,MIA_RED,ONT_BLU22,McKieFieldStad,TeamExclusive,Team,20251021-McKieFieldStad-Private-1,02bb5270-aec0-11f0-ab7e-1b06a4f3ab5c,72.40534,,,6.00745,,,,,,,a0ac1909-84c9-4024-895b-59f38feaa935,2025-10-21,20:53:34.45,2025-10-21T16:53:34.4530000-04:00,2025-10-21T20:53:34.4530000Z,,v3,471355,,,"Chwedchuk, Justin",10292277,Right,ONT_BLU22,fef8df6b-51fc-4c83-aedc-5bc644c4560e,54.59245,-107.10756,9.53611,5.51863,-1.86428,-13.14367,2.21271,-3.51186,6.27818,,,,,,,,,,,,,,,,,,,,,,,,,,,,,,,,,,,,,,,,,,,,,,,,,,,High,High,High,,,,,
201,2025-10-21,16:53:50.39,1,3,"Bechard, Ryan",10163665,Left,ONT_BLU22,"Christiansen, Hayden",830132,Right,MIA_RED,Undefined,6,Bottom,0,1,1,Fastball,Changeup,FoulBallNotFieldable,Undefined,Undefined,Undefined,0,0,,81.13059,-0.871774,4.394142,2029.279019,110.722201,9:45,5.42637,-2.334,6.06952,-31.52895,11.18422,-25.57119,1.98981,-0.39075,73.55446,-6.779515,-0.200004,0.470384,,,,,,,,,,,,14.57682,6.46158,2.00684,50,5.34194,-8.07206,-117.51989,-2.72032,20.17063,24.46432,-23.23283,MIA_RED,ONT_BLU22,McKieFieldStad,TeamExclusive,Team,20251021-McKieFieldStad-Private-1,0c52c430-aec0-11f0-ab7e-1b06a4f3ab5c,80.13126,,,7.57613,,,,,,,a0ac1909-84c9-4024-895b-59f38feaa935,2025-10-21,20:53:50.39,2025-10-21T16:53:50.3950000-04:00,2025-10-21T20:53:50.3950000Z,,v3,471355,,,"Chwedchuk, Justin",10292277,Right,ONT_BLU22,a372ef39-4731-474f-b567-a5bf403ae0ad,54.42957,-118.43841,12.23216,5.4277,-1.84803,-11.61641,2.32412,-8.82937,10.08532,,,,,,,,,,,,,,,,,,,,,,,,,,,,,,,,,,,,,,,,,,,,,,,,,,,High,High,High,,,,,
202,2025-10-21,16:54:12.16,1,4,"Bechard, Ryan",10163665,Left,ONT_BLU22,"Christiansen, Hayden",830132,Right,MIA_RED,Undefined,6,Bottom,0,1,2,Slider,Slider,FoulBallNotFieldable,Undefined,Undefined,Undefined,0,0,,71.92032,2.812768,0.785911,1899.012935,214.624407,1:15,5.24595,-2.37426,5.42132,-42.11927,14.32544,8.38819,4.37304,-0.93905,64.17186,-5.053232,2.275973,0.540733,63.9166,62.253217,82.365159,5476.112086,,,,,56.41505,,,-3.92071,6.82063,2.2985,50,5.46736,-1.73785,-103.96993,3.89837,-4.18465,21.47969,-24.89423,MIA_RED,ONT_BLU22,McKieFieldStad,TeamExclusive,Team,20251021-McKieFieldStad-Private-1,198202b0-aec0-11f0-ab7e-1b06a4f3ab5c,69.70616,72.49295,,7.74846,,,,0.38846,4.50907,1.69275,a0ac1909-84c9-4024-895b-59f38feaa935,2025-10-21,20:54:12.16,2025-10-21T16:54:12.1610000-04:00,2025-10-21T20:54:12.1610000Z,,v3,471355,,,"Chwedchuk, Justin",10292277,Right,ONT_BLU22,ec63cd44-363b-4ed6-b75a-52991344f560,55.07073,-105.01229,10.73985,5.24887,5.10643,-12.44711,2.3779,-1.53478,-2.09232,,0.38846,5.79852,-7.45266,2.76239,-0.73777,0.17335,-0.03948,0.00682,-0.0005,4.50907,82.96493,-27.47213,3.36354,-0.64158,0.10594,-0.0209,0.00313,-0.00017,1.69275,43.2571,-0.8649,-0.8871,0.37679,-0.10946,0.02613,-0.00526,0.00044,,,,,,,,,,,,,,,,,,,,,,,High,High,High,Low,Undefined,,,
203,2025-10-21,16:54:31.17,1,5,"Bechard, Ryan",10163665,Left,ONT_BLU22,"Christiansen, Hayden",830132,Right,MIA_RED,Undefined,6,Bottom,0,1,2,Slider,Curveball,InPlay,Undefined,LineDrive,Single,0,0,,73.18242,1.723045,0.676857,1893.774231,217.50718,1:15,5.23273,-2.36062,5.70128,-49.75554,4.67567,1.82996,2.69255,-1.57741,64.90854,-7.54557,1.004264,0.531001,67.16903,21.96822,14.666034,3552.587582,104.55767,26.45622,34.17122,205.261,205.261,19.93701,2.748176,-0.66327,2.35697,2.30271,50,5.34708,-1.3178,-105.84117,1.71533,-0.72463,24.26512,-29.59902,MIA_RED,ONT_BLU22,McKieFieldStad,TeamExclusive,Team,20251021-McKieFieldStad-Private-1,24acbea0-aec0-11f0-ab7e-1b06a4f3ab5c,70.98373,26.47134,,8.27388,,,,0.99136,2.67298,1.54843,a0ac1909-84c9-4024-895b-59f38feaa935,2025-10-21,20:54:31.17,2025-10-21T16:54:31.1790000-04:00,2025-10-21T20:54:31.1790000Z,LineDrive,v3,471355,,,"Chwedchuk, Justin",10292277,Right,ONT_BLU22,8a9bdb8f-bcac-4ab9-a01a-3fc2bb044ec8,54.79085,-106.93387,12.13256,5.23983,3.04823,-14.79951,2.36132,-1.28516,-0.36232,213.226281,0.99126,88.38976,-11.40431,2.74374,-0.71588,0.27017,-0.09744,0.02059,-0.00174,2.67312,36.84586,-14.69599,0.17559,0.34912,-0.29871,0.12432,-0.02475,0.00186,1.54844,23.13103,0.99635,-0.18346,0.02469,-0.00171,0.0002,-6E-05,0,,,,,,,,,,,,,,,,,,,,,,,High,High,High,High,High,,,
204,2025-10-21,16:55:08.64,2,1,"Bechard, Ryan",10163665,Left,ONT_BLU22,"Kirtley, Ryder",827333,Right,MIA_RED,Undefined,6,Bottom,0,0,0,Fastball,Changeup,BallCalled,Undefined,Undefined,Undefined,0,0,,81.29481,-0.552414,3.074838,1942.101421,106.173338,9:30,5.33733,-2.45726,5.90189,-36.19451,6.91075,-18.23942,1.80757,-1.12012,73.19805,-7.296691,-0.198629,0.472538,,,,,,,,,,,,10.28178,4.22272,2.22,50,5.27265,-5.59604,-117.73892,-2.27682,14.15163,26.41398,-26.36199,MIA_RED,ONT_BLU22,McKieFieldStad,TeamExclusive,Team,20251021-McKieFieldStad-Private-1,3b039610-aec0-11f0-ab7e-1b06a4f3ab5c,79.76599,,,8.09676,,,,,,,a0ac1909-84c9-4024-895b-59f38feaa935,2025-10-21,20:55:08.64,2025-10-21T16:55:08.6450000-04:00,2025-10-21T20:55:08.6450000Z,,v3,471355,,,"Chwedchuk, Justin",10292277,Right,ONT_BLU22,d178320c-439c-484a-9b44-4189e60b4190,54.593,-118.76486,13.20699,5.3412,-1.25289,-13.181,2.44803,-6.1457,7.07582,,,,,,,,,,,,,,,,,,,,,,,,,,,,,,,,,,,,,,,,,,,,,,,,,,,High,High,High,,,,,
205,2025-10-21,16:55:25.33,2,2,"Bechard, Ryan",10163665,Left,ONT_BLU22,"Kirtley, Ryder",827333,Right,MIA_RED,Undefined,6,Bottom,0,1,0,Fastball,Changeup,BallCalled,Undefined,Undefined,Undefined,0,0,,79.94255,1.734226,2.21546,1933.061564,107.51222,9:30,5.26484,-2.30565,5.82,-37.14081,7.79709,-19.18218,3.78382,-1.84338,71.34406,-5.220438,-1.220088,0.482478,,,,,,,,,,,,10.45067,3.89414,2.13538,50,5.38542,-3.70615,-115.71872,2.35085,13.8182,26.59974,-27.02511,MIA_RED,ONT_BLU22,McKieFieldStad,TeamExclusive,Team,20251021-McKieFieldStad-Private-1,44e77a20-aec0-11f0-ab7e-1b06a4f3ab5c,78.12254,,,8.59849,,,,,,,a0ac1909-84c9-4024-895b-59f38feaa935,2025-10-21,20:55:25.33,2025-10-21T16:55:25.3300000-04:00,2025-10-21T20:55:25.3300000Z,,v3,471355,,,"Chwedchuk, Justin",10292277,Right,ONT_BLU22,246c9891-963d-4ded-94d3-57fcafc88081,54.67359,-116.78807,13.29987,5.26907,3.43731,-13.51256,2.29554,-4.26167,6.9091,,,,,,,,,,,,,,,,,,,,,,,,,,,,,,,,,,,,,,,,,,,,,,,,,,,High,High,High,,,,,
206,2025-10-21,16:55:41.24,2,3,"Bechard, Ryan",10163665,Left,ONT_BLU22,"Kirtley, Ryder",827333,Right,MIA_RED,Undefined,6,Bottom,0,2,0,Fastball,Changeup,StrikeSwinging,Undefined,Undefined,Undefined,0,0,,79.42633,-0.911013,4.561099,1897.610546,108.666035,9:30,5.37254,-2.40041,5.9079,-33.24234,11.23201,-28.92439,1.754,-0.56827,72.63854,-7.093107,-0.619656,0.479983,,,,,,,,,,,,16.11103,6.44122,2.05033,50,5.2802,-8.0984,-115.10763,-2.8306,21.58823,21.62063,-23.54305,MIA_RED,ONT_BLU22,McKieFieldStad,TeamExclusive,Team,20251021-McKieFieldStad-Private-1,4e6d5fb0-aec0-11f0-ab7e-1b06a4f3ab5c,78.52863,,,6.7878,,,,,,,a0ac1909-84c9-4024-895b-59f38feaa935,2025-10-21,20:55:41.24,2025-10-21T16:55:41.2400000-04:00,2025-10-21T20:55:41.2400000Z,,v3,471355,,,"Chwedchuk, Justin",10292277,Right,ONT_BLU22,78851279-fa1a-4742-ba24-7d0570993566,54.59259,-115.96705,10.81032,5.37412,-1.89477,-11.77152,2.3893,-8.95653,10.79411,,,,,,,,,,,,,,,,,,,,,,,,,,,,,,,,,,,,,,,,,,,,,,,,,,,High,High,High,,,,,
207,2025-10-21,16:55:58.15,2,4,"Bechard, Ryan",10163665,Left,ONT_BLU22,"Kirtley, Ryder",827333,Right,MIA_RED,Undefined,6,Bottom,0,2,1,ChangeUp,Curveball,BallCalled,Undefined,Undefined,Undefined,0,0,,70.916,2.670592,3.833848,1855.824807,182.666985,12:00,5.13808,-2.38597,5.67148,-47.73294,10.99745,0.39197,3.65755,1.22638,62.33423,-6.2801,3.903538,0.551573,,,,,,,,,,,,1.3487,5.2604,2.06178,50,5.33534,-6.85906,-102.13697,3.44492,1.36545,23.32793,-26.84836,MIA_RED,ONT_BLU22,McKieFieldStad,TeamExclusive,Team,20251021-McKieFieldStad-Private-1,58673cc0-aec0-11f0-ab7e-1b06a4f3ab5c,68.33629,,,8.58177,,,,,,,a0ac1909-84c9-4024-895b-59f38feaa935,2025-10-21,20:55:58.15,2025-10-21T16:55:58.1510000-04:00,2025-10-21T20:55:58.1510000Z,,v3,471355,,,"Chwedchuk, Justin",10292277,Right,ONT_BLU22,630d9221-331f-42f4-af3c-d123aadfad30,54.81559,-103.23098,11.66396,5.14426,4.70404,-13.42418,2.38495,-6.92309,0.68273,,,,,,,,,,,,,,,,,,,,,,,,,,,,,,,,,,,,,,,,,,,,,,,,,,,High,High,High,,,,,
208,2025-10-21,16:56:15.45,2,5,"Bechard, Ryan",10163665,Left,ONT_BLU22,"Kirtley, Ryder",827333,Right,MIA_RED,Undefined,6,Bottom,0,3,1,Fastball,Changeup,StrikeSwinging,Undefined,Undefined,Undefined,0,0,,80.45819,-1.342257,4.389766,1946.185455,108.288295,9:30,5.30483,-2.27177,5.9183,-33.0877,11.20008,-28.57281,1.29801,-0.57113,72.07561,-7.547522,-0.731938,0.478976,,,,,,,,,,,,16.16269,6.69516,1.93596,50,5.17854,-7.82434,-116.34056,-3.72146,21.61053,26.79992,-23.22219,MIA_RED,ONT_BLU22,McKieFieldStad,TeamExclusive,Team,20251021-McKieFieldStad-Private-1,62ef5010-aec0-11f0-ab7e-1b06a4f3ab5c,78.69386,,,8.38258,,,,,,,a0ac1909-84c9-4024-895b-59f38feaa935,2025-10-21,20:56:15.45,2025-10-21T16:56:15.4590000-04:00,2025-10-21T20:56:15.4590000Z,,v3,471355,,,"Chwedchuk, Justin",10292277,Right,ONT_BLU22,ae38bad0-79e9-4681-af22-d66130af12f9,54.57897,-117.39062,13.39996,5.30653,-2.81158,-11.6111,2.25912,-8.67108,10.80527,,,,,,,,,,,,,,,,,,,,,,,,,,,,,,,,,,,,,,,,,,,,,,,,,,,High,High,High,,,,,
209,2025-10-21,16:56:36.38,2,6,"Bechard, Ryan",10163665,Left,ONT_BLU22,"Kirtley, Ryder",827333,Right,MIA_RED,Undefined,6,Bottom,0,3,2,Fastball,Changeup,StrikeSwinging,Strikeout,Undefined,Undefined,0,0,,79.70243,-0.622291,4.154038,1961.907569,114.533251,9:45,5.32506,-2.23735,6.03762,-30.0795,14.25898,-27.76675,2.2407,-0.69818,72.12195,-6.285088,-0.832604,0.47925,,,,,,,,,,,,15.49261,7.98874,1.92732,50,5.2603,-7.32948,-115.45735,-2.11004,20.67328,23.79247,-21.51393,MIA_RED,ONT_BLU22,McKieFieldStad,TeamExclusive,Team,20251021-McKieFieldStad-Private-1,6f621c60-aec0-11f0-ab7e-1b06a4f3ab5c,78.64887,,,7.58048,,,,,,,a0ac1909-84c9-4024-895b-59f38feaa935,2025-10-21,20:56:36.38,2025-10-21T16:56:36.3850000-04:00,2025-10-21T20:56:36.3850000Z,,v3,471355,,,"Chwedchuk, Justin",10292277,Right,ONT_BLU22,1118227e-902a-47c6-ab4b-0520eeea1d46,54.46019,-116.37284,11.89623,5.32556,-1.28222,-10.75697,2.22465,-8.12494,10.33664,,,,,,,,,,,,,,,,,,,,,,,,,,,,,,,,,,,,,,,,,,,,,,,,,,,High,High,High,,,,,
210,2025-10-21,16:57:06.49,3,1,"Bechard, Ryan",10163665,Left,ONT_BLU22,"Proctor, Keenan",823047,Left,MIA_RED,Undefined,6,Bottom,1,0,0,Slider,Curveball,BallCalled,Undefined,Undefined,Undefined,0,0,,71.50917,0.469438,2.917626,1935.564715,250.665637,2:15,5.13055,-2.57527,5.49657,-51.27684,4.87205,8.40957,1.29717,0.85694,65.31302,-8.915152,4.41341,0.539314,,,,,,,,,,,,-3.34949,2.84791,2.31406,50,5.13716,-5.57681,-103.60144,-0.67697,-3.59699,19.23469,-29.11569,MIA_RED,ONT_BLU22,McKieFieldStad,TeamExclusive,Team,20251021-McKieFieldStad-Private-1,8154af50-aec0-11f0-ab7e-1b06a4f3ab5c,69.88956,,,6.19616,,,,,,,a0ac1909-84c9-4024-895b-59f38feaa935,2025-10-21,20:57:06.49,2025-10-21T16:57:06.4920000-04:00,2025-10-21T20:57:06.4920000Z,,v3,471355,,,"Chwedchuk, Justin",10292277,Right,ONT_BLU22,e908a3f2-2a0a-40c4-a7f1-6a8009878dcf,55.00054,-104.52572,9.61735,5.13608,0.72212,-14.55784,2.57788,-5.40397,-1.79849,,,,,,,,,,,,,,,,,,,,,,,,,,,,,,,,,,,,,,,,,,,,,,,,,,,High,High,High,,,,,
211,2025-10-21,16:57:26.43,3,2,"Bechard, Ryan",10163665,Left,ONT_BLU22,"Proctor, Keenan",823047,Left,MIA_RED,Undefined,6,Bottom,1,1,0,Fastball,Changeup,StrikeCalled,Undefined,Undefined,Undefined,0,0,,80.42712,-1.222333,2.986238,2027.479464,113.157856,9:45,5.3727,-2.26182,6.03594,-32.92006,9.79079,-19.91584,1.49584,-1.15386,74.28439,-7.325434,-0.59753,0.470371,,,,,,,,,,,,11.07331,5.74571,2.03952,50,5.25925,-5.36597,-116.8331,-3.48307,15.40865,20.62504,-24.17881,MIA_RED,ONT_BLU22,McKieFieldStad,TeamExclusive,Team,20251021-McKieFieldStad-Private-1,8d1ff100-aec0-11f0-ab7e-1b06a4f3ab5c,80.13345,,,6.14274,,,,,,,a0ac1909-84c9-4024-895b-59f38feaa935,2025-10-21,20:57:26.43,2025-10-21T16:57:26.4320000-04:00,2025-10-21T20:57:26.4320000Z,,v3,471355,,,"Chwedchuk, Justin",10292277,Right,ONT_BLU22,0ff15efb-072a-4baf-bef1-d131ebab5642,54.46424,-117.61855,10.31252,5.37436,-2.56228,-12.0894,2.25504,-5.95277,7.70433,,,,,,,,,,,,,,,,,,,,,,,,,,,,,,,,,,,,,,,,,,,,,,,,,,,High,High,High,,,,,
212,2025-10-21,16:57:45.85,3,3,"Bechard, Ryan",10163665,Left,ONT_BLU22,"Proctor, Keenan",823047,Left,MIA_RED,Undefined,6,Bottom,1,1,1,Fastball,Changeup,FoulBallNotFieldable,Undefined,Undefined,Undefined,0,0,,79.25842,0.584852,3.533131,1933.650283,110.634368,9:45,5.39269,-2.03445,5.98116,-35.48305,10.04493,-21.88757,2.97892,-0.57937,70.73808,-6.089483,-0.39531,0.485636,,,,,,,,,,,,12.49855,5.44315,1.76726,50,5.41968,-6.25285,-114.70523,0.13237,16.20857,26.48105,-25.11517,MIA_RED,ONT_BLU22,McKieFieldStad,TeamExclusive,Team,20251021-McKieFieldStad-Private-1,98c470d0-aec0-11f0-ab7e-1b06a4f3ab5c,77.61465,,,8.52034,,,,,,,a0ac1909-84c9-4024-895b-59f38feaa935,2025-10-21,20:57:45.85,2025-10-21T16:57:45.8590000-04:00,2025-10-21T20:57:45.8590000Z,,v3,471355,,,"Chwedchuk, Justin",10292277,Right,ONT_BLU22,886616f9-9d16-4ddb-921f-78b05d0fb87c,54.51469,-115.74281,13.24053,5.39521,1.11642,-12.55758,2.02469,-6.88793,8.10429,,,,,,,,,,,,,,,,,,,,,,,,,,,,,,,,,,,,,,,,,,,,,,,,,,,High,High,High,,,,,
213,2025-10-21,16:58:08.54,3,4,"Bechard, Ryan",10163665,Left,ONT_BLU22,"Proctor, Keenan",823047,Left,MIA_RED,Undefined,6,Bottom,1,1,2,Fastball,Changeup,InPlay,Undefined,GroundBall,Single,0,0,,79.85462,1.309389,3.994728,1972.425367,109.297729,9:45,5.30884,-2.1955,6.31006,-35.5014,8.81599,-20.20348,3.55971,-0.19334,71.20799,-5.403665,0.350478,0.479136,76.08671,-11.49771,31.04991,,,,,19.35843,17.75903,29.054469,0.162778,11.89127,4.60359,1.91166,50,5.38837,-7.32534,-115.55611,1.64984,15.66029,26.756,-26.11132,MIA_RED,ONT_BLU22,McKieFieldStad,TeamExclusive,Team,20251021-McKieFieldStad-Private-1,a651add0-aec0-11f0-ab7e-1b06a4f3ab5c,78.6676,3.63561,,8.64662,,,,1.60999,3.63561,0.1825,a0ac1909-84c9-4024-895b-59f38feaa935,2025-10-21,20:58:08.54,2025-10-21T16:58:08.5420000-04:00,2025-10-21T20:58:08.5420000Z,GroundBall,v3,471355,,,"Chwedchuk, Justin",10292277,Right,ONT_BLU22,9a187972-b395-4039-930f-3c2233bf7aaf,54.18554,-116.5212,13.378,5.31187,2.59167,-13.05566,2.18607,-7.89021,7.83014,180,1.59995,94.06891,,,,,,,,3.63799,-22.33479,,,,,,,,0.17645,56.63389,,,,,,,,,,,,,,,,,,,,,,,,,,,,,,High,High,High,Medium,Medium,,,
214,2025-10-21,16:58:45.56,4,1,"Bechard, Ryan",10163665,Left,ONT_BLU22,"Gonzalez Rivera, Ignacio",10124440,Right,MIA_RED,Undefined,6,Bottom,1,0,0,Fastball,Changeup,StrikeCalled,Undefined,Undefined,Undefined,0,0,,80.7003,-0.511771,4.903067,1920.548157,115.383881,9:45,5.31259,-2.27339,5.96707,-31.62053,11.90686,-21.76013,2.20131,0.47029,72.88099,-6.438473,1.007751,0.474846,,,,,,,,,,,,12.62473,6.73429,1.89577,50,5.25453,-9.16374,-116.72112,-1.98493,17.19802,24.54191,-23.00026,MIA_RED,ONT_BLU22,McKieFieldStad,TeamExclusive,Team,20251021-McKieFieldStad-Private-1,bc49c370-aec0-11f0-ab7e-1b06a4f3ab5c,79.37825,,,7.81931,,,,,,,a0ac1909-84c9-4024-895b-59f38feaa935,2025-10-21,20:58:45.56,2025-10-21T16:58:45.5600000-04:00,2025-10-21T20:58:45.5600000Z,,v3,471355,,,"Chwedchuk, Justin",10292277,Right,ONT_BLU22,68c263e6-d706-4c2d-9b27-52e2a1c30ccc,54.52919,-117.66958,12.27096,5.31407,-1.09605,-11.50013,2.26276,-9.82838,8.59901,,,,,,,,,,,,,,,,,,,,,,,,,,,,,,,,,,,,,,,,,,,,,,,,,,,High,High,High,,,,,
215,2025-10-21,16:59:00.95,4,2,"Bechard, Ryan",10163665,Left,ONT_BLU22,"Gonzalez Rivera, Ignacio",10124440,Right,MIA_RED,Undefined,6,Bottom,1,0,1,Fastball,Changeup,StrikeSwinging,Undefined,Undefined,Undefined,0,0,,80.30732,0.487119,3.50006,1973.041022,118.064606,10:00,5.32152,-2.44174,5.82484,-32.18565,11.77934,-19.19741,3.09308,-0.78369,72.64533,-5.533119,0.065493,0.477227,,,,,,,,,,,,10.79528,6.32048,2.16654,50,5.34263,-6.35585,-116.3396,0.0135,14.64161,23.94492,-23.6016,MIA_RED,ONT_BLU22,McKieFieldStad,TeamExclusive,Team,20251021-McKieFieldStad-Private-1,c5721fb0-aec0-11f0-ab7e-1b06a4f3ab5c,78.98225,,,7.66199,,,,,,,a0ac1909-84c9-4024-895b-59f38feaa935,2025-10-21,20:59:00.95,2025-10-21T16:59:00.9590000-04:00,2025-10-21T20:59:00.9590000Z,,v3,471355,,,"Chwedchuk, Justin",10292277,Right,ONT_BLU22,33360d9b-ac46-49ba-a4a8-347b93cc47cd,54.67089,-117.29702,11.97246,5.32322,0.95719,-11.8008,2.43238,-6.94128,7.3208,,,,,,,,,,,,,,,,,,,,,,,,,,,,,,,,,,,,,,,,,,,,,,,,,,,High,High,High,,,,,
216,2025-10-21,16:59:16.23,4,3,"Bechard, Ryan",10163665,Left,ONT_BLU22,"Gonzalez Rivera, Ignacio",10124440,Right,MIA_RED,Undefined,6,Bottom,1,0,2,ChangeUp,Changeup,BallCalled,Undefined,Undefined,Undefined,0,0,,74.08298,-1.831356,2.029379,1529.176054,120.547298,10:00,5.44882,-2.1461,6.13037,-41.87605,9.3515,-12.68579,0.26479,-1.3267,67.41047,-9.614777,-0.261872,0.515137,,,,,,,,,,,,7.28099,5.9365,1.99776,50,5.2872,-3.38356,-107.43553,-4.57503,8.36704,21.52877,-25.35205,MIA_RED,ONT_BLU22,McKieFieldStad,TeamExclusive,Team,20251021-McKieFieldStad-Private-1,ce9a06c0-aec0-11f0-ab7e-1b06a4f3ab5c,73.16967,,,6.67251,,,,,,,a0ac1909-84c9-4024-895b-59f38feaa935,2025-10-21,20:59:16.23,2025-10-21T16:59:16.2370000-04:00,2025-10-21T20:59:16.2370000Z,,v3,471355,,,"Chwedchuk, Justin",10292277,Right,ONT_BLU22,d1fc08f0-4681-483b-8422-bb77388ce2fa,54.36711,-108.30711,10.76438,5.45164,-3.54867,-12.67603,2.1416,-3.72229,4.18352,,,,,,,,,,,,,,,,,,,,,,,,,,,,,74.83772,,,1.28606,,,,0.96708,5.79948,2.34343,127.27772,-0.21838,5.52558,1.05825,108.224,-7.93882,5.81308,10.27216,-11.65373,2.30755,-0.68832,2.51984,High,High,High,,,High,High,High
217,2025-10-21,16:59:50.71,4,4,"Bechard, Ryan",10163665,Left,ONT_BLU22,"Gonzalez Rivera, Ignacio",10124440,Right,MIA_RED,Undefined,6,Bottom,1,1,2,ChangeUp,Changeup,StrikeSwinging,Strikeout,Undefined,Undefined,0,0,,73.03354,0.271518,3.626924,1395.962672,112.847732,9:45,5.57854,-2.00055,6.43209,-43.34054,8.72548,-16.29186,2.21687,-0.02047,66.25417,-7.861959,0.677175,0.519336,,,,,,,,,,,,9.60819,5.0441,1.74892,50,5.57882,-6.17221,-105.87684,-0.61191,10.7575,20.3805,-26.52658,MIA_RED,ONT_BLU22,McKieFieldStad,TeamExclusive,Team,20251021-McKieFieldStad-Private-1,e31dcbe0-aec0-11f0-ab7e-1b06a4f3ab5c,72.5781,,,6.77937,,,,,,,a0ac1909-84c9-4024-895b-59f38feaa935,2025-10-21,20:59:50.71,2025-10-21T16:59:50.7190000-04:00,2025-10-21T20:59:50.7190000Z,,v3,471355,,,"Chwedchuk, Justin",10292277,Right,ONT_BLU22,e7b654ca-52c4-41bc-b4e4-dc9b3ad796e5,54.06375,-106.65622,10.19025,5.58282,0.4025,-13.26329,1.99282,-6.58359,5.37875,,,,,,,,,,,,,,,,,,,,,,,,,,,,,,,,,,,,,,,,,,,,,,,,,,,High,High,High,,,,,
218,2025-10-21,17:02:33.42,5,1,"Lawson, Evan",10312668,Left,ONT_BLU22,"Cruz, Diego",1000178634,Left,MIA_RED,Undefined,6,Bottom,2,0,0,Fastball,Changeup,StrikeCalled,Undefined,Undefined,Undefined,0,0,,82.84074,-1.645167,4.061066,2068.536851,121.159582,10:00,5.91424,-1.43559,5.46315,-29.29344,12.63095,-18.43651,1.92903,0.83536,75.16426,-7.077469,0.785621,0.46602,,,,,,,,,,,,10.47331,7.29752,1.09043,50,5.74937,-7.73183,-119.83593,-4.41347,15.09493,25.07418,-21.65628,MIA_RED,ONT_BLU22,McKieFieldStad,TeamExclusive,Team,20251021-McKieFieldStad-Private-1,440ed7f0-aec1-11f0-ab7e-1b06a4f3ab5c,80.88157,,,7.67648,,,,,,,a0ac1909-84c9-4024-895b-59f38feaa935,2025-10-21,21:02:33.42,2025-10-21T17:02:33.4210000-04:00,2025-10-21T21:02:33.4210000Z,,v3,471355,,,"Chwedchuk, Justin",10292277,Right,ONT_BLU22,12ede32e-813d-4412-92ff-b4e71eaca2fc,55.03303,-120.88444,12.53709,5.91499,-3.50789,-10.82814,1.42695,-8.36305,7.54746,,,,,,,,,,,,,,,,,,,,,,,,,,,,,,,,,,,,,,,,,,,,,,,,,,,High,High,High,,,,,
219,2025-10-21,17:02:53.42,5,2,"Lawson, Evan",10312668,Left,ONT_BLU22,"Cruz, Diego",1000178634,Left,MIA_RED,Undefined,6,Bottom,2,0,1,Fastball,Changeup,BallCalled,Undefined,Undefined,Undefined,0,0,,81.62335,-0.061431,3.128675,1923.862179,146.149904,10:45,6.04311,-1.47614,5.24734,-26.70194,16.52918,-10.1193,3.76013,0.62358,74.23553,-5.027869,1.337869,0.473227,,,,,,,,,,,,5.93701,8.69623,1.19647,50,6.01815,-6.03364,-118.22691,-0.99158,8.37291,23.29633,-19.90985,MIA_RED,ONT_BLU22,McKieFieldStad,TeamExclusive,Team,20251021-McKieFieldStad-Private-1,500f0c50-aec1-11f0-ab7e-1b06a4f3ab5c,79.64976,,,7.38782,,,,,,,a0ac1909-84c9-4024-895b-59f38feaa935,2025-10-21,21:02:53.42,2025-10-21T17:02:53.4220000-04:00,2025-10-21T21:02:53.4220000Z,,v3,471355,,,"Chwedchuk, Justin",10292277,Right,ONT_BLU22,7adc20ef-f429-469b-b03f-8826dc88fe13,55.24794,-119.25652,11.64817,6.04253,-0.11164,-9.95493,1.47131,-6.40368,4.18646,,,,,,,,,,,,,,,,,,,,,,,,,,,,,,,,,,,,,,,,,,,,,,,,,,,High,High,High,,,,,
220,2025-10-21,17:03:13.27,5,3,"Lawson, Evan",10312668,Left,ONT_BLU22,"Cruz, Diego",1000178634,Left,MIA_RED,Undefined,6,Bottom,2,1,1,Slider,Curveball,HitByPitch,Undefined,Undefined,Undefined,0,0,,70.88201,4.007698,-0.807118,1750.620075,289.633567,3:45,5.80962,-1.54673,4.95522,-61.55921,-3.06618,14.30213,4.47278,-1.11751,64.1221,-7.172643,1.713021,0.550457,,,,,,,,,,,,-7.25567,-2.10453,1.61261,50,6.14814,0.89161,-102.49194,5.15699,-7.62564,18.82906,-34.38588,MIA_RED,ONT_BLU22,McKieFieldStad,TeamExclusive,Team,20251021-McKieFieldStad-Private-1,5bc677e0-aec1-11f0-ab7e-1b06a4f3ab5c,68.47481,,,6.75991,,,,,,,a0ac1909-84c9-4024-895b-59f38feaa935,2025-10-21,21:03:13.27,2025-10-21T17:03:13.2700000-04:00,2025-10-21T21:03:13.2700000Z,,v3,471355,,,"Chwedchuk, Justin",10292277,Right,ONT_BLU22,9b453d5b-9642-440f-8cf3-d04e43654d52,55.54221,-103.5051,9.41453,5.82087,7.00725,-17.19294,1.55359,1.30194,-3.81282,,,,,,,,,,,,,,,,,,,,,,,,,,,,,70.57292,1.643647,0.711885,0.931763,-1.50144,4.0883,1.02677,-1.24968,6.06498,-0.71948,61.79482,1.05258,-62.9839,-1.24088,70.84706,-3.45491,6.07869,7.0825,-13.43366,-0.75262,-74.43908,8.30663,High,High,High,,,High,High,High
221,2025-10-21,17:03:45.72,6,1,"Lawson, Evan",10312668,Left,ONT_BLU22,"Roa Calcano, Christopher",1000375139,Right,MIA_RED,Undefined,6,Bottom,2,0,0,Fastball,Changeup,BallCalled,Undefined,Undefined,Undefined,0,0,,83.12935,-3.606538,4.267024,2061.052649,117.353468,10:00,5.83881,-1.47461,5.34242,-28.8399,13.51308,-22.94521,0.03846,0.62341,74.93992,-8.942699,0.196737,0.468396,,,,,,,,,,,,13.03843,8.4417,1.10692,50,5.49232,-7.99431,-119.93754,-8.53441,18.6266,27.36157,-20.11428,MIA_RED,ONT_BLU22,McKieFieldStad,TeamExclusive,Team,20251021-McKieFieldStad-Private-1,6f2f5720-aec1-11f0-ab7e-1b06a4f3ab5c,80.47128,,,8.18943,,,,,,,a0ac1909-84c9-4024-895b-59f38feaa935,2025-10-21,21:03:45.72,2025-10-21T17:03:45.7250000-04:00,2025-10-21T21:03:45.7250000Z,,v3,471355,,,"Chwedchuk, Justin",10292277,Right,ONT_BLU22,4712db50-abdb-4323-9952-764a0f12cea0,55.15538,-121.10793,13.68079,5.83898,-7.67402,-10.05714,1.46592,-8.79107,9.3133,,,,,,,,,,,,,,,,,,,,,,,,,,,,,,,,,,,,,,,,,,,,,,,,,,,High,High,High,,,,,
222,2025-10-21,17:04:11.42,6,2,"Lawson, Evan",10312668,Left,ONT_BLU22,"Roa Calcano, Christopher",1000375139,Right,MIA_RED,Undefined,6,Bottom,2,1,0,Fastball,Changeup,BallCalled,Undefined,Undefined,Undefined,0,0,,83.74701,-1.370774,1.73277,2071.465196,112.183499,9:45,5.86877,-1.67688,5.03933,-30.54584,11.19402,-23.73316,2.02933,-2.01954,75.7213,-6.990651,-2.463486,0.464994,,,,,,,,,,,,12.24705,6.43642,1.53118,50,5.71414,-2.60296,-121.26629,-3.99449,17.9706,26.94531,-22.72965,MIA_RED,ONT_BLU22,McKieFieldStad,TeamExclusive,Team,20251021-McKieFieldStad-Private-1,7e62a300-aec1-11f0-ab7e-1b06a4f3ab5c,81.0601,,,8.02571,,,,,,,a0ac1909-84c9-4024-895b-59f38feaa935,2025-10-21,21:04:11.42,2025-10-21T17:04:11.4260000-04:00,2025-10-21T21:04:11.4260000Z,,v3,471355,,,"Chwedchuk, Justin",10292277,Right,ONT_BLU22,e67614a4-00fe-4c27-b88f-ab4dd4df8855,55.45663,-122.47275,13.47266,5.87021,-2.97678,-11.36483,1.66574,-3.40758,8.9853,,,,,,,,,,,,,,,,,,,,,,,,,,,,,,,,,,,,,,,,,,,,,,,,,,,High,High,High,,,,,
223,2025-10-21,17:04:30.31,6,3,"Lawson, Evan",10312668,Left,ONT_BLU22,"Roa Calcano, Christopher",1000375139,Right,MIA_RED,Undefined,6,Bottom,2,2,0,Fastball,Changeup,StrikeCalled,Undefined,Undefined,Undefined,0,0,,83.66315,-2.054839,3.877921,2279.824006,128.640178,10:15,5.86341,-1.43507,5.62146,-24.3745,16.31265,-18.66269,1.90943,0.63406,76.15963,-6.614936,0.552385,0.459092,,,,,,,,,,,,10.56619,9.27331,1.1162,50,5.67234,-7.43832,-121.11484,-5.11087,15.61986,24.70756,-18.46542,MIA_RED,ONT_BLU22,McKieFieldStad,TeamExclusive,Team,20251021-McKieFieldStad-Private-1,89bbe900-aec1-11f0-ab7e-1b06a4f3ab5c,82.10206,,,7.50352,,,,,,,a0ac1909-84c9-4024-895b-59f38feaa935,2025-10-21,21:04:30.31,2025-10-21T17:04:30.3190000-04:00,2025-10-21T21:04:30.3190000Z,,v3,471355,,,"Chwedchuk, Justin",10292277,Right,ONT_BLU22,dd256448-425b-4275-95c6-e609817cdd1a,54.87564,-122.10542,12.35378,5.86241,-4.37055,-9.23271,1.42697,-8.06456,7.80993,,,,,,,,,,,,,,,,,,,,,,,,,,,,,,,,,,,,,,,,,,,,,,,,,,,High,High,High,,,,,
224,2025-10-21,17:04:54.38,6,4,"Lawson, Evan",10312668,Left,ONT_BLU22,"Roa Calcano, Christopher",1000375139,Right,MIA_RED,Undefined,6,Bottom,2,2,1,ChangeUp,Changeup,StrikeSwinging,Undefined,Undefined,Undefined,0,0,,76.19457,0.64488,2.913328,1808.636101,92.780729,9:00,5.62347,-1.7951,5.1475,-47.15081,3.07697,-26.13222,2.30218,-1.22764,69.00747,-7.968173,-1.71359,0.510086,,,,,,,,,,,,13.83465,1.89634,1.54315,50,5.64806,-4.55445,-110.32946,-0.35301,16.80863,22.25012,-29.87006,MIA_RED,ONT_BLU22,McKieFieldStad,TeamExclusive,Team,20251021-McKieFieldStad-Private-1,98059830-aec1-11f0-ab7e-1b06a4f3ab5c,73.8943,,,7.1871,,,,,,,a0ac1909-84c9-4024-895b-59f38feaa935,2025-10-21,21:04:54.38,2025-10-21T17:04:54.3810000-04:00,2025-10-21T21:04:54.3810000Z,,v3,471355,,,"Chwedchuk, Justin",10292277,Right,ONT_BLU22,5e79a8d2-06e8-4ea0-96e1-ba0d7f4ba46f,55.35022,-111.40322,11.12506,5.63032,1.08847,-14.93503,1.78251,-5.36561,8.40431,,,,,,,,,,,,,,,,,,,,,,,,,,,,,68.7271,1.943926,0.967168,0.976758,-1.62274,1.862,1.32554,-2.57207,5.78504,0.43414,61.97057,2.99137,-62.80609,-2.56247,68.97286,-2.99555,5.79894,10.07868,-13.29606,0.39719,-72.08802,7.64016,High,High,High,,,High,High,High
225,2025-10-21,17:05:23.66,6,5,"Lawson, Evan",10312668,Left,ONT_BLU22,"Roa Calcano, Christopher",1000375139,Right,MIA_RED,Undefined,6,Bottom,2,2,2,ChangeUp,Changeup,StrikeSwinging,Strikeout,Undefined,Undefined,0,0,,75.51956,0.384201,2.743069,1866.685816,78.988585,8:45,5.48073,-1.83682,5.1293,-53.79818,-3.20685,-24.88505,1.3598,-1.32525,69.36501,-9.348013,-1.667743,0.511929,,,,,,,,,,,,13.17375,-1.2139,1.59937,50,5.47502,-4.27205,-109.54561,-1.10609,15.94584,20.05398,-33.6434,MIA_RED,ONT_BLU22,McKieFieldStad,TeamExclusive,Team,20251021-McKieFieldStad-Private-1,a97d07b0-aec1-11f0-ab7e-1b06a4f3ab5c,73.62829,,,6.15455,,,,,,,a0ac1909-84c9-4024-895b-59f38feaa935,2025-10-21,21:05:23.66,2025-10-21T17:05:23.6620000-04:00,2025-10-21T21:05:23.6620000Z,,v3,471355,,,"Chwedchuk, Justin",10292277,Right,ONT_BLU22,a2ca8508-9467-4856-811f-abcfe05d1efb,55.37209,-110.52468,10.02699,5.48892,0.53643,-16.8217,1.82694,-5.05055,7.97292,,,,,,,,,,,,,,,,,,,,,,,,,,,,,,,,,,,,,,,,,,,,,,,,,,,High,High,High,,,,,
226,2025-10-21,17:08:01.52,1,1,"Preisel, Connor",1000213694,Left,MIA_RED,"Chung, James",10310929,Right,ONT_BLU22,Undefined,7,Top,0,0,0,Fastball,Sinker,BallCalled,Undefined,Undefined,Undefined,0,0,,88.24066,-1.029895,6.943201,2231.16094,85.178458,8:45,4.44462,-2.98548,5.9428,-36.34994,0.05024,-13.75737,0.453,2.34013,80.51069,-7.704965,4.496729,0.434233,,,,,,,,,,,,9.04626,0.70697,2.43745,50,4.34169,-14.92426,-127.27177,-3.58148,14.78213,27.03743,-31.0188,MIA_RED,ONT_BLU22,McKieFieldStad,TeamExclusive,Team,20251021-McKieFieldStad-Private-1,07b75830-aec2-11f0-ab7e-1b06a4f3ab5c,86.80228,,,7.72997,,,,,,,a0ac1909-84c9-4024-895b-59f38feaa935,2025-10-21,21:08:01.52,2025-10-21T17:08:01.5200000-04:00,2025-10-21T21:08:01.5200000Z,,v3,471355,,,"Buffington, Matthew",825106,Right,MIA_RED,bacb600b-b1f9-4fbc-befd-4f69112bf2a3,54.55564,-128.23591,13.51872,4.44968,-2.47536,-15.5094,2.97904,-15.45138,7.39106,,,,,,,,,,,,,,,,,,,,,,,,,,,,,,,,,,,,,,,,,,,,,,,,,,,High,High,High,,,,,
227,2025-10-21,17:08:23.96,1,2,"Preisel, Connor",1000213694,Left,MIA_RED,"Chung, James",10310929,Right,ONT_BLU22,Undefined,7,Top,0,1,0,Fastball,Changeup,InPlay,Undefined,GroundBall,Out,1,0,,86.01374,0.474206,5.00206,2017.763345,100.664767,9:15,4.34851,-3.05653,6.17457,-33.7801,3.81614,-13.8593,1.97313,0.41986,78.52052,-5.803129,2.51419,0.44131,92.56291,-2.081657,27.674064,3030.552353,,,,33.29203,30.37582,28.110379,0.254916,8.56028,2.21323,2.68424,50,4.36743,-10.35658,-124.58147,-0.05552,13.43887,25.28149,-28.6995,MIA_RED,ONT_BLU22,McKieFieldStad,TeamExclusive,Team,20251021-McKieFieldStad-Private-1,1502aa30-aec2-11f0-ab7e-1b06a4f3ab5c,85.41038,1.88811,,7.49322,,,,-0.2587,1.88811,-0.26122,a0ac1909-84c9-4024-895b-59f38feaa935,2025-10-21,21:08:23.96,2025-10-21T17:08:23.9610000-04:00,2025-10-21T21:08:23.9610000Z,GroundBall,v3,471355,,,"Buffington, Matthew",825106,Right,MIA_RED,fa0c6788-4f05-494b-b724-510d6dae403f,54.32381,-125.45584,12.64075,4.35219,0.93706,-14.34975,3.05046,-10.82137,6.71943,,-0.25687,120.05387,-15.13614,,,,,,,1.88802,-4.92636,-9.72772,,,,,,,-0.26125,63.01218,-1.77349,,,,,,,,,,,,,,,,,,,,,,,,,,,,,High,High,High,High,High,,,
228,2025-10-21,17:08:59.89,2,1,"Preisel, Connor",1000213694,Left,MIA_RED,"Payne, Evan",10317400,Left,ONT_BLU22,Undefined,7,Top,1,0,0,Fastball,Changeup,StrikeCalled,Undefined,Undefined,Undefined,0,0,,85.99671,0.366206,5.160244,2086.047214,91.463366,9:00,4.28105,-3.03353,6.18485,-36.06585,1.80142,-19.39895,1.61508,0.12753,77.97318,-6.340063,1.675436,0.442898,,,,,,,,,,,,11.55123,1.22949,2.65265,50,4.29083,-10.46441,-124.46871,-0.37981,17.9656,26.98662,-30.2618,MIA_RED,ONT_BLU22,McKieFieldStad,TeamExclusive,Team,20251021-McKieFieldStad-Private-1,2a81e650-aec2-11f0-ab7e-1b06a4f3ab5c,85.10419,,,8.02353,,,,,,,a0ac1909-84c9-4024-895b-59f38feaa935,2025-10-21,21:08:59.89,2025-10-21T17:08:59.8910000-04:00,2025-10-21T21:08:59.8910000Z,,v3,471355,,,"Buffington, Matthew",825106,Right,MIA_RED,481de523-bcbb-4a22-9b61-d624bd40f295,54.31346,-125.40044,13.49331,4.28591,0.665,-15.1309,3.02465,-11.08468,8.9828,,,,,,,,,,,,,,,,,,,,,,,,,,,,,,,,,,,,,,,,,,,,,,,,,,,High,High,High,,,,,
229,2025-10-21,17:09:17.19,2,2,"Preisel, Connor",1000213694,Left,MIA_RED,"Payne, Evan",10317400,Left,ONT_BLU22,Undefined,7,Top,1,0,1,Fastball,Changeup,FoulBallNotFieldable,Undefined,Undefined,Undefined,0,0,,86.64352,0.41219,5.072276,2166.651251,98.570123,9:15,4.29816,-2.97254,6.19326,-32.87356,4.17634,-19.70682,1.94073,0.08025,78.96745,-5.707535,1.531963,0.438092,,,,,,,,,,,,11.6554,2.39669,2.59954,50,4.31274,-10.36424,-125.50608,-0.15258,18.55024,25.91871,-28.3596,MIA_RED,ONT_BLU22,McKieFieldStad,TeamExclusive,Team,20251021-McKieFieldStad-Private-1,34c29060-aec2-11f0-ab7e-1b06a4f3ab5c,86.03776,,,7.67607,,,,,,,a0ac1909-84c9-4024-895b-59f38feaa935,2025-10-21,21:09:17.19,2025-10-21T17:09:17.1920000-04:00,2025-10-21T21:09:17.1920000Z,,v3,471355,,,"Buffington, Matthew",825106,Right,MIA_RED,2d7a4f89-bff1-4cea-bfc2-dc31c4d70f2f,54.30632,-126.39227,12.95935,4.30138,0.81706,-14.1798,2.96475,-10.99849,9.27512,,,,,,,,,,,,,,,,,,,,,,,,,,,,,,,,,,,,,,,,,,,,,,,,,,,High,High,High,,,,,
230,2025-10-21,17:09:52.41,2,3,"Preisel, Connor",1000213694,Left,MIA_RED,"Payne, Evan",10317400,Left,ONT_BLU22,Undefined,7,Top,1,0,2,Fastball,Sinker,StrikeSwinging,Strikeout,Undefined,Undefined,0,0,,86.34928,1.325591,4.207312,2115.651528,79.417381,8:45,4.32294,-3.12437,6.27154,-39.4516,-1.79839,-16.98525,2.26081,-0.65436,77.69198,-6.025274,1.145768,0.441644,,,,,,,,,,,,10.10296,-0.89909,2.82035,50,4.40278,-8.5076,-125.02936,1.59149,15.72095,29.19871,-33.57311,MIA_RED,ONT_BLU22,McKieFieldStad,TeamExclusive,Team,20251021-McKieFieldStad-Private-1,49b73fc0-aec2-11f0-ab7e-1b06a4f3ab5c,85.34575,,,8.6573,,,,,,,a0ac1909-84c9-4024-895b-59f38feaa935,2025-10-21,21:09:52.41,2025-10-21T17:09:52.4140000-04:00,2025-10-21T21:09:52.4140000Z,,v3,471355,,,"Buffington, Matthew",825106,Right,MIA_RED,d98d75ee-7563-479a-b010-10a7b6abcfa6,54.22514,-126.01221,14.59936,4.33019,2.72159,-16.78656,3.11563,-9.03678,7.86048,,,,,,,,,,,,,,,,,,,,,,,,,,,,,65.78026,2.543119,1.499955,1.043164,-1.33732,1.95981,0.60313,-3.78083,4.0151,4.10881,74.46968,10.08153,50.30611,-3.72203,81.16976,-5.95116,4.05986,21.56259,-15.13188,4.11752,45.95136,-1.60395,High,High,High,,,High,High,High
231,2025-10-21,17:10:25.20,3,1,"Preisel, Connor",1000213694,Left,MIA_RED,"Barker, Zach",10321583,Right,ONT_BLU22,Undefined,7,Top,2,0,0,Fastball,Sinker,BallCalled,Undefined,Undefined,Undefined,0,0,,86.91708,-0.888836,4.399917,2122.774494,78.80216,8:45,4.20134,-3.08516,5.86872,-39.07939,-1.81039,-15.26111,0.11661,-0.26192,79.53556,-8.060866,1.667237,0.439385,,,,,,,,,,,,9.1391,-0.35961,2.73754,50,4.10625,-9.07404,-125.94809,-3.32674,14.6232,26.50495,-32.74942,MIA_RED,ONT_BLU22,McKieFieldStad,TeamExclusive,Team,20251021-McKieFieldStad-Private-1,5d69f940-aec2-11f0-ab7e-1b06a4f3ab5c,85.78455,,,7.38152,,,,,,,a0ac1909-84c9-4024-895b-59f38feaa935,2025-10-21,21:10:25.20,2025-10-21T17:10:25.2090000-04:00,2025-10-21T21:10:25.2090000Z,,v3,471355,,,"Buffington, Matthew",825106,Right,MIA_RED,c56c959a-214a-4ddd-b61d-e854851461b2,54.63155,-126.91902,13.25248,4.20615,-2.12705,-16.37471,3.07976,-9.60972,7.3116,,,,,,,,,,,,,,,,,,,,,,,,,,,,,,,,,,,,,,,,,,,,,,,,,,,High,High,High,,,,,
232,2025-10-21,17:10:48.43,3,2,"Preisel, Connor",1000213694,Left,MIA_RED,"Barker, Zach",10321583,Right,ONT_BLU22,Undefined,7,Top,2,1,0,Fastball,Sinker,BallCalled,Undefined,Undefined,Undefined,0,0,,87.12431,0.099183,6.246663,2255.703094,82.144633,8:45,4.35342,-3.08525,5.97131,-38.13219,-1.07189,-16.43076,1.26824,1.35972,79.60731,-6.914409,3.316396,0.438153,,,,,,,,,,,,10.18162,-0.21555,2.59803,50,4.34014,-13.11227,-125.92446,-1.10251,16.33703,25.73675,-32.51994,MIA_RED,ONT_BLU22,McKieFieldStad,TeamExclusive,Team,20251021-McKieFieldStad-Private-1,6afded00-aec2-11f0-ab7e-1b06a4f3ab5c,86.02573,,,7.517,,,,,,,a0ac1909-84c9-4024-895b-59f38feaa935,2025-10-21,21:10:48.43,2025-10-21T17:10:48.4380000-04:00,2025-10-21T21:10:48.4380000Z,,v3,471355,,,"Buffington, Matthew",825106,Right,MIA_RED,85967f9b-28b9-4ee1-8b2a-15c0d985bc38,54.52841,-126.84661,12.86838,4.35877,0.06268,-16.25997,3.07833,-13.69763,8.16852,,,,,,,,,,,,,,,,,,,,,,,,,,,,,,,,,,,,,,,,,,,,,,,,,,,High,High,High,,,,,
233,2025-10-21,17:11:08.85,3,3,"Preisel, Connor",1000213694,Left,MIA_RED,"Barker, Zach",10321583,Right,ONT_BLU22,Undefined,7,Top,2,2,0,Fastball,Changeup,BallCalled,Undefined,Undefined,Undefined,0,0,,86.94738,0.614071,3.31508,2149.85955,102.150847,9:30,4.26153,-3.00514,5.98141,-32.53021,4.92929,-16.56123,2.12084,-1.30905,78.25601,-5.458959,0.342103,0.440507,,,,,,,,,,,,9.48453,2.76445,2.75172,50,4.29254,-6.59188,-125.9534,0.26003,14.99304,29.39049,-27.804,MIA_RED,ONT_BLU22,McKieFieldStad,TeamExclusive,Team,20251021-McKieFieldStad-Private-1,773a8e20-aec2-11f0-ab7e-1b06a4f3ab5c,85.56608,,,8.69137,,,,,,,a0ac1909-84c9-4024-895b-59f38feaa935,2025-10-21,21:11:08.85,2025-10-21T17:11:08.8520000-04:00,2025-10-21T21:11:08.8520000Z,,v3,471355,,,"Buffington, Matthew",825106,Right,MIA_RED,a2dd028e-8d03-44b0-9a1c-85110da42c75,54.51376,-127.00229,14.69524,4.26556,1.2523,-13.902,2.99652,-7.12695,7.49652,,,,,,,,,,,,,,,,,,,,,,,,,,,,,,,,,,,,,,,,,,,,,,,,,,,High,High,High,,,,,
234,2025-10-21,17:11:31.98,3,4,"Preisel, Connor",1000213694,Left,MIA_RED,"Barker, Zach",10321583,Right,ONT_BLU22,Undefined,7,Top,2,3,0,Fastball,Sinker,BallCalled,Walk,Undefined,Undefined,0,0,,86.79631,0.664604,5.298858,2221.57915,75.01595,8:30,4.27096,-2.96389,6.11041,-40.73101,-3.26583,-17.193,1.4939,0.51697,78.4219,-6.871414,2.215521,0.44054,,,,,,,,,,,,10.55095,-1.50815,2.56509,50,4.30108,-10.94893,-125.54182,0.07461,16.60892,28.65221,-34.54811,MIA_RED,ONT_BLU22,McKieFieldStad,TeamExclusive,Team,20251021-McKieFieldStad-Private-1,85255470-aec2-11f0-ab7e-1b06a4f3ab5c,85.55966,,,8.3744,,,,,,,a0ac1909-84c9-4024-895b-59f38feaa935,2025-10-21,21:11:31.98,2025-10-21T17:11:31.9810000-04:00,2025-10-21T21:11:31.9810000Z,,v3,471355,,,"Buffington, Matthew",825106,Right,MIA_RED,b97f8067-855e-457a-b2ed-c0ee9becb33a,54.38834,-126.5394,14.32611,4.27754,1.27747,-17.27406,2.95636,-11.5272,8.30446,,,,,,,,,,,,,,,,,,,,,,,,,,,,,,,,,,,,,,,,,,,,,,,,,,,High,High,High,,,,,
235,2025-10-21,17:12:05.66,4,1,"Preisel, Connor",1000213694,Left,MIA_RED,"Stillo, Sebastian",10320579,Left,ONT_BLU22,Undefined,7,Top,2,0,0,Fastball,Sinker,FoulBallNotFieldable,Undefined,Undefined,Undefined,0,0,,84.97132,1.513927,4.050596,2088.425392,76.86674,8:30,4.25733,-3.05051,6.09173,-41.30652,-2.67587,-16.8267,2.2193,-0.69976,77.46045,-6.121934,1.027248,0.44734,,,,,,,,,,,,9.8878,-1.48626,2.74692,50,4.35236,-8.07202,-123.20813,1.89386,15.14291,25.32487,-34.45019,MIA_RED,ONT_BLU22,McKieFieldStad,TeamExclusive,Team,20251021-McKieFieldStad-Private-1,99499470-aec2-11f0-ab7e-1b06a4f3ab5c,84.25913,,,7.51088,,,,,,,a0ac1909-84c9-4024-895b-59f38feaa935,2025-10-21,21:12:05.66,2025-10-21T17:12:05.6690000-04:00,2025-10-21T21:12:05.6690000Z,,v3,471355,,,"Buffington, Matthew",825106,Right,MIA_RED,f71e89d2-e3e9-455d-9a0f-1a58bede3daa,54.40871,-124.11101,12.66243,4.26295,3.12207,-17.2251,3.04432,-8.6119,7.57146,,,,,,,,,,,,,,,,,,,,,,,,,,,,,,,,,,,,,,,,,,,,,,,,,,,High,High,High,,,,,
236,2025-10-21,17:12:30.37,4,2,"Preisel, Connor",1000213694,Left,MIA_RED,"Stillo, Sebastian",10320579,Left,ONT_BLU22,Undefined,7,Top,2,0,1,Cutter,Slider,BallCalled,Undefined,Undefined,Undefined,0,0,,82.50701,1.722278,1.698505,2509.054008,179.650488,12:00,4.16209,-3.30434,5.43756,-38.37124,3.81441,-0.01445,2.57841,-1.71461,74.7131,-5.345435,1.695933,0.46747,,,,,,,,,,,,0.52705,1.85343,3.15407,50,4.28842,-3.54456,-119.55466,2.25374,0.75544,25.12702,-29.51742,MIA_RED,ONT_BLU22,McKieFieldStad,TeamExclusive,Team,20251021-McKieFieldStad-Private-1,a7efbb80-aec2-11f0-ab7e-1b06a4f3ab5c,80.63071,,,7.79391,,,,,,,a0ac1909-84c9-4024-895b-59f38feaa935,2025-10-21,21:12:30.37,2025-10-21T17:12:30.3760000-04:00,2025-10-21T21:12:30.3760000Z,,v3,471355,,,"Buffington, Matthew",825106,Right,MIA_RED,9102df8f-d778-4237-8247-2fa488f2db81,55.05736,-120.61289,12.56351,4.16732,3.49687,-14.75871,3.30402,-3.57638,0.37772,,,,,,,,,,,,,,,,,,,,,,,,,,,,,,,,,,,,,,,,,,,,,,,,,,,High,High,High,,,,,
237,2025-10-21,17:13:09.80,4,3,"Preisel, Connor",1000213694,Left,MIA_RED,"Stillo, Sebastian",10320579,Left,ONT_BLU22,Undefined,7,Top,2,1,1,Fastball,Changeup,BallCalled,Undefined,Undefined,Undefined,0,0,,85.80611,1.068299,5.520073,2198.764646,106.318238,9:30,4.31021,-2.9628,6.21861,-33.5312,4.15244,-10.18741,2.50643,1.29779,78.48737,-5.160668,3.694031,0.441823,,,,,,,,,,,,6.76386,2.2311,2.5533,50,4.37393,-11.60269,-124.18808,1.25679,10.58544,24.37873,-28.68239,MIA_RED,ONT_BLU22,McKieFieldStad,TeamExclusive,Team,20251021-McKieFieldStad-Private-1,bf54cea0-aec2-11f0-ab7e-1b06a4f3ab5c,85.31126,,,7.31874,,,,,,,a0ac1909-84c9-4024-895b-59f38feaa935,2025-10-21,21:13:09.80,2025-10-21T17:13:09.8020000-04:00,2025-10-21T21:13:09.8020000Z,,v3,471355,,,"Buffington, Matthew",825106,Right,MIA_RED,516683d1-c745-4f15-8f3b-216e2f68aa6e,54.27948,-125.02534,12.18937,4.31386,2.24185,-14.34119,2.95803,-11.96624,5.29272,,,,,,,,,,,,,,,,,,,,,,,,,,,,,,,,,,,,,,,,,,,,,,,,,,,High,High,High,,,,,
238,2025-10-21,17:13:31.88,4,4,"Preisel, Connor",1000213694,Left,MIA_RED,"Stillo, Sebastian",10320579,Left,ONT_BLU22,Undefined,7,Top,2,2,1,Cutter,Slider,BallCalled,Undefined,Undefined,Undefined,0,0,,82.15646,-0.076125,5.384455,2489.001112,151.423648,11:00,4.15462,-3.08116,5.48557,-40.0299,2.88666,-0.74528,0.74726,1.90907,74.45428,-7.405135,5.252661,0.471502,,,,,,,,,,,,2.10036,1.90551,2.60853,50,4.12091,-11.15035,-118.62358,-1.53287,2.95044,25.68784,-29.49734,MIA_RED,ONT_BLU22,McKieFieldStad,TeamExclusive,Team,20251021-McKieFieldStad-Private-1,cc8ee290-aec2-11f0-ab7e-1b06a4f3ab5c,79.94117,,,7.70218,,,,,,,a0ac1909-84c9-4024-895b-59f38feaa935,2025-10-21,21:13:31.88,2025-10-21T17:13:31.8800000-04:00,2025-10-21T21:13:31.8800000Z,,v3,471355,,,"Buffington, Matthew",825106,Right,MIA_RED,f13ad844-36cb-4f26-acde-1741af91fbb2,55.01096,-119.70379,12.84392,4.15929,-0.29248,-14.74867,3.08002,-11.27442,1.47522,,,,,,,,,,,,,,,,,,,,,,,,,,,,,,,,,,,,,,,,,,,,,,,,,,,High,High,High,,,,,
239,2025-10-21,17:13:57.66,4,5,"Preisel, Connor",1000213694,Left,MIA_RED,"Stillo, Sebastian",10320579,Left,ONT_BLU22,Undefined,7,Top,2,3,1,Fastball,Changeup,BallCalled,Walk,Undefined,Undefined,0,0,,85.63516,1.167456,1.788466,2140.150396,104.838233,9:30,4.21314,-3.08121,5.896,-33.3212,4.85918,-13.72308,2.52091,-2.56387,78.06903,-5.018624,-0.674299,0.444725,,,,,,,,,,,,7.67406,2.43886,2.94571,50,4.2877,-3.35147,-124.37969,1.43755,11.96936,25.96081,-28.37015,MIA_RED,ONT_BLU22,McKieFieldStad,TeamExclusive,Team,20251021-McKieFieldStad-Private-1,dbd6eef0-aec2-11f0-ab7e-1b06a4f3ab5c,84.75452,,,7.56613,,,,,,,a0ac1909-84c9-4024-895b-59f38feaa935,2025-10-21,21:13:57.66,2025-10-21T17:13:57.6660000-04:00,2025-10-21T21:13:57.6660000Z,,v3,471355,,,"Buffington, Matthew",825106,Right,MIA_RED,6ee443b1-c10a-4d98-8b86-8bd04d7524de,54.60447,-125.33706,12.98041,4.2154,2.48377,-14.18508,3.07744,-3.79287,5.98468,,,,,,,,,,,,,,,,,,,,,,,,,,,,,,,,,,,,,,,,,,,,,,,,,,,High,High,High,,,,,
240,2025-10-21,17:14:31.38,5,1,"Preisel, Connor",1000213694,Left,MIA_RED,"Caminero, Christian",10285482,Right,ONT_BLU22,Undefined,7,Top,2,0,0,Fastball,Changeup,StrikeCalled,Undefined,Undefined,Undefined,0,0,,86.13974,0.461505,4.983768,2079.681054,87.893002,9:00,4.25255,-3.1488,6.11509,-36.55825,0.7463,-9.67886,1.63436,0.66412,79.30499,-6.283381,3.24841,0.439595,,,,,,,,,,,,6.30555,0.59575,2.77094,50,4.26889,-10.50982,-124.85415,-0.20176,10.01622,23.65069,-31.22772,MIA_RED,ONT_BLU22,McKieFieldStad,TeamExclusive,Team,20251021-McKieFieldStad-Private-1,eff22e40-aec2-11f0-ab7e-1b06a4f3ab5c,85.74364,,,6.83475,,,,,,,a0ac1909-84c9-4024-895b-59f38feaa935,2025-10-21,21:14:31.38,2025-10-21T17:14:31.3810000-04:00,2025-10-21T21:14:31.3810000Z,,v3,471355,,,"Buffington, Matthew",825106,Right,MIA_RED,9310efd5-7acc-4bff-9722-8d7e5eefa122,54.38471,-125.68199,11.82534,4.25682,0.89129,-15.61386,3.14495,-10.86042,5.00811,,,,,,,,,,,,,,,,,,,,,,,,,,,,,,,,,,,,,,,,,,,,,,,,,,,High,High,High,,,,,
241,2025-10-21,17:14:51.79,5,2,"Preisel, Connor",1000213694,Left,MIA_RED,"Caminero, Christian",10285482,Right,ONT_BLU22,Undefined,7,Top,2,0,1,Fastball,Changeup,BallCalled,Undefined,Undefined,Undefined,0,0,,86.4108,1.480342,3.378381,2167.678544,94.629657,9:15,4.27518,-3.22225,6.10841,-34.53864,2.46028,-16.70784,2.7685,-1.48701,79.26718,-4.92457,0.373259,0.43779,,,,,,,,,,,,9.45993,1.24953,2.97097,50,4.3711,-6.73123,-125.44602,2.09825,15.15146,24.16234,-30.17273,MIA_RED,ONT_BLU22,McKieFieldStad,TeamExclusive,Team,20251021-McKieFieldStad-Private-1,fc249630-aec2-11f0-ab7e-1b06a4f3ab5c,86.09704,,,7.14362,,,,,,,a0ac1909-84c9-4024-895b-59f38feaa935,2025-10-21,21:14:51.79,2025-10-21T17:14:51.7960000-04:00,2025-10-21T21:14:51.7960000Z,,v3,471355,,,"Buffington, Matthew",825106,Right,MIA_RED,9b8bc7cb-f434-4eec-976e-ded6988a0101,54.39076,-126.2889,12.08117,4.27954,3.15079,-15.08637,3.215,-7.25978,7.57573,,,,,,,,,,,,,,,,,,,,,,,,,,,,,,,,,,,,,,,,,,,,,,,,,,,High,High,High,,,,,
242,2025-10-21,17:16:04.10,5,3,"Preisel, Connor",1000213694,Left,MIA_RED,"Caminero, Christian",10285482,Right,ONT_BLU22,Undefined,7,Top,2,1,1,Fastball,Slider,BallCalled,Undefined,Undefined,Undefined,0,0,,86.42878,0.652799,5.893627,2205.56782,91.405471,9:00,4.52406,-2.75952,6.20254,-35.91986,1.32118,-6.67193,2.13653,2.14383,79.14605,-5.990353,4.699551,0.43922,,,,,,,,,,,,5.0537,0.89906,2.31843,50,4.55567,-12.63773,-125.0038,0.25021,8.0064,24.90299,-30.74968,MIA_RED,ONT_BLU22,McKieFieldStad,TeamExclusive,Team,20251021-McKieFieldStad-Private-1,272be810-aec3-11f0-ab7e-1b06a4f3ab5c,85.81675,,,7.28274,,,,,,,a0ac1909-84c9-4024-895b-59f38feaa935,2025-10-21,21:16:04.10,2025-10-21T17:16:04.1000000-04:00,2025-10-21T21:16:04.1000000Z,,v3,471355,,,"Buffington, Matthew",825106,Right,MIA_RED,9307311e-8886-4189-852a-a5ab27afd1cb,54.2951,-125.85656,12.45149,4.52907,1.30317,-15.37484,2.75587,-12.9119,4.0032,,,,,,,,,,,,,,,,,,,,,,,,,,,,,,,,,,,,,,,,,,,,,,,,,,,High,High,High,,,,,
243,2025-10-21,17:16:42.06,5,4,"Preisel, Connor",1000213694,Left,MIA_RED,"Caminero, Christian",10285482,Right,ONT_BLU22,Undefined,7,Top,2,2,1,Fastball,Changeup,BallCalled,Undefined,Undefined,Undefined,0,0,,86.30508,-0.155953,4.984751,2154.532955,91.979277,9:00,4.3851,-2.85642,6.13486,-35.94155,1.56284,-9.73178,1.24529,0.95129,78.76518,-6.809711,3.238675,0.44077,,,,,,,,,,,,6.48642,1.21221,2.48017,50,4.35462,-10.51691,-124.97344,-1.52414,10.21396,26.20772,-30.26523,MIA_RED,ONT_BLU22,McKieFieldStad,TeamExclusive,Team,20251021-McKieFieldStad-Private-1,3ddffab0-aec3-11f0-ab7e-1b06a4f3ab5c,85.5149,,,7.5399,,,,,,,a0ac1909-84c9-4024-895b-59f38feaa935,2025-10-21,21:16:42.06,2025-10-21T17:16:42.0610000-04:00,2025-10-21T21:16:42.0610000Z,,v3,471355,,,"Buffington, Matthew",825106,Right,MIA_RED,d501d7fc-8c4b-44ec-bf1e-b22c079fca07,54.36361,-125.88519,13.10386,4.38933,-0.47123,-15.13262,2.85222,-10.87224,5.10698,,,,,,,,,,,,,,,,,,,,,,,,,,,,,,,,,,,,,,,,,,,,,,,,,,,High,High,High,,,,,
244,2025-10-21,17:17:09.58,5,5,"Preisel, Connor",1000213694,Left,MIA_RED,"Caminero, Christian",10285482,Right,ONT_BLU22,Undefined,7,Top,2,3,1,Fastball,Changeup,InPlay,Undefined,FlyBall,Out,1,0,,86.6005,0.638935,4.059709,2211.594103,118.973081,10:00,4.26972,-2.89425,6.0132,-25.8456,11.51694,-18.553,2.70931,-0.67333,78.6062,-4.217978,0.732731,0.439936,83.70856,37.943146,-0.962456,2927.239511,109.99853,73.38757,-0.47709,322.67097,318.04513,1.708865,5.046944,10.74107,6.09658,2.58558,50,4.30586,-8.15891,-125.51642,0.59819,17.04865,26.60335,-22.49735,MIA_RED,ONT_BLU22,McKieFieldStad,TeamExclusive,Team,20251021-McKieFieldStad-Private-1,4e5b08d0-aec3-11f0-ab7e-1b06a4f3ab5c,85.67704,88.80842,,7.9943,,,,1.10693,2.7179,0.65239,a0ac1909-84c9-4024-895b-59f38feaa935,2025-10-21,21:17:09.58,2025-10-21T17:17:09.5860000-04:00,2025-10-21T21:17:09.5860000Z,FlyBall,v3,471355,,,"Buffington, Matthew",825106,Right,MIA_RED,49630954-b536-43ba-9e3a-0f9085a01f80,54.48507,-126.46346,13.30168,4.27031,1.39907,-11.24868,2.88683,-8.76582,8.52432,179.893577,1.10989,96.74016,-16.29798,3.59025,-0.24632,-0.16362,0.0608,-0.00843,0.00043,2.71374,75.56963,-18.72088,1.48898,-0.48197,0.14894,-0.02409,0.00162,-3E-05,0.65211,-1.61865,0.22181,0.43587,-0.16682,0.03477,-0.00428,0.00029,-1E-05,,,,,,,,,,,,,,,,,,,,,,,High,High,High,High,Medium,,,
245,2025-10-21,17:19:37.14,1,1,"Lawson, Evan",10312668,Left,ONT_BLU22,"Dierks, Marcus",10322729,Left,MIA_RED,Undefined,7,Bottom,0,0,0,Fastball,Changeup,HitByPitch,Undefined,Undefined,Undefined,0,0,,81.65549,0.032635,1.5068,1976.856327,119.786428,10:00,6.03299,-1.11361,5.20223,-29.6071,13.99162,-21.69899,3.59644,-1.50438,73.67488,-5.468654,-2.33839,0.475235,,,,,,,,,,,,11.29095,7.41737,0.99121,50,6.01432,-2.18818,-118.31368,-0.9168,15.76819,25.68236,-21.81548,MIA_RED,ONT_BLU22,McKieFieldStad,TeamExclusive,Team,20251021-McKieFieldStad-Private-1,a63f08d0-aec3-11f0-ab7e-1b06a4f3ab5c,79.3133,,,7.98061,,,,,,,a0ac1909-84c9-4024-895b-59f38feaa935,2025-10-21,21:19:37.14,2025-10-21T17:19:37.1480000-04:00,2025-10-21T21:19:37.1480000Z,,v3,471355,,,"Chwedchuk, Justin",10292277,Right,ONT_BLU22,37c68937-6f8b-4d77-81c1-c2dc446ea924,55.29393,-119.45731,12.84118,6.03352,0.05463,-10.90774,1.10428,-2.89033,7.88409,,,,,,,,,,,,,,,,,,,,,,,,,,,,,,,,,,,,,,,,,,,,,,,,,,,High,High,High,,,,,
246,2025-10-21,17:20:17.66,2,1,"Lawson, Evan",10312668,Left,ONT_BLU22,"Breidenbach, Mason",1000074554,Right,MIA_RED,Undefined,7,Bottom,0,0,0,Fastball,Changeup,BallCalled,Undefined,Undefined,Undefined,0,0,,81.30872,-1.276854,5.487857,1880.03963,124.89744,10:15,5.9455,-1.49893,5.40789,-29.81907,13.38513,-17.23021,2.25857,2.22264,74.61636,-6.771245,2.441366,0.47308,,,,,,,,,,,,10.09099,7.48032,1.02156,50,5.81068,-10.58901,-117.55426,-3.6074,14.19184,21.22973,-21.65381,MIA_RED,ONT_BLU22,McKieFieldStad,TeamExclusive,Team,20251021-McKieFieldStad-Private-1,be6aee60-aec3-11f0-ab7e-1b06a4f3ab5c,79.67458,,,6.69235,,,,,,,a0ac1909-84c9-4024-895b-59f38feaa935,2025-10-21,21:20:17.66,2025-10-21T17:20:17.6600000-04:00,2025-10-21T21:20:17.6600000Z,,v3,471355,,,"Chwedchuk, Justin",10292277,Right,ONT_BLU22,47193027-5689-47a9-a6e1-ec6400c57b2e,55.09008,-118.46994,10.61487,5.94613,-2.67343,-10.8269,1.49149,-11.20113,7.09592,,,,,,,,,,,,,,,,,,,,,,,,,,,,,,,,,,,,,,,,,,,,,,,,,,,High,High,High,,,,,
247,2025-10-21,17:20:50.15,2,2,"Lawson, Evan",10312668,Left,ONT_BLU22,"Breidenbach, Mason",1000074554,Right,MIA_RED,Undefined,7,Bottom,0,1,0,Fastball,Changeup,StrikeCalled,Undefined,Undefined,Undefined,0,0,,81.74403,-0.798438,3.961622,2132.228273,119.33649,10:00,6.00279,-1.37248,5.17979,-30.40128,13.40068,-20.91387,2.71626,0.61811,73.54742,-6.437136,0.265504,0.476341,,,,,,,,,,,,11.59753,7.40729,1.01994,50,5.90597,-7.26811,-118.13813,-2.67198,16.13061,25.83215,-21.87151,MIA_RED,ONT_BLU22,McKieFieldStad,TeamExclusive,Team,20251021-McKieFieldStad-Private-1,d1c41630-aec3-11f0-ab7e-1b06a4f3ab5c,79.12908,,,8.1966,,,,,,,a0ac1909-84c9-4024-895b-59f38feaa935,2025-10-21,21:20:50.15,2025-10-21T17:20:50.1520000-04:00,2025-10-21T21:20:50.1520000Z,,v3,471355,,,"Chwedchuk, Justin",10292277,Right,ONT_BLU22,2913da7a-06d9-4c1c-823d-81b63cbfe8f7,55.31458,-119.29456,12.91607,6.00367,-1.69286,-10.93576,1.36148,-7.99023,8.06531,,,,,,,,,,,,,,,,,,,,,,,,,,,,,,,,,,,,,,,,,,,,,,,,,,,High,High,High,,,,,
248,2025-10-21,17:21:07.15,2,3,"Lawson, Evan",10312668,Left,ONT_BLU22,"Breidenbach, Mason",1000074554,Right,MIA_RED,Undefined,7,Bottom,0,1,1,Curveball,Curveball,StrikeCalled,Undefined,Undefined,Undefined,0,0,,69.93572,3.66293,-0.241052,1864.310198,318.277218,4:30,5.7055,-1.58662,4.85591,-75.06571,-14.16438,14.68965,2.92192,-0.59065,62.99756,-9.887017,2.348398,0.561675,,,,,,,,,,,,-7.24693,-7.4613,1.59725,50,6.0034,-0.14334,-101.10313,3.94551,-7.31729,20.24719,-39.70782,MIA_RED,ONT_BLU22,McKieFieldStad,TeamExclusive,Team,20251021-McKieFieldStad-Private-1,dbe57870-aec3-11f0-ab7e-1b06a4f3ab5c,67.10724,,,6.93816,,,,,,,a0ac1909-84c9-4024-895b-59f38feaa935,2025-10-21,21:21:07.15,2025-10-21T17:21:07.1510000-04:00,2025-10-21T21:21:07.1510000Z,,v3,471355,,,"Chwedchuk, Justin",10292277,Right,ONT_BLU22,f6e88698-d7c4-4ead-902f-7d3b82486329,55.6439,-102.22714,10.1236,5.72318,6.14987,-19.85391,1.59394,0.26288,-3.65865,,,,,,,,,,,,,,,,,,,,,,,,,,,,,,,,,,,,,,,,,,,,,,,,,,,High,High,High,,,,,
249,2025-10-21,17:21:24.68,2,4,"Lawson, Evan",10312668,Left,ONT_BLU22,"Breidenbach, Mason",1000074554,Right,MIA_RED,Undefined,7,Bottom,0,1,2,ChangeUp,Changeup,BallCalled,Undefined,Undefined,Undefined,0,0,,74.98202,-0.619904,5.578006,1844.809271,97.289172,9:15,5.6097,-1.6356,5.37769,-46.54357,4.91414,-24.21537,1.14717,1.59208,68.30554,-9.121831,1.290478,0.516293,,,,,,,,,,,,13.80438,3.20142,1.15247,50,5.52127,-9.65139,-108.31069,-2.66554,16.2634,20.37088,-28.40234,MIA_RED,ONT_BLU22,McKieFieldStad,TeamExclusive,Team,20251021-McKieFieldStad-Private-1,e6849630-aec3-11f0-ab7e-1b06a4f3ab5c,73.00585,,,6.67648,,,,,,,a0ac1909-84c9-4024-895b-59f38feaa935,2025-10-21,21:21:24.68,2025-10-21T17:21:24.6820000-04:00,2025-10-21T21:21:24.6820000Z,,v3,471355,,,"Chwedchuk, Justin",10292277,Right,ONT_BLU22,2c9c2fd9-48cb-48df-9f30-682cb148e8b3,55.12092,-109.26958,10.18544,5.61527,-1.3286,-14.20117,1.6248,-10.41694,8.1317,,,,,,,,,,,,,,,,,,,,,,,,,,,,,71.13716,,1.580083,,-0.23705,0.87732,-1.62741,-2.0743,5.81482,0.83904,,,,-1.99177,102.84639,-6.7275,5.83721,10.75006,-12.24805,0.80729,-0.9142,2.1957,High,High,High,,,High,High,High
250,2025-10-21,17:21:50.52,2,5,"Lawson, Evan",10312668,Left,ONT_BLU22,"Breidenbach, Mason",1000074554,Right,MIA_RED,Undefined,7,Bottom,0,2,2,Slider,Curveball,BallCalled,Undefined,Undefined,Undefined,0,0,,70.40781,0.806916,2.525174,1966.184298,314.569447,4:30,5.61688,-1.50086,5.07612,-66.70874,-7.80351,9.96406,0.81929,1.71151,64.56257,-11.204993,4.288592,0.552393,,,,,,,,,,,,-4.13984,-3.52272,1.25322,50,5.64086,-4.86606,-102.00248,-0.71782,-4.29994,18.99067,-35.83301,MIA_RED,ONT_BLU22,McKieFieldStad,TeamExclusive,Team,20251021-McKieFieldStad-Private-1,f5b71ec0-aec3-11f0-ab7e-1b06a4f3ab5c,68.23479,,,5.84524,,,,,,,a0ac1909-84c9-4024-895b-59f38feaa935,2025-10-21,21:21:50.52,2025-10-21T17:21:50.5280000-04:00,2025-10-21T21:21:50.5280000Z,,v3,471355,,,"Chwedchuk, Justin",10292277,Right,ONT_BLU22,811dd886-c8c5-4c25-b2db-2f99d0d7eb51,55.42333,-103.00724,9.49533,5.62868,1.17803,-17.91651,1.50465,-4.63856,-2.14997,,,,,,,,,,,,,,,,,,,,,,,,,,,,,,,,,,,,,,,,,,,,,,,,,,,High,High,High,,,,,
251,2025-10-21,17:22:22.71,2,6,"Lawson, Evan",10312668,Left,ONT_BLU22,"Breidenbach, Mason",1000074554,Right,MIA_RED,Undefined,7,Bottom,0,3,2,Fastball,Changeup,BallCalled,Walk,Undefined,Undefined,0,0,,82.28842,0.571427,3.318133,1929.333158,131.502889,10:30,5.9239,-1.16418,5.61234,-26.58623,15.55918,-15.93591,4.24263,0.60825,74.43175,-4.419058,0.479098,0.467247,,,,,,,,,,,,8.99256,8.12048,0.89066,50,5.95594,-6.24497,-119.18205,0.37325,12.82646,24.68987,-20.59148,MIA_RED,ONT_BLU22,McKieFieldStad,TeamExclusive,Team,20251021-McKieFieldStad-Private-1,08e36a30-aec4-11f0-ab7e-1b06a4f3ab5c,80.66917,,,7.85668,,,,,,,a0ac1909-84c9-4024-895b-59f38feaa935,2025-10-21,21:22:22.71,2025-10-21T17:22:22.7150000-04:00,2025-10-21T21:22:22.7150000Z,,v3,471355,,,"Chwedchuk, Justin",10292277,Right,ONT_BLU22,91725a7d-cb9f-40be-9c64-4a8bc445b0d0,54.88238,-120.18923,12.34493,5.92358,1.21325,-10.29574,1.15609,-6.76821,6.41323,,,,,,,,,,,,,,,,,,,,,,,,,,,,,,,,,,,,,,,,,,,,,,,,,,,High,High,High,,,,,
252,2025-10-21,17:22:51.95,3,1,"Lawson, Evan",10312668,Left,ONT_BLU22,"Buffington, Matthew",825106,Right,MIA_RED,Undefined,7,Bottom,0,0,0,Fastball,Changeup,StrikeCalled,Undefined,Undefined,Undefined,0,0,,82.42886,-1.986148,3.59297,2133.187414,132.631767,10:30,5.7746,-1.66008,5.2734,-24.13832,18.26875,-18.2771,1.89314,0.19599,75.09059,-6.483528,0.356161,0.468695,,,,,,,,,,,,10.14217,10.12725,1.34542,50,5.57555,-6.71394,-119.30661,-4.9143,14.56961,23.66899,-17.6259,MIA_RED,ONT_BLU22,McKieFieldStad,TeamExclusive,Team,20251021-McKieFieldStad-Private-1,1a723240-aec4-11f0-ab7e-1b06a4f3ab5c,80.41991,,,7.33827,,,,,,,a0ac1909-84c9-4024-895b-59f38feaa935,2025-10-21,21:22:51.95,2025-10-21T17:22:51.9510000-04:00,2025-10-21T21:22:51.9510000Z,,v3,471355,,,"Chwedchuk, Justin",10292277,Right,ONT_BLU22,7aa71f19-82f7-4f2d-a70b-5c9f83440a0d,55.22318,-120.33837,11.83449,5.77302,-4.14597,-8.81295,1.65193,-7.34905,7.28481,,,,,,,,,,,,,,,,,,,,,,,,,,,,,,,,,,,,,,,,,,,,,,,,,,,High,High,High,,,,,
253,2025-10-21,17:23:10.55,3,2,"Lawson, Evan",10312668,Left,ONT_BLU22,"Buffington, Matthew",825106,Right,MIA_RED,Undefined,7,Bottom,0,0,1,ChangeUp,Changeup,StrikeSwinging,Undefined,Undefined,Undefined,0,0,,75.27378,0.294223,2.535586,1727.657162,92.770652,9:00,5.48446,-1.89892,5.1469,-48.44581,3.0328,-24.1845,1.72459,-1.52556,68.24112,-8.546164,-1.749717,0.516398,,,,,,,,,,,,12.75957,2.00752,1.68076,50,5.47527,-3.85856,-109.01494,-1.06177,15.12252,21.871,-29.79477,MIA_RED,ONT_BLU22,McKieFieldStad,TeamExclusive,Team,20251021-McKieFieldStad-Private-1,258101c0-aec4-11f0-ab7e-1b06a4f3ab5c,72.99102,,,7.03267,,,,,,,a0ac1909-84c9-4024-895b-59f38feaa935,2025-10-21,21:23:10.55,2025-10-21T17:23:10.5560000-04:00,2025-10-21T21:23:10.5560000Z,,v3,471355,,,"Chwedchuk, Justin",10292277,Right,ONT_BLU22,978bc983-dc24-4d63-b5cc-8b6e1b75ba33,55.35024,-110.08309,10.9355,5.49159,0.39337,-14.89739,1.88724,-4.59713,7.56126,,,,,,,,,,,,,,,,,,,,,,,,,,,,,,,,,,,,,,,,,,,,,,,,,,,High,High,High,,,,,
254,2025-10-21,17:23:31.27,3,3,"Lawson, Evan",10312668,Left,ONT_BLU22,"Buffington, Matthew",825106,Right,MIA_RED,Undefined,7,Bottom,0,0,2,ChangeUp,Changeup,BallCalled,Undefined,Undefined,Undefined,0,0,,75.79157,0.310364,2.282583,1853.474696,89.686742,9:00,5.50113,-1.9218,5.15486,-49.02542,1.68508,-24.10525,1.70806,-1.78078,68.78437,-8.626008,-1.990783,0.512531,,,,,,,,,,,,12.66079,1.31236,1.72761,50,5.49295,-3.40967,-109.80373,-1.06208,15.23036,22.10656,-30.59532,MIA_RED,ONT_BLU22,McKieFieldStad,TeamExclusive,Team,20251021-McKieFieldStad-Private-1,31ca9b30-aec4-11f0-ab7e-1b06a4f3ab5c,73.54176,,,7.0072,,,,,,,a0ac1909-84c9-4024-895b-59f38feaa935,2025-10-21,21:23:31.27,2025-10-21T17:23:31.2790000-04:00,2025-10-21T21:23:31.2790000Z,,v3,471355,,,"Chwedchuk, Justin",10292277,Right,ONT_BLU22,2580c9f9-ec69-479f-bd43-3722919e1e0f,55.34289,-110.87419,11.05328,5.50851,0.41942,-15.29766,1.91057,-4.14716,7.61518,,,,,,,,,,,,,,,,,,,,,,,,,,,,,,,,,,,,,,,,,,,,,,,,,,,High,High,High,,,,,
255,2025-10-21,17:23:54.08,3,4,"Lawson, Evan",10312668,Left,ONT_BLU22,"Buffington, Matthew",825106,Right,MIA_RED,Undefined,7,Bottom,0,1,2,ChangeUp,Changeup,StrikeSwinging,Strikeout,Undefined,Undefined,0,0,,74.67652,0.772096,3.18669,1843.583638,80.874973,8:45,5.60312,-1.65581,5.17619,-54.23964,-1.86898,-23.56875,1.81083,-0.61824,67.64044,-9.100973,-0.990467,0.520853,,,,,,,,,,,,12.7504,-0.60787,1.37782,50,5.63397,-5.09429,-108.10132,-0.35712,14.83177,21.82723,-32.88116,MIA_RED,ONT_BLU22,McKieFieldStad,TeamExclusive,Team,20251021-McKieFieldStad-Private-1,3f639800-aec4-11f0-ab7e-1b06a4f3ab5c,72.36669,,,7.03608,,,,,,,a0ac1909-84c9-4024-895b-59f38feaa935,2025-10-21,21:23:54.08,2025-10-21T17:23:54.0830000-04:00,2025-10-21T21:23:54.0830000Z,,v3,471355,,,"Chwedchuk, Justin",10292277,Right,ONT_BLU22,dcc653f8-e38b-4598-843e-cd858b70915d,55.32248,-109.17072,10.91362,5.612,1.25385,-16.44058,1.6452,-5.82095,7.41589,,,,,,,,,,,,,,,,,,,,,,,,,,,,,,,,,,,,,,,,,,,,,,,,,,,High,High,High,,,,,
256,2025-10-21,17:24:24.97,4,1,"Lawson, Evan",10312668,Left,ONT_BLU22,"Harrison, Tommy",811731,Left,MIA_RED,Undefined,7,Bottom,1,0,0,Fastball,Changeup,FoulBallNotFieldable,Undefined,Undefined,Undefined,0,0,,82.06453,-1.447628,3.147997,2056.441532,132.090246,10:30,5.87281,-1.19737,5.30701,-25.36009,17.54473,-17.74072,2.39828,0.28215,74.3649,-6.183523,0.002332,0.471438,67.05843,53.516472,-109.383249,5317.052077,,,,,15.79495,,,9.89197,9.67449,0.92508,50,5.72342,-5.79815,-118.81659,-3.81312,14.00279,24.84106,-18.47913,MIA_RED,ONT_BLU22,McKieFieldStad,TeamExclusive,Team,20251021-McKieFieldStad-Private-1,51d17570-aec4-11f0-ab7e-1b06a4f3ab5c,79.95208,23.49704,,7.69963,,,,1.12679,2.49144,-0.22485,a0ac1909-84c9-4024-895b-59f38feaa935,2025-10-21,21:24:24.97,2025-10-21T17:24:24.9790000-04:00,2025-10-21T21:24:24.9790000Z,,v3,471355,,,"Chwedchuk, Justin",10292277,Right,ONT_BLU22,377d2a74-799d-40b0-b2fb-829f4e0ac864,55.19018,-119.89679,12.42053,5.87176,-3.00957,-9.23956,1.19045,-6.40705,7.00139,,1.132,-19.64763,-6.32032,,,,,,,2.49561,78.88968,-25.66257,,,,,,,-0.23268,-54.80827,16.80643,,,,,,,,,,,,,,,,,,,,,,,,,,,,,High,High,High,High,Undefined,,,
257,2025-10-21,17:25:06.45,4,2,"Lawson, Evan",10312668,Left,ONT_BLU22,"Harrison, Tommy",811731,Left,MIA_RED,Undefined,7,Bottom,1,0,1,Fastball,Changeup,BallCalled,Undefined,Undefined,Undefined,0,0,,81.82793,-0.391134,3.675566,2121.743075,128.585328,10:15,6.02652,-1.29727,5.46088,-27.60679,14.59355,-16.71025,3.3591,0.75522,75.30597,-5.501001,0.707229,0.467551,,,,,,,,,,,,9.3443,7.83918,0.98497,50,5.97322,-6.94305,-118.68241,-1.70349,13.44054,20.91452,-20.8984,MIA_RED,ONT_BLU22,McKieFieldStad,TeamExclusive,Team,20251021-McKieFieldStad-Private-1,6a640c10-aec4-11f0-ab7e-1b06a4f3ab5c,80.61668,,,6.52195,,,,,,,a0ac1909-84c9-4024-895b-59f38feaa935,2025-10-21,21:25:06.45,2025-10-21T17:25:06.4530000-04:00,2025-10-21T21:25:06.4530000Z,,v3,471355,,,"Chwedchuk, Justin",10292277,Right,ONT_BLU22,a67447aa-a709-40ba-8b00-ed15edbe929c,55.03751,-119.56683,10.45726,6.02657,-0.81975,-10.4492,1.29059,-7.51142,6.72027,,,,,,,,,,,,,,,,,,,,,,,,,,,,,,,,,,,,,,,,,,,,,,,,,,,High,High,High,,,,,
258,2025-10-21,17:25:26.27,4,3,"Lawson, Evan",10312668,Left,ONT_BLU22,"Harrison, Tommy",811731,Left,MIA_RED,Undefined,7,Bottom,1,1,1,Fastball,Changeup,StrikeCalled,Undefined,Undefined,Undefined,0,0,,81.71655,-0.680409,3.662365,2134.6792,130.431143,10:15,5.93154,-1.25633,5.49466,-27.33698,14.79709,-15.93528,3.01567,0.84617,75.46679,-5.734939,0.829843,0.467184,,,,,,,,,,,,8.93607,8.01308,0.94667,50,5.85347,-6.9463,-118.5615,-2.28903,12.86869,20.17885,-20.63451,MIA_RED,ONT_BLU22,McKieFieldStad,TeamExclusive,Team,20251021-McKieFieldStad-Private-1,76419d40-aec4-11f0-ab7e-1b06a4f3ab5c,80.68002,,,6.24976,,,,,,,a0ac1909-84c9-4024-895b-59f38feaa935,2025-10-21,21:25:26.27,2025-10-21T17:25:26.2710000-04:00,2025-10-21T21:25:26.2710000Z,,v3,471355,,,"Chwedchuk, Justin",10292277,Right,ONT_BLU22,6ee9a0e7-28e2-40c5-83b5-2a67f7f79b78,55.00411,-119.41015,10.08943,5.93149,-1.42122,-10.31726,1.25019,-7.48751,6.43435,,,,,,,,,,,,,,,,,,,,,,,,,,,,,,,,,,,,,,,,,,,,,,,,,,,High,High,High,,,,,
259,2025-10-21,17:25:48.67,4,4,"Lawson, Evan",10312668,Left,ONT_BLU22,"Harrison, Tommy",811731,Left,MIA_RED,Undefined,7,Bottom,1,1,2,ChangeUp,Changeup,InPlay,Undefined,GroundBall,Out,1,0,,76.05111,0.410867,3.702053,1790.194914,95.129584,9:15,5.59875,-1.44755,5.22968,-46.29778,3.79685,-22.86391,2.12764,0.13199,69.1634,-8.04655,-0.347921,0.50941,89.42244,-23.205337,47.765013,,,,,8.18924,4.21963,31.3243,0.05129,12.62879,2.22665,1.12438,50,5.60204,-6.24154,-110.12194,-0.73503,15.35511,21.35281,-29.46672,MIA_RED,ONT_BLU22,McKieFieldStad,TeamExclusive,Team,20251021-McKieFieldStad-Private-1,83ce3e00-aec4-11f0-ab7e-1b06a4f3ab5c,73.99241,2.65661,,6.88771,,,,2.83027,2.65661,-0.33061,a0ac1909-84c9-4024-895b-59f38feaa935,2025-10-21,21:25:48.67,2025-10-21T17:25:48.6750000-04:00,2025-10-21T21:25:48.6750000Z,GroundBall,v3,471355,,,"Chwedchuk, Justin",10292277,Right,ONT_BLU22,3b5ce417-032f-48d7-a39e-cfc7854e9bda,55.26982,-111.13907,10.6764,5.60363,0.6686,-14.73336,1.43911,-6.97297,7.67755,,2.82874,81.2111,,,,,,,,2.6576,-51.79631,,,,,,,,-0.3323,89.45353,,,,,,,,,,,,,,,,,,,,,,,,,,,,,,High,High,High,Low,Low,,,
260,2025-10-21,17:26:30.06,5,1,"Lawson, Evan",10312668,Left,ONT_BLU22,"Rasmussen, Jamie",10272616,Right,MIA_RED,Undefined,7,Bottom,2,0,0,ChangeUp,Changeup,BallCalled,Undefined,Undefined,Undefined,0,0,,73.61655,-0.357364,4.577059,1802.527816,91.730561,9:00,5.45584,-1.65735,5.436,-50.13782,2.12567,-19.1456,0.94197,1.04238,68.29765,-9.456393,1.176028,0.52032,,,,,,,,,,,,10.87245,1.58917,1.26544,50,5.389,-7.85475,-106.71092,-2.23943,12.63842,16.96822,-30.32673,MIA_RED,ONT_BLU22,McKieFieldStad,TeamExclusive,Team,20251021-McKieFieldStad-Private-1,9c8636f0-aec4-11f0-ab7e-1b06a4f3ab5c,72.44086,,,5.3189,,,,,,,a0ac1909-84c9-4024-895b-59f38feaa935,2025-10-21,21:26:30.06,2025-10-21T17:26:30.0670000-04:00,2025-10-21T21:26:30.0670000Z,,v3,471355,,,"Chwedchuk, Justin",10292277,Right,ONT_BLU22,89cbff55-8487-4ddb-9d4e-b241b9b7e228,55.06536,-107.51335,8.48411,5.46099,-0.80527,-15.16337,1.65102,-8.45242,6.31921,,,,,,,,,,,,,,,,,,,,,,,,,,,,,,,,,,,,,,,,,,,,,,,,,,,High,High,High,,,,,
261,2025-10-21,17:26:56.27,5,2,"Lawson, Evan",10312668,Left,ONT_BLU22,"Rasmussen, Jamie",10272616,Right,MIA_RED,Undefined,7,Bottom,2,1,0,ChangeUp,Changeup,BallCalled,Undefined,Undefined,Undefined,0,0,,72.9452,0.7094,4.528734,1851.099809,90.004265,9:00,5.52533,-1.61971,5.39169,-51.63818,1.51949,-17.3878,1.88911,1.18448,67.73842,-8.660082,1.444862,0.524752,,,,,,,,,,,,9.87217,1.04406,1.2274,50,5.55214,-7.74817,-105.75792,-0.31069,11.31103,16.07023,-30.97781,MIA_RED,ONT_BLU22,McKieFieldStad,TeamExclusive,Team,20251021-McKieFieldStad-Private-1,abfb1fb0-aec4-11f0-ab7e-1b06a4f3ab5c,71.82899,,,5.20678,,,,,,,a0ac1909-84c9-4024-895b-59f38feaa935,2025-10-21,21:26:56.27,2025-10-21T17:26:56.2740000-04:00,2025-10-21T21:26:56.2740000Z,,v3,471355,,,"Chwedchuk, Justin",10292277,Right,ONT_BLU22,e9442796-a84e-4d82-8356-4dbf53df5b96,55.10943,-106.53148,8.03511,5.53121,1.18047,-15.4889,1.61348,-8.29264,5.65552,,,,,,,,,,,,,,,,,,,,,,,,,,,,,,,,,,,,,,,,,,,,,,,,,,,High,High,High,,,,,
262,2025-10-21,17:27:29.93,5,3,"Lawson, Evan",10312668,Left,ONT_BLU22,"Rasmussen, Jamie",10272616,Right,MIA_RED,Undefined,7,Bottom,2,2,0,Fastball,Changeup,BallCalled,Undefined,Undefined,Undefined,0,0,,82.35491,-2.746143,2.634873,2152.884125,124.002743,10:15,5.8246,-1.4078,5.02463,-29.2573,13.86918,-18.27462,0.7905,-0.44266,74.83464,-8.118919,-0.59384,0.472654,,,,,,,,,,,,9.91981,8.16622,1.17121,50,5.53851,-4.69927,-119.13312,-6.73306,14.10789,25.11179,-20.5601,MIA_RED,ONT_BLU22,McKieFieldStad,TeamExclusive,Team,20251021-McKieFieldStad-Private-1,c00c25d0-aec4-11f0-ab7e-1b06a4f3ab5c,79.74637,,,7.52026,,,,,,,a0ac1909-84c9-4024-895b-59f38feaa935,2025-10-21,21:27:29.93,2025-10-21T17:27:29.9370000-04:00,2025-10-21T21:27:29.9370000Z,,v3,471355,,,"Chwedchuk, Justin",10292277,Right,ONT_BLU22,1a5d22e6-49d7-4757-bf94-2beeb4f427bd,55.47268,-120.28116,12.55589,5.82484,-5.79311,-10.28005,1.40079,-5.34425,7.05395,,,,,,,,,,,,,,,,,,,,,,,,,,,,,,,,,,,,,,,,,,,,,,,,,,,High,High,High,,,,,
263,2025-10-21,17:27:50.09,5,4,"Lawson, Evan",10312668,Left,ONT_BLU22,"Rasmussen, Jamie",10272616,Right,MIA_RED,Undefined,7,Bottom,2,3,0,Fastball,Changeup,StrikeCalled,Undefined,Undefined,Undefined,0,0,,80.83925,-0.784122,2.875491,2075.977272,131.308918,10:30,5.86423,-1.50265,5.31143,-28.99923,14.97213,-15.35024,2.71068,-0.08065,73.61223,-6.160541,0.152685,0.477261,,,,,,,,,,,,8.49256,8.16414,1.2532,50,5.77246,-5.24418,-117.13036,-2.54535,11.74672,23.0265,-20.8816,MIA_RED,ONT_BLU22,McKieFieldStad,TeamExclusive,Team,20251021-McKieFieldStad-Private-1,cbf2dec0-aec4-11f0-ab7e-1b06a4f3ab5c,78.9765,,,7.22703,,,,,,,a0ac1909-84c9-4024-895b-59f38feaa935,2025-10-21,21:27:50.09,2025-10-21T17:27:50.0960000-04:00,2025-10-21T21:27:50.0960000Z,,v3,471355,,,"Chwedchuk, Justin",10292277,Right,ONT_BLU22,eb1cec0f-a542-4343-8035-8ec7a0deb1ef,55.18454,-118.14519,11.51325,5.86436,-1.62506,-10.4408,1.49573,-5.76188,5.87336,,,,,,,,,,,,,,,,,,,,,,,,,,,,,,,,,,,,,,,,,,,,,,,,,,,High,High,High,,,,,
264,2025-10-21,17:28:09.05,5,5,"Lawson, Evan",10312668,Left,ONT_BLU22,"Rasmussen, Jamie",10272616,Right,MIA_RED,Undefined,7,Bottom,2,3,1,Fastball,Changeup,InPlay,Undefined,GroundBall,Out,1,0,,81.66915,-1.660296,2.402704,2027.40527,127.623592,10:15,5.8685,-1.48085,4.97988,-26.84202,17.03095,-20.06064,2.0619,-0.88217,73.99858,-6.631206,-1.136958,0.476727,83.68975,-0.705417,-19.132979,,,,,39.74937,33.33422,-18.693669,0.315792,10.74028,9.39871,1.26653,50,5.68712,-4.10496,-118.23484,-4.33177,15.03517,24.87394,-19.01691,MIA_RED,ONT_BLU22,McKieFieldStad,TeamExclusive,Team,20251021-McKieFieldStad-Private-1,d77c8390-aec4-11f0-ab7e-1b06a4f3ab5c,79.06502,2.17369,,7.67057,,,,2.09595,2.17369,0.87891,a0ac1909-84c9-4024-895b-59f38feaa935,2025-10-21,21:28:09.05,2025-10-21T17:28:09.0500000-04:00,2025-10-21T21:28:09.0500000Z,GroundBall,v3,471355,,,"Chwedchuk, Justin",10292277,Right,ONT_BLU22,0c3f2482-a7f4-4cba-8102-2af1f32706e2,55.5176,-119.38997,12.43697,5.86778,-3.44863,-9.50846,1.47338,-4.80319,7.51759,84.400346,2.09597,115.95476,-10.64091,,,,,,,2.1747,-1.5535,-16.89771,,,,,,,0.88083,-40.30862,-8.96051,,,,,,,,,,,,,,,,,,,,,,,,,,,,,High,High,High,High,Medium,,,
265,2025-10-21,17:30:43.07,1,1,"Ross, Luke",1000078058,Left,MIA_RED,"Vickers, Julien",10285008,Right,ONT_BLU22,Undefined,8,Top,0,0,0,Fastball,Changeup,StrikeCalled,Undefined,Undefined,Undefined,0,0,,85.0306,-0.981418,3.182307,1964.63713,134.828724,10:30,5.69286,-0.83119,6.38564,-23.01521,14.87564,-13.7741,2.87069,0.95122,77.91057,-5.339684,0.691034,0.443035,,,,,,,,,,,,8.01059,8.38422,0.60789,50,5.61136,-6.33927,-123.46475,-2.75157,12.39324,24.05401,-19.2028,MIA_RED,ONT_BLU22,McKieFieldStad,TeamExclusive,Team,20251021-McKieFieldStad-Private-1,33388da0-aec5-11f0-ab7e-1b06a4f3ab5c,85.07771,,,7.12003,,,,,,,a0ac1909-84c9-4024-895b-59f38feaa935,2025-10-21,21:30:43.07,2025-10-21T17:30:43.0780000-04:00,2025-10-21T21:30:43.0780000Z,,v3,471355,,,"Buffington, Matthew",825106,Right,MIA_RED,6e3c6441-00ec-451d-b9aa-aef1c85d5bbb,54.11162,-124.26322,12.02701,5.69212,-2.11414,-9.6014,0.82515,-6.75066,6.19662,,,,,,,,,,,,,,,,,,,,,,,,,,,,,,,,,,,,,,,,,,,,,,,,,,,High,High,High,,,,,
266,2025-10-21,17:30:58.62,1,2,"Ross, Luke",1000078058,Left,MIA_RED,"Vickers, Julien",10285008,Right,ONT_BLU22,Undefined,8,Top,0,0,1,ChangeUp,Changeup,InPlay,Undefined,FlyBall,Out,1,0,,80.78292,0.897847,1.41482,1619.268306,109.276903,9:45,5.46789,-1.01615,6.69088,-35.36073,6.12666,-13.82918,3.34259,-0.87443,73.98189,-5.758227,-1.105755,0.463585,69.30014,52.726314,6.982501,,107.17022,88.2335,24.78961,226.42543,226.13465,14.531294,4.647898,7.73016,3.35646,0.927,50,5.51372,-2.43694,-117.5112,0.88617,10.79074,22.6193,-27.48865,MIA_RED,ONT_BLU22,McKieFieldStad,TeamExclusive,Team,20251021-McKieFieldStad-Private-1,3c8ed7b0-aec5-11f0-ab7e-1b06a4f3ab5c,81.30642,88.5464,,6.80103,,,,1.93848,3.37845,0.84413,a0ac1909-84c9-4024-895b-59f38feaa935,2025-10-21,21:30:58.62,2025-10-21T17:30:58.6250000-04:00,2025-10-21T21:30:58.6250000Z,Popup,v3,471355,,,"Buffington, Matthew",825106,Right,MIA_RED,b405896a-cef1-46c5-80a8-5fccb35f780f,53.80829,-118.24197,11.30965,5.47074,1.77426,-13.74432,1.01136,-2.78555,5.39537,219.105505,1.9424,61.00253,-8.74414,1.9415,0.26674,-0.34999,0.11212,-0.01645,0.00093,3.37304,80.99264,-22.67404,2.62629,-0.81789,0.21797,-0.0333,0.00165,6E-05,0.84419,7.48808,3.74789,-1.2781,0.14605,0.06656,-0.03395,0.00603,-0.00039,,,,,,,,,,,,,,,,,,,,,,,High,High,High,High,Medium,,,
267,2025-10-21,17:31:36.08,2,1,"Ross, Luke",1000078058,Left,MIA_RED,"Heimbecker, Clark",10287632,Left,ONT_BLU22,Undefined,8,Top,1,0,0,Fastball,Four-Seam,InPlay,Undefined,GroundBall,Out,1,0,,87.03256,-1.966158,1.289476,1997.025827,139.750467,10:45,5.67451,-0.52945,6.17986,-21.37647,15.41458,-11.97599,2.07634,-0.3365,79.05199,-6.020662,-0.872562,0.436558,101.67361,-29.188687,-44.929177,,,,,3.67408,3.67408,-35.768856,0.027141,6.58457,8.95205,0.43794,50,5.51512,-2.36424,-126.31034,-4.94959,10.53879,27.95928,-17.846,MIA_RED,ONT_BLU22,McKieFieldStad,TeamExclusive,Team,20251021-McKieFieldStad-Private-1,52b74c20-aec5-11f0-ab7e-1b06a4f3ab5c,86.33995,1.97644,,7.98056,,,,0.4762,1.97644,0.35114,a0ac1909-84c9-4024-895b-59f38feaa935,2025-10-21,21:31:36.08,2025-10-21T17:31:36.0890000-04:00,2025-10-21T21:31:36.0890000Z,GroundBall,v3,471355,,,"Buffington, Matthew",825106,Right,MIA_RED,21b70be1-f033-4eb8-8588-902800fdfd23,54.31654,-127.26224,13.97964,5.67329,-4.34201,-8.923,0.52454,-2.72304,5.26939,,0.47566,92.2913,,,,,,,,1.97686,-72.82117,,,,,,,,0.35167,-92.06342,,,,,,,,,,,,,,,,,,,,,,,,,,,,,,High,High,High,Estimated,Estimated,,,
268,2025-10-21,17:32:17.69,3,1,"Ross, Luke",1000078058,Left,MIA_RED,"Raposo, John",10307761,Right,ONT_BLU22,Undefined,8,Top,2,0,0,Fastball,Sinker,StrikeSwinging,Undefined,Undefined,Undefined,0,0,,86.74474,-1.731719,1.200455,2051.860219,134.538618,10:30,5.73204,-0.72703,6.25921,-19.55399,16.8545,-16.01391,2.50497,-0.95448,79.80855,-5.436078,-1.694524,0.434283,,,,,,,,,,,,8.59264,9.54134,0.64533,50,5.59379,-2.01188,-126.10201,-4.35364,13.90913,24.37362,-16.72921,MIA_RED,ONT_BLU22,McKieFieldStad,TeamExclusive,Team,20251021-McKieFieldStad-Private-1,6b6f4510-aec5-11f0-ab7e-1b06a4f3ab5c,86.79236,,,6.9362,,,,,,,a0ac1909-84c9-4024-895b-59f38feaa935,2025-10-21,21:32:17.69,2025-10-21T17:32:17.6960000-04:00,2025-10-21T21:32:17.6960000Z,,v3,471355,,,"Buffington, Matthew",825106,Right,MIA_RED,100458c6-589d-47fb-aa22-b752bb0228ae,54.23873,-126.91865,12.18681,5.73027,-3.79313,-8.36461,0.72054,-2.4779,6.95456,,,,,,,,,,,,,,,,,,,,,,,,,,,,,,,,,,,,,,,,,,,,,,,,,,,High,High,High,,,,,
269,2025-10-21,17:32:32.79,3,2,"Ross, Luke",1000078058,Left,MIA_RED,"Raposo, John",10307761,Right,ONT_BLU22,Undefined,8,Top,2,0,1,Fastball,Sinker,StrikeSwinging,Undefined,Undefined,Undefined,0,0,,87.02252,-1.978978,0.878613,2074.320818,129.545753,10:15,5.74607,-0.61454,6.21857,-23.2382,13.02772,-14.45028,1.98249,-1.00791,80.12458,-6.336639,-1.732981,0.433432,,,,,,,,,,,,7.70953,7.62563,0.55563,50,5.58622,-1.3702,-126.48753,-5.0652,12.54386,24.75774,-19.76663,MIA_RED,ONT_BLU22,McKieFieldStad,TeamExclusive,Team,20251021-McKieFieldStad-Private-1,7497a150-aec5-11f0-ab7e-1b06a4f3ab5c,86.96278,,,6.89793,,,,,,,a0ac1909-84c9-4024-895b-59f38feaa935,2025-10-21,21:32:32.79,2025-10-21T17:32:32.7980000-04:00,2025-10-21T21:32:32.7980000Z,,v3,471355,,,"Buffington, Matthew",825106,Right,MIA_RED,39cd42ef-753c-457b-9849-0b237df5d5c3,54.27956,-127.32243,12.37887,5.74579,-4.39862,-9.88331,0.60897,-1.79321,6.27193,,,,,,,,,,,,,,,,,,,,,,,,,,,,,,,,,,,,,,,,,,,,,,,,,,,High,High,High,,,,,
270,2025-10-21,17:32:48.41,3,3,"Ross, Luke",1000078058,Left,MIA_RED,"Raposo, John",10307761,Right,ONT_BLU22,Undefined,8,Top,2,0,2,Fastball,Four-Seam,BallCalled,Undefined,Undefined,Undefined,0,0,,86.35783,-1.214899,-0.026514,2090.145668,140.341193,10:45,5.77084,-0.50411,6.19092,-20.26037,16.83355,-12.96394,2.96066,-1.60891,78.85986,-5.063336,-2.366833,0.438352,,,,,,,,,,,,6.66618,9.4167,0.5122,50,5.66895,0.5764,-125.46924,-3.22275,10.59594,26.06884,-17.2062,MIA_RED,ONT_BLU22,McKieFieldStad,TeamExclusive,Team,20251021-McKieFieldStad-Private-1,7db723f0-aec5-11f0-b90d-3d48e13cf022,85.98674,,,7.49797,,,,,,,a0ac1909-84c9-4024-895b-59f38feaa935,2025-10-21,21:32:48.41,2025-10-21T17:32:48.4170000-04:00,2025-10-21T21:32:48.4170000Z,,v3,471355,,,"Buffington, Matthew",825106,Right,MIA_RED,46a5cad7-34ff-43f4-a178-d7575abd61ff,54.30533,-126.3606,13.03442,5.76909,-2.63443,-8.6031,0.49868,0.2141,5.29797,,,,,,,,,,,,,,,,,,,,,,,,,,,,,,,,,,,,,,,,,,,,,,,,,,,High,High,High,,,,,
271,2025-10-21,17:33:05.92,3,4,"Ross, Luke",1000078058,Left,MIA_RED,"Raposo, John",10307761,Right,ONT_BLU22,Undefined,8,Top,2,1,2,Fastball,Changeup,FoulBallNotFieldable,Undefined,Undefined,Undefined,0,0,,84.73553,-2.84757,2.060577,1968.03489,142.297619,10:45,5.74065,-0.63725,6.50692,-21.30241,16.32363,-11.79048,1.3483,0.27209,78.5975,-6.863459,-0.080466,0.441485,,,,,,,,,,,,6.74492,9.61886,0.49845,50,5.53208,-4.01726,-123.17414,-6.69911,10.48469,21.75862,-17.22191,MIA_RED,ONT_BLU22,McKieFieldStad,TeamExclusive,Team,20251021-McKieFieldStad-Private-1,885d94b0-aec5-11f0-b90d-3d48e13cf022,85.37655,,,6.13803,,,,,,,a0ac1909-84c9-4024-895b-59f38feaa935,2025-10-21,21:33:05.92,2025-10-21T17:33:05.9270000-04:00,2025-10-21T21:33:05.9270000Z,,v3,471355,,,"Buffington, Matthew",825106,Right,MIA_RED,f76012b9-080b-475c-8f94-fd698e465a0c,53.99333,-123.87755,10.87931,5.73965,-6.14237,-8.61095,0.6338,-4.35621,5.24235,,,,,,,,,,,,,,,,,,,,,,,,,,,,,,,,,,,,,,,,,,,,,,,,,,,High,High,High,,,,,
272,2025-10-21,17:33:37.36,3,5,"Ross, Luke",1000078058,Left,MIA_RED,"Raposo, John",10307761,Right,ONT_BLU22,Undefined,8,Top,2,1,2,ChangeUp,Changeup,BallCalled,Undefined,Undefined,Undefined,0,0,,82.24175,-2.065427,3.237355,1644.914933,110.039568,9:45,5.50038,-0.77471,6.92942,-30.69966,9.08418,-21.42001,1.05798,0.39058,75.52291,-7.860007,-0.683786,0.453967,,,,,,,,,,,,12.3302,5.81575,0.57868,50,5.36055,-6.04537,-119.48132,-5.10291,17.7957,23.3644,-23.78042,MIA_RED,ONT_BLU22,McKieFieldStad,TeamExclusive,Team,20251021-McKieFieldStad-Private-1,9aff0540-aec5-11f0-b90d-3d48e13cf022,83.02896,,,6.71885,,,,,,,a0ac1909-84c9-4024-895b-59f38feaa935,2025-10-21,21:33:37.36,2025-10-21T17:33:37.3650000-04:00,2025-10-21T21:33:37.3650000Z,,v3,471355,,,"Buffington, Matthew",825106,Right,MIA_RED,bfd26242-aa37-46c2-817c-159922af6bcb,53.57024,-120.17744,11.6822,5.50203,-4.39439,-11.89021,0.7667,-6.57558,8.89785,,,,,,,,,,,,,,,,,,,,,,,,,,,,,,,,,,,,,,,,,,,,,,,,,,,High,High,High,,,,,
273,2025-10-21,17:33:52.94,3,6,"Ross, Luke",1000078058,Left,MIA_RED,"Raposo, John",10307761,Right,ONT_BLU22,Undefined,8,Top,2,2,2,Fastball,Sinker,FoulBallNotFieldable,Undefined,Undefined,Undefined,0,0,,86.90235,-0.218694,2.044444,2147.731429,126.355031,10:15,5.77236,-0.63107,6.43555,-23.86072,12.24032,-15.13552,3.58286,-0.01278,79.68895,-4.72824,-0.69927,0.432445,,,,,,,,,,,,8.52327,6.79618,0.49248,50,5.74591,-3.94778,-126.37312,-1.16662,13.81282,25.23714,-21.16011,MIA_RED,ONT_BLU22,McKieFieldStad,TeamExclusive,Team,20251021-McKieFieldStad-Private-1,a4439c10-aec5-11f0-b90d-3d48e13cf022,87.16113,,,7.21339,,,,,,,a0ac1909-84c9-4024-895b-59f38feaa935,2025-10-21,21:33:52.94,2025-10-21T17:33:52.9490000-04:00,2025-10-21T21:33:52.9490000Z,,v3,471355,,,"Buffington, Matthew",825106,Right,MIA_RED,7b2ea2c4-425c-4cea-856a-8d8eef730da0,54.06401,-127.18213,12.61857,5.77243,-0.48831,-10.58006,0.62613,-4.39056,6.90641,,,,,,,,,,,,,,,,,,,,,,,,,,,,,,,,,,,,,,,,,,,,,,,,,,,High,High,High,,,,,
274,2025-10-21,17:34:29.05,3,7,"Ross, Luke",1000078058,Left,MIA_RED,"Raposo, John",10307761,Right,ONT_BLU22,Undefined,8,Top,2,2,2,Fastball,Four-Seam,FoulBallNotFieldable,Undefined,Undefined,Undefined,0,0,,86.24342,-1.998347,1.018789,1999.903283,139.171991,10:45,5.76336,-0.69437,6.42125,-23.10454,13.43698,-10.68056,2.00001,-0.64782,79.61472,-6.344944,-0.918787,0.435076,72.36917,27.006467,38.692126,3290.397023,80.41096,34.39106,75.06016,224.90924,221.50149,46.794318,2.972725,5.87296,7.88359,0.62643,50,5.61015,-1.83537,-125.42454,-5.03285,9.41865,23.76191,-19.53084,MIA_RED,ONT_BLU22,McKieFieldStad,TeamExclusive,Team,20251021-McKieFieldStad-Private-1,b9fd7030-aec5-11f0-b90d-3d48e13cf022,86.63422,34.58825,,6.62869,,,,1.1835,1.90478,0.89402,a0ac1909-84c9-4024-895b-59f38feaa935,2025-10-21,21:34:29.05,2025-10-21T17:34:29.0500000-04:00,2025-10-21T21:34:29.0500000Z,LineDrive,v3,471355,,,"Buffington, Matthew",825106,Right,MIA_RED,7e1e6d14-6cca-45e1-9d4f-5976f5e6beeb,54.07791,-126.19474,11.88096,5.76302,-4.39979,-9.76542,0.69087,-2.14066,4.70933,,1.18315,73.82755,-12.95152,3.38444,-1.08127,0.43606,-0.15685,0.03244,-0.00266,1.905,48.18765,-19.23467,1.14615,0.06185,-0.16102,0.07224,-0.01402,0.00101,0.89396,59.11909,-1.1345,-0.35363,0.0599,0.06953,-0.04481,0.01117,-0.00102,,,,,,,,,,,,,,,,,,,,,,,High,High,High,High,High,,,
275,2025-10-21,17:34:58.50,3,8,"Ross, Luke",1000078058,Left,MIA_RED,"Raposo, John",10307761,Right,ONT_BLU22,Undefined,8,Top,2,2,2,Fastball,Sinker,InPlay,Undefined,GroundBall,Out,1,0,,85.95437,-2.315368,1.442867,2129.182853,139.096095,10:45,5.71445,-0.77682,6.51839,-19.63064,18.06741,-14.40158,1.95231,-0.6528,77.1748,-6.109399,-1.17345,0.441907,74.65652,3.491833,-9.150097,1210.999643,,,,58.46132,57.6634,-9.080814,0.544359,8.06906,10.68835,0.68223,50,5.54463,-2.59765,-124.65596,-5.52515,12.40808,30.36643,-15.73813,MIA_RED,ONT_BLU22,McKieFieldStad,TeamExclusive,Team,20251021-McKieFieldStad-Private-1,cb61f3f0-aec5-11f0-b90d-3d48e13cf022,85.29497,2.63961,,8.77957,,,,2.08003,2.08038,0.63476,a0ac1909-84c9-4024-895b-59f38feaa935,2025-10-21,21:34:58.50,2025-10-21T17:34:58.5000000-04:00,2025-10-21T21:34:58.5000000Z,GroundBall,v3,471355,,,"Buffington, Matthew",825106,Right,MIA_RED,36b81124-9174-4caa-8082-bc982f64b7ee,53.97756,-125.62117,15.18321,5.71229,-5.02491,-7.86907,0.77107,-2.99205,6.20404,44.516294,2.08629,107.74739,-10.18078,,,,,,,2.09171,6.39077,-18.83535,,,,,,,0.63794,-17.45822,-1.22902,,,,,,,,,,,,,,,,,,,,,,,,,,,,,High,High,High,High,High,,,
276,2025-10-21,17:37:35.89,1,1,"Landry, Alex",10280882,Right,ONT_BLU22,"Christiansen, Hayden",830132,Right,MIA_RED,Undefined,8,Bottom,0,0,0,Fastball,Changeup,InPlay,Undefined,GroundBall,Error,0,0,,82.25592,0.480641,-1.964887,1989.260636,236.897881,2:00,5.31893,1.52447,5.86007,-32.24309,9.65863,12.51883,3.0788,0.74157,74.24602,-5.550244,0.28009,0.465894,77.63953,-10.123505,-27.779343,,,,,19.55926,18.52538,-27.565772,0.160259,-7.02835,5.21418,-1.37244,50,5.33935,3.59672,-119.2797,-0.00481,-9.97685,26.09135,-24.77242,MIA_RED,ONT_BLU22,McKieFieldStad,TeamExclusive,Team,20251021-McKieFieldStad-Private-1,29509570-aec6-11f0-b90d-3d48e13cf022,80.90345,3.21852,,8.0099,,,,1.39057,3.21852,-0.65012,a0ac1909-84c9-4024-895b-59f38feaa935,2025-10-21,21:37:35.89,2025-10-21T17:37:35.8900000-04:00,2025-10-21T21:37:35.8900000Z,GroundBall,v3,471355,,,"Chwedchuk, Justin",10292277,Right,ONT_BLU22,0430fc38-09e7-4344-a498-a68a946c5523,54.6359,-120.28949,13.04567,5.32099,0.95393,-12.38621,-1.51912,3.98284,-4.98843,180,1.38187,99.5161,,,,,,,,3.22027,-20.08326,,,,,,,,-0.64554,-52.42304,,,,,,,,,,,,,,,,,,,,,,,,,,,,,,High,High,High,Medium,Medium,,,
277,2025-10-21,17:38:08.27,2,1,"Landry, Alex",10280882,Right,ONT_BLU22,"Kirtley, Ryder",827333,Right,MIA_RED,Undefined,8,Bottom,0,0,0,Fastball,Changeup,BallCalled,Undefined,Undefined,Undefined,0,0,,80.99702,-1.702898,-3.375745,2086.273985,220.898087,1:15,5.3156,1.48825,5.99892,-31.27643,11.28457,8.58615,1.12812,-0.92782,74.28567,-7.515934,-1.833721,0.469545,,,,,,,,,,,,-5.37174,6.69681,-1.22713,50,5.16421,6.606,-117.45036,-4.4344,-7.49599,22.45125,-22.82895,MIA_RED,ONT_BLU22,McKieFieldStad,TeamExclusive,Team,20251021-McKieFieldStad-Private-1,3c8b38c0-aec6-11f0-b90d-3d48e13cf022,80.27437,,,6.71134,,,,,,,a0ac1909-84c9-4024-895b-59f38feaa935,2025-10-21,21:38:08.27,2025-10-21T17:38:08.2750000-04:00,2025-10-21T21:38:08.2750000Z,,v3,471355,,,"Chwedchuk, Justin",10292277,Right,ONT_BLU22,fc0c6574-453e-4459-8c6e-ab1b224193b5,54.49854,-118.30716,11.22562,5.31681,-3.5632,-11.41448,-1.48469,6.89207,-3.748,,,,,,,,,,,,,,,,,,,,,,,,,,,,,,,,,,,,,,,,,,,,,,,,,,,High,High,High,,,,,
278,2025-10-21,17:38:24.45,2,2,"Landry, Alex",10280882,Right,ONT_BLU22,"Kirtley, Ryder",827333,Right,MIA_RED,Undefined,8,Bottom,0,1,0,Fastball,Changeup,BallCalled,Undefined,Undefined,Undefined,0,0,,81.56108,-1.749249,-3.5137,2081.64818,224.691606,1:30,5.3995,1.5547,6.13319,-27.1934,15.86796,13.90835,1.51308,-0.53789,72.47412,-6.933337,-1.010369,0.472297,,,,,,,,,,,,-8.4589,9.34359,-1.29309,50,5.25199,6.69787,-117.89479,-4.34896,-11.5175,29.21373,-19.45201,MIA_RED,ONT_BLU22,McKieFieldStad,TeamExclusive,Team,20251021-McKieFieldStad-Private-1,46251b80-aec6-11f0-b90d-3d48e13cf022,79.80662,,,9.08696,,,,,,,a0ac1909-84c9-4024-895b-59f38feaa935,2025-10-21,21:38:24.45,2025-10-21T17:38:24.4580000-04:00,2025-10-21T21:38:24.4580000Z,,v3,471355,,,"Chwedchuk, Justin",10292277,Right,ONT_BLU22,b55ed864-828d-488a-9b24-33f40490b4a0,54.35927,-118.97009,14.60686,5.39888,-3.63297,-9.726,-1.54743,7.12181,-5.75875,,,,,,,,,,,,,,,,,,,,,,,,,,,,,70.63088,,0.73897,,1.03643,1.46667,0.54454,-1.45513,6.06496,1.61977,,,,-1.40992,102.58226,-5.78317,6.08412,9.12272,-12.91062,1.60919,-2.6241,1.25523,High,High,High,,,High,High,Medium
279,2025-10-21,17:38:47.51,2,3,"Landry, Alex",10280882,Right,ONT_BLU22,"Kirtley, Ryder",827333,Right,MIA_RED,Undefined,8,Bottom,0,2,0,Fastball,Slider,BallCalled,Undefined,Undefined,Undefined,0,0,,80.62485,1.447393,-0.523367,2066.949043,182.212565,12:00,5.35054,1.69181,5.92224,-30.15132,13.263,0.45406,4.18136,1.24398,72.80655,-4.228823,-0.441858,0.474229,,,,,,,,,,,,-0.3935,6.78839,-1.65018,50,5.4495,1.05014,-116.92519,2.06715,-0.53837,24.45475,-22.88634,MIA_RED,ONT_BLU22,McKieFieldStad,TeamExclusive,Team,20251021-McKieFieldStad-Private-1,53cc4920-aec6-11f0-b90d-3d48e13cf022,79.48157,,,7.8183,,,,,,,a0ac1909-84c9-4024-895b-59f38feaa935,2025-10-21,21:38:47.51,2025-10-21T17:38:47.5170000-04:00,2025-10-21T21:38:47.5170000Z,,v3,471355,,,"Chwedchuk, Justin",10292277,Right,ONT_BLU22,ad66f66a-7a56-487d-9ce2-11a1168045eb,54.57093,-117.87732,12.22737,5.35167,2.95822,-11.44317,-1.69148,1.0711,-0.26918,,,,,,,,,,,,,,,,,,,,,,,,,,,,,,,,,,,,,,,,,,,,,,,,,,,High,High,High,,,,,
280,2025-10-21,17:39:16.49,2,4,"Landry, Alex",10280882,Right,ONT_BLU22,"Kirtley, Ryder",827333,Right,MIA_RED,Undefined,8,Bottom,0,3,0,Fastball,Changeup,BallCalled,Walk,Undefined,Undefined,0,0,,81.7256,-0.811772,-4.360495,2007.983443,215.742681,1:15,5.21645,1.65178,6.18257,-27.20187,14.78233,9.57142,2.19782,-1.58483,74.00191,-5.949821,-2.64036,0.466352,,,,,,,,,,,,-6.26945,8.33237,-1.32667,50,5.14132,8.65503,-118.30316,-2.43832,-8.78938,24.83825,-20.49258,MIA_RED,ONT_BLU22,McKieFieldStad,TeamExclusive,Team,20251021-McKieFieldStad-Private-1,6530a5d0-aec6-11f0-b90d-3d48e13cf022,80.82393,,,7.72369,,,,,,,a0ac1909-84c9-4024-895b-59f38feaa935,2025-10-21,21:39:16.49,2025-10-21T17:39:16.4940000-04:00,2025-10-21T21:39:16.4940000Z,,v3,471355,,,"Chwedchuk, Justin",10292277,Right,ONT_BLU22,505df92a-20f1-4a37-b223-2b67f0b319bd,54.31213,-119.20507,12.41912,5.21635,-1.69421,-10.24629,-1.64674,8.97419,-4.39469,,,,,,,,,,,,,,,,,,,,,,,,,,,,,,,,,,,,,,,,,,,,,,,,,,,High,High,High,,,,,
281,2025-10-21,17:39:48.40,3,1,"Landry, Alex",10280882,Right,ONT_BLU22,"Proctor, Keenan",823047,Left,MIA_RED,Undefined,8,Bottom,0,0,0,Fastball,Changeup,BallCalled,Undefined,Undefined,Undefined,0,0,,81.97618,-2.066274,-5.053398,2117.517334,238.423318,2:00,5.3326,1.56857,6.16251,-29.97943,12.75394,17.81202,0.91733,-1.62728,72.87641,-7.741073,-1.853622,0.470495,,,,,,,,,,,,-11.09036,7.86374,-1.19337,50,5.16033,9.77372,-118.28088,-5.13446,-15.20026,29.39404,-21.39612,MIA_RED,ONT_BLU22,McKieFieldStad,TeamExclusive,Team,20251021-McKieFieldStad-Private-1,7827b070-aec6-11f0-b90d-3d48e13cf022,80.11229,,,9.09977,,,,,,,a0ac1909-84c9-4024-895b-59f38feaa935,2025-10-21,21:39:48.40,2025-10-21T17:39:48.4080000-04:00,2025-10-21T21:39:48.4080000Z,,v3,471355,,,"Chwedchuk, Justin",10292277,Right,ONT_BLU22,b2b52c2f-8306-4d6d-b8d7-e3b12152d793,54.33164,-119.35248,14.69702,5.3333,-4.35443,-10.69806,-1.55978,10.32787,-7.60013,,,,,,,,,,,,,,,,,,,,,,,,,,,,,,,,,,,,,,,,,,,,,,,,,,,High,High,High,,,,,
282,2025-10-21,17:40:04.67,3,2,"Landry, Alex",10280882,Right,ONT_BLU22,"Proctor, Keenan",823047,Left,MIA_RED,Undefined,8,Bottom,0,1,0,Fastball,Changeup,BallCalled,Undefined,Undefined,Undefined,0,0,,81.62345,-2.031034,-3.684745,2114.104439,225.005742,1:30,5.24561,1.6669,6.02338,-24.25198,18.41674,16.77796,1.33885,-0.35235,73.34171,-6.647263,-0.672017,0.470139,,,,,,,,,,,,-9.81638,10.60741,-1.38706,50,5.07334,6.94792,-118.07808,-4.85158,-13.58822,26.57876,-17.49088,MIA_RED,ONT_BLU22,McKieFieldStad,TeamExclusive,Team,20251021-McKieFieldStad-Private-1,81da4b50-aec6-11f0-b90d-3d48e13cf022,80.17296,,,8.28174,,,,,,,a0ac1909-84c9-4024-895b-59f38feaa935,2025-10-21,21:40:04.67,2025-10-21T17:40:04.6720000-04:00,2025-10-21T21:40:04.6720000Z,,v3,471355,,,"Chwedchuk, Justin",10292277,Right,ONT_BLU22,c40691db-c2d6-4aa0-ab24-bb451d54c91c,54.47105,-119.08023,13.28938,5.24384,-4.19209,-8.74544,-1.6587,7.46027,-6.79411,,,,,,,,,,,,,,,,,,,,,,,,,,,,,,,,,,,,,,,,,,,,,,,,,,,High,High,High,,,,,
283,2025-10-21,17:40:23.17,3,3,"Landry, Alex",10280882,Right,ONT_BLU22,"Proctor, Keenan",823047,Left,MIA_RED,Undefined,8,Bottom,0,2,0,Fastball,Changeup,BallCalled,Undefined,Undefined,Undefined,0,0,,81.41857,1.74082,-2.902033,2037.311074,228.544982,1:30,5.28238,1.73897,6.07275,-32.37797,9.77571,9.49497,4.19758,-0.15736,73.93015,-4.324942,-1.195724,0.467293,,,,,,,,,,,,-5.70784,4.95154,-1.51905,50,5.40023,5.61782,-118.05402,2.62355,-8.01277,23.57844,-25.22298,MIA_RED,ONT_BLU22,McKieFieldStad,TeamExclusive,Team,20251021-McKieFieldStad-Private-1,8cec9d40-aec6-11f0-b90d-3d48e13cf022,80.66126,,,7.48841,,,,,,,a0ac1909-84c9-4024-895b-59f38feaa935,2025-10-21,21:40:23.17,2025-10-21T17:40:23.1790000-04:00,2025-10-21T21:40:23.1790000Z,,v3,471355,,,"Chwedchuk, Justin",10292277,Right,ONT_BLU22,a8f46165-c783-4dbd-bd9e-00256c27aa1c,54.42286,-118.9341,11.78922,5.28473,3.56501,-12.61149,-1.73431,5.9169,-4.00638,,,,,,,,,,,,,,,,,,,,,,,,,,,,,,,,,,,,,,,,,,,,,,,,,,,High,High,High,,,,,
284,2025-10-21,17:40:44.55,3,4,"Landry, Alex",10280882,Right,ONT_BLU22,"Proctor, Keenan",823047,Left,MIA_RED,Undefined,8,Bottom,0,3,0,Fastball,Changeup,StrikeCalled,Undefined,Undefined,Undefined,0,0,,82.55404,-0.17334,-3.833569,2114.327761,247.210713,2:15,5.18597,1.74327,6.20923,-34.56525,6.64922,12.26323,2.1452,-0.77818,74.51943,-6.645571,-1.62433,0.462058,,,,,,,,,,,,-7.56028,3.95315,-1.46114,50,5.156,7.54062,-119.57754,-1.40865,-10.77338,26.46076,-26.54079,MIA_RED,ONT_BLU22,McKieFieldStad,TeamExclusive,Team,20251021-McKieFieldStad-Private-1,999f31b0-aec6-11f0-b90d-3d48e13cf022,81.57516,,,8.03461,,,,,,,a0ac1909-84c9-4024-895b-59f38feaa935,2025-10-21,21:40:44.55,2025-10-21T17:40:44.5570000-04:00,2025-10-21T21:40:44.5570000Z,,v3,471355,,,"Chwedchuk, Justin",10292277,Right,ONT_BLU22,233be7a0-c56f-438d-9e61-a41d99c1daf0,54.28627,-120.5223,13.23038,5.18938,-0.46103,-13.27039,-1.73724,7.92527,-5.38669,,,,,,,,,,,,,,,,,,,,,,,,,,,,,,,,,,,,,,,,,,,,,,,,,,,High,High,High,,,,,
285,2025-10-21,17:41:03.39,3,5,"Landry, Alex",10280882,Right,ONT_BLU22,"Proctor, Keenan",823047,Left,MIA_RED,Undefined,8,Bottom,0,3,1,Fastball,Changeup,BallCalled,Walk,Undefined,Undefined,0,0,,82.00978,-0.488533,-3.658492,2101.443397,222.681348,1:30,5.3027,1.6908,6.04194,-30.54616,10.89481,8.82213,2.30394,-0.96583,75.02327,-6.187475,-2.074629,0.463326,,,,,,,,,,,,-5.57075,6.14898,-1.4101,50,5.2481,7.26928,-118.93543,-1.93446,-7.97166,23.0206,-23.37499,MIA_RED,ONT_BLU22,McKieFieldStad,TeamExclusive,Team,20251021-McKieFieldStad-Private-1,a4e93570-aec6-11f0-b90d-3d48e13cf022,81.35195,,,6.98651,,,,,,,a0ac1909-84c9-4024-895b-59f38feaa935,2025-10-21,21:41:03.39,2025-10-21T17:41:03.3900000-04:00,2025-10-21T21:41:03.3900000Z,,v3,471355,,,"Chwedchuk, Justin",10292277,Right,ONT_BLU22,a817aaef-3c71-40e0-8b92-fa28ba5be81f,54.45532,-119.79468,11.5103,5.30402,-1.06198,-11.68749,-1.68698,7.56682,-3.98583,,,,,,,,,,,,,,,,,,,,,,,,,,,,,,,,,,,,,,,,,,,,,,,,,,,High,High,High,,,,,
286,2025-10-21,17:42:24.79,4,1,"Landry, Alex",10280882,Right,ONT_BLU22,"Gonzalez Rivera, Ignacio",10124440,Right,MIA_RED,Undefined,8,Bottom,0,0,0,Fastball,Changeup,StrikeCalled,Undefined,Undefined,Undefined,0,0,,82.96681,0.258029,-2.229824,2037.119459,223.085891,1:30,5.31353,1.73696,6.01167,-31.37014,9.0767,7.28878,2.93857,0.27766,75.84403,-5.591547,-0.919451,0.457735,,,,,,,,,,,,-4.35827,4.99571,-1.56582,50,5.31675,4.40493,-120.46101,-0.431,-6.39713,23.63153,-24.84128,MIA_RED,ONT_BLU22,McKieFieldStad,TeamExclusive,Team,20251021-McKieFieldStad-Private-1,d56f6390-aec6-11f0-b90d-3d48e13cf022,82.34563,,,7.12279,,,,,,,a0ac1909-84c9-4024-895b-59f38feaa935,2025-10-21,21:42:24.79,2025-10-21T17:42:24.7970000-04:00,2025-10-21T21:42:24.7970000Z,,v3,471355,,,"Chwedchuk, Justin",10292277,Right,ONT_BLU22,3ce84eea-694e-4ed3-893a-628bab40a495,54.48482,-121.33763,11.81576,5.31565,0.4905,-12.42064,-1.73363,4.64223,-3.19856,,,,,,,,,,,,,,,,,,,,,,,,,,,,,,,,,,,,,,,,,,,,,,,,,,,High,High,High,,,,,
287,2025-10-21,17:42:45.25,4,2,"Landry, Alex",10280882,Right,ONT_BLU22,"Gonzalez Rivera, Ignacio",10124440,Right,MIA_RED,Undefined,8,Bottom,0,0,1,Fastball,Changeup,InPlay,Undefined,LineDrive,Single,0,2,111,83.47318,-0.19461,-1.979774,2093.328415,235.645032,1:45,5.2852,1.7168,6.06777,-32.43573,7.66693,9.24056,2.40202,0.65405,75.93597,-6.249055,-0.31565,0.455783,87.26268,10.543101,-26.306781,909.061985,97.30154,9.20571,-51.30698,166.93926,166.22089,-28.685831,1.509395,-5.38969,4.39213,-1.56839,50,5.25284,3.83618,-121.18617,-1.41622,-7.9468,25.56697,-25.69809,MIA_RED,ONT_BLU22,McKieFieldStad,TeamExclusive,Team,20251021-McKieFieldStad-Private-1,e1b3cce0-aec6-11f0-b90d-3d48e13cf022,82.69822,10.23575,,7.53721,,,,1.50659,2.38133,-0.60161,a0ac1909-84c9-4024-895b-59f38feaa935,2025-10-21,21:42:45.25,2025-10-21T17:42:45.2510000-04:00,2025-10-21T21:42:45.2510000Z,LineDrive,v3,471355,,,"Chwedchuk, Justin",10292277,Right,ONT_BLU22,fc624b55-2497-44da-a1ad-241be571d844,54.43003,-122.11721,12.78348,5.28737,-0.48041,-12.84905,-1.71336,4.12557,-3.9734,,1.50659,112.79323,-14.24153,2.71649,-0.54619,0.10575,-0.02095,0.00339,-0.0003,2.38133,23.41808,-18.40062,1.59406,-0.32978,0.06879,-0.01253,0.00212,-0.0002,-0.60161,-55.7625,2.64935,-0.53033,0.10691,-0.02153,0.00416,-0.00067,6E-05,,,,,,,,,,,,,,,,,,,,,,,High,High,High,High,High,,,
288,2025-10-21,17:43:34.50,5,1,"Landry, Alex",10280882,Right,ONT_BLU22,"Cruz, Diego",1000178634,Left,MIA_RED,Undefined,8,Bottom,0,0,0,Fastball,Changeup,InPlay,Undefined,GroundBall,Out,1,0,,84.00141,-1.591397,-2.54269,1973.984658,241.605734,2:00,5.34895,1.64615,6.2784,-30.73746,8.33245,13.11237,1.31886,0.39367,77.05038,-7.326064,-0.171374,0.449876,111.51107,-56.539911,85.755794,,,,,1.85964,1.85964,15.616671,0.009947,-7.56024,5.14953,-1.46468,50,5.21645,4.92995,-121.98882,-4.3139,-11.37644,24.31039,-24.42517,MIA_RED,ONT_BLU22,McKieFieldStad,TeamExclusive,Team,20251021-McKieFieldStad-Private-1,fefff3f0-aec6-11f0-b90d-3d48e13cf022,83.7841,1.35834,,6.95104,,,,1.72455,1.35834,-0.39463,a0ac1909-84c9-4024-895b-59f38feaa935,2025-10-21,21:43:34.50,2025-10-21T17:43:34.5050000-04:00,2025-10-21T21:43:34.5050000Z,GroundBall,v3,471355,,,"Chwedchuk, Justin",10292277,Right,ONT_BLU22,5ac60dc7-e82a-43f5-bcbb-18a0e7f5c1a3,54.22034,-122.82698,12.1552,5.35066,-3.47178,-12.21259,-1.64141,5.32219,-5.68822,,1.72455,6.67877,,,,,,,,1.35851,-136.55078,,,,,,,,-0.39474,89.99678,,,,,,,,,,,,,,,,,,,,,,,,,,,,,,High,High,High,Estimated,Estimated,,,
289,2025-10-21,17:44:10.81,6,1,"Landry, Alex",10280882,Right,ONT_BLU22,"Roa Calcano, Christopher",1000375139,Left,MIA_RED,Undefined,8,Bottom,1,0,0,Slider,Curveball,BallCalled,Undefined,Undefined,Undefined,0,0,,73.56972,3.119132,-0.697317,2143.511169,111.848867,9:45,5.11617,2.00614,5.33568,-46.74077,6.88453,-12.41595,4.15051,0.31724,66.2877,-5.502948,-2.899496,0.527055,,,,,,,,,,,,5.93087,3.04154,-1.93418,50,5.36505,1.77595,-106.44513,4.33962,6.70228,20.83822,-28.73692,MIA_RED,ONT_BLU22,McKieFieldStad,TeamExclusive,Team,20251021-McKieFieldStad-Private-1,149b91b0-aec7-11f0-b90d-3d48e13cf022,71.51515,,,7.28202,,,,,,,a0ac1909-84c9-4024-895b-59f38feaa935,2025-10-21,21:44:10.81,2025-10-21T17:44:10.8130000-04:00,2025-10-21T21:44:10.8130000Z,,v3,471355,,,"Chwedchuk, Justin",10292277,Right,ONT_BLU22,77ac150f-f868-4349-8b5b-0d3391e1c00f,55.1581,-107.45016,10.41911,5.12232,5.7256,-14.36846,-2.01204,1.4527,3.35114,,,,,,,,,,,,,,,,,,,,,,,,,,,,,,,,,,,,,,,,,,,,,,,,,,,High,High,High,,,,,
290,2025-10-21,17:44:31.49,6,2,"Landry, Alex",10280882,Right,ONT_BLU22,"Roa Calcano, Christopher",1000375139,Left,MIA_RED,Undefined,8,Bottom,1,1,0,Fastball,Slider,InPlay,Undefined,FlyBall,Out,1,0,,82.91719,-0.106433,-2.047102,2058.720237,204.660722,12:45,5.33485,1.83805,6.03823,-31.32891,9.09737,3.5913,2.6255,0.24109,75.90613,-5.94526,-1.401008,0.457618,94.23375,34.857197,0.243201,3145.638438,109.97309,70.85733,-2.42297,363.8253,361.24007,-4.312863,5.279034,-2.43807,5.08693,-1.68034,50,5.30956,4.16921,-120.43752,-1.18597,-3.57623,23.68347,-24.71236,MIA_RED,ONT_BLU22,McKieFieldStad,TeamExclusive,Team,20251021-McKieFieldStad-Private-1,20dd62f0-aec7-11f0-b90d-3d48e13cf022,82.3666,98.02915,,7.01106,,,,1.37002,2.55927,-0.24615,a0ac1909-84c9-4024-895b-59f38feaa935,2025-10-21,21:44:31.49,2025-10-21T17:44:31.4970000-04:00,2025-10-21T21:44:31.4970000Z,FlyBall,v3,471355,,,"Chwedchuk, Justin",10292277,Right,ONT_BLU22,09126066-13fa-4b96-b0a3-233ac8581108,54.45994,-121.31138,11.84174,5.3365,-0.27415,-12.35618,-1.83661,4.30116,-1.78811,169.056322,1.37433,113.32546,-21.61956,5.07287,-0.83894,0.10148,-0.01135,0.00128,-8E-05,2.55862,78.99725,-18.18115,0.82133,0.11581,-0.12587,0.03798,-0.00514,0.00026,-0.24565,0.47157,-2.60673,0.58611,-0.09293,0.01081,-0.00129,0.00016,-1E-05,,,,,,,,,,,,,,,,,,,,,,,High,High,High,High,Medium,,,
291,2025-10-21,17:45:08.46,7,1,"Landry, Alex",10280882,Right,ONT_BLU22,"Dierks, Marcus",10322729,Left,MIA_RED,Undefined,8,Bottom,2,0,0,Fastball,Changeup,StrikeCalled,Undefined,Undefined,Undefined,0,0,,83.80152,-0.679226,-3.138369,2108.146222,216.534696,1:15,5.35726,1.74591,6.07303,-30.47884,9.16784,5.84713,2.1879,-0.67368,76.63834,-6.360384,-2.087058,0.453184,,,,,,,,,,,,-3.90248,5.31016,-1.50591,50,5.28848,6.43916,-121.58424,-2.38545,-5.82902,24.32001,-24.24245,MIA_RED,ONT_BLU22,McKieFieldStad,TeamExclusive,Team,20251021-McKieFieldStad-Private-1,370bf1e0-aec7-11f0-b90d-3d48e13cf022,83.17244,,,7.16319,,,,,,,a0ac1909-84c9-4024-895b-59f38feaa935,2025-10-21,21:45:08.46,2025-10-21T17:45:08.4610000-04:00,2025-10-21T21:45:08.4610000Z,,v3,471355,,,"Chwedchuk, Justin",10292277,Right,ONT_BLU22,7f54ab47-7248-4d93-b358-e4583312db25,54.42387,-122.46593,12.16001,5.35903,-1.50657,-12.12123,-1.74318,6.65049,-2.91451,,,,,,,,,,,,,,,,,,,,,,,,,,,,,,,,,,,,,,,,,,,,,,,,,,,High,High,High,,,,,
292,2025-10-21,17:45:27.94,7,2,"Landry, Alex",10280882,Right,ONT_BLU22,"Dierks, Marcus",10322729,Left,MIA_RED,Undefined,8,Bottom,2,0,1,Fastball,Changeup,BallCalled,Undefined,Undefined,Undefined,0,0,,81.97608,-2.152346,-2.38175,2127.361334,261.311673,2:45,5.27084,1.78653,5.8532,-38.21282,3.63496,14.83654,0.08394,0.80866,75.24681,-9.170998,0.284066,0.465594,,,,,,,,,,,,-8.33922,2.86449,-1.60196,50,5.07339,4.3806,-118.93018,-5.71093,-11.88653,23.83334,-28.09105,MIA_RED,ONT_BLU22,McKieFieldStad,TeamExclusive,Team,20251021-McKieFieldStad-Private-1,4294ac50-aec7-11f0-b90d-3d48e13cf022,80.95555,,,6.72928,,,,,,,a0ac1909-84c9-4024-895b-59f38feaa935,2025-10-21,21:45:27.94,2025-10-21T17:45:27.9480000-04:00,2025-10-21T21:45:27.9480000Z,,v3,471355,,,"Chwedchuk, Justin",10292277,Right,ONT_BLU22,d33d9bbd-004e-4236-bb4c-f0c84ca9b6c9,54.64615,-119.85764,11.91667,5.27436,-4.61779,-14.04553,-1.78143,4.84316,-5.94326,,,,,,,,,,,,,,,,,,,,,,,,,,,,,,,,,,,,,,,,,,,,,,,,,,,High,High,High,,,,,
293,2025-10-21,17:45:52.28,7,3,"Landry, Alex",10280882,Right,ONT_BLU22,"Dierks, Marcus",10322729,Left,MIA_RED,Undefined,8,Bottom,2,1,1,Slider,Curveball,BallCalled,Undefined,Undefined,Undefined,0,0,,73.40855,1.046426,-1.901555,2195.012417,82.283328,8:45,5.17605,1.97232,5.22373,-54.09534,-0.37307,-16.05288,1.65253,-1.15378,67.09032,-8.784038,-4.746119,0.527532,,,,,,,,,,,,7.4463,0.00106,-1.78439,50,5.23217,4.13603,-106.41276,0.19366,8.44158,20.19254,-32.17286,MIA_RED,ONT_BLU22,McKieFieldStad,TeamExclusive,Team,20251021-McKieFieldStad-Private-1,5120bbb0-aec7-11f0-b90d-3d48e13cf022,71.45056,,,6.31823,,,,,,,a0ac1909-84c9-4024-895b-59f38feaa935,2025-10-21,21:45:52.28,2025-10-21T17:45:52.2800000-04:00,2025-10-21T21:45:52.2800000Z,,v3,471355,,,"Chwedchuk, Justin",10292277,Right,ONT_BLU22,85ef871b-c49b-433e-8ad3-a8a053b5829b,55.27481,-107.40903,10.09627,5.18345,1.78102,-16.08643,-1.97818,3.71953,4.22079,,,,,,,,,,,,,,,,,,,,,,,,,,,,,,,,,,,,,,,,,,,,,,,,,,,High,High,High,,,,,
294,2025-10-21,17:46:11.53,7,4,"Landry, Alex",10280882,Right,ONT_BLU22,"Dierks, Marcus",10322729,Left,MIA_RED,Undefined,8,Bottom,2,2,1,Fastball,Slider,InPlay,Undefined,GroundBall,Double,0,2,,83.50697,1.040741,-2.44914,2056.687444,197.279551,12:30,5.39708,1.81944,6.01736,-31.16659,8.77851,2.3389,3.76486,-0.25561,76.25264,-4.77464,-2.029027,0.454887,73.6469,6.305674,-24.021581,2788.751543,,,,89.68017,87.44975,-26.898656,0.923849,-1.89571,4.59929,-1.62874,50,5.46172,5.09386,-121.21675,1.23458,-2.81639,24.02194,-25.34103,MIA_RED,ONT_BLU22,McKieFieldStad,TeamExclusive,Team,20251021-McKieFieldStad-Private-1,5c9578f0-aec7-11f0-b90d-3d48e13cf022,82.86117,5.5512,,7.25433,,,,0.00094,3.57895,0.34745,a0ac1909-84c9-4024-895b-59f38feaa935,2025-10-21,21:46:11.53,2025-10-21T17:46:11.5320000-04:00,2025-10-21T21:46:11.5320000Z,GroundBall,v3,471355,,,"Chwedchuk, Justin",10292277,Right,ONT_BLU22,5cbecc9a-e450-40f1-807d-2a24c15dce34,54.47988,-122.10132,12.01097,5.39907,2.16772,-12.67052,-1.81822,5.19757,-1.4082,85.893445,0.05763,97.22419,-11.66005,,,,,,,3.6233,11.21303,-16.43088,,,,,,,0.3697,-44.03679,-0.32662,,,,,,,,,,,,,,,,,,,,,,,,,,,,,High,High,High,High,High,,,
295,2025-10-21,17:46:55.55,8,1,"Landry, Alex",10280882,Right,ONT_BLU22,"Breidenbach, Mason",1000074554,Right,MIA_RED,Undefined,8,Bottom,2,0,0,Fastball,Changeup,StrikeCalled,Undefined,Undefined,Undefined,0,0,,81.88002,0.216688,-1.884329,2057.748308,217.879193,1:15,5.29683,1.87614,6.01579,-30.1995,11.4541,7.84445,2.98104,0.78375,74.58104,-5.439705,-0.473589,0.464513,,,,,,,,,,,,-4.57087,6.24197,-1.73258,50,5.29745,3.6074,-118.86316,-0.45548,-6.5073,23.82429,-23.28764,MIA_RED,ONT_BLU22,McKieFieldStad,TeamExclusive,Team,20251021-McKieFieldStad-Private-1,76f332a0-aec7-11f0-b90d-3d48e13cf022,81.14402,,,7.29898,,,,,,,a0ac1909-84c9-4024-895b-59f38feaa935,2025-10-21,21:46:55.55,2025-10-21T17:46:55.5520000-04:00,2025-10-21T21:46:55.5520000Z,,v3,471355,,,"Chwedchuk, Justin",10292277,Right,ONT_BLU22,369b5bd4-e87e-482b-bea2-d9e1d33fd5b9,54.48021,-119.75778,11.91215,5.29814,0.419,-11.64382,-1.87263,3.85176,-3.25365,,,,,,,,,,,,,,,,,,,,,,,,,,,,,,,,,,,,,,,,,,,,,,,,,,,High,High,High,,,,,
296,2025-10-21,17:47:15.26,8,2,"Landry, Alex",10280882,Right,ONT_BLU22,"Breidenbach, Mason",1000074554,Right,MIA_RED,Undefined,8,Bottom,2,0,1,Fastball,Changeup,BallCalled,Undefined,Undefined,Undefined,0,0,,82.65207,1.339895,-1.463641,2068.533272,200.931068,12:45,5.4001,1.5643,5.84286,-26.03088,15.13048,5.27319,4.47668,0.64325,75.0809,-3.561139,-0.518826,0.46176,,,,,,,,,,,,-3.0991,7.73355,-1.44818,50,5.49403,2.85121,-119.92031,2.03028,-4.49326,24.13413,-20.96142,MIA_RED,ONT_BLU22,McKieFieldStad,TeamExclusive,Team,20251021-McKieFieldStad-Private-1,827cb060-aec7-11f0-b90d-3d48e13cf022,81.62781,,,7.57117,,,,,,,a0ac1909-84c9-4024-895b-59f38feaa935,2025-10-21,21:47:15.26,2025-10-21T17:47:15.2670000-04:00,2025-10-21T21:47:15.2670000Z,,v3,471355,,,"Chwedchuk, Justin",10292277,Right,ONT_BLU22,42884865-a479-4310-afac-65bc8b570487,54.65184,-120.85287,12.06707,5.39993,2.84025,-10.48071,-1.56171,3.02484,-2.24663,,,,,,,,,,,,,,,,,,,,,,,,,,,,,,,,,,,,,,,,,,,,,,,,,,,High,High,High,,,,,
297,2025-10-21,17:47:35.48,8,3,"Landry, Alex",10280882,Right,ONT_BLU22,"Breidenbach, Mason",1000074554,Right,MIA_RED,Undefined,8,Bottom,2,1,1,Fastball,Changeup,BallCalled,Undefined,Undefined,Undefined,0,0,,80.31523,0.88664,-0.71086,2212.291035,253.885013,2:30,5.28708,1.76583,5.77855,-38.70597,4.99949,12.32213,2.88669,2.13122,73.18778,-6.276993,1.497277,0.475816,,,,,,,,,,,,-6.45524,2.74331,-1.7145,50,5.33718,0.96179,-116.59574,0.5584,-8.83134,23.18669,-28.42094,MIA_RED,ONT_BLU22,McKieFieldStad,TeamExclusive,Team,20251021-McKieFieldStad-Private-1,8e974a90-aec7-11f0-b90d-3d48e13cf022,79.21638,,,7.12745,,,,,,,a0ac1909-84c9-4024-895b-59f38feaa935,2025-10-21,21:47:35.48,2025-10-21T17:47:35.4800000-04:00,2025-10-21T21:47:35.4800000Z,,v3,471355,,,"Chwedchuk, Justin",10292277,Right,ONT_BLU22,30d023cd-8018-4fae-8740-8e910337dce0,54.71801,-117.53023,11.59334,5.29159,1.70385,-14.21047,-1.76044,1.31772,-4.41567,,,,,,,,,,,,,,,,,,,,,,,,,,,,,,,,,,,,,,,,,,,,,,,,,,,High,High,High,,,,,
298,2025-10-21,17:47:56.47,8,4,"Landry, Alex",10280882,Right,ONT_BLU22,"Breidenbach, Mason",1000074554,Right,MIA_RED,Undefined,8,Bottom,2,2,1,Fastball,Slider,BallCalled,Undefined,Undefined,Undefined,0,0,,82.43673,1.258234,-1.918058,2081.141725,201.349174,12:45,5.29915,1.90789,5.97473,-32.07549,8.88851,2.97815,3.79345,0.37733,75.3893,-4.719816,-1.383238,0.460652,,,,,,,,,,,,-2.05047,4.61567,-1.75776,50,5.38101,3.89184,-119.69336,1.63276,-2.97707,22.92645,-25.47262,MIA_RED,ONT_BLU22,McKieFieldStad,TeamExclusive,Team,20251021-McKieFieldStad-Private-1,9b05aa10-aec7-11f0-b90d-3d48e13cf022,81.82419,,,7.04743,,,,,,,a0ac1909-84c9-4024-895b-59f38feaa935,2025-10-21,21:47:56.47,2025-10-21T17:47:56.4710000-04:00,2025-10-21T21:47:56.4710000Z,,v3,471355,,,"Chwedchuk, Justin",10292277,Right,ONT_BLU22,10ed35bb-27b9-4a65-9db0-1a3c645884c6,54.52164,-120.55634,11.46323,5.3015,2.59157,-12.73631,-1.90636,4.0039,-1.48854,,,,,,,,,,,,,,,,,,,,,,,,,,,,,73.06969,1.532683,0.638054,0.894629,-1.3288,3.5584,-0.3117,-1.5159,5.76507,-1.71362,64.54784,0.42359,-60.22971,-1.50149,77.42397,-4.03861,5.7725,4.52086,-11.74801,-1.75622,-73.06792,8.67289,High,High,High,,,High,High,High
299,2025-10-21,17:48:20.15,8,5,"Landry, Alex",10280882,Right,ONT_BLU22,"Breidenbach, Mason",1000074554,Right,MIA_RED,Undefined,8,Bottom,2,3,1,Fastball,Changeup,BallCalled,Walk,Undefined,Undefined,0,0,,82.97994,-0.385999,-0.956965,2062.721431,233.944615,1:45,5.24286,1.75621,6.13262,-30.96411,9.22032,10.92319,2.3057,1.78191,76.00425,-6.167403,1.013849,0.456247,,,,,,,,,,,,-5.88366,5.27355,-1.68851,50,5.19746,1.59276,-120.5861,-1.75393,-8.65528,23.64976,-24.4163,MIA_RED,ONT_BLU22,McKieFieldStad,TeamExclusive,Team,20251021-McKieFieldStad-Private-1,a94e47d0-aec7-11f0-b90d-3d48e13cf022,82.61405,,,6.97569,,,,,,,a0ac1909-84c9-4024-895b-59f38feaa935,2025-10-21,21:48:20.15,2025-10-21T17:48:20.1580000-04:00,2025-10-21T21:48:20.1580000Z,,v3,471355,,,"Chwedchuk, Justin",10292277,Right,ONT_BLU22,d9878a0b-4f7d-4694-bb5f-df51b7f15bae,54.36414,-121.439,11.82488,5.24483,-0.87339,-12.20815,-1.75158,1.9049,-4.32764,,,,,,,,,,,,,,,,,,,,,,,,,,,,,,,,,,,,,,,,,,,,,,,,,,,High,High,High,,,,,
300,2025-10-21,17:48:52.92,9,1,"Landry, Alex",10280882,Right,ONT_BLU22,"Buffington, Matthew",825106,Right,MIA_RED,Undefined,8,Bottom,2,0,0,Fastball,Changeup,StrikeCalled,Undefined,Undefined,Undefined,0,0,,82.38899,-0.234999,-2.076289,2142.723774,222.449249,1:30,5.21838,1.78858,5.76009,-28.6582,12.81953,10.49103,2.61132,0.72945,75.17308,-5.581806,-0.198675,0.463531,,,,,,,,,,,,-5.9041,7.00658,-1.62282,50,5.18164,3.91068,-119.55778,-1.38443,-8.52431,23.5892,-22.05798,MIA_RED,ONT_BLU22,McKieFieldStad,TeamExclusive,Team,20251021-McKieFieldStad-Private-1,bcb04940-aec7-11f0-b90d-3d48e13cf022,81.31585,,,7.2159,,,,,,,a0ac1909-84c9-4024-895b-59f38feaa935,2025-10-21,21:48:52.92,2025-10-21T17:48:52.9260000-04:00,2025-10-21T21:48:52.9260000Z,,v3,471355,,,"Chwedchuk, Justin",10292277,Right,ONT_BLU22,837e8833-84b7-410c-8494-020943d4630a,54.73567,-120.48852,11.7946,5.21909,-0.5141,-11.02899,-1.78376,4.24702,-4.26216,,,,,,,,,,,,,,,,,,,,,,,,,,,,,,,,,,,,,,,,,,,,,,,,,,,High,High,High,,,,,
301,2025-10-21,17:49:09.62,9,2,"Landry, Alex",10280882,Right,ONT_BLU22,"Buffington, Matthew",825106,Right,MIA_RED,Undefined,8,Bottom,2,0,1,Fastball,Changeup,InPlay,Undefined,FlyBall,HomeRun,0,4,,82.96883,-0.769554,-2.550198,2074.994858,219.789961,1:15,5.29956,1.46029,6.11952,-24.34076,16.23316,12.36024,2.55897,0.13111,75.29838,-5.382537,-0.324239,0.458453,97.95766,26.216781,-21.805082,1760.484637,101.4441,48.75393,-42.53306,389.17704,382.55196,-26.138888,4.556781,-7.18658,9.03032,-1.2714,50,5.22795,4.89376,-120.38731,-2.29948,-10.45222,25.32925,-19.04027,MIA_RED,ONT_BLU22,McKieFieldStad,TeamExclusive,Team,20251021-McKieFieldStad-Private-1,c6c32c90-aec7-11f0-b90d-3d48e13cf022,82.21656,68.74679,,7.67044,,,,1.60066,2.56863,-0.10253,a0ac1909-84c9-4024-895b-59f38feaa935,2025-10-21,21:49:09.62,2025-10-21T17:49:09.6200000-04:00,2025-10-21T21:49:09.6200000Z,FlyBall,v3,471355,,,"Chwedchuk, Justin",10292277,Right,ONT_BLU22,07003db0-202c-4a2e-8ebe-d4d5d8d16539,54.37769,-121.30487,12.66463,5.29876,-1.60974,-9.52013,-1.45553,5.2724,-5.22611,161.368365,1.59995,119.68812,-20.08896,4.79668,-1.17708,0.30074,-0.06355,0.0082,-0.00045,2.5699,63.43817,-16.70267,0.7113,0.14571,-0.13394,0.04092,-0.00581,0.00031,-0.10234,-47.88172,4.70763,-1.11049,0.27441,-0.07181,0.01552,-0.00203,0.00011,,,,,,,,,,,,,,,,,,,,,,,High,High,High,High,High,,,
302,2025-10-21,17:49:55.74,10,1,"Landry, Alex",10280882,Right,ONT_BLU22,"Harrison, Tommy",811731,Left,MIA_RED,Undefined,8,Bottom,2,0,0,Slider,Curveball,InPlay,Undefined,FlyBall,Out,1,0,,72.42859,2.255943,-1.081686,2082.926034,79.984908,8:45,5.08526,1.88513,5.70603,-54.78475,-0.47197,-13.25139,2.62322,-0.22709,65.82185,-7.82799,-3.451278,0.530423,89.48566,36.30484,29.979352,,93.51161,72.56382,57.92719,330.80987,309.6663,34.660711,5.171004,6.44634,-0.49677,-1.78587,50,5.24017,2.44283,-105.03586,2.51681,7.09982,20.13685,-32.72118,MIA_RED,ONT_BLU22,McKieFieldStad,TeamExclusive,Team,20251021-McKieFieldStad-Private-1,e240ae20-aec7-11f0-b90d-3d48e13cf022,71.06109,92.94083,,6.60675,,,,2.91897,2.96576,0.24999,a0ac1909-84c9-4024-895b-59f38feaa935,2025-10-21,21:49:55.74,2025-10-21T17:49:55.7440000-04:00,2025-10-21T21:49:55.7440000Z,FlyBall,v3,471355,,,"Chwedchuk, Justin",10292277,Right,ONT_BLU22,2aa7422b-a240-40ea-b4ab-fd2d29d5dd5f,54.79295,-105.95075,10.06843,5.09205,4.00346,-16.36059,-1.88953,2.12026,3.54991,,2.92383,91.51051,-20.42781,5.07477,-0.67373,-0.05197,0.03786,-0.0056,0.00028,2.96128,77.79187,-18.78532,1.06947,-0.15054,0.0154,0.00595,-0.00185,0.00013,0.25137,52.82227,-6.37646,0.87951,0.05088,-0.06999,0.01814,-0.00213,0.0001,,,,,,,,,,,,,,,,,,,,,,,High,High,High,High,Medium,,,
303,2025-10-21,17:52:57.19,1,1,"Pfeffer, Kaden",821954,Left,MIA_RED,"Curran, Alex",10163662,Right,ONT_BLU22,Undefined,9,Top,0,0,0,Fastball,Changeup,BallCalled,Undefined,Undefined,Undefined,0,0,,80.69903,-1.889529,4.681853,1962.794226,131.115236,10:15,4.85942,-2.96606,5.63349,-30.99502,14.08705,-13.91505,0.50708,0.25215,71.56964,-7.710487,2.205775,0.483252,,,,,,,,,,,,8.83252,8.38737,2.5762,50,4.67901,-8.96476,-116.33527,-4.79176,11.68434,28.8753,-21.07857,MIA_RED,ONT_BLU22,McKieFieldStad,TeamExclusive,Team,20251021-McKieFieldStad-Private-1,4e580950-aec8-11f0-b90d-3d48e13cf022,77.99755,,,9.1294,,,,,,,a0ac1909-84c9-4024-895b-59f38feaa935,2025-10-21,21:52:57.19,2025-10-21T17:52:57.1960000-04:00,2025-10-21T21:52:57.1960000Z,,v3,471355,,,"Buffington, Matthew",825106,Right,MIA_RED,b6f8b5f6-f293-4d83-8fd5-79a3f37f5a51,54.85929,-117.53519,14.43765,4.85993,-3.91583,-10.53929,2.95883,-9.45031,5.84217,,,,,,,,,,,,,,,,,,,,,,,,,,,,,,,,,,,,,,,,,,,,,,,,,,,High,High,High,,,,,
304,2025-10-21,17:53:11.48,1,2,"Pfeffer, Kaden",821954,Left,MIA_RED,"Curran, Alex",10163662,Right,ONT_BLU22,Undefined,9,Top,0,1,0,Fastball,Changeup,BallCalled,Undefined,Undefined,Undefined,0,0,,80.40892,-0.33234,2.315611,2106.634033,128.172738,10:15,4.89946,-2.49457,5.51355,-29.75076,14.89989,-16.81867,2.10921,-1.72969,72.27745,-5.904467,-0.680527,0.480934,,,,,,,,,,,,9.16091,8.10382,2.30396,50,4.85109,-4.00932,-116.42073,-1.59684,12.34515,25.55087,-21.25341,MIA_RED,ONT_BLU22,McKieFieldStad,TeamExclusive,Team,20251021-McKieFieldStad-Private-1,56e44ca0-aec8-11f0-b90d-3d48e13cf022,78.37344,,,8.13147,,,,,,,a0ac1909-84c9-4024-895b-59f38feaa935,2025-10-21,21:53:11.48,2025-10-21T17:53:11.4810000-04:00,2025-10-21T21:53:11.4810000Z,,v3,471355,,,"Buffington, Matthew",825106,Right,MIA_RED,b8f6b92e-d167-411d-a8e3-fa534cf0c250,54.97966,-117.50853,12.77544,4.89981,-0.69199,-10.62671,2.48584,-4.53491,6.17257,,,,,,,,,,,,,,,,,,,,,,,,,,,,,,,,,,,,,,,,,,,,,,,,,,,High,High,High,,,,,
305,2025-10-21,17:53:27.09,1,3,"Pfeffer, Kaden",821954,Left,MIA_RED,"Curran, Alex",10163662,Right,ONT_BLU22,Undefined,9,Top,0,2,0,Fastball,Changeup,FoulBallNotFieldable,Undefined,Undefined,Undefined,0,0,,80.11933,-1.312077,4.023542,1953.157732,139.645025,10:45,4.95133,-2.45759,5.62713,-29.91797,14.64757,-11.10729,1.23065,0.3773,72.69384,-6.88583,2.045635,0.480475,86.13723,-3.742257,-44.237148,,,,,19.55038,15.31811,-42.494822,0.147028,6.873,8.28493,2.12177,50,4.82043,-7.71807,-115.9304,-3.57604,9.26051,23.68713,-21.01113,MIA_RED,ONT_BLU22,McKieFieldStad,TeamExclusive,Team,20251021-McKieFieldStad-Private-1,603b0be0-aec8-11f0-b90d-3d48e13cf022,78.44826,1.21318,,7.42548,,,,1.12643,1.21318,-0.26716,a0ac1909-84c9-4024-895b-59f38feaa935,2025-10-21,21:53:27.09,2025-10-21T17:53:27.0970000-04:00,2025-10-21T21:53:27.0970000Z,GroundBall,v3,471355,,,"Buffington, Matthew",825106,Right,MIA_RED,a79c9b40-7bc0-47bf-95b8-bc4130c6ce01,54.86891,-116.921,11.84357,4.95161,-2.69736,-10.50556,2.45264,-8.10534,4.63026,180,1.12495,90.38288,,,,,,,,1.21331,-8.25134,,,,,,,,-0.26572,-88.0076,,,,,,,,,,,,,,,,,,,,,,,,,,,,,,High,High,High,Low,Low,,,
306,2025-10-21,17:53:53.78,1,4,"Pfeffer, Kaden",821954,Left,MIA_RED,"Curran, Alex",10163662,Right,ONT_BLU22,Undefined,9,Top,0,2,1,Fastball,Changeup,StrikeSwinging,Undefined,Undefined,Undefined,0,0,,81.1297,-0.569537,3.926739,1959.409368,125.974017,10:15,4.92172,-2.62181,5.70225,-31.26888,11.45568,-13.96091,1.78403,-0.12065,74.51105,-6.357798,1.436293,0.470447,,,,,,,,,,,,8.14107,6.37941,2.30093,50,4.85442,-7.52674,-117.6257,-2.15943,11.45403,21.42818,-23.19857,MIA_RED,ONT_BLU22,McKieFieldStad,TeamExclusive,Team,20251021-McKieFieldStad-Private-1,7021a230-aec8-11f0-b90d-3d48e13cf022,80.12056,,,6.61864,,,,,,,a0ac1909-84c9-4024-895b-59f38feaa935,2025-10-21,21:53:53.78,2025-10-21T17:53:53.7830000-04:00,2025-10-21T21:53:53.7830000Z,,v3,471355,,,"Buffington, Matthew",825106,Right,MIA_RED,329665c3-4b3a-4b85-95d1-6e617934d83f,54.79579,-118.49614,10.71409,4.923,-1.21707,-11.59929,2.61613,-7.99202,5.72701,,,,,,,,,,,,,,,,,,,,,,,,,,,,,,,,,,,,,,,,,,,,,,,,,,,High,High,High,,,,,
307,2025-10-21,17:54:07.57,1,5,"Pfeffer, Kaden",821954,Left,MIA_RED,"Curran, Alex",10163662,Right,ONT_BLU22,Undefined,9,Top,0,2,2,ChangeUp,Changeup,FoulBallNotFieldable,Undefined,Undefined,Undefined,0,0,,77.36333,0.629278,3.466062,1329.448133,95.228179,9:15,4.81278,-2.3917,5.76048,-43.91813,2.92335,-16.28536,1.73974,-0.51881,71.18276,-7.440908,0.553683,0.492591,44.82339,32.585686,120.169496,4504.557546,,,,,26.14631,,,9.28008,1.71725,2.11457,50,4.83803,-6.2049,-112.27222,-0.13531,11.88082,19.75125,-29.97552,MIA_RED,ONT_BLU22,McKieFieldStad,TeamExclusive,Team,20251021-McKieFieldStad-Private-1,78667c40-aec8-11f0-b90d-3d48e13cf022,76.51869,13.77185,,6.18057,,,,1.83089,1.70344,0.44823,a0ac1909-84c9-4024-895b-59f38feaa935,2025-10-21,21:54:07.57,2025-10-21T17:54:07.5710000-04:00,2025-10-21T21:54:07.5710000Z,,v3,471355,,,"Buffington, Matthew",825106,Right,MIA_RED,e2055eb4-b2f9-483a-a846-32feb41d4faa,54.73976,-113.10298,9.87562,4.81721,1.1255,-14.98776,2.38606,-6.70462,5.94041,,1.83865,-28.05052,-1.59077,,,,,,,1.71486,35.09473,-21.72154,,,,,,,0.44959,47.85285,-4.57267,,,,,,,,,,,,,,,,,,,,,,,,,,,,,High,High,High,Low,Undefined,,,
308,2025-10-21,17:54:26.18,1,6,"Pfeffer, Kaden",821954,Left,MIA_RED,"Curran, Alex",10163662,Right,ONT_BLU22,Undefined,9,Top,0,2,2,ChangeUp,Changeup,StrikeSwinging,Strikeout,Undefined,Undefined,0,0,,76.55753,1.010267,2.613418,1310.30374,90.560782,9:00,4.83887,-2.49704,5.47009,-46.88644,1.78536,-19.1019,1.87818,-1.64146,69.94908,-7.577453,-0.788693,0.502123,,,,,,,,,,,,10.31627,1.1326,2.28033,50,4.89606,-4.3225,-111.02952,0.4233,12.8206,20.70258,-30.76652,MIA_RED,ONT_BLU22,McKieFieldStad,TeamExclusive,Team,20251021-McKieFieldStad-Private-1,8364a9f0-aec8-11f0-b90d-3d48e13cf022,75.06615,,,6.60845,,,,,,,a0ac1909-84c9-4024-895b-59f38feaa935,2025-10-21,21:54:26.18,2025-10-21T17:54:26.1860000-04:00,2025-10-21T21:54:26.1860000Z,,v3,471355,,,"Buffington, Matthew",825106,Right,MIA_RED,5671a9b0-f28d-4141-b4d1-fb3d5bfff08a,55.02808,-111.96313,10.35129,4.84569,1.81075,-15.38326,2.4883,-4.90067,6.4103,,,,,,,,,,,,,,,,,,,,,,,,,,,,,56.54015,2.338774,1.080474,1.258301,-1.52673,1.47311,1.68681,-5.95934,2.66635,4.05933,73.19878,6.38604,51.57993,-5.88914,68.69578,-4.64219,2.7438,22.45093,-15.53905,4.06013,39.01853,-0.9963,High,High,High,,,High,High,High
309,2025-10-21,17:54:52.42,2,1,"Pfeffer, Kaden",821954,Left,MIA_RED,"Chwedchuk, Justin",10292277,Left,ONT_BLU22,Undefined,9,Top,1,0,0,Fastball,Changeup,StrikeCalled,Undefined,Undefined,Undefined,0,0,,81.95313,-1.168423,4.236716,2004.342185,138.917717,10:45,4.95224,-2.71021,5.7235,-25.79442,16.21221,-12.95635,1.7113,0.16339,74.98671,-5.986752,1.926906,0.466477,,,,,,,,,,,,7.74993,8.97441,2.36407,50,4.83863,-8.2804,-118.71042,-3.20726,11.07288,22.45703,-19.35167,MIA_RED,ONT_BLU22,McKieFieldStad,TeamExclusive,Team,20251021-McKieFieldStad-Private-1,93223470-aec8-11f0-b90d-3d48e13cf022,80.80233,,,6.96642,,,,,,,a0ac1909-84c9-4024-895b-59f38feaa935,2025-10-21,21:54:52.42,2025-10-21T17:54:52.4290000-04:00,2025-10-21T21:54:52.4290000Z,,v3,471355,,,"Buffington, Matthew",825106,Right,MIA_RED,279f0d2b-49ab-4890-a31d-fb76ea334446,54.77371,-119.61008,11.22851,4.95159,-2.43201,-9.67584,2.70467,-8.72399,5.53644,,,,,,,,,,,,,,,,,,,,,,,,,,,,,,,,,,,,,,,,,,,,,,,,,,,High,High,High,,,,,
310,2025-10-21,17:55:06.37,2,2,"Pfeffer, Kaden",821954,Left,MIA_RED,"Chwedchuk, Justin",10292277,Left,ONT_BLU22,Undefined,9,Top,1,0,1,ChangeUp,Changeup,StrikeSwinging,Undefined,Undefined,Undefined,0,0,,77.12173,-0.023146,4.423969,1445.644329,85.519935,8:45,4.89132,-2.54354,5.41799,-47.60306,0.31795,-15.02997,0.90265,0.35631,71.01077,-8.680684,1.755822,0.498235,,,,,,,,,,,,8.81335,0.57311,2.16093,50,4.85578,-8.07332,-111.73339,-1.61859,11.16194,19.78732,-31.44821,MIA_RED,ONT_BLU22,McKieFieldStad,TeamExclusive,Team,20251021-McKieFieldStad-Private-1,9b5fe290-aec8-11f0-b90d-3d48e13cf022,75.6519,,,6.11096,,,,,,,a0ac1909-84c9-4024-895b-59f38feaa935,2025-10-21,21:55:06.37,2025-10-21T17:55:06.3720000-04:00,2025-10-21T21:55:06.3720000Z,,v3,471355,,,"Buffington, Matthew",825106,Right,MIA_RED,af09d2fd-533c-4efd-a19f-117177134fab,55.08231,-112.62984,9.89366,4.89684,-0.19385,-15.72411,2.53814,-8.579,5.58097,,,,,,,,,,,,,,,,,,,,,,,,,,,,,,,,,,,,,,,,,,,,,,,,,,,High,High,High,,,,,
311,2025-10-21,17:55:26.26,2,3,"Pfeffer, Kaden",821954,Left,MIA_RED,"Chwedchuk, Justin",10292277,Left,ONT_BLU22,Undefined,9,Top,1,0,2,Slider,Curveball,FoulBallNotFieldable,Undefined,Undefined,Undefined,0,0,,70.56001,1.901148,1.204901,2144.103378,283.755707,3:30,5.19318,-2.38611,5.04731,-58.24704,-0.13165,8.09859,2.13349,-0.57459,64.78905,-8.650605,2.636379,0.548677,,,,,,,,,,,,-3.60406,0.13059,2.26491,50,5.32894,-2.46425,-102.28294,1.49732,-3.81041,17.18407,-32.03598,MIA_RED,ONT_BLU22,McKieFieldStad,TeamExclusive,Team,20251021-McKieFieldStad-Private-1,a746e9a0-aec8-11f0-b90d-3d48e13cf022,68.69692,,,5.77095,,,,,,,a0ac1909-84c9-4024-895b-59f38feaa935,2025-10-21,21:55:26.26,2025-10-21T17:55:26.2600000-04:00,2025-10-21T21:55:26.2600000Z,,v3,471355,,,"Buffington, Matthew",825106,Right,MIA_RED,6183f6b1-7148-4ecb-bddf-7d6eca90669c,55.44826,-103.19422,8.59203,5.20449,3.19619,-16.01799,2.39024,-2.26219,-1.90521,,,,,,,,,,,,,,,,,,,,,,,,,,,,,,,,,,,,,,,,,,,,,,,,,,,High,High,High,,,,,
312,2025-10-21,17:55:46.20,2,4,"Pfeffer, Kaden",821954,Left,MIA_RED,"Chwedchuk, Justin",10292277,Left,ONT_BLU22,Undefined,9,Top,1,0,2,Fastball,Changeup,BallCalled,Undefined,Undefined,Undefined,0,0,,81.86681,-0.599978,2.720126,1924.564426,121.047613,10:00,4.99938,-2.61548,5.56447,-31.42431,10.8989,-15.81761,1.81955,-1.39061,74.81602,-6.415392,-0.100209,0.468231,,,,,,,,,,,,8.73575,6.10174,2.39123,50,4.92711,-4.99515,-118.73814,-2.27074,12.45023,23.0975,-23.47781,MIA_RED,ONT_BLU22,McKieFieldStad,TeamExclusive,Team,20251021-McKieFieldStad-Private-1,b2fe7c40-aec8-11f0-b90d-3d48e13cf022,80.49959,,,7.05079,,,,,,,a0ac1909-84c9-4024-895b-59f38feaa935,2025-10-21,21:55:46.20,2025-10-21T17:55:46.2090000-04:00,2025-10-21T21:55:46.2090000Z,,v3,471355,,,"Buffington, Matthew",825106,Right,MIA_RED,dcaa6322-216e-4929-801a-74a201a3c204,54.93248,-119.69378,11.54875,5.00096,-1.29937,-11.7389,2.60856,-5.51027,6.22512,,,,,,,,,,,,,,,,,,,,,,,,,,,,,,,,,,,,,,,,,,,,,,,,,,,High,High,High,,,,,
313,2025-10-21,17:56:00.90,2,5,"Pfeffer, Kaden",821954,Left,MIA_RED,"Chwedchuk, Justin",10292277,Left,ONT_BLU22,Undefined,9,Top,1,1,2,ChangeUp,Changeup,StrikeSwinging,Strikeout,Undefined,Undefined,0,0,,77.3328,0.313767,3.120375,1371.811499,85.532864,8:45,4.96603,-2.42217,5.45238,-47.29629,0.61106,-12.88733,1.31885,-0.57213,70.56828,-8.332433,0.826519,0.498164,,,,,,,,,,,,7.41898,0.70079,2.15581,50,4.96136,-5.60828,-112.07636,-0.95163,9.36433,21.70329,-31.28953,MIA_RED,ONT_BLU22,McKieFieldStad,TeamExclusive,Team,20251021-McKieFieldStad-Private-1,bbf76410-aec8-11f0-b90d-3d48e13cf022,75.66269,,,6.76452,,,,,,,a0ac1909-84c9-4024-895b-59f38feaa935,2025-10-21,21:56:00.90,2025-10-21T17:56:00.9000000-04:00,2025-10-21T21:56:00.9000000Z,,v3,471355,,,"Buffington, Matthew",825106,Right,MIA_RED,8926c85d-395e-492b-8a15-327cf2162c78,55.04556,-113.0492,10.85164,4.97258,0.45091,-15.64477,2.4166,-6.02803,4.68217,,,,,,,,,,,,,,,,,,,,,,,,,,,,,60.25529,2.923733,1.758157,1.165576,0.21625,1.14075,0.55535,-2.64062,3.1223,2.22391,69.86001,2.37583,-54.9175,-2.63444,65.42775,-2.77883,3.16976,17.8534,-15.96061,2.17694,-55.79727,5.8991,High,High,High,,,High,High,High
314,2025-10-21,17:56:27.22,3,1,"Pfeffer, Kaden",821954,Left,MIA_RED,"Sortino, Giancarlo",10180490,Right,ONT_BLU22,Undefined,9,Top,2,0,0,Fastball,Changeup,FoulBallNotFieldable,Undefined,Undefined,Undefined,0,0,,80.31897,-0.254744,3.977517,1963.63012,127.529831,10:15,4.88318,-2.60209,5.60694,-31.5586,12.35674,-14.24957,2.01493,-0.07081,73.45722,-6.102883,1.440834,0.476957,61.9723,30.086553,152.94225,3410.742404,-99.05557,20.33922,47.83296,151.30039,43.00549,154.569482,2.222213,8.34804,6.74622,2.27104,50,4.84103,-7.53669,-116.39069,-1.51179,11.45296,21.81744,-22.91866,MIA_RED,ONT_BLU22,McKieFieldStad,TeamExclusive,Team,20251021-McKieFieldStad-Private-1,cb87eb20-aec8-11f0-b90d-3d48e13cf022,79.02685,24.82603,,6.86175,,,,0.19173,1.88357,0.06721,a0ac1909-84c9-4024-895b-59f38feaa935,2025-10-21,21:56:27.22,2025-10-21T17:56:27.2230000-04:00,2025-10-21T21:56:27.2230000Z,Popup,v3,471355,,,"Buffington, Matthew",825106,Right,MIA_RED,878e6e8f-b48a-45f6-95aa-fd27b7a032ec,54.89113,-117.30394,10.90872,4.88423,-0.55244,-11.45933,2.59656,-8.0161,5.72648,343.562649,0.19181,-70.04485,3.19093,0.11753,0.47106,-0.59223,0.37388,-0.11464,0.01351,1.88355,45.56715,-24.7487,2.58675,-0.72948,0.33985,-0.15679,0.04593,-0.00564,0.06717,35.77909,-3.58434,0.57781,-0.42852,0.39048,-0.22886,0.06886,-0.00811,,,,,,,,,,,,,,,,,,,,,,,High,High,High,High,Low,,,
315,2025-10-21,17:56:46.05,3,2,"Pfeffer, Kaden",821954,Left,MIA_RED,"Sortino, Giancarlo",10180490,Right,ONT_BLU22,Undefined,9,Top,2,0,1,ChangeUp,Changeup,BallCalled,Undefined,Undefined,Undefined,0,0,,76.06518,0.824457,3.455382,1446.331723,75.62781,8:30,4.88369,-2.60748,5.31049,-53.4633,-3.87654,-21.40088,1.20373,-1.14369,69.74134,-8.885121,-0.344818,0.506821,,,,,,,,,,,,11.65701,-1.64504,2.30968,50,4.91991,-5.81847,-110.27161,-0.22219,14.30579,20.21613,-34.19289,MIA_RED,ONT_BLU22,McKieFieldStad,TeamExclusive,Team,20251021-McKieFieldStad-Private-1,d6b39170-aec8-11f0-b90d-3d48e13cf022,74.37037,,,6.32384,,,,,,,a0ac1909-84c9-4024-895b-59f38feaa935,2025-10-21,21:56:46.05,2025-10-21T17:56:46.0550000-04:00,2025-10-21T21:56:46.0550000Z,,v3,471355,,,"Buffington, Matthew",825106,Right,MIA_RED,b7690e3e-d3ae-4145-9083-bc04591796ac,55.19,-111.21903,10.10806,4.89278,1.38023,-17.09645,2.59807,-6.48891,7.1529,,,,,,,,,,,,,,,,,,,,,,,,,,,,,,,,,,,,,,,,,,,,,,,,,,,High,High,High,,,,,
316,2025-10-21,17:57:03.75,3,3,"Pfeffer, Kaden",821954,Left,MIA_RED,"Sortino, Giancarlo",10180490,Right,ONT_BLU22,Undefined,9,Top,2,1,1,ChangeUp,Changeup,BallCalled,Undefined,Undefined,Undefined,0,0,,76.05823,1.45238,2.949337,1416.178807,72.514469,8:30,4.84797,-2.61533,5.49226,-52.80369,-3.71173,-16.66851,1.80837,-1.24301,69.84489,-8.174662,-0.020076,0.504286,,,,,,,,,,,,9.19406,-1.77138,2.36851,50,4.93957,-5.04728,-110.34047,1.05915,11.33191,19.68088,-34.35732,MIA_RED,ONT_BLU22,McKieFieldStad,TeamExclusive,Team,20251021-McKieFieldStad-Private-1,e13da090-aec8-11f0-b90d-3d48e13cf022,74.74424,,,6.21335,,,,,,,a0ac1909-84c9-4024-895b-59f38feaa935,2025-10-21,21:57:03.75,2025-10-21T17:57:03.7560000-04:00,2025-10-21T21:57:03.7560000Z,,v3,471355,,,"Buffington, Matthew",825106,Right,MIA_RED,c1a3f8ea-105a-4858-9d6d-10582cff5054,55.0079,-111.23011,9.84044,4.85659,2.61223,-17.17866,2.60824,-5.55952,5.66595,,,,,,,,,,,,,,,,,,,,,,,,,,,,,,,,,,,,,,,,,,,,,,,,,,,High,High,High,,,,,
317,2025-10-21,17:57:20.16,3,4,"Pfeffer, Kaden",821954,Left,MIA_RED,"Sortino, Giancarlo",10180490,Right,ONT_BLU22,Undefined,9,Top,2,2,1,Fastball,Changeup,BallCalled,Undefined,Undefined,Undefined,0,0,,80.55863,-1.910431,3.457036,1987.847143,138.849194,10:45,4.90753,-2.37954,5.7312,-26.8121,16.50717,-13.23127,0.89016,-0.2588,74.01258,-6.902497,1.093416,0.473709,,,,,,,,,,,,7.66843,9.3339,2.0994,50,4.73157,-6.54369,-116.78713,-4.70428,10.62732,21.28815,-19.23866,MIA_RED,ONT_BLU22,McKieFieldStad,TeamExclusive,Team,20251021-McKieFieldStad-Private-1,eb3533b0-aec8-11f0-b90d-3d48e13cf022,79.56871,,,6.54606,,,,,,,a0ac1909-84c9-4024-895b-59f38feaa935,2025-10-21,21:57:20.16,2025-10-21T17:57:20.1660000-04:00,2025-10-21T21:57:20.1660000Z,,v3,471355,,,"Buffington, Matthew",825106,Right,MIA_RED,d86d42eb-36c5-4845-a73c-627076be61af,54.76647,-117.65276,10.64407,4.90695,-3.92199,-9.61933,2.37427,-6.97583,5.31366,,,,,,,,,,,,,,,,,,,,,,,,,,,,,,,,,,,,,,,,,,,,,,,,,,,High,High,High,,,,,
318,2025-10-21,17:57:39.08,3,5,"Pfeffer, Kaden",821954,Left,MIA_RED,"Sortino, Giancarlo",10180490,Right,ONT_BLU22,Undefined,9,Top,2,3,1,Fastball,Changeup,BallCalled,Walk,Undefined,Undefined,0,0,,80.57349,-1.161723,4.366731,1924.501313,141.051122,10:45,4.92035,-2.4148,5.80889,-27.40537,16.00107,-11.78796,1.55298,0.67143,73.65071,-6.282712,2.262491,0.474186,,,,,,,,,,,,7.23422,8.9165,2.06322,50,4.8086,-8.45511,-116.68208,-3.18075,9.96728,22.07839,-19.88891,MIA_RED,ONT_BLU22,McKieFieldStad,TeamExclusive,Team,20251021-McKieFieldStad-Private-1,f66ce7f0-aec8-11f0-b90d-3d48e13cf022,79.48877,,,6.92278,,,,,,,a0ac1909-84c9-4024-895b-59f38feaa935,2025-10-21,21:57:39.08,2025-10-21T17:57:39.0890000-04:00,2025-10-21T21:57:39.0890000Z,,v3,471355,,,"Buffington, Matthew",825106,Right,MIA_RED,38f29e23-356c-4dc0-b24d-bd30e5fcc6e8,54.68795,-117.56578,11.0392,4.91998,-2.38469,-9.94446,2.40963,-8.85406,4.98364,,,,,,,,,,,,,,,,,,,,,,,,,,,,,,,,,,,,,,,,,,,,,,,,,,,High,High,High,,,,,
319,2025-10-21,17:58:09.56,4,1,"Pfeffer, Kaden",821954,Left,MIA_RED,"Chung, James",10310929,Right,ONT_BLU22,Undefined,9,Top,2,0,0,Fastball,Changeup,StrikeCalled,Undefined,Undefined,Undefined,0,0,,79.17021,-0.574726,4.217713,1867.09621,135.134616,10:30,4.89362,-3.01469,5.75942,-31.66651,13.46556,-11.90713,1.71834,-0.0741,72.216,-6.467447,2.093265,0.483519,,,,,,,,,,,,7.27926,7.47091,2.67202,50,4.82677,-8.00034,-114.65295,-2.10405,9.65584,21.88303,-22.26397,MIA_RED,ONT_BLU22,McKieFieldStad,TeamExclusive,Team,20251021-McKieFieldStad-Private-1,08b0cf30-aec9-11f0-b90d-3d48e13cf022,77.95435,,,6.95421,,,,,,,a0ac1909-84c9-4024-895b-59f38feaa935,2025-10-21,21:58:09.56,2025-10-21T17:58:09.5640000-04:00,2025-10-21T21:58:09.5640000Z,,v3,471355,,,"Buffington, Matthew",825106,Right,MIA_RED,aabc40da-621b-454a-a872-4700afcd5108,54.73729,-115.55359,10.94152,4.89451,-1.18773,-11.13199,3.00947,-8.39775,4.82792,,,,,,,,,,,,,,,,,,,,,,,,,,,,,,,,,,,,,,,,,,,,,,,,,,,High,High,High,,,,,
320,2025-10-21,17:58:26.04,4,2,"Pfeffer, Kaden",821954,Left,MIA_RED,"Chung, James",10310929,Right,ONT_BLU22,Undefined,9,Top,2,0,1,ChangeUp,Changeup,InPlay,Undefined,GroundBall,Out,1,0,,76.6694,1.261885,3.449787,1325.385793,88.224064,9:00,4.97339,-2.93617,5.59912,-47.19857,0.95559,-18.25737,2.22057,-1.23309,70.27819,-7.387781,0.194664,0.499446,54.32259,-62.355567,51.093068,,,,,2.95676,2.95676,46.164449,0.031118,10.2567,0.54346,2.65279,50,5.05076,-6.02465,-111.19513,0.94729,12.83645,20.01237,-31.49391,MIA_RED,ONT_BLU22,McKieFieldStad,TeamExclusive,Team,20251021-McKieFieldStad-Private-1,1264a290-aec9-11f0-b90d-3d48e13cf022,75.46855,2.20821,,6.39121,,,,1.32141,2.20821,1.23277,a0ac1909-84c9-4024-895b-59f38feaa935,2025-10-21,21:58:26.04,2025-10-21T17:58:26.0430000-04:00,2025-10-21T21:58:26.0430000Z,GroundBall,v3,471355,,,"Buffington, Matthew",825106,Right,MIA_RED,8672d28f-b91a-4bf0-95af-7371b02cb68b,54.90125,-112.07376,10.00618,4.97882,2.33001,-15.74695,2.92967,-6.58823,6.41823,,1.32078,23.34395,,,,,,,,2.21014,-70.96273,,,,,,,,1.23198,28.92332,,,,,,,,,,,,,,,,,,,,,,,,,,,,,,High,High,High,Estimated,Estimated,,,