PitchNo,Date,Time,PAofInning,PitchofPA,Pitcher,PitcherId,PitcherThrows,PitcherTeam,Batter,BatterId,BatterSide,BatterTeam,PitcherSet,Inning,Top/Bottom,Outs,Balls,Strikes,TaggedPitchType,AutoPitchType,PitchCall,KorBB,TaggedHitType,PlayResult,OutsOnPlay,RunsScored,Notes,RelSpeed,VertRelAngle,HorzRelAngle,SpinRate,SpinAxis,Tilt,RelHeight,RelSide,Extension,VertBreak,InducedVertBreak,HorzBreak,PlateLocHeight,PlateLocSide,ZoneSpeed,VertApprAngle,HorzApprAngle,ZoneTime,ExitSpeed,Angle,Direction,HitSpinRate,PositionAt110X,PositionAt110Y,PositionAt110Z,Distance,LastTrackedDistance,Bearing,HangTime,pfxx,pfxz,x0,y0,z0,vx0,vy0,vz0,ax0,ay0,az0,HomeTeam,AwayTeam,Stadium,Level,League,GameID,PitchUID,EffectiveVelo,MaxHeight,MeasuredDuration,SpeedDrop,PitchLastMeasuredX,PitchLastMeasuredY,PitchLastMeasuredZ,ContactPositionX,ContactPositionY,ContactPositionZ,GameUID,UTCDate,UTCTime,LocalDateTime,UTCDateTime,AutoHitType,System,HomeTeamForeignID,AwayTeamForeignID,GameForeignID,Catcher,CatcherId,CatcherThrows,CatcherTeam,PlayID,PitchTrajectoryXc0,PitchTrajectoryXc1,PitchTrajectoryXc2,PitchTrajectoryYc0,PitchTrajectoryYc1,PitchTrajectoryYc2,PitchTrajectoryZc0,PitchTrajectoryZc1,PitchTrajectoryZc2,HitSpinAxis,HitTrajectoryXc0,HitTrajectoryXc1,HitTrajectoryXc2,HitTrajectoryXc3,HitTrajectoryXc4,HitTrajectoryXc5,HitTrajectoryXc6,HitTrajectoryXc7,HitTrajectoryXc8,HitTrajectoryYc0,HitTrajectoryYc1,HitTrajectoryYc2,HitTrajectoryYc3,HitTrajectoryYc4,HitTrajectoryYc5,HitTrajectoryYc6,HitTrajectoryYc7,HitTrajectoryYc8,HitTrajectoryZc0,HitTrajectoryZc1,HitTrajectoryZc2,HitTrajectoryZc3,HitTrajectoryZc4,HitTrajectoryZc5,HitTrajectoryZc6,HitTrajectoryZc7,HitTrajectoryZc8,ThrowSpeed,PopTime,ExchangeTime,TimeToBase,CatchPositionX,CatchPositionY,CatchPositionZ,ThrowPositionX,ThrowPositionY,ThrowPositionZ,BasePositionX,BasePositionY,BasePositionZ,ThrowTrajectoryXc0,ThrowTrajectoryXc1,ThrowTrajectoryXc2,ThrowTrajectoryYc0,ThrowTrajectoryYc1,ThrowTrajectoryYc2,ThrowTrajectoryZc0,ThrowTrajectoryZc1,ThrowTrajectoryZc2,PitchReleaseConfidence,PitchLocationConfidence,PitchMovementConfidence,HitLaunchConfidence,HitLandingConfidence,CatcherThrowCatchConfidence,CatcherThrowReleaseConfidence,CatcherThrowLocationConfidence
1,2025-10-24,14:58:08.37,1,1,"Geiser, Jack",1000362743,Right,MIA_RED,"Raether, Carson",1000338521,Left,MIA_RED,Undefined,1,Top,0,0,0,Fastball,Sinker,StrikeCalled,Undefined,Undefined,Undefined,0,0,,93.20976,-2.864709,-1.601735,2203.031161,228.481751,1:30,5.99703,1.0261,5.62075,-20.67863,12.00331,12.33001,1.5972,0.55847,85.01773,-6.714591,0.601477,0.411458,,,,,,,,,,,,-6.70918,7.24237,-0.89757,50,5.73937,3.21363,-135.11259,-7.49191,-12.34917,30.61434,-18.84341,MIA_RED,MIA_RED,McKieFieldStad,TeamExclusive,Team,20251024-McKieFieldStad-Private-1,61c1c1d0-b10b-11f0-a5c0-077d6a5da061,91.60702,,,8.19202,,,,,,,ae17ce3c-cf23-406e-8349-44deea114d82,2025-10-24,18:58:08.37,2025-10-24T14:58:08.3780000-04:00,2025-10-24T18:58:08.3780000Z,,v3,471355,471355,,,,Undefined,MIA_RED,7275d0f0-3d78-4570-b234-b5c9bcc4038d,54.87631,-136.21301,15.30717,5.99649,-6.8146,-9.42171,-1.02106,3.65752,-6.17459,,,,,,,,,,,,,,,,,,,,,,,,,,,,,,,,,,,,,,,,,,,,,,,,,,,High,High,High,,,,,
2,2025-10-24,14:58:29.51,1,2,"Geiser, Jack",1000362743,Right,MIA_RED,"Raether, Carson",1000338521,Left,MIA_RED,Undefined,1,Top,0,0,1,Fastball,Four-Seam,InPlay,Undefined,LineDrive,Single,0,0,,95.05605,-2.155512,-2.44516,2291.276654,225.054679,1:30,6.05595,0.98498,5.64998,-18.27135,12.93816,11.97615,2.52013,-0.29896,87.00751,-5.572566,-0.306563,0.402082,87.55792,17.755042,-4.611356,2082.47702,108.95036,26.80837,-15.15813,267.69525,264.35148,-12.658592,2.862527,-6.78418,7.46241,-0.78556,50,5.86154,5.34277,-137.89908,-5.83658,-13.08043,30.29314,-17.78601,MIA_RED,MIA_RED,McKieFieldStad,TeamExclusive,Team,20251024-McKieFieldStad-Private-1,6e4b7180-b10b-11f0-a5c0-077d6a5da061,93.74312,28.55756,,8.04853,,,,1.29206,2.49543,0.29188,ae17ce3c-cf23-406e-8349-44deea114d82,2025-10-24,18:58:29.51,2025-10-24T14:58:29.5130000-04:00,2025-10-24T18:58:29.5130000Z,LineDrive,v3,471355,471355,,,,Undefined,MIA_RED,19dff839-cf88-4b93-89cf-be6cf6120f1b,54.84882,-138.96017,15.14657,6.05506,-5.21358,-8.89301,-0.98073,5.80095,-6.54021,126.11762,1.29202,121.90804,-17.62139,3.74483,-0.75785,0.15092,-0.02816,0.0036,-0.00018,2.49555,39.15331,-15.30964,0.34968,0.1811,-0.12304,0.04062,-0.00617,0.00034,0.29172,-9.82359,-7.38138,2.37306,-0.76381,0.26053,-0.07304,0.01225,-0.00087,,,,,,,,,,,,,,,,,,,,,,,High,High,High,High,High,,,
3,2025-10-24,14:59:10.62,2,1,"Geiser, Jack",1000362743,Right,MIA_RED,"Krupinski, Dom",702597,Left,MIA_RED,Undefined,1,Top,0,0,0,Fastball,Sinker,BallCalled,Undefined,Undefined,Undefined,0,0,,92.86373,-2.4395,-3.379446,2061.924529,237.179999,2:00,5.96443,1.18156,5.52633,-23.73871,9.10394,12.5417,1.7003,-0.93622,85.31794,-6.814081,-1.14649,0.412468,,,,,,,,,,,,-7.22256,5.56166,-0.89606,50,5.73616,7.37062,-134.57696,-6.62494,-13.30402,27.99986,-21.92946,MIA_RED,MIA_RED,McKieFieldStad,TeamExclusive,Team,20251024-McKieFieldStad-Private-1,86bb8c00-b10b-11f0-a5c0-077d6a5da061,91.38262,,,7.54579,,,,,,,ae17ce3c-cf23-406e-8349-44deea114d82,2025-10-24,18:59:10.62,2025-10-24T14:59:10.6210000-04:00,2025-10-24T18:59:10.6210000Z,,v3,471355,471355,,,,Undefined,MIA_RED,00237503-6737-4f22-9141-773e0ef7a122,54.97177,-135.60744,13.99993,5.96512,-5.81788,-10.96473,-1.17633,7.86025,-6.65201,,,,,,,,,,,,,,,,,,,,,,,,,,,,,,,,,,,,,,,,,,,,,,,,,,,High,High,High,,,,,
4,2025-10-24,14:59:34.06,2,2,"Geiser, Jack",1000362743,Right,MIA_RED,"Krupinski, Dom",702597,Left,MIA_RED,Undefined,1,Top,0,1,0,Sinker,Changeup,BallCalled,Undefined,Undefined,Undefined,0,0,,89.94288,-1.813585,-1.770163,1746.740519,239.190696,2:00,5.89784,1.34032,5.27481,-24.53576,10.90816,16.35757,2.14843,1.04032,82.17453,-6.33865,1.13375,0.428491,,,,,,,,,,,,-8.66437,6.31989,-1.19105,50,5.7144,3.275,-130.42741,-5.03622,-14.89757,27.90217,-21.30756,MIA_RED,MIA_RED,McKieFieldStad,TeamExclusive,Team,20251024-McKieFieldStad-Private-1,94baebc0-b10b-11f0-a5c0-077d6a5da061,87.96546,,,7.76835,,,,,,,ae17ce3c-cf23-406e-8349-44deea114d82,2025-10-24,18:59:34.06,2025-10-24T14:59:34.0630000-04:00,2025-10-24T18:59:34.0630000Z,,v3,471355,471355,,,,Undefined,MIA_RED,6d686f5f-c66c-4185-9812-57a12eef80b9,55.22252,-131.53991,13.95108,5.89826,-4.18665,-10.65378,-1.33347,3.86899,-7.44879,,,,,,,,,,,,,,,,,,,,,,,,,,,,,80.55714,2.03956,0.821811,1.217749,-1.26282,1.84469,-1.09674,-0.75785,5.51599,0.44536,127.27919,1.8981,-0.1595,-0.66157,116.23206,-9.25432,5.53651,11.90175,-12.24746,0.38077,-5.74987,4.41178,High,High,High,,,High,High,High
5,2025-10-24,15:00:27.74,2,3,"Geiser, Jack",1000362743,Right,MIA_RED,"Krupinski, Dom",702597,Left,MIA_RED,Undefined,1,Top,0,2,0,Fastball,Sinker,FoulBallNotFieldable,Undefined,Undefined,Undefined,0,0,,92.75597,-2.304307,-1.731933,2107.249817,230.431,1:45,5.93423,1.26995,5.30656,-23.68348,9.47331,10.21611,1.79544,0.49506,85.15039,-6.656193,0.082854,0.414436,,,,,,,,,,,,-5.62508,5.67988,-1.12057,50,5.70785,3.59691,-134.55245,-6.32043,-10.33754,28.52329,-21.73581,MIA_RED,MIA_RED,McKieFieldStad,TeamExclusive,Team,20251024-McKieFieldStad-Private-1,b4cce990-b10b-11f0-a5c0-077d6a5da061,90.94874,,,7.60558,,,,,,,ae17ce3c-cf23-406e-8349-44deea114d82,2025-10-24,19:00:27.74,2025-10-24T15:00:27.7490000-04:00,2025-10-24T19:00:27.7490000Z,,v3,471355,471355,,,,Undefined,MIA_RED,aee0b8ed-9835-4fcc-b36e-c315c2d7e8c4,55.1923,-135.64868,14.26165,5.93471,-5.48506,-10.8679,-1.26645,3.99421,-5.16877,,,,,,,,,,,,,,,,,,,,,,,,,,,,,,,,,,,,,,,,,,,,,,,,,,,High,High,High,,,,,
6,2025-10-24,15:00:58.21,2,4,"Geiser, Jack",1000362743,Right,MIA_RED,"Krupinski, Dom",702597,Left,MIA_RED,Undefined,1,Top,0,2,1,ChangeUp,Splitter,StrikeCalled,Undefined,Undefined,Undefined,0,0,,80.79091,-0.656859,-2.002246,947.561791,203.579424,12:45,5.84176,1.23914,5.03318,-33.96738,10.98642,4.07189,2.39103,-0.31133,72.89827,-6.906744,-1.283027,0.482564,,,,,,,,,,,,-2.65906,6.1428,-1.05122,50,5.75247,3.9114,-116.9115,-2.51962,-3.62164,25.3178,-23.80755,MIA_RED,MIA_RED,McKieFieldStad,TeamExclusive,Team,20251024-McKieFieldStad-Private-1,c6e9e7e0-b10b-11f0-a5c0-077d6a5da061,78.10876,,,7.89264,,,,,,,ae17ce3c-cf23-406e-8349-44deea114d82,2025-10-24,19:00:58.21,2025-10-24T15:00:58.2110000-04:00,2025-10-24T19:00:58.2110000Z,,v3,471355,471355,,,,Undefined,MIA_RED,40736b27-3d85-4b1c-94d9-f8a73bed7f42,55.46034,-118.08805,12.6589,5.84385,-1.41326,-11.90377,-1.2369,4.0797,-1.81082,,,,,,,,,,,,,,,,,,,,,,,,,,,,,,,,,,,,,,,,,,,,,,,,,,,High,High,High,,,,,
7,2025-10-24,15:01:18.74,2,5,"Geiser, Jack",1000362743,Right,MIA_RED,"Krupinski, Dom",702597,Left,MIA_RED,Undefined,1,Top,0,2,2,Fastball,Four-Seam,InPlay,Undefined,GroundBall,Out,2,0,,93.87766,-1.297816,-2.165837,2104.083072,226.513481,1:30,5.96506,1.17233,5.43281,-21.57434,10.8076,10.27343,2.95075,-0.00078,85.51841,-5.305802,-0.338238,0.409565,90.07547,2.012798,13.244389,1758.815888,,,,57.30116,56.43947,14.201108,0.451668,-5.81544,6.12886,-0.98792,50,5.83534,4.66974,-136.15017,-3.88606,-10.87703,30.88617,-20.7108,MIA_RED,MIA_RED,McKieFieldStad,TeamExclusive,Team,20251024-McKieFieldStad-Private-1,d33de190-b10b-11f0-a5c0-077d6a5da061,92.03042,3.14239,,8.35925,,,,0.84553,2.93474,0.02384,ae17ce3c-cf23-406e-8349-44deea114d82,2025-10-24,19:01:18.74,2025-10-24T15:01:18.7410000-04:00,2025-10-24T19:01:18.7410000Z,GroundBall,v3,471355,471355,,,,Undefined,MIA_RED,3006adbb-d117-4779-bf5e-1cd57a5c9e28,55.06492,-137.29435,15.44309,5.96509,-3.11883,-10.3554,-1.16837,5.07268,-5.43851,326.411238,0.85121,128.34949,-16.06801,,,,,,,2.9481,4.24405,-23.9101,,,,,,,0.01962,30.37374,1.58323,,,,,,,,,,,,,,,,,,,,,,,,,,,,,High,High,High,High,High,,,
8,2025-10-24,15:01:59.63,3,1,"Geiser, Jack",1000362743,Right,MIA_RED,"Appelwick, Evan",695485,Right,MIA_RED,Undefined,1,Top,2,0,0,Slider,Curveball,StrikeCalled,Undefined,Undefined,Undefined,0,0,,76.08118,0.202337,-0.944553,2421.165771,57.761731,8:00,5.91671,1.03497,5.03278,-52.42428,-3.12268,-7.1126,1.73895,-0.44897,70.8855,-9.222651,-2.203464,0.505361,,,,,,,,,,,,3.30831,-1.19709,-0.93877,50,5.89359,2.10143,-110.57083,-1.43804,4.13829,17.79407,-33.67146,MIA_RED,MIA_RED,McKieFieldStad,TeamExclusive,Team,20251024-McKieFieldStad-Private-1,eba0dcb0-b10b-11f0-a5c0-077d6a5da061,74.58514,,,5.19568,,,,,,,ae17ce3c-cf23-406e-8349-44deea114d82,2025-10-24,19:01:59.63,2025-10-24T15:01:59.6300000-04:00,2025-10-24T19:01:59.6300000Z,,v3,471355,471355,,,,Undefined,MIA_RED,18f6faca-ce97-4d06-a1b0-67f88ade52d5,55.46809,-111.44733,8.89703,5.92357,0.22055,-16.83573,-1.03726,1.89759,2.06914,,,,,,,,,,,,,,,,,,,,,,,,,,,,,,,,,,,,,,,,,,,,,,,,,,,High,High,High,,,,,
9,2025-10-24,15:02:15.92,3,2,"Geiser, Jack",1000362743,Right,MIA_RED,"Appelwick, Evan",695485,Right,MIA_RED,Undefined,1,Top,2,0,1,Slider,Curveball,StrikeCalled,Undefined,Undefined,Undefined,0,0,,78.33865,1.332502,-0.641871,2492.487221,56.734016,8:00,5.94398,1.06156,4.96196,-50.34648,-3.60205,-7.51847,3.00756,-0.17137,72.52614,-7.740309,-1.969607,0.492081,,,,,,,,,,,,3.54973,-1.68524,-0.99302,50,6.03136,1.5856,-113.78152,0.80966,4.69263,19.23248,-34.40186,MIA_RED,MIA_RED,McKieFieldStad,TeamExclusive,Team,20251024-McKieFieldStad-Private-1,f54c99c0-b10b-11f0-a5c0-077d6a5da061,76.5981,,,5.81251,,,,,,,ae17ce3c-cf23-406e-8349-44deea114d82,2025-10-24,19:02:15.92,2025-10-24T15:02:15.9280000-04:00,2025-10-24T19:02:15.9280000Z,,v3,471355,471355,,,,Undefined,MIA_RED,185f5036-9045-4e22-814c-75d37061df98,55.53802,-114.71379,9.61624,5.95169,2.47725,-17.20093,-1.06437,1.35813,2.34632,,,,,,,,,,,,,,,,,,,,,,,,,,,,,,,,,,,,,,,,,,,,,,,,,,,High,High,High,,,,,
10,2025-10-24,15:02:34.92,3,3,"Geiser, Jack",1000362743,Right,MIA_RED,"Appelwick, Evan",695485,Right,MIA_RED,Undefined,1,Top,2,0,2,Curveball,Curveball,StrikeSwinging,Strikeout,Undefined,Undefined,0,0,,78.139,0.554959,-0.117827,2561.209694,51.264389,7:45,5.98767,0.86268,5.10889,-55.97621,-8.43902,-12.51603,1.84585,-0.29133,71.4159,-9.558483,-2.33817,0.496236,,,,,,,,,,,,6.18048,-3.87823,-0.84142,50,5.9962,0.74492,-113.35483,-0.91695,7.95163,22.88474,-37.16367,MIA_RED,MIA_RED,McKieFieldStad,TeamExclusive,Team,20251024-McKieFieldStad-Private-1,00a76660-b10c-11f0-a5c0-077d6a5da061,75.95669,,,6.7231,,,,,,,ae17ce3c-cf23-406e-8349-44deea114d82,2025-10-24,19:02:34.92,2025-10-24T15:02:34.9220000-04:00,2025-10-24T19:02:34.9220000Z,,v3,471355,471355,,,,Undefined,MIA_RED,b523cd8f-51c3-4396-9f17-db9437c1f2f6,55.39064,-114.43795,11.44237,5.99798,0.84198,-18.58184,-0.86777,0.36858,3.97581,,,,,,,,,,,,,,,,,,,,,,,,,,,,,61.56137,2.41345,1.216819,1.196631,-0.52871,1.51112,0.37214,-5.7868,3.22008,2.46168,78.16723,3.71431,46.61042,-5.68681,78.50288,-7.03668,3.32334,19.38759,-15.92043,2.4418,37.74564,-0.69913,High,High,High,,,High,High,High
11,2025-10-24,15:05:51.65,1,1,"Burke, Clayton",1000266653,Right,MIA_RED,"Dierks, Marcus",10322729,Left,MIA_RED,Undefined,1,Bottom,0,0,0,Fastball,Sinker,StrikeCalled,Undefined,Undefined,Undefined,0,0,,92.65506,-0.60468,-3.330933,2265.757799,225.176619,1:30,4.9561,1.19189,5.9424,-13.63379,19.40639,18.30237,3.25809,-0.37611,83.15298,-3.265915,-0.04948,0.413707,,,,,,,,,,,,-10.34949,10.43855,-0.93604,50,4.90012,6.97495,-134.19535,-1.76601,-18.57499,33.31335,-13.43916,MIA_RED,MIA_RED,McKieFieldStad,TeamExclusive,Team,20251024-McKieFieldStad-Private-1,75c516e0-b10c-11f0-a5c0-077d6a5da061,91.10908,,,9.50208,,,,,,,ae17ce3c-cf23-406e-8349-44deea114d82,2025-10-24,19:05:51.65,2025-10-24T15:05:51.6550000-04:00,2025-10-24T19:05:51.6550000Z,,v3,471355,471355,,,,Undefined,MIA_RED,15f3f1f9-2fec-4103-b910-2a9fd0abd939,54.55213,-135.32067,16.65668,4.95211,-1.31203,-6.71958,-1.18225,7.60241,-9.2875,,,,,,,,,,,,,,,,,,,,,,,,,,,,,,,,,,,,,,,,,,,,,,,,,,,High,High,High,,,,,
12,2025-10-24,15:06:08.15,1,2,"Burke, Clayton",1000266653,Right,MIA_RED,"Dierks, Marcus",10322729,Left,MIA_RED,Undefined,1,Bottom,0,0,1,Sinker,Sinker,BallCalled,Undefined,Undefined,Undefined,0,0,,91.3267,-2.169427,-3.369852,2407.602378,244.841675,2:15,4.85772,1.35976,5.73154,-23.06891,11.48792,21.57918,0.91053,0.01618,81.73961,-6.508336,0.488267,0.423095,,,,,,,,,,,,-12.13989,6.97453,-1.09218,50,4.66271,6.8085,-132.08454,-5.79168,-20.94516,34.26518,-20.1408,MIA_RED,MIA_RED,McKieFieldStad,TeamExclusive,Team,20251024-McKieFieldStad-Private-1,7fb4bac0-b10c-11f0-a5c0-077d6a5da061,89.08732,,,9.58709,,,,,,,ae17ce3c-cf23-406e-8349-44deea114d82,2025-10-24,19:06:08.15,2025-10-24T15:06:08.1550000-04:00,2025-10-24T19:06:08.1550000Z,,v3,471355,471355,,,,Undefined,MIA_RED,1f691237-9cf1-46ca-a6da-ffcf1c48370c,54.76457,-133.31483,17.13259,4.85768,-5.06852,-10.0704,-1.35013,7.56054,-10.47258,,,,,,,,,,,,,,,,,,,,,,,,,,,,,,,,,,,,,,,,,,,,,,,,,,,High,High,High,,,,,
13,2025-10-24,15:06:26.15,1,3,"Burke, Clayton",1000266653,Right,MIA_RED,"Dierks, Marcus",10322729,Left,MIA_RED,Undefined,1,Bottom,0,1,1,ChangeUp,Changeup,StrikeCalled,Undefined,Undefined,Undefined,0,0,,78.89458,0.981448,-3.095388,1602.035215,265.390264,2:45,4.51367,1.29676,5.80113,-42.60884,3.42386,20.79103,1.87716,0.14767,70.82988,-6.930662,0.627269,0.48832,,,,,,,,,,,,-11.57697,1.94728,-1.05459,50,4.56946,5.36229,-114.23243,0.60903,-14.96656,25.28398,-29.65663,MIA_RED,MIA_RED,McKieFieldStad,TeamExclusive,Team,20251024-McKieFieldStad-Private-1,8a79fe20-b10c-11f0-a5c0-077d6a5da061,77.18799,,,8.06471,,,,,,,ae17ce3c-cf23-406e-8349-44deea114d82,2025-10-24,19:06:26.15,2025-10-24T15:06:26.1540000-04:00,2025-10-24T19:06:26.1540000Z,,v3,471355,471355,,,,Undefined,MIA_RED,bb88d626-3354-4a6a-975f-691bff77dfac,54.69476,-115.26688,12.64199,4.51972,1.82237,-14.82832,-1.28651,5.97462,-7.48328,,,,,,,,,,,,,,,,,,,,,,,,,,,,,,,,,,,,,,,,,,,,,,,,,,,High,High,High,,,,,
14,2025-10-24,15:06:48.28,1,4,"Burke, Clayton",1000266653,Right,MIA_RED,"Dierks, Marcus",10322729,Left,MIA_RED,Undefined,1,Bottom,0,1,2,Sinker,Sinker,StrikeCalled,Strikeout,Undefined,Undefined,0,0,,93.51232,-0.448746,-3.913649,2214.11072,235.678284,1:45,5.005,1.23969,5.73803,-19.19607,13.33926,17.86828,2.98649,-0.92117,84.43953,-4.076153,-0.724863,0.410534,,,,,,,,,,,,-10.25508,7.24752,-0.92453,50,4.95599,8.44211,-135.41469,-1.70391,-18.85559,32.27148,-18.84832,MIA_RED,MIA_RED,McKieFieldStad,TeamExclusive,Team,20251024-McKieFieldStad-Private-1,97b74660-b10c-11f0-a5c0-077d6a5da061,91.81323,,,9.07279,,,,,,,ae17ce3c-cf23-406e-8349-44deea114d82,2025-10-24,19:06:48.28,2025-10-24T15:06:48.2890000-04:00,2025-10-24T19:06:48.2890000Z,,v3,471355,471355,,,,Undefined,MIA_RED,20e3cb1a-ea41-443c-b38b-b844ff24bfdb,54.75865,-136.54404,16.13574,5.00407,-1.04431,-9.42416,-1.23152,9.10197,-9.4278,,,,,,,,,,,,,,,,,,,,,,,,,,,,,63.99674,2.448321,1.376666,1.071655,-0.74654,2.82906,0.9461,-1.35064,5.57874,-0.57406,74.70221,6.32201,-50.07328,-1.33709,74.53258,-3.35664,5.60278,15.71303,-14.07099,-0.62911,-53.77161,7.19568,High,High,High,,,High,High,High
15,2025-10-24,15:07:25.95,2,1,"Burke, Clayton",1000266653,Right,MIA_RED,"Roa Calcano, Christopher",1000375139,Left,MIA_RED,Undefined,1,Bottom,1,0,0,ChangeUp,Changeup,StrikeSwinging,Undefined,Undefined,Undefined,0,0,,80.61909,0.350603,-3.158701,1815.336375,260.909027,2:45,4.53186,1.5088,5.98315,-38.60998,4.81083,20.42446,1.63983,0.28016,72.95968,-6.832176,0.511203,0.474264,,,,,,,,,,,,-11.45016,2.82461,-1.27029,50,4.53852,5.66299,-116.87725,-0.48719,-15.6234,24.81912,-28.31993,MIA_RED,MIA_RED,McKieFieldStad,TeamExclusive,Team,20251024-McKieFieldStad-Private-1,ae3d1d10-b10c-11f0-a5c0-077d6a5da061,79.47563,,,7.65941,,,,,,,ae17ce3c-cf23-406e-8349-44deea114d82,2025-10-24,19:07:25.95,2025-10-24T15:07:25.9580000-04:00,2025-10-24T19:07:25.9580000Z,,v3,471355,471355,,,,Undefined,MIA_RED,5e614382-5470-4017-8d3b-30f954ff3f94,54.51422,-117.83195,12.40956,4.53631,0.60217,-14.15997,-1.49968,6.26396,-7.8117,,,,,,,,,,,,,,,,,,,,,,,,,,,,,,,,,,,,,,,,,,,,,,,,,,,High,High,High,,,,,
16,2025-10-24,15:07:40.24,2,2,"Burke, Clayton",1000266653,Right,MIA_RED,"Roa Calcano, Christopher",1000375139,Left,MIA_RED,Undefined,1,Bottom,1,0,1,ChangeUp,Changeup,StrikeSwinging,Undefined,Undefined,Undefined,0,0,,81.06647,0.969598,-3.288736,1903.583631,273.652419,3:00,4.52698,1.45888,5.82926,-43.2275,0.1885,22.13375,1.82756,0.24293,73.01216,-7.03159,0.676616,0.474238,,,,,,,,,,,,-12.31823,0.27425,-1.20307,50,4.58117,5.86402,-117.42803,0.56632,-16.88233,26.06846,-31.79818,MIA_RED,MIA_RED,McKieFieldStad,TeamExclusive,Team,20251024-McKieFieldStad-Private-1,b6a9a360-b10c-11f0-a5c0-077d6a5da061,79.48004,,,8.05432,,,,,,,ae17ce3c-cf23-406e-8349-44deea114d82,2025-10-24,19:07:40.24,2025-10-24T15:07:40.2400000-04:00,2025-10-24T19:07:40.2400000Z,,v3,471355,471355,,,,Undefined,MIA_RED,a1430572-a4e2-40ba-bc66-4648d1a39909,54.66817,-118.45981,13.03423,4.53385,1.82488,-15.89909,-1.44839,6.53221,-8.44116,,,,,,,,,,,,,,,,,,,,,,,,,,,,,,,,,,,,,,,,,,,,,,,,,,,High,High,High,,,,,
17,2025-10-24,15:07:56.66,2,3,"Burke, Clayton",1000266653,Right,MIA_RED,"Roa Calcano, Christopher",1000375139,Left,MIA_RED,Undefined,1,Bottom,1,0,2,Fastball,Sinker,BallCalled,Undefined,Undefined,Undefined,0,0,,93.62873,0.480302,-1.741996,2346.460869,224.884204,1:30,4.98046,1.10077,5.72221,-14.99024,17.54895,16.31304,4.17886,0.83715,84.1065,-2.409373,1.175142,0.410558,,,,,,,,,,,,-8.75386,9.06126,-0.96504,50,5.01147,3.35517,-135.71627,0.70046,-16.08201,33.85917,-15.52734,MIA_RED,MIA_RED,McKieFieldStad,TeamExclusive,Team,20251024-McKieFieldStad-Private-1,c044e5b0-b10c-11f0-a5c0-077d6a5da061,91.8078,,,9.52224,,,,,,,ae17ce3c-cf23-406e-8349-44deea114d82,2025-10-24,19:07:56.66,2025-10-24T15:07:56.6620000-04:00,2025-10-24T19:07:56.6620000Z,,v3,471355,471355,,,,Undefined,MIA_RED,76d8f460-6357-4076-9261-b01d44bd9f3e,54.7718,-136.90159,16.92958,4.97743,1.24403,-7.76367,-1.09235,3.91816,-8.041,,,,,,,,,,,,,,,,,,,,,,,,,,,,,,,,,,,,,,,,,,,,,,,,,,,High,High,High,,,,,
18,2025-10-24,15:08:12.86,2,4,"Burke, Clayton",1000266653,Right,MIA_RED,"Roa Calcano, Christopher",1000375139,Left,MIA_RED,Undefined,1,Bottom,1,1,2,ChangeUp,Changeup,FoulBallNotFieldable,Undefined,Undefined,Undefined,0,0,,80.41067,0.69935,-2.55218,1835.54069,278.62141,3:15,4.5345,1.38595,5.83197,-45.60136,-1.74307,21.6745,1.38512,0.81831,72.91426,-7.710014,1.33669,0.476647,70.65602,-41.067335,72.598856,,,,,3.19115,3.19115,16.159522,0.022499,-11.93493,-0.70528,-1.19077,50,4.56468,4.36914,-116.64668,-0.06112,-16.20623,24.90026,-33.13176,MIA_RED,MIA_RED,McKieFieldStad,TeamExclusive,Team,20251024-McKieFieldStad-Private-1,ca700bf0-b10c-11f0-a5c0-077d6a5da061,79.07824,1.53507,,7.49641,,,,2.53821,1.53507,-0.79295,ae17ce3c-cf23-406e-8349-44deea114d82,2025-10-24,19:08:12.86,2025-10-24T15:08:12.8640000-04:00,2025-10-24T19:08:12.8640000Z,GroundBall,v3,471355,471355,,,,Undefined,MIA_RED,d36b7596-6074-4f1e-a92d-79de323cf313,54.66772,-117.63887,12.45013,4.54081,1.25907,-16.56588,-1.37773,5.0149,-8.10311,,2.53802,23.41714,,,,,,,,1.53562,-68.22906,,,,,,,,-0.79355,74.71895,,,,,,,,,,,,,,,,,,,,,,,,,,,,,,High,High,High,Estimated,Estimated,,,
19,2025-10-24,15:08:45.93,2,5,"Burke, Clayton",1000266653,Right,MIA_RED,"Roa Calcano, Christopher",1000375139,Left,MIA_RED,Undefined,1,Bottom,1,1,2,Slider,Curveball,FoulBallNotFieldable,Undefined,Undefined,Undefined,0,0,,76.54887,1.665471,0.046699,2578.303601,68.875732,8:15,5.17381,1.43133,5.55275,-52.86428,-4.48933,-15.55717,2.32509,0.17854,70.22827,-7.988866,-2.731171,0.500589,93.1339,18.284226,41.715865,2897.11831,77.49736,24.35072,78.06484,241.53929,167.93452,50.574304,2.326087,7.94166,-2.37776,-1.42456,50,5.28244,0.4864,-111.18081,1.5144,9.90169,20.66151,-35.13863,MIA_RED,MIA_RED,McKieFieldStad,TeamExclusive,Team,20251024-McKieFieldStad-Private-1,ddd8eb30-b10c-11f0-a5c0-077d6a5da061,75.29614,24.79319,,6.3206,,,,2.56863,2.59401,-0.09268,ae17ce3c-cf23-406e-8349-44deea114d82,2025-10-24,19:08:45.93,2025-10-24T15:08:45.9370000-04:00,2025-10-24T19:08:45.9370000Z,LineDrive,v3,471355,471355,,,,Undefined,MIA_RED,f8102f59-a6bd-47bb-96a9-4a34d52fa480,54.94828,-112.09661,10.33075,5.1808,3.07189,-17.56931,-1.43639,0.04752,4.95085,,2.56873,96.80892,-20.57116,4.45053,-0.8907,0.17399,-0.05668,0.01532,-0.00176,2.59401,42.85476,-22.80549,2.42971,-0.48352,0.10299,-0.02154,0.00371,-0.00032,-0.09278,86.31276,-1.16127,-1.17879,0.35471,-0.07591,0.02414,-0.00784,0.00101,,,,,,,,,,,,,,,,,,,,,,,High,High,High,High,Medium,,,
20,2025-10-24,15:09:10.55,2,6,"Burke, Clayton",1000266653,Right,MIA_RED,"Roa Calcano, Christopher",1000375139,Left,MIA_RED,Undefined,1,Bottom,1,1,2,ChangeUp,Changeup,InPlay,Undefined,GroundBall,Error,0,0,,80.93165,0.924535,-2.387004,1885.500927,278.581327,3:15,4.48659,1.43326,5.87712,-44.75392,-1.79343,21.36182,1.61656,0.99526,73.76278,-7.325266,1.448536,0.471744,82.64336,-5.599796,-31.558715,,,,,15.71548,13.48065,-33.693097,0.122328,-11.64674,-0.77268,-1.25275,50,4.53553,4.07254,-117.4837,0.43027,-16.14679,23.93158,-33.24525,MIA_RED,MIA_RED,McKieFieldStad,TeamExclusive,Team,20251024-McKieFieldStad-Private-1,ec772300-b10c-11f0-a5c0-077d6a5da061,79.90023,1.44851,,7.16887,,,,0.487,1.44851,-0.98601,ae17ce3c-cf23-406e-8349-44deea114d82,2025-10-24,19:09:10.55,2025-10-24T15:09:10.5580000-04:00,2025-10-24T19:09:10.5580000Z,GroundBall,v3,471355,471355,,,,Undefined,MIA_RED,6e948e48-56d0-4e14-9f75-0d5111ab14c5,54.62282,-118.42163,11.96579,4.49314,1.73323,-16.62263,-1.42476,4.70537,-8.0734,180,0.48469,102.90825,,,,,,,,1.44877,-11.84113,,,,,,,,-0.98459,-63.20741,,,,,,,,,,,,,,,,,,,,,,,,,,,,,,High,High,High,High,High,,,
21,2025-10-24,15:09:58.85,3,1,"Burke, Clayton",1000266653,Right,MIA_RED,"Kirtley, Ryder",827333,Right,MIA_RED,Undefined,1,Bottom,1,0,0,Sinker,Sinker,BallCalled,Undefined,Undefined,Undefined,0,0,,90.4754,-1.45022,-4.381943,2286.689056,234.03991,1:45,5.20725,1.00056,5.8652,-20.01485,14.61465,18.46009,2.18795,-1.53958,81.82062,-5.23838,-1.081915,0.42354,,,,,,,,,,,,-10.73768,8.26178,-0.65563,50,5.07791,9.22556,-130.93682,-3.95253,-18.46706,30.05819,-17.96513,MIA_RED,MIA_RED,McKieFieldStad,TeamExclusive,Team,20251024-McKieFieldStad-Private-1,096c7780-b10d-11f0-a5c0-077d6a5da061,88.99379,,,8.65478,,,,,,,ae17ce3c-cf23-406e-8349-44deea114d82,2025-10-24,19:09:58.85,2025-10-24T15:09:58.8510000-04:00,2025-10-24T19:09:58.8510000Z,,v3,471355,471355,,,,Undefined,MIA_RED,32dbfb24-caa0-433f-84d8-8d5dd4be201e,54.63159,-131.99578,15.02909,5.20601,-3.31961,-8.98257,-0.99211,9.87616,-9.23353,,,,,,,,,,,,,,,,,,,,,,,,,,,,,80.51951,2.060956,0.838349,1.222607,-0.07222,2.0498,1.5665,0.00645,4.82371,4.05425,127.27877,0.93699,5.51869,0.13608,116.19602,-10.08943,4.82206,9.71668,-10.5486,4.02749,-0.73413,1.61991,High,High,High,,,High,High,High
22,2025-10-24,15:10:27.76,3,2,"Burke, Clayton",1000266653,Right,MIA_RED,"Kirtley, Ryder",827333,Right,MIA_RED,Undefined,1,Bottom,1,1,0,Slider,Slider,StrikeCalled,Undefined,Undefined,Undefined,0,0,,80.66366,1.087243,-1.478154,2398.503972,83.228834,8:45,4.69428,1.63261,5.69618,-43.10172,1.15965,-4.45847,2.11611,-0.1167,72.33876,-6.890445,-2.275515,0.478833,,,,,,,,,,,,1.73244,0.73535,-1.50574,50,4.75928,3.19526,-116.82574,0.7841,2.33618,26.9856,-31.18243,MIA_RED,MIA_RED,McKieFieldStad,TeamExclusive,Team,20251024-McKieFieldStad-Private-1,1a810680-b10d-11f0-a5c0-077d6a5da061,78.71734,,,8.3249,,,,,,,ae17ce3c-cf23-406e-8349-44deea114d82,2025-10-24,19:10:27.76,2025-10-24T15:10:27.7610000-04:00,2025-10-24T19:10:27.7610000Z,,v3,471355,471355,,,,Undefined,MIA_RED,6ad2f5c9-3f1a-4896-86f8-174e44639028,54.79778,-117.92877,13.4928,4.70118,2.05868,-15.59121,-1.63439,3.09977,1.16809,,,,,,,,,,,,,,,,,,,,,,,,,,,,,75.05311,1.61904,0.743014,0.876025,-0.26578,1.90847,0.18393,0.23383,5.22635,0.4364,61.98257,0.8406,-62.79346,0.24058,73.67744,-3.66486,5.24414,7.2763,-14.08351,0.39737,-80.6985,9.85899,High,High,High,,,High,High,High
23,2025-10-24,15:10:58.38,3,3,"Burke, Clayton",1000266653,Right,MIA_RED,"Kirtley, Ryder",827333,Right,MIA_RED,Undefined,1,Bottom,1,1,1,Cutter,Slider,StrikeSwinging,Undefined,Undefined,Undefined,0,0,,83.95247,0.700348,-1.646043,2407.902693,130.191121,10:15,4.73289,1.35788,5.7433,-36.50289,3.70067,-2.77173,2.34335,-0.40608,76.24848,-6.050764,-2.142007,0.456356,,,,,,,,,,,,0.90354,2.08851,-1.21933,50,4.76903,3.61376,-121.78796,0.25177,1.34433,26.0161,-29.06675,MIA_RED,MIA_RED,McKieFieldStad,TeamExclusive,Team,20251024-McKieFieldStad-Private-1,2cb97c10-b10d-11f0-a5c0-077d6a5da061,82.59441,,,7.70399,,,,,,,ae17ce3c-cf23-406e-8349-44deea114d82,2025-10-24,19:10:58.38,2025-10-24T15:10:58.3890000-04:00,2025-10-24T19:10:58.3890000Z,,v3,471355,471355,,,,Undefined,MIA_RED,80002386-8984-47f3-9250-dc9db977e7d9,54.75277,-122.79904,13.00805,4.73729,1.38141,-14.53337,-1.35876,3.56152,0.67217,,,,,,,,,,,,,,,,,,,,,,,,,,,,,,,,,,,,,,,,,,,,,,,,,,,High,High,High,,,,,
24,2025-10-24,15:11:15.74,3,4,"Burke, Clayton",1000266653,Right,MIA_RED,"Kirtley, Ryder",827333,Right,MIA_RED,Undefined,1,Bottom,1,1,2,Slider,Slider,StrikeCalled,Strikeout,Undefined,Undefined,0,0,,81.23449,1.627447,-1.652434,2670.481358,48.969975,7:45,4.71158,1.43204,5.56269,-46.83703,-3.58666,-5.78658,2.32991,-0.59433,73.88722,-6.953276,-2.684441,0.473333,,,,,,,,,,,,2.41488,-1.8691,-1.28555,50,4.82135,3.63301,-117.81333,1.72145,3.3614,24.39654,-34.77575,MIA_RED,MIA_RED,McKieFieldStad,TeamExclusive,Team,20251024-McKieFieldStad-Private-1,371a3140-b10d-11f0-a5c0-077d6a5da061,79.63204,,,7.34727,,,,,,,ae17ce3c-cf23-406e-8349-44deea114d82,2025-10-24,19:11:15.74,2025-10-24T15:11:15.7470000-04:00,2025-10-24T19:11:15.7470000Z,,v3,471355,471355,,,,Undefined,MIA_RED,5f1fc7fe-03fd-4e6a-97a6-99efc7d79a30,54.93515,-118.83089,12.19827,4.7193,3.17193,-17.38788,-1.43416,3.49281,1.6807,,,,,,,,,,,,,,,,,,,,,,,,,,,,,,,,,,,,,,,,,,,,,,,,,,,High,High,High,,,,,
25,2025-10-24,15:11:43.60,4,1,"Burke, Clayton",1000266653,Right,MIA_RED,"Christiansen, Hayden",830132,Right,MIA_RED,Undefined,1,Bottom,2,0,0,Slider,Slider,StrikeSwinging,Undefined,Undefined,Undefined,0,0,,82.77426,-0.045628,-2.389124,2470.192847,105.065241,9:30,4.81216,1.2114,5.81576,-38.03266,2.98827,-6.27217,1.60031,-1.53396,75.83997,-7.049604,-3.512321,0.460972,,,,,,,,,,,,2.52173,1.92398,-1.01196,50,4.78585,5.25902,-120.14471,-1.35393,3.67309,24.03529,-29.37163,MIA_RED,MIA_RED,McKieFieldStad,TeamExclusive,Team,20251024-McKieFieldStad-Private-1,47bf5ca0-b10d-11f0-a5c0-077d6a5da061,81.76738,,,6.93429,,,,,,,ae17ce3c-cf23-406e-8349-44deea114d82,2025-10-24,19:11:43.60,2025-10-24T15:11:43.6010000-04:00,2025-10-24T19:11:43.6010000Z,,v3,471355,471355,,,,Undefined,MIA_RED,48960917-b837-4de4-a352-2cde88043d7e,54.68225,-121.07779,12.01764,4.81628,-0.21369,-14.68581,-1.21335,5.11643,1.83655,,,,,,,,,,,,,,,,,,,,,,,,,,,,,,,,,,,,,,,,,,,,,,,,,,,High,High,High,,,,,
26,2025-10-24,15:12:04.20,4,2,"Burke, Clayton",1000266653,Right,MIA_RED,"Christiansen, Hayden",830132,Right,MIA_RED,Undefined,1,Bottom,2,0,1,Slider,Slider,BallCalled,Undefined,Undefined,Undefined,0,0,,80.57182,1.451565,-2.911311,2491.652258,59.847664,8:00,4.77744,1.16228,5.75075,-44.43857,-0.80937,-3.86047,2.42757,-1.87198,73.43349,-6.720669,-3.600933,0.475401,,,,,,,,,,,,1.09122,-0.41244,-0.91809,50,4.87111,6.09123,-116.80892,1.49179,1.49647,23.52777,-32.73969,MIA_RED,MIA_RED,McKieFieldStad,TeamExclusive,Team,20251024-McKieFieldStad-Private-1,53ffce50-b10d-11f0-a5c0-077d6a5da061,79.28557,,,7.13833,,,,,,,ae17ce3c-cf23-406e-8349-44deea114d82,2025-10-24,19:12:04.20,2025-10-24T15:12:04.2060000-04:00,2025-10-24T19:12:04.2060000Z,,v3,471355,471355,,,,Undefined,MIA_RED,51eac9c3-0536-4973-a1ab-e093d24ac1fa,54.74689,-117.76117,11.76388,4.78391,2.81687,-16.36984,-1.16339,6.03067,0.74823,,,,,,,,,,,,,,,,,,,,,,,,,,,,,,,,,,,,,,,,,,,,,,,,,,,High,High,High,,,,,
27,2025-10-24,15:12:24.97,4,3,"Burke, Clayton",1000266653,Right,MIA_RED,"Christiansen, Hayden",830132,Right,MIA_RED,Undefined,1,Bottom,2,1,1,Slider,Slider,FoulBallNotFieldable,Undefined,Undefined,Undefined,0,0,,82.46043,0.694454,-1.424882,2567.57012,93.784816,9:15,4.7172,1.30111,5.64032,-40.13002,1.55886,-2.91851,2.0211,-0.27158,75.21266,-6.686697,-1.946403,0.464709,58.79925,47.897034,-46.837572,3970.573805,71.12947,55.11674,-83.90827,175.21421,125.06004,-50.45737,3.836022,1.06858,0.93807,-1.17814,50,4.75042,3.09275,-119.69252,0.09156,1.53973,24.55923,-30.82239,MIA_RED,MIA_RED,McKieFieldStad,TeamExclusive,Team,20251024-McKieFieldStad-Private-1,605304b0-b10d-11f0-a5c0-077d6a5da061,81.10969,57.95659,,7.24778,,,,2.63663,2.11814,0.28789,ae17ce3c-cf23-406e-8349-44deea114d82,2025-10-24,19:12:24.97,2025-10-24T15:12:24.9780000-04:00,2025-10-24T19:12:24.9780000Z,Popup,v3,471355,471355,,,,Undefined,MIA_RED,140e5676-bd56-452d-88f3-03d01a091107,54.85828,-120.68526,12.27962,4.72154,1.33746,-15.4112,-1.30189,3.03051,0.76986,148.264868,2.64126,39.40278,-6.66363,0.27247,1.9294,-1.43527,0.48949,-0.08114,0.00527,2.11491,64.06753,-20.86716,2.28029,-0.81494,0.20781,-0.00618,-0.00734,0.00093,0.28808,-42.17455,3.1711,-0.41024,-0.17264,0.18034,-0.07159,0.01345,-0.00098,,,,,,,,,,,,,,,,,,,,,,,High,High,High,High,Medium,,,
28,2025-10-24,15:13:12.83,4,4,"Burke, Clayton",1000266653,Right,MIA_RED,"Christiansen, Hayden",830132,Right,MIA_RED,Undefined,1,Bottom,2,1,2,Slider,Slider,BallCalled,Undefined,Undefined,Undefined,0,0,,82.49298,0.414497,-3.236552,2586.170349,122.879733,10:00,4.7588,1.15373,5.86375,-36.36344,5.26437,-5.94118,2.11419,-2.35119,74.89014,-6.323295,-4.299209,0.464369,,,,,,,,,,,,2.01913,2.99658,-0.88781,50,4.77154,6.99523,-119.53248,-0.30935,2.88714,25.55736,-27.88933,MIA_RED,MIA_RED,McKieFieldStad,TeamExclusive,Team,20251024-McKieFieldStad-Private-1,7cddd790-b10d-11f0-a5c0-077d6a5da061,81.16912,,,7.60284,,,,,,,ae17ce3c-cf23-406e-8349-44deea114d82,2025-10-24,19:13:12.83,2025-10-24T15:13:12.8320000-04:00,2025-10-24T19:13:12.8320000Z,,v3,471355,471355,,,,Undefined,MIA_RED,c98e8ddd-1349-428f-abb5-1e1ddb74b82e,54.63208,-120.5188,12.77868,4.76271,0.76697,-13.94467,-1.15562,6.88381,1.44357,,,,,,,,,,,,,,,,,,,,,,,,,,,,,,,,,,,,,,,,,,,,,,,,,,,High,High,High,,,,,
29,2025-10-24,15:13:36.11,4,5,"Burke, Clayton",1000266653,Right,MIA_RED,"Christiansen, Hayden",830132,Right,MIA_RED,Undefined,1,Bottom,2,2,2,Fastball,Sinker,FoulBallNotFieldable,Undefined,Undefined,Undefined,0,0,,94.24141,-0.983658,-3.751643,2435.629447,226.7225,1:30,5.11363,1.00084,5.78583,-13.45568,18.51103,18.46529,3.07515,-0.95559,85.06312,-3.586824,-0.452875,0.406931,82.84408,21.080965,51.664455,4410.701883,60.55537,30.69078,91.83152,239.55673,139.88861,61.722433,3.017581,-10.52359,10.04363,-0.70247,50,5.02449,8.09895,-136.49541,-2.72888,-19.66011,32.77754,-13.41056,MIA_RED,MIA_RED,McKieFieldStad,TeamExclusive,Team,20251024-McKieFieldStad-Private-1,8ab9a9c0-b10d-11f0-a5c0-077d6a5da061,92.62618,31.73937,,9.17829,,,,-0.1465,2.78178,1.09042,ae17ce3c-cf23-406e-8349-44deea114d82,2025-10-24,19:13:36.11,2025-10-24T15:13:36.1150000-04:00,2025-10-24T19:13:36.1150000Z,LineDrive,v3,471355,471355,,,,Undefined,MIA_RED,451bc9da-c242-476d-8c59-bbd101f9411c,54.71096,-137.62204,16.38877,5.11036,-2.26793,-6.70528,-0.99246,8.7747,-9.83006,,-0.14662,70.32779,-18.5693,4.89918,-1.48362,0.50927,-0.17042,0.03582,-0.00312,2.78196,43.69492,-18.31124,1.43621,0.09584,-0.23759,0.12005,-0.02769,0.00241,1.09026,88.93642,-7.51038,0.31306,-0.07365,0.16665,-0.09999,0.02527,-0.00238,,,,,,,,,,,,,,,,,,,,,,,High,High,High,High,Medium,,,
30,2025-10-24,15:14:30.98,4,6,"Burke, Clayton",1000266653,Right,MIA_RED,"Christiansen, Hayden",830132,Right,MIA_RED,Undefined,1,Bottom,2,2,2,Fastball,Four-Seam,BallCalled,Undefined,Undefined,Undefined,0,0,,94.23418,-1.919919,-3.915277,2640.943608,227.186386,1:30,5.03536,1.00608,5.65702,-14.38985,17.6471,17.86493,2.0409,-1.16211,85.46327,-4.672166,-0.73203,0.407377,,,,,,,,,,,,-10.15445,9.81422,-0.68557,50,4.8635,8.49911,-136.42523,-5.02146,-19.03945,31.44981,-13.77256,MIA_RED,MIA_RED,McKieFieldStad,TeamExclusive,Team,20251024-McKieFieldStad-Private-1,ab6cf0a0-b10d-11f0-a5c0-077d6a5da061,92.5246,,,8.77091,,,,,,,ae17ce3c-cf23-406e-8349-44deea114d82,2025-10-24,19:14:30.98,2025-10-24T15:14:30.9880000-04:00,2025-10-24T19:14:30.9880000Z,,v3,471355,471355,,,,Undefined,MIA_RED,e62e9951-bf3f-4660-bb32-7de77040765e,54.83982,-137.53642,15.72491,5.03232,-4.53485,-6.88628,-0.99775,9.17181,-9.51973,,,,,,,,,,,,,,,,,,,,,,,,,,,,,,,,,,,,,,,,,,,,,,,,,,,High,High,High,,,,,
31,2025-10-24,15:14:53.72,4,7,"Burke, Clayton",1000266653,Right,MIA_RED,"Christiansen, Hayden",830132,Right,MIA_RED,Undefined,1,Bottom,2,3,2,Slider,Slider,BallCalled,Walk,Undefined,Undefined,0,0,,83.32904,0.231524,-2.879186,2495.91603,144.934159,10:45,4.74606,1.31125,5.71851,-34.62392,5.64772,-3.14736,2.07667,-1.63523,76.90784,-6.134445,-3.441129,0.456742,,,,,,,,,,,,0.86102,3.17882,-1.06851,50,4.74397,6.21055,-120.98796,-0.67021,1.28542,22.01778,-27.42838,MIA_RED,MIA_RED,McKieFieldStad,TeamExclusive,Team,20251024-McKieFieldStad-Private-1,b9004820-b10d-11f0-a5c0-077d6a5da061,82.52452,,,6.4212,,,,,,,ae17ce3c-cf23-406e-8349-44deea114d82,2025-10-24,19:14:53.72,2025-10-24T15:14:53.7260000-04:00,2025-10-24T19:14:53.7260000Z,,v3,471355,471355,,,,Undefined,MIA_RED,0108e694-93b9-445a-adcc-2695a6fa6b16,54.77982,-121.8547,11.00889,4.7491,0.40952,-13.71419,-1.312,6.15995,0.64271,,,,,,,,,,,,,,,,,,,,,,,,,,,,,,,,,,,,,,,,,,,,,,,,,,,High,High,High,,,,,
32,2025-10-24,15:15:40.66,5,1,"Burke, Clayton",1000266653,Right,MIA_RED,"Buffington, Matthew",825106,Right,MIA_RED,Undefined,1,Bottom,2,0,0,Slider,Slider,StrikeSwinging,Undefined,Undefined,Undefined,0,0,,80.49344,-0.372955,-2.724804,2456.765105,133.415798,10:30,4.80729,1.26418,5.60707,-38.5314,5.09729,-3.95449,1.24782,-1.61071,73.99042,-7.437983,-3.429975,0.475398,,,,,,,,,,,,1.24866,3.09642,-1.02843,50,4.75047,5.71303,-116.78589,-2.03266,1.72434,22.01217,-27.898,MIA_RED,MIA_RED,McKieFieldStad,TeamExclusive,Team,20251024-McKieFieldStad-Private-1,d50a5240-b10d-11f0-a5c0-077d6a5da061,79.28605,,,6.50302,,,,,,,ae17ce3c-cf23-406e-8349-44deea114d82,2025-10-24,19:15:40.66,2025-10-24T15:15:40.6620000-04:00,2025-10-24T19:15:40.6620000Z,,v3,471355,471355,,,,Undefined,MIA_RED,a3c67409-da94-4b89-ad40-5abc9e7d39e9,54.89069,-117.70409,11.00609,4.81099,-0.86894,-13.949,-1.26523,5.6411,0.86217,,,,,,,,,,,,,,,,,,,,,,,,,,,,,,,,,,,,,,,,,,,,,,,,,,,High,High,High,,,,,
33,2025-10-24,15:16:01.52,5,2,"Burke, Clayton",1000266653,Right,MIA_RED,"Buffington, Matthew",825106,Right,MIA_RED,Undefined,1,Bottom,2,0,1,Slider,Slider,BallCalled,Undefined,Undefined,Undefined,0,0,,82.01554,-1.285068,-4.152905,2514.093069,131.77828,10:30,4.83782,1.1899,5.71166,-38.00939,3.81445,-2.87933,0.46984,-2.92573,75.83281,-8.224857,-4.66617,0.465461,,,,,,,,,,,,0.36587,2.64256,-0.83997,50,4.70625,8.74262,-118.87639,-3.93278,0.52561,21.94767,-28.37773,MIA_RED,MIA_RED,McKieFieldStad,TeamExclusive,Team,20251024-McKieFieldStad-Private-1,e168d340-b10d-11f0-a5c0-077d6a5da061,80.97872,,,6.18273,,,,,,,ae17ce3c-cf23-406e-8349-44deea114d82,2025-10-24,19:16:01.52,2025-10-24T15:16:01.5280000-04:00,2025-10-24T19:16:01.5280000Z,,v3,471355,471355,,,,Undefined,MIA_RED,fb9a6ac1-c73d-4763-b15a-d82bd9aecc90,54.78752,-119.75703,10.97384,4.84121,-2.79414,-14.18887,-1.19033,8.72153,0.2628,,,,,,,,,,,,,,,,,,,,,,,,,,,,,,,,,,,,,,,,,,,,,,,,,,,High,High,High,,,,,
34,2025-10-24,15:16:44.61,5,3,"Burke, Clayton",1000266653,Right,MIA_RED,"Buffington, Matthew",825106,Right,MIA_RED,Undefined,1,Bottom,2,1,1,Cutter,Slider,BallCalled,Undefined,Undefined,Undefined,0,0,,83.57929,-0.326495,-3.346908,2619.561223,162.205341,11:30,4.85062,1.41018,5.61577,-33.4977,6.28331,-1.69024,1.75391,-1.85784,78.01413,-6.444809,-3.647927,0.453951,,,,,,,,,,,,0.11043,3.58319,-1.12309,50,4.80085,7.16825,-121.42494,-1.83564,0.16804,19.52711,-26.72243,MIA_RED,MIA_RED,McKieFieldStad,TeamExclusive,Team,20251024-McKieFieldStad-Private-1,fb1cb860-b10d-11f0-a5c0-077d6a5da061,83.03188,,,5.56516,,,,,,,ae17ce3c-cf23-406e-8349-44deea114d82,2025-10-24,19:16:44.61,2025-10-24T15:16:44.6190000-04:00,2025-10-24T19:16:44.6190000Z,,v3,471355,471355,,,,Undefined,MIA_RED,89026add-7fa6-4c37-996f-8fa156e6fe48,54.88409,-122.20785,9.76355,4.85297,-0.76424,-13.36121,-1.41036,7.16152,0.08402,,,,,,,,,,,,,,,,,,,,,,,,,,,,,79.4212,2.011112,0.755814,1.255298,-0.36325,1.54897,1.97148,-0.99204,5.62321,2.67674,127.27775,0.49295,0.30722,-0.86105,114.4468,-9.96603,5.61118,8.39541,-9.92983,2.60486,-6.99143,4.17174,High,High,High,,,High,High,High
35,2025-10-24,15:17:17.67,5,4,"Burke, Clayton",1000266653,Right,MIA_RED,"Buffington, Matthew",825106,Right,MIA_RED,Undefined,1,Bottom,2,2,1,Fastball,Four-Seam,FoulBallNotFieldable,Undefined,Undefined,Undefined,0,0,,92.71071,-1.435783,-3.146151,2578.039221,226.373335,1:30,5.02584,1.19876,5.95977,-14.82371,17.97584,17.64603,2.45687,-0.25104,83.75687,-4.294635,0.019902,0.412197,,,,,,,,,,,,-10.02945,10.0026,-0.95877,50,4.90355,6.61223,-134.37993,-3.79145,-18.14225,32.04319,-14.08034,MIA_RED,MIA_RED,McKieFieldStad,TeamExclusive,Team,20251024-McKieFieldStad-Private-1,0ec0a4d0-b10e-11f0-a5c0-077d6a5da061,91.4427,,,8.95384,,,,,,,ae17ce3c-cf23-406e-8349-44deea114d82,2025-10-24,19:17:17.67,2025-10-24T15:17:17.6790000-04:00,2025-10-24T19:17:17.6790000Z,,v3,471355,471355,,,,Undefined,MIA_RED,6fcd9a7b-6606-4696-9275-d1ecebc01f74,54.53749,-135.45759,16.0216,5.0231,-3.31791,-7.04017,-1.19141,7.22238,-9.07112,,,,,,,,,,,,,,,,,,,,,,,,,,,,,,,,,,,,,,,,,,,,,,,,,,,High,High,High,,,,,
36,2025-10-24,15:17:42.08,5,5,"Burke, Clayton",1000266653,Right,MIA_RED,"Buffington, Matthew",825106,Right,MIA_RED,Undefined,1,Bottom,2,2,2,Fastball,Four-Seam,StrikeCalled,Strikeout,Undefined,Undefined,0,0,,91.67685,-1.480409,-3.537744,2391.010102,222.251967,1:30,5.10977,0.93917,5.6942,-14.79922,19.20899,16.32839,2.49394,-1.0012,82.56662,-4.333802,-0.624902,0.419724,,,,,,,,,,,,-9.35371,10.55008,-0.65188,50,4.97619,7.4572,-132.70061,-3.85543,-16.46657,31.77165,-13.60135,MIA_RED,MIA_RED,McKieFieldStad,TeamExclusive,Team,20251024-McKieFieldStad-Private-1,1d5eb590-b10e-11f0-a5c0-077d6a5da061,89.803,,,9.11022,,,,,,,ae17ce3c-cf23-406e-8349-44deea114d82,2025-10-24,19:17:42.08,2025-10-24T15:17:42.0800000-04:00,2025-10-24T19:17:42.0800000Z,,v3,471355,471355,,,,Undefined,MIA_RED,846e90b9-6501-4c93-b5e8-4f27c93c72a5,54.80119,-133.84519,15.88582,5.10626,-3.36543,-6.80067,-0.93122,8.05041,-8.23328,,,,,,,,,,,,,,,,,,,,,,,,,,,,,,,,,,,,,,,,,,,,,,,,,,,High,High,High,,,,,
37,2025-10-24,15:20:51.06,1,1,"Geiser, Jack",1000362743,Right,MIA_RED,"Breidenbach, Mason",1000074554,Right,MIA_RED,Undefined,2,Top,0,0,0,Fastball,Four-Seam,StrikeSwinging,Undefined,Undefined,Undefined,0,0,,92.37249,-2.549454,-2.742599,2139.370242,224.075971,1:30,5.99516,1.11478,5.3057,-18.54509,15.20418,13.60831,2.05225,-0.32763,83.98642,-6.016909,-0.328801,0.418122,,,,,,,,,,,,-7.58725,8.69075,-0.87584,50,5.7503,5.75896,-133.73793,-6.61033,-13.67429,30.15952,-16.51098,MIA_RED,MIA_RED,McKieFieldStad,TeamExclusive,Team,20251024-McKieFieldStad-Private-1,8df55750-b10e-11f0-a5c0-077d6a5da061,90.14691,,,8.38606,,,,,,,ae17ce3c-cf23-406e-8349-44deea114d82,2025-10-24,19:20:51.06,2025-10-24T15:20:51.0660000-04:00,2025-10-24T19:20:51.0660000Z,,v3,471355,471355,,,,Undefined,MIA_RED,7ba1e807-1777-4c60-8bd4-cae60219345f,55.19052,-134.90337,15.07976,5.99341,-5.97231,-8.25549,-1.10859,6.28737,-6.83714,,,,,,,,,,,,,,,,,,,,,,,,,,,,,,,,,,,,,,,,,,,,,,,,,,,High,High,High,,,,,
38,2025-10-24,15:21:09.93,1,2,"Geiser, Jack",1000362743,Right,MIA_RED,"Breidenbach, Mason",1000074554,Right,MIA_RED,Undefined,2,Top,0,0,1,ChangeUp,Splitter,StrikeSwinging,Undefined,Undefined,Undefined,0,0,,81.62368,-1.110668,-1.763766,1135.020093,191.433811,12:30,5.69457,1.36039,5.18221,-24.42332,19.53048,3.60977,2.61369,0.00124,73.23777,-5.703569,-1.124721,0.477166,,,,,,,,,,,,-2.36858,10.55457,-1.19926,50,5.57364,3.47795,-118.06791,-3.04666,-3.27948,26.49006,-17.56049,MIA_RED,MIA_RED,McKieFieldStad,TeamExclusive,Team,20251024-McKieFieldStad-Private-1,9920fda0-b10e-11f0-a5c0-077d6a5da061,78.99229,,,8.38591,,,,,,,ae17ce3c-cf23-406e-8349-44deea114d82,2025-10-24,19:21:09.93,2025-10-24T15:21:09.9390000-04:00,2025-10-24T19:21:09.9390000Z,,v3,471355,471355,,,,Undefined,MIA_RED,4cc78d2a-fd96-4a8a-969d-174586208760,55.30895,-119.2531,13.24503,5.69237,-2.26099,-8.78024,-1.35815,3.62467,-1.63974,,,,,,,,,,,,,,,,,,,,,,,,,,,,,,,,,,,,,,,,,,,,,,,,,,,High,High,High,,,,,
39,2025-10-24,15:21:30.92,1,3,"Geiser, Jack",1000362743,Right,MIA_RED,"Breidenbach, Mason",1000074554,Right,MIA_RED,Undefined,2,Top,0,0,2,ChangeUp,Splitter,FoulBallNotFieldable,Undefined,Undefined,Undefined,0,0,,82.56194,-0.204913,-1.451831,1099.357224,195.97946,12:30,5.58408,1.39107,5.05072,-26.53872,16.34426,4.23733,3.1792,0.3746,74.46004,-5.145893,-0.703359,0.471318,74.54114,-36.076064,68.865487,,,,,5.51711,5.51711,43.452599,0.050518,-2.57642,8.61831,-1.25641,50,5.54427,2.84795,-119.57176,-1.31746,-3.67738,26.09381,-19.87301,MIA_RED,MIA_RED,McKieFieldStad,TeamExclusive,Team,20251024-McKieFieldStad-Private-1,a5bc87a0-b10e-11f0-a5c0-077d6a5da061,79.97244,3.26588,,8.1019,,,,2.38888,3.26588,-0.38665,ae17ce3c-cf23-406e-8349-44deea114d82,2025-10-24,19:21:30.92,2025-10-24T15:21:30.9270000-04:00,2025-10-24T19:21:30.9270000Z,GroundBall,v3,471355,471355,,,,Undefined,MIA_RED,54d173a5-adf8-4663-89ae-282359db90fd,55.44471,-120.7541,13.0469,5.58357,-0.41699,-9.93651,-1.38923,3.01458,-1.83869,,2.38779,31.99329,,,,,,,,3.26808,-64.64811,,,,,,,,-0.38946,82.76406,,,,,,,,,,,,,,,,,,,,,,,,,,,,,,High,High,High,Estimated,Estimated,,,
40,2025-10-24,15:21:59.81,1,4,"Geiser, Jack",1000362743,Right,MIA_RED,"Breidenbach, Mason",1000074554,Right,MIA_RED,Undefined,2,Top,0,0,2,Slider,Curveball,InPlay,Undefined,GroundBall,Out,1,0,,77.96464,1.044785,-0.484218,2454.247494,60.158478,8:00,5.86926,1.04414,4.9894,-54.05448,-6.62906,-14.04418,2.35137,-0.58342,71.9359,-8.689345,-2.967345,0.495652,81.7661,-9.401812,22.064324,,,,,17.19874,16.57845,22.052595,0.133794,6.88276,-3.23083,-0.98534,50,5.92521,1.52041,-113.22078,0.12082,8.94137,20.51572,-36.37117,MIA_RED,MIA_RED,McKieFieldStad,TeamExclusive,Team,20251024-McKieFieldStad-Private-1,b6f7d880-b10e-11f0-a5c0-077d6a5da061,76.04616,2.62749,,6.02874,,,,1.23436,2.62749,0.49653,ae17ce3c-cf23-406e-8349-44deea114d82,2025-10-24,19:21:59.81,2025-10-24T15:21:59.8130000-04:00,2025-10-24T19:21:59.8130000Z,GroundBall,v3,471355,471355,,,,Undefined,MIA_RED,533ef2e1-8cfc-4d81-9f4a-4426efa1688c,55.51228,-114.21525,10.25786,5.87662,1.88385,-18.18559,-1.04854,1.08699,4.47069,180,1.22858,109.91605,,,,,,,,2.62852,-19.63831,,,,,,,,0.49419,44.55257,,,,,,,,,,,,,,,,,,,,,,,,,,,,,,High,High,High,Low,High,,,
41,2025-10-24,15:22:35.06,2,1,"Geiser, Jack",1000362743,Right,MIA_RED,"Novak, Ryan",10035937,Left,MIA_RED,Undefined,2,Top,1,0,0,Fastball,Four-Seam,InPlay,Undefined,LineDrive,Single,0,0,,92.9301,-1.473288,-1.51591,2189.062006,221.78995,1:30,5.89685,1.203,5.63451,-21.81993,10.48064,8.55536,2.70323,0.50134,85.94612,-5.509577,0.012691,0.40905,102.34338,12.875402,-1.263448,1748.37405,109.99235,20.58301,-1.26098,284.50593,279.99297,0.741178,2.556512,-4.74839,5.96536,-1.07982,50,5.75752,3.19821,-135.07355,-4.26261,-8.87406,26.23198,-21.0256,MIA_RED,MIA_RED,McKieFieldStad,TeamExclusive,Team,20251024-McKieFieldStad-Private-1,cbea3df0-b10e-11f0-a5c0-077d6a5da061,92.14625,22.48716,,6.98398,,,,1.49848,2.74529,-0.50055,ae17ce3c-cf23-406e-8349-44deea114d82,2025-10-24,19:22:35.06,2025-10-24T15:22:35.0670000-04:00,2025-10-24T19:22:35.0670000Z,LineDrive,v3,471355,471355,,,,Undefined,MIA_RED,1a1887c2-592b-48a6-b18a-9fb020554772,54.8654,-136.01515,13.11599,5.89698,-3.50789,-10.5128,-1.20034,3.51674,-4.43703,206.415981,1.49848,146.29358,-21.54944,4.62313,-0.983,0.20039,-0.03646,0.00481,-0.00031,2.74529,33.44779,-14.87756,0.66953,-0.0661,0.00332,0.00134,-0.00017,0,-0.50055,-3.22642,3.52408,-1.08972,0.29198,-0.06878,0.0133,-0.0018,0.00012,,,,,,,,,,,,,,,,,,,,,,,High,High,High,High,Medium,,,
42,2025-10-24,15:23:16.59,3,1,"Geiser, Jack",1000362743,Right,MIA_RED,"Cruz, Diego",1000178634,Left,MIA_RED,Undefined,2,Top,1,0,0,Fastball,Sinker,FoulBallNotFieldable,Undefined,Undefined,Undefined,0,0,,91.83844,-1.921823,-2.528715,2083.713936,228.575259,1:30,5.89243,1.27694,5.60966,-20.77911,12.71363,13.20556,2.3646,0.01558,84.06708,-5.794467,-0.172266,0.41653,,,,,,,,,,,,-7.4493,7.29874,-1.0697,50,5.7147,5.30395,-133.23683,-5.19682,-13.40044,28.43038,-19.04441,MIA_RED,MIA_RED,McKieFieldStad,TeamExclusive,Team,20251024-McKieFieldStad-Private-1,e4a8c690-b10e-11f0-a5c0-077d6a5da061,90.49147,,,7.77136,,,,,,,ae17ce3c-cf23-406e-8349-44deea114d82,2025-10-24,19:23:16.59,2025-10-24T15:23:16.5910000-04:00,2025-10-24T19:23:16.5910000Z,,v3,471355,471355,,,,Undefined,MIA_RED,01da31f9-acff-4a7a-9259-b394781e21ee,54.88955,-134.27612,14.21519,5.89195,-4.50065,-9.52221,-1.27254,5.79382,-6.70022,,,,,,,,,,,,,,,,,,,,,,,,,,,,,,,,,,,,,,,,,,,,,,,,,,,High,High,High,,,,,
43,2025-10-24,15:23:51.52,3,2,"Geiser, Jack",1000362743,Right,MIA_RED,"Cruz, Diego",1000178634,Left,MIA_RED,Undefined,2,Top,1,0,1,ChangeUp,Splitter,BallCalled,Undefined,Undefined,Undefined,0,0,,78.49771,0.274227,-0.278546,1002.238717,248.858509,2:15,5.71901,1.34368,5.15465,-41.62424,5.82512,10.50721,2.50847,1.95708,70.76958,-7.364408,1.583595,0.495777,,,,,,,,,,,,-5.27807,3.35697,-1.32594,50,5.71336,0.11222,-113.67378,-0.88536,-6.77758,24.45575,-27.86337,MIA_RED,MIA_RED,McKieFieldStad,TeamExclusive,Team,20251024-McKieFieldStad-Private-1,f9a03510-b10e-11f0-a5c0-077d6a5da061,76.02697,,,7.72813,,,,,,,ae17ce3c-cf23-406e-8349-44deea114d82,2025-10-24,19:23:51.52,2025-10-24T15:23:51.5260000-04:00,2025-10-24T19:23:51.5260000Z,,v3,471355,471355,,,,Undefined,MIA_RED,1bfdc09c-3f4a-4aa0-a2a0-31644cce9faf,55.33887,-114.81663,12.22787,5.72431,0.41675,-13.93169,-1.33858,0.42894,-3.38879,,,,,,,,,,,,,,,,,,,,,,,,,,,,,,,,,,,,,,,,,,,,,,,,,,,High,High,High,,,,,
44,2025-10-24,15:24:11.71,3,3,"Geiser, Jack",1000362743,Right,MIA_RED,"Cruz, Diego",1000178634,Left,MIA_RED,Undefined,2,Top,1,1,1,ChangeUp,Splitter,StrikeSwinging,Undefined,Undefined,Undefined,0,0,,79.89589,-2.091994,-2.121131,1008.180307,253.242795,2:30,5.80526,1.28657,5.18616,-40.46553,5.30355,11.998,0.4628,0.28997,72.44653,-9.469867,0.008447,0.48692,,,,,,,,,,,,-6.72811,3.78465,-1.09922,50,5.58034,3.7936,-115.6268,-5.62311,-8.94729,25.12035,-27.14107,MIA_RED,MIA_RED,McKieFieldStad,TeamExclusive,Team,20251024-McKieFieldStad-Private-1,05903cd0-b10f-11f0-a5c0-077d6a5da061,77.40995,,,7.44935,,,,,,,ae17ce3c-cf23-406e-8349-44deea114d82,2025-10-24,19:24:11.71,2025-10-24T15:24:11.7110000-04:00,2025-10-24T19:24:11.7110000Z,,v3,471355,471355,,,,Undefined,MIA_RED,70604a35-d255-45ed-8e4c-81df80bc7103,55.31081,-116.77489,12.56018,5.80899,-4.38267,-13.57054,-1.28195,4.20252,-4.47365,,,,,,,,,,,,,,,,,,,,,,,,,,,,,,,,,,,,,,,,,,,,,,,,,,,High,High,High,,,,,
45,2025-10-24,15:24:56.21,3,4,"Geiser, Jack",1000362743,Right,MIA_RED,"Cruz, Diego",1000178634,Left,MIA_RED,Undefined,2,Top,1,1,2,ChangeUp,Splitter,StrikeSwinging,Strikeout,Undefined,Undefined,0,0,,83.06968,-0.87386,-2.287036,1067.174293,229.643926,1:45,5.72768,1.32158,5.19365,-33.32458,8.49477,8.34934,2.12792,-0.13509,75.74985,-6.983266,-0.807826,0.465436,,,,,,,,,,,,-4.82059,4.9174,-1.11597,50,5.62171,4.44719,-120.38495,-3.02144,-7.03899,24.46076,-24.99374,MIA_RED,MIA_RED,McKieFieldStad,TeamExclusive,Team,20251024-McKieFieldStad-Private-1,201888f0-b10f-11f0-a5c0-077d6a5da061,80.98306,,,7.31983,,,,,,,ae17ce3c-cf23-406e-8349-44deea114d82,2025-10-24,19:24:56.21,2025-10-24T15:24:56.2190000-04:00,2025-10-24T19:24:56.2190000Z,,v3,471355,471355,,,,Undefined,MIA_RED,30e6a2c9-20d1-4b9e-b6a9-5fa9601fde26,55.3023,-121.45754,12.23038,5.73017,-1.92549,-12.49687,-1.31775,4.75584,-3.51949,,,,,,,,,,,,,,,,,,,,,,,,,,,,,,,,,,,,,,,,,,,,,,,,,,,High,High,High,,,,,
46,2025-10-24,15:25:21.59,4,1,"Geiser, Jack",1000362743,Right,MIA_RED,"Harrison, Tommy",811731,Left,MIA_RED,Undefined,2,Top,2,0,0,Curveball,Curveball,StrikeCalled,Undefined,Undefined,Undefined,0,0,,78.90855,0.328595,-0.237472,2537.433976,59.821687,8:00,5.92393,0.95099,4.9819,-53.43952,-7.05024,-14.57308,1.78095,-0.48769,72.77593,-9.283063,-2.81605,0.490208,,,,,,,,,,,,7.17374,-3.18264,-0.91559,50,5.91162,1.07464,-114.58023,-1.304,9.52549,21.40595,-36.40003,MIA_RED,MIA_RED,McKieFieldStad,TeamExclusive,Team,20251024-McKieFieldStad-Private-1,2f371450-b10f-11f0-a5c0-077d6a5da061,76.89072,,,6.13262,,,,,,,ae17ce3c-cf23-406e-8349-44deea114d82,2025-10-24,19:25:21.59,2025-10-24T15:25:21.5940000-04:00,2025-10-24T19:25:21.5940000Z,,v3,471355,471355,,,,Undefined,MIA_RED,fee08100-1480-4f7a-a57c-a97bda1786f9,55.51917,-115.60673,10.70298,5.9323,0.44152,-18.20002,-0.95617,0.61785,4.76275,,,,,,,,,,,,,,,,,,,,,,,,,,,,,,,,,,,,,,,,,,,,,,,,,,,High,High,High,,,,,
47,2025-10-24,15:25:46.32,4,2,"Geiser, Jack",1000362743,Right,MIA_RED,"Harrison, Tommy",811731,Left,MIA_RED,Undefined,2,Top,2,0,1,ChangeUp,Splitter,BallCalled,Undefined,Undefined,Undefined,0,0,,81.5982,-2.557415,-2.151577,1062.31359,250.672956,2:15,5.75664,1.15296,5.09351,-37.52789,6.55453,14.00768,0.21591,0.29167,73.91353,-9.395421,0.330332,0.477864,,,,,,,,,,,,-7.72481,4.54516,-0.96133,50,5.48562,3.84482,-118.02438,-6.60561,-10.6996,26.24138,-25.87858,MIA_RED,MIA_RED,McKieFieldStad,TeamExclusive,Team,20251024-McKieFieldStad-Private-1,3df4e210-b10f-11f0-a5c0-077d6a5da061,78.87694,,,7.68466,,,,,,,ae17ce3c-cf23-406e-8349-44deea114d82,2025-10-24,19:25:46.32,2025-10-24T15:25:46.3210000-04:00,2025-10-24T19:25:46.3210000Z,,v3,471355,471355,,,,Undefined,MIA_RED,364bfa48-214d-4566-b7e1-fa86540dc899,55.40336,-119.21971,13.12069,5.75967,-5.42682,-12.93929,-1.14756,4.3322,-5.3498,,,,,,,,,,,,,,,,,,,,,,,,,,,,,,,,,,,,,,,,,,,,,,,,,,,High,High,High,,,,,
48,2025-10-24,15:26:17.14,4,3,"Geiser, Jack",1000362743,Right,MIA_RED,"Harrison, Tommy",811731,Left,MIA_RED,Undefined,2,Top,2,1,1,Fastball,Sinker,InPlay,Undefined,GroundBall,Out,1,0,,92.72079,-1.805691,-1.880811,2037.400203,229.867682,1:45,5.85353,1.1347,5.49567,-18.66174,14.8193,16.13217,2.60791,0.71914,83.56682,-5.326494,0.993218,0.416458,92.85722,-15.908482,-8.457062,,,,,10.60588,10.09059,-11.732522,0.070204,-8.76599,8.40926,-0.98156,50,5.68335,3.66508,-134.32674,-4.86924,-15.77394,33.20701,-17.04203,MIA_RED,MIA_RED,McKieFieldStad,TeamExclusive,Team,20251024-McKieFieldStad-Private-1,50476f50-b10f-11f0-a5c0-077d6a5da061,90.50728,2.62602,,9.15396,,,,1.27095,2.62602,-0.80161,ae17ce3c-cf23-406e-8349-44deea114d82,2025-10-24,19:26:17.14,2025-10-24T15:26:17.1460000-04:00,2025-10-24T19:26:17.1460000Z,GroundBall,v3,471355,471355,,,,Undefined,MIA_RED,5e0b295a-75c3-4478-a7ea-0c7d74333ce4,55.00099,-135.5574,16.6035,5.8521,-4.23766,-8.52101,-1.12822,4.24967,-7.88697,180,1.26799,129.81187,,,,,,,,2.62687,-37.40539,,,,,,,,-0.80117,-19.30107,,,,,,,,,,,,,,,,,,,,,,,,,,,,,,High,High,High,High,High,,,
49,2025-10-24,15:28:31.73,1,1,"Burke, Clayton",1000266653,Right,MIA_RED,"Proctor, Keenan",823047,Left,MIA_RED,Undefined,2,Bottom,0,0,0,ChangeUp,Changeup,StrikeCalled,Undefined,Undefined,Undefined,0,0,,77.54987,0.937823,-2.7739,1591.568262,268.347174,3:00,4.53146,1.59405,5.83421,-44.73542,2.05768,18.09308,1.67629,0.52153,70.82155,-7.315674,0.469523,0.492337,,,,,,,,,,,,-10.01548,1.26134,-1.37829,50,4.58186,4.77298,-112.52278,0.44499,-12.77715,21.36268,-30.5649,MIA_RED,MIA_RED,McKieFieldStad,TeamExclusive,Team,20251024-McKieFieldStad-Private-1,a092dad0-b10f-11f0-a5c0-077d6a5da061,76.55826,,,6.72832,,,,,,,ae17ce3c-cf23-406e-8349-44deea114d82,2025-10-24,19:28:31.73,2025-10-24T15:28:31.7370000-04:00,2025-10-24T19:28:31.7370000Z,,v3,471355,471355,,,,Undefined,MIA_RED,4993d119-44bf-4e98-a0b4-bd82069b4e72,54.66428,-113.40485,10.68134,4.53743,1.70701,-15.28245,-1.58626,5.30055,-6.38858,,,,,,,,,,,,,,,,,,,,,,,,,,,,,,,,,,,,,,,,,,,,,,,,,,,High,High,High,,,,,
50,2025-10-24,15:28:49.39,1,2,"Burke, Clayton",1000266653,Right,MIA_RED,"Proctor, Keenan",823047,Left,MIA_RED,Undefined,2,Bottom,0,0,1,Sinker,Sinker,FoulBallNotFieldable,Undefined,Undefined,Undefined,0,0,,92.59751,-0.457389,-3.143281,2375.155313,240.237979,2:00,4.9565,1.20637,5.77756,-20.818,12.12099,19.26501,2.79543,-0.11585,84.04546,-4.370723,0.302349,0.413073,81.56445,28.438031,41.868092,2937.208671,75.1871,43.72016,80.2923,275.29036,142.78923,55.68618,3.556118,-10.7965,6.63874,-0.95875,50,4.90627,6.52446,-134.29728,-1.7786,-19.59712,30.74532,-20.12381,MIA_RED,MIA_RED,McKieFieldStad,TeamExclusive,Team,20251024-McKieFieldStad-Private-1,ab06a2d0-b10f-11f0-a5c0-077d6a5da061,91.24889,47.50037,,8.55205,,,,2.49675,2.98435,0.20497,ae17ce3c-cf23-406e-8349-44deea114d82,2025-10-24,19:28:49.39,2025-10-24T15:28:49.3960000-04:00,2025-10-24T19:28:49.3960000Z,LineDrive,v3,471355,471355,,,,Undefined,MIA_RED,ca9da6a5-e941-42a4-a184-2f14eeacd921,54.72119,-135.37381,15.37266,4.95621,-1.07398,-10.06191,-1.19921,7.21064,-9.79856,,2.49844,78.28008,-16.66941,3.0782,0.04077,-0.40999,0.16208,-0.02877,0.00205,2.98413,56.97372,-20.81575,2.04444,-0.33248,0.02121,0.01911,-0.00656,0.0006,0.20541,70.19422,0.25601,-1.67702,0.75485,-0.24156,0.04994,-0.00516,0.0001,,,,,,,,,,,,,,,,,,,,,,,High,High,High,High,Medium,,,
51,2025-10-24,15:29:10.83,1,3,"Burke, Clayton",1000266653,Right,MIA_RED,"Proctor, Keenan",823047,Left,MIA_RED,Undefined,2,Bottom,0,0,2,ChangeUp,Changeup,BallCalled,Undefined,Undefined,Undefined,0,0,,80.38881,-0.219278,-4.006873,1899.398225,272.027539,3:00,4.55011,1.33635,5.79586,-42.76168,0.69646,18.86182,0.78218,-0.82488,73.87012,-8.066352,-0.631466,0.474468,,,,,,,,,,,,-10.78749,0.78795,-1.01813,50,4.50617,7.45373,-116.59682,-1.8372,-14.85856,21.80742,-31.08874,MIA_RED,MIA_RED,McKieFieldStad,TeamExclusive,Team,20251024-McKieFieldStad-Private-1,b7d7e2d0-b10f-11f0-a5c0-077d6a5da061,79.44151,,,6.51868,,,,,,,ae17ce3c-cf23-406e-8349-44deea114d82,2025-10-24,19:29:10.83,2025-10-24T15:29:10.8390000-04:00,2025-10-24T19:29:10.8390000Z,,v3,471355,471355,,,,Undefined,MIA_RED,d8e03fa8-a2f3-4cb6-a859-a3137358f3a0,54.70485,-117.47349,10.90371,4.55491,-0.58742,-15.54437,-1.32978,8.05105,-7.42928,,,,,,,,,,,,,,,,,,,,,,,,,,,,,,,,,,,,,,,,,,,,,,,,,,,High,High,High,,,,,
52,2025-10-24,15:29:28.12,1,4,"Burke, Clayton",1000266653,Right,MIA_RED,"Proctor, Keenan",823047,Left,MIA_RED,Undefined,2,Bottom,0,1,2,ChangeUp,Changeup,StrikeSwinging,Strikeout,Undefined,Undefined,0,0,,79.85888,0.797918,-2.937642,1699.248959,260.729523,2:45,4.67455,1.36039,5.75233,-39.57266,4.50103,19.06328,2.12064,0.21194,73.12902,-6.50181,0.472577,0.477816,,,,,,,,,,,,-10.48579,2.50886,-1.12807,50,4.71681,5.2054,-115.8943,0.33986,-14.26223,21.64808,-28.76162,MIA_RED,MIA_RED,McKieFieldStad,TeamExclusive,Team,20251024-McKieFieldStad-Private-1,c20f8c30-b10f-11f0-a5c0-077d6a5da061,78.88478,,,6.72985,,,,,,,ae17ce3c-cf23-406e-8349-44deea114d82,2025-10-24,19:29:28.12,2025-10-24T15:29:28.1240000-04:00,2025-10-24T19:29:28.1240000Z,,v3,471355,471355,,,,Undefined,MIA_RED,2d54afa9-41c6-4996-be9b-7d084244f1e7,54.74643,-116.77752,10.82404,4.67901,1.51331,-14.38081,-1.35232,5.78729,-7.13112,,,,,,,,,,,,,,,,,,,,,,,,,,,,,67.54202,2.293178,1.267763,1.025415,-0.79221,1.86241,-0.23289,-2.73475,5.55724,0.16286,71.8286,3.2973,-52.94782,-2.71512,77.27253,-4.49347,5.58278,12.11982,-14.03541,0.10989,-59.61953,7.76287,High,High,High,,,High,High,High
53,2025-10-24,15:29:55.52,2,1,"Burke, Clayton",1000266653,Right,MIA_RED,"Vrlak, Jake",1000131822,Right,MIA_RED,Undefined,2,Bottom,1,0,0,Slider,Slider,InPlay,Undefined,GroundBall,Out,1,0,,82.97349,0.90504,-1.838335,2496.486554,127.100007,10:15,4.73583,1.4405,5.62116,-36.18722,4.56213,-4.46414,2.56531,-0.64761,76.4472,-5.743082,-2.634879,0.459443,43.05342,-26.071889,-41.83064,,,,,6.35809,5.89904,-27.239614,0.093045,1.79933,2.4128,-1.28073,50,4.78955,4.04585,-120.53856,0.67928,2.66299,22.13088,-28.60317,MIA_RED,MIA_RED,McKieFieldStad,TeamExclusive,Team,20251024-McKieFieldStad-Private-1,d279d170-b10f-11f0-a5c0-077d6a5da061,82.03943,2.60822,,6.52629,,,,1.681,2.60822,0.645,ae17ce3c-cf23-406e-8349-44deea114d82,2025-10-24,19:29:55.52,2025-10-24T15:29:55.5280000-04:00,2025-10-24T19:29:55.5280000Z,GroundBall,v3,471355,471355,,,,Undefined,MIA_RED,941e836b-9e83-4bb8-af8d-b72ef9faf700,54.87817,-121.43089,11.06544,4.73891,1.83258,-14.30159,-1.44169,3.93848,1.3315,180,1.67463,42.68883,,,,,,,,2.6124,-28.03185,,,,,,,,0.65071,-38.20932,,,,,,,,,,,,,,,,,,,,,,,,,,,,,,High,High,High,High,High,,,
54,2025-10-24,15:30:34.23,3,1,"Burke, Clayton",1000266653,Right,MIA_RED,"rivera, miguel",,Left,MIA_RED,Undefined,2,Bottom,2,0,0,ChangeUp,Changeup,StrikeCalled,Undefined,Undefined,Undefined,0,0,,79.7462,0.215875,-3.027726,1820.772817,248.920854,2:15,4.51738,1.49169,5.94836,-36.22132,7.20571,15.49371,1.69944,-0.02793,73.78717,-6.476955,-0.246366,0.474298,,,,,,,,,,,,-8.70012,4.0354,-1.25931,50,4.51411,5.55378,-115.87196,-0.6777,-11.95699,19.44442,-26.62804,MIA_RED,MIA_RED,McKieFieldStad,TeamExclusive,Team,20251024-McKieFieldStad-Private-1,e99e3210-b10f-11f0-a5c0-077d6a5da061,79.46992,,,5.95902,,,,,,,ae17ce3c-cf23-406e-8349-44deea114d82,2025-10-24,19:30:34.23,2025-10-24T15:30:34.2370000-04:00,2025-10-24T19:30:34.2370000Z,,v3,471355,471355,,,,Undefined,MIA_RED,aa4dad65-2da9-4829-86b2-ec80351f71c1,54.55122,-116.63319,9.72221,4.52023,0.36477,-13.31402,-1.4859,6.02188,-5.9785,,,,,,,,,,,,,,,,,,,,,,,,,,,,,,,,,,,,,,,,,,,,,,,,,,,High,High,High,,,,,
55,2025-10-24,15:30:50.35,3,2,"Burke, Clayton",1000266653,Right,MIA_RED,"rivera, miguel",,Left,MIA_RED,Undefined,2,Bottom,2,0,1,Fastball,Four-Seam,StrikeSwinging,Undefined,Undefined,Undefined,0,0,,93.03473,-0.63508,-2.668964,2476.755432,226.659546,1:30,5.06088,1.172,5.65291,-15.7954,16.94277,16.79962,3.15163,0.08099,84.46506,-3.642796,0.329421,0.411812,,,,,,,,,,,,-9.23934,9.07949,-0.95641,50,4.99715,5.50989,-134.92476,-1.98932,-16.95867,30.53524,-15.50873,MIA_RED,MIA_RED,McKieFieldStad,TeamExclusive,Team,20251024-McKieFieldStad-Private-1,f30a4e10-b10f-11f0-a5c0-077d6a5da061,91.52835,,,8.56966,,,,,,,ae17ce3c-cf23-406e-8349-44deea114d82,2025-10-24,19:30:50.35,2025-10-24T15:30:50.3510000-04:00,2025-10-24T19:30:50.3510000Z,,v3,471355,471355,,,,Undefined,MIA_RED,20c64003-ea88-472c-9c20-b0089aa6fd6e,54.84362,-136.01652,15.26762,5.05837,-1.43482,-7.75436,-1.16425,6.11623,-8.47934,,,,,,,,,,,,,,,,,,,,,,,,,,,,,,,,,,,,,,,,,,,,,,,,,,,High,High,High,,,,,
56,2025-10-24,15:31:09.77,3,3,"Burke, Clayton",1000266653,Right,MIA_RED,"rivera, miguel",,Left,MIA_RED,Undefined,2,Bottom,2,0,2,Fastball,Sinker,StrikeSwinging,Strikeout,Undefined,Undefined,0,0,,93.63058,-1.380505,-2.321535,2423.754397,229.946806,1:45,5.09152,1.03613,5.62506,-18.07178,14.09387,15.56072,2.29605,0.16539,85.6262,-4.77184,0.45601,0.408195,,,,,,,,,,,,-8.50201,7.82374,-0.84838,50,4.96232,4.79152,-135.88248,-3.89374,-15.92301,29.30101,-17.52133,MIA_RED,MIA_RED,McKieFieldStad,TeamExclusive,Team,20251024-McKieFieldStad-Private-1,feba8db0-b10f-11f0-a5c0-077d6a5da061,92.33935,,,8.00437,,,,,,,ae17ce3c-cf23-406e-8349-44deea114d82,2025-10-24,19:31:09.77,2025-10-24T15:31:09.7780000-04:00,2025-10-24T19:31:09.7780000Z,,v3,471355,471355,,,,Undefined,MIA_RED,ee304635-c3c9-4b70-a6b4-ff98f3ee9941,54.8728,-136.9292,14.65051,5.09024,-3.26783,-8.76066,-1.0297,5.36033,-7.96151,,,,,,,,,,,,,,,,,,,,,,,,,,,,,,,,,,,,,,,,,,,,,,,,,,,High,High,High,,,,,
57,2025-10-24,15:33:41.60,1,1,"Sohosky, Zac",1000224033,Left,MIA_RED,"Gonzalez Rivera, Ignacio",10124440,Right,MIA_RED,Undefined,3,Top,0,0,0,Fastball,Four-Seam,StrikeSwinging,Undefined,Undefined,Undefined,0,0,,91.55807,-2.493392,2.366594,1992.938191,145.403413,10:45,5.93166,-1.12608,6.06692,-13.7569,19.33438,-12.61548,2.47441,0.01395,83.82823,-5.136864,0.096847,0.414026,,,,,,,,,,,,7.11028,10.93953,0.94908,50,5.73065,-4.95076,-132.86771,-6.15531,12.74283,27.79129,-12.56853,MIA_RED,MIA_RED,McKieFieldStad,TeamExclusive,Team,20251024-McKieFieldStad-Private-1,59401390-b110-11f0-a5c0-077d6a5da061,91.03873,,,7.72984,,,,,,,ae17ce3c-cf23-406e-8349-44deea114d82,2025-10-24,19:33:41.60,2025-10-24T15:33:41.6010000-04:00,2025-10-24T19:33:41.6010000Z,,v3,471355,471355,,,,Undefined,MIA_RED,f715abb7-5fec-43c1-a1bd-073d91f92442,54.43039,-133.79119,13.89564,5.92824,-5.73767,-6.28427,1.12062,-5.37419,6.37141,,,,,,,,,,,,,,,,,,,,,,,,,,,,,,,,,,,,,,,,,,,,,,,,,,,High,High,High,,,,,
58,2025-10-24,15:33:55.44,1,2,"Sohosky, Zac",1000224033,Left,MIA_RED,"Gonzalez Rivera, Ignacio",10124440,Right,MIA_RED,Undefined,3,Top,0,0,1,Fastball,Four-Seam,BallCalled,Undefined,Undefined,Undefined,0,0,,92.06252,-0.187212,0.505194,1946.342089,151.922445,11:00,5.99769,-1.02515,5.92039,-15.9515,16.77891,-8.42953,4.49467,-1.2588,84.42212,-3.219479,-1.008517,0.411763,,,,,,,,,,,,4.43107,8.93745,0.98937,50,5.97352,-0.80981,-133.81983,-0.91482,8.07657,27.48113,-15.88368,MIA_RED,MIA_RED,McKieFieldStad,TeamExclusive,Team,20251024-McKieFieldStad-Private-1,615be1d0-b110-11f0-a5c0-077d6a5da061,91.53921,,,7.64039,,,,,,,ae17ce3c-cf23-406e-8349-44deea114d82,2025-10-24,19:33:55.44,2025-10-24T15:33:55.4430000-04:00,2025-10-24T19:33:55.4430000Z,,v3,471355,471355,,,,Undefined,MIA_RED,1f15a4bf-5608-4921-8fad-e6cf841cce00,54.57654,-134.75639,13.74056,5.99547,-0.3735,-7.94184,1.02166,-1.08506,4.03828,,,,,,,,,,,,,,,,,,,,,,,,,,,,,,,,,,,,,,,,,,,,,,,,,,,High,High,High,,,,,
59,2025-10-24,15:34:09.63,1,3,"Sohosky, Zac",1000224033,Left,MIA_RED,"Gonzalez Rivera, Ignacio",10124440,Right,MIA_RED,Undefined,3,Top,0,1,1,Fastball,Four-Seam,BallCalled,Undefined,Undefined,Undefined,0,0,,90.21553,-3.591301,2.984144,1932.642644,150.882739,11:00,5.78584,-0.92638,6.39949,-17.60883,15.99938,-8.34351,1.00703,1.12505,83.15217,-6.92384,1.474285,0.417248,,,,,,,,,,,,5.13693,9.61111,0.71596,50,5.51946,-6.49397,-130.84624,-8.71407,8.96426,25.90764,-15.40213,MIA_RED,MIA_RED,McKieFieldStad,TeamExclusive,Team,20251024-McKieFieldStad-Private-1,69f348b0-b110-11f0-a5c0-077d6a5da061,90.33587,,,7.06337,,,,,,,ae17ce3c-cf23-406e-8349-44deea114d82,2025-10-24,19:34:09.63,2025-10-24T15:34:09.6370000-04:00,2025-10-24T19:34:09.6370000Z,,v3,471355,471355,,,,Undefined,MIA_RED,81abd7c6-3994-40da-8e2a-feeabf6c8d39,54.09905,-131.65535,12.95382,5.78409,-8.23305,-7.70106,0.92314,-6.77393,4.48213,,,,,,,,,,,,,,,,,,,,,,,,,,,,,,,,,,,,,,,,,,,,,,,,,,,High,High,High,,,,,
60,2025-10-24,15:34:21.16,1,4,"Sohosky, Zac",1000224033,Left,MIA_RED,"Gonzalez Rivera, Ignacio",10124440,Right,MIA_RED,Undefined,3,Top,0,2,1,ChangeUp,Changeup,StrikeSwinging,Undefined,Undefined,Undefined,0,0,,83.58467,-1.329403,2.070598,1713.880459,121.425204,10:00,5.76033,-1.07574,6.55947,-26.9258,12.1439,-17.80359,2.29669,-0.6602,76.44293,-6.417473,-1.166476,0.449874,,,,,,,,,,,,9.88914,7.14933,0.93962,50,5.65725,-3.73733,-121.45565,-3.55402,14.72571,24.48069,-21.5281,MIA_RED,MIA_RED,McKieFieldStad,TeamExclusive,Team,20251024-McKieFieldStad-Private-1,70b50530-b110-11f0-a5c0-077d6a5da061,83.78435,,,7.14174,,,,,,,ae17ce3c-cf23-406e-8349-44deea114d82,2025-10-24,19:34:21.16,2025-10-24T15:34:21.1660000-04:00,2025-10-24T19:34:21.1660000Z,,v3,471355,471355,,,,Undefined,MIA_RED,b2c5bdbe-9a15-4254-9e4a-ebe422a57825,53.93793,-122.2468,12.24034,5.76087,-2.85828,-10.76405,1.06809,-4.21323,7.36285,,,,,,,,,,,,,,,,,,,,,,,,,,,,,,,,,,,,,,,,,,,,,,,,,,,High,High,High,,,,,
61,2025-10-24,15:34:38.25,1,5,"Sohosky, Zac",1000224033,Left,MIA_RED,"Gonzalez Rivera, Ignacio",10124440,Right,MIA_RED,Undefined,3,Top,0,2,2,ChangeUp,Changeup,FoulBallNotFieldable,Undefined,Undefined,Undefined,0,0,,84.93966,-2.723539,1.276138,1739.819244,130.430444,10:15,5.76841,-1.05704,6.35655,-22.56958,15.47473,-16.74906,1.37847,-1.2781,77.99894,-6.97955,-1.758711,0.443932,69.32625,-1.053259,155.054802,1375.033747,,,,55.98715,46.8783,153.462589,0.639344,9.13815,9.20382,0.97231,50,5.56029,-2.1307,-123.3863,-6.4941,14.0858,24.57594,-17.987,MIA_RED,MIA_RED,McKieFieldStad,TeamExclusive,Team,20251024-McKieFieldStad-Private-1,7b106330-b110-11f0-a5c0-077d6a5da061,84.90592,1.6438,,6.94072,,,,2.95033,1.6438,1.05481,ae17ce3c-cf23-406e-8349-44deea114d82,2025-10-24,19:34:38.25,2025-10-24T15:34:38.2510000-04:00,2025-10-24T19:34:38.2510000Z,GroundBall,v3,471355,471355,,,,Undefined,MIA_RED,4a556790-ea27-4e4b-ace0-8f79de43d821,54.14262,-124.20868,12.28797,5.76753,-5.8922,-8.9935,1.05149,-2.60205,7.0429,,2.95033,-92.17735,15.97009,-2.62541,0.33012,-0.02476,-0.00228,0.00077,7E-05,1.6438,-1.86903,0.29865,-2.59022,0.72781,-0.16709,0.0372,-0.00741,0.00099,1.05481,42.87571,-9.75289,2.33103,-0.51324,0.10634,-0.02105,0.00368,-0.00039,,,,,,,,,,,,,,,,,,,,,,,High,High,High,Medium,Medium,,,
62,2025-10-24,15:35:00.21,1,6,"Sohosky, Zac",1000224033,Left,MIA_RED,"Gonzalez Rivera, Ignacio",10124440,Right,MIA_RED,Undefined,3,Top,0,2,2,ChangeUp,Changeup,BallCalled,Undefined,Undefined,Undefined,0,0,,84.61031,-4.523601,2.84893,1729.216429,111.945999,9:45,5.76017,-0.73934,6.86982,-28.88214,8.8865,-19.0954,-0.78317,0.26802,78.1078,-9.921271,-0.647536,0.442321,,,,,,,,,,,,11.13792,6.32374,0.56524,50,5.46153,-5.48865,-122.69785,-10.48158,16.96984,24.40131,-22.53912,MIA_RED,MIA_RED,McKieFieldStad,TeamExclusive,Team,20251024-McKieFieldStad-Private-1,8810c980-b110-11f0-a5c0-077d6a5da061,85.21522,,,6.5025,,,,,,,ae17ce3c-cf23-406e-8349-44deea114d82,2025-10-24,19:35:00.21,2025-10-24T15:35:00.2190000-04:00,2025-10-24T19:35:00.2190000Z,,v3,471355,471355,,,,Undefined,MIA_RED,462b61be-b408-4469-a4c5-52a63799d9ef,53.63175,-123.41799,12.20065,5.76105,-9.8164,-11.26956,0.73462,-5.98947,8.48492,,,,,,,,,,,,,,,,,,,,,,,,,,,,,,,,,,,,,,,,,,,,,,,,,,,High,High,High,,,,,
63,2025-10-24,15:35:22.25,1,7,"Sohosky, Zac",1000224033,Left,MIA_RED,"Gonzalez Rivera, Ignacio",10124440,Right,MIA_RED,Undefined,3,Top,0,3,2,Fastball,Four-Seam,InPlay,Undefined,GroundBall,Out,1,0,,90.99605,-1.553672,1.462524,1899.984726,141.616787,10:45,5.89366,-0.98535,5.9337,-17.78347,15.88816,-11.73969,2.96949,-0.60653,83.20033,-4.920039,-0.646252,0.417641,69.85856,-10.981357,-2.726116,,,,,17.58484,16.93955,-0.424934,0.155256,6.46544,8.91945,0.87542,50,5.75963,-2.88022,-132.16614,-4.13328,11.43236,28.25412,-16.40245,MIA_RED,MIA_RED,McKieFieldStad,TeamExclusive,Team,20251024-McKieFieldStad-Private-1,95388df0-b110-11f0-a5c0-077d6a5da061,90.25075,3.07774,,7.79572,,,,2.09914,3.07774,0.57734,ae17ce3c-cf23-406e-8349-44deea114d82,2025-10-24,19:35:22.25,2025-10-24T15:35:22.2560000-04:00,2025-10-24T19:35:22.2560000Z,GroundBall,v3,471355,471355,,,,Undefined,MIA_RED,d9872617-44f2-48e8-80d5-77e4a8d3e23d,54.56486,-133.13843,14.12706,5.89215,-3.56884,-8.20123,0.9813,-3.27363,5.71618,185.364416,2.09923,100.46181,-4.65808,,,,,,,3.07762,-19.50748,-2.02707,,,,,,,0.57731,-4.78174,1.4392,,,,,,,,,,,,,,,,,,,,,,,,,,,,,High,High,High,High,High,,,
64,2025-10-24,15:35:59.70,2,1,"Sohosky, Zac",1000224033,Left,MIA_RED,"Phillips, Drew",1000194003,Right,MIA_RED,Undefined,3,Top,1,0,0,ChangeUp,Changeup,StrikeCalled,Undefined,Undefined,Undefined,0,0,,83.47409,-0.489305,2.215982,1593.337711,114.862968,9:45,5.7155,-1.24732,6.65424,-29.83124,8.95382,-16.78643,2.78142,-0.6172,76.75401,-6.105288,-0.841126,0.448233,,,,,,,,,,,,9.40221,5.22973,1.10409,50,5.67059,-4.09606,-121.40288,-1.86364,14.07602,23.07363,-24.34465,MIA_RED,MIA_RED,McKieFieldStad,TeamExclusive,Team,20251024-McKieFieldStad-Private-1,ab741530-b110-11f0-a5c0-077d6a5da061,84.0912,,,6.72008,,,,,,,ae17ce3c-cf23-406e-8349-44deea114d82,2025-10-24,19:35:59.70,2025-10-24T15:35:59.7020000-04:00,2025-10-24T19:35:59.7020000Z,,v3,471355,471355,,,,Undefined,MIA_RED,40c6d5a0-14a0-465f-9db9-60318afc543b,53.84422,-122.13133,11.53681,5.7173,-1.09507,-12.17233,1.24042,-4.54045,7.03801,,,,,,,,,,,,,,,,,,,,,,,,,,,,,,,,,,,,,,,,,,,,,,,,,,,High,High,High,,,,,
65,2025-10-24,15:36:13.17,2,2,"Sohosky, Zac",1000224033,Left,MIA_RED,"Phillips, Drew",1000194003,Right,MIA_RED,Undefined,3,Top,1,0,1,Fastball,Four-Seam,FoulBallNotFieldable,Undefined,Undefined,Undefined,0,0,,92.72999,-2.380992,2.058049,1994.320691,148.940504,11:00,5.95654,-0.79392,6.05562,-13.7278,18.73997,-10.63225,2.606,0.22583,84.36863,-5.027784,0.145068,0.410108,70.20231,45.401753,159.361966,4537.800944,,,,,46.99089,,,6.10244,10.69048,0.63975,50,5.76407,-4.38194,-134.53646,-5.97269,11.1284,30.55893,-12.67891,MIA_RED,MIA_RED,McKieFieldStad,TeamExclusive,Team,20251024-McKieFieldStad-Private-1,b391df40-b110-11f0-a5c0-077d6a5da061,91.90866,39.2825,,8.36136,,,,1.35401,2.59366,-0.26698,ae17ce3c-cf23-406e-8349-44deea114d82,2025-10-24,19:36:13.17,2025-10-24T15:36:13.1770000-04:00,2025-10-24T19:36:13.1770000Z,,v3,471355,471355,,,,Undefined,MIA_RED,436ac1a5-d61c-49fc-8a92-10963c682282,54.44222,-135.54172,15.27947,5.95369,-5.5556,-6.33946,0.78992,-4.74802,5.5642,349.157554,1.35401,-67.65374,1.57935,1.65984,-2.51027,6.59533,-10.48131,8.55964,-2.82871,2.59366,73.31533,-31.87903,4.82686,-3.04395,6.69957,-10.33439,8.28667,-2.70101,-0.26698,25.48119,-3.30388,1.40959,-1.50067,3.81879,-6.01874,4.88023,-1.60384,,,,,,,,,,,,,,,,,,,,,,,High,High,High,High,Undefined,,,
66,2025-10-24,15:36:33.67,2,3,"Sohosky, Zac",1000224033,Left,MIA_RED,"Phillips, Drew",1000194003,Right,MIA_RED,Undefined,3,Top,1,0,2,Sinker,Sinker,StrikeSwinging,Strikeout,Undefined,Undefined,0,0,,92.76829,-1.531942,1.425609,1944.825561,124.929926,10:15,5.85685,-1.04042,6.22032,-19.40218,12.44213,-16.46717,2.82565,-1.09696,85.39089,-5.184687,-1.549298,0.406151,,,,,,,,,,,,8.87119,7.14292,0.94144,50,5.73238,-2.66039,-134.88018,-4.21515,16.44595,27.59711,-18.93203,MIA_RED,MIA_RED,McKieFieldStad,TeamExclusive,Team,20251024-McKieFieldStad-Private-1,bfaa5690-b110-11f0-a5c0-077d6a5da061,92.80402,,,7.3774,,,,,,,ae17ce3c-cf23-406e-8349-44deea114d82,2025-10-24,19:36:33.67,2025-10-24T15:36:33.6760000-04:00,2025-10-24T19:36:33.6760000Z,,v3,471355,471355,,,,Undefined,MIA_RED,49e96316-90bc-4321-b463-d2d4a5d6f4c1,54.27825,-135.7527,13.79855,5.85619,-3.61658,-9.46602,1.03378,-3.18035,8.22298,,,,,,,,,,,,,,,,,,,,,,,,,,,,,62.07684,2.32694,1.203405,1.123535,-1.67388,2.53851,1.18525,-5.90889,3.23899,2.61537,74.28488,-3E-05,50.49303,-5.8684,77.80348,-5.78496,3.27779,14.07488,-15.15775,2.61813,44.07966,-1.30929,High,High,High,,,High,High,High
67,2025-10-24,15:36:58.05,3,1,"Sohosky, Zac",1000224033,Left,MIA_RED,"Raether, Carson",1000338521,Left,MIA_RED,Undefined,3,Top,2,0,0,Slider,Slider,BallCalled,Undefined,Undefined,Undefined,0,0,,81.95872,-1.792246,2.983168,1834.395827,144.964287,10:45,5.58571,-1.47659,5.8285,-40.59168,1.83882,-0.22209,0.53425,1.28048,74.46189,-9.254185,2.943363,0.468824,,,,,,,,,,,,1.08866,1.96807,1.23298,50,5.41543,-6.17672,-118.69203,-5.05156,1.52713,26.24786,-29.41329,MIA_RED,MIA_RED,McKieFieldStad,TeamExclusive,Team,20251024-McKieFieldStad-Private-1,ce578280-b110-11f0-a5c0-077d6a5da061,80.39776,,,7.49684,,,,,,,ae17ce3c-cf23-406e-8349-44deea114d82,2025-10-24,19:36:58.05,2025-10-24T15:36:58.0540000-04:00,2025-10-24T19:36:58.0540000Z,,v3,471355,471355,,,,Undefined,MIA_RED,9e3c3abc-279f-4009-b17a-54090c1cb959,54.66785,-119.71984,13.12393,5.59068,-3.8998,-14.70664,1.47601,-6.23652,0.76357,,,,,,,,,,,,,,,,,,,,,,,,,,,,,,,,,,,,,,,,,,,,,,,,,,,High,High,High,,,,,
68,2025-10-24,15:37:11.29,3,2,"Sohosky, Zac",1000224033,Left,MIA_RED,"Raether, Carson",1000338521,Left,MIA_RED,Undefined,3,Top,2,1,0,Slider,Slider,StrikeSwinging,Undefined,Undefined,Undefined,0,0,,80.64373,-0.552341,1.917017,2078.829081,247.045819,2:15,5.5505,-1.3769,5.83762,-39.83829,3.13618,4.30823,1.71698,0.76448,74.30396,-7.873053,2.689864,0.47182,,,,,,,,,,,,-1.68162,2.1474,1.21809,50,5.48197,-4.08406,-117.13846,-2.41163,-2.33893,21.91308,-29.18727,MIA_RED,MIA_RED,McKieFieldStad,TeamExclusive,Team,20251024-McKieFieldStad-Private-1,d63b02b0-b110-11f0-a5c0-077d6a5da061,79.88725,,,6.33977,,,,,,,ae17ce3c-cf23-406e-8349-44deea114d82,2025-10-24,19:37:11.29,2025-10-24T15:37:11.2910000-04:00,2025-10-24T19:37:11.2910000Z,,v3,471355,471355,,,,Undefined,MIA_RED,3c8f7451-1050-452a-8152-22a216e53567,54.6609,-118.00715,10.95654,5.55464,-1.25457,-14.59364,1.37816,-3.99134,-1.16947,,,,,,,,,,,,,,,,,,,,,,,,,,,,,,,,,,,,,,,,,,,,,,,,,,,High,High,High,,,,,
69,2025-10-24,15:37:24.15,3,3,"Sohosky, Zac",1000224033,Left,MIA_RED,"Raether, Carson",1000338521,Left,MIA_RED,Undefined,3,Top,2,1,1,Slider,Slider,BallCalled,Undefined,Undefined,Undefined,0,0,,81.21653,-1.349479,4.190668,2145.23816,343.889116,5:30,5.56014,-1.32727,6.01848,-43.33912,-1.33335,0.72898,0.695,2.62204,75.52222,-9.262485,4.321512,0.466472,,,,,,,,,,,,0.70209,0.00661,0.99809,50,5.43036,-8.65991,-117.82465,-4.16606,0.99413,20.86122,-32.16467,MIA_RED,MIA_RED,McKieFieldStad,TeamExclusive,Team,20251024-McKieFieldStad-Private-1,ddea5380-b110-11f0-a5c0-077d6a5da061,80.80314,,,5.69431,,,,,,,ae17ce3c-cf23-406e-8349-44deea114d82,2025-10-24,19:37:24.15,2025-10-24T15:37:24.1550000-04:00,2025-10-24T19:37:24.1550000Z,,v3,471355,471355,,,,Undefined,MIA_RED,11e6d387-6a22-4aee-88c0-e50e2fb5ebdf,54.48185,-118.61552,10.43061,5.56519,-2.94666,-16.08233,1.32711,-8.6976,0.49707,,,,,,,,,,,,,,,,,,,,,,,,,,,,,,,,,,,,,,,,,,,,,,,,,,,High,High,High,,,,,
70,2025-10-24,15:37:46.91,3,4,"Sohosky, Zac",1000224033,Left,MIA_RED,"Raether, Carson",1000338521,Left,MIA_RED,Undefined,3,Top,2,2,1,Slider,Slider,StrikeSwinging,Undefined,Undefined,Undefined,0,0,,78.69469,-0.57515,2.109108,2043.18713,332.975962,5:00,5.50022,-1.44802,5.83961,-47.49282,-2.15823,1.83378,1.00757,0.66584,72.40761,-9.268653,2.438402,0.484603,,,,,,,,,,,,-0.32972,-0.52957,1.27509,50,5.42535,-4.276,-114.26739,-2.66558,-0.43417,21.86742,-32.87135,MIA_RED,MIA_RED,McKieFieldStad,TeamExclusive,Team,20251024-McKieFieldStad-Private-1,eb7d83f0-b110-11f0-a5c0-077d6a5da061,77.78,,,6.28708,,,,,,,ae17ce3c-cf23-406e-8349-44deea114d82,2025-10-24,19:37:46.91,2025-10-24T15:37:46.9190000-04:00,2025-10-24T19:37:46.9190000Z,,v3,471355,471355,,,,Undefined,MIA_RED,8eafb661-bf9f-4010-8030-9ebb978c98cc,54.65954,-115.15563,10.93371,5.50651,-1.33036,-16.43567,1.44842,-4.25836,-0.21708,,,,,,,,,,,,,,,,,,,,,,,,,,,,,,,,,,,,,,,,,,,,,,,,,,,High,High,High,,,,,
71,2025-10-24,15:38:01.72,3,5,"Sohosky, Zac",1000224033,Left,MIA_RED,"Raether, Carson",1000338521,Left,MIA_RED,Undefined,3,Top,2,2,2,ChangeUp,Changeup,StrikeSwinging,Strikeout,Undefined,Undefined,0,0,,83.71156,-1.550144,2.506261,1620.914431,120.040062,10:00,5.68054,-1.049,6.70622,-27.64025,11.32646,-17.28525,1.95826,-0.19662,76.18462,-6.790571,-0.644695,0.449281,,,,,,,,,,,,9.83497,6.85701,0.88837,50,5.56681,-4.69557,-121.56104,-4.02836,14.58486,25.81743,-22.00538,MIA_RED,MIA_RED,McKieFieldStad,TeamExclusive,Team,20251024-McKieFieldStad-Private-1,f44a79c0-b110-11f0-a5c0-077d6a5da061,83.895,,,7.52694,,,,,,,ae17ce3c-cf23-406e-8349-44deea114d82,2025-10-24,19:38:01.72,2025-10-24T15:38:01.7250000-04:00,2025-10-24T19:38:01.7250000Z,,v3,471355,471355,,,,Undefined,MIA_RED,25eafd7a-6b87-457a-81cd-41c48c738d43,53.7906,-122.36345,12.90871,5.68138,-3.34443,-11.00269,1.04135,-5.14887,7.29243,,,,,,,,,,,,,,,,,,,,,,,,,,,,,74.46484,,,0.865503,,,,2.78145,4.37476,-1.16547,68.16658,6.91646,56.61123,2.81907,82.59658,-8.21314,4.39897,16.12231,-15.27777,-1.16286,68.82444,-2.39561,High,High,High,,,High,High,High
72,2025-10-24,15:41:03.35,1,1,"Tedesco, Jake",803230,Left,MIA_RED,"Dierks, Marcus",10322729,Left,MIA_RED,Undefined,3,Bottom,0,0,0,Fastball,Sinker,StrikeCalled,Undefined,Undefined,Undefined,0,0,,89.53481,-2.226619,2.38485,2023.690464,142.288649,10:45,6.27708,-1.15891,6.54563,-14.64926,20.00474,-14.45595,3.01158,-0.17527,80.3907,-5.105852,-0.239868,0.42369,,,,,,,,,,,,8.28264,11.55784,0.99905,50,6.11617,-4.81395,-129.78129,-5.36404,13.85802,31.97408,-12.83615,MIA_RED,MIA_RED,McKieFieldStad,TeamExclusive,Team,20251024-McKieFieldStad-Private-1,60878560-b111-11f0-a5c0-077d6a5da061,88.96233,,,9.14412,,,,,,,ae17ce3c-cf23-406e-8349-44deea114d82,2025-10-24,19:41:03.35,2025-10-24T15:41:03.3560000-04:00,2025-10-24T19:41:03.3560000Z,,v3,471355,471355,,,,Undefined,MIA_RED,c19dac3d-06e2-4948-8293-7a65b9b1d493,53.94805,-130.75035,15.98704,6.27285,-4.97501,-6.41807,1.15131,-5.23395,6.92901,,,,,,,,,,,,,,,,,,,,,,,,,,,,,,,,,,,,,,,,,,,,,,,,,,,High,High,High,,,,,
73,2025-10-24,15:41:16.75,1,2,"Tedesco, Jake",803230,Left,MIA_RED,"Dierks, Marcus",10322729,Left,MIA_RED,Undefined,3,Bottom,0,0,1,Slider,Slider,BallCalled,Undefined,Undefined,Undefined,0,0,,78.40608,1.450257,0.821789,2277.734395,315.377999,4:30,6.57674,-0.98943,5.09831,-48.87577,-1.61024,3.17957,3.87079,0.04997,71.27417,-7.441149,1.384506,0.494816,,,,,,,,,,,,-1.31492,-0.69827,0.90931,50,6.67576,-1.76318,-113.62949,1.12978,-1.70264,22.6903,-33.07822,MIA_RED,MIA_RED,McKieFieldStad,TeamExclusive,Team,20251024-McKieFieldStad-Private-1,68876730-b111-11f0-a5c0-077d6a5da061,76.17466,,,7.13192,,,,,,,ae17ce3c-cf23-406e-8349-44deea114d82,2025-10-24,19:41:16.75,2025-10-24T15:41:16.7530000-04:00,2025-10-24T19:41:16.7530000Z,,v3,471355,471355,,,,Undefined,MIA_RED,82478418-2ee7-4b26-8c9b-db15d07b58cc,55.39767,-114.70227,11.34515,6.58537,2.69369,-16.53911,0.99077,-1.68268,-0.85132,,,,,,,,,,,,,,,,,,,,,,,,,,,,,,,,,,,,,,,,,,,,,,,,,,,High,High,High,,,,,
74,2025-10-24,15:41:31.80,1,3,"Tedesco, Jake",803230,Left,MIA_RED,"Dierks, Marcus",10322729,Left,MIA_RED,Undefined,3,Bottom,0,1,1,Slider,Curveball,BallCalled,Undefined,Undefined,Undefined,0,0,,77.98431,0.698376,1.957021,2373.118233,304.984092,4:15,6.57736,-1.04537,5.14273,-48.17321,-0.66626,3.16831,3.22089,1.06198,71.34436,-8.047949,2.517986,0.496078,,,,,,,,,,,,-0.99417,-0.01323,0.85962,50,6.60594,-3.99348,-113.05843,-0.31797,-1.28034,21.57757,-32.19108,MIA_RED,MIA_RED,McKieFieldStad,TeamExclusive,Team,20251024-McKieFieldStad-Private-1,717811a0-b111-11f0-a5c0-077d6a5da061,75.98086,,,6.63995,,,,,,,ae17ce3c-cf23-406e-8349-44deea114d82,2025-10-24,19:41:31.80,2025-10-24T15:41:31.8010000-04:00,2025-10-24T19:41:31.8010000Z,,v3,471355,471355,,,,Undefined,MIA_RED,65eda210-7d05-40ab-887e-d52221d5632d,55.35394,-114.07567,10.78879,6.58516,1.19962,-16.09554,1.04647,-3.93312,-0.64017,,,,,,,,,,,,,,,,,,,,,,,,,,,,,,,,,,,,,,,,,,,,,,,,,,,High,High,High,,,,,
75,2025-10-24,15:41:48.69,1,4,"Tedesco, Jake",803230,Left,MIA_RED,"Dierks, Marcus",10322729,Left,MIA_RED,Undefined,3,Bottom,0,2,1,Fastball,Sinker,InPlay,Undefined,GroundBall,Out,1,0,,90.1067,-2.844538,2.51316,2100.725023,145.254281,10:45,6.37105,-0.72135,6.50309,-14.88028,19.00662,-12.38261,2.51566,0.55482,81.94084,-5.728485,0.266934,0.418974,91.23136,-0.044675,8.810915,1389.701188,,,,48.21262,47.18941,9.511861,0.37187,7.26142,11.16493,0.55081,50,6.16527,-5.25607,-130.72273,-6.86261,12.47826,29.33295,-12.98781,MIA_RED,MIA_RED,McKieFieldStad,TeamExclusive,Team,20251024-McKieFieldStad-Private-1,7b8ec580-b111-11f0-a5c0-077d6a5da061,89.96363,2.50517,,8.16586,,,,1.00342,2.50517,-0.5445,ae17ce3c-cf23-406e-8349-44deea114d82,2025-10-24,19:41:48.69,2025-10-24T15:41:48.6960000-04:00,2025-10-24T19:41:48.6960000Z,GroundBall,v3,471355,471355,,,,Undefined,MIA_RED,18898a3e-b6d7-409a-9ce4-5431c0237512,53.99481,-131.61608,14.66647,6.36825,-6.46706,-6.4939,0.71667,-5.6361,6.23913,283.741395,1.00977,131.99892,-18.45841,,,,,,,2.50959,-0.26312,-17.47231,,,,,,,-0.54918,20.6643,6.04841,,,,,,,,,,,,,,,,,,,,,,,,,,,,,High,High,High,High,High,,,
76,2025-10-24,15:42:18.97,2,1,"Tedesco, Jake",803230,Left,MIA_RED,"Roa Calcano, Christopher",1000375139,Right,MIA_RED,Undefined,3,Bottom,1,0,0,ChangeUp,Changeup,StrikeCalled,Undefined,Undefined,Undefined,0,0,,82.4739,-0.411019,2.947725,1333.191191,122.492886,10:00,6.09934,-1.47671,5.85167,-29.63706,11.6165,-16.13706,3.24717,-0.08011,75.3201,-5.936263,0.056332,0.462277,,,,,,,,,,,,9.03508,6.46323,1.24631,50,6.04868,-5.51701,-119.65205,-1.78115,13.07588,23.45405,-22.82025,MIA_RED,MIA_RED,McKieFieldStad,TeamExclusive,Team,20251024-McKieFieldStad-Private-1,8d837b50-b111-11f0-a5c0-077d6a5da061,81.53648,,,7.1538,,,,,,,ae17ce3c-cf23-406e-8349-44deea114d82,2025-10-24,19:42:18.97,2025-10-24T15:42:18.9720000-04:00,2025-10-24T19:42:18.9720000Z,,v3,471355,471355,,,,Undefined,MIA_RED,de23d9e3-4365-44f0-99cb-8b721000baed,54.64519,-120.55916,11.72702,6.10051,-0.89856,-11.41013,1.46947,-6.02273,6.53794,,,,,,,,,,,,,,,,,,,,,,,,,,,,,,,,,,,,,,,,,,,,,,,,,,,High,High,High,,,,,
77,2025-10-24,15:42:34.14,2,2,"Tedesco, Jake",803230,Left,MIA_RED,"Roa Calcano, Christopher",1000375139,Right,MIA_RED,Undefined,3,Bottom,1,0,1,Fastball,Sinker,BallCalled,Undefined,Undefined,Undefined,0,0,,88.93682,-4.216843,1.876121,2129.096436,141.43995,10:45,6.34501,-1.3187,6.51409,-15.50686,19.3804,-14.48076,1.1743,-0.80327,80.92486,-7.206713,-0.753603,0.425113,,,,,,,,,,,,8.15646,11.79473,1.19374,50,6.04354,-3.66067,-128.87252,-9.87801,13.60602,28.81021,-12.49894,MIA_RED,MIA_RED,McKieFieldStad,TeamExclusive,Team,20251024-McKieFieldStad-Private-1,96a4aba0-b111-11f0-a5c0-077d6a5da061,88.66446,,,8.01196,,,,,,,ae17ce3c-cf23-406e-8349-44deea114d82,2025-10-24,19:42:34.14,2025-10-24T15:42:34.1480000-04:00,2025-10-24T19:42:34.1480000Z,,v3,471355,471355,,,,Undefined,MIA_RED,c8ce660d-20e7-4952-8542-f5faf7e9f83c,53.98327,-129.75995,14.40511,6.34187,-9.49301,-6.24947,1.31296,-4.07977,6.80301,,,,,,,,,,,,,,,,,,,,,,,,,,,,,,,,,,,,,,,,,,,,,,,,,,,High,High,High,,,,,
78,2025-10-24,15:42:51.86,2,3,"Tedesco, Jake",803230,Left,MIA_RED,"Roa Calcano, Christopher",1000375139,Right,MIA_RED,Undefined,3,Bottom,1,1,1,ChangeUp,Changeup,FoulBallNotFieldable,Undefined,Undefined,Undefined,0,0,,83.704,-0.413041,2.277546,1548.565509,111.773239,9:45,6.09371,-1.48676,5.8811,-31.37769,8.74989,-18.5432,3.09502,-0.91586,76.2123,-6.254373,-1.050341,0.455924,,,,,,,,,,,,10.21426,4.98638,1.31382,50,6.04225,-4.10215,-121.49493,-1.87621,15.15903,25.38008,-24.77374,MIA_RED,MIA_RED,McKieFieldStad,TeamExclusive,Team,20251024-McKieFieldStad-Private-1,a1507390-b111-11f0-a5c0-077d6a5da061,82.67256,,,7.4917,,,,,,,ae17ce3c-cf23-406e-8349-44deea114d82,2025-10-24,19:42:51.86,2025-10-24T15:42:51.8660000-04:00,2025-10-24T19:42:51.8660000Z,,v3,471355,471355,,,,Undefined,MIA_RED,fb6a3b4f-7220-4c2e-9c87-7ef9c43f2d21,54.61751,-122.45572,12.69004,6.09552,-0.93837,-12.38687,1.47997,-4.67601,7.57952,,,,,,,,,,,,,,,,,,,,,,,,,,,,,,,,,,,,,,,,,,,,,,,,,,,High,High,High,,,,,
79,2025-10-24,15:43:25.54,2,4,"Tedesco, Jake",803230,Left,MIA_RED,"Roa Calcano, Christopher",1000375139,Right,MIA_RED,Undefined,3,Bottom,1,1,2,Fastball,Sinker,BallCalled,Undefined,Undefined,Undefined,0,0,,89.90571,-4.397436,2.041773,1944.857255,132.103195,10:30,6.40902,-0.92654,6.63726,-18.55903,15.38603,-15.74576,0.82629,-0.36874,82.04468,-7.929751,-0.825719,0.419334,,,,,,,,,,,,8.89796,9.76288,0.79437,50,6.10355,-4.04101,-130.28528,-10.51333,15.19292,29.06164,-15.50429,MIA_RED,MIA_RED,McKieFieldStad,TeamExclusive,Team,20251024-McKieFieldStad-Private-1,b545b450-b111-11f0-a5c0-077d6a5da061,89.88649,,,7.86103,,,,,,,ae17ce3c-cf23-406e-8349-44deea114d82,2025-10-24,19:43:25.54,2025-10-24T15:43:25.5440000-04:00,2025-10-24T19:43:25.5440000Z,,v3,471355,471355,,,,Undefined,MIA_RED,80828a2f-dbea-403a-bce8-5dcb3fef10c1,53.86053,-131.14359,14.53082,6.40729,-10.05542,-7.75214,0.92035,-4.48971,7.59646,,,,,,,,,,,,,,,,,,,,,,,,,,,,,,,,,,,,,,,,,,,,,,,,,,,High,High,High,,,,,
80,2025-10-24,15:43:41.97,2,5,"Tedesco, Jake",803230,Left,MIA_RED,"Roa Calcano, Christopher",1000375139,Right,MIA_RED,Undefined,3,Bottom,1,2,2,ChangeUp,Changeup,StrikeSwinging,Strikeout,Undefined,Undefined,0,0,,81.93062,-1.986674,1.951926,1493.039681,104.125916,9:30,6.08803,-1.4612,5.88816,-35.59159,6.76004,-20.67415,1.27557,-1.37092,74.185,-8.584178,-1.765019,0.468389,,,,,,,,,,,,11.20926,4.57898,1.31565,50,5.90758,-3.2329,-118.74715,-5.25027,15.71545,26.57896,-25.7543,MIA_RED,MIA_RED,McKieFieldStad,TeamExclusive,Team,20251024-McKieFieldStad-Private-1,bf1e26b0-b111-11f0-a5c0-077d6a5da061,80.47257,,,7.74562,,,,,,,ae17ce3c-cf23-406e-8349-44deea114d82,2025-10-24,19:43:41.97,2025-10-24T15:43:41.9780000-04:00,2025-10-24T19:43:41.9780000Z,,v3,471355,471355,,,,Undefined,MIA_RED,6218f70f-33eb-47a0-b419-0a6ad025e8ca,54.60864,-119.77425,13.28948,6.09124,-4.25504,-12.87715,1.45231,-3.8402,7.85773,,,,,,,,,,,,,,,,,,,,,,,,,,,,,67.22513,,,0.995386,,,,-3.01279,5.53092,6.11788,73.91579,4.90925,50.86273,-2.93448,85.51569,-8.34633,5.5602,12.7028,-13.41754,6.1119,45.59392,-0.63862,High,High,High,,,High,High,High
81,2025-10-24,15:44:10.04,3,1,"Tedesco, Jake",803230,Left,MIA_RED,"Kirtley, Ryder",827333,Right,MIA_RED,Undefined,3,Bottom,2,0,0,Fastball,Four-Seam,BallCalled,Undefined,Undefined,Undefined,0,0,,90.18669,-4.977187,2.555635,2086.92413,149.59527,11:00,6.42018,-1.10611,6.45184,-14.0402,20.12722,-11.09477,0.66156,0.31873,81.90298,-7.695199,0.544996,0.420705,,,,,,,,,,,,6.58457,12.41264,0.92981,50,6.06026,-5.38247,-130.44365,-11.69906,11.23602,29.90564,-10.9929,MIA_RED,MIA_RED,McKieFieldStad,TeamExclusive,Team,20251024-McKieFieldStad-Private-1,cfc7e5f0-b111-11f0-a5c0-077d6a5da061,89.59358,,,8.2837,,,,,,,ae17ce3c-cf23-406e-8349-44deea114d82,2025-10-24,19:44:10.04,2025-10-24T15:44:10.0460000-04:00,2025-10-24T19:44:10.0460000Z,,v3,471355,471355,,,,Undefined,MIA_RED,5e442ee4-6023-4595-a0fc-2f24cbb62b71,54.04506,-131.36775,14.95282,6.41652,-11.35937,-5.49645,1.10149,-5.72967,5.61801,,,,,,,,,,,,,,,,,,,,,,,,,,,,,,,,,,,,,,,,,,,,,,,,,,,High,High,High,,,,,
82,2025-10-24,15:44:24.57,3,2,"Tedesco, Jake",803230,Left,MIA_RED,"Kirtley, Ryder",827333,Right,MIA_RED,Undefined,3,Bottom,2,1,0,ChangeUp,Changeup,BallCalled,Undefined,Undefined,Undefined,0,0,,82.90035,-2.201559,1.44337,1487.11606,109.764991,9:45,6.17841,-1.46327,6.04889,-32.95777,7.86823,-17.96631,1.39224,-1.62402,75.54721,-8.322314,-1.796573,0.459875,,,,,,,,,,,,9.6656,5.17028,1.36027,50,5.98955,-2.32947,-120.26812,-5.64943,14.00318,25.69023,-24.68355,MIA_RED,MIA_RED,McKieFieldStad,TeamExclusive,Team,20251024-McKieFieldStad-Private-1,d87d8330-b111-11f0-a5c0-077d6a5da061,81.96237,,,7.35314,,,,,,,ae17ce3c-cf23-406e-8349-44deea114d82,2025-10-24,19:44:24.57,2025-10-24T15:44:24.5790000-04:00,2025-10-24T19:44:24.5790000Z,,v3,471355,471355,,,,Undefined,MIA_RED,cf4bfaaa-7d6c-4018-bc1c-79c5330e05fb,54.44801,-121.21453,12.84512,6.18093,-4.74011,-12.34178,1.45558,-2.84533,7.00159,,,,,,,,,,,,,,,,,,,,,,,,,,,,,,,,,,,,,,,,,,,,,,,,,,,High,High,High,,,,,
83,2025-10-24,15:44:41.81,3,3,"Tedesco, Jake",803230,Left,MIA_RED,"Kirtley, Ryder",827333,Right,MIA_RED,Undefined,3,Bottom,2,2,0,Fastball,Sinker,StrikeCalled,Undefined,Undefined,Undefined,0,0,,89.14833,-2.718917,2.910932,2087.602468,144.745235,10:45,6.44934,-0.93555,6.79754,-14.20749,20.18914,-13.40658,2.77887,0.60621,80.67662,-5.51135,0.466655,0.422114,,,,,,,,,,,,7.93855,11.85792,0.7509,50,6.26694,-6.05665,-129.28041,-6.43178,13.28514,29.76342,-12.32991,MIA_RED,MIA_RED,McKieFieldStad,TeamExclusive,Team,20251024-McKieFieldStad-Private-1,e2ddea40-b111-11f0-a5c0-077d6a5da061,89.29452,,,8.47171,,,,,,,ae17ce3c-cf23-406e-8349-44deea114d82,2025-10-24,19:44:41.81,2025-10-24T15:44:41.8140000-04:00,2025-10-24T19:44:41.8140000Z,,v3,471355,471355,,,,Undefined,MIA_RED,3bc678cf-b815-4ecf-8d8c-9b5fa750f798,53.69786,-130.12896,14.88171,6.4453,-6.08026,-6.16496,0.92897,-6.43541,6.64257,,,,,,,,,,,,,,,,,,,,,,,,,,,,,,,,,,,,,,,,,,,,,,,,,,,High,High,High,,,,,
84,2025-10-24,15:44:59.17,3,4,"Tedesco, Jake",803230,Left,MIA_RED,"Kirtley, Ryder",827333,Right,MIA_RED,Undefined,3,Bottom,2,2,1,Fastball,Sinker,FoulBallNotFieldable,Undefined,Undefined,Undefined,0,0,,88.42716,-2.084818,1.880121,2119.026285,139.500421,10:45,6.43094,-0.70497,6.58503,-16.29729,18.88312,-15.06808,3.1605,-0.23714,80.04026,-5.250645,-0.859333,0.426896,,,,,,,,,,,,8.51871,10.94623,0.58206,50,6.28105,-3.63833,-128.37063,-5.06096,14.04087,29.61135,-14.13209,MIA_RED,MIA_RED,McKieFieldStad,TeamExclusive,Team,20251024-McKieFieldStad-Private-1,ed1f0980-b111-11f0-a5c0-077d6a5da061,88.29419,,,8.38689,,,,,,,ae17ce3c-cf23-406e-8349-44deea114d82,2025-10-24,19:44:59.17,2025-10-24T15:44:59.1750000-04:00,2025-10-24T19:44:59.1750000Z,,v3,471355,471355,,,,Undefined,MIA_RED,3e68c300-956a-4895-9afd-d6cf62f9823a,53.91212,-129.26989,14.80567,6.42823,-4.63179,-7.06604,0.69903,-4.06474,7.02044,,,,,,,,,,,,,,,,,,,,,,,,,,,,,,,,,,,,,,,,,,,,,,,,,,,High,High,High,,,,,
85,2025-10-24,15:45:20.18,3,5,"Tedesco, Jake",803230,Left,MIA_RED,"Kirtley, Ryder",827333,Right,MIA_RED,Undefined,3,Bottom,2,2,2,ChangeUp,Changeup,StrikeSwinging,Strikeout,Undefined,Undefined,0,0,,83.90052,-1.69598,2.545576,1699.301395,126.364716,10:15,6.12092,-1.35737,6.03925,-26.68663,13.12083,-15.96225,2.32472,-0.32907,76.31641,-6.704967,-0.326899,0.454102,,,,,,,,,,,,8.96217,7.67205,1.1672,50,5.97422,-4.78038,-121.68517,-4.40375,13.32919,25.67961,-20.76358,MIA_RED,MIA_RED,McKieFieldStad,TeamExclusive,Team,20251024-McKieFieldStad-Private-1,f9c19860-b111-11f0-a5c0-077d6a5da061,83.00432,,,7.58412,,,,,,,ae17ce3c-cf23-406e-8349-44deea114d82,2025-10-24,19:45:20.18,2025-10-24T15:45:20.1880000-04:00,2025-10-24T19:45:20.1880000Z,,v3,471355,471355,,,,Undefined,MIA_RED,839ceb12-0303-4d36-8298-f202c984e308,54.45741,-122.62223,12.8398,6.12109,-3.64609,-10.38179,1.35051,-5.26677,6.66459,,,,,,,,,,,,,,,,,,,,,,,,,,,,,,,,,,,,,,,,,,,,,,,,,,,High,High,High,,,,,
86,2025-10-24,15:47:46.93,1,1,"Sohosky, Zac",1000224033,Left,MIA_RED,"Krupinski, Dom",702597,Left,MIA_RED,Undefined,4,Top,0,0,0,Fastball,Four-Seam,StrikeCalled,Undefined,Undefined,Undefined,0,0,,90.87341,-1.903701,1.370409,1913.404305,146.014945,10:45,5.98084,-1.02679,5.80617,-15.39398,18.89844,-11.92772,2.92648,-0.7461,82.21875,-4.858665,-0.766805,0.421474,,,,,,,,,,,,6.45138,10.5463,0.92126,50,5.81547,-2.61641,-131.757,-4.81331,11.22611,30.63482,-13.82229,MIA_RED,MIA_RED,McKieFieldStad,TeamExclusive,Team,20251024-McKieFieldStad-Private-1,50f88f80-b112-11f0-a5c0-077d6a5da061,89.4301,,,8.65465,,,,,,,ae17ce3c-cf23-406e-8349-44deea114d82,2025-10-24,19:47:46.93,2025-10-24T15:47:46.9390000-04:00,2025-10-24T19:47:46.9390000Z,,v3,471355,471355,,,,Undefined,MIA_RED,51c20c92-6ae7-4c2f-979b-eb8f353eb8aa,54.68847,-132.84264,15.31741,5.97737,-4.32347,-6.91115,1.02103,-3.01424,5.61305,,,,,,,,,,,,,,,,,,,,,,,,,,,,,,,,,,,,,,,,,,,,,,,,,,,High,High,High,,,,,
87,2025-10-24,15:48:02.33,1,2,"Sohosky, Zac",1000224033,Left,MIA_RED,"Krupinski, Dom",702597,Left,MIA_RED,Undefined,4,Top,0,0,1,Fastball,Four-Seam,BallCalled,Undefined,Undefined,Undefined,0,0,,91.83102,-2.14288,3.59083,2082.964344,156.185451,11:15,5.95718,-0.9099,6.33613,-15.00253,17.88009,-7.39839,2.72919,1.78403,83.40591,-5.03794,2.255816,0.412719,,,,,,,,,,,,4.88114,10.24548,0.65137,50,5.79344,-8.0393,-133.0739,-5.37363,8.69944,30.18186,-13.91394,MIA_RED,MIA_RED,McKieFieldStad,TeamExclusive,Team,20251024-McKieFieldStad-Private-1,5a4e8b70-b112-11f0-a5c0-077d6a5da061,91.32706,,,8.42511,,,,,,,ae17ce3c-cf23-406e-8349-44deea114d82,2025-10-24,19:48:02.33,2025-10-24T15:48:02.3360000-04:00,2025-10-24T19:48:02.3360000Z,,v3,471355,471355,,,,Undefined,MIA_RED,194e6bdf-db39-402a-b63b-44cfc67fd108,54.1592,-134.01391,15.09093,5.95405,-4.94028,-6.95697,0.90597,-8.31025,4.34972,,,,,,,,,,,,,,,,,,,,,,,,,,,,,,,,,,,,,,,,,,,,,,,,,,,High,High,High,,,,,
88,2025-10-24,15:48:17.83,1,3,"Sohosky, Zac",1000224033,Left,MIA_RED,"Krupinski, Dom",702597,Left,MIA_RED,Undefined,4,Top,0,1,1,Fastball,Four-Seam,InPlay,Undefined,GroundBall,Single,0,0,,91.43212,-1.844268,2.217211,1995.728384,149.624609,11:00,5.86791,-0.96064,6.15699,-16.43414,16.86088,-9.22587,2.79273,0.31991,83.10677,-4.990693,0.554248,0.415299,101.31296,3.217167,-2.835666,1408.679729,,,,74.60483,73.05871,-4.007803,0.535063,5.42981,9.59973,0.7969,50,5.7193,-4.75047,-132.67487,-4.73965,9.61794,30.03991,-15.16978,MIA_RED,MIA_RED,McKieFieldStad,TeamExclusive,Team,20251024-McKieFieldStad-Private-1,63819610-b112-11f0-a5c0-077d6a5da061,90.75973,3.39291,,8.32535,,,,0.62768,2.74124,-0.33115,ae17ce3c-cf23-406e-8349-44deea114d82,2025-10-24,19:48:17.83,2025-10-24T15:48:17.8380000-04:00,2025-10-24T19:48:17.8380000Z,GroundBall,v3,471355,471355,,,,Undefined,MIA_RED,bd54ed0c-bf97-4326-a559-060bc8ed5df6,54.33997,-133.6539,15.01996,5.86572,-4.24525,-7.58489,0.95683,-5.06393,4.80897,26.171337,0.6425,147.80473,-18.57905,,,,,,,2.76644,7.70495,-24.14578,,,,,,,-0.32413,-7.51668,-3.05566,,,,,,,,,,,,,,,,,,,,,,,,,,,,,High,High,High,High,High,,,
89,2025-10-24,15:48:51.11,2,1,"Sohosky, Zac",1000224033,Left,MIA_RED,"Appelwick, Evan",695485,Right,MIA_RED,Undefined,4,Top,0,0,0,ChangeUp,Changeup,StrikeSwinging,Undefined,Undefined,Undefined,0,0,,83.96555,-2.225851,1.926888,1685.362504,106.346369,9:30,5.72901,-1.16649,6.40419,-31.50143,7.71217,-21.72918,1.05498,-1.20476,76.58717,-8.115594,-2.01715,0.450702,,,,,,,,,,,,11.85481,5.13433,1.0373,50,5.55541,-3.27527,-121.88585,-5.67169,17.66005,26.13457,-24.52549,MIA_RED,MIA_RED,McKieFieldStad,TeamExclusive,Team,20251024-McKieFieldStad-Private-1,775df7a0-b112-11f0-a5c0-077d6a5da061,83.63046,,,7.37838,,,,,,,ae17ce3c-cf23-406e-8349-44deea114d82,2025-10-24,19:48:51.11,2025-10-24T15:48:51.1100000-04:00,2025-10-24T19:48:51.1100000Z,,v3,471355,471355,,,,Undefined,MIA_RED,e76713cb-76e4-48f9-8aa3-b005b26d8a6f,54.09335,-122.7604,13.06729,5.73147,-4.85098,-12.26274,1.15679,-3.86623,8.83002,,,,,,,,,,,,,,,,,,,,,,,,,,,,,,,,,,,,,,,,,,,,,,,,,,,High,High,High,,,,,
90,2025-10-24,15:49:22.03,2,2,"Sohosky, Zac",1000224033,Left,MIA_RED,"Appelwick, Evan",695485,Right,MIA_RED,Undefined,4,Top,0,0,1,Fastball,Sinker,InPlay,Undefined,LineDrive,Single,0,0,,92.85341,-1.894155,1.993675,1995.272349,131.383795,10:30,5.98282,-0.9444,5.87038,-16.7208,15.85765,-16.76985,2.82834,-0.48934,84.52225,-5.068131,-1.014469,0.410806,94.04601,6.57651,-25.490624,3251.599595,,,,93.19085,89.80742,-27.6119,0.746375,9.18197,8.99225,0.79294,50,5.81983,-3.95431,-134.74102,-4.97926,16.80165,30.5475,-15.71956,MIA_RED,MIA_RED,McKieFieldStad,TeamExclusive,Team,20251024-McKieFieldStad-Private-1,89bc6bc0-b112-11f0-a5c0-077d6a5da061,91.75246,4.97045,,8.33115,,,,1.42115,2.74845,0.54843,ae17ce3c-cf23-406e-8349-44deea114d82,2025-10-24,19:49:22.03,2025-10-24T15:49:22.0300000-04:00,2025-10-24T19:49:22.0300000Z,GroundBall,v3,471355,471355,,,,Undefined,MIA_RED,c3931e41-960c-42cc-9d97-04a7640996a4,54.6278,-135.78615,15.27375,5.98099,-4.44144,-7.85978,0.93806,-4.52915,8.40083,46.796559,1.46909,122.81705,-19.03485,,,,,,,2.82308,14.43427,-24.52928,,,,,,,0.57374,-59.43977,1.0341,,,,,,,,,,,,,,,,,,,,,,,,,,,,,High,High,High,High,High,,,
91,2025-10-24,15:50:22.76,3,1,"Sohosky, Zac",1000224033,Left,MIA_RED,"Breidenbach, Mason",1000074554,Right,MIA_RED,Undefined,4,Top,0,0,0,Slider,Slider,HitByPitch,Undefined,Undefined,Undefined,0,0,,78.66577,2.645079,0.127453,1935.167247,332.827612,5:00,5.61561,-1.77459,5.7072,-47.23656,-1.31032,1.47323,4.14538,-1.53307,71.30112,-6.062946,0.390919,0.487755,,,,,,,,,,,,-0.71087,-1.05008,1.76297,50,5.80793,-0.31014,-114.07238,3.73526,-0.92669,23.06637,-33.54299,MIA_RED,MIA_RED,McKieFieldStad,TeamExclusive,Team,20251024-McKieFieldStad-Private-1,adfcd100-b112-11f0-a5c0-077d6a5da061,77.27737,,,7.36465,,,,,,,ae17ce3c-cf23-406e-8349-44deea114d82,2025-10-24,19:50:22.76,2025-10-24T15:50:22.7670000-04:00,2025-10-24T19:50:22.7670000Z,,v3,471355,471355,,,,Undefined,MIA_RED,776a93a0-5ae0-44c5-9d2a-5ce9c068613b,54.79064,-115.03701,11.53319,5.62239,5.13802,-16.7715,1.77513,-0.27139,-0.46335,,,,,,,,,,,,,,,,,,,,,,,,,,,,,,,,,,,,,,,,,,,,,,,,,,,High,High,High,,,,,
92,2025-10-24,15:51:08.46,4,1,"Sohosky, Zac",1000224033,Left,MIA_RED,"Novak, Ryan",10035937,Left,MIA_RED,Undefined,4,Top,0,0,0,Fastball,Four-Seam,StrikeSwinging,Undefined,Undefined,Undefined,0,0,,91.39716,-1.820493,2.218669,1974.955218,149.919317,11:00,5.91825,-0.84927,6.06658,-14.11532,19.24962,-10.51036,3.05543,0.32909,83.18599,-4.544131,0.327636,0.415735,,,,,,,,,,,,6.01583,10.74512,0.6826,50,5.76932,-4.68327,-132.6159,-4.58763,10.67734,29.25199,-13.10286,MIA_RED,MIA_RED,McKieFieldStad,TeamExclusive,Team,20251024-McKieFieldStad-Private-1,c965b920-b112-11f0-a5c0-077d6a5da061,90.66461,,,8.21117,,,,,,,ae17ce3c-cf23-406e-8349-44deea114d82,2025-10-24,19:51:08.46,2025-10-24T15:51:08.4690000-04:00,2025-10-24T19:51:08.4690000Z,,v3,471355,471355,,,,Undefined,MIA_RED,6af0fb06-4c9c-413a-8621-bab5508d975c,54.42938,-133.58934,14.626,5.91473,-4.15159,-6.55143,0.84436,-5.0386,5.33867,,,,,,,,,,,,,,,,,,,,,,,,,,,,,,,,,,,,,,,,,,,,,,,,,,,High,High,High,,,,,
93,2025-10-24,15:51:23.92,4,2,"Sohosky, Zac",1000224033,Left,MIA_RED,"Novak, Ryan",10035937,Left,MIA_RED,Undefined,4,Top,0,0,1,Slider,Curveball,StrikeCalled,Undefined,Undefined,Undefined,0,0,,80.5414,-0.037958,1.317903,1993.824823,343.975616,5:30,5.6405,-1.40861,5.98757,-45.98751,-3.26453,1.30201,1.77302,-0.07847,74.41211,-8.478094,1.552424,0.470438,,,,,,,,,,,,-0.31366,-1.27996,1.30396,50,5.61214,-2.74259,-117.10469,-1.55946,-0.43669,21.58192,-33.956,MIA_RED,MIA_RED,McKieFieldStad,TeamExclusive,Team,20251024-McKieFieldStad-Private-1,d273d6a0-b112-11f0-a5c0-077d6a5da061,80.12205,,,6.1293,,,,,,,ae17ce3c-cf23-406e-8349-44deea114d82,2025-10-24,19:51:23.92,2025-10-24T15:51:23.9220000-04:00,2025-10-24T19:51:23.9220000Z,,v3,471355,471355,,,,Undefined,MIA_RED,cdf31868-55bf-46df-8d5c-09102ce34995,54.51219,-117.93334,10.79096,5.64699,-0.25571,-16.978,1.40894,-2.72582,-0.21835,,,,,,,,,,,,,,,,,,,,,,,,,,,,,,,,,,,,,,,,,,,,,,,,,,,High,High,High,,,,,
94,2025-10-24,15:51:41.63,4,3,"Sohosky, Zac",1000224033,Left,MIA_RED,"Novak, Ryan",10035937,Left,MIA_RED,Undefined,4,Top,0,0,2,Fastball,Sinker,BallCalled,Undefined,Undefined,Undefined,0,0,,90.53217,-0.930865,2.517969,1958.042869,139.953341,10:45,5.96968,-0.78283,5.93386,-17.94343,16.41832,-12.79824,3.60989,0.48816,81.92111,-4.35373,0.221381,0.421899,,,,,,,,,,,,7.27591,9.02902,0.58874,50,5.88521,-5.21124,-131.27804,-2.66591,12.58058,30.1765,-16.56222,MIA_RED,MIA_RED,McKieFieldStad,TeamExclusive,Team,20251024-McKieFieldStad-Private-1,dcfa3c40-b112-11f0-a5c0-077d6a5da061,89.33986,,,8.61106,,,,,,,ae17ce3c-cf23-406e-8349-44deea114d82,2025-10-24,19:51:41.63,2025-10-24T15:51:41.6370000-04:00,2025-10-24T19:51:41.6370000Z,,v3,471355,471355,,,,Undefined,MIA_RED,6d84a210-3bdd-4553-bd82-e3d591c80ee7,54.56134,-132.32239,15.08825,5.96755,-2.09272,-8.28111,0.77662,-5.64663,6.29029,,,,,,,,,,,,,,,,,,,,,,,,,,,,,78.87001,1.49856,0.670362,0.828198,-1.28009,3.39969,-0.49583,-0.57026,5.22572,-2.26681,65.73785,0.72544,-59.0402,-0.56487,83.84183,-4.58396,5.24197,6.01048,-13.88172,-2.31331,-78.5501,12.25025,High,High,High,,,High,High,High
95,2025-10-24,15:52:05.63,4,4,"Sohosky, Zac",1000224033,Left,MIA_RED,"Novak, Ryan",10035937,Left,MIA_RED,Undefined,4,Top,0,1,2,Slider,Curveball,InPlay,Undefined,LineDrive,Double,0,2,,81.45893,0.036452,0.745845,2112.628479,308.526606,4:15,5.62542,-1.45539,5.80074,-41.93164,-0.21134,1.70197,2.16502,-0.61985,75.70104,-7.637132,1.051257,0.464885,77.63254,4.031014,37.619675,2956.410069,,,,67.64949,65.59214,39.335116,0.618835,-0.69354,0.1835,1.39308,50,5.60288,-1.60684,-118.52119,-1.30718,-0.99743,20.30112,-31.91012,MIA_RED,MIA_RED,McKieFieldStad,TeamExclusive,Team,20251024-McKieFieldStad-Private-1,eb4ee7f0-b112-11f0-a5c0-077d6a5da061,81.07914,3.12602,,5.75789,,,,2.17432,2.31646,0.6314,ae17ce3c-cf23-406e-8349-44deea114d82,2025-10-24,19:52:05.63,2025-10-24T15:52:05.6370000-04:00,2025-10-24T19:52:05.6370000Z,GroundBall,v3,471355,471355,,,,Undefined,MIA_RED,80ad1e98-e28f-4ddd-a827-218c8c1c08ce,54.70016,-119.32355,10.15056,5.62962,-0.046,-15.95506,1.45581,-1.56742,-0.49871,,2.19472,89.51939,-13.80816,,,,,,,2.3352,7.59688,-18.42016,,,,,,,0.62467,69.47879,-1.91779,,,,,,,,,,,,,,,,,,,,,,,,,,,,,High,High,High,High,High,,,
96,2025-10-24,15:52:48.89,5,1,"Sohosky, Zac",1000224033,Left,MIA_RED,"Cruz, Diego",1000178634,Left,MIA_RED,Undefined,4,Top,0,0,0,ChangeUp,Changeup,StrikeCalled,Undefined,Undefined,Undefined,0,0,,82.9637,-0.329275,3.165048,1595.479813,122.465688,10:00,5.85553,-0.98137,6.81721,-28.26053,10.70729,-15.01304,3.19962,0.658,76.39049,-5.674288,0.426412,0.449288,,,,,,,,,,,,8.75571,6.13406,0.78202,50,5.82374,-6.15106,-120.61927,-1.43192,12.97777,22.12449,-23.08212,MIA_RED,MIA_RED,McKieFieldStad,TeamExclusive,Team,20251024-McKieFieldStad-Private-1,04fa4190-b113-11f0-a5c0-077d6a5da061,83.89376,,,6.57321,,,,,,,ae17ce3c-cf23-406e-8349-44deea114d82,2025-10-24,19:52:48.89,2025-10-24T15:52:48.8930000-04:00,2025-10-24T19:52:48.8930000Z,,v3,471355,471355,,,,Undefined,MIA_RED,dfda3557-8e6e-4a4b-9bda-b167a2615615,53.68131,-121.29264,11.06224,5.85663,-0.72941,-11.54106,0.97524,-6.54604,6.48889,,,,,,,,,,,,,,,,,,,,,,,,,,,,,,,,,,,,,,,,,,,,,,,,,,,High,High,High,,,,,
97,2025-10-24,15:53:06.86,5,2,"Sohosky, Zac",1000224033,Left,MIA_RED,"Cruz, Diego",1000178634,Left,MIA_RED,Undefined,4,Top,0,0,1,Fastball,Sinker,InPlay,Undefined,FlyBall,Out,2,1,,90.46084,-2.801573,1.239503,1802.335445,144.798743,10:45,5.98803,-0.76029,6.07165,-17.04481,16.71371,-11.06859,1.97258,-0.53554,83.25572,-6.023009,-0.754378,0.41818,79.69373,28.109029,5.156386,2972.974982,109.85347,49.19995,5.67107,277.56514,271.30199,-0.763801,4.158583,6.07957,9.69607,0.67037,50,5.76188,-2.39392,-131.39412,-6.93706,10.68399,26.47436,-15.13455,MIA_RED,MIA_RED,McKieFieldStad,TeamExclusive,Team,20251024-McKieFieldStad-Private-1,0fc29230-b113-11f0-a5c0-077d6a5da061,90.13454,56.31349,,7.20512,,,,1.82994,2.06552,0.52066,ae17ce3c-cf23-406e-8349-44deea114d82,2025-10-24,19:53:06.86,2025-10-24T15:53:06.8670000-04:00,2025-10-24T19:53:06.8670000Z,LineDrive,v3,471355,471355,,,,Undefined,MIA_RED,8316acde-3c1e-4946-9fcd-6ea8b5d93eac,54.42777,-132.28326,13.23718,5.98632,-6.42877,-7.56728,0.7568,-2.75274,5.34199,161.353134,1.82959,102.69271,-18.33703,4.39628,-0.99089,0.24943,-0.05871,0.00878,-0.00055,2.06667,55.03341,-14.27261,-0.21253,0.49806,-0.2822,0.08628,-0.01319,0.00079,0.5206,9.26884,-5.51558,1.4318,-0.33072,0.07982,-0.01765,0.00254,-0.00016,,,,,,,,,,,,,,,,,,,,,,,High,High,High,High,High,,,
98,2025-10-24,15:53:41.66,6,1,"Sohosky, Zac",1000224033,Left,MIA_RED,"Harrison, Tommy",811731,Left,MIA_RED,Undefined,4,Top,2,0,0,Slider,Slider,BallCalled,Undefined,Undefined,Undefined,0,0,,79.47933,1.683462,0.680807,1928.139079,320.462409,4:45,5.60226,-1.32932,5.76038,-45.71845,-1.73476,2.44134,3.35986,-0.49218,73.57892,-6.692114,1.118127,0.477328,,,,,,,,,,,,-1.07303,-0.90398,1.27144,50,5.71387,-1.46619,-115.56003,1.89249,-1.46577,19.48111,-33.40888,MIA_RED,MIA_RED,McKieFieldStad,TeamExclusive,Team,20251024-McKieFieldStad-Private-1,24729770-b113-11f0-a5c0-077d6a5da061,78.96542,,,5.90041,,,,,,,ae17ce3c-cf23-406e-8349-44deea114d82,2025-10-24,19:53:41.66,2025-10-24T15:53:41.6630000-04:00,2025-10-24T19:53:41.6630000Z,,v3,471355,471355,,,,Undefined,MIA_RED,5d5d261a-f254-48e4-a72e-38b7b035c7a2,54.73943,-116.35625,9.74055,5.60861,3.25797,-16.70444,1.33014,-1.40628,-0.73288,,,,,,,,,,,,,,,,,,,,,,,,,,,,,,,,,,,,,,,,,,,,,,,,,,,High,High,High,,,,,
99,2025-10-24,15:53:53.27,6,2,"Sohosky, Zac",1000224033,Left,MIA_RED,"Harrison, Tommy",811731,Left,MIA_RED,Undefined,4,Top,2,1,0,Slider,Slider,BallCalled,Undefined,Undefined,Undefined,0,0,,80.07113,-0.387067,2.817283,2001.761218,243.564747,2:00,5.55556,-1.52166,5.83283,-40.95368,2.65973,2.69803,1.78253,1.32394,73.84329,-7.903612,3.300594,0.475315,,,,,,,,,,,,-0.6126,1.88248,1.29012,50,5.49986,-5.82264,-116.23732,-2.1028,-0.84,21.32997,-29.59278,MIA_RED,MIA_RED,McKieFieldStad,TeamExclusive,Team,20251024-McKieFieldStad-Private-1,2b7e0720-b113-11f0-a5c0-077d6a5da061,79.29992,,,6.22783,,,,,,,ae17ce3c-cf23-406e-8349-44deea114d82,2025-10-24,19:53:53.27,2025-10-24T15:53:53.2750000-04:00,2025-10-24T19:53:53.2750000Z,,v3,471355,471355,,,,Undefined,MIA_RED,65fe8f4e-25b1-46bc-848b-149c5df70070,54.66529,-117.09028,10.66499,5.56029,-0.91941,-14.79639,1.5223,-5.78905,-0.42,,,,,,,,,,,,,,,,,,,,,,,,,,,,,,,,,,,,,,,,,,,,,,,,,,,High,High,High,,,,,
100,2025-10-24,15:54:10.43,6,3,"Sohosky, Zac",1000224033,Left,MIA_RED,"Harrison, Tommy",811731,Left,MIA_RED,Undefined,4,Top,2,2,0,Slider,Slider,StrikeCalled,Undefined,Undefined,Undefined,0,0,,79.70649,-0.036966,2.158728,1906.984151,343.264148,5:30,5.49572,-1.54357,6.00061,-46.0338,-2.23807,1.07925,1.62529,0.54752,73.39327,-8.497028,2.353004,0.476307,,,,,,,,,,,,0.05118,-0.75602,1.37316,50,5.46748,-4.40458,-115.79982,-1.52813,0.06941,21.89072,-33.1993,MIA_RED,MIA_RED,McKieFieldStad,TeamExclusive,Team,20251024-McKieFieldStad-Private-1,35b71010-b113-11f0-a5c0-077d6a5da061,79.13467,,,6.31322,,,,,,,ae17ce3c-cf23-406e-8349-44deea114d82,2025-10-24,19:54:10.43,2025-10-24T15:54:10.4330000-04:00,2025-10-24T19:54:10.4330000Z,,v3,471355,471355,,,,Undefined,MIA_RED,d961ba56-6050-4f77-8d00-22385c9196ae,54.49887,-116.64719,10.94536,5.50176,-0.24302,-16.59965,1.54371,-4.40727,0.03471,,,,,,,,,,,,,,,,,,,,,,,,,,,,,,,,,,,,,,,,,,,,,,,,,,,High,High,High,,,,,
101,2025-10-24,15:54:24.33,6,4,"Sohosky, Zac",1000224033,Left,MIA_RED,"Harrison, Tommy",811731,Left,MIA_RED,Undefined,4,Top,2,2,1,Slider,Slider,StrikeCalled,Undefined,Undefined,Undefined,0,0,,80.07108,0.709886,0.898432,1914.457533,322.282175,4:45,5.62458,-1.3268,6.04937,-45.88589,-2.3998,2.94575,2.45802,-0.24956,73.23878,-7.76154,1.429433,0.474621,,,,,,,,,,,,-1.24413,-0.97465,1.2554,50,5.6556,-1.93534,-116.32308,-0.01934,-1.69427,23.06229,-33.50133,MIA_RED,MIA_RED,McKieFieldStad,TeamExclusive,Team,20251024-McKieFieldStad-Private-1,3dde7710-b113-11f0-a5c0-077d6a5da061,79.41594,,,6.83231,,,,,,,ae17ce3c-cf23-406e-8349-44deea114d82,2025-10-24,19:54:24.33,2025-10-24T15:54:24.3390000-04:00,2025-10-24T19:54:24.3390000Z,,v3,471355,471355,,,,Undefined,MIA_RED,2fab45de-ae59-4767-9a45-adc7246c1aae,54.44834,-117.20169,11.53114,5.63203,1.25697,-16.75066,1.3279,-1.87079,-0.84713,,,,,,,,,,,,,,,,,,,,,,,,,,,,,,,,,,,,,,,,,,,,,,,,,,,High,High,High,,,,,
102,2025-10-24,15:54:38.67,6,5,"Sohosky, Zac",1000224033,Left,MIA_RED,"Harrison, Tommy",811731,Left,MIA_RED,Undefined,4,Top,2,2,2,Slider,Curveball,FoulBallNotFieldable,Undefined,Undefined,Undefined,0,0,,81.18393,0.706389,2.022118,2015.348724,313.624718,4:30,5.66896,-1.27954,6.13969,-43.71546,-1.84976,3.2524,2.67925,0.86098,74.79433,-7.359611,2.608591,0.465694,,,,,,,,,,,,-1.13949,-0.81315,1.1237,50,5.70009,-4.28467,-118.01003,0.08835,-1.6095,22.11577,-33.32263,MIA_RED,MIA_RED,McKieFieldStad,TeamExclusive,Team,20251024-McKieFieldStad-Private-1,46806540-b113-11f0-a5c0-077d6a5da061,80.93819,,,6.3896,,,,,,,ae17ce3c-cf23-406e-8349-44deea114d82,2025-10-24,19:54:38.67,2025-10-24T15:54:38.6760000-04:00,2025-10-24T19:54:38.6760000Z,,v3,471355,471355,,,,Undefined,MIA_RED,ac2a0783-9339-4c46-8278-ccdfec6920d5,54.3604,-118.82438,11.05789,5.67425,1.31537,-16.66132,1.28038,-4.2254,-0.80475,,,,,,,,,,,,,,,,,,,,,,,,,,,,,,,,,,,,,,,,,,,,,,,,,,,High,High,High,,,,,
103,2025-10-24,15:55:04.14,6,6,"Sohosky, Zac",1000224033,Left,MIA_RED,"Harrison, Tommy",811731,Left,MIA_RED,Undefined,4,Top,2,2,2,ChangeUp,Changeup,FoulBallNotFieldable,Undefined,Undefined,Undefined,0,0,,83.40988,-1.018278,3.299306,1474.161521,108.877641,9:45,5.71958,-0.91402,6.82571,-31.46317,7.54012,-18.24887,2.16718,0.57809,76.08268,-6.962849,-0.032434,0.449492,,,,,,,,,,,,10.72127,4.67744,0.70799,50,5.64249,-6.36354,-121.15502,-2.99762,15.82006,25.27272,-25.27209,MIA_RED,MIA_RED,McKieFieldStad,TeamExclusive,Team,20251024-McKieFieldStad-Private-1,55afe090-b113-11f0-a5c0-077d6a5da061,83.85563,,,7.3272,,,,,,,ae17ce3c-cf23-406e-8349-44deea114d82,2025-10-24,19:55:04.14,2025-10-24T15:55:04.1420000-04:00,2025-10-24T19:55:04.1420000Z,,v3,471355,471355,,,,Undefined,MIA_RED,4379b7e3-160c-4ed1-b265-7c007d554c76,53.67362,-121.91892,12.63636,5.72156,-2.23374,-12.63605,0.90756,-6.84172,7.91003,,,,,,,,,,,,,,,,,,,,,,,,,,,,,,,,,,,,,,,,,,,,,,,,,,,High,High,High,,,,,
104,2025-10-24,15:55:24.50,6,7,"Sohosky, Zac",1000224033,Left,MIA_RED,"Harrison, Tommy",811731,Left,MIA_RED,Undefined,4,Top,2,2,2,Slider,Slider,InPlay,Undefined,GroundBall,Out,1,0,,80.82865,-0.223925,1.956906,2310.122353,355.63967,5:45,5.58038,-1.58967,6.08828,-41.03817,1.12937,0.00728,1.95327,0.22185,74.77611,-7.785742,1.958218,0.46737,91.10024,-12.553906,29.127178,,,,,11.63861,2.79927,22.696782,0.072198,0.51071,0.95732,1.43873,50,5.54107,-4.01601,-117.53039,-1.73046,0.71811,21.17357,-30.8279,MIA_RED,MIA_RED,McKieFieldStad,TeamExclusive,Team,20251024-McKieFieldStad-Private-1,61cd39e0-b113-11f0-a5c0-077d6a5da061,80.64801,2.10018,,6.05254,,,,2.49867,2.10018,-0.09988,ae17ce3c-cf23-406e-8349-44deea114d82,2025-10-24,19:55:24.50,2025-10-24T15:55:24.5010000-04:00,2025-10-24T19:55:24.5010000Z,GroundBall,v3,471355,471355,,,,Undefined,MIA_RED,2945e595-aae6-4061-b1b8-8875ee1116b4,54.41212,-118.32258,10.58679,5.58424,-0.57706,-15.41395,1.58949,-4.04287,0.35906,,2.49651,114.11201,,,,,,,,2.10073,-29.08927,,,,,,,,-0.10109,63.58485,,,,,,,,,,,,,,,,,,,,,,,,,,,,,,High,High,High,Low,Low,,,
105,2025-10-24,15:57:32.02,1,1,"Tedesco, Jake",803230,Left,MIA_RED,"Christiansen, Hayden",830132,Right,MIA_RED,Undefined,4,Bottom,0,0,0,Fastball,Sinker,InPlay,Undefined,Popup,Out,1,0,,88.34277,-2.772581,1.869282,2004.25215,137.305428,10:30,6.30427,-1.14117,6.39421,-18.14277,16.83304,-14.54954,2.23909,-0.63385,81.32907,-6.217277,-0.76715,0.425653,58.77601,68.786592,17.989425,,,,,98.73751,47.57753,30.50525,4.598787,8.14,9.86804,1.01358,50,6.09652,-3.63732,-128.35024,-6.71418,13.6461,25.33003,-15.63103,MIA_RED,MIA_RED,McKieFieldStad,TeamExclusive,Team,20251024-McKieFieldStad-Private-1,adcc0790-b113-11f0-a5c0-077d6a5da061,88.55214,86.58386,,7.0137,,,,1.94475,2.18505,-0.08216,ae17ce3c-cf23-406e-8349-44deea114d82,2025-10-24,19:57:32.02,2025-10-24T15:57:32.0280000-04:00,2025-10-24T19:57:32.0280000Z,Popup,v3,471355,471355,,,,Undefined,MIA_RED,c13c4be9-934c-4944-831f-b5101703acb1,54.10544,-129.15791,12.66502,6.30266,-6.21577,-7.81552,1.13649,-4.07244,6.82305,,1.94598,29.62072,-7.1487,1.39881,0.45706,-0.42514,0.13507,-0.0203,0.00119,2.17807,80.52049,-22.86537,3.24831,-1.40463,0.50477,-0.11149,0.0127,-0.00056,-0.08041,9.60471,1.78636,-0.72283,0.05493,0.07372,-0.03452,0.00623,-0.00041,,,,,,,,,,,,,,,,,,,,,,,High,High,High,Medium,Low,,,
106,2025-10-24,15:58:05.36,2,1,"Tedesco, Jake",803230,Left,MIA_RED,"Buffington, Matthew",825106,Right,MIA_RED,Undefined,4,Bottom,1,0,0,Fastball,Sinker,StrikeSwinging,Undefined,Undefined,Undefined,0,0,,90.63131,-1.595607,2.031565,2088.490838,139.276096,10:45,6.36186,-1.01732,6.55251,-13.5402,19.76127,-16.06241,3.76915,-0.49226,82.45098,-4.24222,-0.886002,0.415339,,,,,,,,,,,,8.95922,11.13516,0.88296,50,6.24533,-4.02391,-131.6513,-3.96832,15.64959,29.18309,-12.72364,MIA_RED,MIA_RED,McKieFieldStad,TeamExclusive,Team,20251024-McKieFieldStad-Private-1,c1b51350-b113-11f0-a5c0-077d6a5da061,90.75095,,,8.18033,,,,,,,ae17ce3c-cf23-406e-8349-44deea114d82,2025-10-24,19:58:05.36,2025-10-24T15:58:05.3610000-04:00,2025-10-24T19:58:05.3610000Z,,v3,471355,471355,,,,Undefined,MIA_RED,8857573b-228b-424d-a26c-36f39f455ecc,53.94425,-132.52274,14.59155,6.35816,-3.58838,-6.36182,1.01009,-4.49122,7.82479,,,,,,,,,,,,,,,,,,,,,,,,,,,,,,,,,,,,,,,,,,,,,,,,,,,High,High,High,,,,,
107,2025-10-24,15:58:20.26,2,2,"Tedesco, Jake",803230,Left,MIA_RED,"Buffington, Matthew",825106,Right,MIA_RED,Undefined,4,Bottom,1,0,1,ChangeUp,Changeup,BallCalled,Undefined,Undefined,Undefined,0,0,,83.8857,-0.273987,1.778105,1393.972747,119.011488,10:00,6.20162,-1.30027,5.84421,-28.11151,11.46359,-18.51899,3.60426,-1.19059,77.0987,-5.504787,-1.543177,0.452775,,,,,,,,,,,,9.90831,6.30437,1.16632,50,6.16283,-3.04069,-121.89817,-1.47412,14.97551,22.95301,-22.64555,MIA_RED,MIA_RED,McKieFieldStad,TeamExclusive,Team,20251024-McKieFieldStad-Private-1,ca7b2b50-b113-11f0-a5c0-077d6a5da061,83.24763,,,6.787,,,,,,,ae17ce3c-cf23-406e-8349-44deea114d82,2025-10-24,19:58:20.26,2025-10-24T15:58:20.2690000-04:00,2025-10-24T19:58:20.2690000Z,,v3,471355,471355,,,,Undefined,MIA_RED,5be18187-1356-43a3-aa57-80136775ab51,54.65424,-122.77142,11.47651,6.20252,-0.61257,-11.32278,1.29283,-3.61044,7.48776,,,,,,,,,,,,,,,,,,,,,,,,,,,,,,,,,,,,,,,,,,,,,,,,,,,High,High,High,,,,,
108,2025-10-24,15:58:35.11,2,3,"Tedesco, Jake",803230,Left,MIA_RED,"Buffington, Matthew",825106,Right,MIA_RED,Undefined,4,Bottom,1,1,1,Slider,Curveball,FoulBallNotFieldable,Undefined,Undefined,Undefined,0,0,,77.656,0.247656,1.14363,2257.637273,314.920129,4:30,6.55283,-1.24676,5.45928,-48.84955,-1.35429,2.97185,2.7139,0.07149,70.86682,-8.674136,1.673612,0.496017,62.57574,58.890627,163.744657,6235.809723,,,,,34.22626,,,-1.15248,-0.33193,1.14388,50,6.54106,-2.36334,-112.66799,-1.13475,-1.46565,22.50263,-32.59618,MIA_RED,MIA_RED,McKieFieldStad,TeamExclusive,Team,20251024-McKieFieldStad-Private-1,d3799160-b113-11f0-a5c0-077d6a5da061,75.99023,46.06557,,6.78919,,,,1.71493,2.88078,-0.06618,ae17ce3c-cf23-406e-8349-44deea114d82,2025-10-24,19:58:35.11,2025-10-24T15:58:35.1130000-04:00,2025-10-24T19:58:35.1130000Z,,v3,471355,471355,,,,Undefined,MIA_RED,715636fc-43b4-48cb-981e-59a5b162050d,55.03904,-113.66996,11.25132,6.55927,0.31665,-16.29809,1.24766,-2.29807,-0.73282,358.911758,1.71493,-45.52341,-1.12153,1.07656,-0.3409,0.09315,-0.02321,0.00537,-0.00075,2.88078,78.57839,-30.96227,4.28004,-0.9271,0.18586,-0.03873,0.007,-0.00069,-0.06618,13.27347,0.00771,-0.81786,0.28578,-0.08153,0.02058,-0.00482,0.00067,,,,,,,,,,,,,,,,,,,,,,,High,High,High,High,Undefined,,,
109,2025-10-24,15:58:55.89,2,4,"Tedesco, Jake",803230,Left,MIA_RED,"Buffington, Matthew",825106,Right,MIA_RED,Undefined,4,Bottom,1,1,2,ChangeUp,Changeup,StrikeSwinging,Strikeout,Undefined,Undefined,0,0,,83.42841,-1.021819,1.996432,1477.171528,106.100787,9:30,6.06562,-1.36052,6.03102,-33.01108,6.87241,-19.4919,2.36778,-1.13533,76.62767,-7.143212,-1.514596,0.454536,,,,,,,,,,,,10.58548,4.20677,1.21494,50,5.9679,-3.47106,-121.21438,-3.20681,15.75199,23.65304,-25.91402,MIA_RED,MIA_RED,McKieFieldStad,TeamExclusive,Team,20251024-McKieFieldStad-Private-1,dfd79d30-b113-11f0-a5c0-077d6a5da061,82.92517,,,6.80074,,,,,,,ae17ce3c-cf23-406e-8349-44deea114d82,2025-10-24,19:58:55.89,2025-10-24T15:58:55.8920000-04:00,2025-10-24T19:58:55.8920000Z,,v3,471355,471355,,,,Undefined,MIA_RED,2a6656d4-f0df-4dfb-be02-5985e38644d8,54.46813,-122.08316,11.82652,6.06821,-2.255,-12.95701,1.35306,-4.04963,7.876,,,,,,,,,,,,,,,,,,,,,,,,,,,,,67.79839,2.322783,1.34871,0.974072,-1.01723,2.05596,1.20313,-3.05752,5.40795,4.82905,73.22178,6.46904,51.55423,-3.00066,84.89036,-6.8034,5.43512,14.5483,-13.83895,4.82569,48.45024,-0.49127,High,High,High,,,High,High,High
110,2025-10-24,15:59:30.18,3,1,"Tedesco, Jake",803230,Left,MIA_RED,"Proctor, Keenan",823047,Left,MIA_RED,Undefined,4,Bottom,2,0,0,Slider,Slider,BallCalled,Undefined,Undefined,Undefined,0,0,,79.06364,-1.842686,3.766777,2272.500519,264.431469,2:45,6.53633,-1.06834,5.29716,-43.70369,1.93402,6.24532,1.16002,2.99363,73.50485,-9.715669,4.873322,0.486221,,,,,,,,,,,,-2.15366,1.86496,0.72073,50,6.33648,-7.78945,-114.56988,-5.19858,-2.87948,19.99677,-29.68057,MIA_RED,MIA_RED,McKieFieldStad,TeamExclusive,Team,20251024-McKieFieldStad-Private-1,f4320860-b113-11f0-a5c0-077d6a5da061,77.52129,,,5.55879,,,,,,,ae17ce3c-cf23-406e-8349-44deea114d82,2025-10-24,19:59:30.18,2025-10-24T15:59:30.1850000-04:00,2025-10-24T19:59:30.1850000Z,,v3,471355,471355,,,,Undefined,MIA_RED,584739c8-1e34-46e7-9885-c8a29aed813a,55.20183,-115.47423,9.99839,6.54123,-3.85628,-14.84028,1.07006,-7.65922,-1.43974,,,,,,,,,,,,,,,,,,,,,,,,,,,,,,,,,,,,,,,,,,,,,,,,,,,High,High,High,,,,,
111,2025-10-24,15:59:49.86,3,2,"Tedesco, Jake",803230,Left,MIA_RED,"Proctor, Keenan",823047,Left,MIA_RED,Undefined,4,Bottom,2,1,0,Slider,Curveball,StrikeCalled,Undefined,Undefined,Undefined,0,0,,76.20153,1.233509,1.580879,2297.919825,346.550321,5:30,6.60785,-1.08573,5.00277,-55.73389,-5.99004,1.79973,3.1284,0.55695,70.1579,-8.81541,1.898968,0.507623,,,,,,,,,,,,-0.44909,-2.80961,0.93234,50,6.68113,-3.1239,-110.56189,0.40471,-0.55583,19.725,-35.6515,MIA_RED,MIA_RED,McKieFieldStad,TeamExclusive,Team,20251024-McKieFieldStad-Private-1,ffe99b00-b113-11f0-a5c0-077d6a5da061,74.25285,,,6.04363,,,,,,,ae17ce3c-cf23-406e-8349-44deea114d82,2025-10-24,19:59:49.86,2025-10-24T15:59:49.8670000-04:00,2025-10-24T19:59:49.8670000Z,,v3,471355,471355,,,,Undefined,MIA_RED,0369ec45-1aa8-4de4-abcd-4aa27204cf08,55.49666,-111.53822,9.8625,6.61742,2.16936,-17.82575,1.08628,-3.09639,-0.27792,,,,,,,,,,,,,,,,,,,,,,,,,,,,,,,,,,,,,,,,,,,,,,,,,,,High,High,High,,,,,
112,2025-10-24,16:00:06.30,3,3,"Tedesco, Jake",803230,Left,MIA_RED,"Proctor, Keenan",823047,Left,MIA_RED,Undefined,4,Bottom,2,1,1,Fastball,Four-Seam,InPlay,Undefined,FlyBall,Out,1,0,,89.05803,-3.583739,2.234933,2258.68326,143.948691,10:45,6.38387,-0.82456,6.62821,-14.47564,20.12832,-13.77698,1.88946,0.07473,80.94232,-6.401478,-0.271115,0.423384,88.41188,46.186924,-2.319608,4641.096346,109.66039,105.26727,-8.63556,276.06679,152.15301,-6.640013,5.809277,7.95961,12.05745,0.67849,50,6.13461,-4.52093,-129.1495,-8.42021,13.32855,29.04694,-11.98353,MIA_RED,MIA_RED,McKieFieldStad,TeamExclusive,Team,20251024-McKieFieldStad-Private-1,09c89d10-b114-11f0-a5c0-077d6a5da061,89.02666,124.53863,,8.11571,,,,1.83454,1.91197,-0.08999,ae17ce3c-cf23-406e-8349-44deea114d82,2025-10-24,20:00:06.30,2025-10-24T16:00:06.3020000-04:00,2025-10-24T20:00:06.3020000Z,FlyBall,v3,471355,471355,,,,Undefined,MIA_RED,65ea229a-3b42-44e2-8086-c968dfb3ed36,53.86976,-130.01693,14.52347,6.38072,-8.06235,-5.99177,0.81945,-4.91896,6.66428,172.05309,1.83967,89.5982,-21.3193,5.10167,-0.68444,0.00979,0.01172,-0.00152,6E-05,1.91237,93.55572,-20.55594,1.27118,-0.01719,-0.07931,0.02699,-0.00379,0.00019,-0.08988,-3.63744,-1.62401,0.56009,-0.09965,0.00485,0.00178,-0.00035,2E-05,,,,,,,,,,,,,,,,,,,,,,,High,High,High,High,Low,,,
113,2025-10-24,16:03:01.63,1,1,"Eisiminger, Jared",1000160731,Right,MIA_RED,"Phillips, Drew",1000194003,Right,MIA_RED,Undefined,5,Top,0,0,0,Slider,Slider,BallCalled,Undefined,Undefined,Undefined,0,0,,80.10768,0.040044,-1.243993,1875.872785,90.857225,9:00,4.93346,2.73881,5.62556,-42.11266,1.28547,-7.59666,1.46145,0.94479,74.56484,-7.63989,-2.60183,0.47414,,,,,,,,,,,,3.56453,1.00547,-2.62785,50,4.90959,2.82175,-116.50955,-1.32469,4.96181,19.2871,-30.77445,MIA_RED,MIA_RED,McKieFieldStad,TeamExclusive,Team,20251024-McKieFieldStad-Private-1,7250de10-b114-11f0-a5c0-077d6a5da061,79.49639,,,5.54284,,,,,,,ae17ce3c-cf23-406e-8349-44deea114d82,2025-10-24,20:03:01.63,2025-10-24T16:03:01.6310000-04:00,2025-10-24T20:03:01.6310000Z,,v3,471355,471355,,,,Undefined,MIA_RED,ce57b03b-6684-4158-8284-6f6aaa71dacd,54.87456,-117.31371,9.64355,4.93807,-0.04156,-15.38722,-2.74118,2.61487,2.48091,,,,,,,,,,,,,,,,,,,,,,,,,,,,,,,,,,,,,,,,,,,,,,,,,,,High,High,High,,,,,
114,2025-10-24,16:03:16.43,1,2,"Eisiminger, Jared",1000160731,Right,MIA_RED,"Phillips, Drew",1000194003,Right,MIA_RED,Undefined,5,Top,0,1,0,Fastball,Sinker,BallCalled,Undefined,Undefined,Undefined,0,0,,91.57619,1.008661,-3.197911,1907.526629,241.626785,2:00,5.15182,2.51309,6.17023,-25.52545,7.18772,11.58075,3.95785,0.52147,84.28323,-3.753148,-1.11294,0.411654,,,,,,,,,,,,-6.77552,3.76433,-2.27651,50,5.2152,6.94846,-133.03038,1.49207,-12.25904,25.95821,-25.36318,MIA_RED,MIA_RED,McKieFieldStad,TeamExclusive,Team,20251024-McKieFieldStad-Private-1,7afd0570-b114-11f0-a5c0-077d6a5da061,91.56332,,,7.29296,,,,,,,ae17ce3c-cf23-406e-8349-44deea114d82,2025-10-24,20:03:16.43,2025-10-24T16:03:16.4350000-04:00,2025-10-24T20:03:16.4350000Z,,v3,471355,471355,,,,Undefined,MIA_RED,b9f42b65-6ec6-4735-b471-55de4493a445,54.32857,-133.87235,12.9791,5.15346,2.31474,-12.68159,-2.50833,7.34609,-6.12952,,,,,,,,,,,,,,,,,,,,,,,,,,,,,,,,,,,,,,,,,,,,,,,,,,,High,High,High,,,,,
115,2025-10-24,16:03:34.65,1,3,"Eisiminger, Jared",1000160731,Right,MIA_RED,"Phillips, Drew",1000194003,Right,MIA_RED,Undefined,5,Top,0,2,0,Fastball,Sinker,InPlay,Undefined,GroundBall,Out,1,0,,93.29468,-0.783285,-4.086362,1972.040574,241.036411,2:00,5.08133,2.54986,6.02295,-22.18426,9.70796,15.78143,2.50529,0.07385,85.5434,-4.930412,-1.255417,0.406456,75.37169,8.653639,-28.891935,2303.866655,,,,98.44768,93.25275,-31.509061,0.980247,-9.23272,5.4978,-2.23828,50,5.00775,8.99397,-135.34047,-2.60592,-17.20396,28.25898,-21.92959,MIA_RED,MIA_RED,McKieFieldStad,TeamExclusive,Team,20251024-McKieFieldStad-Private-1,85fa6fd0-b114-11f0-a5c0-077d6a5da061,92.73429,5.84892,,7.75128,,,,1.04875,2.47635,-0.03311,ae17ce3c-cf23-406e-8349-44deea114d82,2025-10-24,20:03:34.65,2025-10-24T16:03:34.6550000-04:00,2025-10-24T20:03:34.6550000Z,GroundBall,v3,471355,471355,,,,Undefined,MIA_RED,c1695153-2f6a-4800-9f08-6b1e6d8adb31,54.4766,-136.27198,14.12949,5.08173,-1.88305,-10.96479,-2.54409,9.56106,-8.60198,67.149905,1.04875,95.68412,-12.45656,1.39971,-0.41542,0.26475,-0.18385,0.05784,-0.00337,2.47635,16.63292,-21.30735,2.15056,-0.55175,0.35723,-0.24394,0.09208,-0.01191,-0.03311,-52.80246,-0.37127,0.95601,-0.44535,0.47563,-0.3845,0.16064,-0.02471,,,,,,,,,,,,,,,,,,,,,,,High,High,High,High,High,,,
116,2025-10-24,16:04:13.60,2,1,"Eisiminger, Jared",1000160731,Right,MIA_RED,"Gonzalez Rivera, Ignacio",10124440,Right,MIA_RED,Undefined,5,Top,1,0,0,Fastball,Sinker,InPlay,Undefined,GroundBall,Out,1,0,,92.4001,-0.609482,-4.015674,1984.632636,234.788939,1:45,5.21073,2.4359,6.11188,-22.43993,9.81871,12.5867,2.77578,-0.23429,85.10546,-4.802249,-1.754432,0.408784,89.54861,-24.578515,-4.186019,,,,,6.50838,6.29815,-1.652065,0.049874,-7.54406,5.51331,-2.13408,50,5.15199,8.89357,-134.12473,-2.17261,-13.86835,26.51998,-22.03887,MIA_RED,MIA_RED,McKieFieldStad,TeamExclusive,Team,20251024-McKieFieldStad-Private-1,9d27d120-b114-11f0-a5c0-077d6a5da061,92.20618,2.73095,,7.29464,,,,0.55077,2.73095,0.2482,ae17ce3c-cf23-406e-8349-44deea114d82,2025-10-24,20:04:13.60,2025-10-24T16:04:13.6040000-04:00,2025-10-24T20:04:13.6040000Z,GroundBall,v3,471355,471355,,,,Undefined,MIA_RED,793b1cf7-5e76-4700-a6e6-211658996150,54.38794,-134.98955,13.25999,5.21112,-1.45392,-11.01944,-2.43148,9.34582,-6.93417,180,0.54851,119.40013,,,,,,,,2.73199,-54.75757,,,,,,,,0.24837,-8.7389,,,,,,,,,,,,,,,,,,,,,,,,,,,,,,High,High,High,High,High,,,
117,2025-10-24,16:04:52.73,3,1,"Eisiminger, Jared",1000160731,Right,MIA_RED,"Raether, Carson",1000338521,Left,MIA_RED,Undefined,5,Top,2,0,0,Fastball,Sinker,StrikeCalled,Undefined,Undefined,Undefined,0,0,,91.99309,-1.131,-3.373823,1934.188335,250.566829,2:15,5.02946,2.67042,5.94961,-26.21403,6.62851,15.97084,1.79405,0.86862,84.53922,-5.992658,-0.507638,0.412467,,,,,,,,,,,,-9.08477,4.00799,-2.41075,50,4.9246,7.18512,-133.53246,-3.5603,-16.48457,27.41768,-24.90145,MIA_RED,MIA_RED,McKieFieldStad,TeamExclusive,Team,20251024-McKieFieldStad-Private-1,b4abb6e0-b114-11f0-a5c0-077d6a5da061,91.38282,,,7.45387,,,,,,,ae17ce3c-cf23-406e-8349-44deea114d82,2025-10-24,20:04:52.73,2025-10-24T16:04:52.7350000-04:00,2025-10-24T20:04:52.7350000Z,,v3,471355,471355,,,,Undefined,MIA_RED,81144ca1-1893-410a-a37a-492d0dbf353a,54.54965,-134.46337,13.70884,5.03113,-2.71482,-12.45073,-2.66421,7.74482,-8.24229,,,,,,,,,,,,,,,,,,,,,,,,,,,,,,,,,,,,,,,,,,,,,,,,,,,High,High,High,,,,,
118,2025-10-24,16:05:09.59,3,2,"Eisiminger, Jared",1000160731,Right,MIA_RED,"Raether, Carson",1000338521,Left,MIA_RED,Undefined,5,Top,2,0,1,ChangeUp,Changeup,BallCalled,Undefined,Undefined,Undefined,0,0,,85.01591,-0.513976,-2.790967,1641.420333,244.830302,2:15,4.93757,2.77053,6.37768,-28.32439,9.47288,17.72229,2.10378,1.6777,78.13461,-5.824775,0.417367,0.442488,,,,,,,,,,,,-9.96363,5.43717,-2.57691,50,4.88735,5.3542,-123.55564,-1.94665,-15.46449,23.68555,-23.73505,MIA_RED,MIA_RED,McKieFieldStad,TeamExclusive,Team,20251024-McKieFieldStad-Private-1,be76e2d0-b114-11f0-a5c0-077d6a5da061,85.18291,,,6.8813,,,,,,,ae17ce3c-cf23-406e-8349-44deea114d82,2025-10-24,20:05:09.59,2025-10-24T16:05:09.5970000-04:00,2025-10-24T20:05:09.5970000Z,,v3,471355,471355,,,,Undefined,MIA_RED,c94ad938-d3cf-4db2-ae5f-89bf098a6f29,54.12123,-124.34317,11.84278,4.93895,-1.15748,-11.86753,-2.76348,5.86838,-7.73225,,,,,,,,,,,,,,,,,,,,,,,,,,,,,,,,,,,,,,,,,,,,,,,,,,,High,High,High,,,,,
119,2025-10-24,16:05:25.06,3,3,"Eisiminger, Jared",1000160731,Right,MIA_RED,"Raether, Carson",1000338521,Left,MIA_RED,Undefined,5,Top,2,1,1,ChangeUp,Changeup,StrikeSwinging,Undefined,Undefined,Undefined,0,0,,84.23087,-0.699151,-4.013785,1424.665577,249.89118,2:15,4.74179,2.7264,6.59387,-31.39793,7.09229,15.98698,1.48312,0.37514,77.04055,-6.596673,-1.112476,0.446526,,,,,,,,,,,,-9.54666,4.3037,-2.45799,50,4.68094,8.00008,-122.23978,-2.392,-14.41443,24.57144,-25.67594,MIA_RED,MIA_RED,McKieFieldStad,TeamExclusive,Team,20251024-McKieFieldStad-Private-1,c7d56a40-b114-11f0-a5c0-077d6a5da061,84.41267,,,7.19032,,,,,,,ae17ce3c-cf23-406e-8349-44deea114d82,2025-10-24,20:05:25.06,2025-10-24T16:05:25.0680000-04:00,2025-10-24T20:05:25.0680000Z,,v3,471355,471355,,,,Undefined,MIA_RED,9bec3ff3-155a-4198-8b30-a0612c340f44,53.90485,-123.02219,12.28572,4.74409,-1.57442,-12.83797,-2.72004,8.45907,-7.20721,,,,,,,,,,,,,,,,,,,,,,,,,,,,,,,,,,,,,,,,,,,,,,,,,,,High,High,High,,,,,
120,2025-10-24,16:05:44.46,3,4,"Eisiminger, Jared",1000160731,Right,MIA_RED,"Raether, Carson",1000338521,Left,MIA_RED,Undefined,5,Top,2,1,2,Fastball,Sinker,BallCalled,Undefined,Undefined,Undefined,0,0,,92.15296,1.628304,-0.710815,1972.520479,247.910799,2:15,5.26275,2.6008,5.91841,-25.61871,7.11221,15.12064,4.63945,3.20118,84.37913,-3.143728,2.00364,0.411766,,,,,,,,,,,,-7.87213,3.52571,-2.55209,50,5.37868,0.98887,-133.90177,2.9049,-14.34538,27.90965,-25.74915,MIA_RED,MIA_RED,McKieFieldStad,TeamExclusive,Team,20251024-McKieFieldStad-Private-1,d3382620-b114-11f0-a5c0-077d6a5da061,91.5385,,,7.77383,,,,,,,ae17ce3c-cf23-406e-8349-44deea114d82,2025-10-24,20:05:44.46,2025-10-24T16:05:44.4690000-04:00,2025-10-24T20:05:44.4690000Z,,v3,471355,471355,,,,Undefined,MIA_RED,e9cffe78-6411-4634-9673-9cf26f46b68c,54.57914,-134.85284,13.95482,5.26474,3.78235,-12.87458,-2.59411,1.47771,-7.17269,,,,,,,,,,,,,,,,,,,,,,,,,,,,,,,,,,,,,,,,,,,,,,,,,,,High,High,High,,,,,
121,2025-10-24,16:06:09.50,3,5,"Eisiminger, Jared",1000160731,Right,MIA_RED,"Raether, Carson",1000338521,Left,MIA_RED,Undefined,5,Top,2,2,2,Slider,Slider,BallCalled,Undefined,Undefined,Undefined,0,0,,82.01396,-1.428476,-3.463881,2110.825999,87.81585,9:00,4.84361,2.78826,5.68586,-40.90955,0.87941,-8.76508,0.10034,-1.17465,76.05727,-8.866023,-5.028134,0.465267,,,,,,,,,,,,3.57043,1.16252,-2.49083,50,4.69729,7.53925,-118.98336,-4.34686,5.13866,21.9835,-30.50093,MIA_RED,MIA_RED,McKieFieldStad,TeamExclusive,Team,20251024-McKieFieldStad-Private-1,e244b020-b114-11f0-a5c0-077d6a5da061,81.01253,,,5.95669,,,,,,,ae17ce3c-cf23-406e-8349-44deea114d82,2025-10-24,20:06:09.50,2025-10-24T16:06:09.5000000-04:00,2025-10-24T20:06:09.5000000Z,,v3,471355,471355,,,,Undefined,MIA_RED,42967e1e-1a79-432e-9876-73b39ed68a97,54.81426,-119.86954,10.99175,4.84774,-3.11732,-15.25046,-2.79057,7.3321,2.56933,,,,,,,,,,,,,,,,,,,,,,,,,,,,,,,,,,,,,,,,,,,,,,,,,,,High,High,High,,,,,
122,2025-10-24,16:06:29.69,3,6,"Eisiminger, Jared",1000160731,Right,MIA_RED,"Raether, Carson",1000338521,Left,MIA_RED,Undefined,5,Top,2,3,2,Fastball,Sinker,InPlay,Undefined,GroundBall,Out,1,0,,91.56335,0.420696,-3.939527,1818.017213,245.615271,2:15,5.01039,2.67109,6.11395,-26.15427,6.56008,12.48005,3.22076,0.0629,84.61195,-4.437636,-1.697396,0.411662,91.5147,-4.873639,-27.597605,,,,,26.57287,25.29099,-27.376815,0.200934,-7.42174,3.56264,-2.37521,50,5.02885,8.64586,-132.98088,0.09236,-13.46645,24.974,-25.70983,MIA_RED,MIA_RED,McKieFieldStad,TeamExclusive,Team,20251024-McKieFieldStad-Private-1,ee4aff00-b114-11f0-a5c0-077d6a5da061,91.56167,3.10634,,6.95139,,,,0.55043,3.10634,-0.0093,ae17ce3c-cf23-406e-8349-44deea114d82,2025-10-24,20:06:29.69,2025-10-24T16:06:29.6980000-04:00,2025-10-24T20:06:29.6980000Z,GroundBall,v3,471355,471355,,,,Undefined,MIA_RED,dfb21fda-196f-4230-a9cc-6555f529e7ac,54.38641,-133.80212,12.487,5.01191,0.93779,-12.85492,-2.6668,9.08868,-6.73323,32.854646,0.55152,118.44846,-18.72746,,,,,,,3.10739,-11.4721,-19.89563,,,,,,,-0.00947,-61.94318,5.8659,,,,,,,,,,,,,,,,,,,,,,,,,,,,,High,High,High,High,High,,,
123,2025-10-24,16:09:51.20,1,1,"Berggren, Austin",1000190938,Right,MIA_RED,"Vrlak, Jake",1000131822,Right,MIA_RED,Undefined,5,Bottom,0,0,0,Fastball,Four-Seam,BallCalled,Undefined,Undefined,Undefined,0,0,,92.79505,-0.564434,-2.89962,2388.303557,198.964207,12:45,5.82299,1.36369,5.52887,-24.46096,8.44489,2.54949,3.25625,-1.13673,84.91432,-5.08612,-2.445942,0.412865,,,,,,,,,,,,-2.0789,4.73642,-1.11334,50,5.7577,6.69927,-134.58824,-2.23804,-3.81863,28.82127,-23.47401,MIA_RED,MIA_RED,McKieFieldStad,TeamExclusive,Team,20251024-McKieFieldStad-Private-1,6656f5d0-b115-11f0-a5c0-077d6a5da061,91.29486,,,7.88073,,,,,,,ae17ce3c-cf23-406e-8349-44deea114d82,2025-10-24,20:09:51.20,2025-10-24T16:09:51.2030000-04:00,2025-10-24T20:09:51.2030000Z,,v3,471355,471355,,,,Undefined,MIA_RED,273752ce-75bf-40ed-aa6a-fb31e007d106,54.96797,-135.64793,14.41063,5.82412,-1.37496,-11.737,-1.36224,6.83967,-1.90931,,,,,,,,,,,,,,,,,,,,,,,,,,,,,,,,,,,,,,,,,,,,,,,,,,,High,High,High,,,,,
124,2025-10-24,16:10:06.61,1,2,"Berggren, Austin",1000190938,Right,MIA_RED,"Vrlak, Jake",1000131822,Right,MIA_RED,Undefined,5,Bottom,0,1,0,Fastball,Four-Seam,InPlay,Undefined,FlyBall,Out,1,0,,91.2457,-0.449783,-2.208784,2410.691636,202.819064,12:45,5.67536,1.31067,5.69122,-25.47344,8.20792,3.02642,3.13307,-0.49666,83.77607,-5.165691,-1.668022,0.417702,94.44814,39.324715,-13.815216,3384.845052,105.88712,85.80592,-29.79786,349.09621,307.00485,-17.912354,5.844638,-2.1374,4.59453,-1.12694,50,5.62157,4.97974,-132.5144,-1.95167,-3.8155,27.27892,-23.97234,MIA_RED,MIA_RED,McKieFieldStad,TeamExclusive,Team,20251024-McKieFieldStad-Private-1,6f9f0f10-b115-11f0-a5c0-077d6a5da061,90.23771,117.30297,,7.46963,,,,1.28727,3.10526,0.51131,ae17ce3c-cf23-406e-8349-44deea114d82,2025-10-24,20:10:06.61,2025-10-24T16:10:06.6110000-04:00,2025-10-24T20:10:06.6110000Z,FlyBall,v3,471355,471355,,,,Undefined,MIA_RED,fcb214b8-7b96-4285-8a98-eaba23a17530,54.80752,-133.50039,13.63946,5.67645,-1.08519,-11.98617,-1.30943,5.11765,-1.90775,164.483222,1.2919,103.96444,-22.85235,5.44775,-0.70411,-0.04591,0.03387,-0.00474,0.00022,3.09589,87.93722,-19.47111,1.57423,-0.47895,0.1396,-0.02162,0.0015,-3E-05,0.51121,-25.58321,1.04121,0.47203,-0.21348,0.04646,-0.00588,0.00041,-1E-05,,,,,,,,,,,,,,,,,,,,,,,High,High,High,High,Medium,,,
125,2025-10-24,16:10:41.64,2,1,"Berggren, Austin",1000190938,Right,MIA_RED,"Dierks, Marcus",10322729,Left,MIA_RED,Undefined,5,Bottom,1,0,0,Sinker,Sinker,StrikeCalled,Undefined,Undefined,Undefined,0,0,,90.12043,-0.347653,-3.353012,2110.749843,259.006031,2:45,5.37789,1.76688,5.82246,-31.8525,2.59201,7.94465,2.39976,-0.69184,82.75123,-6.214338,-1.931236,0.422407,,,,,,,,,,,,-4.95158,1.7498,-1.49719,50,5.3306,7.31945,-130.77336,-1.94718,-8.60242,26.74532,-29.13413,MIA_RED,MIA_RED,McKieFieldStad,TeamExclusive,Team,20251024-McKieFieldStad-Private-1,845c33b0-b115-11f0-a5c0-077d6a5da061,89.23243,,,7.3692,,,,,,,ae17ce3c-cf23-406e-8349-44deea114d82,2025-10-24,20:10:41.64,2025-10-24T16:10:41.6490000-04:00,2025-10-24T20:10:41.6490000Z,,v3,471355,471355,,,,Undefined,MIA_RED,8a5c0da8-3018-40b5-b205-282847bce193,54.67584,-131.72617,13.37266,5.38148,-0.90926,-14.56706,-1.76341,7.62592,-4.30121,,,,,,,,,,,,,,,,,,,,,,,,,,,,,,,,,,,,,,,,,,,,,,,,,,,High,High,High,,,,,
126,2025-10-24,16:10:52.75,2,2,"Berggren, Austin",1000190938,Right,MIA_RED,"Dierks, Marcus",10322729,Left,MIA_RED,Undefined,5,Bottom,1,0,1,Fastball,Sinker,BallCalled,Undefined,Undefined,Undefined,0,0,,90.47736,-1.775979,-3.87913,2275.110061,233.748884,1:45,5.33897,1.71289,5.81069,-26.90104,7.10815,8.37075,1.44145,-1.2022,83.72054,-6.729252,-2.38269,0.41973,,,,,,,,,,,,-5.22642,4.37973,-1.39952,50,5.17698,8.5405,-131.24235,-5.03036,-9.21846,24.84409,-24.44898,MIA_RED,MIA_RED,McKieFieldStad,TeamExclusive,Team,20251024-McKieFieldStad-Private-1,8b193540-b115-11f0-a5c0-077d6a5da061,89.80173,,,6.75681,,,,,,,ae17ce3c-cf23-406e-8349-44deea114d82,2025-10-24,20:10:52.75,2025-10-24T16:10:52.7560000-04:00,2025-10-24T20:10:52.7560000Z,,v3,471355,471355,,,,Undefined,MIA_RED,59f07472-39bc-487f-b781-922277e4306d,54.68812,-132.12682,12.42205,5.34057,-4.15995,-12.22449,-1.70942,8.86869,-4.60923,,,,,,,,,,,,,,,,,,,,,,,,,,,,,,,,,,,,,,,,,,,,,,,,,,,High,High,High,,,,,
127,2025-10-24,16:11:07.46,2,3,"Berggren, Austin",1000190938,Right,MIA_RED,"Dierks, Marcus",10322729,Left,MIA_RED,Undefined,5,Bottom,1,1,1,Sinker,Sinker,InPlay,Undefined,GroundBall,Out,1,0,,89.85322,-0.203474,-2.62605,2240.937415,251.148823,2:15,5.3798,1.73089,5.86639,-30.21958,4.32126,9.58182,2.67229,0.0883,82.47583,-5.789128,-0.908137,0.422998,80.41604,-43.444951,25.305841,,,,,3.61084,3.61084,17.788488,0.032249,-5.62811,2.5741,-1.52379,50,5.34564,5.58199,-130.49421,-1.5297,-9.73386,26.69195,-27.72213,MIA_RED,MIA_RED,McKieFieldStad,TeamExclusive,Team,20251024-McKieFieldStad-Private-1,93e085c0-b115-11f0-a5c0-077d6a5da061,89.10793,2.62315,,7.37739,,,,0.93443,2.62315,-0.08072,ae17ce3c-cf23-406e-8349-44deea114d82,2025-10-24,20:11:07.46,2025-10-24T16:11:07.4680000-04:00,2025-10-24T20:11:07.4680000Z,GroundBall,v3,471355,471355,,,,Undefined,MIA_RED,2cbe5b8d-69b6-4cc4-a300-51d3515ceb7e,54.63267,-131.43838,13.34598,5.38241,-0.54909,-13.86106,-1.72733,5.9263,-4.86693,,0.93326,77.63893,,,,,,,,2.62437,-81.34047,,,,,,,,-0.08127,36.70944,,,,,,,,,,,,,,,,,,,,,,,,,,,,,,High,High,High,Estimated,Estimated,,,
128,2025-10-24,16:11:39.31,3,1,"Berggren, Austin",1000190938,Right,MIA_RED,"Roa Calcano, Christopher",1000375139,Left,MIA_RED,Undefined,5,Bottom,2,0,0,ChangeUp,Changeup,BallCalled,Undefined,Undefined,Undefined,0,0,,83.58773,-0.777904,-2.096285,1769.866947,280.730142,3:15,5.23045,1.98622,5.75754,-42.28451,-1.85473,16.83591,0.98213,1.4371,76.44057,-8.529998,0.923641,0.457638,,,,,,,,,,,,-9.1789,-0.28595,-1.82263,50,5.14042,3.75646,-121.32442,-3.1139,-13.5829,25.33042,-32.59718,MIA_RED,MIA_RED,McKieFieldStad,TeamExclusive,Team,20251024-McKieFieldStad-Private-1,a6eb6680-b115-11f0-a5c0-077d6a5da061,82.36296,,,7.14716,,,,,,,ae17ce3c-cf23-406e-8349-44deea114d82,2025-10-24,20:11:39.31,2025-10-24T16:11:39.3110000-04:00,2025-10-24T20:11:39.3110000Z,,v3,471355,471355,,,,Undefined,MIA_RED,bf7bb9b2-a6bc-4429-9614-2df7f8d1d8f5,54.74127,-122.31031,12.66521,5.23693,-1.84518,-16.29859,-1.97913,4.28512,-6.79145,,,,,,,,,,,,,,,,,,,,,,,,,,,,,,,,,,,,,,,,,,,,,,,,,,,High,High,High,,,,,
129,2025-10-24,16:11:51.24,3,2,"Berggren, Austin",1000190938,Right,MIA_RED,"Roa Calcano, Christopher",1000375139,Left,MIA_RED,Undefined,5,Bottom,2,1,0,ChangeUp,Changeup,BallCalled,Undefined,Undefined,Undefined,0,0,,85.06714,-1.501647,-2.257586,1798.514513,294.319319,3:45,5.21021,1.83838,5.44939,-43.15199,-4.0739,11.55615,0.20698,0.68677,78.79121,-9.313745,-0.195548,0.449923,,,,,,,,,,,,-6.48941,-1.39354,-1.64745,50,5.0473,4.39706,-123.53763,-4.82149,-10.07438,23.56075,-34.33744,MIA_RED,MIA_RED,McKieFieldStad,TeamExclusive,Team,20251024-McKieFieldStad-Private-1,adf52880-b115-11f0-a5c0-077d6a5da061,83.77534,,,6.27593,,,,,,,ae17ce3c-cf23-406e-8349-44deea114d82,2025-10-24,20:11:51.24,2025-10-24T16:11:51.2460000-04:00,2025-10-24T20:11:51.2460000Z,,v3,471355,471355,,,,Undefined,MIA_RED,e1e15142-d7ba-4f18-98d4-df4b16f0269d,55.05211,-124.49743,11.78037,5.21522,-3.42269,-17.16872,-1.83494,4.80746,-5.03719,,,,,,,,,,,,,,,,,,,,,,,,,,,,,,,,,,,,,,,,,,,,,,,,,,,High,High,High,,,,,
130,2025-10-24,16:12:09.90,3,3,"Berggren, Austin",1000190938,Right,MIA_RED,"Roa Calcano, Christopher",1000375139,Left,MIA_RED,Undefined,5,Bottom,2,2,0,Fastball,Four-Seam,BallCalled,Undefined,Undefined,Undefined,0,0,,90.10118,-0.096948,-1.138659,2329.084077,204.375425,12:45,5.73164,1.6315,5.28597,-24.42072,10.88375,4.41079,3.60553,0.92968,82.04178,-4.620629,-0.355876,0.427648,,,,,,,,,,,,-2.51914,5.82004,-1.53104,50,5.70527,2.39158,-130.69966,-1.11913,-4.3457,28.24684,-22.13409,MIA_RED,MIA_RED,McKieFieldStad,TeamExclusive,Team,20251024-McKieFieldStad-Private-1,b8f52af0-b115-11f0-a5c0-077d6a5da061,88.13896,,,8.05941,,,,,,,ae17ce3c-cf23-406e-8349-44deea114d82,2025-10-24,20:12:09.90,2025-10-24T16:12:09.9060000-04:00,2025-10-24T20:12:09.9060000Z,,v3,471355,471355,,,,Undefined,MIA_RED,13b66587-321c-4077-bdcd-30e4986ebc8f,55.20938,-131.82071,14.12342,5.73226,-0.24069,-11.06705,-1.62938,2.56405,-2.17285,,,,,,,,,,,,,,,,,,,,,,,,,,,,,,,,,,,,,,,,,,,,,,,,,,,High,High,High,,,,,
131,2025-10-24,16:12:27.49,3,4,"Berggren, Austin",1000190938,Right,MIA_RED,"Roa Calcano, Christopher",1000375139,Left,MIA_RED,Undefined,5,Bottom,2,3,0,Fastball,Four-Seam,StrikeCalled,Undefined,Undefined,Undefined,0,0,,91.18901,-1.433891,-2.409363,2318.48468,197.685455,12:30,5.72506,1.49293,5.72916,-22.47336,11.63918,3.33949,2.51543,-0.47395,82.77838,-5.637397,-1.812342,0.420367,,,,,,,,,,,,-2.41488,6.6991,-1.29399,50,5.59176,5.41134,-132.1768,-4.07692,-4.23809,30.27031,-20.4172,MIA_RED,MIA_RED,McKieFieldStad,TeamExclusive,Team,20251024-McKieFieldStad-Private-1,c390ed50-b115-11f0-a5c0-077d6a5da061,89.66562,,,8.41063,,,,,,,ae17ce3c-cf23-406e-8349-44deea114d82,2025-10-24,20:12:27.49,2025-10-24T16:12:27.4900000-04:00,2025-10-24T20:12:27.4900000Z,,v3,471355,471355,,,,Undefined,MIA_RED,62b225bf-0c9e-4133-9685-6dc84d0d8543,54.76588,-133.26378,15.13515,5.72499,-3.34376,-10.2086,-1.49104,5.56353,-2.11904,,,,,,,,,,,,,,,,,,,,,,,,,,,,,,,,,,,,,,,,,,,,,,,,,,,High,High,High,,,,,
132,2025-10-24,16:12:40.99,3,5,"Berggren, Austin",1000190938,Right,MIA_RED,"Roa Calcano, Christopher",1000375139,Left,MIA_RED,Undefined,5,Bottom,2,3,1,Fastball,Four-Seam,InPlay,Undefined,GroundBall,Out,1,0,,92.26215,-2.089039,-2.78476,2418.561616,201.857197,12:45,5.62386,1.51375,5.77851,-20.46096,12.59359,4.62673,1.97189,-0.6938,84.36981,-5.912862,-1.957196,0.413797,70.55981,-12.606961,29.109733,,,,,10.65752,10.04131,28.719243,0.09373,-3.14866,7.33122,-1.28667,50,5.43896,6.30515,-133.79044,-5.57734,-5.70255,29.07905,-18.89638,MIA_RED,MIA_RED,McKieFieldStad,TeamExclusive,Team,20251024-McKieFieldStad-Private-1,cbb98cd0-b115-11f0-a5c0-077d6a5da061,91.08931,2.09479,,7.89234,,,,1.09734,2.09479,0.56372,ae17ce3c-cf23-406e-8349-44deea114d82,2025-10-24,20:12:40.99,2025-10-24T16:12:40.9950000-04:00,2025-10-24T20:12:40.9950000Z,GroundBall,v3,471355,471355,,,,Undefined,MIA_RED,de536695-6527-4742-94d7-44c2eec7c6c9,54.71919,-134.81225,14.53953,5.62328,-4.91334,-9.44819,-1.51175,6.50553,-2.85127,167.170716,1.09734,88.2369,-2.42291,,,,,,,2.09474,-22.58079,2.48161,,,,,,,0.56374,49.12906,-5.4052,,,,,,,,,,,,,,,,,,,,,,,,,,,,,High,High,High,Medium,High,,,
133,2025-10-24,16:15:21.11,1,1,"Eisiminger, Jared",1000160731,Right,MIA_RED,"Krupinski, Dom",702597,Left,MIA_RED,Undefined,6,Top,0,0,0,ChangeUp,Changeup,StrikeCalled,Undefined,Undefined,Undefined,0,0,,85.36365,-0.425293,-3.754105,1540.288594,254.841204,2:30,4.89338,2.83041,6.38609,-32.80124,4.46614,12.65036,1.76789,0.42648,79.09444,-6.51857,-1.46675,0.439376,,,,,,,,,,,,-7.54559,2.75169,-2.56577,50,4.84747,7.67398,-124.04353,-1.92969,-11.89636,22.04907,-27.83574,MIA_RED,MIA_RED,McKieFieldStad,TeamExclusive,Team,20251024-McKieFieldStad-Private-1,2b1f3df0-b116-11f0-a5c0-077d6a5da061,85.78639,,,6.26921,,,,,,,ae17ce3c-cf23-406e-8349-44deea114d82,2025-10-24,20:15:21.11,2025-10-24T16:15:21.1120000-04:00,2025-10-24T20:15:21.1120000Z,,v3,471355,471355,,,,Undefined,MIA_RED,b9fbc871-4729-4274-a879-fa1375c0b435,54.11438,-124.77273,11.02454,4.89607,-1.00912,-13.91787,-2.82607,8.06741,-5.94818,,,,,,,,,,,,,,,,,,,,,,,,,,,,,,,,,,,,,,,,,,,,,,,,,,,High,High,High,,,,,
134,2025-10-24,16:15:42.40,1,2,"Eisiminger, Jared",1000160731,Right,MIA_RED,"Krupinski, Dom",702597,Left,MIA_RED,Undefined,6,Top,0,0,1,ChangeUp,Changeup,StrikeCalled,Undefined,Undefined,Undefined,0,0,,85.08715,-0.128582,-4.682857,1519.963559,258.754803,2:45,4.82721,2.78892,6.32827,-34.02931,3.82307,13.60808,1.87263,-0.3989,78.41078,-6.448106,-2.230033,0.442811,,,,,,,,,,,,-8.28457,2.37685,-2.45285,50,4.80172,9.59715,-123.42929,-1.33756,-12.87262,22.9084,-28.48086,MIA_RED,MIA_RED,McKieFieldStad,TeamExclusive,Team,20251024-McKieFieldStad-Private-1,37bf82e0-b116-11f0-a5c0-077d6a5da061,85.12088,,,6.67637,,,,,,,ae17ce3c-cf23-406e-8349-44deea114d82,2025-10-24,20:15:42.40,2025-10-24T16:15:42.4040000-04:00,2025-10-24T20:15:42.4040000Z,,v3,471355,471355,,,,Undefined,MIA_RED,196df567-992d-4041-a9c2-fa2058e256e4,54.17129,-124.20106,11.4542,4.83062,-0.37805,-14.24043,-2.78348,10.03083,-6.43631,,,,,,,,,,,,,,,,,,,,,,,,,,,,,,,,,,,,,,,,,,,,,,,,,,,High,High,High,,,,,
135,2025-10-24,16:16:00.76,1,3,"Eisiminger, Jared",1000160731,Right,MIA_RED,"Krupinski, Dom",702597,Left,MIA_RED,Undefined,6,Top,0,0,2,Fastball,Sinker,FoulBallNotFieldable,Undefined,Undefined,Undefined,0,0,,92.24461,-1.145969,-3.735267,2190.350527,230.493599,1:45,5.11193,2.71084,5.93685,-19.13466,13.49119,15.18371,2.45188,0.5061,84.79548,-4.739427,-1.01461,0.411104,,,,,,,,,,,,-8.78512,7.52024,-2.42132,50,5.00949,8.094,-133.8721,-3.30564,-16.06288,26.86358,-18.42386,MIA_RED,MIA_RED,McKieFieldStad,TeamExclusive,Team,20251024-McKieFieldStad-Private-1,42af0a90-b116-11f0-a5c0-077d6a5da061,91.6858,,,7.44913,,,,,,,ae17ce3c-cf23-406e-8349-44deea114d82,2025-10-24,20:16:00.76,2025-10-24T16:16:00.7600000-04:00,2025-10-24T20:16:00.7600000Z,,v3,471355,471355,,,,Undefined,MIA_RED,d962d9c1-bb81-470d-8bee-b283991eb3f7,54.56285,-134.7846,13.43179,5.11115,-2.67982,-9.21193,-2.70553,8.63962,-8.03144,,,,,,,,,,,,,,,,,,,,,,,,,,,,,,,,,,,,,,,,,,,,,,,,,,,High,High,High,,,,,
136,2025-10-24,16:16:26.72,1,4,"Eisiminger, Jared",1000160731,Right,MIA_RED,"Krupinski, Dom",702597,Left,MIA_RED,Undefined,6,Top,0,0,2,ChangeUp,Changeup,FoulBallNotFieldable,Undefined,Undefined,Undefined,0,0,,85.77161,-0.238192,-3.294044,1571.452121,265.14507,2:45,4.93442,2.8941,6.31587,-34.68293,2.15768,13.87607,1.82443,1.01306,79.78672,-6.65474,-0.78587,0.436852,82.97563,28.059206,-58.507881,4578.914873,47.16221,40.9021,-99.37652,241.53247,114.9262,-73.017621,3.23063,-8.02922,1.4726,-2.65948,50,4.90024,6.66506,-124.74463,-1.61684,-12.85055,21.40224,-29.81719,MIA_RED,MIA_RED,McKieFieldStad,TeamExclusive,Team,20251024-McKieFieldStad-Private-1,52270090-b116-11f0-a5c0-077d6a5da061,86.28185,42.62898,,5.98489,,,,0.29504,1.6859,-1.00418,ae17ce3c-cf23-406e-8349-44deea114d82,2025-10-24,20:16:26.72,2025-10-24T16:16:26.7250000-04:00,2025-10-24T20:16:26.7250000Z,LineDrive,v3,471355,471355,,,,Undefined,MIA_RED,e771f7c7-1ea9-4a2b-b8d5-714d4aa2590f,54.18551,-125.46068,10.70112,4.93765,-0.61926,-14.9086,-2.88966,7.09499,-6.42528,,0.29564,56.07376,-17.55683,3.28183,-0.25464,-0.1454,0.06537,-0.01206,0.00089,1.68571,57.2526,-23.09354,2.9131,-0.82196,0.25044,-0.06207,0.00997,-0.00072,-1.00399,-91.58546,9.538,-1.92094,0.59979,-0.18028,0.03661,-0.00374,0.00011,,,,,,,,,,,,,,,,,,,,,,,High,High,High,High,Low,,,
137,2025-10-24,16:16:51.25,1,5,"Eisiminger, Jared",1000160731,Right,MIA_RED,"Krupinski, Dom",702597,Left,MIA_RED,Undefined,6,Top,0,0,2,Fastball,Sinker,StrikeCalled,Strikeout,Undefined,Undefined,0,0,,92.75456,-1.934913,-5.079553,2219.780878,240.649161,2:00,5.10459,2.63332,5.92182,-21.95289,10.80693,17.26678,1.47194,-0.6537,84.43345,-6.044402,-1.993822,0.411948,,,,,,,,,,,,-10.30268,6.41961,-2.23569,50,4.9367,11.16884,-134.17448,-5.29111,-18.7212,29.90098,-20.50885,MIA_RED,MIA_RED,McKieFieldStad,TeamExclusive,Team,20251024-McKieFieldStad-Private-1,60c5fbb0-b116-11f0-a5c0-077d6a5da061,91.49811,,,8.32111,,,,,,,ae17ce3c-cf23-406e-8349-44deea114d82,2025-10-24,20:16:51.25,2025-10-24T16:16:51.2510000-04:00,2025-10-24T20:16:51.2510000Z,,v3,471355,471355,,,,Undefined,MIA_RED,0ae33db3-9715-493e-b674-5cb26d2bb918,54.57633,-135.19048,14.95049,5.10464,-4.59425,-10.25443,-2.626,11.80496,-9.3606,,,,,,,,,,,,,,,,,,,,,,,,,,,,,,,,,,,,,,,,,,,,,,,,,,,High,High,High,,,,,
138,2025-10-24,16:17:32.26,2,1,"Eisiminger, Jared",1000160731,Right,MIA_RED,"Appelwick, Evan",695485,Right,MIA_RED,Undefined,6,Top,1,0,0,Slider,Slider,BallCalled,Undefined,Undefined,Undefined,0,0,,81.40872,-0.143262,-3.983317,2099.484369,114.478025,9:45,4.97897,2.7586,5.67743,-38.27636,4.40177,-6.76953,1.65541,-1.5248,74.80567,-7.158929,-5.188341,0.470191,,,,,,,,,,,,2.30709,2.71232,-2.41818,50,4.94304,8.48405,-117.95776,-1.56792,3.24865,22.55849,-28.35477,MIA_RED,MIA_RED,McKieFieldStad,TeamExclusive,Team,20251024-McKieFieldStad-Private-1,79374eb0-b116-11f0-a5c0-077d6a5da061,80.16415,,,6.60305,,,,,,,ae17ce3c-cf23-406e-8349-44deea114d82,2025-10-24,20:17:32.26,2025-10-24T16:17:32.2670000-04:00,2025-10-24T20:17:32.2670000Z,,v3,471355,471355,,,,Undefined,MIA_RED,2aa654f3-3d66-4c7b-9d8c-8c91b01cacd3,54.81936,-118.87585,11.27925,4.98337,-0.41392,-14.17739,-2.76077,8.35183,1.62433,,,,,,,,,,,,,,,,,,,,,,,,,,,,,,,,,,,,,,,,,,,,,,,,,,,High,High,High,,,,,
139,2025-10-24,16:17:48.68,2,2,"Eisiminger, Jared",1000160731,Right,MIA_RED,"Appelwick, Evan",695485,Right,MIA_RED,Undefined,6,Top,1,1,0,Fastball,Sinker,BallCalled,Undefined,Undefined,Undefined,0,0,,92.53425,-2.143539,-4.097131,2170.411892,241.034335,2:00,5.09391,2.46109,5.96687,-21.42954,11.49402,18.70072,1.3147,0.21431,83.94127,-6.171947,-0.744089,0.412976,,,,,,,,,,,,-10.82595,6.88107,-2.14634,50,4.91173,8.77947,-133.97575,-5.73441,-19.51879,31.11809,-19.76778,MIA_RED,MIA_RED,McKieFieldStad,TeamExclusive,Team,20251024-McKieFieldStad-Private-1,83033df0-b116-11f0-a5c0-077d6a5da061,91.27029,,,8.59298,,,,,,,ae17ce3c-cf23-406e-8349-44deea114d82,2025-10-24,20:17:48.68,2025-10-24T16:17:48.6820000-04:00,2025-10-24T20:17:48.6820000Z,,v3,471355,471355,,,,Undefined,MIA_RED,02a89325-81fe-4168-b3a5-de04283f2e15,54.53089,-135.02402,15.55905,5.09368,-5.06849,-9.88389,-2.45317,9.437,-9.75939,,,,,,,,,,,,,,,,,,,,,,,,,,,,,,,,,,,,,,,,,,,,,,,,,,,High,High,High,,,,,
140,2025-10-24,16:18:06.86,2,3,"Eisiminger, Jared",1000160731,Right,MIA_RED,"Appelwick, Evan",695485,Right,MIA_RED,Undefined,6,Top,1,2,0,ChangeUp,Changeup,StrikeSwinging,Undefined,Undefined,Undefined,0,0,,86.83979,-1.508593,-3.755226,1598.380741,250.265883,2:15,4.95202,2.67176,6.40277,-28.84537,7.6576,18.03607,1.15771,0.7167,79.39731,-6.911218,-0.491157,0.434846,,,,,,,,,,,,-10.48319,4.78992,-2.41021,50,4.83058,7.57721,-125.98982,-4.20045,-16.80442,26.24602,-24.49588,MIA_RED,MIA_RED,McKieFieldStad,TeamExclusive,Team,20251024-McKieFieldStad-Private-1,8dffbdf0-b116-11f0-a5c0-077d6a5da061,86.67993,,,7.44248,,,,,,,ae17ce3c-cf23-406e-8349-44deea114d82,2025-10-24,20:18:06.86,2025-10-24T16:18:06.8610000-04:00,2025-10-24T20:18:06.8610000Z,,v3,471355,471355,,,,Undefined,MIA_RED,d06ee299-dba6-4162-97d3-819fe69ac84d,54.09599,-126.84022,13.12301,4.95383,-3.40675,-12.24794,-2.66454,8.12169,-8.40221,,,,,,,,,,,,,,,,,,,,,,,,,,,,,,,,,,,,,,,,,,,,,,,,,,,High,High,High,,,,,
141,2025-10-24,16:18:23.81,2,4,"Eisiminger, Jared",1000160731,Right,MIA_RED,"Appelwick, Evan",695485,Right,MIA_RED,Undefined,6,Top,1,2,1,ChangeUp,Changeup,StrikeSwinging,Undefined,Undefined,Undefined,0,0,,86.99043,-0.235111,-3.763078,1567.602599,252.37969,2:30,4.87422,2.69873,6.41765,-29.59596,6.70945,17.45371,2.19129,0.68887,79.44854,-5.784601,-0.605332,0.433668,,,,,,,,,,,,-10.12973,3.93811,-2.43702,50,4.84411,7.62358,-126.25043,-1.42594,-16.32233,26.10104,-25.82846,MIA_RED,MIA_RED,McKieFieldStad,TeamExclusive,Team,20251024-McKieFieldStad-Private-1,98120500-b116-11f0-a5c0-077d6a5da061,86.91551,,,7.54189,,,,,,,ae17ce3c-cf23-406e-8349-44deea114d82,2025-10-24,20:18:23.81,2025-10-24T16:18:23.8160000-04:00,2025-10-24T20:18:23.8160000Z,,v3,471355,471355,,,,Undefined,MIA_RED,baed902d-1e8d-41d3-a761-7c62ef991b54,54.08052,-127.09123,13.05052,4.87665,-0.59391,-12.91423,-2.69107,8.14938,-8.16116,,,,,,,,,,,,,,,,,,,,,,,,,,,,,,,,,,,,,,,,,,,,,,,,,,,High,High,High,,,,,
142,2025-10-24,16:18:42.64,2,5,"Eisiminger, Jared",1000160731,Right,MIA_RED,"Appelwick, Evan",695485,Right,MIA_RED,Undefined,6,Top,1,2,2,Slider,Slider,StrikeSwinging,Strikeout,Undefined,Undefined,0,0,,81.42696,0.235456,-3.415156,1989.454532,115.758529,9:45,4.99961,2.49358,5.50879,-36.83156,5.80406,-9.46001,2.1509,-1.49223,75.17049,-6.498625,-5.09477,0.469956,,,,,,,,,,,,3.87914,3.26016,-2.18889,50,4.99544,7.42764,-118.11153,-0.75871,5.5089,21.3742,-27.54415,MIA_RED,MIA_RED,McKieFieldStad,TeamExclusive,Team,20251024-McKieFieldStad-Private-1,a3133ff0-b116-11f0-a5c0-077d6a5da061,80.20413,,,6.25647,,,,,,,ae17ce3c-cf23-406e-8349-44deea114d82,2025-10-24,20:18:42.64,2025-10-24T16:18:42.6400000-04:00,2025-10-24T20:18:42.6400000Z,,v3,471355,471355,,,,Undefined,MIA_RED,04bbd636-ef58-462d-ae56-026f1eea8ab3,54.9894,-119.01102,10.6871,5.00298,0.40043,-13.77207,-2.49659,7.19581,2.75445,,,,,,,,,,,,,,,,,,,,,,,,,,,,,72.25002,,,0.936719,,,,-1.73425,4.50838,-0.73822,73.24041,6.09015,51.53646,-1.68237,87.08703,-7.58558,4.53112,14.61937,-13.83123,-0.73298,57.40245,-1.71038,High,High,High,,,High,High,High
143,2025-10-24,16:19:18.03,3,1,"Eisiminger, Jared",1000160731,Right,MIA_RED,"Breidenbach, Mason",1000074554,Right,MIA_RED,Undefined,6,Top,2,0,0,ChangeUp,Changeup,BallCalled,Undefined,Undefined,Undefined,0,0,,86.29954,-0.195486,-2.56892,1714.265731,258.014311,2:30,4.90803,2.69472,6.36131,-32.71947,4.21032,14.25961,2.00133,1.51733,78.88285,-6.305957,0.012954,0.437381,,,,,,,,,,,,-8.12394,2.63469,-2.51482,50,4.8789,5.06809,-125.36166,-1.45544,-12.89176,26.00886,-27.99312,MIA_RED,MIA_RED,McKieFieldStad,TeamExclusive,Team,20251024-McKieFieldStad-Private-1,b84f7fa0-b116-11f0-a5c0-077d6a5da061,86.17762,,,7.41668,,,,,,,ae17ce3c-cf23-406e-8349-44deea114d82,2025-10-24,20:19:18.03,2025-10-24T16:19:18.0320000-04:00,2025-10-24T20:19:18.0320000Z,,v3,471355,471355,,,,Undefined,MIA_RED,bd384358-15e9-4ce7-b532-820855616516,54.13645,-126.21693,13.00443,4.91163,-0.53492,-13.99656,-2.68845,5.49202,-6.44588,,,,,,,,,,,,,,,,,,,,,,,,,,,,,,,,,,,,,,,,,,,,,,,,,,,High,High,High,,,,,
144,2025-10-24,16:19:33.88,3,2,"Eisiminger, Jared",1000160731,Right,MIA_RED,"Breidenbach, Mason",1000074554,Right,MIA_RED,Undefined,6,Top,2,1,0,Fastball,Sinker,InPlay,Undefined,FlyBall,Out,1,0,,91.3424,-0.783895,-3.687807,2161.120011,243.190222,2:00,5.1053,2.55823,5.96077,-24.37312,9.14997,15.96068,2.34578,0.46399,83.32467,-5.337101,-0.825447,0.416719,98.5536,24.084186,-3.603937,2341.410835,109.31405,44.94648,-12.2649,362.90527,356.13208,-12.607019,4.46908,-9.27949,5.23713,-2.2744,50,5.02935,7.86337,-132.47946,-2.6389,-16.459,28.82259,-22.88496,MIA_RED,MIA_RED,McKieFieldStad,TeamExclusive,Team,20251024-McKieFieldStad-Private-1,c1d194a0-b116-11f0-a5c0-077d6a5da061,90.45046,62.56144,,8.01773,,,,1.3775,2.34734,-0.45351,ae17ce3c-cf23-406e-8349-44deea114d82,2025-10-24,20:19:33.88,2025-10-24T16:19:33.8810000-04:00,2025-10-24T20:19:33.8810000Z,FlyBall,v3,471355,471355,,,,Undefined,MIA_RED,a14171a7-0533-4c5b-b75a-d7fb3ca1bd68,54.53824,-133.46315,14.41129,5.10609,-1.85785,-11.44248,-2.55236,8.42511,-8.2295,147.100865,1.3761,131.73465,-23.82143,5.47415,-1.31671,0.32307,-0.06639,0.00854,-0.00047,2.34961,58.93089,-15.45819,0.37647,0.21478,-0.13748,0.04075,-0.00575,0.00031,-0.45391,-8.28556,-5.64408,1.7491,-0.38219,0.05354,-0.00397,8E-05,0,,,,,,,,,,,,,,,,,,,,,,,High,High,High,High,High,,,
145,2025-10-24,16:22:19.26,1,1,"Berggren, Austin",1000190938,Right,MIA_RED,"Kirtley, Ryder",827333,Right,MIA_RED,Undefined,6,Bottom,0,0,0,Cutter,Slider,FoulBallNotFieldable,Undefined,Undefined,Undefined,0,0,,89.3761,0.094111,-1.002945,2792.629456,77.528946,8:30,5.59595,1.71029,4.96985,-36.32707,-0.25685,-6.07083,2.6576,0.25695,82.15863,-6.478577,-2.074812,0.432261,,,,,,,,,,,,2.74933,0.15016,-1.60811,50,5.57507,2.55374,-129.74853,-1.27219,4.7016,26.34633,-31.91725,MIA_RED,MIA_RED,McKieFieldStad,TeamExclusive,Team,20251024-McKieFieldStad-Private-1,2446cfb0-b117-11f0-a5c0-077d6a5da061,87.19838,,,7.21747,,,,,,,ae17ce3c-cf23-406e-8349-44deea114d82,2025-10-24,20:22:19.26,2025-10-24T16:22:19.2670000-04:00,2025-10-24T20:22:19.2670000Z,,v3,471355,471355,,,,Undefined,MIA_RED,65dcc696-57d5-4475-b0d9-62c465be242d,55.52934,-130.86649,13.17317,5.60032,0.08215,-15.95862,-1.71224,2.35424,2.3508,,,,,,,,,,,,,,,,,,,,,,,,,,,,,,,,,,,,,,,,,,,,,,,,,,,High,High,High,,,,,
146,2025-10-24,16:22:33.36,1,2,"Berggren, Austin",1000190938,Right,MIA_RED,"Kirtley, Ryder",827333,Right,MIA_RED,Undefined,6,Bottom,0,0,1,Slider,Slider,StrikeCalled,Undefined,Undefined,Undefined,0,0,,83.9653,-0.020044,0.047658,3082.447501,87.489757,9:00,5.27106,1.70897,5.08625,-41.03766,0.21823,-26.94994,1.83237,-0.49194,76.41992,-7.476002,-4.722375,0.46229,,,,,,,,,,,,13.35497,0.5548,-1.69155,50,5.23718,1.09454,-121.78746,-1.59734,19.80737,26.70746,-31.35119,MIA_RED,MIA_RED,McKieFieldStad,TeamExclusive,Team,20251024-McKieFieldStad-Private-1,2c993e50-b117-11f0-a5c0-077d6a5da061,81.53424,,,7.54537,,,,,,,ae17ce3c-cf23-406e-8349-44deea114d82,2025-10-24,20:22:33.36,2025-10-24T16:22:33.3640000-04:00,2025-10-24T20:22:33.3640000Z,,v3,471355,471355,,,,Undefined,MIA_RED,09b81bd4-0cb7-4171-99f2-24b47f4775ac,55.41286,-122.96874,13.35373,5.27716,-0.21066,-15.6756,-1.72059,0.21845,9.90368,,,,,,,,,,,,,,,,,,,,,,,,,,,,,,,,,,,,,,,,,,,,,,,,,,,High,High,High,,,,,
147,2025-10-24,16:22:49.68,1,3,"Berggren, Austin",1000190938,Right,MIA_RED,"Kirtley, Ryder",827333,Right,MIA_RED,Undefined,6,Bottom,0,0,2,Fastball,Cutter,BallCalled,Undefined,Undefined,Undefined,0,0,,93.13828,-0.137483,-2.106781,2581.311273,179.420651,12:00,5.80765,1.13118,5.21411,-23.65883,9.16418,-0.08295,3.70672,-0.85761,85.66034,-4.484905,-2.121468,0.412345,,,,,,,,,,,,-0.49811,4.90851,-0.93646,50,5.77731,4.97761,-135.20226,-1.24822,-0.92906,27.35613,-23.01857,MIA_RED,MIA_RED,McKieFieldStad,TeamExclusive,Team,20251024-McKieFieldStad-Private-1,364e7140-b117-11f0-a5c0-077d6a5da061,91.40995,,,7.47794,,,,,,,ae17ce3c-cf23-406e-8349-44deea114d82,2025-10-24,20:22:49.68,2025-10-24T16:22:49.6840000-04:00,2025-10-24T20:22:49.6840000Z,,v3,471355,471355,,,,Undefined,MIA_RED,0c9d6f8b-e84b-4a3b-ac11-64d4ca994ff1,55.2837,-136.26714,13.67806,5.80846,-0.35219,-11.50928,-1.13093,5.01378,-0.46453,,,,,,,,,,,,,,,,,,,,,,,,,,,,,,,,,,,,,,,,,,,,,,,,,,,High,High,High,,,,,
148,2025-10-24,16:23:02.74,1,4,"Berggren, Austin",1000190938,Right,MIA_RED,"Kirtley, Ryder",827333,Right,MIA_RED,Undefined,6,Bottom,0,1,2,Slider,Slider,BallCalled,Undefined,Undefined,Undefined,0,0,,84.52566,-2.340431,-2.635833,3217.076468,78.057431,8:30,5.23731,1.40327,5.03484,-44.55254,-3.6489,-23.5308,-0.68699,-3.04609,77.7221,-10.302316,-6.791971,0.460312,,,,,,,,,,,,11.08603,-0.84004,-1.1312,50,4.97738,6.62665,-122.41162,-6.69696,16.61061,26.9893,-33.43273,MIA_RED,MIA_RED,McKieFieldStad,TeamExclusive,Team,20251024-McKieFieldStad-Private-1,3e29db20-b117-11f0-a5c0-077d6a5da061,81.88453,,,6.80356,,,,,,,ae17ce3c-cf23-406e-8349-44deea114d82,2025-10-24,20:23:02.74,2025-10-24T16:23:02.7440000-04:00,2025-10-24T20:23:02.7440000Z,,v3,471355,471355,,,,Undefined,MIA_RED,e9638abe-2e81-4161-89ed-2855647ba556,55.46689,-123.61109,13.49465,5.24199,-5.21114,-16.71637,-1.4093,5.88844,8.30531,,,,,,,,,,,,,,,,,,,,,,,,,,,,,,,,,,,,,,,,,,,,,,,,,,,High,High,High,,,,,
149,2025-10-24,16:23:20.85,1,5,"Berggren, Austin",1000190938,Right,MIA_RED,"Kirtley, Ryder",827333,Right,MIA_RED,Undefined,6,Bottom,0,2,2,Sinker,Sinker,StrikeSwinging,Strikeout,Undefined,Undefined,0,0,,90.69373,-0.895959,-3.027149,2330.984595,258.26028,2:30,5.39693,1.73399,5.68864,-30.34624,3.91252,13.63658,2.0318,0.0464,83.06456,-6.48359,-0.590228,0.421267,,,,,,,,,,,,-7.75241,2.57288,-1.48785,50,5.30256,6.35513,-131.57976,-3.17957,-13.59709,27.80319,-27.66146,MIA_RED,MIA_RED,McKieFieldStad,TeamExclusive,Team,20251024-McKieFieldStad-Private-1,49019510-b117-11f0-a5c0-077d6a5da061,89.47405,,,7.62917,,,,,,,ae17ce3c-cf23-406e-8349-44deea114d82,2025-10-24,20:23:20.85,2025-10-24T16:23:20.8550000-04:00,2025-10-24T20:23:20.8550000Z,,v3,471355,471355,,,,Undefined,MIA_RED,d3811701-bbac-4eec-826b-61c9463adc16,54.80964,-132.59216,13.90159,5.4,-2.17234,-13.83073,-1.72827,6.85025,-6.79855,,,,,,,,,,,,,,,,,,,,,,,,,,,,,67.90291,2.424878,1.429248,0.99563,-0.5577,1.80345,-0.02762,-2.9422,5.4844,4.17295,75.47336,8.28336,49.30408,-2.87227,85.37004,-6.69755,5.50696,15.77158,-13.03502,4.18739,47.05572,-1.74601,High,High,High,,,High,High,High
150,2025-10-24,16:23:47.87,2,1,"Berggren, Austin",1000190938,Right,MIA_RED,"Christiansen, Hayden",830132,Right,MIA_RED,Undefined,6,Bottom,1,0,0,Slider,Curveball,BallCalled,Undefined,Undefined,Undefined,0,0,,83.76197,-0.533705,0.113527,2799.081605,61.136368,8:00,5.2766,1.69309,5.0342,-47.91447,-6.95725,-14.82493,0.7802,0.56479,77.45826,-9.144954,-2.513066,0.460613,,,,,,,,,,,,7.40272,-2.94752,-1.69153,50,5.18691,0.403,-121.67398,-2.99466,11.12299,23.36005,-36.60285,MIA_RED,MIA_RED,McKieFieldStad,TeamExclusive,Team,20251024-McKieFieldStad-Private-1,59207970-b117-11f0-a5c0-077d6a5da061,81.83098,,,6.30371,,,,,,,ae17ce3c-cf23-406e-8349-44deea114d82,2025-10-24,20:23:47.87,2025-10-24T16:23:47.8790000-04:00,2025-10-24T20:23:47.8790000Z,,v3,471355,471355,,,,Undefined,MIA_RED,0e1cd08b-591b-4e48-8b92-8456f46ae51c,55.46694,-122.71908,11.68003,5.28425,-1.35709,-18.30142,-1.69842,-0.09463,5.5615,,,,,,,,,,,,,,,,,,,,,,,,,,,,,,,,,,,,,,,,,,,,,,,,,,,High,High,High,,,,,
151,2025-10-24,16:24:00.29,2,2,"Berggren, Austin",1000190938,Right,MIA_RED,"Christiansen, Hayden",830132,Right,MIA_RED,Undefined,6,Bottom,1,1,0,Cutter,Slider,InPlay,Undefined,GroundBall,Single,0,0,,89.10593,-0.081135,-1.076256,2719.879022,161.355989,11:30,5.63099,1.49025,5.25735,-33.77683,2.31457,-0.39224,2.74002,0.44626,81.43953,-6.250871,-1.145882,0.432388,94.55927,-12.133527,-32.464131,,,,,15.37043,14.73319,-29.868469,0.099336,-0.10996,1.4885,-1.39135,50,5.59848,2.44712,-129.3255,-1.48814,-0.18575,27.65788,-29.66003,MIA_RED,MIA_RED,McKieFieldStad,TeamExclusive,Team,20251024-McKieFieldStad-Private-1,60927320-b117-11f0-a5c0-077d6a5da061,87.17278,2.90168,,7.6664,,,,1.94133,2.90168,-0.41005,ae17ce3c-cf23-406e-8349-44deea114d82,2025-10-24,20:24:00.29,2025-10-24T16:24:00.2990000-04:00,2025-10-24T20:24:00.2990000Z,GroundBall,v3,471355,471355,,,,Undefined,MIA_RED,ee9d1de7-0cb7-40eb-9c01-a669ee6a4bbe,55.24122,-130.44159,13.82894,5.63438,-0.29126,-14.83001,-1.49025,2.45462,-0.09288,180,1.93756,114.63582,,,,,,,,2.90264,-29.2108,,,,,,,,-0.40764,-72.93022,,,,,,,,,,,,,,,,,,,,,,,,,,,,,,High,High,High,Low,Low,,,
152,2025-10-24,16:24:59.77,3,1,"Berggren, Austin",1000190938,Right,MIA_RED,"Buffington, Matthew",825106,Right,MIA_RED,Undefined,6,Bottom,1,0,0,Cutter,Cutter,BallCalled,Undefined,Undefined,Undefined,0,0,,89.12564,0.380228,-1.207866,2724.10612,139.087887,10:45,5.67857,1.57608,5.43181,-29.00376,6.66044,-4.83618,3.61776,0.04173,81.73445,-4.956273,-2.068272,0.429821,,,,,,,,,,,,2.10248,3.58981,-1.46568,50,5.69228,2.94574,-129.41516,-0.21617,3.57736,26.17847,-26.06596,MIA_RED,MIA_RED,McKieFieldStad,TeamExclusive,Team,20251024-McKieFieldStad-Private-1,83df77b0-b117-11f0-a5c0-077d6a5da061,87.69335,,,7.3912,,,,,,,ae17ce3c-cf23-406e-8349-44deea114d82,2025-10-24,20:24:59.77,2025-10-24T16:24:59.7780000-04:00,2025-10-24T20:24:59.7780000Z,,v3,471355,471355,,,,Undefined,MIA_RED,fb0729d8-8497-40f1-8c81-d84b053d56b9,55.06532,-130.43576,13.08924,5.6809,0.80005,-13.03298,-1.57781,2.80628,1.78868,,,,,,,,,,,,,,,,,,,,,,,,,,,,,,,,,,,,,,,,,,,,,,,,,,,High,High,High,,,,,
153,2025-10-24,16:25:21.03,3,2,"Berggren, Austin",1000190938,Right,MIA_RED,"Buffington, Matthew",825106,Right,MIA_RED,Undefined,6,Bottom,1,1,0,Fastball,Cutter,BallCalled,Undefined,Undefined,Undefined,0,0,,89.6905,0.017332,-2.452884,2446.357485,200.307046,12:45,5.74955,1.51008,5.53833,-26.49631,8.80142,2.8374,3.55774,-0.54742,81.79304,-4.89059,-1.947597,0.427607,,,,,,,,,,,,-2.11579,4.79508,-1.29917,50,5.73367,5.44342,-130.07758,-0.91462,-3.61905,27.70744,-23.97203,MIA_RED,MIA_RED,McKieFieldStad,TeamExclusive,Team,20251024-McKieFieldStad-Private-1,9089cec0-b117-11f0-a5c0-077d6a5da061,88.14742,,,7.89746,,,,,,,ae17ce3c-cf23-406e-8349-44deea114d82,2025-10-24,20:25:21.03,2025-10-24T16:25:21.0350000-04:00,2025-10-24T20:25:21.0350000Z,,v3,471355,471355,,,,Undefined,MIA_RED,ffada448-929c-4e20-b418-1286c2f10c73,54.95707,-131.12921,13.85372,5.75112,-0.00476,-11.98602,-1.50838,5.58078,-1.80952,,,,,,,,,,,,,,,,,,,,,,,,,,,,,76.90833,2.05057,0.75433,1.29624,-1.30645,3.31789,0.63941,-1.75857,5.8937,1.52286,127.27745,1.88349,4.70919,-1.64198,110.75241,-8.80428,5.91854,12.72301,-12.23939,1.4664,-1.5012,3.13074,High,High,High,,,High,High,High
154,2025-10-24,16:25:59.15,3,3,"Berggren, Austin",1000190938,Right,MIA_RED,"Buffington, Matthew",825106,Right,MIA_RED,Undefined,6,Bottom,1,2,0,Slider,Curveball,BallCalled,Undefined,Undefined,Undefined,0,0,,83.08622,0.233116,-2.053937,2851.42236,62.627778,8:00,5.3886,1.55712,5.09285,-48.92558,-7.10209,-16.21414,1.5313,-1.73053,76.43964,-8.57926,-4.921642,0.465459,,,,,,,,,,,,7.48363,-3.21957,-1.34973,50,5.37202,5.01979,-120.55521,-1.37595,10.97102,24.27942,-36.89398,MIA_RED,MIA_RED,McKieFieldStad,TeamExclusive,Team,20251024-McKieFieldStad-Private-1,a762ce80-b117-11f0-a5c0-077d6a5da061,80.97905,,,6.64658,,,,,,,ae17ce3c-cf23-406e-8349-44deea114d82,2025-10-24,20:25:59.15,2025-10-24T16:25:59.1530000-04:00,2025-10-24T20:25:59.1530000Z,,v3,471355,471355,,,,Undefined,MIA_RED,fe98789a-c20e-46e7-934b-fc648caa7a01,55.40774,-121.63944,12.13971,5.39668,0.27159,-18.44699,-1.56296,4.52986,5.48551,,,,,,,,,,,,,,,,,,,,,,,,,,,,,,,,,,,,,,,,,,,,,,,,,,,High,High,High,,,,,
155,2025-10-24,16:26:24.93,3,4,"Berggren, Austin",1000190938,Right,MIA_RED,"Buffington, Matthew",825106,Right,MIA_RED,Undefined,6,Bottom,1,3,0,Fastball,Slider,BallCalled,Walk,Undefined,Undefined,0,0,,89.64558,0.755039,-2.397299,2450.07226,202.829254,12:45,5.71611,1.60816,5.49762,-27.79379,7.50874,2.69658,4.10684,-0.41074,81.88488,-4.379202,-1.917561,0.427636,,,,,,,,,,,,-2.01717,3.91996,-1.40034,50,5.76354,5.32314,-130.0482,0.69871,-3.45682,27.10116,-25.45636,MIA_RED,MIA_RED,McKieFieldStad,TeamExclusive,Team,20251024-McKieFieldStad-Private-1,b69e7ed0-b117-11f0-a5c0-077d6a5da061,88.14139,,,7.76071,,,,,,,ae17ce3c-cf23-406e-8349-44deea114d82,2025-10-24,20:26:24.93,2025-10-24T16:26:24.9370000-04:00,2025-10-24T20:26:24.9370000Z,,v3,471355,471355,,,,Undefined,MIA_RED,cd734dcf-8ac9-4dd6-9f20-474fb8ef888f,54.99899,-131.08581,13.55058,5.71814,1.67335,-12.72818,-1.60669,5.45549,-1.72841,,,,,,,,,,,,,,,,,,,,,,,,,,,,,,,,,,,,,,,,,,,,,,,,,,,High,High,High,,,,,
156,2025-10-24,16:27:01.16,4,1,"Berggren, Austin",1000190938,Right,MIA_RED,"Proctor, Keenan",823047,Left,MIA_RED,Undefined,6,Bottom,1,0,0,Fastball,Four-Seam,InPlay,Undefined,LineDrive,Out,1,0,,90.89799,-0.041258,-1.978494,2480.045923,212.31399,1:00,5.83522,1.54213,5.35118,-25.77234,8.59004,4.77827,3.6488,0.08395,83.40122,-4.788117,-1.129966,0.421903,58.28965,18.434444,-4.674076,2081.72143,,,,137.36825,131.34579,-9.907864,1.942257,-2.93378,4.63114,-1.36765,50,5.81317,4.34233,-131.9648,-1.06208,-5.19701,26.88812,-23.97026,MIA_RED,MIA_RED,McKieFieldStad,TeamExclusive,Team,20251024-McKieFieldStad-Private-1,cc6ac980-b117-11f0-a5c0-077d6a5da061,89.33902,15.35205,,7.49677,,,,0.9589,3.59299,-0.07036,ae17ce3c-cf23-406e-8349-44deea114d82,2025-10-24,20:27:01.16,2025-10-24T16:27:01.1650000-04:00,2025-10-24T20:27:01.1650000Z,LineDrive,v3,471355,471355,,,,Undefined,MIA_RED,81ee7a3d-2ed0-492c-b3dd-e6c3885b6470,55.14723,-133.00943,13.44406,5.83634,-0.13081,-11.98513,-1.54028,4.54424,-2.5985,118.475458,0.95889,80.83504,-8.11963,1.49608,-0.21556,-0.06014,0.07242,-0.03031,0.00509,3.59299,27.03369,-16.13256,0.78114,-0.20545,0.183,-0.11911,0.04537,-0.0071,-0.07037,-6.60793,-4.26848,1.11389,-0.19519,-0.06072,0.06408,-0.02405,0.00362,,,,,,,,,,,,,,,,,,,,,,,High,High,High,High,High,,,
157,2025-10-24,16:28:27.06,5,1,"Berggren, Austin",1000190938,Right,MIA_RED,"Vrlak, Jake",1000131822,Right,MIA_RED,Undefined,6,Bottom,2,0,0,Slider,Curveball,BallCalled,Undefined,Undefined,Undefined,0,1,,83.20144,-0.916713,-1.851622,2932.910829,57.114105,8:00,5.42195,1.69818,4.92074,-49.70952,-7.75926,-13.99371,0.41229,-1.21912,76.79135,-9.812085,-4.323007,0.466164,,,,,,,,,,,,6.46878,-3.30512,-1.50519,50,5.29046,4.49985,-120.71175,-3.85418,9.51258,24.23487,-37.03436,MIA_RED,MIA_RED,McKieFieldStad,TeamExclusive,Team,20251024-McKieFieldStad-Private-1,ff807c20-b117-11f0-a5c0-077d6a5da061,80.85661,,,6.41009,,,,,,,ae17ce3c-cf23-406e-8349-44deea114d82,2025-10-24,20:28:27.06,2025-10-24T16:28:27.0610000-04:00,2025-10-24T20:28:27.0610000Z,,v3,471355,471355,,,,Undefined,MIA_RED,8f457574-51ee-465c-b8b5-059b7803f52a,55.58082,-121.82704,12.11743,5.42861,-2.14986,-18.51718,-1.7022,4.06208,4.75629,,,,,,,,,,,,,,,,,,,,,,,,,,,,,,,,,,,,,,,,,,,,,,,,,,,High,High,High,,,,,
158,2025-10-24,16:29:05.49,5,2,"Berggren, Austin",1000190938,Right,MIA_RED,"Vrlak, Jake",1000131822,Right,MIA_RED,Undefined,6,Bottom,2,1,0,Fastball,Four-Seam,BallCalled,Undefined,Undefined,Undefined,0,0,,90.79331,0.093205,-2.226143,2341.840735,221.05147,1:15,5.69746,1.42271,5.44786,-26.48994,7.89835,5.95898,3.57729,-0.16591,83.14859,-4.793656,-1.16626,0.422062,,,,,,,,,,,,-3.59347,4.27819,-1.23029,50,5.68758,4.85053,-131.76974,-0.77118,-6.33691,27.21743,-24.62964,MIA_RED,MIA_RED,McKieFieldStad,TeamExclusive,Team,20251024-McKieFieldStad-Private-1,1664ed90-b118-11f0-a5c0-077d6a5da061,89.30536,,,7.64472,,,,,,,ae17ce3c-cf23-406e-8349-44deea114d82,2025-10-24,20:29:05.49,2025-10-24T16:29:05.4950000-04:00,2025-10-24T20:29:05.4950000Z,,v3,471355,471355,,,,Undefined,MIA_RED,8016316f-842b-458c-b5f7-150c7ad20497,55.04935,-132.8086,13.60871,5.69907,0.16891,-12.31482,-1.42005,5.09241,-3.16846,,,,,,,,,,,,,,,,,,,,,,,,,,,,,,,,,,,,,,,,,,,,,,,,,,,High,High,High,,,,,
159,2025-10-24,16:29:23.43,5,3,"Berggren, Austin",1000190938,Right,MIA_RED,"Vrlak, Jake",1000131822,Right,MIA_RED,Undefined,6,Bottom,2,2,0,Fastball,Cutter,InPlay,Undefined,LineDrive,Double,0,1,,90.67357,-0.751961,-1.90456,2501.720964,208.187736,1:00,5.65711,1.48137,5.68569,-25.18368,8.87067,4.21118,2.85717,0.05648,83.40089,-5.413185,-1.151809,0.420008,99.55637,15.742972,-35.412478,3004.307783,86.63607,17.62563,-67.78039,196.57703,147.99356,-40.789003,1.731246,-2.6565,5.00937,-1.32385,50,5.57798,4.19945,-131.72381,-2.62188,-4.6929,26.5516,-23.32467,MIA_RED,MIA_RED,McKieFieldStad,TeamExclusive,Team,20251024-McKieFieldStad-Private-1,211b8af0-b118-11f0-a5c0-077d6a5da061,89.74217,17.75243,,7.27268,,,,1.73168,2.90836,0.03824,ae17ce3c-cf23-406e-8349-44deea114d82,2025-10-24,20:29:23.43,2025-10-24T16:29:23.4390000-04:00,2025-10-24T20:29:23.4390000Z,LineDrive,v3,471355,471355,,,,Undefined,MIA_RED,8783ee1e-60bc-4a98-bce1-d64cc2df9bee,54.81338,-132.6905,13.2758,5.65798,-1.77267,-11.66233,-1.47986,4.37031,-2.34645,,1.73168,114.53866,-22.78189,4.60075,-0.86058,-0.15819,0.28436,-0.12556,0.01986,2.90836,39.61707,-29.28433,4.4022,-0.918,-0.01581,0.17477,-0.08277,0.01337,0.03823,-81.43628,3.55764,0.6064,-0.09945,-0.24598,0.28012,-0.12198,0.0196,,,,,,,,,,,,,,,,,,,,,,,High,High,High,High,High,,,
160,2025-10-24,16:30:11.72,6,1,"Berggren, Austin",1000190938,Right,MIA_RED,"Dierks, Marcus",10322729,Left,MIA_RED,Undefined,6,Bottom,2,0,0,Fastball,Four-Seam,StrikeCalled,Undefined,Undefined,Undefined,0,0,,91.10004,-1.074369,-2.223736,2508.006276,212.292526,1:00,5.69588,1.4151,5.5525,-25.67021,8.44367,4.65607,2.55195,-0.27578,83.37349,-5.817932,-1.393687,0.420375,,,,,,,,,,,,-2.96477,4.89748,-1.22588,50,5.58609,4.92226,-132.17804,-3.41829,-5.24713,28.06899,-23.50638,MIA_RED,MIA_RED,McKieFieldStad,TeamExclusive,Team,20251024-McKieFieldStad-Private-1,3de7d3a0-b118-11f0-a5c0-077d6a5da061,89.66383,,,7.72654,,,,,,,ae17ce3c-cf23-406e-8349-44deea114d82,2025-10-24,20:30:11.72,2025-10-24T16:30:11.7250000-04:00,2025-10-24T20:30:11.7250000Z,,v3,471355,471355,,,,Undefined,MIA_RED,2c3e0374-483a-412c-b958-021806d6d930,54.94441,-133.22388,14.0345,5.69713,-2.54244,-11.75319,-1.41293,5.11777,-2.62357,,,,,,,,,,,,,,,,,,,,,,,,,,,,,,,,,,,,,,,,,,,,,,,,,,,High,High,High,,,,,
161,2025-10-24,16:30:29.53,6,2,"Berggren, Austin",1000190938,Right,MIA_RED,"Dierks, Marcus",10322729,Left,MIA_RED,Undefined,6,Bottom,2,0,1,ChangeUp,Changeup,BallCalled,Undefined,Undefined,Undefined,0,0,,85.16553,-0.927271,-3.414749,1547.136861,293.488109,3:45,5.37518,1.98437,5.31706,-44.20656,-4.57937,13.52154,0.81944,-0.09736,77.98678,-8.940541,-1.012469,0.453073,,,,,,,,,,,,-7.83111,-1.70036,-1.68511,50,5.2587,6.79039,-123.42652,-3.66004,-12.01409,25.82472,-34.78265,MIA_RED,MIA_RED,McKieFieldStad,TeamExclusive,Team,20251024-McKieFieldStad-Private-1,48828490-b118-11f0-a5c0-077d6a5da061,83.19289,,,7.17875,,,,,,,ae17ce3c-cf23-406e-8349-44deea114d82,2025-10-24,20:30:29.53,2025-10-24T16:30:29.5330000-04:00,2025-10-24T20:30:29.5330000Z,,v3,471355,471355,,,,Undefined,MIA_RED,abdaace6-4e52-4991-a086-dd02ddbc8687,55.18313,-124.50627,12.91236,5.38132,-2.20575,-17.39133,-1.97952,7.29271,-6.00704,,,,,,,,,,,,,,,,,,,,,,,,,,,,,,,,,,,,,,,,,,,,,,,,,,,High,High,High,,,,,
162,2025-10-24,16:30:51.03,6,3,"Berggren, Austin",1000190938,Right,MIA_RED,"Dierks, Marcus",10322729,Left,MIA_RED,Undefined,6,Bottom,2,1,1,Fastball,Four-Seam,BallCalled,Undefined,Undefined,Undefined,0,0,,90.39429,0.392969,-1.001185,2491.5841,212.094616,1:00,5.71966,1.65859,5.27721,-23.95332,10.90686,6.17485,4.09269,1.23276,82.76783,-4.035531,0.094399,0.424948,,,,,,,,,,,,-3.34543,5.67717,-1.57187,50,5.73817,2.00634,-131.2302,0.01337,-5.85648,26.76331,-22.23562,MIA_RED,MIA_RED,McKieFieldStad,TeamExclusive,Team,20251024-McKieFieldStad-Private-1,5535dc50-b118-11f0-a5c0-077d6a5da061,88.69886,,,7.62646,,,,,,,ae17ce3c-cf23-406e-8349-44deea114d82,2025-10-24,20:30:51.03,2025-10-24T16:30:51.0310000-04:00,2025-10-24T20:30:51.0310000Z,,v3,471355,471355,,,,Undefined,MIA_RED,48786ed6-7bd2-4f49-a71c-5f7a50516b19,55.21949,-132.29039,13.38166,5.7202,0.8942,-11.11781,-1.65594,2.23834,-2.92824,,,,,,,,,,,,,,,,,,,,,,,,,,,,,,,,,,,,,,,,,,,,,,,,,,,High,High,High,,,,,
163,2025-10-24,16:31:14.05,6,4,"Berggren, Austin",1000190938,Right,MIA_RED,"Dierks, Marcus",10322729,Left,MIA_RED,Undefined,6,Bottom,2,2,1,ChangeUp,Changeup,StrikeSwinging,Undefined,Undefined,Undefined,0,0,,84.307,-0.287305,-3.481194,1752.541171,275.751546,3:15,5.38793,1.80674,5.03275,-40.37691,0.19917,10.39686,1.75162,-0.61528,77.53741,-7.5898,-1.646563,0.458465,,,,,,,,,,,,-6.09083,0.55728,-1.48252,50,5.32797,6.97537,-122.19189,-2.16255,-9.23972,23.31965,-31.32868,MIA_RED,MIA_RED,McKieFieldStad,TeamExclusive,Team,20251024-McKieFieldStad-Private-1,62f48990-b118-11f0-a5c0-077d6a5da061,82.21437,,,6.76959,,,,,,,ae17ce3c-cf23-406e-8349-44deea114d82,2025-10-24,20:31:14.05,2025-10-24T16:31:14.0540000-04:00,2025-10-24T20:31:14.0540000Z,,v3,471355,471355,,,,Undefined,MIA_RED,4c4816b8-659d-48ba-960c-aa374adf600a,55.46613,-123.23065,11.65982,5.39322,-0.76703,-15.66434,-1.8024,7.38695,-4.61986,,,,,,,,,,,,,,,,,,,,,,,,,,,,,,,,,,,,,,,,,,,,,,,,,,,High,High,High,,,,,
164,2025-10-24,16:31:36.92,6,5,"Berggren, Austin",1000190938,Right,MIA_RED,"Dierks, Marcus",10322729,Left,MIA_RED,Undefined,6,Bottom,2,2,2,Sinker,Sinker,InPlay,Undefined,LineDrive,Triple,0,1,,90.34895,0.487717,-2.660281,2412.660963,244.693722,2:15,5.28064,1.79622,5.54193,-27.23096,7.2876,13.23158,3.4677,0.41084,82.91135,-4.537504,-0.303469,0.422861,83.61039,17.432865,-34.412906,3960.80593,86.53858,23.04635,-67.9048,218.972,218.972,-41.899751,2.397472,-7.40457,3.86311,-1.5747,50,5.30484,5.51029,-131.1713,0.1207,-12.97322,26.28842,-25.40568,MIA_RED,MIA_RED,McKieFieldStad,TeamExclusive,Team,20251024-McKieFieldStad-Private-1,70aaab50-b118-11f0-a5c0-077d6a5da061,89.13671,23.08645,,7.4376,,,,0.37192,3.28583,-0.2893,ae17ce3c-cf23-406e-8349-44deea114d82,2025-10-24,20:31:36.92,2025-10-24T16:31:36.9220000-04:00,2025-10-24T20:31:36.9220000Z,LineDrive,v3,471355,471355,,,,Undefined,MIA_RED,8c960264-5070-4388-9f32-438f8de9bb07,54.9572,-132.16105,13.14421,5.28228,1.07721,-12.70284,-1.79136,5.99872,-6.48661,,0.37194,96.52059,-18.24753,4.00892,-1.07114,0.45596,-0.18582,0.04439,-0.0044,3.28582,36.73567,-18.54175,1.51206,0.16227,-0.5009,0.28592,-0.07449,0.00761,-0.28929,-66.11968,3.1495,-0.53481,-0.07135,0.18184,-0.10149,0.02637,-0.00269,,,,,,,,,,,,,,,,,,,,,,,High,High,High,High,High,,,
165,2025-10-24,16:32:25.05,7,1,"Berggren, Austin",1000190938,Right,MIA_RED,"Roa Calcano, Christopher",1000375139,Left,MIA_RED,Undefined,6,Bottom,2,0,0,Fastball,Four-Seam,FoulBallNotFieldable,Undefined,Undefined,Undefined,0,0,,92.07405,-0.761974,-1.882096,2355.858935,222.354481,1:30,5.68041,1.44744,5.89964,-24.79934,7.96335,6.37075,2.90602,0.2305,84.6642,-5.367949,-0.738592,0.411966,76.00451,10.821668,-169.597463,2372.647145,,,,130.0078,38.78303,-166.523867,1.335523,-3.77673,4.57512,-1.29982,50,5.60482,4.12496,-133.79899,-2.64596,-6.88148,27.48287,-23.83783,MIA_RED,MIA_RED,McKieFieldStad,TeamExclusive,Team,20251024-McKieFieldStad-Private-1,8d55fe80-b118-11f0-a5c0-077d6a5da061,91.49407,8.89554,,7.40985,,,,0.91589,2.82668,-0.2568,ae17ce3c-cf23-406e-8349-44deea114d82,2025-10-24,20:32:25.05,2025-10-24T16:32:25.0520000-04:00,2025-10-24T20:32:25.0520000Z,GroundBall,v3,471355,471355,,,,Undefined,MIA_RED,801a7ff8-35dc-4c06-bb85-e1dfda28e432,54.59933,-134.7404,13.74144,5.68147,-1.82941,-11.91892,-1.44515,4.36068,-3.44074,277.474789,0.82205,-106.71567,8.60745,,,,,,,2.93272,19.84662,-16.55952,,,,,,,-0.20193,-20.34053,-1.66967,,,,,,,,,,,,,,,,,,,,,,,,,,,,,High,High,High,High,Low,,,
166,2025-10-24,16:32:42.54,7,2,"Berggren, Austin",1000190938,Right,MIA_RED,"Roa Calcano, Christopher",1000375139,Left,MIA_RED,Undefined,6,Bottom,2,0,1,Fastball,Four-Seam,StrikeCalled,Undefined,Undefined,Undefined,0,0,,92.85797,-2.080679,-2.695601,2602.727709,205.084441,12:45,5.62767,1.39598,5.76468,-22.16808,10.15142,4.31614,1.84087,-0.75495,85.79689,-6.18341,-1.923546,0.40917,,,,,,,,,,,,-2.86847,5.99099,-1.17538,50,5.44175,6.15473,-134.79226,-5.68757,-5.33133,26.49582,-21.03929,MIA_RED,MIA_RED,McKieFieldStad,TeamExclusive,Team,20251024-McKieFieldStad-Private-1,97ab9020-b118-11f0-a5c0-077d6a5da061,92.11927,,,7.06108,,,,,,,ae17ce3c-cf23-406e-8349-44deea114d82,2025-10-24,20:32:42.54,2025-10-24T16:32:42.5470000-04:00,2025-10-24T20:32:42.5470000Z,,v3,471355,471355,,,,Undefined,MIA_RED,9a5c390b-ced8-41fa-b0fd-4625632b6404,54.73342,-135.71951,13.24791,5.6279,-4.95127,-10.51965,-1.39404,6.3413,-2.66566,,,,,,,,,,,,,,,,,,,,,,,,,,,,,,,,,,,,,,,,,,,,,,,,,,,High,High,High,,,,,
167,2025-10-24,16:33:03.97,7,3,"Berggren, Austin",1000190938,Right,MIA_RED,"Roa Calcano, Christopher",1000375139,Left,MIA_RED,Undefined,6,Bottom,2,0,2,Fastball,Four-Seam,FoulBallNotFieldable,Undefined,Undefined,Undefined,0,0,,94.00311,-1.113639,-1.875918,2596.456285,212.557772,1:00,5.6662,1.43464,5.98242,-19.83411,11.36847,6.69032,2.98047,0.25279,86.73593,-4.822039,-0.673432,0.402038,72.65545,44.941511,-124.72602,4687.730261,-75.58587,48.21905,-79.91692,175.04479,56.68486,-136.671606,2.981983,-3.9254,6.40563,-1.29026,50,5.56715,4.18891,-136.66084,-3.32761,-7.49638,27.35157,-19.94108,MIA_RED,MIA_RED,McKieFieldStad,TeamExclusive,Team,20251024-McKieFieldStad-Private-1,a4ab3320-b118-11f0-a5c0-077d6a5da061,93.75352,50.18287,,7.26718,,,,0.81682,2.77887,-0.13483,ae17ce3c-cf23-406e-8349-44deea114d82,2025-10-24,20:33:03.97,2025-10-24T16:33:03.9790000-04:00,2025-10-24T20:33:03.9790000Z,FlyBall,v3,471355,471355,,,,Undefined,MIA_RED,c222ff87-49fe-4917-9597-b61ff265fcde,54.51688,-137.56189,13.67578,5.66595,-2.67069,-9.97054,-1.43232,4.43586,-3.74819,,0.81679,-42.96565,-5.68224,4.09326,-1.49269,0.4791,-0.13108,0.02548,-0.00227,2.7788,75.27598,-35.74808,5.81676,-1.3215,0.29341,-0.06517,0.01054,-0.00073,-0.13481,-61.99274,11.59833,-2.35795,0.41804,-0.03333,-0.01084,0.00539,-0.00073,,,,,,,,,,,,,,,,,,,,,,,High,High,High,Medium,Low,,,
168,2025-10-24,16:33:25.62,7,4,"Berggren, Austin",1000190938,Right,MIA_RED,"Roa Calcano, Christopher",1000375139,Left,MIA_RED,Undefined,6,Bottom,2,0,2,Fastball,Sinker,BallCalled,Undefined,Undefined,Undefined,0,0,,93.60641,-0.180303,-1.370695,2548.754709,230.979979,1:45,5.70858,1.49694,5.64499,-23.90958,7.97839,8.71485,3.54788,0.94438,86.23941,-4.602052,0.186432,0.406429,,,,,,,,,,,,-4.75996,4.38402,-1.38624,50,5.67804,2.85779,-136.05149,-1.31573,-9.00279,27.31046,-23.88234,MIA_RED,MIA_RED,McKieFieldStad,TeamExclusive,Team,20251024-McKieFieldStad-Private-1,b17c4c10-b118-11f0-a5c0-077d6a5da061,92.74047,,,7.367,,,,,,,ae17ce3c-cf23-406e-8349-44deea114d82,2025-10-24,20:33:25.62,2025-10-24T16:33:25.6260000-04:00,2025-10-24T20:33:25.6260000Z,,v3,471355,471355,,,,Undefined,MIA_RED,126346c3-0902-41c4-bb83-2628acffd212,54.85333,-137.02227,13.65523,5.70972,-0.46681,-11.94117,-1.49351,3.17781,-4.50139,,,,,,,,,,,,,,,,,,,,,,,,,,,,,,,,,,,,,,,,,,,,,,,,,,,High,High,High,,,,,
169,2025-10-24,16:33:40.06,7,5,"Berggren, Austin",1000190938,Right,MIA_RED,"Roa Calcano, Christopher",1000375139,Left,MIA_RED,Undefined,6,Bottom,2,1,2,ChangeUp,Changeup,HitByPitch,Undefined,Undefined,Undefined,0,0,,85.62207,-3.396769,-5.254596,1726.596239,276.055291,3:15,5.33006,1.64858,5.23123,-39.01309,0.13303,9.49276,-1.13121,-2.51355,79.60484,-10.392838,-3.577088,0.450314,,,,,,,,,,,,-6.27744,1.05437,-1.17127,50,4.98572,11.00386,-123.76181,-8.80762,-9.80644,23.03209,-30.52698,MIA_RED,MIA_RED,McKieFieldStad,TeamExclusive,Team,20251024-McKieFieldStad-Private-1,ba17f8b0-b118-11f0-a5c0-077d6a5da061,83.70248,,,6.01723,,,,,,,ae17ce3c-cf23-406e-8349-44deea114d82,2025-10-24,20:33:40.06,2025-10-24T16:33:40.0680000-04:00,2025-10-24T20:33:40.0680000Z,,v3,471355,471355,,,,Undefined,MIA_RED,1f8b1041-c7d6-4f91-ab71-2ecd161d5d5b,55.27202,-124.73907,11.51605,5.33195,-7.51234,-15.26349,-1.64699,11.41995,-4.90322,,,,,,,,,,,,,,,,,,,,,,,,,,,,,,,,,,,,,,,,,,,,,,,,,,,High,High,High,,,,,
170,2025-10-24,16:34:36.18,8,1,"Berggren, Austin",1000190938,Right,MIA_RED,"Kirtley, Ryder",827333,Right,MIA_RED,Undefined,6,Bottom,2,0,0,Fastball,Slider,InPlay,Undefined,GroundBall,Out,1,0,,91.29009,0.048359,-1.607884,2372.461928,207.271528,1:00,5.63761,1.37447,6.13143,-26.17726,6.69492,2.97477,3.50088,0.13584,84.27986,-4.822184,-1.071648,0.412654,72.34431,-10.552053,-8.771849,,,,,16.76073,16.22968,-8.620109,0.15158,-1.95059,3.7274,-1.25324,50,5.62755,3.6067,-132.79544,-0.76785,-3.51666,25.87642,-25.45408,MIA_RED,MIA_RED,McKieFieldStad,TeamExclusive,Team,20251024-McKieFieldStad-Private-1,db80fb00-b118-11f0-a5c0-077d6a5da061,91.34158,3.48059,,7.01023,,,,1.27809,3.48059,-0.14969,ae17ce3c-cf23-406e-8349-44deea114d82,2025-10-24,20:34:36.18,2025-10-24T16:34:36.1800000-04:00,2025-10-24T20:34:36.1800000Z,GroundBall,v3,471355,471355,,,,Undefined,MIA_RED,3f44f386-fe90-4a71-97fc-94d58087214f,54.36821,-133.64392,12.93821,5.63904,0.06678,-12.72704,-1.3734,3.72201,-1.75833,0.641145,1.27818,103.08256,-14.45398,,,,,,,3.48109,-19.47489,-23.0498,,,,,,,-0.1497,-15.90648,2.11851,,,,,,,,,,,,,,,,,,,,,,,,,,,,,High,High,High,High,High,,,
171,2025-10-24,16:37:06.29,1,1,"Byers, Carson",1000133996,Left,MIA_RED,"Novak, Ryan",10035937,Left,MIA_RED,Undefined,7,Top,0,0,0,Cutter,Changeup,BallCalled,Undefined,Undefined,Undefined,0,0,,82.60217,1.427206,1.655001,2070.761827,142.432717,10:45,4.70506,-1.70515,5.53923,-31.37683,9.52461,-6.48646,3.42505,-0.69846,76.51394,-4.348298,0.499282,0.4603,,,,,,,,,,,,3.6604,4.83339,1.56605,50,4.80791,-3.20566,-120.05286,1.94016,5.42727,19.76961,-25.00758,MIA_RED,MIA_RED,McKieFieldStad,TeamExclusive,Team,20251024-McKieFieldStad-Private-1,34e75540-b119-11f0-a5c0-077d6a5da061,81.88672,,,6.08823,,,,,,,ae17ce3c-cf23-406e-8349-44deea114d82,2025-10-24,20:37:06.29,2025-10-24T16:37:06.2970000-04:00,2025-10-24T20:37:06.2970000Z,,v3,471355,471355,,,,Undefined,MIA_RED,d3265e41-509f-4bf8-bc72-84254698351a,54.95925,-120.86677,9.88481,4.70685,2.9697,-12.50379,1.70262,-3.4291,2.71364,,,,,,,,,,,,,,,,,,,,,,,,,,,,,,,,,,,,,,,,,,,,,,,,,,,High,High,High,,,,,
172,2025-10-24,16:37:24.27,1,2,"Byers, Carson",1000133996,Left,MIA_RED,"Novak, Ryan",10035937,Left,MIA_RED,Undefined,7,Top,0,1,0,Slider,Slider,StrikeCalled,Undefined,Undefined,Undefined,0,0,,77.17451,2.293581,0.480456,2561.935413,265.523602,2:45,4.67189,-1.88588,5.15776,-45.51617,2.17638,11.14142,3.039,-0.50517,71.45518,-5.971012,2.452284,0.497046,,,,,,,,,,,,-5.44473,0.92398,1.83209,50,4.85093,-1.37948,-112.09351,2.92872,-7.01215,17.94295,-30.98406,MIA_RED,MIA_RED,McKieFieldStad,TeamExclusive,Team,20251024-McKieFieldStad-Private-1,3fb3eba0-b119-11f0-a5c0-077d6a5da061,75.83289,,,5.71932,,,,,,,ae17ce3c-cf23-406e-8349-44deea114d82,2025-10-24,20:37:24.27,2025-10-24T16:37:24.2710000-04:00,2025-10-24T20:37:24.2710000Z,,v3,471355,471355,,,,Undefined,MIA_RED,2a318e4f-ddc8-48b0-a636-9e4bd81e7beb,55.34213,-112.94539,8.97148,4.67696,4.39976,-15.49203,1.88968,-1.04656,-3.50607,,,,,,,,,,,,,,,,,,,,,,,,,,,,,,,,,,,,,,,,,,,,,,,,,,,High,High,High,,,,,
173,2025-10-24,16:37:41.31,1,3,"Byers, Carson",1000133996,Left,MIA_RED,"Novak, Ryan",10035937,Left,MIA_RED,Undefined,7,Top,0,1,1,Slider,Curveball,InPlay,Undefined,GroundBall,Out,1,0,,77.59338,1.259048,2.250171,2579.6514,313.112113,4:30,4.68956,-1.86668,5.2018,-53.14932,-5.66134,7.54205,1.44571,0.87922,71.67907,-8.346387,3.586155,0.495979,59.59516,-39.097187,11.355504,,,,,3.4555,3.4555,-8.445088,0.026728,-3.19276,-2.8348,1.65222,50,4.76545,-4.71866,-112.63414,0.63439,-4.11312,19.91573,-35.82602,MIA_RED,MIA_RED,McKieFieldStad,TeamExclusive,Team,20251024-McKieFieldStad-Private-1,49e5c8a0-b119-11f0-a5c0-077d6a5da061,75.99606,1.47773,,5.91431,,,,1.63509,1.47773,-0.86554,ae17ce3c-cf23-406e-8349-44deea114d82,2025-10-24,20:37:41.31,2025-10-24T16:37:41.3100000-04:00,2025-10-24T20:37:41.3100000Z,GroundBall,v3,471355,471355,,,,Undefined,MIA_RED,0d65b9ca-e67d-4899-83f2-8bd78a3d85d5,55.29949,-113.56732,9.95787,4.69639,2.31306,-17.91301,1.86881,-4.52593,-2.05656,,1.63423,66.7059,,,,,,,,1.47845,-55.28726,,,,,,,,-0.86572,13.39637,,,,,,,,,,,,,,,,,,,,,,,,,,,,,,High,High,High,Estimated,Estimated,,,
174,2025-10-24,16:38:17.00,2,1,"Byers, Carson",1000133996,Left,MIA_RED,"Cruz, Diego",1000178634,Left,MIA_RED,Undefined,7,Top,1,0,0,Fastball,Changeup,StrikeCalled,Undefined,Undefined,Undefined,0,0,,87.50702,-1.440698,2.877568,1764.692798,133.875653,10:30,4.92754,-1.27093,6.01238,-20.36292,15.50442,-15.0908,1.89406,0.13942,81.06781,-5.258079,0.165928,0.431043,,,,,,,,,,,,8.4467,8.63847,1.05324,50,4.80307,-5.78532,-127.17004,-3.82025,14.03588,22.484,-17.81951,MIA_RED,MIA_RED,McKieFieldStad,TeamExclusive,Team,20251024-McKieFieldStad-Private-1,5f40daf0-b119-11f0-a5c0-077d6a5da061,87.44464,,,6.43922,,,,,,,ae17ce3c-cf23-406e-8349-44deea114d82,2025-10-24,20:38:17.00,2025-10-24T16:38:17.0050000-04:00,2025-10-24T20:38:17.0050000Z,,v3,471355,471355,,,,Undefined,MIA_RED,77ea0d9e-cd36-486d-9d1f-825c30ca911d,54.48714,-127.96092,11.242,4.92643,-3.19344,-8.90976,1.26542,-6.27903,7.01794,,,,,,,,,,,,,,,,,,,,,,,,,,,,,,,,,,,,,,,,,,,,,,,,,,,High,High,High,,,,,
175,2025-10-24,16:38:35.68,2,2,"Byers, Carson",1000133996,Left,MIA_RED,"Cruz, Diego",1000178634,Left,MIA_RED,Undefined,7,Top,1,0,1,ChangeUp,Changeup,StrikeCalled,Undefined,Undefined,Undefined,0,0,,78.27599,1.192437,4.188506,1625.549509,85.913946,8:45,4.42206,-1.95937,5.63944,-45.50522,0.00669,-17.12588,1.74549,0.52779,72.73961,-7.107437,1.137243,0.48555,,,,,,,,,,,,9.67225,0.10953,1.61421,50,4.49422,-7.67439,-113.6129,0.88094,12.84338,17.71091,-32.02863,MIA_RED,MIA_RED,McKieFieldStad,TeamExclusive,Team,20251024-McKieFieldStad-Private-1,6a9b5970-b119-11f0-a5c0-077d6a5da061,77.62834,,,5.53638,,,,,,,ae17ce3c-cf23-406e-8349-44deea114d82,2025-10-24,20:38:35.68,2025-10-24T16:38:35.6810000-04:00,2025-10-24T20:38:35.6810000Z,,v3,471355,471355,,,,Undefined,MIA_RED,6fb22692-c53b-46ba-90a4-f77bbd5dec28,54.86223,-114.36836,8.85546,4.42751,2.24711,-16.01431,1.95323,-8.22222,6.42169,,,,,,,,,,,,,,,,,,,,,,,,,,,,,,,,,,,,,,,,,,,,,,,,,,,High,High,High,,,,,
176,2025-10-24,16:38:52.07,2,3,"Byers, Carson",1000133996,Left,MIA_RED,"Cruz, Diego",1000178634,Left,MIA_RED,Undefined,7,Top,1,0,2,Slider,Curveball,StrikeSwinging,Strikeout,Undefined,Undefined,0,0,,78.03718,-0.002425,2.509674,2618.970453,271.322166,3:00,4.64247,-1.73421,5.2669,-45.35928,1.00213,9.53091,0.86026,1.41906,72.87795,-8.195191,4.199287,0.490061,,,,,,,,,,,,-4.21071,0.85102,1.49722,50,4.60839,-5.33721,-113.38979,-1.55411,-5.55966,17.98365,-31.05041,MIA_RED,MIA_RED,McKieFieldStad,TeamExclusive,Team,20251024-McKieFieldStad-Private-1,74213f00-b119-11f0-a5c0-077d6a5da061,76.91384,,,5.15922,,,,,,,ae17ce3c-cf23-406e-8349-44deea114d82,2025-10-24,20:38:52.07,2025-10-24T16:38:52.0700000-04:00,2025-10-24T20:38:52.0700000Z,,v3,471355,471355,,,,Undefined,MIA_RED,6c28d5dc-090e-4f10-86da-4512f7afbade,55.23401,-114.21689,8.99183,4.64702,-0.12605,-15.52521,1.73681,-5.08151,-2.77983,,,,,,,,,,,,,,,,,,,,,,,,,,,,,,,,,,,,,,,,,,,,,,,,,,,High,High,High,,,,,
177,2025-10-24,16:39:27.28,3,1,"Byers, Carson",1000133996,Left,MIA_RED,"Harrison, Tommy",811731,Left,MIA_RED,Undefined,7,Top,2,0,0,Slider,Curveball,InPlay,Undefined,GroundBall,Out,1,0,,77.7411,1.967001,1.953251,2662.943705,303.381373,4:00,4.69083,-1.7084,5.23701,-51.61656,-4.52457,8.89965,2.24003,0.8698,71.89449,-7.37853,3.53001,0.493907,62.34925,-54.472752,25.86546,,,,,3.95404,3.95404,-1.004203,0.031704,-3.98544,-2.45291,1.52166,50,4.83272,-4.19364,-112.87662,2.09865,-5.17613,19.26636,-35.35976,MIA_RED,MIA_RED,McKieFieldStad,TeamExclusive,Team,20251024-McKieFieldStad-Private-1,89188670-b119-11f0-a5c0-077d6a5da061,76.3149,2.3699,,5.84662,,,,2.43081,2.3699,-0.80751,ae17ce3c-cf23-406e-8349-44deea114d82,2025-10-24,20:39:27.28,2025-10-24T16:39:27.2890000-04:00,2025-10-24T20:39:27.2890000Z,GroundBall,v3,471355,471355,,,,Undefined,MIA_RED,56c45329-f345-449f-ab9c-502b824cbec9,55.26451,-113.77164,9.63318,4.69707,3.74131,-17.67988,1.71089,-3.95318,-2.58806,,2.42973,48.02625,,,,,,,,2.37158,-74.75114,,,,,,,,-0.80803,23.28453,,,,,,,,,,,,,,,,,,,,,,,,,,,,,,High,High,High,Estimated,Estimated,,,
178,2025-10-24,16:42:24.88,1,1,"Fulk, Landon",824476,Right,MIA_RED,"Christiansen, Hayden",830132,Right,MIA_RED,Undefined,7,Bottom,0,0,0,Slider,Curveball,StrikeSwinging,Undefined,Undefined,Undefined,0,0,,80.17955,0.894764,-1.090686,2703.514235,66.91446,8:15,4.85914,1.55945,4.75132,-49.23164,-4.40036,-13.18194,1.6053,-0.57354,74.55778,-7.92044,-3.408969,0.481906,,,,,,,,,,,,6.23725,-2.03764,-1.43759,50,4.90505,2.77759,-116.49182,-0.05998,8.66848,19.5487,-35.00592,MIA_RED,MIA_RED,McKieFieldStad,TeamExclusive,Team,20251024-McKieFieldStad-Private-1,f2cceb60-b119-11f0-a5c0-077d6a5da061,78.21538,,,5.62177,,,,,,,ae17ce3c-cf23-406e-8349-44deea114d82,2025-10-24,20:42:24.88,2025-10-24T16:42:24.8870000-04:00,2025-10-24T20:42:24.8870000Z,,v3,471355,471355,,,,Undefined,MIA_RED,ec6c3ebc-df52-4747-8649-c33119b3f07b,55.75033,-117.45283,9.77435,4.8657,1.6609,-17.50296,-1.56366,2.35145,4.33424,,,,,,,,,,,,,,,,,,,,,,,,,,,,,,,,,,,,,,,,,,,,,,,,,,,High,High,High,,,,,
179,2025-10-24,16:42:38.80,1,2,"Fulk, Landon",824476,Right,MIA_RED,"Christiansen, Hayden",830132,Right,MIA_RED,Undefined,7,Bottom,0,0,1,Slider,Slider,StrikeCalled,Undefined,Undefined,Undefined,0,0,,80.54512,0.378368,-1.231151,2654.549653,67.712672,8:15,4.97953,1.60599,4.90041,-46.74778,-2.41839,-8.97713,1.44182,-0.30667,74.64857,-8.028145,-2.814719,0.479201,,,,,,,,,,,,4.13579,-0.92642,-1.47758,50,4.97697,2.89234,-116.98477,-0.97947,5.77678,20.43118,-33.46802,MIA_RED,MIA_RED,McKieFieldStad,TeamExclusive,Team,20251024-McKieFieldStad-Private-1,fb427260-b119-11f0-a5c0-077d6a5da061,78.65689,,,5.89655,,,,,,,ae17ce3c-cf23-406e-8349-44deea114d82,2025-10-24,20:42:38.80,2025-10-24T16:42:38.8080000-04:00,2025-10-24T20:42:38.8080000Z,,v3,471355,471355,,,,Undefined,MIA_RED,ca6b5dda-19fe-4ccd-8b06-53cfdb92c9dd,55.59993,-117.95873,10.21559,4.98563,0.61596,-16.73401,-1.6089,2.61696,2.88839,,,,,,,,,,,,,,,,,,,,,,,,,,,,,,,,,,,,,,,,,,,,,,,,,,,High,High,High,,,,,
180,2025-10-24,16:42:57.33,1,3,"Fulk, Landon",824476,Right,MIA_RED,"Christiansen, Hayden",830132,Right,MIA_RED,Undefined,7,Bottom,0,0,2,Slider,Slider,BallCalled,Undefined,Undefined,Undefined,0,0,,81.69789,-0.550569,-4.483519,2637.212186,86.841932,9:00,4.97984,1.33488,4.71551,-43.04203,0.92622,-7.6128,0.86889,-3.56307,75.28729,-8.256736,-5.813766,0.477245,,,,,,,,,,,,2.50461,0.9978,-0.87367,50,4.88558,9.59753,-118.16445,-2.78977,3.54292,22.41613,-30.7626,MIA_RED,MIA_RED,McKieFieldStad,TeamExclusive,Team,20251024-McKieFieldStad-Private-1,066e66d0-b11a-11f0-a5c0-077d6a5da061,78.97928,,,6.4106,,,,,,,ae17ce3c-cf23-406e-8349-44deea114d82,2025-10-24,20:42:57.33,2025-10-24T16:42:57.3380000-04:00,2025-10-24T20:42:57.3380000Z,,v3,471355,471355,,,,Undefined,MIA_RED,f03355cc-acf7-4070-a0cb-ead9d6d7e7fd,55.78303,-119.25646,11.20806,4.98499,-1.29116,-15.3813,-1.33701,9.42493,1.77146,,,,,,,,,,,,,,,,,,,,,,,,,,,,,,,,,,,,,,,,,,,,,,,,,,,High,High,High,,,,,
181,2025-10-24,16:43:14.78,1,4,"Fulk, Landon",824476,Right,MIA_RED,"Christiansen, Hayden",830132,Right,MIA_RED,Undefined,7,Bottom,0,1,2,Slider,Slider,BallCalled,Undefined,Undefined,Undefined,0,0,,80.7687,1.690107,-2.048713,2699.438776,60.754229,8:00,4.87345,1.45647,4.73447,-48.47136,-4.14693,-9.5906,2.43901,-1.28712,74.8485,-7.000171,-3.731873,0.479174,,,,,,,,,,,,4.21012,-2.09398,-1.24103,50,5.00038,4.60707,-117.2259,1.59178,5.92014,19.97409,-35.11855,MIA_RED,MIA_RED,McKieFieldStad,TeamExclusive,Team,20251024-McKieFieldStad-Private-1,10887610-b11a-11f0-a5c0-077d6a5da061,78.66131,,,5.92021,,,,,,,ae17ce3c-cf23-406e-8349-44deea114d82,2025-10-24,20:43:14.78,2025-10-24T16:43:14.7800000-04:00,2025-10-24T20:43:14.7800000Z,,v3,471355,471355,,,,Undefined,MIA_RED,b963be85-68f7-4a3c-810a-0dd5c4b3feca,55.76638,-118.20435,9.98704,4.88027,3.3121,-17.55928,-1.4596,4.31707,2.96007,,,,,,,,,,,,,,,,,,,,,,,,,,,,,,,,,,,,,,,,,,,,,,,,,,,High,High,High,,,,,
182,2025-10-24,16:43:32.57,1,5,"Fulk, Landon",824476,Right,MIA_RED,"Christiansen, Hayden",830132,Right,MIA_RED,Undefined,7,Bottom,0,2,2,Fastball,Four-Seam,StrikeSwinging,Strikeout,Undefined,Undefined,0,0,,90.70243,-0.60489,-3.711813,2504.376419,220.46814,1:15,5.20211,1.27013,5.66107,-18.2721,16.07737,12.77674,3.11418,-1.13123,82.70859,-4.05227,-1.435185,0.421824,,,,,,,,,,,,-7.48772,8.64674,-0.96399,50,5.13943,7.95817,-131.46607,-1.97538,-13.11034,27.75109,-17.03436,MIA_RED,MIA_RED,McKieFieldStad,TeamExclusive,Team,20251024-McKieFieldStad-Private-1,1b4d6b50-b11a-11f0-a5c0-077d6a5da061,89.35583,,,7.99385,,,,,,,ae17ce3c-cf23-406e-8349-44deea114d82,2025-10-24,20:43:32.57,2025-10-24T16:43:32.5790000-04:00,2025-10-24T20:43:32.5790000Z,,v3,471355,471355,,,,Undefined,MIA_RED,69b25505-0fa9-4594-bc5c-52c3cc7e5c4a,54.83593,-132.48295,13.87555,5.20037,-1.35119,-8.51718,-1.2644,8.43857,-6.55517,,,,,,,,,,,,,,,,,,,,,,,,,,,,,65.33455,2.635915,1.598464,1.037451,-1.1371,2.92888,1.19279,-3.20527,5.89616,3.64935,75.5873,7.80552,49.18986,-3.13949,82.72318,-6.59003,5.91921,15.57466,-13.25872,3.6473,44.29115,-0.37844,High,High,High,,,High,High,High
183,2025-10-24,16:43:59.69,2,1,"Fulk, Landon",824476,Right,MIA_RED,"Buffington, Matthew",825106,Right,MIA_RED,Undefined,7,Bottom,1,0,0,Slider,Slider,BallCalled,Undefined,Undefined,Undefined,0,0,,81.19641,0.464343,-2.504596,2703.698018,78.214137,8:30,4.86654,1.49229,4.76161,-44.57774,-0.57646,-8.87473,1.59245,-1.62362,75.06453,-7.540665,-4.06276,0.477424,,,,,,,,,,,,3.71559,-0.01921,-1.23282,50,4.87378,5.53652,-117.77978,-0.75083,5.25184,21.06349,-32.20121,MIA_RED,MIA_RED,McKieFieldStad,TeamExclusive,Team,20251024-McKieFieldStad-Private-1,2b6a7af0-b11a-11f0-a5c0-077d6a5da061,78.94964,,,6.13188,,,,,,,ae17ce3c-cf23-406e-8349-44deea114d82,2025-10-24,20:43:59.69,2025-10-24T16:43:59.6960000-04:00,2025-10-24T20:43:59.6960000Z,,v3,471355,471355,,,,Undefined,MIA_RED,751b2dc0-24df-45dc-a0cb-000559696798,55.73776,-118.80148,10.53175,4.87232,0.81111,-16.1006,-1.49519,5.28178,2.62592,,,,,,,,,,,,,,,,,,,,,,,,,,,,,,,,,,,,,,,,,,,,,,,,,,,High,High,High,,,,,
184,2025-10-24,16:44:16.95,2,2,"Fulk, Landon",824476,Right,MIA_RED,"Buffington, Matthew",825106,Right,MIA_RED,Undefined,7,Bottom,1,1,0,Fastball,Four-Seam,BallCalled,Undefined,Undefined,Undefined,0,0,,91.16734,-1.440922,-3.693865,2651.303859,228.57153,1:30,5.1546,1.16954,5.41217,-20.78182,13.34013,13.94528,2.06978,-1.13371,83.75414,-5.297679,-1.219244,0.420425,,,,,,,,,,,,-7.9543,7.39587,-0.85071,50,5.01187,7.89456,-132.16184,-4.0698,-14.17024,26.26301,-18.99861,MIA_RED,MIA_RED,McKieFieldStad,TeamExclusive,Team,20251024-McKieFieldStad-Private-1,35b3fea0-b11a-11f0-a5c0-077d6a5da061,89.65324,,,7.4132,,,,,,,ae17ce3c-cf23-406e-8349-44deea114d82,2025-10-24,20:44:16.95,2025-10-24T16:44:16.9560000-04:00,2025-10-24T20:44:16.9560000Z,,v3,471355,471355,,,,Undefined,MIA_RED,aed87e2e-f955-418b-8e2b-da365ddc770d,55.08608,-133.16871,13.13151,5.15393,-3.34144,-9.4993,-1.16378,8.43782,-7.08512,,,,,,,,,,,,,,,,,,,,,,,,,,,,,,,,,,,,,,,,,,,,,,,,,,,High,High,High,,,,,
185,2025-10-24,16:44:32.26,2,3,"Fulk, Landon",824476,Right,MIA_RED,"Buffington, Matthew",825106,Right,MIA_RED,Undefined,7,Bottom,1,2,0,Slider,Slider,StrikeSwinging,Undefined,Undefined,Undefined,0,0,,79.70198,0.516943,-1.501628,2644.652259,64.336043,8:15,4.86694,1.74374,4.67509,-49.19786,-3.54555,-10.06375,1.25824,-0.52133,73.93984,-8.283934,-3.269108,0.486298,,,,,,,,,,,,4.5715,-1.50784,-1.58124,50,4.87461,3.46217,-115.72238,-0.83472,6.25056,19.91907,-34.23568,MIA_RED,MIA_RED,McKieFieldStad,TeamExclusive,Team,20251024-McKieFieldStad-Private-1,3ed9e9e0-b11a-11f0-a5c0-077d6a5da061,77.50887,,,5.76215,,,,,,,ae17ce3c-cf23-406e-8349-44deea114d82,2025-10-24,20:44:32.26,2025-10-24T16:44:32.2650000-04:00,2025-10-24T20:44:32.2650000Z,,v3,471355,471355,,,,Undefined,MIA_RED,7297cfa7-0bdf-4508-a219-4a5e9f4092a5,55.82572,-116.72084,9.95953,4.87344,0.88138,-17.11784,-1.74693,3.14885,3.12528,,,,,,,,,,,,,,,,,,,,,,,,,,,,,,,,,,,,,,,,,,,,,,,,,,,High,High,High,,,,,
186,2025-10-24,16:44:54.14,2,4,"Fulk, Landon",824476,Right,MIA_RED,"Buffington, Matthew",825106,Right,MIA_RED,Undefined,7,Bottom,1,2,1,Slider,Slider,BallCalled,Undefined,Undefined,Undefined,0,0,,81.22141,1.161326,-2.434594,2643.94079,75.247179,8:30,4.86932,1.39346,4.77573,-44.73223,-0.83252,-7.93,2.24365,-1.57662,75.05555,-6.881668,-3.826699,0.476872,,,,,,,,,,,,3.26685,-0.29862,-1.14258,50,4.94634,5.35586,-117.81631,0.67303,4.62816,20.72383,-32.59712,MIA_RED,MIA_RED,McKieFieldStad,TeamExclusive,Team,20251024-McKieFieldStad-Private-1,4bd37260-b11a-11f0-a5c0-077d6a5da061,79.04093,,,6.16586,,,,,,,ae17ce3c-cf23-406e-8349-44deea114d82,2025-10-24,20:44:54.14,2025-10-24T16:44:54.1470000-04:00,2025-10-24T20:44:54.1470000Z,,v3,471355,471355,,,,Undefined,MIA_RED,e4baa90f-4f2e-48a9-843b-d09cd6f83803,55.72329,-118.81876,10.36191,4.87565,2.24983,-16.29856,-1.39624,5.13198,2.31408,,,,,,,,,,,,,,,,,,,,,,,,,,,,,,,,,,,,,,,,,,,,,,,,,,,High,High,High,,,,,
187,2025-10-24,16:45:15.99,2,5,"Fulk, Landon",824476,Right,MIA_RED,"Buffington, Matthew",825106,Right,MIA_RED,Undefined,7,Bottom,1,3,1,Slider,Slider,BallCalled,Walk,Undefined,Undefined,0,0,,81.27853,0.841076,-2.319321,2671.728928,89.775315,9:00,4.80357,1.63972,4.76199,-42.80006,1.33563,-6.35107,2.03511,-1.08989,74.61374,-6.879307,-3.434322,0.478152,,,,,,,,,,,,2.4802,0.83819,-1.4012,50,4.85038,5.04996,-117.81659,0.101,3.48999,22.14912,-30.99459,MIA_RED,MIA_RED,McKieFieldStad,TeamExclusive,Team,20251024-McKieFieldStad-Private-1,58cad800-b11a-11f0-a5c0-077d6a5da061,78.82933,,,6.66479,,,,,,,ae17ce3c-cf23-406e-8349-44deea114d82,2025-10-24,20:45:15.99,2025-10-24T16:45:15.9910000-04:00,2025-10-24T20:45:15.9910000Z,,v3,471355,471355,,,,Undefined,MIA_RED,ef4a0716-4065-4a22-9d82-0b6d78be8038,55.73591,-118.89003,11.07456,4.80908,1.60313,-15.49729,-1.64185,4.88082,1.745,,,,,,,,,,,,,,,,,,,,,,,,,,,,,,,,,,,,,,,,,,,,,,,,,,,High,High,High,,,,,
188,2025-10-24,16:45:47.07,3,1,"Fulk, Landon",824476,Right,MIA_RED,"Proctor, Keenan",823047,Left,MIA_RED,Undefined,7,Bottom,1,0,0,Fastball,Sinker,InPlay,Undefined,Bunt,Out,1,0,,91.01653,-0.753376,-2.988894,2604.779356,232.284347,1:45,5.0411,1.37194,5.53213,-20.82182,13.2943,15.8271,2.60073,-0.10552,83.34763,-4.636917,-0.171015,0.420389,43.06354,-70.772243,33.557125,,,,,1.84986,1.84986,20.376634,0.047173,-8.83044,7.24032,-1.12325,50,4.9619,6.19166,-132.06817,-2.46165,-15.65039,27.21165,-19.34189,MIA_RED,MIA_RED,McKieFieldStad,TeamExclusive,Team,20251024-McKieFieldStad-Private-1,6b6320d0-b11a-11f0-a5c0-077d6a5da061,89.6609,2.84466,,7.66889,,,,0.9073,2.84466,0.09567,ae17ce3c-cf23-406e-8349-44deea114d82,2025-10-24,20:45:47.07,2025-10-24T16:45:47.0740000-04:00,2025-10-24T20:45:47.0740000Z,GroundBall,v3,471355,471355,,,,Undefined,MIA_RED,6d45a440-c86c-4442-a60e-f837bc8e5b79,54.96688,-133.08763,13.60582,5.04054,-1.73703,-9.67095,-1.3662,6.77799,-7.82519,180,0.90583,17.52706,,,,,,,,2.84971,-60.30283,,,,,,,,0.09469,11.62606,,,,,,,,,,,,,,,,,,,,,,,,,,,,,,High,High,High,Low,Low,,,
189,2025-10-24,16:46:50.69,4,1,"Fulk, Landon",824476,Right,MIA_RED,"Vrlak, Jake",1000131822,Right,MIA_RED,Undefined,7,Bottom,2,0,0,Slider,Slider,FoulBallNotFieldable,Undefined,Undefined,Undefined,0,0,,82.048,0.417572,-1.270782,2660.674103,86.307951,9:00,4.80881,1.54238,4.69943,-42.42924,0.94524,-6.24091,1.66954,-0.18422,75.31878,-7.227132,-2.367038,0.474011,,,,,,,,,,,,2.73599,0.68433,-1.40757,50,4.81286,2.91172,-119.01435,-0.76549,3.92452,22.82433,-31.19247,MIA_RED,MIA_RED,McKieFieldStad,TeamExclusive,Team,20251024-McKieFieldStad-Private-1,91530ad0-b11a-11f0-a5c0-077d6a5da061,79.51803,,,6.72922,,,,,,,ae17ce3c-cf23-406e-8349-44deea114d82,2025-10-24,20:46:50.69,2025-10-24T16:46:50.6970000-04:00,2025-10-24T20:46:50.6970000Z,,v3,471355,471355,,,,Undefined,MIA_RED,3c650d61-6c8f-44a3-b282-c80a8de73752,55.79996,-120.12151,11.41217,4.81329,0.74758,-15.59623,-1.54419,2.72135,1.96226,,,,,,,,,,,,,,,,,,,,,,,,,,,,,,,,,,,,,,,,,,,,,,,,,,,High,High,High,,,,,
190,2025-10-24,16:47:22.42,4,2,"Fulk, Landon",824476,Right,MIA_RED,"Vrlak, Jake",1000131822,Right,MIA_RED,Undefined,7,Bottom,2,0,1,Fastball,Sinker,FoulBallNotFieldable,Undefined,Undefined,Undefined,0,0,,91.54397,-1.028671,-3.566335,2538.620946,231.115802,1:45,5.05037,1.24754,5.48509,-21.92123,12.07115,13.59658,2.25924,-0.96026,83.45701,-5.109391,-1.149908,0.419626,71.19387,44.88786,141.519504,5583.175946,,,,,35.2115,,,-7.86969,6.70512,-0.94421,50,4.94538,7.64939,-132.65558,-3.16553,-14.00459,28.72929,-20.24187,MIA_RED,MIA_RED,McKieFieldStad,TeamExclusive,Team,20251024-McKieFieldStad-Private-1,a438d760-b11a-11f0-a5c0-077d6a5da061,89.82393,31.70196,,8.08696,,,,0.57396,2.16898,1.13658,ae17ce3c-cf23-406e-8349-44deea114d82,2025-10-24,20:47:22.42,2025-10-24T16:47:22.4250000-04:00,2025-10-24T20:47:22.4250000Z,,v3,471355,471355,,,,Undefined,MIA_RED,65beff62-6044-4a75-9a12-28edf1161260,55.01271,-133.73679,14.36465,5.05017,-2.40375,-10.12094,-1.242,8.17644,-7.00229,,0.58143,-58.1203,1.09367,,,,,,,2.1918,73.06719,-27.15544,,,,,,,1.15069,45.6481,-9.11964,,,,,,,,,,,,,,,,,,,,,,,,,,,,,High,High,High,High,Undefined,,,
191,2025-10-24,16:47:52.35,4,3,"Fulk, Landon",824476,Right,MIA_RED,"Vrlak, Jake",1000131822,Right,MIA_RED,Undefined,7,Bottom,2,0,2,Slider,Slider,StrikeSwinging,Strikeout,Undefined,Undefined,0,0,,81.02091,1.656227,-2.087287,2686.684267,67.561426,8:15,4.91282,1.32459,4.81158,-48.37825,-3.72736,-12.54631,2.45176,-1.69914,73.93143,-7.069759,-4.291719,0.480935,,,,,,,,,,,,5.54603,-1.89071,-1.10562,50,5.03568,4.82533,-117.37222,1.54611,7.68494,23.60168,-34.79391,MIA_RED,MIA_RED,McKieFieldStad,TeamExclusive,Team,20251024-McKieFieldStad-Private-1,b5fb59a0-b11a-11f0-a5c0-077d6a5da061,78.37324,,,7.08948,,,,,,,ae17ce3c-cf23-406e-8349-44deea114d82,2025-10-24,20:47:52.35,2025-10-24T16:47:52.3530000-04:00,2025-10-24T20:47:52.3530000Z,,v3,471355,471355,,,,Undefined,MIA_RED,8f11170c-17af-472f-bd37-b50b9b234b59,55.68697,-118.51027,11.80084,4.92068,3.22383,-17.39696,-1.32936,4.45477,3.84247,,,,,,,,,,,,,,,,,,,,,,,,,,,,,,,,,,,,,,,,,,,,,,,,,,,High,High,High,,,,,