PitchNo,Date,Time,PAofInning,PitchofPA,Pitcher,PitcherId,PitcherThrows,PitcherTeam,Batter,BatterId,BatterSide,BatterTeam,PitcherSet,Inning,Top/Bottom,Outs,Balls,Strikes,TaggedPitchType,AutoPitchType,PitchCall,KorBB,TaggedHitType,PlayResult,OutsOnPlay,RunsScored,Notes,RelSpeed,VertRelAngle,HorzRelAngle,SpinRate,SpinAxis,Tilt,RelHeight,RelSide,Extension,VertBreak,InducedVertBreak,HorzBreak,PlateLocHeight,PlateLocSide,ZoneSpeed,VertApprAngle,HorzApprAngle,ZoneTime,ExitSpeed,Angle,Direction,HitSpinRate,PositionAt110X,PositionAt110Y,PositionAt110Z,Distance,LastTrackedDistance,Bearing,HangTime,pfxx,pfxz,x0,y0,z0,vx0,vy0,vz0,ax0,ay0,az0,HomeTeam,AwayTeam,Stadium,Level,League,GameID,PitchUID,EffectiveVelo,MaxHeight,MeasuredDuration,SpeedDrop,PitchLastMeasuredX,PitchLastMeasuredY,PitchLastMeasuredZ,ContactPositionX,ContactPositionY,ContactPositionZ,GameUID,UTCDate,UTCTime,LocalDateTime,UTCDateTime,AutoHitType,System,HomeTeamForeignID,AwayTeamForeignID,GameForeignID,Catcher,CatcherId,CatcherThrows,CatcherTeam,PlayID,PitchTrajectoryXc0,PitchTrajectoryXc1,PitchTrajectoryXc2,PitchTrajectoryYc0,PitchTrajectoryYc1,PitchTrajectoryYc2,PitchTrajectoryZc0,PitchTrajectoryZc1,PitchTrajectoryZc2,HitSpinAxis,HitTrajectoryXc0,HitTrajectoryXc1,HitTrajectoryXc2,HitTrajectoryXc3,HitTrajectoryXc4,HitTrajectoryXc5,HitTrajectoryXc6,HitTrajectoryXc7,HitTrajectoryXc8,HitTrajectoryYc0,HitTrajectoryYc1,HitTrajectoryYc2,HitTrajectoryYc3,HitTrajectoryYc4,HitTrajectoryYc5,HitTrajectoryYc6,HitTrajectoryYc7,HitTrajectoryYc8,HitTrajectoryZc0,HitTrajectoryZc1,HitTrajectoryZc2,HitTrajectoryZc3,HitTrajectoryZc4,HitTrajectoryZc5,HitTrajectoryZc6,HitTrajectoryZc7,HitTrajectoryZc8,ThrowSpeed,PopTime,ExchangeTime,TimeToBase,CatchPositionX,CatchPositionY,CatchPositionZ,ThrowPositionX,ThrowPositionY,ThrowPositionZ,BasePositionX,BasePositionY,BasePositionZ,ThrowTrajectoryXc0,ThrowTrajectoryXc1,ThrowTrajectoryXc2,ThrowTrajectoryYc0,ThrowTrajectoryYc1,ThrowTrajectoryYc2,ThrowTrajectoryZc0,ThrowTrajectoryZc1,ThrowTrajectoryZc2,PitchReleaseConfidence,PitchLocationConfidence,PitchMovementConfidence,HitLaunchConfidence,HitLandingConfidence,CatcherThrowCatchConfidence,CatcherThrowReleaseConfidence,CatcherThrowLocationConfidence
1,2025-09-26,16:42:28.87,1,1,"Byers, Carson ",1000133996,Left,MIA_RED,"Roa Calcano, Christopher",1000375139,Right,MIA_RED,Undefined,1,Top,0,0,0,Fastball,Four-Seam,InPlay,Undefined,Bunt,Undefined,0,0,,86.79406,0.038866,1.954836,2024.982406,144.12988,10:45,4.97635,-1.32237,5.84824,-17.46599,19.48887,-13.28946,3.55699,-0.61263,79.55965,-3.28343,-0.426726,0.437529,,,,,,,,,,,,7.38107,10.32886,1.17156,50,4.96943,-3.77214,-126.12516,-0.41839,11.94207,24.58933,-15.46263,MIA_RED,MIA_RED,McKieFieldStad,TeamExclusive,Team,20250926-McKieFieldStad-Private-1,51c618b0-9b19-11f0-8518-fb35456db2e7,86.1484,,,7.23441,,,,,,,5a5ec5e9-a7b1-4805-aded-74df8f95eae1,2025-09-26,20:42:28.87,2025-09-26T16:42:28.8780000-04:00,2025-09-26T20:42:28.8780000Z,,v3,471355,471355,,"Raether, Carson",1000338521,Right,MIA_RED,eb579265-4cbf-40d9-9cc0-01b23c0b1233,54.65126,-127.02873,12.29466,4.97436,0.14981,-7.73132,1.31823,-4.21097,5.97103,,,,,,,,,,,,,,,,,,,,,,,,,,,,,,,,,,,,,,,,,,,,,,,,,,,High,High,High,,,,,
2,2025-09-26,16:43:11.19,2,1,"Byers, Carson ",1000133996,Left,MIA_RED,"Roa Calcano, Christopher",1000375139,Right,MIA_RED,Undefined,1,Top,0,0,0,ChangeUp,Changeup,StrikeSwinging,Undefined,Undefined,Undefined,0,0,,78.7574,0.435178,2.703598,1694.581683,111.241839,9:45,4.63545,-1.77867,5.43071,-37.29262,8.37575,-17.97556,1.93574,-0.74279,72.41351,-6.412859,-0.493294,0.486384,,,,,,,,,,,,9.75406,4.52603,1.55186,50,4.64825,-4.6888,-114.3072,-0.35348,12.96656,20.13575,-26.1574,MIA_RED,MIA_RED,McKieFieldStad,TeamExclusive,Team,20250926-McKieFieldStad-Private-1,6b0a9a30-9b19-11f0-8518-fb35456db2e7,77.49525,,,6.34389,,,,,,,5a5ec5e9-a7b1-4805-aded-74df8f95eae1,2025-09-26,20:43:11.19,2025-09-26T16:43:11.1970000-04:00,2025-09-26T20:43:11.1970000Z,,v3,471355,471355,,"Raether, Carson",1000338521,Right,MIA_RED,acbb0962-156b-412e-948a-8efbe7e5b11f,55.06803,-115.1965,10.06787,4.63835,0.80176,-13.0787,1.77158,-5.26147,6.48328,,,,,,,,,,,,,,,,,,,,,,,,,,,,,,,,,,,,,,,,,,,,,,,,,,,High,High,High,,,,,
3,2025-09-26,16:43:30.94,2,2,"Byers, Carson ",1000133996,Left,MIA_RED,"Roa Calcano, Christopher",1000375139,Right,MIA_RED,Undefined,1,Top,0,0,1,ChangeUp,Changeup,InPlay,Undefined,GroundBall,Out,1,0,,76.87032,0.768485,2.481645,1714.544092,109.760345,9:45,4.55257,-1.91879,5.39167,-39.9512,8.11323,-18.47021,1.94424,-1.13073,70.6118,-6.561701,-0.801611,0.49898,51.86124,-28.976582,46.591963,,,,,7.267,7.267,32.920371,0.058503,10.04989,4.27225,1.711,50,4.593,-4.14011,-111.57857,0.21796,12.70285,19.58275,-26.77401,MIA_RED,MIA_RED,McKieFieldStad,TeamExclusive,Team,20250926-McKieFieldStad-Private-1,76c31730-9b19-11f0-8518-fb35456db2e7,75.53895,2.16824,,6.25852,,,,3.4095,2.16824,1.10497,5a5ec5e9-a7b1-4805-aded-74df8f95eae1,2025-09-26,20:43:30.94,2025-09-26T16:43:30.9450000-04:00,2025-09-26T20:43:30.9450000Z,GroundBall,v3,471355,471355,,"Raether, Carson",1000338521,Right,MIA_RED,22335faf-39bd-4257-9cf9-0d4a4bd1d229,55.10841,-112.47156,9.79138,4.55522,1.43887,-13.38701,1.913,-4.71937,6.35143,,3.40701,45.99088,,,,,,,,2.17025,-37.06197,,,,,,,,1.10234,48.62033,,,,,,,,,,,,,,,,,,,,,,,,,,,,,,High,High,High,Estimated,Estimated,,,
4,2025-09-26,16:44:08.34,3,1,"Byers, Carson ",1000133996,Left,MIA_RED,"Phillips, Drew",1000194003,Right,MIA_RED,Undefined,1,Top,1,0,0,Fastball,Sinker,BallCalled,Undefined,Undefined,Undefined,0,0,,88.54554,0.992023,1.422774,1997.869007,130.940152,10:15,5.07853,-0.97482,5.95233,-21.42733,14.55969,-15.32682,4.2133,-0.93229,79.77349,-3.081853,-1.330168,0.431762,,,,,,,,,,,,8.28457,7.51248,0.87017,50,5.14553,-2.53905,-128.44966,1.57474,13.6524,29.99497,-19.79399,MIA_RED,MIA_RED,McKieFieldStad,TeamExclusive,Team,20250926-McKieFieldStad-Private-1,8d19eea0-9b19-11f0-8518-fb35456db2e7,87.29911,,,8.77204,,,,,,,5a5ec5e9-a7b1-4805-aded-74df8f95eae1,2025-09-26,20:44:08.34,2025-09-26T16:44:08.3470000-04:00,2025-09-26T20:44:08.3470000Z,,v3,471355,471355,,"Raether, Carson",1000338521,Right,MIA_RED,a2ca7fbe-2d20-4033-924b-24c8c0b34db6,54.54335,-129.50626,14.99749,5.07778,2.272,-9.897,0.96808,-3.01996,6.8262,,,,,,,,,,,,,,,,,,,,,,,,,,,,,,,,,,,,,,,,,,,,,,,,,,,High,High,High,,,,,
5,2025-09-26,16:44:31.81,3,2,"Byers, Carson ",1000133996,Left,MIA_RED,"Phillips, Drew",1000194003,Right,MIA_RED,Undefined,1,Top,1,1,0,Fastball,Sinker,BallCalled,Undefined,Undefined,Undefined,0,0,,87.8883,0.765154,1.446346,1814.97557,130.317085,10:15,4.95908,-1.20944,5.77779,-21.86277,14.82729,-15.97816,3.8494,-1.1949,79.36598,-3.372238,-1.41424,0.435959,,,,,,,,,,,,8.54796,7.6793,1.09963,50,5.00926,-2.52845,-127.48958,1.02112,13.91242,28.92616,-19.67542,MIA_RED,MIA_RED,McKieFieldStad,TeamExclusive,Team,20250926-McKieFieldStad-Private-1,9b043fc0-9b19-11f0-8518-fb35456db2e7,86.45872,,,8.52232,,,,,,,5a5ec5e9-a7b1-4805-aded-74df8f95eae1,2025-09-26,20:44:31.81,2025-09-26T16:44:31.8170000-04:00,2025-09-26T20:44:31.8170000Z,,v3,471355,471355,,"Raether, Carson",1000338521,Right,MIA_RED,60e98005-587f-4c15-8864-0ac9006880db,54.71786,-128.55556,14.46308,4.95827,1.74619,-9.83771,1.20226,-3.04115,6.95621,,,,,,,,,,,,,,,,,,,,,,,,,,,,,,,,,,,,,,,,,,,,,,,,,,,High,High,High,,,,,
6,2025-09-26,16:44:50.99,3,3,"Byers, Carson ",1000133996,Left,MIA_RED,"Phillips, Drew",1000194003,Right,MIA_RED,Undefined,1,Top,1,2,0,ChangeUp,Changeup,StrikeSwinging,Undefined,Undefined,Undefined,0,0,,78.97485,1.450681,1.598935,1719.308352,98.092698,9:15,4.56421,-1.80071,5.32483,-42.28172,4.19551,-17.69497,2.40282,-1.77451,71.22321,-6.330856,-1.544083,0.490672,,,,,,,,,,,,9.36158,2.12165,1.66933,50,4.66532,-2.4717,-114.40647,1.46807,12.20706,24.29028,-29.40749,MIA_RED,MIA_RED,McKieFieldStad,TeamExclusive,Team,20250926-McKieFieldStad-Private-1,a6872dd0-9b19-11f0-8518-fb35456db2e7,76.81795,,,7.75163,,,,,,,5a5ec5e9-a7b1-4805-aded-74df8f95eae1,2025-09-26,20:44:50.99,2025-09-26T16:44:50.9980000-04:00,2025-09-26T20:44:50.9980000Z,,v3,471355,471355,,"Raether, Carson",1000338521,Right,MIA_RED,4b20953f-2849-4568-b34d-49539884dbff,55.17157,-115.49926,12.14514,4.56952,2.79107,-14.70375,1.79288,-3.02087,6.10353,,,,,,,,,,,,,,,,,,,,,,,,,,,,,,,,,,,,,,,,,,,,,,,,,,,High,High,High,,,,,
7,2025-09-26,16:45:13.22,3,4,"Byers, Carson ",1000133996,Left,MIA_RED,"Phillips, Drew",1000194003,Right,MIA_RED,Undefined,1,Top,1,2,1,Fastball,Changeup,BallCalled,Undefined,Undefined,Undefined,0,0,,87.31452,0.893,0.831233,1837.32947,128.900801,10:15,5.03861,-1.27731,5.86823,-23.45363,13.8241,-15.44898,3.91379,-1.79256,78.3929,-3.553199,-1.939789,0.439436,,,,,,,,,,,,8.1115,7.15485,1.21876,50,5.09753,-1.17347,-126.60283,1.2489,12.92958,30.16171,-20.76936,MIA_RED,MIA_RED,McKieFieldStad,TeamExclusive,Team,20250926-McKieFieldStad-Private-1,b3bcade0-9b19-11f0-8518-fb35456db2e7,85.77449,,,8.92162,,,,,,,5a5ec5e9-a7b1-4805-aded-74df8f95eae1,2025-09-26,20:45:13.22,2025-09-26T16:45:13.2290000-04:00,2025-09-26T20:45:13.2290000Z,,v3,471355,471355,,"Raether, Carson",1000338521,Right,MIA_RED,cf8ff645-9d8f-4ee4-bbdc-9e478ef6d472,54.62604,-127.70017,15.08086,5.03835,2.00453,-10.38468,1.27001,-1.64387,6.46479,,,,,,,,,,,,,,,,,,,,,,,,,,,,,,,,,,,,,,,,,,,,,,,,,,,High,High,High,,,,,
8,2025-09-26,16:45:32.47,3,5,"Byers, Carson ",1000133996,Left,MIA_RED,"Phillips, Drew",1000194003,Right,MIA_RED,Undefined,1,Top,1,3,1,ChangeUp,Changeup,BallCalled,Walk,Undefined,Undefined,0,0,,79.41908,1.350034,1.813435,1875.116525,107.719475,9:30,4.55179,-1.87209,5.4249,-38.11195,7.62532,-18.73588,2.64113,-1.73435,71.63426,-5.70184,-1.519272,0.486751,,,,,,,,,,,,9.94922,3.88957,1.72452,50,4.64558,-2.87762,-115.06267,1.45633,13.14195,24.28081,-27.03629,MIA_RED,MIA_RED,McKieFieldStad,TeamExclusive,Team,20250926-McKieFieldStad-Private-1,bf456850-9b19-11f0-8518-fb35456db2e7,77.43687,,,7.78482,,,,,,,5a5ec5e9-a7b1-4805-aded-74df8f95eae1,2025-09-26,20:45:32.47,2025-09-26T16:45:32.4740000-04:00,2025-09-26T20:45:32.4740000Z,,v3,471355,471355,,"Raether, Carson",1000338521,Right,MIA_RED,e343c33a-918e-418d-a097-d3f749e62fd7,55.07084,-116.1278,12.14041,4.55568,2.64233,-13.51815,1.8634,-3.45412,6.57097,,,,,,,,,,,,,,,,,,,,,,,,,,,,,,,,,,,,,,,,,,,,,,,,,,,High,High,High,,,,,
9,2025-09-26,16:46:24.11,4,1,"Byers, Carson ",1000133996,Left,MIA_RED,"Appelwick, Evan",695485,Right,MIA_RED,Undefined,1,Top,1,0,0,ChangeUp,Changeup,BallCalled,Undefined,Undefined,Undefined,0,0,,78.17225,1.528538,0.720776,1709.369812,102.929465,9:30,4.49197,-1.7924,5.39586,-41.32719,5.78599,-18.073,2.48092,-2.62299,70.78615,-6.087674,-2.493618,0.494018,,,,,,,,,,,,9.26292,2.92362,1.74111,50,4.5997,-0.70015,-113.32608,1.66083,11.89811,23.08517,-28.41869,MIA_RED,MIA_RED,McKieFieldStad,TeamExclusive,Team,20250926-McKieFieldStad-Private-1,ddf16d80-9b19-11f0-8518-fb35456db2e7,76.29773,,,7.38609,,,,,,,5a5ec5e9-a7b1-4805-aded-74df8f95eae1,2025-09-26,20:46:24.11,2025-09-26T16:46:24.1120000-04:00,2025-09-26T20:46:24.1120000Z,,v3,471355,471355,,"Raether, Carson",1000338521,Right,MIA_RED,62aca052-ca85-47b8-a1bf-d9a7b524b940,55.10051,-114.36036,11.54259,4.49677,2.93407,-14.20934,1.78441,-1.23322,5.94906,,,,,,,,,,,,,,,,,,,,,,,,,,,,,,,,,,,,,,,,,,,,,,,,,,,High,High,High,,,,,
10,2025-09-26,16:46:41.00,4,2,"Byers, Carson ",1000133996,Left,MIA_RED,"Appelwick, Evan",695485,Right,MIA_RED,Undefined,1,Top,1,1,0,Cutter,Cutter,StrikeCalled,Undefined,Undefined,Undefined,0,0,,84.59066,0.559744,1.392055,2184.162269,166.709707,11:30,4.74127,-1.67823,5.55847,-27.40116,12.1941,-2.58142,2.98097,-0.59251,77.14836,-4.538829,0.931813,0.45289,,,,,,,,,,,,1.69311,6.38855,1.55973,50,4.77177,-2.87413,-122.75987,0.29335,2.57983,24.64162,-22.4398,MIA_RED,MIA_RED,McKieFieldStad,TeamExclusive,Team,20250926-McKieFieldStad-Private-1,e807fa50-9b19-11f0-8518-fb35456db2e7,83.22644,,,7.44229,,,,,,,5a5ec5e9-a7b1-4805-aded-74df8f95eae1,2025-09-26,20:46:41.00,2025-09-26T16:46:41.0090000-04:00,2025-09-26T20:46:41.0090000Z,,v3,471355,471355,,"Raether, Carson",1000338521,Right,MIA_RED,1d2cfe06-4b05-4b72-ac52-e359fa673676,54.93732,-123.74697,12.32081,4.74201,1.19224,-11.2199,1.67693,-2.97748,1.28991,,,,,,,,,,,,,,,,,,,,,,,,,,,,,79.31824,1.890267,0.648397,1.24187,-1.04075,2.78015,0.553,-0.91347,5.82164,0.90212,127.27902,1.469,1.01115,-0.80696,114.48842,-9.2378,5.83652,11.02636,-11.72809,0.85386,-3.75896,3.17292,High,High,High,,,High,High,Medium
11,2025-09-26,16:47:10.27,4,3,"Byers, Carson ",1000133996,Left,MIA_RED,"Appelwick, Evan",695485,Right,MIA_RED,Undefined,1,Top,1,1,1,Fastball,Sinker,BallCalled,Undefined,Undefined,Undefined,0,0,,87.87231,0.231554,1.991578,1894.685544,134.478508,10:30,5.05343,-1.03855,6.03825,-20.95391,15.43658,-14.41942,3.52179,-0.39541,79.2911,-3.760855,-0.602029,0.434175,,,,,,,,,,,,7.97792,8.22674,0.89056,50,5.06021,-3.82302,-127.46932,-0.09683,12.96719,29.16504,-18.80243,MIA_RED,MIA_RED,McKieFieldStad,TeamExclusive,Team,20250926-McKieFieldStad-Private-1,f97fb7f0-9b19-11f0-8518-fb35456db2e7,86.81385,,,8.58121,,,,,,,5a5ec5e9-a7b1-4805-aded-74df8f95eae1,2025-09-26,20:47:10.27,2025-09-26T16:47:10.2770000-04:00,2025-09-26T20:47:10.2770000Z,,v3,471355,471355,,"Raether, Carson",1000338521,Right,MIA_RED,8a0394e7-277e-4fe3-aa65-412659a2cebb,54.45655,-128.48494,14.58252,5.05219,0.55792,-9.40121,1.03155,-4.27458,6.48359,,,,,,,,,,,,,,,,,,,,,,,,,,,,,,,,,,,,,,,,,,,,,,,,,,,High,High,High,,,,,
12,2025-09-26,16:47:28.08,4,4,"Byers, Carson ",1000133996,Left,MIA_RED,"Appelwick, Evan",695485,Right,MIA_RED,Undefined,1,Top,1,2,1,ChangeUp,Changeup,BallCalled,Undefined,Undefined,Undefined,0,0,,79.21958,2.246027,1.931841,1795.462405,110.757107,9:45,4.51331,-1.60949,5.42402,-37.50427,8.42729,-17.97367,3.49393,-1.29719,71.43866,-4.701578,-1.262983,0.487783,,,,,,,,,,,,9.60225,4.00418,1.45092,50,4.68708,-3.13958,-114.73044,3.27636,12.63679,23.73408,-26.90447,MIA_RED,MIA_RED,McKieFieldStad,TeamExclusive,Team,20250926-McKieFieldStad-Private-1,041eaea0-9b1a-11f0-8518-fb35456db2e7,77.2729,,,7.78093,,,,,,,5a5ec5e9-a7b1-4805-aded-74df8f95eae1,2025-09-26,20:47:28.08,2025-09-26T16:47:28.0880000-04:00,2025-09-26T20:47:28.0880000Z,,v3,471355,471355,,"Raether, Carson",1000338521,Right,MIA_RED,702ed1be-2af4-4c40-8c5f-164028176aa5,55.07192,-115.7749,11.86704,4.51685,4.46035,-13.45223,1.60132,-3.69569,6.3184,,,,,,,,,,,,,,,,,,,,,,,,,,,,,,,,,,,,,,,,,,,,,,,,,,,High,High,High,,,,,
13,2025-09-26,16:47:50.38,4,5,"Byers, Carson ",1000133996,Left,MIA_RED,"Appelwick, Evan",695485,Right,MIA_RED,Undefined,1,Top,1,3,1,ChangeUp,Changeup,FoulBallNotFieldable,Undefined,Undefined,Undefined,0,0,,77.86808,1.564403,3.440872,1675.957596,106.394777,9:30,4.43885,-1.7482,5.51115,-40.58116,6.48052,-16.74245,2.52298,0.07807,70.87422,-5.913916,0.463501,0.493748,80.54712,-9.335744,-53.152694,,,,,17.84622,17.84622,-46.661405,0.139109,9.50363,3.2361,1.45976,50,4.5482,-6.14371,-112.82501,1.78754,12.19333,21.4159,-28.02206,MIA_RED,MIA_RED,McKieFieldStad,TeamExclusive,Team,20250926-McKieFieldStad-Private-1,1162d4b0-9b1a-11f0-8518-fb35456db2e7,76.33948,2.67272,,6.99386,,,,2.4985,2.67272,0.03028,5a5ec5e9-a7b1-4805-aded-74df8f95eae1,2025-09-26,20:47:50.38,2025-09-26T16:47:50.3890000-04:00,2025-09-26T20:47:50.3890000Z,GroundBall,v3,471355,471355,,"Raether, Carson",1000338521,Right,MIA_RED,c65690ab-9692-4e31-a9e8-3625846672b4,54.98768,-113.76781,10.70795,4.44236,3.02116,-14.01103,1.74204,-6.68051,6.09666,,2.49448,70.08544,,,,,,,,2.67382,-19.21315,,,,,,,,0.03565,-93.52405,,,,,,,,,,,,,,,,,,,,,,,,,,,,,,High,High,High,Low,Low,,,
14,2025-09-26,16:48:20.95,4,6,"Byers, Carson ",1000133996,Left,MIA_RED,"Appelwick, Evan",695485,Right,MIA_RED,Undefined,1,Top,1,3,2,Cutter,Cutter,FoulBallNotFieldable,Undefined,Undefined,Undefined,0,0,,86.04158,0.116495,1.589224,2110.763024,173.243946,11:45,4.8051,-1.36018,5.68069,-28.96462,8.88087,-0.91815,2.50002,0.04508,79.07448,-5.242805,1.425132,0.44277,97.5169,-40.904337,-89.970102,,,,,3.70069,2.22178,-53.097678,0.027506,0.8913,4.81575,1.22692,50,4.79666,-3.43073,-125.00725,-0.72606,1.41673,24.14121,-24.51951,MIA_RED,MIA_RED,McKieFieldStad,TeamExclusive,Team,20250926-McKieFieldStad-Private-1,239d6d20-9b1a-11f0-8518-fb35456db2e7,85.12867,2.58098,,6.9671,,,,2.22053,2.58098,0.01982,5a5ec5e9-a7b1-4805-aded-74df8f95eae1,2025-09-26,20:48:20.95,2025-09-26T16:48:20.9540000-04:00,2025-09-26T20:48:20.9540000Z,GroundBall,v3,471355,471355,,"Raether, Carson",1000338521,Right,MIA_RED,1f663eea-72f9-489f-bcba-4fdb3491c794,54.81807,-125.93427,12.07061,4.80647,0.21549,-12.25976,1.3597,-3.48513,0.70836,,2.22053,0.05652,,,,,,,,2.58178,-93.83263,,,,,,,,0.02074,-108.30677,,,,,,,,,,,,,,,,,,,,,,,,,,,,,,High,High,High,Low,Low,,,
15,2025-09-26,16:48:48.70,4,7,"Byers, Carson ",1000133996,Left,MIA_RED,"Appelwick, Evan",695485,Right,MIA_RED,Undefined,1,Top,1,3,2,Fastball,Changeup,BallCalled,Walk,Undefined,Undefined,0,0,,88.0753,0.560145,1.133796,1785.517087,142.039646,10:45,5.08028,-0.91348,5.91312,-19.32072,16.87737,-12.22509,3.99021,-0.87983,79.83304,-3.120528,-1.060638,0.433026,,,,,,,,,,,,6.56654,8.82119,0.82939,50,5.11422,-2.01104,-127.84827,0.68468,10.79147,28.1003,-17.67727,MIA_RED,MIA_RED,McKieFieldStad,TeamExclusive,Team,20250926-McKieFieldStad-Private-1,34180610-9b1a-11f0-8518-fb35456db2e7,87.04425,,,8.24226,,,,,,,5a5ec5e9-a7b1-4805-aded-74df8f95eae1,2025-09-26,20:48:48.70,2025-09-26T16:48:48.7040000-04:00,2025-09-26T20:48:48.7040000Z,,v3,471355,471355,,"Raether, Carson",1000338521,Right,MIA_RED,27734eb6-9a5b-4d9a-b0f1-fc6163ca386e,54.58253,-128.85155,14.05015,5.07851,1.31582,-8.83864,0.90807,-2.39633,5.39574,,,,,,,,,,,,,,,,,,,,,,,,,,,,,,,,,,,,,,,,,,,,,,,,,,,High,High,High,,,,,
16,2025-09-26,16:49:19.30,5,1,"Byers, Carson ",1000133996,Left,MIA_RED,"Krupinski, Dom",702597,Left,MIA_RED,Undefined,1,Top,1,0,0,Fastball,Four-Seam,BallCalled,Undefined,Undefined,Undefined,0,0,,87.58186,0.775493,1.536895,1823.898583,145.202254,10:45,4.87663,-1.15719,5.83034,-19.9954,16.65296,-10.7419,3.93151,-0.6234,79.54313,-3.018473,-0.387798,0.435711,,,,,,,,,,,,5.89748,8.61993,1.03796,50,4.92821,-2.95197,-127.11418,1.12269,9.60826,27.09082,-18.13036,MIA_RED,MIA_RED,McKieFieldStad,TeamExclusive,Team,20250926-McKieFieldStad-Private-1,463f1680-9b1a-11f0-8518-fb35456db2e7,86.50783,,,8.03873,,,,,,,5a5ec5e9-a7b1-4805-aded-74df8f95eae1,2025-09-26,20:49:19.30,2025-09-26T16:49:19.3050000-04:00,2025-09-26T20:49:19.3050000Z,,v3,471355,471355,,"Raether, Carson",1000338521,Right,MIA_RED,0c730195-41ff-4d30-a88f-afbe4a194d06,54.66526,-128.1046,13.54541,4.87505,1.78552,-9.06518,1.1523,-3.30324,4.80413,,,,,,,,,,,,,,,,,,,,,,,,,,,,,,,,,,,,,,,,,,,,,,,,,,,High,High,High,,,,,
17,2025-09-26,16:49:36.26,5,2,"Byers, Carson ",1000133996,Left,MIA_RED,"Krupinski, Dom",702597,Left,MIA_RED,Undefined,1,Top,1,1,0,Cutter,Slider,BallCalled,Undefined,Undefined,Undefined,0,0,,84.20831,0.696823,0.049359,2169.628141,165.161356,11:30,4.76337,-1.27598,5.55139,-32.2449,7.64363,-1.69319,2.72744,-1.37095,76.98735,-5.259824,-0.252719,0.454565,,,,,,,,,,,,0.86752,4.05559,1.27285,50,4.80245,-0.03441,-122.26852,0.38166,1.31288,24.16858,-26.03637,MIA_RED,MIA_RED,McKieFieldStad,TeamExclusive,Team,20250926-McKieFieldStad-Private-1,506a63d0-9b1a-11f0-8518-fb35456db2e7,82.91988,,,7.22095,,,,,,,5a5ec5e9-a7b1-4805-aded-74df8f95eae1,2025-09-26,20:49:36.26,2025-09-26T16:49:36.2610000-04:00,2025-09-26T20:49:36.2610000Z,,v3,471355,471355,,"Raether, Carson",1000338521,Right,MIA_RED,a63ae2f3-b990-49d5-b499-9b12458b1fa0,54.94522,-123.24216,12.08429,4.76595,1.43054,-13.01819,1.2753,-0.0873,0.65644,,,,,,,,,,,,,,,,,,,,,,,,,,,,,,,,,,,,,,,,,,,,,,,,,,,High,High,High,,,,,
18,2025-09-26,16:49:53.32,5,3,"Byers, Carson ",1000133996,Left,MIA_RED,"Krupinski, Dom",702597,Left,MIA_RED,Undefined,1,Top,1,2,0,Cutter,Slider,BallCalled,Undefined,Undefined,Undefined,0,0,,83.29268,2.032133,0.337261,2181.377488,177.993468,12:00,4.73294,-1.32403,5.51579,-32.56616,8.45402,-0.24965,3.92003,-1.02948,75.70652,-4.001305,0.29279,0.460968,,,,,,,,,,,,0.2235,4.07299,1.29483,50,4.88836,-0.70076,-120.81439,3.1866,0.32898,24.43313,-26.17865,MIA_RED,MIA_RED,McKieFieldStad,TeamExclusive,Team,20250926-McKieFieldStad-Private-1,5abb3a80-9b1a-11f0-8518-fb35456db2e7,81.7681,,,7.58616,,,,,,,5a5ec5e9-a7b1-4805-aded-74df8f95eae1,2025-09-26,20:49:53.32,2025-09-26T16:49:53.3290000-04:00,2025-09-26T20:49:53.3290000Z,,v3,471355,471355,,"Raether, Carson",1000338521,Right,MIA_RED,2a479437-7b12-4393-a607-30ab4b2ad734,54.98043,-121.81745,12.21657,4.73547,4.26132,-13.08933,1.32388,-0.71427,0.16449,,,,,,,,,,,,,,,,,,,,,,,,,,,,,,,,,,,,,,,,,,,,,,,,,,,High,High,High,,,,,
19,2025-09-26,16:50:14.67,5,4,"Byers, Carson ",1000133996,Left,MIA_RED,"Krupinski, Dom",702597,Left,MIA_RED,Undefined,1,Top,1,3,0,Fastball,Changeup,HitByPitch,Walk,Undefined,Undefined,0,0,,84.62279,1.283679,0.892605,1661.856215,123.351915,10:00,4.81405,-1.29761,5.72168,-29.55836,9.75355,-12.92572,3.54686,-1.54328,77.15867,-4.217966,-1.419497,0.451267,,,,,,,,,,,,6.83359,4.96768,1.23121,50,4.9031,-1.38513,-122.8714,1.78314,10.42465,24.8312,-24.59584,MIA_RED,MIA_RED,McKieFieldStad,TeamExclusive,Team,20250926-McKieFieldStad-Private-1,678c5370-9b1a-11f0-8518-fb35456db2e7,83.52584,,,7.46413,,,,,,,5a5ec5e9-a7b1-4805-aded-74df8f95eae1,2025-09-26,20:50:14.67,2025-09-26T16:50:14.6720000-04:00,2025-09-26T20:50:14.6720000Z,,v3,471355,471355,,"Raether, Carson",1000338521,Right,MIA_RED,802cbc4a-0467-4021-82fc-f956715b394a,54.77592,-123.83281,12.4156,4.81562,2.73544,-12.29792,1.29266,-1.78875,5.21233,,,,,,,,,,,,,,,,,,,,,,,,,,,,,,,,,,,,,,,,,,,,,,,,,,,High,High,High,,,,,
20,2025-09-26,16:52:57.64,1,1,"Sohosky, Zac",1000224033,Left,MIA_RED,"Cruz, Diego",1000178634,Left,MIA_RED,Undefined,1,Bottom,0,0,0,Fastball,Changeup,InPlay,Undefined,Bunt,Undefined,0,0,,87.58067,-0.573123,1.972313,1763.120153,140.631211,10:45,5.71174,-1.20734,5.93596,-21.89147,14.65194,-11.02406,3.35543,-0.29558,79.62393,-4.706997,-0.007105,0.435087,31.86473,-69.619909,27.386371,,,,,4.55403,4.55401,11.347401,0.078136,6.29803,8.05583,1.05646,50,5.65376,-3.93459,-127.14681,-1.94454,10.24312,27.64625,-19.072,MIA_RED,MIA_RED,McKieFieldStad,TeamExclusive,Team,20250926-McKieFieldStad-Private-1,c8782f60-9b1a-11f0-8518-fb35456db2e7,86.63196,3.50833,,7.95674,,,,3.30771,3.50833,0.2965,5a5ec5e9-a7b1-4805-aded-74df8f95eae1,2025-09-26,20:52:57.64,2025-09-26T16:52:57.6490000-04:00,2025-09-26T20:52:57.6490000Z,GroundBall,v3,471355,471355,,"Buffington, Matthew",825106,Right,MIA_RED,9c70a839-687d-48e2-818b-77a1a7d85973,54.56247,-128.13501,13.82312,5.71108,-1.26282,-9.536,1.20364,-4.30073,5.12156,,3.30319,14.81138,,,,,,,,3.52206,-44.9013,,,,,,,,0.29416,7.67302,,,,,,,,,,,,,,,,,,,,,,,,,,,,,,High,High,High,Estimated,Estimated,,,
21,2025-09-26,16:53:37.25,2,1,"Sohosky, Zac",1000224033,Left,MIA_RED,"Cruz, Diego",1000178634,Left,MIA_RED,Undefined,1,Bottom,0,0,0,Slider,Curveball,StrikeCalled,Undefined,Undefined,Undefined,0,0,,78.74561,0.747305,1.547631,1790.086362,345.052328,5:30,5.42746,-1.63031,5.78589,-47.50951,-2.27878,0.98307,2.16386,-0.10825,72.37216,-7.965789,1.723886,0.484048,,,,,,,,,,,,-0.06567,-0.93264,1.50219,50,5.46055,-3.12756,-114.38265,-0.04984,-0.08689,21.31909,-33.40826,MIA_RED,MIA_RED,McKieFieldStad,TeamExclusive,Team,20250926-McKieFieldStad-Private-1,e0206600-9b1a-11f0-8518-fb35456db2e7,77.86923,,,6.37345,,,,,,,5a5ec5e9-a7b1-4805-aded-74df8f95eae1,2025-09-26,20:53:37.25,2025-09-26T16:53:37.2550000-04:00,2025-09-26T20:53:37.2550000Z,,v3,471355,471355,,"Buffington, Matthew",825106,Right,MIA_RED,b9db0104-75fd-4777-af69-c604e5b50f22,54.71287,-115.25771,10.65955,5.43445,1.32142,-16.70413,1.6305,-3.12399,-0.04344,,,,,,,,,,,,,,,,,,,,,,,,,,,,,,,,,,,,,,,,,,,,,,,,,,,High,High,High,,,,,
22,2025-09-26,16:53:54.53,2,2,"Sohosky, Zac",1000224033,Left,MIA_RED,"Cruz, Diego",1000178634,Left,MIA_RED,Undefined,1,Bottom,0,0,1,Fastball,Four-Seam,InPlay,Undefined,GroundBall,Out,1,0,,89.88782,-1.992128,2.379767,1888.192291,143.27604,10:45,5.63335,-1.26867,6.01346,-18.55123,16.09131,-11.13422,2.23969,0.00923,81.76749,-5.514011,0.378083,0.42362,67.86075,-28.324407,-24.221604,,,,,5.60379,5.60379,-17.888463,0.047486,6.44178,9.21571,1.08807,50,5.46688,-4.9539,-130.38827,-5.09133,11.02428,28.92685,-16.40247,MIA_RED,MIA_RED,McKieFieldStad,TeamExclusive,Team,20250926-McKieFieldStad-Private-1,ea781a80-9b1a-11f0-8518-fb35456db2e7,88.97707,2.25019,,8.12033,,,,1.52561,2.25019,-0.0085,5a5ec5e9-a7b1-4805-aded-74df8f95eae1,2025-09-26,20:53:54.53,2025-09-26T16:53:54.5360000-04:00,2025-09-26T20:53:54.5360000Z,GroundBall,v3,471355,471355,,"Buffington, Matthew",825106,Right,MIA_RED,39f6a049-5e47-4b6c-9908-171bf0581312,54.48384,-131.37925,14.46343,5.63168,-4.52941,-8.20124,1.26425,-5.33157,5.51214,,1.52349,80.17717,,,,,,,,2.25145,-47.38669,,,,,,,,-0.00755,-36.06939,,,,,,,,,,,,,,,,,,,,,,,,,,,,,,High,High,High,Estimated,Estimated,,,
23,2025-09-26,16:54:37.17,3,1,"Sohosky, Zac",1000224033,Left,MIA_RED,"Dierks, Marcus",10322729,Left,MIA_RED,Undefined,1,Bottom,1,0,0,Sinker,Sinker,BallCalled,Undefined,Undefined,Undefined,0,0,,92.52515,-2.863238,2.752503,1928.716072,126.663277,10:15,5.77729,-1.13842,5.85584,-20.3695,12.27587,-15.13493,1.41433,0.15964,85.02198,-6.6619,0.038983,0.411228,,,,,,,,,,,,8.47174,7.35256,0.92373,50,5.53256,-5.78961,-134.19679,-7.40561,15.51398,27.89434,-18.70954,MIA_RED,MIA_RED,McKieFieldStad,TeamExclusive,Team,20250926-McKieFieldStad-Private-1,03ec5e90-9b1b-11f0-8518-fb35456db2e7,91.65831,,,7.50317,,,,,,,5a5ec5e9-a7b1-4805-aded-74df8f95eae1,2025-09-26,20:54:37.17,2025-09-26T16:54:37.1740000-04:00,2025-09-26T20:54:37.1740000Z,,v3,471355,471355,,"Buffington, Matthew",825106,Right,MIA_RED,721893ed-8a1c-4011-9f23-8a8b33e426fb,54.6428,-135.1584,13.94717,5.77674,-6.76063,-9.35477,1.13254,-6.32443,7.75699,,,,,,,,,,,,,,,,,,,,,,,,,,,,,,,,,,,,,,,,,,,,,,,,,,,High,High,High,,,,,
24,2025-09-26,16:54:55.84,3,2,"Sohosky, Zac",1000224033,Left,MIA_RED,"Dierks, Marcus",10322729,Left,MIA_RED,Undefined,1,Bottom,1,1,0,Sinker,Sinker,StrikeCalled,Undefined,Undefined,Undefined,0,0,,91.86402,-1.979034,2.45515,1934.898261,133.000514,10:30,5.78914,-1.11255,5.81241,-19.78292,13.65536,-13.43257,2.29794,0.0524,83.53628,-5.701478,0.048959,0.416192,,,,,,,,,,,,7.5252,7.87855,0.9191,50,5.61515,-5.10602,-133.18303,-5.2524,13.44225,30.06532,-18.10058,MIA_RED,MIA_RED,McKieFieldStad,TeamExclusive,Team,20250926-McKieFieldStad-Private-1,0f17b6c0-9b1b-11f0-8518-fb35456db2e7,90.56507,,,8.32774,,,,,,,5a5ec5e9-a7b1-4805-aded-74df8f95eae1,2025-09-26,20:54:55.84,2025-09-26T16:54:55.8480000-04:00,2025-09-26T20:54:55.8480000Z,,v3,471355,471355,,"Buffington, Matthew",825106,Right,MIA_RED,e7656559-f332-4ce4-a6ea-8195982f8b84,54.68347,-134.23613,15.03266,5.78803,-4.61839,-9.05029,1.1062,-5.57686,6.72112,,,,,,,,,,,,,,,,,,,,,,,,,,,,,,,,,,,,,,,,,,,,,,,,,,,High,High,High,,,,,
25,2025-09-26,16:55:10.22,3,3,"Sohosky, Zac",1000224033,Left,MIA_RED,"Dierks, Marcus",10322729,Left,MIA_RED,Undefined,1,Bottom,1,1,1,Slider,Curveball,BallCalled,Undefined,Undefined,Undefined,0,0,,83.16703,-1.211722,2.450207,2005.349373,9.664591,6:15,5.51632,-1.57282,5.63434,-40.67923,0.10028,-0.19614,0.99469,0.69818,76.66636,-8.632177,2.415146,0.459613,,,,,,,,,,,,0.77744,0.7452,1.3645,50,5.38702,-5.1574,-120.71051,-3.96326,1.14771,23.37304,-31.07391,MIA_RED,MIA_RED,McKieFieldStad,TeamExclusive,Team,20250926-McKieFieldStad-Private-1,17b2c720-9b1b-11f0-8518-fb35456db2e7,82.0091,,,6.50067,,,,,,,5a5ec5e9-a7b1-4805-aded-74df8f95eae1,2025-09-26,20:55:10.22,2025-09-26T16:55:10.2240000-04:00,2025-09-26T20:55:10.2240000Z,,v3,471355,471355,,"Buffington, Matthew",825106,Right,MIA_RED,64d2c2c2-7e58-4cdb-95bb-ab2a28087a91,54.8647,-121.64881,11.68652,5.52108,-2.71582,-15.53696,1.57247,-5.20348,0.57386,,,,,,,,,,,,,,,,,,,,,,,,,,,,,,,,,,,,,,,,,,,,,,,,,,,High,High,High,,,,,
26,2025-09-26,16:55:28.04,3,4,"Sohosky, Zac",1000224033,Left,MIA_RED,"Dierks, Marcus",10322729,Left,MIA_RED,Undefined,1,Bottom,1,2,1,Slider,Slider,StrikeSwinging,Undefined,Undefined,Undefined,0,0,,83.16729,-1.375179,3.101159,2071.249275,353.751211,5:45,5.50328,-1.58716,5.68422,-41.12691,-0.0263,0.15283,0.79213,1.31896,76.07827,-8.894529,3.128475,0.461419,,,,,,,,,,,,0.86268,0.77075,1.32584,50,5.3615,-6.53687,-120.54266,-4.30438,1.25832,25.3301,-31.04983,MIA_RED,MIA_RED,McKieFieldStad,TeamExclusive,Team,20250926-McKieFieldStad-Private-1,221f3c20-9b1b-11f0-8518-fb35456db2e7,81.68807,,,7.08902,,,,,,,5a5ec5e9-a7b1-4805-aded-74df8f95eae1,2025-09-26,20:55:28.04,2025-09-26T16:55:28.0410000-04:00,2025-09-26T20:55:28.0410000Z,,v3,471355,471355,,"Buffington, Matthew",825106,Right,MIA_RED,844a59ca-e40a-43e5-b16a-d982e693ea7c,54.81416,-121.55007,12.66505,5.50813,-3.06949,-15.52492,1.58682,-6.58692,0.62916,,,,,,,,,,,,,,,,,,,,,,,,,,,,,,,,,,,,,,,,,,,,,,,,,,,High,High,High,,,,,
27,2025-09-26,16:55:52.35,3,5,"Sohosky, Zac",1000224033,Left,MIA_RED,"Dierks, Marcus",10322729,Left,MIA_RED,Undefined,1,Bottom,1,2,2,Fastball,Four-Seam,StrikeCalled,Strikeout,Undefined,Undefined,0,0,,91.65449,-2.54728,2.319357,1922.728036,140.098953,10:45,5.81076,-0.9809,5.95646,-17.79032,15.49674,-12.05036,1.96255,0.16691,83.70987,-5.910551,0.154873,0.41525,,,,,,,,,,,,6.83359,8.99969,0.80333,50,5.59826,-4.86477,-132.94159,-6.46687,12.21022,28.91943,-16.0934,MIA_RED,MIA_RED,McKieFieldStad,TeamExclusive,Team,20250926-McKieFieldStad-Private-1,30c87070-9b1b-11f0-8518-fb35456db2e7,90.77057,,,7.94462,,,,,,,5a5ec5e9-a7b1-4805-aded-74df8f95eae1,2025-09-26,20:55:52.35,2025-09-26T16:55:52.3590000-04:00,2025-09-26T20:55:52.3590000Z,,v3,471355,471355,,"Buffington, Matthew",825106,Right,MIA_RED,7d63941d-5a33-4a95-80fb-147093a18187,54.54092,-133.92575,14.45971,5.80901,-5.91919,-8.0467,0.97595,-5.2803,6.10511,,,,,,,,,,,,,,,,,,,,,,,,,,,,,,,,,,,,,,,,,,,,,,,,,,,High,High,High,,,,,
28,2025-09-26,16:56:28.39,4,1,"Sohosky, Zac",1000224033,Left,MIA_RED,"Novak, Ryan",10035937,Left,MIA_RED,Undefined,1,Bottom,2,0,0,Slider,Slider,StrikeCalled,Undefined,Undefined,Undefined,0,0,,81.47181,-0.437485,2.470508,1983.906484,344.307505,5:30,5.56872,-1.50152,5.76266,-42.55798,-0.13028,0.41551,1.61467,0.83388,74.78075,-8.238198,2.544929,0.468809,,,,,,,,,,,,0.49909,0.45244,1.29663,50,5.5066,-5.11793,-118.24694,-2.32075,0.70422,23.26734,-31.53564,MIA_RED,MIA_RED,McKieFieldStad,TeamExclusive,Team,20250926-McKieFieldStad-Private-1,46202760-9b1b-11f0-8518-fb35456db2e7,80.40037,,,6.69105,,,,,,,5a5ec5e9-a7b1-4805-aded-74df8f95eae1,2025-09-26,20:56:28.39,2025-09-26T16:56:28.3980000-04:00,2025-09-26T20:56:28.3980000Z,,v3,471355,471355,,"Buffington, Matthew",825106,Right,MIA_RED,83db08e6-8f3b-4d01-af68-2022307a386e,54.73583,-119.17516,11.63367,5.57409,-1.06268,-15.76782,1.50136,-5.14603,0.35211,,,,,,,,,,,,,,,,,,,,,,,,,,,,,,,,,,,,,,,,,,,,,,,,,,,High,High,High,,,,,
29,2025-09-26,16:56:48.40,4,2,"Sohosky, Zac",1000224033,Left,MIA_RED,"Novak, Ryan",10035937,Left,MIA_RED,Undefined,1,Bottom,2,0,1,Fastball,Four-Seam,BallCalled,Undefined,Undefined,Undefined,0,0,,92.09272,-1.100904,2.442913,1939.277055,141.12546,10:45,5.88443,-1.00031,5.99782,-17.68233,15.22194,-11.40835,3.38973,0.31401,83.90246,-4.458291,0.393112,0.412855,,,,,,,,,,,,6.53764,8.45091,0.8141,50,5.78797,-5.20556,-133.65853,-3.11073,11.79743,29.46777,-16.92408,MIA_RED,MIA_RED,McKieFieldStad,TeamExclusive,Team,20250926-McKieFieldStad-Private-1,521beef0-9b1b-11f0-8518-fb35456db2e7,91.29703,,,8.19026,,,,,,,5a5ec5e9-a7b1-4805-aded-74df8f95eae1,2025-09-26,20:56:48.40,2025-09-26T16:56:48.4040000-04:00,2025-09-26T20:56:48.4040000Z,,v3,471355,471355,,"Buffington, Matthew",825106,Right,MIA_RED,75937001-6adb-48f4-a545-e95bd57317e9,54.49894,-134.64676,14.73389,5.88277,-2.54317,-8.46204,0.99531,-5.6012,5.89872,,,,,,,,,,,,,,,,,,,,,,,,,,,,,,,,,,,,,,,,,,,,,,,,,,,High,High,High,,,,,
30,2025-09-26,16:57:05.56,4,3,"Sohosky, Zac",1000224033,Left,MIA_RED,"Novak, Ryan",10035937,Left,MIA_RED,Undefined,1,Bottom,2,1,1,ChangeUp,Changeup,StrikeSwinging,Undefined,Undefined,Undefined,0,0,,83.77882,-1.309468,2.894746,1617.651253,106.445508,9:30,5.57589,-1.25911,6.1494,-33.65742,6.08307,-16.04784,1.55944,0.08051,76.36716,-7.573537,-0.000114,0.45372,,,,,,,,,,,,9.15375,3.94866,1.04679,50,5.45906,-5.52574,-121.54427,-3.83142,13.58416,25.59554,-26.31426,MIA_RED,MIA_RED,McKieFieldStad,TeamExclusive,Team,20250926-McKieFieldStad-Private-1,5c420c20-9b1b-11f0-8518-fb35456db2e7,83.07419,,,7.41166,,,,,,,5a5ec5e9-a7b1-4805-aded-74df8f95eae1,2025-09-26,20:57:05.56,2025-09-26T16:57:05.5630000-04:00,2025-09-26T20:57:05.5630000Z,,v3,471355,471355,,"Buffington, Matthew",825106,Right,MIA_RED,0a0250b6-bf28-4e33-b97e-e538262af3c8,54.34824,-122.45653,12.79777,5.5789,-2.89355,-13.15713,1.25237,-6.0099,6.79208,,,,,,,,,,,,,,,,,,,,,,,,,,,,,,,,,,,,,,,,,,,,,,,,,,,High,High,High,,,,,
31,2025-09-26,16:57:24.55,4,4,"Sohosky, Zac",1000224033,Left,MIA_RED,"Novak, Ryan",10035937,Left,MIA_RED,Undefined,1,Bottom,2,1,2,Slider,Slider,StrikeSwinging,Strikeout,Undefined,Undefined,0,0,,84.00626,-0.942943,2.795324,1873.361915,46.337918,7:30,5.63412,-1.45528,5.55747,-40.63368,-0.27024,-1.67055,1.36586,1.01926,76.87398,-8.363593,2.497329,0.457262,,,,,,,,,,,,1.67595,0.51787,1.21482,50,5.52573,-5.87867,-121.80495,-3.44472,2.50212,25.32074,-31.40087,MIA_RED,MIA_RED,McKieFieldStad,TeamExclusive,Team,20250926-McKieFieldStad-Private-1,679adcf0-9b1b-11f0-8518-fb35456db2e7,82.43064,,,7.13228,,,,,,,5a5ec5e9-a7b1-4805-aded-74df8f95eae1,2025-09-26,20:57:24.55,2025-09-26T16:57:24.5570000-04:00,2025-09-26T20:57:24.5570000Z,,v3,471355,471355,,"Buffington, Matthew",825106,Right,MIA_RED,1e607beb-0b3c-4aba-8bdd-7db305e1b0c5,54.9407,-122.82773,12.66037,5.63926,-2.17636,-15.70044,1.45431,-5.97973,1.25106,,,,,,,,,,,,,,,,,,,,,,,,,,,,,,,,,,,,,,,,,,,,,,,,,,,High,High,High,,,,,
32,2025-09-26,17:00:37.73,1,1,"Byers, Carson ",1000133996,Left,MIA_RED,"Breidenbach, Mason",1000074554,Right,MIA_RED,Undefined,2,Top,0,0,0,Cutter,Slider,InPlay,Undefined,Bunt,Undefined,0,0,,81.8779,0.743262,0.856158,2127.932749,196.856052,12:30,4.84999,-1.3377,5.53866,-31.14155,11.19233,2.97784,2.94965,-0.2893,74.6592,-5.034509,1.387024,0.468291,,,,,,,,,,,,-1.27217,5.83118,1.26138,50,4.89386,-1.89412,-118.85473,0.53136,-1.81281,23.59366,-23.86473,MIA_RED,MIA_RED,McKieFieldStad,TeamExclusive,Team,20250926-McKieFieldStad-Private-1,dae41b90-9b1b-11f0-8518-fb35456db2e7,80.48941,,,7.21871,,,,,,,5a5ec5e9-a7b1-4805-aded-74df8f95eae1,2025-09-26,21:00:37.73,2025-09-26T17:00:37.7360000-04:00,2025-09-26T21:00:37.7360000Z,,v3,471355,471355,,"Raether, Carson",1000338521,Right,MIA_RED,7c2e7ba6-b584-4dac-90c9-893d457af4da,54.95932,-119.83516,11.79683,4.85118,1.52304,-11.93237,1.33853,-1.81879,-0.9064,,,,,,,,,,,,,,,,,,,,,,,,,,,,,,,,,,,,,,,,,,,,,,,,,,,High,High,High,,,,,
33,2025-09-26,17:01:19.05,2,1,"Byers, Carson ",1000133996,Left,MIA_RED,"Breidenbach, Mason",1000074554,Right,MIA_RED,Undefined,2,Top,0,0,0,ChangeUp,Changeup,BallCalled,Undefined,Undefined,Undefined,0,0,,78.21158,-0.553912,3.54628,1706.279208,129.301979,10:15,4.58956,-1.6493,5.65579,-34.49746,11.87087,-12.61827,1.19719,0.61061,71.40618,-6.944836,1.29563,0.490097,,,,,,,,,,,,7.44508,6.63737,1.35699,50,4.52084,-6.54507,-113.34294,-2.15429,9.64681,21.47946,-23.57383,MIA_RED,MIA_RED,McKieFieldStad,TeamExclusive,Team,20250926-McKieFieldStad-Private-1,f36462b0-9b1b-11f0-8518-fb35456db2e7,76.9081,,,6.8054,,,,,,,5a5ec5e9-a7b1-4805-aded-74df8f95eae1,2025-09-26,21:01:19.05,2025-09-26T17:01:19.0570000-04:00,2025-09-26T21:01:19.0570000Z,,v3,471355,471355,,"Raether, Carson",1000338521,Right,MIA_RED,a1c3c701-c282-4382-a065-7320ff7e24e0,54.84145,-114.25675,10.73973,4.59116,-1.15137,-11.78691,1.64417,-6.95548,4.8234,,,,,,,,,,,,,,,,,,,,,,,,,,,,,,,,,,,,,,,,,,,,,,,,,,,High,High,High,,,,,
34,2025-09-26,17:01:34.53,2,2,"Byers, Carson ",1000133996,Left,MIA_RED,"Breidenbach, Mason",1000074554,Right,MIA_RED,Undefined,2,Top,0,1,0,Fastball,Changeup,BallCalled,Undefined,Undefined,Undefined,0,0,,86.3841,0.05731,1.383307,1766.09892,133.813062,10:30,4.96178,-1.18543,5.88446,-21.37631,16.53076,-15.82832,3.23366,-1.21968,77.89784,-4.009749,-1.45667,0.44313,,,,,,,,,,,,8.48126,8.81485,1.08273,50,4.95423,-2.35842,-125.30549,-0.50177,13.30162,28.52806,-18.34929,MIA_RED,MIA_RED,McKieFieldStad,TeamExclusive,Team,20250926-McKieFieldStad-Private-1,fcb2e490-9b1b-11f0-8518-fb35456db2e7,85.05949,,,8.48626,,,,,,,5a5ec5e9-a7b1-4805-aded-74df8f95eae1,2025-09-26,21:01:34.53,2025-09-26T17:01:34.5360000-04:00,2025-09-26T21:01:34.5360000Z,,v3,471355,471355,,"Raether, Carson",1000338521,Right,MIA_RED,32153bfc-e58b-40f6-a6da-a9a8f8a6dc5a,54.61047,-126.35079,14.26403,4.9603,0.17056,-9.17464,1.17807,-2.8458,6.65081,,,,,,,,,,,,,,,,,,,,,,,,,,,,,,,,,,,,,,,,,,,,,,,,,,,High,High,High,,,,,
35,2025-09-26,17:01:51.77,2,3,"Byers, Carson ",1000133996,Left,MIA_RED,"Breidenbach, Mason",1000074554,Right,MIA_RED,Undefined,2,Top,0,2,0,Fastball,Changeup,InPlay,Undefined,LineDrive,Double,0,1,,86.58912,-1.487206,2.098949,1763.285018,135.752799,10:30,4.94855,-1.12916,5.80383,-21.90107,15.81643,-14.1356,1.73912,-0.35423,78.55672,-5.618619,-0.433435,0.442021,101.60743,8.190586,32.944869,2412.656842,89.65483,6.41889,63.73348,157.52544,152.43995,36.940038,1.216863,7.89752,8.9152,0.96557,50,4.81355,-4.02255,-125.58944,-3.93468,12.49551,27.65639,-18.06834,MIA_RED,MIA_RED,McKieFieldStad,TeamExclusive,Team,20250926-McKieFieldStad-Private-1,06d81760-9b1c-11f0-8518-fb35456db2e7,85.27293,7.60797,,8.0324,,,,2.27794,1.95394,0.38799,5a5ec5e9-a7b1-4805-aded-74df8f95eae1,2025-09-26,21:01:51.77,2025-09-26T17:01:51.7730000-04:00,2025-09-26T21:01:51.7730000Z,LineDrive,v3,471355,471355,,"Raether, Carson",1000338521,Right,MIA_RED,28c40d4b-a8aa-47f0-9295-6a164fc5fd57,54.69376,-126.61884,13.82819,4.94748,-3.26215,-9.03417,1.12395,-4.48765,6.24775,,2.27794,123.78506,-22.27581,4.33905,-1.35487,0.99069,-0.89396,0.47967,-0.10429,1.95394,21.23099,-21.10619,2.45346,-0.61047,0.24943,-0.15646,0.07633,-0.01611,0.388,80.21634,-2.28038,-0.10469,0.57905,-1.17487,1.28835,-0.72128,0.15939,,,,,,,,,,,,,,,,,,,,,,,High,High,High,Medium,High,,,
36,2025-09-26,17:02:49.26,3,1,"Byers, Carson ",1000133996,Left,MIA_RED,"Buffington, Matthew",825106,Right,MIA_RED,Undefined,2,Top,0,0,0,ChangeUp,Changeup,BallCalled,Undefined,Undefined,Undefined,0,0,,77.82111,2.84788,1.685285,1594.073034,111.159241,9:45,4.6481,-1.68704,5.53966,-39.67986,7.31441,-14.9854,4.00646,-1.36028,70.76541,-4.484781,-0.983538,0.493394,,,,,,,,,,,,8.01819,3.3361,1.55106,50,4.8691,-2.73247,-112.7959,4.34725,10.29665,21.13633,-27.88995,MIA_RED,MIA_RED,McKieFieldStad,TeamExclusive,Team,20250926-McKieFieldStad-Private-1,2942d240-9b1c-11f0-8518-fb35456db2e7,76.3942,,,7.0557,,,,,,,5a5ec5e9-a7b1-4805-aded-74df8f95eae1,2025-09-26,21:02:49.26,2025-09-26T17:02:49.2670000-04:00,2025-09-26T21:02:49.2670000Z,,v3,471355,471355,,"Raether, Carson",1000338521,Right,MIA_RED,a51140ba-834c-4ca7-bcba-b6faa2f27a6e,54.95728,-113.72103,10.56817,4.65211,5.56799,-13.94497,1.68052,-3.18315,5.14833,,,,,,,,,,,,,,,,,,,,,,,,,,,,,,,,,,,,,,,,,,,,,,,,,,,High,High,High,,,,,
37,2025-09-26,17:03:05.94,3,2,"Byers, Carson ",1000133996,Left,MIA_RED,"Buffington, Matthew",825106,Right,MIA_RED,Undefined,2,Top,0,1,0,Cutter,Slider,FoulBallNotFieldable,Undefined,Undefined,Undefined,0,0,,82.57247,0.808891,2.165338,2259.594023,174.595465,11:45,4.83605,-1.42982,5.62984,-34.36777,6.96024,-0.53846,2.72739,0.54662,75.69046,-5.531535,2.069264,0.462694,,,,,,,,,,,,0.85858,3.72197,1.2458,50,4.88311,-4.50901,-119.83866,0.54053,1.25151,22.64865,-26.74869,MIA_RED,MIA_RED,McKieFieldStad,TeamExclusive,Team,20250926-McKieFieldStad-Private-1,33261a10-9b1c-11f0-8518-fb35456db2e7,81.46302,,,6.88201,,,,,,,5a5ec5e9-a7b1-4805-aded-74df8f95eae1,2025-09-26,21:03:05.94,2025-09-26T17:03:05.9490000-04:00,2025-09-26T21:03:05.9490000Z,,v3,471355,471355,,"Raether, Carson",1000338521,Right,MIA_RED,c541439e-d862-4fc9-9ff7-fe0c4ff5f1af,54.86634,-120.75486,11.32432,4.83935,1.62259,-13.37435,1.42923,-4.55964,0.62575,,,,,,,,,,,,,,,,,,,,,,,,,,,,,,,,,,,,,,,,,,,,,,,,,,,High,High,High,,,,,
38,2025-09-26,17:03:25.63,3,3,"Byers, Carson ",1000133996,Left,MIA_RED,"Buffington, Matthew",825106,Right,MIA_RED,Undefined,2,Top,0,1,1,ChangeUp,Changeup,BallCalled,Undefined,Undefined,Undefined,0,0,,77.68887,-0.313876,3.525013,1639.15553,108.796386,9:45,4.55784,-1.63638,5.76154,-39.53553,7.05894,-16.3871,0.97052,0.28305,71.30639,-7.602225,0.594108,0.491291,,,,,,,,,,,,9.36091,4.11488,1.35438,50,4.50771,-6.33612,-112.68886,-1.83695,12.03805,20.46126,-26.88236,MIA_RED,MIA_RED,McKieFieldStad,TeamExclusive,Team,20250926-McKieFieldStad-Private-1,3ede9710-9b1c-11f0-8518-fb35456db2e7,76.72126,,,6.38248,,,,,,,5a5ec5e9-a7b1-4805-aded-74df8f95eae1,2025-09-26,21:03:25.63,2025-09-26T17:03:25.6390000-04:00,2025-09-26T21:03:25.6390000Z,,v3,471355,471355,,"Raether, Carson",1000338521,Right,MIA_RED,4f53c847-b581-4bf7-89bb-0b700aa57441,54.73748,-113.5458,10.23063,4.56107,-0.71108,-13.44118,1.6303,-6.84028,6.01902,,,,,,,,,,,,,,,,,,,,,,,,,,,,,,,,,,,,,,,,,,,,,,,,,,,High,High,High,,,,,
39,2025-09-26,17:03:44.78,3,4,"Byers, Carson ",1000133996,Left,MIA_RED,"Buffington, Matthew",825106,Right,MIA_RED,Undefined,2,Top,0,2,1,Fastball,Changeup,BallCalled,Undefined,Undefined,Undefined,0,0,,85.11402,1.171847,1.670842,1655.301629,140.33487,10:45,5.04929,-1.36547,5.82036,-23.106,15.69131,-11.97111,4.21389,-0.80922,77.37085,-3.188767,-0.473343,0.448304,,,,,,,,,,,,6.58221,8.04166,1.23592,50,5.13159,-3.11245,-123.53225,1.82932,10.13455,25.43568,-19.79239,MIA_RED,MIA_RED,McKieFieldStad,TeamExclusive,Team,20250926-McKieFieldStad-Private-1,4a677890-9b1c-11f0-8518-fb35456db2e7,84.07794,,,7.74317,,,,,,,5a5ec5e9-a7b1-4805-aded-74df8f95eae1,2025-09-26,21:03:44.78,2025-09-26T17:03:44.7830000-04:00,2025-09-26T21:03:44.7830000Z,,v3,471355,471355,,"Raether, Carson",1000338521,Right,MIA_RED,64c7cc1f-6f7f-4f86-96aa-0133e2f04f82,54.67619,-124.49137,12.71784,5.04854,2.57564,-9.89619,1.36049,-3.4946,5.06727,,,,,,,,,,,,,,,,,,,,,,,,,,,,,,,,,,,,,,,,,,,,,,,,,,,High,High,High,,,,,
40,2025-09-26,17:04:06.12,3,5,"Byers, Carson ",1000133996,Left,MIA_RED,"Buffington, Matthew",825106,Right,MIA_RED,Undefined,2,Top,0,3,1,Cutter,Cutter,StrikeCalled,Undefined,Undefined,Undefined,0,0,,82.93299,1.078421,1.245217,2272.672841,199.992146,12:45,4.84896,-1.36546,5.50458,-30.48041,10.66052,3.41953,3.31785,0.08424,75.91743,-4.562811,1.854151,0.461645,,,,,,,,,,,,-1.38335,5.47264,1.25441,50,4.92275,-2.75826,-120.38753,1.25078,-2.03441,22.91644,-24.12583,MIA_RED,MIA_RED,McKieFieldStad,TeamExclusive,Team,20250926-McKieFieldStad-Private-1,56d7faf0-9b1c-11f0-8518-fb35456db2e7,81.64806,,,7.01556,,,,,,,5a5ec5e9-a7b1-4805-aded-74df8f95eae1,2025-09-26,21:04:06.12,2025-09-26T17:04:06.1200000-04:00,2025-09-26T21:04:06.1200000Z,,v3,471355,471355,,"Raether, Carson",1000338521,Right,MIA_RED,aeacf365-07ef-44bf-8be8-c1a549605e55,54.99201,-121.33406,11.45822,4.85051,2.24727,-12.06292,1.3666,-2.67424,-1.01721,,,,,,,,,,,,,,,,,,,,,,,,,,,,,,,,,,,,,,,,,,,,,,,,,,,High,High,High,,,,,
41,2025-09-26,17:04:24.55,3,6,"Byers, Carson ",1000133996,Left,MIA_RED,"Buffington, Matthew",825106,Right,MIA_RED,Undefined,2,Top,0,3,2,Cutter,Cutter,BallCalled,Walk,Undefined,Undefined,0,0,,83.32843,1.867022,0.979361,2157.87565,191.318768,12:30,4.91747,-1.19614,5.63982,-30.12301,10.31134,1.82465,4.14977,-0.13038,76.40616,-3.719406,1.305057,0.457664,,,,,,,,,,,,-0.66654,5.10748,1.11178,50,5.05693,-2.14282,-120.99656,2.95574,-0.99334,22.43482,-24.56215,MIA_RED,MIA_RED,McKieFieldStad,TeamExclusive,Team,20250926-McKieFieldStad-Private-1,61e4a790-9b1c-11f0-8518-fb35456db2e7,82.35834,,,6.92227,,,,,,,5a5ec5e9-a7b1-4805-aded-74df8f95eae1,2025-09-26,21:04:24.55,2025-09-26T17:04:24.5550000-04:00,2025-09-26T21:04:24.5550000Z,,v3,471355,471355,,"Raether, Carson",1000338521,Right,MIA_RED,45a95d40-f345-405b-beb5-0a0d6a12153b,54.85728,-121.89386,11.21741,4.91907,3.93811,-12.28108,1.19669,-2.10309,-0.49667,,,,,,,,,,,,,,,,,,,,,,,,,,,,,,,,,,,,,,,,,,,,,,,,,,,High,High,High,,,,,
42,2025-09-26,17:04:56.58,4,1,"Byers, Carson ",1000133996,Left,MIA_RED,"Proctor, Keenan",823047,Left,MIA_RED,Undefined,2,Top,0,0,0,Fastball,Changeup,StrikeCalled,Undefined,Undefined,Undefined,0,0,,85.00138,-1.224146,3.213973,1638.553423,135.640856,10:30,4.8584,-1.09508,6.03483,-22.72863,15.69174,-14.17095,1.82887,0.70318,77.91901,-5.502713,0.667827,0.446121,,,,,,,,,,,,8.16189,8.77481,0.85161,50,4.75035,-6.3693,-123.36133,-3.30674,12.61346,23.87994,-18.61339,MIA_RED,MIA_RED,McKieFieldStad,TeamExclusive,Team,20250926-McKieFieldStad-Private-1,75055a40-9b1c-11f0-8518-fb35456db2e7,84.48937,,,7.08237,,,,,,,5a5ec5e9-a7b1-4805-aded-74df8f95eae1,2025-09-26,21:04:56.58,2025-09-26T17:04:56.5830000-04:00,2025-09-26T21:04:56.5830000Z,,v3,471355,471355,,"Raether, Carson",1000338521,Right,MIA_RED,7c48d7ac-caca-4f51-af1f-32ecb2122547,54.46319,-124.22229,11.93997,4.85747,-2.63565,-9.3067,1.08945,-6.82407,6.30673,,,,,,,,,,,,,,,,,,,,,,,,,,,,,,,,,,,,,,,,,,,,,,,,,,,High,High,High,,,,,
43,2025-09-26,17:05:17.12,4,2,"Byers, Carson ",1000133996,Left,MIA_RED,"Proctor, Keenan",823047,Left,MIA_RED,Undefined,2,Top,0,0,1,Fastball,Changeup,FoulBallNotFieldable,Undefined,Undefined,Undefined,0,0,,86.70015,0.422816,1.993653,1789.089943,135.254351,10:30,5.00053,-1.15573,6.01869,-21.05418,15.73225,-14.50603,3.63789,-0.51719,79.52043,-3.553043,-0.614437,0.436531,59.07549,19.896687,-147.056995,4298.541733,,,,111.95647,48.157,-154.524081,1.674788,8.02213,8.32745,1.00754,50,5.02212,-3.81031,-126.01045,0.30508,12.96165,24.43417,-18.71908,MIA_RED,MIA_RED,McKieFieldStad,TeamExclusive,Team,20250926-McKieFieldStad-Private-1,81438200-9b1c-11f0-8518-fb35456db2e7,86.34536,14.24153,,7.17971,,,,0.53377,3.54314,0.58779,5a5ec5e9-a7b1-4805-aded-74df8f95eae1,2025-09-26,21:05:17.12,2025-09-26T17:05:17.1200000-04:00,2025-09-26T21:05:17.1200000Z,LineDrive,v3,471355,471355,,"Raether, Carson",1000338521,Right,MIA_RED,71bd756e-6031-487d-943b-24276fab5322,54.48029,-126.87623,12.21708,4.99956,0.96836,-9.35954,1.15069,-4.26958,6.48083,63.600783,0.53381,-68.37584,4.12491,0.10449,0.5977,-0.84917,0.61849,-0.223,0.03109,3.54314,29.48638,-21.70911,2.08571,-0.21392,-0.10733,0.09814,-0.02881,0.00263,0.58783,-44.30924,10.50532,-1.42385,0.9593,-1.02575,0.74369,-0.2768,0.03987,,,,,,,,,,,,,,,,,,,,,,,High,High,High,High,Low,,,
44,2025-09-26,17:05:38.84,4,3,"Byers, Carson ",1000133996,Left,MIA_RED,"Proctor, Keenan",823047,Left,MIA_RED,Undefined,2,Top,0,0,2,Slider,Curveball,BallCalled,Undefined,Undefined,Undefined,0,0,,78.19469,3.479206,0.73458,2500.794052,303.840152,4:15,4.71409,-1.57712,5.21268,-49.53904,-2.83449,6.25555,3.8617,-0.36505,71.84918,-5.521144,1.842038,0.491871,,,,,,,,,,,,-2.91583,-1.86008,1.50441,50,4.99859,-1.70797,-113.39715,5.15222,-3.82188,19.44831,-34.61213,MIA_RED,MIA_RED,McKieFieldStad,TeamExclusive,Team,20250926-McKieFieldStad-Private-1,8e273890-9b1c-11f0-8518-fb35456db2e7,76.63077,,,6.34551,,,,,,,5a5ec5e9-a7b1-4805-aded-74df8f95eae1,2025-09-26,21:05:38.84,2025-09-26T17:05:38.8470000-04:00,2025-09-26T21:05:38.8470000Z,,v3,471355,471355,,"Raether, Carson",1000338521,Right,MIA_RED,f4eef339-9844-4217-81e0-40494664b519,55.28651,-114.30022,9.72416,4.72203,6.75942,-17.30607,1.5796,-1.5305,-1.91094,,,,,,,,,,,,,,,,,,,,,,,,,,,,,,,,,,,,,,,,,,,,,,,,,,,High,High,High,,,,,
45,2025-09-26,17:05:58.77,4,4,"Byers, Carson ",1000133996,Left,MIA_RED,"Proctor, Keenan",823047,Left,MIA_RED,Undefined,2,Top,0,1,2,Cutter,Cutter,FoulBallNotFieldable,Undefined,Undefined,Undefined,0,0,,85.44556,-0.446428,2.452295,2023.140746,168.153246,11:30,4.82548,-1.1814,5.78192,-28.72883,9.43752,-1.74638,2.01567,0.95604,78.79885,-5.761451,2.139815,0.444643,,,,,,,,,,,,1.50295,5.2987,0.9801,50,4.77144,-5.24057,-124.07877,-1.92467,2.36315,22.82884,-23.8426,MIA_RED,MIA_RED,McKieFieldStad,TeamExclusive,Team,20250926-McKieFieldStad-Private-1,99ff7290-9b1c-11f0-8518-fb35456db2e7,84.77009,,,6.64671,,,,,,,5a5ec5e9-a7b1-4805-aded-74df8f95eae1,2025-09-26,21:05:58.77,2025-09-26T17:05:58.7750000-04:00,2025-09-26T21:05:58.7750000Z,,v3,471355,471355,,"Raether, Carson",1000338521,Right,MIA_RED,38630ccc-1865-4e73-9679-f193e4839d77,54.71401,-124.94308,11.41442,4.82722,-1.02198,-11.9213,1.1802,-5.33004,1.18157,,,,,,,,,,,,,,,,,,,,,,,,,,,,,,,,,,,,,,,,,,,,,,,,,,,High,High,High,,,,,
46,2025-09-26,17:06:19.21,4,5,"Byers, Carson ",1000133996,Left,MIA_RED,"Proctor, Keenan",823047,Left,MIA_RED,Undefined,2,Top,0,1,2,Slider,Curveball,BallCalled,Undefined,Undefined,Undefined,0,0,,78.0678,-0.089189,2.583841,2553.425042,317.122481,4:30,4.69472,-1.3963,5.16349,-51.86743,-5.04981,5.92111,0.28841,1.53063,72.58435,-9.420456,3.63282,0.492466,,,,,,,,,,,,-2.32,-2.20461,1.1504,50,4.64595,-5.34492,-113.36003,-1.98833,-3.03857,19.45698,-35.0615,MIA_RED,MIA_RED,McKieFieldStad,TeamExclusive,Team,20250926-McKieFieldStad-Private-1,a6818120-9b1c-11f0-8518-fb35456db2e7,76.5382,,,5.48345,,,,,,,5a5ec5e9-a7b1-4805-aded-74df8f95eae1,2025-09-26,21:06:19.21,2025-09-26T17:06:19.2150000-04:00,2025-09-26T21:06:19.2150000Z,,v3,471355,471355,,"Raether, Carson",1000338521,Right,MIA_RED,2853fe49-513a-4747-8efe-201d409d735b,55.33828,-114.27262,9.72849,4.70064,-0.34385,-17.53075,1.39775,-5.20241,-1.51928,,,,,,,,,,,,,,,,,,,,,,,,,,,,,,,,,,,,,,,,,,,,,,,,,,,High,High,High,,,,,
47,2025-09-26,17:06:40.41,4,6,"Byers, Carson ",1000133996,Left,MIA_RED,"Proctor, Keenan",823047,Left,MIA_RED,Undefined,2,Top,0,2,2,Fastball,Changeup,BallCalled,Undefined,Undefined,Undefined,0,0,,85.56686,-1.615554,3.653801,1661.00509,124.545561,10:15,4.82182,-1.3055,5.90624,-28.01202,10.32028,-13.16942,0.98446,0.99317,78.21332,-6.82714,1.293553,0.445609,,,,,,,,,,,,7.80772,6.12095,1.01943,50,4.67584,-7.3924,-124.03146,-4.40247,12.13353,25.36251,-22.66184,MIA_RED,MIA_RED,McKieFieldStad,TeamExclusive,Team,20250926-McKieFieldStad-Private-1,b2f5ad00-9b1c-11f0-8518-fb35456db2e7,84.58636,,,7.35354,,,,,,,5a5ec5e9-a7b1-4805-aded-74df8f95eae1,2025-09-26,21:06:40.41,2025-09-26T17:06:40.4170000-04:00,2025-09-26T21:06:40.4170000Z,,v3,471355,471355,,"Raether, Carson",1000338521,Right,MIA_RED,c6445c21-a431-4cd3-ba80-1df2cc72ed37,54.59184,-124.9669,12.68125,4.8228,-3.56664,-11.33092,1.30033,-7.83991,6.06676,,,,,,,,,,,,,,,,,,,,,,,,,,,,,,,,,,,,,,,,,,,,,,,,,,,High,High,High,,,,,
48,2025-09-26,17:07:04.07,4,7,"Byers, Carson ",1000133996,Left,MIA_RED,"Proctor, Keenan",823047,Left,MIA_RED,Undefined,2,Top,0,3,2,ChangeUp,Changeup,BallCalled,Walk,Undefined,Undefined,0,0,,78.63209,-1.115067,4.176134,1706.198329,128.535355,10:15,4.46859,-1.61726,5.5356,-34.00718,11.69875,-12.94339,0.58952,1.21442,72.51714,-7.366182,1.874991,0.486584,,,,,,,,,,,,7.68933,6.61012,1.26347,50,4.3489,-7.83327,-113.96842,-3.29573,10.17753,19.7024,-23.42497,MIA_RED,MIA_RED,McKieFieldStad,TeamExclusive,Team,20250926-McKieFieldStad-Private-1,c10e8830-9b1c-11f0-8518-fb35456db2e7,77.4634,,,6.11496,,,,,,,5a5ec5e9-a7b1-4805-aded-74df8f95eae1,2025-09-26,21:07:04.07,2025-09-26T17:07:04.0700000-04:00,2025-09-26T21:07:04.0700000Z,,v3,471355,471355,,"Raether, Carson",1000338521,Right,MIA_RED,3e034860-c3da-4395-8ffa-1854e32004f9,54.96385,-114.82335,9.8512,4.46986,-2.27928,-11.71249,1.61295,-8.27489,5.08877,,,,,,,,,,,,,,,,,,,,,,,,,,,,,,,,,,,,,,,,,,,,,,,,,,,High,High,High,,,,,
49,2025-09-26,17:07:34.10,5,1,"Byers, Carson ",1000133996,Left,MIA_RED,"Rasmussen, Jamie",10272616,Right,MIA_RED,Undefined,2,Top,0,0,0,ChangeUp,Changeup,BallCalled,Undefined,Undefined,Undefined,0,0,,78.21501,0.358523,4.367975,1747.582878,126.474786,10:15,4.50242,-1.71662,5.6443,-33.69427,12.68383,-15.10206,2.02997,1.10718,71.34854,-5.89427,1.680476,0.490149,,,,,,,,,,,,8.87796,6.78205,1.3551,50,4.51162,-8.07005,-113.25576,-0.31734,11.51358,20.979,-23.37863,MIA_RED,MIA_RED,McKieFieldStad,TeamExclusive,Team,20250926-McKieFieldStad-Private-1,d2e9c290-9b1c-11f0-8518-fb35456db2e7,76.90001,,,6.86646,,,,,,,5a5ec5e9-a7b1-4805-aded-74df8f95eae1,2025-09-26,21:07:34.10,2025-09-26T17:07:34.1070000-04:00,2025-09-26T21:07:34.1070000Z,,v3,471355,471355,,"Raether, Carson",1000338521,Right,MIA_RED,3b45312d-2cbe-4053-a9c6-4d896e9dd5b2,54.85269,-114.15111,10.4895,4.50387,0.68043,-11.68931,1.71,-8.56143,5.75679,,,,,,,,,,,,,,,,,,,,,,,,,,,,,,,,,,,,,,,,,,,,,,,,,,,High,High,High,,,,,
50,2025-09-26,17:07:50.57,5,2,"Byers, Carson ",1000133996,Left,MIA_RED,"Rasmussen, Jamie",10272616,Right,MIA_RED,Undefined,2,Top,0,1,0,Fastball,Changeup,FoulBallNotFieldable,Undefined,Undefined,Undefined,0,0,,86.33111,-0.594661,2.351268,1899.942169,136.404829,10:30,4.81297,-1.35109,5.89092,-20.73064,16.81217,-14.85544,2.5328,-0.4047,78.74669,-4.515722,-0.313001,0.440996,68.46859,20.108304,153.155725,2685.718101,-100.9874,12.42024,43.60669,143.58717,41.62506,157.876944,1.877843,8.30556,9.14693,1.17035,50,4.75319,-4.5456,-125.33542,-1.91879,13.18713,25.77027,-17.65104,MIA_RED,MIA_RED,McKieFieldStad,TeamExclusive,Team,20250926-McKieFieldStad-Private-1,dce37890-9b1c-11f0-8518-fb35456db2e7,85.47114,16.73134,,7.58442,,,,1.39083,2.42661,0.4882,5a5ec5e9-a7b1-4805-aded-74df8f95eae1,2025-09-26,21:07:50.57,2025-09-26T17:07:50.5710000-04:00,2025-09-26T21:07:50.5710000Z,LineDrive,v3,471355,471355,,"Raether, Carson",1000338521,Right,MIA_RED,99389f73-fab4-4d46-b681-d35ecc628191,54.60732,-126.27918,12.88513,4.81163,-1.27237,-8.82552,1.34566,-5.02854,6.59356,,1.25936,-83.14401,6.22566,,,,,,,2.8932,31.07094,-17.47901,,,,,,,0.86685,39.70898,-6.14108,,,,,,,,,,,,,,,,,,,,,,,,,,,,,High,High,High,High,Medium,,,
51,2025-09-26,17:08:11.23,5,3,"Byers, Carson ",1000133996,Left,MIA_RED,"Rasmussen, Jamie",10272616,Right,MIA_RED,Undefined,2,Top,0,1,1,Cutter,Cutter,BallCalled,Undefined,Undefined,Undefined,0,0,,85.25146,1.254795,1.089834,2145.999065,161.558598,11:30,4.781,-1.34172,5.64261,-26.84962,11.82229,-3.55229,3.71443,-0.62101,78.04459,-3.742319,0.455532,0.447579,,,,,,,,,,,,2.08969,6.01792,1.2515,50,4.87052,-2.20651,-123.79736,1.82659,3.25448,23.89179,-22.80167,MIA_RED,MIA_RED,McKieFieldStad,TeamExclusive,Team,20250926-McKieFieldStad-Private-1,e8f14180-9b1c-11f0-8518-fb35456db2e7,84.21412,,,7.20687,,,,,,,5a5ec5e9-a7b1-4805-aded-74df8f95eae1,2025-09-26,21:08:11.23,2025-09-26T17:08:11.2370000-04:00,2025-09-26T21:08:11.2370000Z,,v3,471355,471355,,"Raether, Carson",1000338521,Right,MIA_RED,24edb517-9884-45f2-b910-5c0f61121209,54.85418,-124.73066,11.9459,4.78177,2.71731,-11.40084,1.34018,-2.33364,1.62724,,,,,,,,,,,,,,,,,,,,,,,,,,,,,,,,,,,,,,,,,,,,,,,,,,,High,High,High,,,,,
52,2025-09-26,17:08:29.47,5,4,"Byers, Carson ",1000133996,Left,MIA_RED,"Rasmussen, Jamie",10272616,Right,MIA_RED,Undefined,2,Top,0,2,1,Fastball,Changeup,StrikeCalled,Undefined,Undefined,Undefined,0,0,,86.41087,0.485019,2.941943,1669.638054,142.263053,10:45,4.90824,-1.12697,5.85775,-21.22021,16.38879,-11.73918,3.59111,0.63042,78.59559,-3.529452,0.840321,0.441385,,,,,,,,,,,,6.80992,8.59209,0.89485,50,4.93531,-5.95076,-125.33541,0.42833,10.80552,25.92172,-18.54075,MIA_RED,MIA_RED,McKieFieldStad,TeamExclusive,Team,20250926-McKieFieldStad-Private-1,f3ea8d30-9b1c-11f0-8518-fb35456db2e7,85.39591,,,7.81528,,,,,,,5a5ec5e9-a7b1-4805-aded-74df8f95eae1,2025-09-26,21:08:29.47,2025-09-26T17:08:29.4730000-04:00,2025-09-26T21:08:29.4730000Z,,v3,471355,471355,,"Raether, Carson",1000338521,Right,MIA_RED,b76fd86f-47ad-43ca-9585-f7bd39876918,54.6384,-126.29108,12.96086,4.90691,1.11188,-9.27037,1.12158,-6.34913,5.40276,,,,,,,,,,,,,,,,,,,,,,,,,,,,,,,,,,,,,,,,,,,,,,,,,,,High,High,High,,,,,
53,2025-09-26,17:08:49.58,5,5,"Byers, Carson ",1000133996,Left,MIA_RED,"Rasmussen, Jamie",10272616,Right,MIA_RED,Undefined,2,Top,0,2,2,ChangeUp,Changeup,BallCalled,Undefined,Undefined,Undefined,0,0,,77.15392,-0.787871,3.77251,1657.808762,114.901642,9:45,4.47953,-1.68445,5.54646,-39.22301,8.42508,-14.87938,0.47304,0.6061,70.8909,-7.986801,1.122854,0.496814,,,,,,,,,,,,8.60036,4.91551,1.36773,50,4.38516,-6.81556,-111.83409,-2.77549,10.90049,20.01951,-25.94388,MIA_RED,MIA_RED,McKieFieldStad,TeamExclusive,Team,20250926-McKieFieldStad-Private-1,fff41060-9b1c-11f0-8518-fb35456db2e7,75.86825,,,6.26302,,,,,,,5a5ec5e9-a7b1-4805-aded-74df8f95eae1,2025-09-26,21:08:49.58,2025-09-26T17:08:49.5830000-04:00,2025-09-26T21:08:49.5830000Z,,v3,471355,471355,,"Raether, Carson",1000338521,Right,MIA_RED,e995b647-a8b5-411d-8243-01e1339b3feb,54.95231,-112.71712,10.00976,4.48234,-1.63114,-12.97194,1.67896,-7.29636,5.45024,,,,,,,,,,,,,,,,,,,,,,,,,,,,,,,,,,,,,,,,,,,,,,,,,,,High,High,High,,,,,
54,2025-09-26,17:09:12.76,5,6,"Byers, Carson ",1000133996,Left,MIA_RED,"Rasmussen, Jamie",10272616,Right,MIA_RED,Undefined,2,Top,0,3,2,Fastball,Changeup,StrikeCalled,Strikeout,Undefined,Undefined,0,3,,86.3716,-1.062331,3.457,1742.086575,140.903277,10:45,4.87866,-1.1422,5.99602,-19.34714,18.15253,-13.74135,2.28008,0.92,78.6188,-4.744419,0.991589,0.440743,,,,,,,,,,,,8.02516,9.9913,0.87715,50,4.7842,-7.00334,-125.23251,-2.86999,12.70583,26.00944,-16.35532,MIA_RED,MIA_RED,McKieFieldStad,TeamExclusive,Team,20250926-McKieFieldStad-Private-1,0dc77e20-9b1d-11f0-8518-fb35456db2e7,85.52028,,,7.7528,,,,,,,5a5ec5e9-a7b1-4805-aded-74df8f95eae1,2025-09-26,21:09:12.76,2025-09-26T17:09:12.7630000-04:00,2025-09-26T21:09:12.7630000Z,,v3,471355,471355,,"Raether, Carson",1000338521,Right,MIA_RED,5f5934e6-27ad-4a83-98a2-e0495ad3fdfd,54.50059,-126.16378,13.00472,4.87648,-2.2844,-8.17766,1.13605,-7.45827,6.35292,,,,,,,,,,,,,,,,,,,,,,,,,,,,,,,,,,,,,,,,,,,,,,,,,,,High,High,High,,,,,
55,2025-09-26,17:11:49.03,1,1,"Sohosky, Zac",1000224033,Left,MIA_RED,"Gonzalez Rivera, Ignacio",10124440,Right,MIA_RED,Undefined,2,Bottom,0,0,0,Slider,Curveball,StrikeCalled,Undefined,Undefined,Undefined,0,0,,77.65489,0.78532,1.535138,1970.655737,352.43144,5:45,5.64816,-1.61629,5.58131,-47.68243,-0.94768,0.31346,2.40834,-0.15618,71.56658,-7.925453,1.591115,0.49203,,,,,,,,,,,,0.25807,-0.27909,1.48411,50,5.68435,-3.03482,-112.7985,-0.01506,0.33324,20.09887,-32.53442,MIA_RED,MIA_RED,McKieFieldStad,TeamExclusive,Team,20250926-McKieFieldStad-Private-1,6af91130-9b1d-11f0-8518-fb35456db2e7,76.60601,,,6.08831,,,,,,,5a5ec5e9-a7b1-4805-aded-74df8f95eae1,2025-09-26,21:11:49.03,2025-09-26T17:11:49.0380000-04:00,2025-09-26T21:11:49.0380000Z,,v3,471355,471355,,"Buffington, Matthew",825106,Right,MIA_RED,0693c3cf-444e-43d1-a109-b1ec58890d9d,54.91796,-113.67142,10.04943,5.65432,1.39796,-16.26721,1.61623,-3.04929,0.16662,,,,,,,,,,,,,,,,,,,,,,,,,,,,,,,,,,,,,,,,,,,,,,,,,,,High,High,High,,,,,
56,2025-09-26,17:12:09.67,1,2,"Sohosky, Zac",1000224033,Left,MIA_RED,"Gonzalez Rivera, Ignacio",10124440,Right,MIA_RED,Undefined,2,Bottom,0,0,1,Slider,Slider,InPlay,Undefined,Bunt,Undefined,0,0,,78.9979,-0.195688,1.493097,1988.011864,342.005454,5:30,5.49497,-1.60921,5.66933,-46.85227,-1.93248,1.05874,1.4081,-0.12858,73.09046,-8.741813,1.682656,0.482381,,,,,,,,,,,,-0.14417,-0.63228,1.48244,50,5.44829,-3.03189,-114.82158,-1.92009,-0.19308,20.60972,-33.02094,MIA_RED,MIA_RED,McKieFieldStad,TeamExclusive,Team,20250926-McKieFieldStad-Private-1,773da190-9b1d-11f0-8518-fb35456db2e7,78.13831,,,5.90743,,,,,,,5a5ec5e9-a7b1-4805-aded-74df8f95eae1,2025-09-26,21:12:09.67,2025-09-26T17:12:09.6780000-04:00,2025-09-26T21:12:09.6780000Z,,v3,471355,471355,,"Buffington, Matthew",825106,Right,MIA_RED,78d37a88-e34e-4c72-8f77-6dbe9e7348c7,54.83163,-115.68558,10.30486,5.49977,-0.5358,-16.51047,1.60938,-3.02379,-0.09654,,,,,,,,,,,,,,,,,,,,,,,,,,,,,,,,,,,,,,,,,,,,,,,,,,,High,High,High,,,,,
57,2025-09-26,17:12:45.06,2,1,"Sohosky, Zac",1000224033,Left,MIA_RED,"Gonzalez Rivera, Ignacio",10124440,Right,MIA_RED,Undefined,2,Bottom,0,0,0,ChangeUp,Changeup,BallCalled,Undefined,Undefined,Undefined,0,0,,82.84812,-0.22762,1.050067,1498.199281,123.330239,10:00,5.7482,-1.3143,6.15059,-30.11391,10.4091,-13.7706,3.02837,-1.49154,75.41234,-5.876464,-1.434823,0.458165,,,,,,,,,,,,7.38272,5.86591,1.24109,50,5.71559,-1.6705,-120.32556,-1.37697,10.74624,24.90604,-23.63571,MIA_RED,MIA_RED,McKieFieldStad,TeamExclusive,Team,20250926-McKieFieldStad-Private-1,8c4cddd0-9b1d-11f0-8518-fb35456db2e7,82.2682,,,7.43578,,,,,,,5a5ec5e9-a7b1-4805-aded-74df8f95eae1,2025-09-26,21:12:45.06,2025-09-26T17:12:45.0630000-04:00,2025-09-26T21:12:45.0630000Z,,v3,471355,471355,,"Buffington, Matthew",825106,Right,MIA_RED,112d55d4-3be0-4bd7-879f-3578196a207d,54.34533,-121.22166,12.45302,5.74983,-0.52657,-11.81785,1.30815,-2.05714,5.37312,,,,,,,,,,,,,,,,,,,,,,,,,,,,,,,,,,,,,,,,,,,,,,,,,,,High,High,High,,,,,
58,2025-09-26,17:13:01.12,2,2,"Sohosky, Zac",1000224033,Left,MIA_RED,"Gonzalez Rivera, Ignacio",10124440,Right,MIA_RED,Undefined,2,Bottom,0,1,0,Fastball,Four-Seam,StrikeCalled,Undefined,Undefined,Undefined,0,0,,91.22395,-2.037024,2.212497,1873.234634,142.813098,10:45,5.86944,-1.03241,5.69734,-18.24359,15.38438,-10.90918,2.4487,0.12126,83.95888,-5.454256,0.262524,0.417371,,,,,,,,,,,,6.10717,8.65497,0.85351,50,5.68694,-4.6353,-132.43137,-5.31122,10.9282,26.26978,-16.68686,MIA_RED,MIA_RED,McKieFieldStad,TeamExclusive,Team,20250926-McKieFieldStad-Private-1,95d97a20-9b1d-11f0-8518-fb35456db2e7,90.30929,,,7.26507,,,,,,,5a5ec5e9-a7b1-4805-aded-74df8f95eae1,2025-09-26,21:13:01.12,2025-09-26T17:13:01.1250000-04:00,2025-09-26T21:13:01.1250000Z,,v3,471355,471355,,"Buffington, Matthew",825106,Right,MIA_RED,e3e210c7-f560-4f54-a2e7-b8d882ca026e,54.80072,-133.38026,13.13489,5.8679,-4.70847,-8.34343,1.02807,-5.03004,5.4641,,,,,,,,,,,,,,,,,,,,,,,,,,,,,,,,,,,,,,,,,,,,,,,,,,,High,High,High,,,,,
59,2025-09-26,17:13:20.29,2,3,"Sohosky, Zac",1000224033,Left,MIA_RED,"Gonzalez Rivera, Ignacio",10124440,Right,MIA_RED,Undefined,2,Bottom,0,1,1,Sinker,Four-Seam,StrikeSwinging,Undefined,Undefined,Undefined,0,0,,92.69681,-1.343672,1.668854,1780.417412,126.212407,10:15,5.91827,-1.06108,5.88226,-19.76127,12.66308,-15.93162,3.02296,-0.83852,84.98533,-5.049451,-1.190511,0.409833,,,,,,,,,,,,8.56071,7.1465,0.93534,50,5.79834,-3.21467,-134.65087,-3.81575,15.76511,28.39885,-19.01336,MIA_RED,MIA_RED,McKieFieldStad,TeamExclusive,Team,20250926-McKieFieldStad-Private-1,a12c0960-9b1d-11f0-8518-fb35456db2e7,91.97024,,,7.71149,,,,,,,5a5ec5e9-a7b1-4805-aded-74df8f95eae1,2025-09-26,21:13:20.29,2025-09-26T17:13:20.2900000-04:00,2025-09-26T21:13:20.2900000Z,,v3,471355,471355,,"Buffington, Matthew",825106,Right,MIA_RED,f7d4eb64-87d9-4540-af64-f870a286f9a9,54.61549,-135.62081,14.19942,5.91758,-3.16636,-9.50668,1.05433,-3.75311,7.88256,,,,,,,,,,,,,,,,,,,,,,,,,,,,,,,,,,,,,,,,,,,,,,,,,,,High,High,High,,,,,
60,2025-09-26,17:13:37.83,2,4,"Sohosky, Zac",1000224033,Left,MIA_RED,"Gonzalez Rivera, Ignacio",10124440,Right,MIA_RED,Undefined,2,Bottom,0,1,2,ChangeUp,Changeup,BallCalled,Undefined,Undefined,Undefined,0,0,,84.39884,-2.730348,1.71472,1739.244419,126.428269,10:15,5.80179,-1.24158,6.0646,-25.33324,13.57816,-16.75485,1.16084,-1.05046,77.67886,-7.45554,-1.304934,0.448962,,,,,,,,,,,,9.1067,8.11737,1.11744,50,5.57632,-3.01902,-122.53158,-6.60561,13.88053,23.63088,-19.80147,MIA_RED,MIA_RED,McKieFieldStad,TeamExclusive,Team,20250926-McKieFieldStad-Private-1,abbe55e0-9b1d-11f0-8518-fb35456db2e7,83.95456,,,6.71998,,,,,,,5a5ec5e9-a7b1-4805-aded-74df8f95eae1,2025-09-26,21:13:37.83,2025-09-26T17:13:37.8300000-04:00,2025-09-26T21:13:37.8300000Z,,v3,471355,471355,,"Buffington, Matthew",825106,Right,MIA_RED,3739073f-c7be-4776-9936-45e79e94cbfd,54.43393,-123.38372,11.81544,5.80165,-5.89156,-9.90074,1.23534,-3.51956,6.94027,,,,,,,,,,,,,,,,,,,,,,,,,,,,,,,,,,,,,,,,,,,,,,,,,,,High,High,High,,,,,
61,2025-09-26,17:13:59.28,2,5,"Sohosky, Zac",1000224033,Left,MIA_RED,"Gonzalez Rivera, Ignacio",10124440,Right,MIA_RED,Undefined,2,Bottom,0,2,2,Fastball,Four-Seam,FoulBallNotFieldable,Undefined,Undefined,Undefined,0,0,,91.28987,-0.717279,1.977986,1737.825326,143.913363,10:45,5.90525,-1.04251,5.94069,-19.87048,13.44335,-9.06319,3.58359,0.03775,83.74089,-4.453003,0.350587,0.415416,79.26854,7.30109,171.326436,,,,,,44.36788,,,5.10122,7.38178,0.8895,50,5.83676,-4.17459,-132.5896,-2.29715,9.12972,26.92399,-18.96274,MIA_RED,MIA_RED,McKieFieldStad,TeamExclusive,Team,20250926-McKieFieldStad-Private-1,b860bdb0-9b1d-11f0-8518-fb35456db2e7,90.7341,9.05491,,7.54899,,,,2.14281,3.97574,-0.78728,5a5ec5e9-a7b1-4805-aded-74df8f95eae1,2025-09-26,21:13:59.28,2025-09-26T17:13:59.2890000-04:00,2025-09-26T21:13:59.2890000Z,,v3,471355,471355,,"Buffington, Matthew",825106,Right,MIA_RED,ac91ad17-07d7-4d59-b9fb-15f8f0a1e108,54.55464,-133.51128,13.46199,5.90428,-1.64801,-9.48137,1.03776,-4.48712,4.56486,222.995712,2.13262,-113.685,15.08031,,,,,,,3.97058,14.93679,-7.29262,,,,,,,-0.77511,17.01179,-11.44273,,,,,,,,,,,,,,,,,,,,,,,,,,,,,High,High,High,Medium,Undefined,,,
62,2025-09-26,17:14:30.32,2,6,"Sohosky, Zac",1000224033,Left,MIA_RED,"Gonzalez Rivera, Ignacio",10124440,Right,MIA_RED,Undefined,2,Bottom,0,2,2,Slider,Curveball,FoulBallNotFieldable,Undefined,Undefined,Undefined,0,0,,81.9151,0.583554,1.269641,1854.9328,345.1097,5:30,5.648,-1.38146,5.64815,-44.34317,-2.46772,0.9913,2.49718,-0.11444,75.43395,-7.524072,1.446944,0.465748,,,,,,,,,,,,-0.16059,-1.08087,1.27314,50,5.66892,-2.67687,-119.03151,-0.30512,-0.23084,22.44117,-33.72774,MIA_RED,MIA_RED,McKieFieldStad,TeamExclusive,Team,20250926-McKieFieldStad-Private-1,cb1b0d70-9b1d-11f0-8518-fb35456db2e7,80.92883,,,6.48115,,,,,,,5a5ec5e9-a7b1-4805-aded-74df8f95eae1,2025-09-26,21:14:30.32,2025-09-26T17:14:30.3270000-04:00,2025-09-26T21:14:30.3270000Z,,v3,471355,471355,,"Buffington, Matthew",825106,Right,MIA_RED,2d2ebf92-8d28-4c88-9326-4af6f3350e0e,54.85189,-119.94275,11.22058,5.65351,1.06443,-16.86387,1.38165,-2.6675,-0.11542,,,,,,,,,,,,,,,,,,,,,,,,,,,,,,,,,,,,,,,,,,,,,,,,,,,High,High,High,,,,,
63,2025-09-26,17:14:52.31,2,7,"Sohosky, Zac",1000224033,Left,MIA_RED,"Gonzalez Rivera, Ignacio",10124440,Right,MIA_RED,Undefined,2,Bottom,0,2,2,ChangeUp,Changeup,BallCalled,Undefined,Undefined,Undefined,0,0,,85.38292,-2.902299,0.523172,1799.96772,130.988494,10:15,5.73202,-1.11779,5.91668,-24.51867,14.07469,-14.68702,0.99295,-1.85617,77.8852,-7.483714,-2.117169,0.447124,,,,,,,,,,,,7.65713,8.47717,1.08406,50,5.48552,-0.53214,-123.82152,-7.02927,11.80086,26.41057,-19.10942,MIA_RED,MIA_RED,McKieFieldStad,TeamExclusive,Team,20250926-McKieFieldStad-Private-1,d81929d0-9b1d-11f0-8518-fb35456db2e7,84.29978,,,7.49772,,,,,,,5a5ec5e9-a7b1-4805-aded-74df8f95eae1,2025-09-26,21:14:52.31,2025-09-26T17:14:52.3130000-04:00,2025-09-26T21:14:52.3130000Z,,v3,471355,471355,,"Buffington, Matthew",825106,Right,MIA_RED,ab56c8f1-e2e2-44b7-ab7f-ced61fff8961,54.57959,-124.7945,13.20529,5.73151,-6.32527,-9.55471,1.11167,-0.96689,5.90043,,,,,,,,,,,,,,,,,,,,,,,,,,,,,,,,,,,,,,,,,,,,,,,,,,,High,High,High,,,,,
64,2025-09-26,17:15:10.61,2,8,"Sohosky, Zac",1000224033,Left,MIA_RED,"Gonzalez Rivera, Ignacio",10124440,Right,MIA_RED,Undefined,2,Bottom,0,3,2,ChangeUp,Changeup,StrikeCalled,Strikeout,Undefined,Undefined,0,0,,83.1858,-1.164349,3.594907,1611.551284,102.937122,9:30,5.70805,-1.05426,6.16645,-34.84061,5.22957,-17.18485,1.72692,0.83855,76.27682,-7.629922,0.496961,0.455598,,,,,,,,,,,,9.87193,3.43961,0.79001,50,5.60206,-6.92513,-120.69286,-3.5439,14.54624,23.71881,-27.10582,MIA_RED,MIA_RED,McKieFieldStad,TeamExclusive,Team,20250926-McKieFieldStad-Private-1,e3181ad0-9b1d-11f0-8518-fb35456db2e7,82.73176,,,6.90898,,,,,,,5a5ec5e9-a7b1-4805-aded-74df8f95eae1,2025-09-26,21:15:10.61,2025-09-26T17:15:10.6170000-04:00,2025-09-26T21:15:10.6170000Z,,v3,471355,471355,,"Buffington, Matthew",825106,Right,MIA_RED,b270daa5-b649-4995-abd4-90a36a669247,54.33208,-121.54123,11.8594,5.71148,-2.57439,-13.55291,1.04701,-7.44541,7.27312,,,,,,,,,,,,,,,,,,,,,,,,,,,,,,,,,,,,,,,,,,,,,,,,,,,High,High,High,,,,,
65,2025-09-26,17:15:41.64,3,1,"Sohosky, Zac",1000224033,Left,MIA_RED,"Vrlak, Jake",1000131822,Right,MIA_RED,Undefined,2,Bottom,1,0,0,Fastball,Four-Seam,FoulBallNotFieldable,Undefined,Undefined,Undefined,0,0,,92.41909,-1.938269,2.340062,1955.472703,137.736044,10:30,5.91676,-0.88463,5.94086,-18.47257,14.25457,-11.99178,2.57724,0.28793,84.38103,-5.42403,0.186922,0.411742,75.304,69.772926,58.612623,4318.40832,,,,136.42529,47.5774,82.377302,5.425303,6.84465,8.18815,0.70498,50,5.75179,-4.96641,-134.11954,-5.13137,12.44445,29.50557,-17.28699,MIA_RED,MIA_RED,McKieFieldStad,TeamExclusive,Team,20250926-McKieFieldStad-Private-1,f577c770-9b1d-11f0-8518-fb35456db2e7,91.54378,125.11745,,8.03807,,,,0.90976,2.24837,-0.7828,5a5ec5e9-a7b1-4805-aded-74df8f95eae1,2025-09-26,21:15:41.64,2025-09-26T17:15:41.6400000-04:00,2025-09-26T21:15:41.6400000Z,Popup,v3,471355,471355,,"Buffington, Matthew",825106,Right,MIA_RED,4a8dd38f-5dd3-40b2-ae9c-fbb63ea8204e,54.5575,-135.11845,14.75278,5.9156,-4.54613,-8.6435,0.88025,-5.38772,6.22222,,0.90102,19.97768,-11.12314,3.03768,-0.04418,-0.29922,0.10627,-0.01547,0.00083,2.25488,103.4807,-26.48395,2.0105,0.40644,-0.34667,0.09039,-0.01113,0.00054,-0.76922,32.34863,-1.37798,-1.14716,0.96488,-0.36041,0.07102,-0.00707,0.00028,,,,,,,,,,,,,,,,,,,,,,,High,High,High,Medium,Low,,,
66,2025-09-26,17:16:08.33,3,2,"Sohosky, Zac",1000224033,Left,MIA_RED,"Vrlak, Jake",1000131822,Right,MIA_RED,Undefined,2,Bottom,1,0,1,Fastball,Four-Seam,HitByPitch,Undefined,Undefined,Undefined,0,0,,91.60533,-1.654033,3.778802,1758.859123,145.297627,10:45,5.83784,-0.99025,5.92738,-20.01958,13.31304,-8.48745,2.63109,1.8137,83.79656,-5.412972,2.258973,0.415534,,,,,,,,,,,,5.46941,7.62119,0.69296,50,5.69405,-8.42182,-132.82487,-4.49342,9.77089,28.45111,-18.55905,MIA_RED,MIA_RED,McKieFieldStad,TeamExclusive,Team,20250926-McKieFieldStad-Private-1,055f4820-9b1e-11f0-8518-fb35456db2e7,90.70854,,,7.80878,,,,,,,5a5ec5e9-a7b1-4805-aded-74df8f95eae1,2025-09-26,21:16:08.33,2025-09-26T17:16:08.3350000-04:00,2025-09-26T21:16:08.3350000Z,,v3,471355,471355,,"Buffington, Matthew",825106,Right,MIA_RED,7837fed2-d672-4256-90a1-412d2a10be92,54.57237,-133.80068,14.22555,5.83725,-3.85688,-9.27952,0.98756,-8.75694,4.88545,,,,,,,,,,,,,,,,,,,,,,,,,,,,,,,,,,,,,,,,,,,,,,,,,,,High,High,High,,,,,
67,2025-09-26,17:16:42.53,4,1,"Sohosky, Zac",1000224033,Left,MIA_RED,"Raether, Carson",1000338521,Left,MIA_RED,Undefined,2,Bottom,1,0,0,ChangeUp,Changeup,BallCalled,Undefined,Undefined,Undefined,0,0,,82.36657,-0.205465,1.037288,1650.254423,129.45268,10:15,5.69551,-1.1728,6.16106,-28.96935,11.77351,-12.74158,3.09156,-1.27628,75.37796,-5.638317,-1.262046,0.459407,,,,,,,,,,,,6.85115,6.54583,1.1003,50,5.66513,-1.68154,-119.69806,-1.27871,9.92984,23.31983,-22.68671,MIA_RED,MIA_RED,McKieFieldStad,TeamExclusive,Team,20250926-McKieFieldStad-Private-1,19c217c0-9b1e-11f0-8518-fb35456db2e7,82.04592,,,6.98861,,,,,,,5a5ec5e9-a7b1-4805-aded-74df8f95eae1,2025-09-26,21:16:42.53,2025-09-26T17:16:42.5330000-04:00,2025-09-26T21:16:42.5330000Z,,v3,471355,471355,,"Buffington, Matthew",825106,Right,MIA_RED,432e533d-b700-49b6-a942-fcf7bb65a5c7,54.33572,-120.5398,11.65992,5.69651,-0.45983,-11.34335,1.16746,-2.03996,4.96492,,,,,,,,,,,,,,,,,,,,,,,,,,,,,,,,,,,,,,,,,,,,,,,,,,,High,High,High,,,,,
68,2025-09-26,17:17:00.05,4,2,"Sohosky, Zac",1000224033,Left,MIA_RED,"Raether, Carson",1000338521,Left,MIA_RED,Undefined,2,Bottom,1,1,0,Fastball,Four-Seam,FoulBallNotFieldable,Undefined,Undefined,Undefined,0,0,,92.34731,-1.233721,2.344548,1964.078865,139.371546,10:45,5.8145,-1.0847,5.92054,-18.07304,14.7595,-11.74205,3.16243,0.11367,84.1158,-4.655751,0.237516,0.412405,76.0533,26.243062,-156.451976,4277.811916,,,,,47.03839,,,6.70032,8.24233,0.90369,50,5.70546,-4.97694,-134.0243,-3.45812,12.14797,29.83978,-17.23031,MIA_RED,MIA_RED,McKieFieldStad,TeamExclusive,Team,20250926-McKieFieldStad-Private-1,243850c0-9b1e-11f0-8518-fb35456db2e7,91.39671,21.92635,,8.23151,,,,0.92087,3.12577,-0.09825,5a5ec5e9-a7b1-4805-aded-74df8f95eae1,2025-09-26,21:17:00.05,2025-09-26T17:17:00.0580000-04:00,2025-09-26T21:17:00.0580000Z,,v3,471355,471355,,"Buffington, Matthew",825106,Right,MIA_RED,4d5debc4-05a2-4d75-93c7-27cd340aa276,54.57704,-135.03951,14.91989,5.81314,-2.87191,-8.61515,1.08005,-5.39023,6.07398,,0.92087,-91.71595,6.84445,-1.6023,0.33171,-0.0764,0.02444,-0.01283,0.00508,3.12577,49.32283,-25.17179,2.90822,-0.58041,0.11459,-0.03157,0.01451,-0.00544,-0.09825,-39.97067,13.22305,-3.60083,0.8453,-0.2031,0.05439,-0.01816,0.00526,,,,,,,,,,,,,,,,,,,,,,,High,High,High,High,Undefined,,,
69,2025-09-26,17:17:57.85,4,3,"Sohosky, Zac",1000224033,Left,MIA_RED,"Raether, Carson",1000338521,Left,MIA_RED,Undefined,2,Bottom,1,1,1,Fastball,Four-Seam,FoulBallNotFieldable,Undefined,Undefined,Undefined,0,0,,91.89745,-1.572575,2.968797,1905.209818,143.507812,10:45,5.90337,-1.09379,5.97043,-16.53123,16.7678,-11.55465,3.06551,0.69814,83.26949,-4.732908,0.895224,0.415324,90.98311,33.014093,-62.492012,4427.018919,,,,,80.03843,,,6.83107,9.42095,0.865,50,5.76957,-6.40879,-133.22272,-4.14907,12.17353,30.87252,-15.3852,MIA_RED,MIA_RED,McKieFieldStad,TeamExclusive,Team,20250926-McKieFieldStad-Private-1,46b422a0-9b1e-11f0-8518-fb35456db2e7,90.75425,48.90955,,8.62795,,,,0.5074,3.08951,-0.6547,5a5ec5e9-a7b1-4805-aded-74df8f95eae1,2025-09-26,21:17:57.85,2025-09-26T17:17:57.8560000-04:00,2025-09-26T21:17:57.8560000Z,,v3,471355,471355,,"Buffington, Matthew",825106,Right,MIA_RED,99278a30-0083-42f3-a6b8-a72bf902f2b2,54.52632,-134.26753,15.43626,5.90118,-3.6284,-7.6926,1.08886,-6.82078,6.08677,,0.5074,51.68153,-14.69418,0.91056,0.10981,-0.12353,0.04227,-0.01076,0.00165,3.08951,72.70507,-22.89843,3.54274,-0.81642,0.19454,-0.04056,0.00773,-0.00092,-0.6547,-99.24552,16.8459,-4.59927,1.20734,-0.27652,0.05816,-0.01146,0.00135,,,,,,,,,,,,,,,,,,,,,,,High,High,High,Medium,Undefined,,,
70,2025-09-26,17:18:23.10,4,4,"Sohosky, Zac",1000224033,Left,MIA_RED,"Raether, Carson",1000338521,Left,MIA_RED,Undefined,2,Bottom,1,1,2,Fastball,Sinker,BallCalled,Undefined,Undefined,Undefined,0,0,,89.33852,-1.626969,4.877615,1823.18734,131.016414,10:15,5.78452,-0.93865,6.22213,-23.38954,11.37068,-11.79229,2.32832,2.59014,81.70791,-6.017059,2.758502,0.424339,,,,,,,,,,,,7.43158,6.68465,0.57861,50,5.65073,-10.55713,-129.36769,-4.41044,12.60226,26.82648,-20.83839,MIA_RED,MIA_RED,McKieFieldStad,TeamExclusive,Team,20250926-McKieFieldStad-Private-1,55b7d300-9b1e-11f0-8518-fb35456db2e7,88.82629,,,7.63061,,,,,,,5a5ec5e9-a7b1-4805-aded-74df8f95eae1,2025-09-26,21:18:23.10,2025-09-26T17:18:23.1050000-04:00,2025-09-26T21:18:23.1050000Z,,v3,471355,471355,,"Buffington, Matthew",825106,Right,MIA_RED,d35704a0-b8b9-4659-9652-ff5a03f1405e,54.27508,-130.25119,13.41324,5.78468,-3.72416,-10.41919,0.93313,-10.97217,6.30113,,,,,,,,,,,,,,,,,,,,,,,,,,,,,,,,,,,,,,,,,,,,,,,,,,,High,High,High,,,,,
71,2025-09-26,17:18:59.66,4,5,"Sohosky, Zac",1000224033,Left,MIA_RED,"Raether, Carson",1000338521,Left,MIA_RED,Undefined,2,Bottom,1,2,2,Slider,Curveball,BallCalled,Undefined,Undefined,Undefined,0,0,,82.11249,1.490366,0.774129,2021.523092,320.261906,4:45,5.62755,-1.35263,5.41776,-42.70786,-1.03791,1.81016,3.46509,-0.47658,76.08045,-6.285378,1.09629,0.464604,,,,,,,,,,,,-0.72264,-0.51843,1.28259,50,5.72999,-1.68682,-119.35868,1.58219,-1.05539,20.30352,-32.93122,MIA_RED,MIA_RED,McKieFieldStad,TeamExclusive,Team,20250926-McKieFieldStad-Private-1,6b81fad0-9b1e-11f0-8518-fb35456db2e7,81.12809,,,6.03204,,,,,,,5a5ec5e9-a7b1-4805-aded-74df8f95eae1,2025-09-26,21:18:59.66,2025-09-26T17:18:59.6660000-04:00,2025-09-26T21:18:59.6660000Z,,v3,471355,471355,,"Buffington, Matthew",825106,Right,MIA_RED,2f7e0a13-0fd1-4679-b72e-60e3fc6e8885,55.08201,-120.22005,10.15176,5.63323,2.97928,-16.46561,1.3532,-1.64204,-0.52769,,,,,,,,,,,,,,,,,,,,,,,,,,,,,,,,,,,,,,,,,,,,,,,,,,,High,High,High,,,,,
72,2025-09-26,17:19:24.08,4,6,"Sohosky, Zac",1000224033,Left,MIA_RED,"Raether, Carson",1000338521,Left,MIA_RED,Undefined,2,Bottom,1,3,2,Slider,Slider,BallCalled,Walk,Undefined,Undefined,0,0,,82.18476,1.823417,1.174766,1976.192041,295.810184,3:45,5.54721,-1.42544,5.79458,-42.28593,-0.64291,4.07319,3.72039,0.00687,75.01832,-5.968811,1.904331,0.464454,,,,,,,,,,,,-1.72736,-0.41406,1.32643,50,5.67215,-2.60967,-119.29504,2.37078,-2.48059,23.69661,-32.76866,MIA_RED,MIA_RED,McKieFieldStad,TeamExclusive,Team,20250926-McKieFieldStad-Private-1,7a27acb0-9b1e-11f0-8518-fb35456db2e7,81.15434,,,7.16644,,,,,,,5a5ec5e9-a7b1-4805-aded-74df8f95eae1,2025-09-26,21:19:24.08,2025-09-26T17:19:24.0810000-04:00,2025-09-26T21:19:24.0810000Z,,v3,471355,471355,,"Buffington, Matthew",825106,Right,MIA_RED,ad645e39-3bc6-40d7-bb6d-fd9a6197fdf9,54.70279,-120.22556,11.8483,5.55378,3.65755,-16.38433,1.42699,-2.51226,-1.2403,,,,,,,,,,,,,,,,,,,,,,,,,,,,,,,,,,,,,,,,,,,,,,,,,,,High,High,High,,,,,
73,2025-09-26,17:19:54.24,5,1,"Sohosky, Zac",1000224033,Left,MIA_RED,"Christiansen, Hayden",830132,Right,MIA_RED,Undefined,2,Bottom,1,0,0,Fastball,Sinker,StrikeCalled,Undefined,Undefined,Undefined,0,0,,92.04473,-0.991377,1.229251,1694.449457,133.608146,10:30,5.83638,-1.10988,6.03593,-20.38115,12.22135,-11.80694,3.21968,-0.95539,84.57722,-4.817403,-0.896191,0.410957,,,,,,,,,,,,6.38351,6.85559,1.02015,50,5.74791,-2.36433,-133.79776,-2.97603,11.63277,27.44162,-19.68098,MIA_RED,MIA_RED,McKieFieldStad,TeamExclusive,Team,20250926-McKieFieldStad-Private-1,8c19ca70-9b1e-11f0-8518-fb35456db2e7,91.71862,,,7.46751,,,,,,,5a5ec5e9-a7b1-4805-aded-74df8f95eae1,2025-09-26,21:19:54.24,2025-09-26T17:19:54.2400000-04:00,2025-09-26T21:19:54.2400000Z,,v3,471355,471355,,"Buffington, Matthew",825106,Right,MIA_RED,564b2be1-2f23-4468-a049-1be7420de940,54.46195,-134.70978,13.72081,5.83595,-2.32193,-9.84049,1.10516,-2.75094,5.81638,,,,,,,,,,,,,,,,,,,,,,,,,,,,,,,,,,,,,,,,,,,,,,,,,,,High,High,High,,,,,
74,2025-09-26,17:20:09.46,5,2,"Sohosky, Zac",1000224033,Left,MIA_RED,"Christiansen, Hayden",830132,Right,MIA_RED,Undefined,2,Bottom,1,0,1,Fastball,Four-Seam,StrikeSwinging,Undefined,Undefined,Undefined,0,0,,93.26565,-1.015513,1.291671,1790.153171,125.30555,10:15,5.84538,-1.19546,5.91056,-19.53844,12.35847,-16.10918,3.2743,-1.33884,85.71052,-4.677748,-1.601308,0.406486,,,,,,,,,,,,8.56422,6.8926,1.10086,50,5.7527,-2.34345,-135.56285,-3.05562,16.026,28.08646,-19.27613,MIA_RED,MIA_RED,McKieFieldStad,TeamExclusive,Team,20250926-McKieFieldStad-Private-1,9512b240-9b1e-11f0-8518-fb35456db2e7,92.72755,,,7.55513,,,,,,,5a5ec5e9-a7b1-4805-aded-74df8f95eae1,2025-09-26,21:20:09.46,2025-09-26T17:20:09.4620000-04:00,2025-09-26T21:20:09.4620000Z,,v3,471355,471355,,"Buffington, Matthew",825106,Right,MIA_RED,ba5707ec-8b2d-4ff6-9f18-b43bfec2eed3,54.58783,-136.51006,14.04323,5.84479,-2.40553,-9.63806,1.189,-2.88393,8.013,,,,,,,,,,,,,,,,,,,,,,,,,,,,,,,,,,,,,,,,,,,,,,,,,,,High,High,High,,,,,
75,2025-09-26,17:20:24.91,5,3,"Sohosky, Zac",1000224033,Left,MIA_RED,"Christiansen, Hayden",830132,Right,MIA_RED,Undefined,2,Bottom,1,0,2,Sinker,Sinker,BallCalled,Undefined,Undefined,Undefined,0,0,,92.56853,-2.347541,1.259362,1827.114781,120.144129,10:00,5.90296,-1.04438,6.07244,-21.92615,10.31249,-16.08816,1.90183,-1.21957,85.22887,-6.43633,-1.640528,0.408658,,,,,,,,,,,,8.62311,6.24481,0.95527,50,5.70944,-2.27165,-134.49477,-6.24391,15.86833,27.89857,-20.68229,MIA_RED,MIA_RED,McKieFieldStad,TeamExclusive,Team,20250926-McKieFieldStad-Private-1,9e694a70-9b1e-11f0-8518-fb35456db2e7,92.23478,,,7.33966,,,,,,,5a5ec5e9-a7b1-4805-aded-74df8f95eae1,2025-09-26,21:20:24.91,2025-09-26T17:20:24.9170000-04:00,2025-09-26T21:20:24.9170000Z,,v3,471355,471355,,"Buffington, Matthew",825106,Right,MIA_RED,60f48dd9-6cf6-411f-bc47-8f27cdc1e19a,54.42646,-135.40985,13.94928,5.90312,-5.56553,-10.34114,1.03832,-2.79213,7.93416,,,,,,,,,,,,,,,,,,,,,,,,,,,,,,,,,,,,,,,,,,,,,,,,,,,High,High,High,,,,,
76,2025-09-26,17:20:47.15,5,4,"Sohosky, Zac",1000224033,Left,MIA_RED,"Christiansen, Hayden",830132,Right,MIA_RED,Undefined,2,Bottom,1,1,2,Sinker,Four-Seam,BallCalled,Undefined,Undefined,Undefined,0,0,,93.90287,-0.316945,1.086502,1736.622531,127.620671,10:15,6.01916,-0.92413,5.77006,-18.69332,12.94497,-15.57351,4.16638,-1.21072,86.17349,-3.823176,-1.702493,0.404835,,,,,,,,,,,,8.19422,6.9693,0.84367,50,5.98164,-1.88052,-136.47897,-1.39058,15.53577,28.57366,-18.96066,MIA_RED,MIA_RED,McKieFieldStad,TeamExclusive,Team,20250926-McKieFieldStad-Private-1,ab863970-9b1e-11f0-8518-fb35456db2e7,93.10575,,,7.72938,,,,,,,5a5ec5e9-a7b1-4805-aded-74df8f95eae1,2025-09-26,21:20:47.15,2025-09-26T17:20:47.1540000-04:00,2025-09-26T21:20:47.1540000Z,,v3,471355,471355,,"Buffington, Matthew",825106,Right,MIA_RED,587ff53e-9f6a-4e16-b7a6-35135aa44132,54.72808,-137.46529,14.28683,6.01835,-0.73609,-9.48033,0.91784,-2.4168,7.76789,,,,,,,,,,,,,,,,,,,,,,,,,,,,,,,,,,,,,,,,,,,,,,,,,,,High,High,High,,,,,
77,2025-09-26,17:21:04.10,5,5,"Sohosky, Zac",1000224033,Left,MIA_RED,"Christiansen, Hayden",830132,Right,MIA_RED,Undefined,2,Bottom,1,2,2,Fastball,Four-Seam,StrikeCalled,Strikeout,Undefined,Undefined,0,3,,92.88507,-2.352751,3.346801,1763.367034,139.76906,10:45,5.89356,-1.06612,6.15702,-18.36473,13.48103,-10.62308,2.18467,1.14405,85.74992,-5.804014,1.434258,0.40616,,,,,,,,,,,,6.30323,7.84638,0.81698,50,5.70497,-7.43263,-134.81241,-6.12242,11.72356,26.38657,-17.58037,MIA_RED,MIA_RED,McKieFieldStad,TeamExclusive,Team,20250926-McKieFieldStad-Private-1,b5937770-9b1e-11f0-8518-fb35456db2e7,92.80195,,,7.13515,,,,,,,5a5ec5e9-a7b1-4805-aded-74df8f95eae1,2025-09-26,21:21:04.10,2025-09-26T17:21:04.1000000-04:00,2025-09-26T21:21:04.1000000Z,,v3,471355,471355,,"Buffington, Matthew",825106,Right,MIA_RED,a57a9de6-6196-46b2-9587-b7ffbdbc9bc7,54.34126,-135.65946,13.19329,5.89245,-5.55806,-8.79018,1.06162,-7.80898,5.86178,,,,,,,,,,,,,,,,,,,,,,,,,,,,,,,,,,,,,,,,,,,,,,,,,,,High,High,High,,,,,
78,2025-09-26,17:25:34.94,1,1,"Geiser, Jack",1000362743,Right,MIA_RED,"Roa Calcano, Christopher",1000375139,Left,MIA_RED,Undefined,3,Top,0,0,0,Sinker,Sinker,StrikeSwinging,Undefined,Undefined,Undefined,0,0,,90.72744,-2.063304,-3.005597,1872.310078,243.083565,2:00,5.8311,1.47501,5.17374,-26.18328,8.71497,14.9978,1.70407,-0.10604,83.20336,-6.856689,-0.350733,0.42518,,,,,,,,,,,,-8.30193,5.23713,-1.20701,50,5.61895,6.20508,-131.47642,-5.75126,-14.56499,27.27556,-22.98597,MIA_RED,MIA_RED,McKieFieldStad,TeamExclusive,Team,20250926-McKieFieldStad-Private-1,572a8060-9b1f-11f0-8518-fb35456db2e7,88.65048,,,7.52408,,,,,,,5a5ec5e9-a7b1-4805-aded-74df8f95eae1,2025-09-26,21:25:34.94,2025-09-26T17:25:34.9490000-04:00,2025-09-26T21:25:34.9490000Z,,v3,471355,471355,,"Raether, Carson",1000338521,Right,MIA_RED,1c65bc20-f092-45fa-b74b-7ce84eaa6205,55.32466,-132.57645,13.63778,5.83221,-4.82423,-11.49299,-1.46911,6.79248,-7.2825,,,,,,,,,,,,,,,,,,,,,,,,,,,,,,,,,,,,,,,,,,,,,,,,,,,High,High,High,,,,,
79,2025-09-26,17:25:58.53,1,2,"Geiser, Jack",1000362743,Right,MIA_RED,"Roa Calcano, Christopher",1000375139,Left,MIA_RED,Undefined,3,Top,0,0,1,Sinker,Sinker,InPlay,Undefined,GroundBall,Out,1,0,,92.78177,-1.997275,-2.595831,1893.57417,241.211573,2:00,5.80555,1.21377,5.36694,-24.59013,8.40658,13.47631,1.88099,-0.09879,85.33942,-6.512514,-0.200978,0.413435,87.64356,-8.293997,14.181179,,,,,13.82784,9.09675,13.97368,0.09635,-7.50654,5.04469,-0.99091,50,5.60873,5.48708,-134.60463,-5.63775,-13.84211,27.82606,-22.87163,MIA_RED,MIA_RED,McKieFieldStad,TeamExclusive,Team,20250926-McKieFieldStad-Private-1,652f1040-9b1f-11f0-8518-fb35456db2e7,91.16905,1.78908,,7.44235,,,,1.5199,1.78908,0.33241,5a5ec5e9-a7b1-4805-aded-74df8f95eae1,2025-09-26,21:25:58.53,2025-09-26T17:25:58.5330000-04:00,2025-09-26T21:25:58.5330000Z,GroundBall,v3,471355,471355,,"Raether, Carson",1000338521,Right,MIA_RED,392754ce-02da-42db-96c6-c5f6f836349d,55.13274,-135.66155,13.91303,5.80637,-4.76902,-11.43582,-1.20931,6.01284,-6.92106,180,1.51723,123.49462,,,,,,,,1.78948,-18.56856,,,,,,,,0.33174,31.20579,,,,,,,,,,,,,,,,,,,,,,,,,,,,,,High,High,High,Medium,Medium,,,
80,2025-09-26,17:26:37.27,2,1,"Geiser, Jack",1000362743,Right,MIA_RED,"Phillips, Drew",1000194003,Right,MIA_RED,Undefined,3,Top,1,0,0,Fastball,Four-Seam,BallCalled,Undefined,Undefined,Undefined,0,0,,95.65617,-1.64742,-3.335273,2160.181491,215.689044,1:15,6.09642,0.73971,5.4607,-16.33261,14.55017,9.79201,3.19035,-1.5696,87.95374,-4.70067,-1.595812,0.399972,,,,,,,,,,,,-5.77406,8.03103,-0.45258,50,5.94003,7.6185,-138.72919,-4.57555,-11.34927,28.54188,-16.38862,MIA_RED,MIA_RED,McKieFieldStad,TeamExclusive,Team,20250926-McKieFieldStad-Private-1,7c56a530-9b1f-11f0-8518-fb35456db2e7,94.23771,,,7.70243,,,,,,,5a5ec5e9-a7b1-4805-aded-74df8f95eae1,2025-09-26,21:26:37.27,2025-09-26T17:26:37.2700000-04:00,2025-09-26T21:26:37.2700000Z,,v3,471355,471355,,"Raether, Carson",1000338521,Right,MIA_RED,a731392f-1598-42b5-9646-b2422fa2d3e8,55.03743,-139.76174,14.27094,6.09484,-3.98267,-8.19431,-0.73562,8.02908,-5.67464,,,,,,,,,,,,,,,,,,,,,,,,,,,,,,,,,,,,,,,,,,,,,,,,,,,High,High,High,,,,,
81,2025-09-26,17:26:59.85,2,2,"Geiser, Jack",1000362743,Right,MIA_RED,"Phillips, Drew",1000194003,Right,MIA_RED,Undefined,3,Top,1,1,0,Fastball,Four-Seam,BallCalled,Undefined,Undefined,Undefined,0,0,,93.94608,-3.733077,-3.426933,2091.827495,220.756154,1:15,5.98248,0.84022,5.54055,-18.62308,13.40965,10.7243,0.93043,-1.47272,86.62005,-7.182909,-1.51801,0.407351,,,,,,,,,,,,-6.29284,8.03024,-0.55019,50,5.64566,7.65248,-136.02681,-9.55299,-11.89049,27.47021,-17.00065,MIA_RED,MIA_RED,McKieFieldStad,TeamExclusive,Team,20250926-McKieFieldStad-Private-1,89cefaa0-9b1f-11f0-8518-fb35456db2e7,92.53071,,,7.32603,,,,,,,5a5ec5e9-a7b1-4805-aded-74df8f95eae1,2025-09-26,21:26:59.85,2025-09-26T17:26:59.8530000-04:00,2025-09-26T21:26:59.8530000Z,,v3,471355,471355,,"Raether, Carson",1000338521,Right,MIA_RED,fc18f85a-8e37-49f8-a7f6-08f28c49fa05,54.95793,-137.02439,13.73511,5.98137,-8.93561,-8.50033,-0.83593,8.08429,-5.94524,,,,,,,,,,,,,,,,,,,,,,,,,,,,,,,,,,,,,,,,,,,,,,,,,,,High,High,High,,,,,
82,2025-09-26,17:27:22.79,2,3,"Geiser, Jack",1000362743,Right,MIA_RED,"Phillips, Drew",1000194003,Right,MIA_RED,Undefined,3,Top,1,2,0,Fastball,Four-Seam,StrikeSwinging,Undefined,Undefined,Undefined,0,0,,93.71683,-1.124442,-2.609759,2187.750153,211.526699,1:00,5.95536,1.17688,5.5304,-17.94001,14.02552,8.03989,3.40804,-0.59435,86.39149,-4.470009,-1.178295,0.406923,,,,,,,,,,,,-4.70453,7.65189,-0.95558,50,5.84573,5.83149,-136.07627,-3.30345,-8.91657,26.83101,-17.67131,MIA_RED,MIA_RED,McKieFieldStad,TeamExclusive,Team,20250926-McKieFieldStad-Private-1,976fbfa0-9b1f-11f0-8518-fb35456db2e7,92.62788,,,7.32535,,,,,,,5a5ec5e9-a7b1-4805-aded-74df8f95eae1,2025-09-26,21:27:22.79,2025-09-26T17:27:22.7930000-04:00,2025-09-26T21:27:22.7930000Z,,v3,471355,471355,,"Raether, Carson",1000338521,Right,MIA_RED,0684d2d8-038e-4bab-9985-509875563a4f,54.96784,-137.05231,13.41551,5.9542,-2.66062,-8.83565,-1.17362,6.15585,-4.45828,,,,,,,,,,,,,,,,,,,,,,,,,,,,,,,,,,,,,,,,,,,,,,,,,,,High,High,High,,,,,
83,2025-09-26,17:27:43.45,2,4,"Geiser, Jack",1000362743,Right,MIA_RED,"Phillips, Drew",1000194003,Right,MIA_RED,Undefined,3,Top,1,2,1,Fastball,Four-Seam,StrikeSwinging,Undefined,Undefined,Undefined,0,0,,95.1629,-2.56229,-1.956268,2043.933866,218.107321,1:15,6.16876,0.74746,5.22226,-17.79084,13.69532,9.99918,2.27424,-0.25918,87.57049,-5.856184,-0.1841,0.40386,,,,,,,,,,,,-5.49516,7.79044,-0.57477,50,5.91913,4.22881,-138.02679,-6.84829,-10.68191,28.52664,-17.03044,MIA_RED,MIA_RED,McKieFieldStad,TeamExclusive,Team,20250926-McKieFieldStad-Private-1,a3972b10-9b1f-11f0-8518-fb35456db2e7,93.33036,,,7.59241,,,,,,,5a5ec5e9-a7b1-4805-aded-74df8f95eae1,2025-09-26,21:27:43.45,2025-09-26T17:27:43.4550000-04:00,2025-09-26T21:27:43.4550000Z,,v3,471355,471355,,"Raether, Carson",1000338521,Right,MIA_RED,bab58a73-56df-4ac5-8c1b-ab40b1249b69,55.27583,-139.1129,14.26332,6.16752,-6.19989,-8.51522,-0.74352,4.6355,-5.34095,,,,,,,,,,,,,,,,,,,,,,,,,,,,,,,,,,,,,,,,,,,,,,,,,,,High,High,High,,,,,
84,2025-09-26,17:28:05.68,2,5,"Geiser, Jack",1000362743,Right,MIA_RED,"Phillips, Drew",1000194003,Right,MIA_RED,Undefined,3,Top,1,2,2,Fastball,Four-Seam,StrikeCalled,Strikeout,Undefined,Undefined,0,0,,94.94179,-2.655887,-2.933039,2061.969308,218.716118,1:15,6.09028,0.72603,5.53345,-17.23343,14.0095,10.49127,2.16661,-1.14366,87.52144,-5.86517,-1.065021,0.402297,,,,,,,,,,,,-6.0467,8.03733,-0.47848,50,5.84795,6.56839,-137.69646,-7.00623,-11.72028,27.83614,-16.59538,MIA_RED,MIA_RED,McKieFieldStad,TeamExclusive,Team,20250926-McKieFieldStad-Private-1,b11266b0-9b1f-11f0-8518-fb35456db2e7,93.69297,,,7.42035,,,,,,,5a5ec5e9-a7b1-4805-aded-74df8f95eae1,2025-09-26,21:28:05.68,2025-09-26T17:28:05.6850000-04:00,2025-09-26T21:28:05.6850000Z,,v3,471355,471355,,"Raether, Carson",1000338521,Right,MIA_RED,8fc09b43-b792-4480-b4d9-c79f91d385a6,54.96535,-138.6966,13.91807,6.08897,-6.40996,-8.29769,-0.72204,6.9895,-5.86014,,,,,,,,,,,,,,,,,,,,,,,,,,,,,,,,,,,,,,,,,,,,,,,,,,,High,High,High,,,,,
85,2025-09-26,17:28:44.55,3,1,"Geiser, Jack",1000362743,Right,MIA_RED,"Appelwick, Evan",695485,Right,MIA_RED,Undefined,3,Top,2,0,0,Curveball,Slider,BallCalled,Undefined,Undefined,Undefined,0,0,,79.7001,0.525056,-1.368791,2220.852157,80.918399,8:45,6.07076,0.95267,5.18225,-45.90349,-0.67398,-13.04942,2.73963,-1.42285,73.20705,-7.803341,-3.681192,0.484041,,,,,,,,,,,,6.11559,-0.04858,-0.81519,50,6.0847,3.30006,-115.6643,-0.57443,8.26719,21.99869,-32.23972,MIA_RED,MIA_RED,McKieFieldStad,TeamExclusive,Team,20250926-McKieFieldStad-Private-1,c8249ee0-9b1f-11f0-8518-fb35456db2e7,77.87031,,,6.49305,,,,,,,5a5ec5e9-a7b1-4805-aded-74df8f95eae1,2025-09-26,21:28:44.55,2025-09-26T17:28:44.5540000-04:00,2025-09-26T21:28:44.5540000Z,,v3,471355,471355,,"Raether, Carson",1000338521,Right,MIA_RED,3ca03ceb-7299-44cf-be12-668b9f27788b,55.31646,-116.67108,10.99935,6.07722,0.90104,-16.11986,-0.95756,2.92171,4.1336,,,,,,,,,,,,,,,,,,,,,,,,,,,,,,,,,,,,,,,,,,,,,,,,,,,High,High,High,,,,,
86,2025-09-26,17:29:04.11,3,2,"Geiser, Jack",1000362743,Right,MIA_RED,"Appelwick, Evan",695485,Right,MIA_RED,Undefined,3,Top,2,1,0,Fastball,Four-Seam,InPlay,Undefined,LineDrive,Out,1,0,,94.28093,-2.975113,-2.087458,2067.458585,213.73802,1:00,5.983,0.8556,5.39611,-17.11757,14.61206,9.15418,1.76414,-0.33861,87.22993,-6.14875,-0.460054,0.405419,88.48866,21.943898,-4.627759,1326.337324,109.61882,37.17712,-9.14957,332.3646,321.40748,-5.466672,3.849161,-5.14957,8.37256,-0.67615,50,5.70542,4.56677,-136.81918,-7.73381,-9.88341,26.64696,-16.10486,MIA_RED,MIA_RED,McKieFieldStad,TeamExclusive,Team,20250926-McKieFieldStad-Private-1,d3cf1220-9b1f-11f0-8518-fb35456db2e7,92.97158,45.92839,,7.051,,,,1.39313,1.80684,0.32713,5a5ec5e9-a7b1-4805-aded-74df8f95eae1,2025-09-26,21:29:04.11,2025-09-26T17:29:04.1190000-04:00,2025-09-26T21:29:04.1190000Z,LineDrive,v3,471355,471355,,"Raether, Carson",1000338521,Right,MIA_RED,d95f85ad-a344-4464-853a-273b2a94c6cf,55.10381,-137.80961,13.32348,5.98176,-7.13522,-8.05243,-0.85272,4.93412,-4.9417,174.073371,1.39251,120.00708,-16.86674,3.88092,-0.99555,0.30062,-0.07798,0.01216,-0.00079,1.80766,48.47488,-13.71668,-0.04596,0.37462,-0.22147,0.0707,-0.01132,0.00071,0.32721,-9.7149,0.43391,-0.01376,0.01128,-0.01411,0.00587,-0.00107,7E-05,,,,,,,,,,,,,,,,,,,,,,,High,High,High,High,High,,,
87,2025-09-26,17:32:10.58,1,1,"Burke, Clayton",1000266653,Right,MIA_RED,"Harrison, Tommy",811731,Left,MIA_RED,Undefined,3,Bottom,0,0,0,Fastball,Sinker,InPlay,Undefined,Bunt,Undefined,0,0,,91.18178,-0.195294,-2.723016,2133.05149,242.660288,2:00,5.0668,1.18611,5.66839,-23.55871,10.30193,17.87631,2.92128,0.13504,83.35562,-4.580814,0.469409,0.418812,,,,,,,,,,,,-9.89213,5.59847,-0.96785,50,5.03547,5.51693,-132.3672,-1.27821,-17.56669,28.0099,-22.23213,MIA_RED,MIA_RED,McKieFieldStad,TeamExclusive,Team,20250926-McKieFieldStad-Private-1,4301de20-9b20-11f0-8518-fb35456db2e7,89.99853,,,7.82616,,,,,,,5a5ec5e9-a7b1-4805-aded-74df8f95eae1,2025-09-26,21:32:10.58,2025-09-26T17:32:10.5820000-04:00,2025-09-26T21:32:10.5820000Z,,v3,471355,471355,,"Buffington, Matthew",825106,Right,MIA_RED,234bd12d-0d44-4b71-8294-4ae8457ef97d,54.83126,-133.38561,14.00495,5.06724,-0.46987,-11.11606,-1.18005,6.15564,-8.78335,,,,,,,,,,,,,,,,,,,,,,,,,,,,,,,,,,,,,,,,,,,,,,,,,,,High,High,High,,,,,
88,2025-09-26,17:33:00.76,2,1,"Burke, Clayton",1000266653,Right,MIA_RED,"Harrison, Tommy",811731,Left,MIA_RED,Undefined,3,Bottom,0,0,0,Fastball,Sinker,FoulBallNotFieldable,Undefined,Undefined,Undefined,0,0,,93.02197,-0.288279,-2.003769,2114.032175,227.626703,1:30,5.02151,1.23549,5.70913,-17.51233,14.80107,15.1695,3.29341,0.63203,85.35377,-3.58365,0.708225,0.409131,,,,,,,,,,,,-8.27886,7.90874,-1.07743,50,4.98658,4.05709,-135.15883,-1.26294,-15.40231,27.8741,-17.46027,MIA_RED,MIA_RED,McKieFieldStad,TeamExclusive,Team,20250926-McKieFieldStad-Private-1,60ded380-9b20-11f0-8518-fb35456db2e7,92.12793,,,7.6682,,,,,,,5a5ec5e9-a7b1-4805-aded-74df8f95eae1,2025-09-26,21:33:00.76,2025-09-26T17:33:00.7640000-04:00,2025-09-26T21:33:00.7640000Z,,v3,471355,471355,,"Buffington, Matthew",825106,Right,MIA_RED,4c87a4ba-3011-4e17-b660-36f4d3708f45,54.79027,-136.14316,13.93705,5.0203,-0.64636,-8.73013,-1.23031,4.60099,-7.70115,,,,,,,,,,,,,,,,,,,,,,,,,,,,,,,,,,,,,,,,,,,,,,,,,,,High,High,High,,,,,
89,2025-09-26,17:33:23.08,2,2,"Burke, Clayton",1000266653,Right,MIA_RED,"Harrison, Tommy",811731,Left,MIA_RED,Undefined,3,Bottom,0,0,1,Fastball,Sinker,StrikeSwinging,Undefined,Undefined,Undefined,0,0,,92.72741,-0.370326,-1.759836,2341.763146,233.43866,1:45,5.09211,1.01482,5.47795,-19.02651,14.18028,17.61399,3.15989,0.83547,84.09177,-3.947993,1.376467,0.414749,,,,,,,,,,,,-9.35052,7.57587,-0.87249,50,5.04696,3.30238,-134.50224,-1.52485,-17.01615,30.96958,-18.38746,MIA_RED,MIA_RED,McKieFieldStad,TeamExclusive,Team,20250926-McKieFieldStad-Private-1,6e38a470-9b20-11f0-8518-fb35456db2e7,90.88021,,,8.63564,,,,,,,5a5ec5e9-a7b1-4805-aded-74df8f95eae1,2025-09-26,21:33:23.08,2025-09-26T17:33:23.0820000-04:00,2025-09-26T21:33:23.0820000Z,,v3,471355,471355,,"Buffington, Matthew",825106,Right,MIA_RED,e9013868-bafe-458f-a9fb-44e23dc375e1,55.01852,-135.65285,15.48479,5.09092,-0.8417,-9.19373,-1.00692,3.93458,-8.50808,,,,,,,,,,,,,,,,,,,,,,,,,,,,,,,,,,,,,,,,,,,,,,,,,,,High,High,High,,,,,
90,2025-09-26,17:33:46.75,2,3,"Burke, Clayton",1000266653,Right,MIA_RED,"Harrison, Tommy",811731,Left,MIA_RED,Undefined,3,Bottom,0,0,2,Fastball,Sinker,InPlay,Undefined,GroundBall,Out,1,0,,93.62059,-1.008735,-1.03879,2348.877925,234.263955,1:45,5.08839,0.96789,5.62485,-18.14221,14.27072,18.31001,2.63502,1.5243,84.93458,-4.429838,2.231733,0.409761,92.48218,-44.282993,-56.894837,,,,,4.06156,4.06156,-67.488719,0.026707,-9.5963,7.86016,-0.89143,50,4.99105,1.62018,-135.86038,-3.00407,-17.78955,32.03616,-17.60288,MIA_RED,MIA_RED,McKieFieldStad,TeamExclusive,Team,20250926-McKieFieldStad-Private-1,7c4b6520-9b20-11f0-8518-fb35456db2e7,91.98643,2.53461,,8.686,,,,0.13559,2.53461,-1.5751,5a5ec5e9-a7b1-4805-aded-74df8f95eae1,2025-09-26,21:33:46.75,2025-09-26T17:33:46.7500000-04:00,2025-09-26T21:33:46.7500000Z,GroundBall,v3,471355,471355,,"Buffington, Matthew",825106,Right,MIA_RED,f3b090dc-b7dd-42b7-bedb-1fed1ade093d,54.87264,-137.00454,16.01808,5.08711,-2.37539,-8.80144,-0.96064,2.25553,-8.89478,,0.13511,53.14869,,,,,,,,2.53548,-94.90476,,,,,,,,-1.57436,-81.51386,,,,,,,,,,,,,,,,,,,,,,,,,,,,,,High,High,High,Estimated,Estimated,,,
91,2025-09-26,17:34:26.92,3,1,"Burke, Clayton",1000266653,Right,MIA_RED,"Cruz, Diego",1000178634,Left,MIA_RED,Undefined,3,Bottom,1,0,0,ChangeUp,Changeup,BallCalled,Undefined,Undefined,Undefined,0,0,,79.72384,2.939948,-0.156172,1812.752201,263.518416,2:45,4.57551,1.41827,5.43142,-41.58065,3.66339,18.72859,3.86615,2.83273,72.11243,-4.722088,3.173211,0.484119,,,,,,,,,,,,-9.37308,1.43366,-1.41747,50,4.80777,-0.45911,-115.49916,4.52254,-12.5279,23.62849,-30.25784,MIA_RED,MIA_RED,McKieFieldStad,TeamExclusive,Team,20250926-McKieFieldStad-Private-1,944e3ee0-9b20-11f0-8518-fb35456db2e7,77.8578,,,7.61141,,,,,,,5a5ec5e9-a7b1-4805-aded-74df8f95eae1,2025-09-26,21:34:26.92,2025-09-26T17:34:26.9200000-04:00,2025-09-26T21:34:26.9200000Z,,v3,471355,471355,,"Buffington, Matthew",825106,Right,MIA_RED,04eb2061-4a95-40a3-8fa0-3fd3c1491aeb,55.06481,-116.5307,11.81425,4.5815,5.84349,-15.12892,-1.40936,0.08782,-6.26395,,,,,,,,,,,,,,,,,,,,,,,,,,,,,,,,,,,,,,,,,,,,,,,,,,,High,High,High,,,,,
92,2025-09-26,17:34:42.53,3,2,"Burke, Clayton",1000266653,Right,MIA_RED,"Cruz, Diego",1000178634,Left,MIA_RED,Undefined,3,Bottom,1,1,0,Fastball,Sinker,BallCalled,Undefined,Undefined,Undefined,0,0,,92.16537,-0.279863,-1.293114,2175.032022,243.087505,2:00,4.9917,1.09708,5.87636,-23.00974,10.11701,17.73277,2.81424,1.37364,83.61864,-4.595586,1.889351,0.414248,,,,,,,,,,,,-9.43103,5.59166,-1.00272,50,4.95589,2.2327,-133.80189,-1.43733,-16.95338,31.13631,-22.12241,MIA_RED,MIA_RED,McKieFieldStad,TeamExclusive,Team,20250926-McKieFieldStad-Private-1,9d856830-9b20-11f0-8518-fb35456db2e7,90.98995,,,8.54673,,,,,,,5a5ec5e9-a7b1-4805-aded-74df8f95eae1,2025-09-26,21:34:42.53,2025-09-26T17:34:42.5330000-04:00,2025-09-26T21:34:42.5330000Z,,v3,471355,471355,,"Buffington, Matthew",825106,Right,MIA_RED,df7c0187-8a63-40ca-8b22-ce00cd290b70,54.6207,-134.87287,15.56815,4.99224,-0.6764,-11.0612,-1.08955,2.81583,-8.47669,,,,,,,,,,,,,,,,,,,,,,,,,,,,,,,,,,,,,,,,,,,,,,,,,,,High,High,High,,,,,
93,2025-09-26,17:35:00.37,3,3,"Burke, Clayton",1000266653,Right,MIA_RED,"Cruz, Diego",1000178634,Left,MIA_RED,Undefined,3,Bottom,1,2,0,Fastball,Four-Seam,InPlay,Undefined,GroundBall,Error,0,0,,92.39384,-0.835223,-1.261843,2236.821077,218.395108,1:15,4.97593,1.09313,5.63068,-18.8545,14.34552,10.49445,2.62519,0.79015,83.97191,-4.386063,0.612618,0.414706,87.64069,9.95717,13.714773,876.637148,,,,136.90723,136.06199,15.299839,1.213603,-5.72512,7.85473,-0.99277,50,4.89302,2.48484,-134.09884,-2.58899,-10.36422,30.57657,-17.95458,MIA_RED,MIA_RED,McKieFieldStad,TeamExclusive,Team,20250926-McKieFieldStad-Private-1,a8441be0-9b20-11f0-8518-fb35456db2e7,90.88946,8.45766,,8.42193,,,,2.18428,2.68736,-0.75706,5a5ec5e9-a7b1-4805-aded-74df8f95eae1,2025-09-26,21:35:00.37,2025-09-26T17:35:00.3790000-04:00,2025-09-26T21:35:00.3790000Z,LineDrive,v3,471355,471355,,"Buffington, Matthew",825106,Right,MIA_RED,8c03da14-fbe2-4893-aed5-1f6441d96791,54.86708,-135.20405,15.28828,4.97487,-1.94,-8.97729,-1.08935,2.85947,-5.18211,315.365974,2.18428,122.99361,-14.96426,1.89882,-0.4266,0.08253,-0.01593,0.00301,-0.00031,2.68736,22.22601,-22.5538,2.41802,-0.45616,0.10452,-0.01923,0.00321,-0.00035,-0.75706,30.01621,0.061,0.22512,-0.02412,0.00714,-0.0013,0.00016,-2E-05,,,,,,,,,,,,,,,,,,,,,,,High,High,High,High,High,,,
94,2025-09-26,17:35:42.95,4,1,"Burke, Clayton",1000266653,Right,MIA_RED,"Dierks, Marcus",10322729,Left,MIA_RED,Undefined,3,Bottom,1,0,0,Fastball,Sinker,BallCalled,Undefined,Undefined,Undefined,0,0,,91.81779,0.384519,-1.399356,2330.121593,233.085409,1:45,5.05004,1.15931,5.67474,-19.1545,14.65442,17.92237,3.81241,1.34803,82.7491,-3.24747,1.803583,0.418492,,,,,,,,,,,,-9.4541,7.64489,-1.0524,50,5.07065,2.42353,-133.15025,0.27295,-16.75324,32.03491,-18.62684,MIA_RED,MIA_RED,McKieFieldStad,TeamExclusive,Team,20250926-McKieFieldStad-Private-1,c18960b0-9b20-11f0-8518-fb35456db2e7,90.06732,,,9.06869,,,,,,,5a5ec5e9-a7b1-4805-aded-74df8f95eae1,2025-09-26,21:35:42.95,2025-09-26T17:35:42.9540000-04:00,2025-09-26T21:35:42.9540000Z,,v3,471355,471355,,"Buffington, Matthew",825106,Right,MIA_RED,047eae96-6114-47eb-a78e-4753baf0eeab,54.82032,-134.30497,16.01745,5.04871,0.94437,-9.31342,-1.15064,3.02741,-8.37662,,,,,,,,,,,,,,,,,,,,,,,,,,,,,83.59539,1.408128,0.637645,0.770483,-2.35375,3.58831,-1.4742,-1.83841,5.38481,-3.49299,61.749,3.29618,-63.02609,-1.83264,85.97995,-4.50467,5.39514,7.67256,-13.52319,-3.52756,-86.31052,11.88921,High,High,High,,,High,High,High
95,2025-09-26,17:36:10.86,4,2,"Burke, Clayton",1000266653,Right,MIA_RED,"Dierks, Marcus",10322729,Left,MIA_RED,Undefined,3,Bottom,1,1,0,ChangeUp,Changeup,StrikeCalled,Undefined,Undefined,Undefined,0,0,,79.80753,1.680138,-3.815273,1775.207854,263.501769,2:45,4.55252,1.46039,5.73073,-40.81766,3.94988,20.82285,2.71965,-0.36271,72.10602,-5.87704,-0.09815,0.481563,,,,,,,,,,,,-11.69816,1.9765,-1.15469,50,4.66813,6.87725,-115.53682,2.07534,-15.63057,23.83633,-29.53312,MIA_RED,MIA_RED,McKieFieldStad,TeamExclusive,Team,20250926-McKieFieldStad-Private-1,d216e560-9b20-11f0-8518-fb35456db2e7,78.27103,,,7.70151,,,,,,,5a5ec5e9-a7b1-4805-aded-74df8f95eae1,2025-09-26,21:36:10.86,2025-09-26T17:36:10.8660000-04:00,2025-09-26T21:36:10.8660000Z,,v3,471355,471355,,"Buffington, Matthew",825106,Right,MIA_RED,042d60fa-b838-4266-b98c-b63a37feb8a1,54.76644,-116.51603,11.91817,4.55795,3.28858,-14.76656,-1.4504,7.51937,-7.81528,,,,,,,,,,,,,,,,,,,,,,,,,,,,,,,,,,,,,,,,,,,,,,,,,,,High,High,High,,,,,
96,2025-09-26,17:36:26.25,4,3,"Burke, Clayton",1000266653,Right,MIA_RED,"Dierks, Marcus",10322729,Left,MIA_RED,Undefined,3,Bottom,1,1,1,ChangeUp,Changeup,BallCalled,Undefined,Undefined,Undefined,0,0,,78.2728,1.812646,-0.185351,1786.935813,251.860953,2:30,4.54995,1.4558,5.47576,-39.3829,7.22351,17.36918,2.96476,2.72979,71.20503,-5.455412,2.907172,0.491354,,,,,,,,,,,,-8.72894,3.59327,-1.45135,50,4.68273,-0.3297,-113.52978,2.31132,-11.32013,22.01854,-27.5141,MIA_RED,MIA_RED,McKieFieldStad,TeamExclusive,Team,20250926-McKieFieldStad-Private-1,db484250-9b20-11f0-8518-fb35456db2e7,76.71142,,,7.06777,,,,,,,5a5ec5e9-a7b1-4805-aded-74df8f95eae1,2025-09-26,21:36:26.25,2025-09-26T17:36:26.2590000-04:00,2025-09-26T21:36:26.2590000Z,,v3,471355,471355,,"Buffington, Matthew",825106,Right,MIA_RED,77782eae-a565-431f-a9c0-ed0b554c14d5,55.02029,-114.4993,11.00927,4.55428,3.52282,-13.75705,-1.4478,0.16875,-5.66007,,,,,,,,,,,,,,,,,,,,,,,,,,,,,,,,,,,,,,,,,,,,,,,,,,,High,High,High,,,,,
97,2025-09-26,17:36:44.02,4,4,"Burke, Clayton",1000266653,Right,MIA_RED,"Dierks, Marcus",10322729,Left,MIA_RED,Undefined,3,Bottom,1,2,1,Fastball,Sinker,InPlay,Undefined,LineDrive,Single,0,1,,91.51974,-0.788478,-2.122966,2337.923263,231.520673,1:45,5.03337,1.08728,5.60879,-20.35733,13.54765,15.61517,2.6004,0.40605,83.12494,-4.610777,0.663862,0.419086,79.48567,13.629666,23.421396,1520.748839,99.37538,15.13695,47.16359,191.16572,187.3396,27.541121,2.025984,-8.5893,7.43638,-0.91632,50,4.95303,4.2289,-132.77787,-2.52023,-15.23614,30.11939,-18.98302,MIA_RED,MIA_RED,McKieFieldStad,TeamExclusive,Team,20250926-McKieFieldStad-Private-1,e5eb30a0-9b20-11f0-8518-fb35456db2e7,89.93963,15.34853,,8.3948,,,,1.88008,2.66425,-0.41988,5a5ec5e9-a7b1-4805-aded-74df8f95eae1,2025-09-26,21:36:44.02,2025-09-26T17:36:44.0250000-04:00,2025-09-26T21:36:44.0250000Z,LineDrive,v3,471355,471355,,"Buffington, Matthew",825106,Right,MIA_RED,c8457185-d8a7-4576-ae29-ed1bbeea5cba,54.88947,-133.88241,15.05969,5.03268,-1.82408,-9.49151,-1.08165,4.78764,-7.61807,233.769546,1.88007,103.96121,-14.37,2.73183,-0.5428,0.0939,-0.01515,0.0021,-0.00015,2.66425,27.47096,-15.52398,0.77551,-0.09306,0.01726,-0.0015,0.00036,-6E-05,-0.41988,45.03368,-0.27218,-0.33201,0.13283,-0.03238,0.00573,-0.00059,2E-05,,,,,,,,,,,,,,,,,,,,,,,High,High,High,High,High,,,
98,2025-09-26,17:37:26.97,5,1,"Burke, Clayton",1000266653,Right,MIA_RED,"Novak, Ryan",10035937,Left,MIA_RED,Undefined,3,Bottom,1,0,0,Fastball,Sinker,StrikeCalled,Undefined,Undefined,Undefined,0,0,,88.82961,-1.01975,-3.055484,2263.251124,231.273336,1:45,5.02574,0.9325,5.59046,-21.76974,14.35536,16.35532,2.25797,-0.56025,80.5559,-5.105936,-0.140324,0.43259,,,,,,,,,,,,-9.14898,7.92658,-0.68088,50,4.92421,6.14351,-128.71957,-3.01218,-15.24073,28.49013,-18.96963,MIA_RED,MIA_RED,McKieFieldStad,TeamExclusive,Team,20250926-McKieFieldStad-Private-1,ff9b6c40-9b20-11f0-8518-fb35456db2e7,87.13209,,,8.2737,,,,,,,5a5ec5e9-a7b1-4805-aded-74df8f95eae1,2025-09-26,21:37:26.97,2025-09-26T17:37:26.9720000-04:00,2025-09-26T21:37:26.9720000Z,,v3,471355,471355,,"Buffington, Matthew",825106,Right,MIA_RED,dfdf4122-7a92-4c46-b868-041087e7f361,54.90582,-129.80085,14.24507,5.02487,-2.29223,-9.48482,-0.92502,6.72194,-7.62037,,,,,,,,,,,,,,,,,,,,,,,,,,,,,75.21273,1.75519,0.868301,0.88689,-1.15581,2.02296,0.5634,-5.31739,5.0824,3.76968,63.41934,3.09951,61.35821,-5.27987,85.57095,-9.20542,5.10636,11.15825,-15.17328,3.77564,67.81575,-3.26764,High,High,High,,,High,High,High
99,2025-09-26,17:37:54.47,5,2,"Burke, Clayton",1000266653,Right,MIA_RED,"Novak, Ryan",10035937,Left,MIA_RED,Undefined,3,Bottom,1,0,1,Fastball,Sinker,BallCalled,Undefined,Undefined,Undefined,0,0,,90.51631,-0.123992,-0.211031,2287.418357,228.977134,1:45,5.14493,1.23084,5.39455,-20.02375,14.91631,15.80564,3.36009,2.35021,82.15263,-3.881132,2.599426,0.425435,,,,,,,,,,,,-7.96815,7.86863,-1.22334,50,5.12018,-0.2482,-131.32663,-0.96719,-13.82097,29.5785,-18.5257,MIA_RED,MIA_RED,McKieFieldStad,TeamExclusive,Team,20250926-McKieFieldStad-Private-1,0fe7a230-9b21-11f0-8518-fb35456db2e7,88.5974,,,8.36369,,,,,,,5a5ec5e9-a7b1-4805-aded-74df8f95eae1,2025-09-26,21:37:54.47,2025-09-26T17:37:54.4770000-04:00,2025-09-26T21:37:54.4770000Z,,v3,471355,471355,,"Buffington, Matthew",825106,Right,MIA_RED,3cbb64f8-2b85-4977-9b7c-9ce566e2ac26,55.10154,-132.47066,14.78925,5.14374,-0.25066,-9.26285,-1.22408,0.28637,-6.91049,,,,,,,,,,,,,,,,,,,,,,,,,,,,,,,,,,,,,,,,,,,,,,,,,,,High,High,High,,,,,
100,2025-09-26,17:38:24.74,5,3,"Burke, Clayton",1000266653,Right,MIA_RED,"Novak, Ryan",10035937,Left,MIA_RED,Undefined,3,Bottom,1,1,1,ChangeUp,Changeup,BallCalled,Undefined,Undefined,Undefined,0,0,,76.84836,1.062479,-1.68327,1755.090527,270.611407,3:00,4.70093,1.29121,5.32479,-46.99038,1.32591,17.43509,1.78261,1.16416,70.54002,-7.50817,1.415664,0.500286,,,,,,,,,,,,-9.21552,0.81847,-1.15204,50,4.7631,2.59961,-111.55171,0.49887,-11.60834,20.12747,-31.14305,MIA_RED,MIA_RED,McKieFieldStad,TeamExclusive,Team,20250926-McKieFieldStad-Private-1,22084a00-9b21-11f0-8518-fb35456db2e7,75.34183,,,6.30834,,,,,,,5a5ec5e9-a7b1-4805-aded-74df8f95eae1,2025-09-26,21:38:24.74,2025-09-26T17:38:24.7440000-04:00,2025-09-26T21:38:24.7440000Z,,v3,471355,471355,,"Buffington, Matthew",825106,Right,MIA_RED,56b07064-0ae2-4b0b-85f0-3bee9018e602,55.17468,-112.48151,10.06374,4.70682,1.93754,-15.57153,-1.28452,3.13586,-5.80417,,,,,,,,,,,,,,,,,,,,,,,,,,,,,,,,,,,,,,,,,,,,,,,,,,,High,High,High,,,,,
101,2025-09-26,17:39:01.58,5,4,"Burke, Clayton",1000266653,Right,MIA_RED,"Novak, Ryan",10035937,Left,MIA_RED,Undefined,3,Bottom,1,2,1,Fastball,Sinker,BallCalled,Undefined,Undefined,Undefined,1,0,,90.54665,0.74907,-1.350472,2131.515842,234.967612,1:45,5.07946,1.24825,5.60504,-20.37403,14.28497,18.72796,4.08109,1.54805,82.05605,-3.090196,1.991929,0.42372,,,,,,,,,,,,-9.84127,7.34205,-1.14493,50,5.1306,2.24951,-131.38319,1.04329,-17.07892,29.69036,-19.4324,MIA_RED,MIA_RED,McKieFieldStad,TeamExclusive,Team,20250926-McKieFieldStad-Private-1,380122f0-9b21-11f0-8518-fb35456db2e7,88.95594,,,8.4906,,,,,,,5a5ec5e9-a7b1-4805-aded-74df8f95eae1,2025-09-26,21:39:01.58,2025-09-26T17:39:01.5820000-04:00,2025-09-26T21:39:01.5820000Z,,v3,471355,471355,,"Buffington, Matthew",825106,Right,MIA_RED,668443fe-f178-4c98-aeeb-6ad07a1cfc68,54.89166,-132.48401,14.84518,5.07857,1.76378,-9.7162,-1.24008,2.88274,-8.53946,,,,,,,,,,,,,,,,,,,,,,,,,,,,,83.3264,1.846608,0.67671,1.169897,-1.20387,3.93448,-1.64294,-0.09809,5.41797,-0.25089,127.27855,3.41216,0.84674,-0.00462,120.25617,-9.87915,5.44562,13.43091,-12.99379,-0.29831,-3.07051,3.50387,High,High,High,,,High,High,High
102,2025-09-26,17:39:39.00,5,5,"Burke, Clayton",1000266653,Right,MIA_RED,"Novak, Ryan",10035937,Left,MIA_RED,Undefined,3,Bottom,2,3,1,Fastball,Sinker,InPlay,Undefined,GroundBall,Out,1,0,,91.82109,-1.281365,-1.595623,2185.147535,228.742644,1:30,5.02048,1.17548,5.74815,-17.20363,16.33131,17.32229,2.39326,1.13313,83.3293,-4.548251,1.504939,0.416793,73.2692,6.037507,18.553149,2930.840058,,,,73.19166,71.1287,18.505758,0.725488,-9.33375,9.04418,-1.05385,50,4.90375,2.94841,-133.24695,-3.52138,-16.65139,30.69067,-16.03922,MIA_RED,MIA_RED,McKieFieldStad,TeamExclusive,Team,20250926-McKieFieldStad-Private-1,4e584880-9b21-11f0-8518-fb35456db2e7,90.43447,3.95295,,8.4918,,,,1.9,2.43157,-1.12055,5a5ec5e9-a7b1-4805-aded-74df8f95eae1,2025-09-26,21:39:39.00,2025-09-26T17:39:39.0000000-04:00,2025-09-26T21:39:39.0000000Z,GroundBall,v3,471355,471355,,"Buffington, Matthew",825106,Right,MIA_RED,9f619236-b594-4536-bce0-d4a831eec9c9,54.74981,-134.33652,15.34534,5.01866,-2.95197,-8.01961,-1.16902,3.53956,-8.32569,,1.9,101.31136,-12.42118,1.66313,-0.37028,0.06862,-0.01411,0.00349,-0.00061,2.43157,11.30273,-21.52397,2.06679,-0.38803,0.08721,-0.01592,0.00304,-0.00044,-1.12055,34.00284,-0.64753,0.07414,-0.01848,0.00309,-0.00049,4E-05,2E-05,,,,,,,,,,,,,,,,,,,,,,,High,High,High,Low,High,,,
103,2025-09-26,17:43:16.68,1,1,"Geiser, Jack",1000362743,Right,MIA_RED,"Krupinski, Dom",702597,Left,MIA_RED,Undefined,4,Top,0,0,0,Sinker,Sinker,FoulBallNotFieldable,Undefined,Undefined,Undefined,0,0,,89.80105,-1.44681,-3.066895,1984.985241,243.858995,2:15,5.83058,1.38428,5.32011,-26.56683,8.94713,15.88414,2.25669,-0.1729,82.04916,-6.33718,-0.248352,0.428915,,,,,,,,,,,,-8.93008,5.21697,-1.11874,50,5.68032,6.27189,-130.18027,-4.27578,-15.29656,27.79309,-23.23777,MIA_RED,MIA_RED,McKieFieldStad,TeamExclusive,Team,20250926-McKieFieldStad-Private-1,cffac6b0-9b21-11f0-8518-fb35456db2e7,87.87865,,,7.75188,,,,,,,5a5ec5e9-a7b1-4805-aded-74df8f95eae1,2025-09-26,21:43:16.68,2025-09-26T17:43:16.6840000-04:00,2025-09-26T21:43:16.6840000Z,,v3,471355,471355,,"Raether, Carson",1000338521,Right,MIA_RED,bcdf1dcc-93e2-40be-bb0e-2af6eeb7eba5,55.1796,-131.28144,13.89655,5.83149,-3.35509,-11.61888,-1.37924,6.87794,-7.64828,,,,,,,,,,,,,,,,,,,,,,,,,,,,,,,,,,,,,,,,,,,,,,,,,,,High,High,High,,,,,
104,2025-09-26,17:43:38.78,1,2,"Geiser, Jack",1000362743,Right,MIA_RED,"Krupinski, Dom",702597,Left,MIA_RED,Undefined,4,Top,0,0,1,Sinker,Changeup,FoulBallNotFieldable,Undefined,Undefined,Undefined,0,0,,88.96509,-1.33224,-2.660196,1771.709983,234.739721,1:45,5.74967,1.41436,5.47158,-26.78911,9.21788,11.37233,2.26896,-0.12915,81.20751,-6.280745,-0.635954,0.431882,,,,,,,,,,,,-6.54339,5.36768,-1.18865,50,5.6143,5.49908,-129.00663,-3.96288,-10.99166,27.64551,-23.15735,MIA_RED,MIA_RED,McKieFieldStad,TeamExclusive,Team,20250926-McKieFieldStad-Private-1,dd274610-9b21-11f0-8518-fb35456db2e7,87.27493,,,7.75757,,,,,,,5a5ec5e9-a7b1-4805-aded-74df8f95eae1,2025-09-26,21:43:38.78,2025-09-26T17:43:38.7840000-04:00,2025-09-26T21:43:38.7840000Z,,v3,471355,471355,,"Raether, Carson",1000338521,Right,MIA_RED,28ac329f-5bde-4d3b-9c0c-2ab71f087831,55.02696,-130.07942,13.82276,5.75065,-3.06426,-11.57867,-1.41032,5.92561,-5.49583,,,,,,,,,,,,,,,,,,,,,,,,,,,,,,,,,,,,,,,,,,,,,,,,,,,High,High,High,,,,,
105,2025-09-26,17:44:04.24,1,3,"Geiser, Jack",1000362743,Right,MIA_RED,"Krupinski, Dom",702597,Left,MIA_RED,Undefined,4,Top,0,0,2,Fastball,Sinker,StrikeCalled,Strikeout,Undefined,Undefined,0,0,,92.97348,-0.861007,-1.695024,1930.094074,249.573118,2:15,5.94104,1.17612,5.45612,-27.39631,5.37839,11.73241,2.85164,0.56669,85.26547,-5.894326,0.394796,0.412041,,,,,,,,,,,,-6.37819,3.24847,-1.035,50,5.84635,3.45273,-134.99004,-3.08895,-11.79592,28.75666,-26.16632,MIA_RED,MIA_RED,McKieFieldStad,TeamExclusive,Team,20250926-McKieFieldStad-Private-1,ec5d02f0-9b21-11f0-8518-fb35456db2e7,91.47731,,,7.70801,,,,,,,5a5ec5e9-a7b1-4805-aded-74df8f95eae1,2025-09-26,21:44:04.24,2025-09-26T17:44:04.2430000-04:00,2025-09-26T21:44:04.2430000Z,,v3,471355,471355,,"Raether, Carson",1000338521,Right,MIA_RED,2bb94d00-70b1-4d07-9ff6-7e2407bc60e4,55.04236,-136.05996,14.37833,5.94317,-2.11541,-13.08316,-1.17163,3.89161,-5.89796,,,,,,,,,,,,,,,,,,,,,,,,,,,,,,,,,,,,,,,,,,,,,,,,,,,High,High,High,,,,,
106,2025-09-26,17:44:30.57,2,1,"Geiser, Jack",1000362743,Right,MIA_RED,"Breidenbach, Mason",1000074554,Right,MIA_RED,Undefined,4,Top,1,0,0,Sinker,Sinker,BallCalled,Undefined,Undefined,Undefined,0,0,,93.80048,-0.791551,-1.452198,1990.708519,236.193388,1:45,5.91545,1.17724,5.09485,-22.98804,9.743,12.99292,3.25356,0.89117,85.65463,-5.023982,0.846072,0.411767,,,,,,,,,,,,-6.84174,5.37721,-1.05065,50,5.82296,2.80989,-136.07087,-2.79121,-12.8259,29.8874,-22.09362,MIA_RED,MIA_RED,McKieFieldStad,TeamExclusive,Team,20250926-McKieFieldStad-Private-1,fbedb110-9b21-11f0-8518-fb35456db2e7,91.53832,,,8.14585,,,,,,,5a5ec5e9-a7b1-4805-aded-74df8f95eae1,2025-09-26,21:44:30.57,2025-09-26T17:44:30.5770000-04:00,2025-09-26T21:44:30.5770000Z,,v3,471355,471355,,"Raether, Carson",1000338521,Right,MIA_RED,208a7f50-9d96-44e0-be0c-76c8be66ad66,55.40221,-137.25231,14.9437,5.91603,-1.91785,-11.04681,-1.17174,3.31689,-6.41295,,,,,,,,,,,,,,,,,,,,,,,,,,,,,,,,,,,,,,,,,,,,,,,,,,,High,High,High,,,,,
107,2025-09-26,17:44:48.96,2,2,"Geiser, Jack",1000362743,Right,MIA_RED,"Breidenbach, Mason",1000074554,Right,MIA_RED,Undefined,4,Top,1,1,0,ChangeUp,Splitter,BallCalled,Undefined,Undefined,Undefined,0,0,,81.84579,-1.478165,-3.001621,1162.570585,264.310886,2:45,5.63803,1.45831,5.25315,-40.56636,2.62303,11.40859,0.86638,-0.41392,74.65063,-8.863204,-0.977004,0.472999,,,,,,,,,,,,-6.64374,2.1778,-1.19177,50,5.47231,5.74091,-118.52752,-4.50574,-9.36254,24.64109,-29.10507,MIA_RED,MIA_RED,McKieFieldStad,TeamExclusive,Team,20250926-McKieFieldStad-Private-1,06fca7a0-9b22-11f0-8518-fb35456db2e7,79.68824,,,7.19516,,,,,,,5a5ec5e9-a7b1-4805-aded-74df8f95eae1,2025-09-26,21:44:48.96,2025-09-26T17:44:48.9610000-04:00,2025-09-26T21:44:48.9610000Z,,v3,471355,471355,,"Raether, Carson",1000338521,Right,MIA_RED,60f1f16b-d693-45da-b93e-2d327270a73c,55.24466,-119.61288,12.32055,5.64254,-3.22376,-14.55253,-1.45372,6.1533,-4.68127,,,,,,,,,,,,,,,,,,,,,,,,,,,,,,,,,,,,,,,,,,,,,,,,,,,High,High,High,,,,,
108,2025-09-26,17:45:09.57,2,3,"Geiser, Jack",1000362743,Right,MIA_RED,"Breidenbach, Mason",1000074554,Right,MIA_RED,Undefined,4,Top,1,2,0,Fastball,Four-Seam,InPlay,Undefined,GroundBall,Out,1,0,,95.03426,-1.725777,-2.337451,2058.599826,223.131069,1:30,5.91192,1.06763,5.26889,-22.3243,9.36272,7.83343,2.42864,-0.47646,86.97138,-5.838024,-0.948239,0.405147,68.41823,-59.89375,80.473168,,,,,2.46039,1.67168,48.00274,0.028252,-4.58343,5.4587,-0.85995,50,5.73775,5.25059,-137.81136,-5.0292,-8.82209,30.38085,-21.6673,MIA_RED,MIA_RED,McKieFieldStad,TeamExclusive,Team,20250926-McKieFieldStad-Private-1,1338faa0-9b22-11f0-8518-fb35456db2e7,93.03406,2.46189,,8.06288,,,,1.40997,2.46189,0.42072,5a5ec5e9-a7b1-4805-aded-74df8f95eae1,2025-09-26,21:45:09.57,2025-09-26T17:45:09.5790000-04:00,2025-09-26T21:45:09.5790000Z,GroundBall,v3,471355,471355,,"Raether, Carson",1000338521,Right,MIA_RED,bc36925c-697c-470a-82a8-74eabbe69dfa,55.22934,-138.95939,15.19042,5.91233,-4.21043,-10.83365,-1.06466,5.58396,-4.41104,,1.40983,8.36261,,,,,,,,2.4634,-87.14077,,,,,,,,0.41986,49.82958,,,,,,,,,,,,,,,,,,,,,,,,,,,,,,High,High,High,Low,Low,,,
109,2025-09-26,17:45:49.77,3,1,"Geiser, Jack",1000362743,Right,MIA_RED,"Buffington, Matthew",825106,Right,MIA_RED,Undefined,4,Top,2,0,0,Curveball,Curveball,BallCalled,Undefined,Undefined,Undefined,0,0,,80.58844,1.475616,-0.695747,2323.771838,64.497034,8:15,6.08954,0.83281,5.18006,-49.97066,-5.56886,-14.67654,3.31412,-1.04489,73.66351,-7.589723,-3.297036,0.479592,,,,,,,,,,,,7.08989,-2.75606,-0.75658,50,6.18873,2.03596,-116.92244,1.18212,9.7539,23.31905,-35.9657,MIA_RED,MIA_RED,McKieFieldStad,TeamExclusive,Team,20250926-McKieFieldStad-Private-1,2b5a0ac0-9b22-11f0-8518-fb35456db2e7,78.59277,,,6.92493,,,,,,,5a5ec5e9-a7b1-4805-aded-74df8f95eae1,2025-09-26,21:45:49.77,2025-09-26T17:45:49.7720000-04:00,2025-09-26T21:45:49.7720000Z,,v3,471355,471355,,"Raether, Carson",1000338521,Right,MIA_RED,f2c2e024-459a-425e-8ebf-3673dc846f2f,55.31923,-117.97854,11.65953,6.09831,2.81097,-17.98285,-0.83879,1.59422,4.87695,,,,,,,,,,,,,,,,,,,,,,,,,,,,,,,,,,,,,,,,,,,,,,,,,,,High,High,High,,,,,
110,2025-09-26,17:46:08.81,3,2,"Geiser, Jack",1000362743,Right,MIA_RED,"Buffington, Matthew",825106,Right,MIA_RED,Undefined,4,Top,2,1,0,Curveball,Curveball,BallCalled,Undefined,Undefined,Undefined,0,0,,79.7223,1.210657,0.475858,2312.455291,34.997816,7:15,5.9596,1.11182,4.95954,-51.31578,-5.83693,-5.07055,2.82725,1.13885,73.26075,-8.046587,-0.420021,0.485374,,,,,,,,,,,,2.63106,-2.76114,-1.15355,50,6.03448,-0.74569,-115.70229,0.52698,3.56762,21.52846,-35.91809,MIA_RED,MIA_RED,McKieFieldStad,TeamExclusive,Team,20250926-McKieFieldStad-Private-1,368514d0-9b22-11f0-8518-fb35456db2e7,77.65656,,,6.46155,,,,,,,5a5ec5e9-a7b1-4805-aded-74df8f95eae1,2025-09-26,21:46:08.81,2025-09-26T17:46:08.8150000-04:00,2025-09-26T21:46:08.8150000Z,,v3,471355,471355,,"Raether, Carson",1000338521,Right,MIA_RED,5cffbbde-d089-47eb-88c0-764702b1d9b3,55.53969,-116.7285,10.76423,5.96856,2.2391,-17.95905,-1.11395,-0.91574,1.78381,,,,,,,,,,,,,,,,,,,,,,,,,,,,,,,,,,,,,,,,,,,,,,,,,,,High,High,High,,,,,
111,2025-09-26,17:46:30.92,3,3,"Geiser, Jack",1000362743,Right,MIA_RED,"Buffington, Matthew",825106,Right,MIA_RED,Undefined,4,Top,2,2,0,Fastball,Four-Seam,BallCalled,Undefined,Undefined,Undefined,0,0,,94.59092,-2.129604,-2.38749,2039.099394,211.525988,1:00,6.1096,0.79305,5.35094,-22.95182,8.8689,4.84079,2.19693,-1.04408,86.87207,-6.348555,-1.527709,0.406,,,,,,,,,,,,-3.06792,5.32071,-0.58171,50,5.90149,5.48899,-137.17207,-5.99616,-5.86814,29.23631,-21.99685,MIA_RED,MIA_RED,McKieFieldStad,TeamExclusive,Team,20250926-McKieFieldStad-Private-1,43cf5560-9b22-11f0-8518-fb35456db2e7,92.83844,,,7.71885,,,,,,,5a5ec5e9-a7b1-4805-aded-74df8f95eae1,2025-09-26,21:46:30.92,2025-09-26T17:46:30.9260000-04:00,2025-09-26T21:46:30.9260000Z,,v3,471355,471355,,"Raether, Carson",1000338521,Right,MIA_RED,2481e81e-b2bc-4d44-b387-21b5457410e0,55.14674,-138.26468,14.61815,6.11022,-5.1741,-10.99843,-0.79094,5.70829,-2.93407,,,,,,,,,,,,,,,,,,,,,,,,,,,,,,,,,,,,,,,,,,,,,,,,,,,High,High,High,,,,,
112,2025-09-26,17:46:53.77,3,4,"Geiser, Jack",1000362743,Right,MIA_RED,"Buffington, Matthew",825106,Right,MIA_RED,Undefined,4,Top,2,3,0,Fastball,Four-Seam,BallCalled,Walk,Undefined,Undefined,0,0,,93.84495,-1.757078,-2.712847,2260.097961,199.527432,12:45,6.07609,0.79444,5.43845,-16.61552,15.60158,5.18028,3.04381,-1.31602,86.0115,-4.870578,-1.79239,0.408521,,,,,,,,,,,,-3.32106,8.6189,-0.55799,50,5.90921,6.20412,-136.0903,-4.75059,-6.25548,28.64628,-15.93965,MIA_RED,MIA_RED,McKieFieldStad,TeamExclusive,Team,20250926-McKieFieldStad-Private-1,51505d60-9b22-11f0-8518-fb35456db2e7,92.26552,,,7.83346,,,,,,,5a5ec5e9-a7b1-4805-aded-74df8f95eae1,2025-09-26,21:46:53.77,2025-09-26T17:46:53.7760000-04:00,2025-09-26T21:46:53.7760000Z,,v3,471355,471355,,"Raether, Carson",1000338521,Right,MIA_RED,fedc58b9-37bf-4ffe-ac9f-7f6683229a8d,55.05847,-137.15094,14.32314,6.07418,-4.16041,-7.96982,-0.79199,6.43574,-3.12774,,,,,,,,,,,,,,,,,,,,,,,,,,,,,,,,,,,,,,,,,,,,,,,,,,,High,High,High,,,,,
113,2025-09-26,17:47:23.94,4,1,"Geiser, Jack",1000362743,Right,MIA_RED,"Proctor, Keenan",823047,Left,MIA_RED,Undefined,4,Top,2,0,0,Sinker,Sinker,InPlay,Undefined,GroundBall,Out,1,0,,91.68459,-0.9766,-1.632159,1769.678952,233.962502,1:45,5.94673,1.30969,5.22752,-25.43568,8.61544,10.37012,2.90856,0.63913,83.91348,-5.652406,0.206762,0.419988,84.37889,-16.624631,21.685988,,,,,11.33943,9.52988,16.226229,0.086106,-5.68024,4.8828,-1.16755,50,5.83783,3.31468,-133.05579,-3.24579,-10.18746,28.42915,-23.41675,MIA_RED,MIA_RED,McKieFieldStad,TeamExclusive,Team,20250926-McKieFieldStad-Private-1,63571490-9b22-11f0-8518-fb35456db2e7,89.74645,3.05752,,7.7711,,,,1.37235,3.05752,-0.61535,5a5ec5e9-a7b1-4805-aded-74df8f95eae1,2025-09-26,21:47:23.94,2025-09-26T17:47:23.9460000-04:00,2025-09-26T21:47:23.9460000Z,GroundBall,v3,471355,471355,,"Raether, Carson",1000338521,Right,MIA_RED,1384e232-febb-46d6-a93e-be1ca0d9fe31,55.27145,-134.17739,14.21458,5.94766,-2.32195,-11.70838,-1.30625,3.71659,-5.09373,180,1.36793,110.50816,,,,,,,,3.05893,-35.50886,,,,,,,,-0.61711,43.94524,,,,,,,,,,,,,,,,,,,,,,,,,,,,,,High,High,High,Low,Medium,,,
114,2025-09-26,17:50:06.59,1,1,"Burke, Clayton",1000266653,Right,MIA_RED,"Gonzalez Rivera, Ignacio",10124440,Right,MIA_RED,Undefined,4,Bottom,0,0,0,Fastball,Sinker,HitByPitch,Undefined,Undefined,Undefined,0,0,,90.57669,0.810247,-0.654515,1913.41757,229.207227,1:45,5.08624,1.33983,5.51269,-21.22647,13.26694,14.13591,4.07511,1.90577,82.69917,-3.157903,1.864277,0.422707,,,,,,,,,,,,-7.38595,6.80154,-1.29284,50,5.14283,0.88212,-131.55562,1.12623,-12.94295,27.92687,-20.25521,MIA_RED,MIA_RED,McKieFieldStad,TeamExclusive,Team,20250926-McKieFieldStad-Private-1,c442f080-9b22-11f0-8518-fb35456db2e7,89.16918,,,7.87753,,,,,,,5a5ec5e9-a7b1-4805-aded-74df8f95eae1,2025-09-26,21:50:06.59,2025-09-26T17:50:06.5920000-04:00,2025-09-26T21:50:06.5920000Z,,v3,471355,471355,,"Buffington, Matthew",825106,Right,MIA_RED,3500e14d-6494-4e31-8f98-d6ca92df21d5,54.98643,-132.60993,13.96343,5.08588,1.89091,-10.12761,-1.33536,1.37075,-6.47147,,,,,,,,,,,,,,,,,,,,,,,,,,,,,,,,,,,,,,,,,,,,,,,,,,,High,High,High,,,,,
115,2025-09-26,17:51:00.13,2,1,"Burke, Clayton",1000266653,Right,MIA_RED,"Gonzalez Rivera, Ignacio",10124440,Right,MIA_RED,Undefined,4,Bottom,0,0,0,Fastball,Changeup,InPlay,Undefined,Bunt,Undefined,0,0,,90.42694,0.169322,-1.489868,1713.414119,233.917376,1:45,5.10939,1.06129,5.63808,-23.57367,10.8339,13.41072,3.30293,0.78865,82.73058,-4.219885,0.90554,0.422181,27.59792,-1.250166,34.076275,1565.692966,,,,19.99004,19.06605,29.525492,0.458815,-7.27126,5.76626,-0.9437,50,5.10878,2.83776,-131.35985,-0.43311,-12.72143,27.48874,-22.0857,MIA_RED,MIA_RED,McKieFieldStad,TeamExclusive,Team,20250926-McKieFieldStad-Private-1,e43112a0-9b22-11f0-8518-fb35456db2e7,89.28036,3.41856,,7.69635,,,,2.35782,3.41856,-0.75081,5a5ec5e9-a7b1-4805-aded-74df8f95eae1,2025-09-26,21:51:00.13,2025-09-26T17:51:00.1310000-04:00,2025-09-26T21:51:00.1310000Z,GroundBall,v3,471355,471355,,"Buffington, Matthew",825106,Right,MIA_RED,50bf81a6-d4c8-4c2c-9ef6-16278cb4828f,54.86122,-132.37322,13.74437,5.10974,0.38107,-11.04285,-1.05696,3.30673,-6.36072,232.028248,2.359,33.48413,-1.56323,,,,,,,3.41973,-0.91542,-14.25568,,,,,,,-0.74996,22.6498,0.98944,,,,,,,,,,,,,,,,,,,,,,,,,,,,,High,High,High,High,High,,,
116,2025-09-26,17:51:36.50,3,1,"Burke, Clayton",1000266653,Right,MIA_RED,"Gonzalez Rivera, Ignacio",10124440,Right,MIA_RED,Undefined,4,Bottom,0,0,0,Slider,Slider,StrikeCalled,Undefined,Undefined,Undefined,0,0,,79.48602,1.272508,-1.634409,2249.715182,61.220089,8:00,4.758,1.1795,5.32033,-44.3988,0.94858,-0.93343,2.25296,-0.4325,72.62519,-6.837382,-1.800157,0.484672,,,,,,,,,,,,-0.00492,0.57496,-1.03085,50,4.84133,3.32766,-115.28622,1.01936,-0.0066,22.12552,-31.40291,MIA_RED,MIA_RED,McKieFieldStad,TeamExclusive,Team,20250926-McKieFieldStad-Private-1,f9e604c0-9b22-11f0-8518-fb35456db2e7,77.76903,,,6.86082,,,,,,,5a5ec5e9-a7b1-4805-aded-74df8f95eae1,2025-09-26,21:51:36.50,2025-09-26T17:51:36.5020000-04:00,2025-09-26T21:51:36.5020000Z,,v3,471355,471355,,"Buffington, Matthew",825106,Right,MIA_RED,e3ce960b-3aea-4bd5-ab2d-76c8b688661f,55.17664,-116.27547,11.06276,4.76437,2.42341,-15.70145,-1.17964,3.32796,-0.0033,,,,,,,,,,,,,,,,,,,,,,,,,,,,,,,,,,,,,,,,,,,,,,,,,,,High,High,High,,,,,
117,2025-09-26,17:51:52.57,3,2,"Burke, Clayton",1000266653,Right,MIA_RED,"Gonzalez Rivera, Ignacio",10124440,Right,MIA_RED,Undefined,4,Bottom,0,0,1,Slider,Slider,StrikeCalled,Undefined,Undefined,Undefined,0,0,,79.30571,0.912181,-0.785707,2137.789257,26.413596,7:00,4.6846,1.33135,5.37089,-46.06424,-0.52961,-1.00756,1.7013,0.51069,72.39598,-7.502571,-0.964983,0.485671,,,,,,,,,,,,0.27142,-0.05669,-1.2602,50,4.73391,1.61884,-115.06116,0.23773,0.36163,22.57323,-32.24956,MIA_RED,MIA_RED,McKieFieldStad,TeamExclusive,Team,20250926-McKieFieldStad-Private-1,03688ef0-9b23-11f0-8518-fb35456db2e7,77.60897,,,6.90974,,,,,,,5a5ec5e9-a7b1-4805-aded-74df8f95eae1,2025-09-26,21:51:52.57,2025-09-26T17:51:52.5710000-04:00,2025-09-26T21:51:52.5710000Z,,v3,471355,471355,,"Buffington, Matthew",825106,Right,MIA_RED,ae8a55c3-fb1a-4ba6-89ef-b29d10ac5940,55.12613,-116.06247,11.28661,4.69164,1.66827,-16.12478,-1.33165,1.6028,0.18082,,,,,,,,,,,,,,,,,,,,,,,,,,,,,,,,,,,,,,,,,,,,,,,,,,,High,High,High,,,,,
118,2025-09-26,17:52:11.85,3,3,"Burke, Clayton",1000266653,Right,MIA_RED,"Gonzalez Rivera, Ignacio",10124440,Right,MIA_RED,Undefined,4,Bottom,0,0,2,Fastball,Sinker,FoulBallNotFieldable,Undefined,Undefined,Undefined,0,0,,92.08893,-2.232582,-1.603834,2101.399696,230.693667,1:45,5.13755,0.82929,5.57835,-20.64312,12.82064,14.31753,1.33032,0.52415,84.03179,-6.082039,0.952,0.41635,,,,,,,,,,,,-7.76103,7.46599,-0.70115,50,4.93208,3.10251,-133.58523,-5.92893,-13.97369,29.74288,-18.7316,MIA_RED,MIA_RED,McKieFieldStad,TeamExclusive,Team,20250926-McKieFieldStad-Private-1,0f2355e0-9b23-11f0-8518-fb35456db2e7,90.53065,,,8.05715,,,,,,,5a5ec5e9-a7b1-4805-aded-74df8f95eae1,2025-09-26,21:52:11.85,2025-09-26T17:52:11.8520000-04:00,2025-09-26T21:52:11.8520000Z,,v3,471355,471355,,"Buffington, Matthew",825106,Right,MIA_RED,043739ee-6fe4-4adf-8ae3-efe89fc33ede,54.92024,-134.67627,14.87144,5.13697,-5.24181,-9.3658,-0.82436,3.6151,-6.98685,,,,,,,,,,,,,,,,,,,,,,,,,,,,,,,,,,,,,,,,,,,,,,,,,,,High,High,High,,,,,
119,2025-09-26,17:52:42.19,3,4,"Burke, Clayton",1000266653,Right,MIA_RED,"Gonzalez Rivera, Ignacio",10124440,Right,MIA_RED,Undefined,4,Bottom,0,0,2,Fastball,Sinker,StrikeCalled,Strikeout,Undefined,Undefined,0,0,,92.32536,-1.639431,-2.730535,2374.101992,229.794903,1:45,5.02263,0.94048,5.67404,-19.76989,13.50442,14.64981,1.8446,-0.38622,83.91178,-5.352369,-0.114067,0.41517,,,,,,,,,,,,-8.18898,7.66185,-0.7192,50,4.87191,5.71037,-133.82781,-4.50066,-14.77384,30.28598,-18.35115,MIA_RED,MIA_RED,McKieFieldStad,TeamExclusive,Team,20250926-McKieFieldStad-Private-1,2114b050-9b23-11f0-8518-fb35456db2e7,90.78799,,,8.41358,,,,,,,5a5ec5e9-a7b1-4805-aded-74df8f95eae1,2025-09-26,21:52:42.19,2025-09-26T17:52:42.1950000-04:00,2025-09-26T21:52:42.1950000Z,,v3,471355,471355,,"Buffington, Matthew",825106,Right,MIA_RED,b19c36eb-b290-4644-b876-72899bf8db1c,54.82215,-134.91468,15.14299,5.0216,-3.84209,-9.17557,-0.93364,6.24055,-7.38692,,,,,,,,,,,,,,,,,,,,,,,,,,,,,,,,,,,,,,,,,,,,,,,,,,,High,High,High,,,,,
120,2025-09-26,17:53:12.03,4,1,"Burke, Clayton",1000266653,Right,MIA_RED,"Vrlak, Jake",1000131822,Right,MIA_RED,Undefined,4,Bottom,1,0,0,Fastball,Sinker,FoulBallNotFieldable,Undefined,Undefined,Undefined,0,0,,91.48626,-0.563026,-2.268849,2380.724004,228.647602,1:30,4.98138,1.07415,5.62332,-18.41363,15.53808,16.34765,2.92109,0.31816,82.93881,-4.045446,0.648657,0.419375,68.01536,23.249927,170.711292,3874.125172,-109.77926,17.71349,6.9635,156.35486,45.69216,179.470914,2.076679,-8.97343,8.38083,-0.89154,50,4.92182,4.52327,-132.69848,-1.90481,-15.88496,30.30958,-17.33813,MIA_RED,MIA_RED,McKieFieldStad,TeamExclusive,Team,20250926-McKieFieldStad-Private-1,32cd4780-9b23-11f0-8518-fb35456db2e7,89.87767,20.7593,,8.54745,,,,1.106,2.88016,-0.31438,5a5ec5e9-a7b1-4805-aded-74df8f95eae1,2025-09-26,21:53:12.03,2025-09-26T17:53:12.0310000-04:00,2025-09-26T21:53:12.0310000Z,LineDrive,v3,471355,471355,,"Buffington, Matthew",825106,Right,MIA_RED,bc073042-975f-421c-a9b4-260283605678,54.87408,-133.80714,15.15479,4.97989,-1.27062,-8.66907,-1.06761,5.1043,-7.94248,307.087159,1.10581,-90.43937,6.57577,0.75012,-1.1139,1.09314,-0.55062,0.13344,-0.01245,2.88018,39.37655,-23.78746,2.56054,-0.2732,-0.14513,0.158,-0.05737,0.00742,-0.31422,14.78249,-7.31377,0.01104,0.83558,-0.92871,0.48859,-0.12292,0.01196,,,,,,,,,,,,,,,,,,,,,,,High,High,High,High,Medium,,,
121,2025-09-26,17:53:36.78,4,2,"Burke, Clayton",1000266653,Right,MIA_RED,"Vrlak, Jake",1000131822,Right,MIA_RED,Undefined,4,Bottom,1,0,1,Fastball,Four-Seam,FoulBallNotFieldable,Undefined,Undefined,Undefined,0,0,,92.31823,-0.918876,-2.044605,2234.538419,222.378284,1:30,5.00007,0.9063,5.75486,-15.68749,17.52198,14.95009,2.83682,0.24809,83.603,-3.919921,0.630343,0.414765,68.62219,49.187313,145.891037,4537.843752,,,,,53.08233,,,-8.23512,9.53434,-0.74596,50,4.9145,4.11238,-133.92075,-2.62232,-14.82936,31.2058,-15.00517,MIA_RED,MIA_RED,McKieFieldStad,TeamExclusive,Team,20250926-McKieFieldStad-Private-1,41aca700-9b23-11f0-8518-fb35456db2e7,90.87655,49.83441,,8.71522,,,,0.69577,2.71501,-0.3139,5a5ec5e9-a7b1-4805-aded-74df8f95eae1,2025-09-26,21:53:36.78,2025-09-26T17:53:36.7840000-04:00,2025-09-26T21:53:36.7840000Z,,v3,471355,471355,,"Buffington, Matthew",825106,Right,MIA_RED,2dbe9f8a-ecb5-4d36-a18b-823c301ecd44,54.74216,-135.02123,15.6029,4.99765,-2.09316,-7.50259,-0.90021,4.63533,-7.41468,321.87071,0.69577,-54.46474,0.86137,-0.2177,0.04782,-0.01096,0.00246,-0.00049,6E-05,2.71501,76.17374,-28.24405,3.97009,-0.90434,0.2018,-0.04708,0.00965,-0.00122,-0.3139,36.88783,-9.17867,2.19313,-0.46593,0.10722,-0.02453,0.00494,-0.00062,,,,,,,,,,,,,,,,,,,,,,,High,High,High,High,Undefined,,,
122,2025-09-26,17:54:05.17,4,3,"Burke, Clayton",1000266653,Right,MIA_RED,"Vrlak, Jake",1000131822,Right,MIA_RED,Undefined,4,Bottom,1,0,2,Fastball,Four-Seam,FoulBallNotFieldable,Undefined,Undefined,Undefined,0,0,,93.11489,-2.246852,-3.118352,2374.315629,218.879089,1:15,5.0858,0.78356,5.77386,-14.52607,18.16143,13.73182,1.78037,-0.97669,84.40792,-5.031674,-0.663464,0.411493,76.44805,13.856305,164.532228,3563.737968,-108.47162,8.58628,18.27116,144.4726,45.74215,172.515503,1.605053,-7.95245,10.26949,-0.53429,50,4.89134,6.73549,-134.89681,-5.7305,-14.54152,31.43929,-13.39564,MIA_RED,MIA_RED,McKieFieldStad,TeamExclusive,Team,20250926-McKieFieldStad-Private-1,5284f050-9b23-11f0-8518-fb35456db2e7,91.59926,11.44686,,8.70698,,,,1.38839,1.71523,0.86229,5a5ec5e9-a7b1-4805-aded-74df8f95eae1,2025-09-26,21:54:05.17,2025-09-26T17:54:05.1770000-04:00,2025-09-26T21:54:05.1770000Z,LineDrive,v3,471355,471355,,"Buffington, Matthew",825106,Right,MIA_RED,ae56023c-e508-44cb-b1a2-102a89682d1e,54.72356,-135.99324,15.71965,5.08304,-5.26333,-6.69782,-0.77803,7.24262,-7.27076,,1.26861,-103.90315,8.68138,,,,,,,1.93726,24.94572,-16.37059,,,,,,,1.2788,25.36726,-9.1304,,,,,,,,,,,,,,,,,,,,,,,,,,,,,High,High,High,High,Low,,,
123,2025-09-26,17:54:29.72,4,4,"Burke, Clayton",1000266653,Right,MIA_RED,"Vrlak, Jake",1000131822,Right,MIA_RED,Undefined,4,Bottom,1,0,2,Fastball,Four-Seam,FoulBallNotFieldable,Undefined,Undefined,Undefined,0,0,,93.02167,-0.925496,-0.973106,2364.062427,223.709917,1:30,5.01474,0.91494,5.97195,-16.96635,15.64068,13.8356,2.74268,1.16568,83.83674,-4.17311,1.514169,0.410986,,,,,,,,,,,,-7.39819,8.65886,-0.8455,50,4.93217,1.67842,-134.96062,-2.69045,-13.44144,33.46424,-16.44212,MIA_RED,MIA_RED,McKieFieldStad,TeamExclusive,Team,20250926-McKieFieldStad-Private-1,612b1760-9b23-11f0-8518-fb35456db2e7,91.71225,,,9.18493,,,,,,,5a5ec5e9-a7b1-4805-aded-74df8f95eae1,2025-09-26,21:54:29.72,2025-09-26T17:54:29.7260000-04:00,2025-09-26T21:54:29.7260000Z,,v3,471355,471355,,"Buffington, Matthew",825106,Right,MIA_RED,6af24cd0-f553-44c4-806a-a52ed0249d91,54.52378,-136.07769,16.73212,5.01282,-2.1416,-8.22106,-0.90902,2.12711,-6.72072,,,,,,,,,,,,,,,,,,,,,,,,,,,,,,,,,,,,,,,,,,,,,,,,,,,High,High,High,,,,,
124,2025-09-26,17:54:56.43,4,5,"Burke, Clayton",1000266653,Right,MIA_RED,"Vrlak, Jake",1000131822,Right,MIA_RED,Undefined,4,Bottom,1,0,2,Slider,Slider,StrikeSwinging,Strikeout,Undefined,Undefined,0,0,,79.92234,1.118951,-1.733471,2356.247862,113.112104,9:45,4.73954,1.17786,5.59605,-40.61691,3.3265,-4.81473,2.40009,-0.84227,73.73688,-6.326025,-2.592392,0.47711,,,,,,,,,,,,1.98654,1.80441,-1.02611,50,4.80908,3.70222,-116.09264,0.91806,2.7298,20.33061,-29.69453,MIA_RED,MIA_RED,McKieFieldStad,TeamExclusive,Team,20250926-McKieFieldStad-Private-1,71004890-9b23-11f0-8518-fb35456db2e7,79.00161,,,6.18546,,,,,,,5a5ec5e9-a7b1-4805-aded-74df8f95eae1,2025-09-26,21:54:56.43,2025-09-26T17:54:56.4350000-04:00,2025-09-26T21:54:56.4350000Z,,v3,471355,471355,,"Buffington, Matthew",825106,Right,MIA_RED,b57caefd-be37-4118-891f-100511578561,54.90223,-116.94799,10.1653,4.74418,2.16737,-14.84726,-1.17946,3.58737,1.3649,,,,,,,,,,,,,,,,,,,,,,,,,,,,,,,,,,,,,,,,,,,,,,,,,,,High,High,High,,,,,
125,2025-09-26,17:55:30.57,5,1,"Burke, Clayton",1000266653,Right,MIA_RED,"Raether, Carson",1000338521,Left,MIA_RED,Undefined,4,Bottom,2,0,0,Curveball,Curveball,BallCalled,Undefined,Undefined,Undefined,0,0,,71.3687,3.539859,0.907602,2365.006153,64.931089,8:15,5.29537,1.34892,5.46457,-59.73712,-3.92725,-12.05611,3.63495,1.19376,65.46514,-7.362295,-1.238112,0.537684,,,,,,,,,,,,6.28178,-2.37134,-1.42042,50,5.56651,-1.20192,-103.49187,4.5462,6.81918,17.12282,-34.74824,MIA_RED,MIA_RED,McKieFieldStad,TeamExclusive,Team,20250926-McKieFieldStad-Private-1,856cb520-9b23-11f0-8518-fb35456db2e7,70.10152,,,5.90356,,,,,,,5a5ec5e9-a7b1-4805-aded-74df8f95eae1,2025-09-26,21:55:30.57,2025-09-26T17:55:30.5720000-04:00,2025-09-26T21:55:30.5720000Z,,v3,471355,471355,,"Buffington, Matthew",825106,Right,MIA_RED,27b061e4-4819-4b32-9b98-18833f568202,55.03513,-104.32161,8.56141,5.30541,6.23004,-17.37412,-1.35417,-1.53237,3.40959,,,,,,,,,,,,,,,,,,,,,,,,,,,,,,,,,,,,,,,,,,,,,,,,,,,High,High,High,,,,,
126,2025-09-26,17:55:46.74,5,2,"Burke, Clayton",1000266653,Right,MIA_RED,"Raether, Carson",1000338521,Left,MIA_RED,Undefined,4,Bottom,2,1,0,Fastball,Four-Seam,StrikeCalled,Undefined,Undefined,Undefined,0,0,,92.65991,-1.670354,-3.16504,2481.925123,222.540174,1:30,4.99555,1.09352,5.81677,-15.50119,17.40147,14.93749,2.14792,-0.60746,84.05,-4.633859,-0.492524,0.412845,,,,,,,,,,,,-8.51193,9.68544,-0.84297,50,4.84948,6.74909,-134.2812,-4.38175,-15.4473,30.72667,-14.59711,MIA_RED,MIA_RED,McKieFieldStad,TeamExclusive,Team,20250926-McKieFieldStad-Private-1,8f0fbfa0-9b23-11f0-8518-fb35456db2e7,91.29926,,,8.60991,,,,,,,5a5ec5e9-a7b1-4805-aded-74df8f95eae1,2025-09-26,21:55:46.74,2025-09-26T17:55:46.7420000-04:00,2025-09-26T21:55:46.7420000Z,,v3,471355,471355,,"Buffington, Matthew",825106,Right,MIA_RED,c01edf51-8b21-4b42-b422-471df3fec35b,54.67948,-135.34774,15.36333,4.99277,-3.87507,-7.29856,-1.08654,7.28528,-7.72365,,,,,,,,,,,,,,,,,,,,,,,,,,,,,,,,,,,,,,,,,,,,,,,,,,,High,High,High,,,,,
127,2025-09-26,17:56:08.59,5,3,"Burke, Clayton",1000266653,Right,MIA_RED,"Raether, Carson",1000338521,Left,MIA_RED,Undefined,4,Bottom,2,1,1,Fastball,Four-Seam,InPlay,Undefined,GroundBall,Single,0,0,,92.63634,-1.498253,-1.547712,2461.80468,226.960598,1:30,5.06332,1.11664,5.86704,-16.16914,16.76832,16.71623,2.32334,1.07165,83.73579,-4.590885,1.45106,0.413063,73.1865,8.731686,9.704812,2098.431326,,,,86.53397,85.95184,10.285699,0.866474,-9.06981,9.39343,-1.00126,50,4.93277,2.89721,-134.38948,-4.00379,-16.38498,32.43541,-15.20443,MIA_RED,MIA_RED,McKieFieldStad,TeamExclusive,Team,20250926-McKieFieldStad-Private-1,9c0c5560-9b23-11f0-8518-fb35456db2e7,91.25107,5.28167,,8.90054,,,,2.24577,2.39843,-1.06052,5a5ec5e9-a7b1-4805-aded-74df8f95eae1,2025-09-26,21:56:08.59,2025-09-26T17:56:08.5910000-04:00,2025-09-26T21:56:08.5910000Z,GroundBall,v3,471355,471355,,"Buffington, Matthew",825106,Right,MIA_RED,251d9ae1-423d-48c8-b687-816550f48163,54.63047,-135.50245,16.2177,5.0612,-3.48207,-7.60221,-1.11031,3.45944,-8.19249,327.127444,2.24577,104.57766,-11.30716,1.40732,-0.2812,0.03749,-0.00632,0.00061,0.00012,2.39843,16.29502,-23.86775,2.54345,-0.53253,0.11198,-0.02056,0.00402,-0.00049,-1.06052,17.88483,1.95473,-0.83972,0.20297,-0.04978,0.01011,-0.0021,0.00028,,,,,,,,,,,,,,,,,,,,,,,High,High,High,High,High,,,
128,2025-09-26,17:56:49.88,6,1,"Burke, Clayton",1000266653,Right,MIA_RED,"Christiansen, Hayden",830132,Right,MIA_RED,Undefined,4,Bottom,2,0,0,Slider,Curveball,FoulBallNotFieldable,Undefined,Undefined,Undefined,0,0,,79.10792,1.871589,-1.062656,2407.966721,41.687403,7:30,4.75013,1.27552,5.55686,-48.16936,-2.21398,-3.44579,2.48559,-0.0046,71.38962,-6.98517,-1.677418,0.48791,,,,,,,,,,,,1.405,-1.34579,-1.18132,50,4.87992,2.26024,-114.65933,2.14515,1.83645,24.78742,-33.93312,MIA_RED,MIA_RED,McKieFieldStad,TeamExclusive,Team,20250926-McKieFieldStad-Private-1,b4d95cf0-9b23-11f0-8518-fb35456db2e7,77.25289,,,7.71831,,,,,,,5a5ec5e9-a7b1-4805-aded-74df8f95eae1,2025-09-26,21:56:49.88,2025-09-26T17:56:49.8870000-04:00,2025-09-26T21:56:49.8870000Z,,v3,471355,471355,,"Buffington, Matthew",825106,Right,MIA_RED,7796442e-3f85-45a3-bbe1-cd9aee26be88,54.94118,-115.72261,12.39371,4.75668,3.60073,-16.96656,-1.27658,2.18146,0.91823,,,,,,,,,,,,,,,,,,,,,,,,,,,,,,,,,,,,,,,,,,,,,,,,,,,High,High,High,,,,,
129,2025-09-26,17:57:20.62,6,2,"Burke, Clayton",1000266653,Right,MIA_RED,"Christiansen, Hayden",830132,Right,MIA_RED,Undefined,4,Bottom,2,0,1,Slider,Curveball,BallCalled,Undefined,Undefined,Undefined,0,0,,80.02555,0.015986,-3.076112,2348.418563,17.542306,6:30,4.75121,1.15594,5.69678,-46.04979,-2.08847,-1.0841,0.92865,-1.80369,73.7538,-8.391901,-3.269834,0.477207,,,,,,,,,,,,-0.29854,-0.68472,-0.89682,50,4.72365,6.28267,-116.13802,-1.49706,-0.40793,21.66338,-33.10963,MIA_RED,MIA_RED,McKieFieldStad,TeamExclusive,Team,20250926-McKieFieldStad-Private-1,c7288ed0-9b23-11f0-8518-fb35456db2e7,78.98552,,,6.27174,,,,,,,5a5ec5e9-a7b1-4805-aded-74df8f95eae1,2025-09-26,21:57:20.62,2025-09-26T17:57:20.6230000-04:00,2025-09-26T21:57:20.6230000Z,,v3,471355,471355,,"Buffington, Matthew",825106,Right,MIA_RED,8d5a063d-ae94-436d-ad65-d1e26a39e836,54.80272,-117.03044,10.83169,4.75723,-0.13311,-16.55481,-1.15598,6.29947,-0.20397,,,,,,,,,,,,,,,,,,,,,,,,,,,,,,,,,,,,,,,,,,,,,,,,,,,High,High,High,,,,,
130,2025-09-26,17:58:00.42,6,3,"Burke, Clayton",1000266653,Right,MIA_RED,"Christiansen, Hayden",830132,Right,MIA_RED,Undefined,4,Bottom,2,1,1,Slider,Slider,StrikeSwinging,Undefined,Undefined,Undefined,0,0,,80.26768,1.007532,-0.766034,2336.351843,72.298555,8:30,4.6848,1.49421,5.66893,-43.07286,0.52366,-2.50351,2.03495,0.57132,73.7895,-6.894953,-1.213853,0.475223,,,,,,,,,,,,1.05886,0.4237,-1.42795,50,4.74279,1.65761,-116.60837,0.61011,1.46105,21.48709,-31.58942,MIA_RED,MIA_RED,McKieFieldStad,TeamExclusive,Team,20250926-McKieFieldStad-Private-1,dec776a0-9b23-11f0-8518-fb35456db2e7,79.3153,,,6.47817,,,,,,,5a5ec5e9-a7b1-4805-aded-74df8f95eae1,2025-09-26,21:58:00.42,2025-09-26T17:58:00.4200000-04:00,2025-09-26T21:58:00.4200000Z,,v3,471355,471355,,"Buffington, Matthew",825106,Right,MIA_RED,5a521830-6d6d-4e87-8e92-a293a2e2d86f,54.82912,-117.49485,10.74355,4.69074,1.91337,-15.79471,-1.4951,1.59733,0.73052,,,,,,,,,,,,,,,,,,,,,,,,,,,,,,,,,,,,,,,,,,,,,,,,,,,High,High,High,,,,,
131,2025-09-26,17:58:24.49,6,4,"Burke, Clayton",1000266653,Right,MIA_RED,"Christiansen, Hayden",830132,Right,MIA_RED,Undefined,4,Bottom,2,1,2,Fastball,Four-Seam,InPlay,Undefined,LineDrive,Single,0,2,,91.9618,-0.43823,-2.525555,2362.531093,225.754234,1:30,5.15642,0.90154,5.66547,-17.48973,16.12099,15.36536,3.28993,-0.17442,83.20368,-3.760863,0.217849,0.417264,83.42042,12.684851,2.30314,2164.648461,109.62682,17.28222,9.04758,219.54342,219.54342,7.162784,2.271504,-8.58418,8.65571,-0.69806,50,5.10862,5.19266,-133.35238,-1.57887,-15.31982,31.06195,-16.72659,MIA_RED,MIA_RED,McKieFieldStad,TeamExclusive,Team,20250926-McKieFieldStad-Private-1,ed0e66b0-9b23-11f0-8518-fb35456db2e7,90.33245,17.29458,,8.75812,,,,1.21819,3.27818,0.17869,5a5ec5e9-a7b1-4805-aded-74df8f95eae1,2025-09-26,21:58:24.49,2025-09-26T17:58:24.4950000-04:00,2025-09-26T21:58:24.4950000Z,LineDrive,v3,471355,471355,,"Buffington, Matthew",825106,Right,MIA_RED,9d48df19-754d-4a81-b718-be800cd44950,54.8318,-134.47315,15.53097,5.1547,-0.97535,-8.3633,-0.8954,5.74542,-7.65991,220.145976,1.21819,119.26714,-15.13641,2.9454,-0.57139,0.10475,-0.0181,0.00242,-0.00016,3.27818,26.86613,-13.25341,0.39363,-0.02727,0.00103,0.00127,-0.00014,-0,0.17869,4.79671,4.64638,-0.96404,0.19707,-0.03809,0.00666,-0.00089,6E-05,,,,,,,,,,,,,,,,,,,,,,,High,High,High,High,High,,,
132,2025-09-26,17:59:11.74,7,1,"Burke, Clayton",1000266653,Right,MIA_RED,"Harrison, Tommy",811731,Left,MIA_RED,Undefined,4,Bottom,2,0,0,ChangeUp,Changeup,InPlay,Undefined,LineDrive,Out,1,0,,80.07192,1.295447,-3.154732,1808.403125,253.849628,2:30,4.56417,1.2644,5.87489,-37.23258,6.68804,18.0356,2.66665,-0.16559,72.77967,-5.623117,0.076363,0.476986,59.4186,10.098793,26.556862,3989.845587,,,,90.27845,88.11426,25.257412,1.116223,-10.26918,3.41508,-1.02017,50,4.64734,5.73099,-116.13046,1.48114,-13.92653,23.15713,-27.54271,MIA_RED,MIA_RED,McKieFieldStad,TeamExclusive,Team,20250926-McKieFieldStad-Private-1,09428e10-9b24-11f0-8518-fb35456db2e7,79.02214,6.42348,,7.29225,,,,3.80616,2.89553,0.15576,5a5ec5e9-a7b1-4805-aded-74df8f95eae1,2025-09-26,21:59:11.74,2025-09-26T17:59:11.7460000-04:00,2025-09-26T21:59:11.7460000Z,GroundBall,v3,471355,471355,,"Buffington, Matthew",825106,Right,MIA_RED,18c28680-035f-419d-a9ef-cdf37c590002,54.62468,-117.04902,11.57856,4.56692,2.57365,-13.77136,-1.25845,6.2834,-6.96326,134.417139,3.80616,76.74461,-7.26284,1.0802,-0.2057,0.02945,-0.00473,0.00099,-0.00011,2.89553,15.2809,-16.9846,1.01911,-0.1708,0.03734,-0.00441,0.0007,-0.00011,0.15576,38.35859,-4.19188,0.68323,-0.13565,0.0211,-0.00341,0.0007,-8E-05,,,,,,,,,,,,,,,,,,,,,,,High,High,High,High,High,,,
133,2025-09-26,18:02:37.38,1,1,"Tedesco, Jake",803230,Left,MIA_RED,"Rasmussen, Jamie",10272616,Right,MIA_RED,Undefined,5,Top,0,0,0,Fastball,Four-Seam,FoulBallNotFieldable,Undefined,Undefined,Undefined,0,0,,89.97899,-1.229876,2.250141,2128.64996,149.323438,11:00,6.35442,-1.50794,6.2911,-14.96532,19.00686,-10.63796,3.97294,-0.31987,82.21454,-4.115937,0.328153,0.419501,,,,,,,,,,,,6.17575,10.56221,1.34737,50,6.2565,-4.71216,-130.71858,-3.19552,10.6859,27.54978,-13.89828,MIA_RED,MIA_RED,McKieFieldStad,TeamExclusive,Team,20250926-McKieFieldStad-Private-1,83cdb5b0-9b24-11f0-8518-fb35456db2e7,89.85063,,,7.76445,,,,,,,5a5ec5e9-a7b1-4805-aded-74df8f95eae1,2025-09-26,22:02:37.38,2025-09-26T18:02:37.3810000-04:00,2025-09-26T22:02:37.3810000Z,,v3,471355,471355,,"Raether, Carson",1000338521,Right,MIA_RED,7cc40c4b-32ba-49bf-afbd-1395678acac4,54.2072,-131.60228,13.77489,6.35185,-2.74971,-6.94914,1.50402,-5.05493,5.34295,,,,,,,,,,,,,,,,,,,,,,,,,,,,,,,,,,,,,,,,,,,,,,,,,,,High,High,High,,,,,
134,2025-09-26,18:03:01.23,1,2,"Tedesco, Jake",803230,Left,MIA_RED,"Rasmussen, Jamie",10272616,Right,MIA_RED,Undefined,5,Top,0,0,1,ChangeUp,Changeup,BallCalled,Undefined,Undefined,Undefined,0,0,,84.05266,1.194731,1.583303,1575.131571,106.187992,9:30,6.11686,-1.74844,5.76577,-33.47644,6.36016,-17.4969,4.43964,-1.73261,76.61242,-5.014016,-1.549466,0.454268,,,,,,,,,,,,9.35642,3.28315,1.62811,50,6.19554,-2.66029,-122.03006,1.43212,14.05937,24.79523,-27.24061,MIA_RED,MIA_RED,McKieFieldStad,TeamExclusive,Team,20250926-McKieFieldStad-Private-1,9233c680-9b24-11f0-8518-fb35456db2e7,82.97394,,,7.44025,,,,,,,5a5ec5e9-a7b1-4805-aded-74df8f95eae1,2025-09-26,22:03:01.23,2025-09-26T18:03:01.2300000-04:00,2025-09-26T22:03:01.2300000Z,,v3,471355,471355,,"Raether, Carson",1000338521,Right,MIA_RED,eb986340-4aa0-4dc3-ba17-813d358721e5,54.73233,-122.98786,12.39762,6.1199,2.48438,-13.6203,1.74136,-3.20338,7.02969,,,,,,,,,,,,,,,,,,,,,,,,,,,,,,,,,,,,,,,,,,,,,,,,,,,High,High,High,,,,,
135,2025-09-26,18:03:20.62,1,3,"Tedesco, Jake",803230,Left,MIA_RED,"Rasmussen, Jamie",10272616,Right,MIA_RED,Undefined,5,Top,0,1,1,Fastball,Four-Seam,BallCalled,Undefined,Undefined,Undefined,0,0,,90.54763,-0.951902,2.922238,2196.213838,142.509482,10:45,6.4532,-1.22563,5.97749,-15.72855,18.35143,-13.22312,4.25886,0.38363,82.42976,-3.966689,0.549011,0.420167,,,,,,,,,,,,7.58725,10.00938,1.0016,50,6.36906,-6.1362,-131.36839,-2.62518,13.22989,28.39721,-14.72074,MIA_RED,MIA_RED,McKieFieldStad,TeamExclusive,Team,20250926-McKieFieldStad-Private-1,9dc27460-9b24-11f0-8518-fb35456db2e7,89.70833,,,8.11787,,,,,,,5a5ec5e9-a7b1-4805-aded-74df8f95eae1,2025-09-26,22:03:20.62,2025-09-26T18:03:20.6210000-04:00,2025-09-26T22:03:20.6210000Z,,v3,471355,471355,,"Raether, Carson",1000338521,Right,MIA_RED,efefe56f-f97f-4fd5-92f4-e935a1fb2232,54.51919,-132.34167,14.19861,6.45039,-2.12064,-7.36037,1.21968,-6.58964,6.61495,,,,,,,,,,,,,,,,,,,,,,,,,,,,,,,,,,,,,,,,,,,,,,,,,,,High,High,High,,,,,
136,2025-09-26,18:03:44.81,1,4,"Tedesco, Jake",803230,Left,MIA_RED,"Rasmussen, Jamie",10272616,Right,MIA_RED,Undefined,5,Top,0,2,1,Fastball,Sinker,BallCalled,Undefined,Undefined,Undefined,0,0,,90.45027,-1.052537,2.614012,2184.523954,139.328448,10:45,6.39678,-1.32579,6.04402,-16.23824,17.96308,-14.43646,4.06803,-0.10707,82.01917,-4.171228,0.018365,0.420914,,,,,,,,,,,,8.16382,9.88253,1.12953,50,6.30589,-5.37007,-131.2125,-2.86235,14.13418,29.55527,-15.06418,MIA_RED,MIA_RED,McKieFieldStad,TeamExclusive,Team,20250926-McKieFieldStad-Private-1,ac0ac400-9b24-11f0-8518-fb35456db2e7,89.54913,,,8.43111,,,,,,,5a5ec5e9-a7b1-4805-aded-74df8f95eae1,2025-09-26,22:03:44.81,2025-09-26T18:03:44.8140000-04:00,2025-09-26T22:03:44.8140000Z,,v3,471355,471355,,"Raether, Carson",1000338521,Right,MIA_RED,2758373f-88e9-4b1c-8764-463ca8161ee1,54.45206,-132.21151,14.77763,6.39404,-2.35316,-7.53209,1.31912,-5.84783,7.06709,,,,,,,,,,,,,,,,,,,,,,,,,,,,,78.74989,1.964627,0.718387,1.24624,-0.77815,3.90497,0.10842,0.35417,5.9029,1.41446,127.27884,6.01112,-0.13496,0.47383,113.16079,-9.25651,5.90725,14.03846,-11.20476,1.36817,-4.69444,2.83705,High,High,High,,,High,High,High
137,2025-09-26,18:04:13.51,1,5,"Tedesco, Jake",803230,Left,MIA_RED,"Rasmussen, Jamie",10272616,Right,MIA_RED,Undefined,5,Top,0,3,1,Fastball,Sinker,BallCalled,Walk,Undefined,Undefined,0,0,,89.76942,-2.189987,4.227381,2143.071925,146.289466,11:00,6.33312,-1.43859,6.16244,-13.94717,20.68785,-13.01776,3.14136,1.38871,81.55426,-4.897644,1.88834,0.423574,,,,,,,,,,,,7.92182,11.65587,1.12384,50,6.1592,-9.06372,-129.98766,-5.32247,13.49411,28.3729,-12.31935,MIA_RED,MIA_RED,McKieFieldStad,TeamExclusive,Team,20250926-McKieFieldStad-Private-1,bd008060-9b24-11f0-8518-fb35456db2e7,88.98667,,,8.21516,,,,,,,5a5ec5e9-a7b1-4805-aded-74df8f95eae1,2025-09-26,22:04:13.51,2025-09-26T18:04:13.5190000-04:00,2025-09-26T22:04:13.5190000Z,,v3,471355,471355,,"Raether, Carson",1000338521,Right,MIA_RED,08238872-7a60-4a5f-8c26-7d38f450a54e,54.33396,-130.93023,14.18645,6.32922,-4.91321,-6.15968,1.43239,-9.51201,6.74706,,,,,,,,,,,,,,,,,,,,,,,,,,,,,,,,,,,,,,,,,,,,,,,,,,,High,High,High,,,,,
138,2025-09-26,18:04:54.75,2,1,"Tedesco, Jake",803230,Left,MIA_RED,"Rasmussen, Jamie",10272616,Right,MIA_RED,Undefined,5,Top,0,0,0,Fastball,Sinker,FoulBallNotFieldable,Undefined,Undefined,Undefined,0,0,,89.87472,-2.273102,2.024174,2185.530345,141.553598,10:45,6.42267,-1.20309,6.28074,-16.21832,17.93135,-13.35698,2.97367,-0.44976,82.09078,-5.380907,-0.38994,0.420596,,,,,,,,,,,,7.55784,10.31753,1.0602,50,6.24691,-4.08302,-130.50382,-5.62134,13.00735,27.99211,-14.41719,MIA_RED,MIA_RED,McKieFieldStad,TeamExclusive,Team,20250926-McKieFieldStad-Private-1,d5b06300-9b24-11f0-8518-fb35456db2e7,89.61683,,,7.78394,,,,,,,5a5ec5e9-a7b1-4805-aded-74df8f95eae1,2025-09-26,22:04:54.75,2025-09-26T18:04:54.7590000-04:00,2025-09-26T22:04:54.7590000Z,,v3,471355,471355,,"Raether, Carson",1000338521,Right,MIA_RED,785aaf18-7335-42d0-8b9c-c9b9c57dea0e,54.21797,-131.40543,13.99605,6.4205,-5.15697,-7.2086,1.19846,-4.50198,6.50367,,,,,,,,,,,,,,,,,,,,,,,,,,,,,,,,,,,,,,,,,,,,,,,,,,,High,High,High,,,,,
139,2025-09-26,18:05:30.25,2,2,"Tedesco, Jake",803230,Left,MIA_RED,"Rasmussen, Jamie",10272616,Right,MIA_RED,Undefined,5,Top,0,0,1,Fastball,Four-Seam,BallCalled,Undefined,Undefined,Undefined,0,0,,91.07981,-0.804587,1.548271,2053.480492,139.485539,10:45,6.48587,-1.00205,5.95266,-17.77237,15.8015,-12.59713,4.25834,-0.61559,83.2005,-4.175236,-0.714862,0.417035,,,,,,,,,,,,6.87012,8.6452,0.88589,50,6.4119,-3.03149,-132.29759,-2.39881,12.17803,28.18104,-16.84948,MIA_RED,MIA_RED,McKieFieldStad,TeamExclusive,Team,20250926-McKieFieldStad-Private-1,ead91ab0-9b24-11f0-8518-fb35456db2e7,90.38204,,,7.87931,,,,,,,5a5ec5e9-a7b1-4805-aded-74df8f95eae1,2025-09-26,22:05:30.25,2025-09-26T18:05:30.2500000-04:00,2025-09-26T22:05:30.2500000Z,,v3,471355,471355,,"Raether, Carson",1000338521,Right,MIA_RED,17d42d02-c264-45bb-9e2c-a8a62145fb58,54.54445,-133.2621,14.09052,6.48413,-1.82213,-8.42474,0.99678,-3.44829,6.08902,,,,,,,,,,,,,,,,,,,,,,,,,,,,,,,,,,,,,,,,,,,,,,,,,,,High,High,High,,,,,
140,2025-09-26,18:05:53.82,2,3,"Tedesco, Jake",803230,Left,MIA_RED,"Rasmussen, Jamie",10272616,Right,MIA_RED,Undefined,5,Top,0,1,1,Slider,Slider,StrikeCalled,Undefined,Undefined,Undefined,0,0,,80.98758,0.245659,1.060445,2428.095259,341.907859,5:30,6.55464,-1.33204,5.09924,-45.88668,-2.19264,1.14374,2.96228,-0.23736,74.71075,-8.051593,1.263043,0.475754,,,,,,,,,,,,-0.28563,-0.75618,1.23103,50,6.54172,-2.22473,-117.59924,-1.18463,-0.40146,21.53019,-33.23689,MIA_RED,MIA_RED,McKieFieldStad,TeamExclusive,Team,20250926-McKieFieldStad-Private-1,f8e72070-9b24-11f0-8518-fb35456db2e7,79.22676,,,6.27683,,,,,,,5a5ec5e9-a7b1-4805-aded-74df8f95eae1,2025-09-26,22:05:53.82,2025-09-26T18:05:53.8290000-04:00,2025-09-26T22:05:53.8290000Z,,v3,471355,471355,,"Raether, Carson",1000338521,Right,MIA_RED,0a195bfa-eb50-47f8-b28b-f86fe237324d,55.39988,-118.58374,10.7651,6.56114,0.33517,-16.61845,1.33234,-2.20638,-0.20073,,,,,,,,,,,,,,,,,,,,,,,,,,,,,,,,,,,,,,,,,,,,,,,,,,,High,High,High,,,,,
141,2025-09-26,18:06:24.85,2,4,"Tedesco, Jake",803230,Left,MIA_RED,"Rasmussen, Jamie",10272616,Right,MIA_RED,Undefined,5,Top,0,1,2,ChangeUp,Changeup,BallCalled,Undefined,Undefined,Undefined,0,0,,85.25155,-3.191809,3.776837,1578.356665,113.120341,9:45,6.03785,-1.60676,6.09085,-30.06805,8.13351,-16.28076,0.57029,0.53512,78.64674,-8.74775,0.845702,0.444848,,,,,,,,,,,,9.50304,5.39595,1.32417,50,5.77506,-7.54117,-123.55917,-7.8509,14.74184,23.82152,-23.80345,MIA_RED,MIA_RED,McKieFieldStad,TeamExclusive,Team,20250926-McKieFieldStad-Private-1,0b713870-9b25-11f0-8518-fb35456db2e7,84.73101,,,6.60482,,,,,,,5a5ec5e9-a7b1-4805-aded-74df8f95eae1,2025-09-26,22:06:24.85,2025-09-26T18:06:24.8510000-04:00,2025-09-26T22:06:24.8510000Z,,v3,471355,471355,,"Raether, Carson",1000338521,Right,MIA_RED,c3ea318c-17db-4c57-8124-3df1c0ad48a3,54.40956,-124.4064,11.91076,6.03923,-7.00431,-11.90172,1.60171,-8.06548,7.37092,,,,,,,,,,,,,,,,,,,,,,,,,,,,,,,,,,,,,,,,,,,,,,,,,,,High,High,High,,,,,
142,2025-09-26,18:06:46.06,2,5,"Tedesco, Jake",803230,Left,MIA_RED,"Rasmussen, Jamie",10272616,Right,MIA_RED,Undefined,5,Top,0,2,2,Fastball,Sinker,BallCalled,Undefined,Undefined,Undefined,0,0,,90.74043,-0.457137,1.762182,2083.480616,133.173082,10:30,6.44488,-1.06867,5.89754,-18.86784,15.0258,-14.87887,4.44797,-0.67211,82.87892,-4.023753,-0.907811,0.419016,,,,,,,,,,,,8.09674,8.14134,0.9354,50,6.39728,-3.41356,-131.80294,-1.64189,14.24492,27.97628,-17.85061,MIA_RED,MIA_RED,McKieFieldStad,TeamExclusive,Team,20250926-McKieFieldStad-Private-1,18135220-9b25-11f0-8518-fb35456db2e7,89.95468,,,7.86151,,,,,,,5a5ec5e9-a7b1-4805-aded-74df8f95eae1,2025-09-26,22:06:46.06,2025-09-26T18:06:46.0680000-04:00,2025-09-26T22:06:46.0680000Z,,v3,471355,471355,,"Raether, Carson",1000338521,Right,MIA_RED,8f0fc4fb-3f23-477e-bf24-e4396e66779a,54.6002,-132.77578,13.98814,6.44358,-1.02116,-8.92531,1.06271,-3.90891,7.12246,,,,,,,,,,,,,,,,,,,,,,,,,,,,,,,,,,,,,,,,,,,,,,,,,,,High,High,High,,,,,
143,2025-09-26,18:07:10.10,2,6,"Tedesco, Jake",803230,Left,MIA_RED,"Rasmussen, Jamie",10272616,Right,MIA_RED,Undefined,5,Top,0,3,2,Slider,Slider,StrikeCalled,Strikeout,Undefined,Undefined,0,0,,80.49978,0.289366,1.575901,2289.891909,304.42275,4:15,6.51087,-1.2436,5.0826,-45.34022,-1.25165,3.66583,3.00538,0.54769,74.56302,-7.898546,2.224562,0.477897,,,,,,,,,,,,-1.42508,-0.31945,1.09138,50,6.50228,-3.36842,-116.91912,-1.06482,-1.98855,20.38215,-32.61979,MIA_RED,MIA_RED,McKieFieldStad,TeamExclusive,Team,20250926-McKieFieldStad-Private-1,265b7ab0-9b25-11f0-8518-fb35456db2e7,78.87148,,,5.93676,,,,,,,5a5ec5e9-a7b1-4805-aded-74df8f95eae1,2025-09-26,22:07:10.10,2025-09-26T18:07:10.1050000-04:00,2025-09-26T22:07:10.1050000Z,,v3,471355,471355,,"Raether, Carson",1000338521,Right,MIA_RED,9070bc23-7845-44b5-8b0c-d9c94637ad4f,55.41713,-117.85969,10.19108,6.51669,0.44048,-16.30989,1.2447,-3.27665,-0.99427,,,,,,,,,,,,,,,,,,,,,,,,,,,,,,,,,,,,,,,,,,,,,,,,,,,High,High,High,,,,,
144,2025-09-26,18:07:40.44,3,1,"Tedesco, Jake",803230,Left,MIA_RED,"Roa Calcano, Christopher",1000375139,Right,MIA_RED,Undefined,5,Top,1,0,0,ChangeUp,Changeup,BallCalled,Undefined,Undefined,Undefined,0,0,,83.59152,0.087656,1.038493,1566.66218,103.449281,9:30,6.14121,-1.68115,5.82169,-34.97573,5.04311,-15.90127,3.30807,-2.04068,76.67632,-6.37456,-1.814192,0.455306,,,,,,,,,,,,8.37634,2.94937,1.60554,50,6.12779,-1.56065,-121.46241,-0.97695,12.51678,23.73088,-27.7668,MIA_RED,MIA_RED,McKieFieldStad,TeamExclusive,Team,20250926-McKieFieldStad-Private-1,385adee0-9b25-11f0-8518-fb35456db2e7,82.78479,,,6.9152,,,,,,,5a5ec5e9-a7b1-4805-aded-74df8f95eae1,2025-09-26,22:07:40.44,2025-09-26T18:07:40.4400000-04:00,2025-09-26T22:07:40.4400000Z,,v3,471355,471355,,"Raether, Carson",1000338521,Right,MIA_RED,a609356d-1f6f-4152-b726-a3ea1d03091a,54.67645,-122.37267,11.86544,6.14483,0.08811,-13.8834,1.67461,-2.04076,6.25839,,,,,,,,,,,,,,,,,,,,,,,,,,,,,,,,,,,,,,,,,,,,,,,,,,,High,High,High,,,,,
145,2025-09-26,18:08:07.93,3,2,"Tedesco, Jake",803230,Left,MIA_RED,"Roa Calcano, Christopher",1000375139,Right,MIA_RED,Undefined,5,Top,1,1,0,Slider,Slider,StrikeCalled,Undefined,Undefined,Undefined,0,0,,80.60054,-0.147888,0.540915,2472.898467,304.752502,4:15,6.47389,-1.32025,4.93003,-47.82861,-3.51776,6.93969,2.34838,-0.23063,74.61272,-8.746788,1.767151,0.4791,,,,,,,,,,,,-3.29406,-1.30847,1.26157,50,6.41949,-1.39873,-117.05992,-2.09846,-4.59513,20.99437,-33.99934,MIA_RED,MIA_RED,McKieFieldStad,TeamExclusive,Team,20250926-McKieFieldStad-Private-1,48c87f80-9b25-11f0-8518-fb35456db2e7,78.67339,,,5.98781,,,,,,,5a5ec5e9-a7b1-4805-aded-74df8f95eae1,2025-09-26,22:08:07.93,2025-09-26T18:08:07.9340000-04:00,2025-09-26T22:08:07.9340000Z,,v3,471355,471355,,"Raether, Carson",1000338521,Right,MIA_RED,08b11f18-5b1c-4338-b6ba-f17b8363f0fc,55.56989,-118.05464,10.49719,6.48075,-0.48756,-16.99967,1.32268,-1.18101,-2.29757,,,,,,,,,,,,,,,,,,,,,,,,,,,,,,,,,,,,,,,,,,,,,,,,,,,High,High,High,,,,,
146,2025-09-26,18:08:27.50,3,3,"Tedesco, Jake",803230,Left,MIA_RED,"Roa Calcano, Christopher",1000375139,Right,MIA_RED,Undefined,5,Top,1,1,1,Slider,Slider,StrikeSwinging,Undefined,Undefined,Undefined,0,0,,82.48149,-3.03215,0.796546,2480.217838,324.320928,4:45,6.44915,-1.20749,5.32858,-43.63298,-2.05,2.29504,-0.03491,-0.2688,77.14317,-10.862232,1.205874,0.464119,,,,,,,,,,,,-0.97476,-0.04717,1.13375,50,6.14272,-1.75538,-119.77404,-7.90158,-1.43008,20.98064,-32.24326,MIA_RED,MIA_RED,McKieFieldStad,TeamExclusive,Team,20250926-McKieFieldStad-Private-1,547cddd0-9b25-11f0-8518-fb35456db2e7,81.21291,,,5.33831,,,,,,,5a5ec5e9-a7b1-4805-aded-74df8f95eae1,2025-09-26,22:08:27.50,2025-09-26T18:08:27.5060000-04:00,2025-09-26T22:08:27.5060000Z,,v3,471355,471355,,"Raether, Carson",1000338521,Right,MIA_RED,ab87d9a2-180c-41f2-bda5-d740b81869f3,55.17339,-120.67685,10.49032,6.45287,-6.51412,-16.12163,1.20796,-1.69385,-0.71504,,,,,,,,,,,,,,,,,,,,,,,,,,,,,,,,,,,,,,,,,,,,,,,,,,,High,High,High,,,,,
147,2025-09-26,18:08:52.80,3,4,"Tedesco, Jake",803230,Left,MIA_RED,"Roa Calcano, Christopher",1000375139,Right,MIA_RED,Undefined,5,Top,1,1,2,Slider,Slider,StrikeCalled,Strikeout,Undefined,Undefined,0,0,,81.21127,0.593257,0.640568,2433.340551,344.622958,5:30,6.43791,-1.27861,4.98696,-47.64416,-4.14929,1.48717,3.02781,-0.54979,75.11845,-7.992126,0.903499,0.474669,,,,,,,,,,,,-0.57217,-1.82728,1.21564,50,6.45591,-1.38199,-117.96589,-0.57263,-0.81181,20.99067,-34.76673,MIA_RED,MIA_RED,McKieFieldStad,TeamExclusive,Team,20250926-McKieFieldStad-Private-1,637e6b50-9b25-11f0-8518-fb35456db2e7,79.40791,,,6.09282,,,,,,,5a5ec5e9-a7b1-4805-aded-74df8f95eae1,2025-09-26,22:08:52.80,2025-09-26T18:08:52.8040000-04:00,2025-09-26T22:08:52.8040000Z,,v3,471355,471355,,"Raether, Carson",1000338521,Right,MIA_RED,d4accf82-05e0-461c-a604-70d5cf0cb40a,55.51303,-118.94283,10.49533,6.44491,1.04546,-17.38336,1.27908,-1.34421,-0.4059,,,,,,,,,,,,,,,,,,,,,,,,,,,,,,,,,,,,,,,,,,,,,,,,,,,High,High,High,,,,,
148,2025-09-26,18:09:20.33,4,1,"Tedesco, Jake",803230,Left,MIA_RED,"Phillips, Drew",1000194003,Right,MIA_RED,Undefined,5,Top,2,0,0,Fastball,Four-Seam,StrikeCalled,Undefined,Undefined,Undefined,0,0,,90.28594,-2.136036,1.384127,2120.253001,152.736656,11:00,6.44475,-0.94566,6.20624,-17.27308,16.36627,-7.9193,3.03233,-0.32783,83.16182,-5.409314,-0.045739,0.417441,,,,,,,,,,,,4.46008,9.34662,0.84561,50,6.27548,-2.84858,-131.21451,-5.39231,7.83206,25.88296,-15.76098,MIA_RED,MIA_RED,McKieFieldStad,TeamExclusive,Team,20250926-McKieFieldStad-Private-1,73fe8280-9b25-11f0-8518-fb35456db2e7,90.29403,,,7.12412,,,,,,,5a5ec5e9-a7b1-4805-aded-74df8f95eae1,2025-09-26,22:09:20.33,2025-09-26T18:09:20.3370000-04:00,2025-09-26T22:09:20.3370000Z,,v3,471355,471355,,"Raether, Carson",1000338521,Right,MIA_RED,798ddf62-2b2b-4612-95f4-07b353dbfd2d,54.2919,-132.0584,12.94148,6.44292,-4.87843,-7.88049,0.94265,-3.10394,3.91603,,,,,,,,,,,,,,,,,,,,,,,,,,,,,,,,,,,,,,,,,,,,,,,,,,,High,High,High,,,,,
149,2025-09-26,18:09:40.11,4,2,"Tedesco, Jake",803230,Left,MIA_RED,"Phillips, Drew",1000194003,Right,MIA_RED,Undefined,5,Top,2,0,1,Fastball,Four-Seam,BallCalled,Undefined,Undefined,Undefined,0,0,,89.86473,-0.243686,0.691619,2136.005406,146.107041,10:45,6.47791,-0.99779,6.19435,-17.2445,16.82548,-10.6041,4.81589,-1.24294,82.26757,-3.534813,-1.222419,0.420104,,,,,,,,,,,,5.67363,9.09756,0.95089,50,6.45071,-1.14366,-130.65914,-1.04048,9.82919,26.97252,-16.41311,MIA_RED,MIA_RED,McKieFieldStad,TeamExclusive,Team,20250926-McKieFieldStad-Private-1,7fe5fec0-9b25-11f0-8518-fb35456db2e7,89.72158,,,7.59716,,,,,,,5a5ec5e9-a7b1-4805-aded-74df8f95eae1,2025-09-26,22:09:40.11,2025-09-26T18:09:40.1120000-04:00,2025-09-26T22:09:40.1120000Z,,v3,471355,471355,,"Raether, Carson",1000338521,Right,MIA_RED,9ce4ab0f-9fc1-4716-a2cc-1985b79459d6,54.30324,-131.54448,13.48626,6.47601,-0.50174,-8.20656,0.99372,-1.46629,4.9146,,,,,,,,,,,,,,,,,,,,,,,,,,,,,,,,,,,,,,,,,,,,,,,,,,,High,High,High,,,,,
150,2025-09-26,18:10:02.48,4,3,"Tedesco, Jake",803230,Left,MIA_RED,"Phillips, Drew",1000194003,Right,MIA_RED,Undefined,5,Top,2,1,1,Slider,Slider,StrikeSwinging,Undefined,Undefined,Undefined,0,0,,82.43613,-1.337367,1.374998,2396.785367,314.532711,4:30,6.56418,-1.19524,5.47556,-42.50404,-1.12008,2.32197,1.77017,0.28514,76.66377,-9.039984,1.789445,0.463007,,,,,,,,,,,,-0.83095,0.10665,1.07286,50,6.41744,-2.96839,-119.79901,-4.29812,-1.21833,21.21553,-32.01768,MIA_RED,MIA_RED,McKieFieldStad,TeamExclusive,Team,20250926-McKieFieldStad-Private-1,8d432b10-9b25-11f0-8518-fb35456db2e7,81.40798,,,5.77236,,,,,,,5a5ec5e9-a7b1-4805-aded-74df8f95eae1,2025-09-26,22:10:02.48,2025-09-26T18:10:02.4830000-04:00,2025-09-26T22:10:02.4830000Z,,v3,471355,471355,,"Raether, Carson",1000338521,Right,MIA_RED,51c43251-9545-4121-9fda-fa17442e6f38,55.0247,-120.68557,10.60777,6.56909,-2.96016,-16.00884,1.19584,-2.91748,-0.60916,,,,,,,,,,,,,,,,,,,,,,,,,,,,,,,,,,,,,,,,,,,,,,,,,,,High,High,High,,,,,
151,2025-09-26,18:10:22.57,4,4,"Tedesco, Jake",803230,Left,MIA_RED,"Phillips, Drew",1000194003,Right,MIA_RED,Undefined,5,Top,2,1,2,Slider,Slider,StrikeCalled,Strikeout,Undefined,Undefined,0,0,,82.36969,0.399686,1.247367,2463.324412,341.603917,5:30,6.57592,-0.99907,5.37124,-45.40916,-3.89189,1.67496,3.16664,0.31017,76.49028,-7.830341,1.545479,0.463752,,,,,,,,,,,,-0.53445,-1.69784,0.88605,50,6.57927,-2.67614,-119.74799,-0.81218,-0.78443,20.77577,-34.66608,MIA_RED,MIA_RED,McKieFieldStad,TeamExclusive,Team,20250926-McKieFieldStad-Private-1,992a3220-9b25-11f0-8518-fb35456db2e7,81.27713,,,5.87941,,,,,,,5a5ec5e9-a7b1-4805-aded-74df8f95eae1,2025-09-26,22:10:22.57,2025-09-26T18:10:22.5770000-04:00,2025-09-26T22:10:22.5770000Z,,v3,471355,471355,,"Raether, Carson",1000338521,Right,MIA_RED,7cd2693f-78e3-4ca3-988e-3ac4ff6bd92b,55.12923,-120.6346,10.38788,6.58236,0.66722,-17.33304,0.99954,-2.64266,-0.39221,,,,,,,,,,,,,,,,,,,,,,,,,,,,,,,,,,,,,,,,,,,,,,,,,,,High,High,High,,,,,
152,2025-09-26,18:14:00.41,1,1,"Denomme, Charlie",822734,Right,MIA_RED,"Cruz, Diego",1000178634,Left,MIA_RED,Undefined,5,Bottom,0,0,0,Fastball,Sinker,BallCalled,Undefined,Undefined,Undefined,0,0,,91.15656,-1.885555,-0.750619,2309.911025,231.005935,1:45,5.77616,1.59137,5.52283,-20.75391,13.47698,15.25139,2.28307,2.16053,83.10592,-5.757758,1.969496,0.421095,,,,,,,,,,,,-7.90622,7.68989,-1.53649,50,5.59848,1.03936,-132.25133,-5.07069,-13.94301,29.32558,-18.61257,MIA_RED,MIA_RED,McKieFieldStad,TeamExclusive,Team,20250926-McKieFieldStad-Private-1,1afe6eb0-9b26-11f0-8518-fb35456db2e7,89.51048,,,8.05064,,,,,,,5a5ec5e9-a7b1-4805-aded-74df8f95eae1,2025-09-26,22:14:00.41,2025-09-26T18:14:00.4100000-04:00,2025-09-26T22:14:00.4100000Z,,v3,471355,471355,,"Buffington, Matthew",825106,Right,MIA_RED,119c8eb4-7490-4347-88b8-353043d20284,54.97423,-133.34976,14.66279,5.77535,-4.37353,-9.30628,-1.58521,1.56161,-6.9715,,,,,,,,,,,,,,,,,,,,,,,,,,,,,79.1913,1.955557,0.720742,1.234814,-0.76634,2.05932,-2.23771,-0.41887,5.62475,0.20418,127.27904,0.02271,-0.83258,-0.32667,114.30353,-8.96207,5.67049,12.59021,-13.94468,0.18344,-2.57888,1.44074,High,High,High,,,High,High,High
153,2025-09-26,18:14:34.32,1,2,"Denomme, Charlie",822734,Right,MIA_RED,"Cruz, Diego",1000178634,Left,MIA_RED,Undefined,5,Bottom,0,1,0,Fastball,Sinker,StrikeCalled,Undefined,Undefined,Undefined,0,0,,90.79146,-2.151569,-3.992267,2248.299474,232.948131,1:45,5.7282,1.72367,5.56671,-20.14718,14.48229,17.61997,2.03357,-0.54339,82.53223,-5.928184,-0.857105,0.42354,,,,,,,,,,,,-10.0439,8.29256,-1.39076,50,5.52919,8.37299,-131.40197,-5.62472,-17.48042,29.03504,-17.74171,MIA_RED,MIA_RED,McKieFieldStad,TeamExclusive,Team,20250926-McKieFieldStad-Private-1,2f45ee20-9b26-11f0-8518-fb35456db2e7,88.99384,,,8.25923,,,,,,,5a5ec5e9-a7b1-4805-aded-74df8f95eae1,2025-09-26,22:14:34.32,2025-09-26T18:14:34.3200000-04:00,2025-09-26T22:14:34.3200000Z,,v3,471355,471355,,"Buffington, Matthew",825106,Right,MIA_RED,aa6f12b7-9714-446d-9dfe-2fa6976d4696,54.93047,-132.48694,14.51752,5.72699,-4.96175,-8.87085,-1.71584,9.02619,-8.74021,,,,,,,,,,,,,,,,,,,,,,,,,,,,,,,,,,,,,,,,,,,,,,,,,,,High,High,High,,,,,
154,2025-09-26,18:14:54.24,1,3,"Denomme, Charlie",822734,Right,MIA_RED,"Cruz, Diego",1000178634,Left,MIA_RED,Undefined,5,Bottom,0,1,1,Fastball,Sinker,InPlay,Undefined,Undefined,Undefined,0,0,,91.14029,-1.49583,-2.673225,2288.651084,225.995174,1:30,5.79887,1.64837,5.65087,-17.47985,16.52422,15.97095,2.94526,0.48423,83.16293,-4.797214,0.177623,0.419698,34.47347,-84.937742,52.557576,,,,,3.68376,3.68376,-4.054995,0.060752,-8.94146,9.15941,-1.43243,50,5.66113,5.48166,-132.23095,-4.02021,-15.81093,28.53244,-15.97769,MIA_RED,MIA_RED,McKieFieldStad,TeamExclusive,Team,20250926-McKieFieldStad-Private-1,3af40ae0-9b26-11f0-8518-fb35456db2e7,89.80849,3.1179,,7.97736,,,,3.50662,3.1179,-0.47978,5a5ec5e9-a7b1-4805-aded-74df8f95eae1,2025-09-26,22:14:54.24,2025-09-26T18:14:54.2400000-04:00,2025-09-26T22:14:54.2400000Z,GroundBall,v3,471355,471355,,"Buffington, Matthew",825106,Right,MIA_RED,2a83a86b-4a1c-4f3e-b103-c6cfa2100308,54.84854,-133.27305,14.26622,5.79731,-3.43665,-7.98885,-1.64318,6.05913,-7.90547,,3.50612,2.764,,,,,,,,3.12727,-51.32228,,,,,,,,-0.48044,3.60962,,,,,,,,,,,,,,,,,,,,,,,,,,,,,,High,High,High,Estimated,Estimated,,,
155,2025-09-26,18:15:31.38,2,1,"Denomme, Charlie",822734,Right,MIA_RED,"Cruz, Diego",1000178634,Left,MIA_RED,Undefined,5,Bottom,0,0,0,Fastball,Four-Seam,BallCalled,Undefined,Undefined,Undefined,0,0,,93.12647,0.152044,-1.043133,2429.348021,221.659779,1:30,5.75218,1.57211,5.64719,-14.63769,17.8767,14.99028,4.67422,1.84823,84.85224,-2.642648,1.634529,0.410402,,,,,,,,,,,,-7.82965,9.30375,-1.49302,50,5.75582,1.7633,-135.22216,-0.083,-14.48683,29.67893,-14.95978,MIA_RED,MIA_RED,McKieFieldStad,TeamExclusive,Team,20250926-McKieFieldStad-Private-1,5108f750-9b26-11f0-8518-fb35456db2e7,91.84281,,,8.27422,,,,,,,5a5ec5e9-a7b1-4805-aded-74df8f95eae1,2025-09-26,22:15:31.38,2025-09-26T18:15:31.3800000-04:00,2025-09-26T22:15:31.3800000Z,,v3,471355,471355,,"Buffington, Matthew",825106,Right,MIA_RED,e8a46ed5-2cde-4d46-ac5b-960377f15139,54.8491,-136.2823,14.83947,5.74924,0.45136,-7.47989,-1.56525,2.28077,-7.24342,,,,,,,,,,,,,,,,,,,,,,,,,,,,,,,,,,,,,,,,,,,,,,,,,,,High,High,High,,,,,
156,2025-09-26,18:16:06.02,2,2,"Denomme, Charlie",822734,Right,MIA_RED,"Cruz, Diego",1000178634,Left,MIA_RED,Undefined,5,Bottom,0,1,0,Sinker,Sinker,FoulBallNotFieldable,Undefined,Undefined,Undefined,0,0,,92.80565,-2.426377,-2.327162,2317.241448,236.967001,2:00,5.74574,1.54114,5.70697,-19.58269,13.14178,18.59438,1.85,0.92128,84.88459,-6.087577,0.998559,0.411725,39.87933,41.014737,-55.965234,3219.581703,,,,97.21274,94.28726,-60.801528,2.510968,-10.21044,7.6913,-1.3583,50,5.53021,4.65918,-134.64195,-6.37882,-18.72602,29.48433,-18.06816,MIA_RED,MIA_RED,McKieFieldStad,TeamExclusive,Team,20250926-McKieFieldStad-Private-1,65e340e0-9b26-11f0-8518-fb35456db2e7,91.54755,24.98833,,7.92106,,,,3.73266,2.3333,-0.84302,5a5ec5e9-a7b1-4805-aded-74df8f95eae1,2025-09-26,22:16:06.02,2025-09-26T18:16:06.0290000-04:00,2025-09-26T22:16:06.0290000Z,GroundBall,v3,471355,471355,,"Buffington, Matthew",825106,Right,MIA_RED,7c5abde0-e955-4376-b73a-650b5e330381,54.793,-135.68748,14.74217,5.74504,-5.73811,-9.03408,-1.5353,5.32321,-9.36301,142.400303,3.73265,24.70247,-5.37715,1.57195,-0.3774,0.13877,-0.07417,0.02381,-0.00288,2.3334,38.37749,-16.93722,0.57523,0.18933,-0.30292,0.17036,-0.04452,0.00443,-0.84302,-36.57333,2.23231,-0.631,0.15824,-0.06677,0.03665,-0.0115,0.00136,,,,,,,,,,,,,,,,,,,,,,,High,High,High,High,High,,,
157,2025-09-26,18:16:37.96,2,3,"Denomme, Charlie",822734,Right,MIA_RED,"Cruz, Diego",1000178634,Left,MIA_RED,Undefined,5,Bottom,0,1,1,Fastball,Four-Seam,FoulBallNotFieldable,Undefined,Undefined,Undefined,0,0,,94.56113,-2.938665,-2.755959,2569.863338,221.021236,1:15,5.69499,1.49132,5.86223,-13.45217,18.02296,14.76324,1.83845,0.15938,86.1004,-5.518087,-0.11069,0.40379,70.97018,35.679845,-136.147735,3433.921403,,,,,35.87091,,,-8.373,10.3915,-1.27659,50,5.44866,5.93934,-137.04778,-7.4375,-15.86663,31.31429,-12.48239,MIA_RED,MIA_RED,McKieFieldStad,TeamExclusive,Team,20250926-McKieFieldStad-Private-1,78edd380-9b26-11f0-8518-fb35456db2e7,93.34671,23.82968,,8.46072,,,,1.7027,1.94462,-0.19391,5a5ec5e9-a7b1-4805-aded-74df8f95eae1,2025-09-26,22:16:37.96,2025-09-26T18:16:37.9600000-04:00,2025-09-26T22:16:37.9600000Z,,v3,471355,471355,,"Buffington, Matthew",825106,Right,MIA_RED,a708cf2f-fc70-47c6-a27b-af7eb9a2625b,54.63607,-138.10302,15.65714,5.6922,-7.01686,-6.24119,-1.48575,6.47403,-7.93331,,1.70917,-61.16524,2.08282,,,,,,,1.96684,60.06197,-27.80301,,,,,,,-0.20865,-58.14704,12.02792,,,,,,,,,,,,,,,,,,,,,,,,,,,,,High,High,High,High,Undefined,,,
158,2025-09-26,18:17:01.91,2,4,"Denomme, Charlie",822734,Right,MIA_RED,"Cruz, Diego",1000178634,Left,MIA_RED,Undefined,5,Bottom,0,1,2,Fastball,Four-Seam,FoulBallNotFieldable,Undefined,Undefined,Undefined,0,0,,93.92717,-1.129009,-1.808653,2428.819831,219.595485,1:15,5.6459,1.50352,5.83382,-12.90524,18.84733,14.74891,3.52041,1.05094,85.64285,-3.614907,0.834507,0.405565,73.03127,32.640952,-163.328117,2925.720828,,,,,46.97102,,,-8.0904,10.27658,-1.36498,50,5.54637,3.65632,-136.40072,-3.06002,-15.22101,30.38824,-12.84004,MIA_RED,MIA_RED,McKieFieldStad,TeamExclusive,Team,20250926-McKieFieldStad-Private-1,872707f0-9b26-11f0-8518-fb35456db2e7,92.93799,27.45548,,8.28432,,,,1.43899,3.53966,-1.04047,5a5ec5e9-a7b1-4805-aded-74df8f95eae1,2025-09-26,22:17:01.91,2025-09-26T18:17:01.9140000-04:00,2025-09-26T22:17:01.9140000Z,,v3,471355,471355,,"Buffington, Matthew",825106,Right,MIA_RED,2c89d355-9b1d-46c5-aa8b-284021cfc7bb,54.66501,-137.43609,15.19412,5.64317,-2.62254,-6.42002,-1.49839,4.17492,-7.61051,2.907177,1.43899,-86.40426,5.00355,0.22175,-0.10773,0.05355,-0.01052,-0.00914,0.01138,3.53966,57.77349,-27.67931,3.30116,-0.70038,0.14425,-0.01244,-0.04023,0.03817,-1.04047,-25.87631,1.91717,-0.18921,0.03049,-0.00109,-0.00075,0.00243,-0.00201,,,,,,,,,,,,,,,,,,,,,,,High,High,High,High,Undefined,,,
159,2025-09-26,18:17:25.69,2,5,"Denomme, Charlie",822734,Right,MIA_RED,"Cruz, Diego",1000178634,Left,MIA_RED,Undefined,5,Bottom,0,1,2,Sinker,Sinker,BallCalled,Undefined,Undefined,Undefined,0,0,,94.16175,-1.264806,-1.102023,2623.587953,238.436613,2:00,5.66225,1.55527,5.70545,-19.81115,12.2315,18.09922,2.83247,2.03663,85.23843,-4.9889,2.136405,0.407414,,,,,,,,,,,,-9.49378,6.93166,-1.47413,50,5.54414,1.78392,-136.594,-3.69928,-17.74025,33.16367,-19.22148,MIA_RED,MIA_RED,McKieFieldStad,TeamExclusive,Team,20250926-McKieFieldStad-Private-1,954f7380-9b26-11f0-8518-fb35456db2e7,92.51634,,,8.92332,,,,,,,5a5ec5e9-a7b1-4805-aded-74df8f95eae1,2025-09-26,22:17:25.69,2025-09-26T18:17:25.6920000-04:00,2025-09-26T22:17:25.6920000Z,,v3,471355,471355,,"Buffington, Matthew",825106,Right,MIA_RED,a95658c7-8daf-4170-9d16-d8eeed65e8fe,54.79088,-137.75226,16.58184,5.66162,-3.02796,-9.61074,-1.54725,2.40351,-8.87012,,,,,,,,,,,,,,,,,,,,,,,,,,,,,,,,,,,,,,,,,,,,,,,,,,,High,High,High,,,,,
160,2025-09-26,18:17:49.61,2,6,"Denomme, Charlie",822734,Right,MIA_RED,"Cruz, Diego",1000178634,Left,MIA_RED,Undefined,5,Bottom,0,2,2,Cutter,Slider,BallCalled,Undefined,Undefined,Undefined,0,0,,85.93237,1.037406,-0.462627,2384.540158,220.736116,1:15,5.59763,1.90326,5.47864,-34.03281,4.07847,2.56575,3.73238,1.6842,79.15448,-5.203916,-0.005529,0.444322,,,,,,,,,,,,-1.40913,2.14311,-1.86445,50,5.6655,0.89837,-124.86534,1.0294,-2.24271,23.2356,-28.76313,MIA_RED,MIA_RED,McKieFieldStad,TeamExclusive,Team,20250926-McKieFieldStad-Private-1,a371eba0-9b26-11f0-8518-fb35456db2e7,84.83127,,,6.77788,,,,,,,5a5ec5e9-a7b1-4805-aded-74df8f95eae1,2025-09-26,22:17:49.61,2025-09-26T18:17:49.6190000-04:00,2025-09-26T22:17:49.6190000Z,,v3,471355,471355,,"Buffington, Matthew",825106,Right,MIA_RED,a9c8c84d-d273-483d-8053-71d6339d9690,55.0195,-125.79593,11.6178,5.6012,2.18136,-14.38157,-1.90223,0.98819,-1.12136,,,,,,,,,,,,,,,,,,,,,,,,,,,,,,,,,,,,,,,,,,,,,,,,,,,High,High,High,,,,,
161,2025-09-26,18:18:09.60,2,7,"Denomme, Charlie",822734,Right,MIA_RED,"Cruz, Diego",1000178634,Left,MIA_RED,Undefined,5,Bottom,0,3,2,Fastball,Sinker,BallCalled,Walk,Undefined,Undefined,0,0,,93.40812,-2.816072,-1.300978,2485.360668,230.496029,1:45,5.66644,1.55243,5.92147,-17.58903,14.54166,16.3528,1.58474,1.70772,85.22813,-6.133137,1.637148,0.407973,,,,,,,,,,,,-8.71725,8.57776,-1.45738,50,5.4309,2.34705,-135.50459,-7.22553,-16.15002,30.59731,-16.28247,MIA_RED,MIA_RED,McKieFieldStad,TeamExclusive,Team,20250926-McKieFieldStad-Private-1,af7e7c10-9b26-11f0-8518-fb35456db2e7,92.38956,,,8.17999,,,,,,,5a5ec5e9-a7b1-4805-aded-74df8f95eae1,2025-09-26,22:18:09.60,2025-09-26T18:18:09.6020000-04:00,2025-09-26T22:18:09.6020000Z,,v3,471355,471355,,"Buffington, Matthew",825106,Right,MIA_RED,5c89880f-c1ae-4c55-87e9-d6faa52dfd35,54.57565,-136.53388,15.29866,5.66475,-6.6778,-8.14123,-1.54547,2.89034,-8.07501,,,,,,,,,,,,,,,,,,,,,,,,,,,,,,,,,,,,,,,,,,,,,,,,,,,High,High,High,,,,,
162,2025-09-26,18:18:41.10,3,1,"Denomme, Charlie",822734,Right,MIA_RED,"Dierks, Marcus",10322729,Left,MIA_RED,Undefined,5,Bottom,0,0,0,Fastball,Four-Seam,BallCalled,Undefined,Undefined,Undefined,0,0,,93.36272,-2.074734,-4.513192,2409.228329,223.157101,1:30,5.6535,1.57061,5.7426,-14.81906,17.59107,15.50284,2.48,-1.3483,85.13345,-4.897731,-1.750324,0.409743,,,,,,,,,,,,-9.09394,9.82426,-1.20407,50,5.47139,9.95815,-135.13598,-5.35921,-16.82797,29.25832,-13.99461,MIA_RED,MIA_RED,McKieFieldStad,TeamExclusive,Team,20250926-McKieFieldStad-Private-1,c22bac70-9b26-11f0-8518-fb35456db2e7,91.99039,,,8.22927,,,,,,,5a5ec5e9-a7b1-4805-aded-74df8f95eae1,2025-09-26,22:18:41.10,2025-09-26T18:18:41.1070000-04:00,2025-09-26T22:18:41.1070000Z,,v3,471355,471355,,"Buffington, Matthew",825106,Right,MIA_RED,078219ea-62c2-46ae-a2c5-628ca1762d92,54.7547,-136.16152,14.62916,5.65064,-4.86868,-6.9973,-1.56346,10.54799,-8.41399,,,,,,,,,,,,,,,,,,,,,,,,,,,,,,,,,,,,,,,,,,,,,,,,,,,High,High,High,,,,,
163,2025-09-26,18:19:32.12,3,2,"Denomme, Charlie",822734,Right,MIA_RED,"Dierks, Marcus",10322729,Left,MIA_RED,Undefined,5,Bottom,0,1,0,Fastball,Four-Seam,InPlay,Undefined,Bunt,Single,0,0,,92.23937,-1.213144,-2.68096,2485.956142,227.769229,1:30,5.74504,1.53276,5.81386,-17.11721,16.07339,16.45989,3.18919,0.40977,83.63009,-4.469394,0.266062,0.414647,,,,,,,,,,,,-9.28319,8.92166,-1.32329,50,5.63564,5.55078,-133.78784,-3.3719,-16.69099,31.01941,-16.13304,MIA_RED,MIA_RED,McKieFieldStad,TeamExclusive,Team,20250926-McKieFieldStad-Private-1,e09d19a0-9b26-11f0-8518-fb35456db2e7,90.90238,,,8.60928,,,,,,,5a5ec5e9-a7b1-4805-aded-74df8f95eae1,2025-09-26,22:19:32.12,2025-09-26T18:19:32.1250000-04:00,2025-09-26T22:19:32.1250000Z,,v3,471355,471355,,"Buffington, Matthew",825106,Right,MIA_RED,59b84daa-6eb1-4e1e-841c-f18515d96ab8,54.68478,-134.86965,15.50971,5.74343,-2.80926,-8.06652,-1.52703,6.13289,-8.3455,,,,,,,,,,,,,,,,,,,,,,,,,,,,,,,,,,,,,,,,,,,,,,,,,,,High,High,High,,,,,
164,2025-09-26,18:22:23.56,4,1,"Denomme, Charlie",822734,Right,MIA_RED,"Novak, Ryan",10035937,Left,MIA_RED,Undefined,5,Bottom,0,0,0,Fastball,Four-Seam,BallCalled,Undefined,Undefined,Undefined,0,0,,93.00575,-2.227539,-0.834519,2550.017462,221.090225,1:15,5.77516,1.63271,5.76389,-13.82044,18.80895,15.44867,2.54903,2.14335,84.5825,-4.876934,1.931863,0.411127,,,,,,,,,,,,-8.09272,10.55178,-1.57301,50,5.58244,1.26634,-134.93953,-5.6466,-14.83953,30.86985,-12.82541,MIA_RED,MIA_RED,McKieFieldStad,TeamExclusive,Team,20250926-McKieFieldStad-Private-1,46d09530-9b27-11f0-8518-fb35456db2e7,91.68079,,,8.42325,,,,,,,5a5ec5e9-a7b1-4805-aded-74df8f95eae1,2025-09-26,22:22:23.56,2025-09-26T18:22:23.5670000-04:00,2025-09-26T22:22:23.5670000Z,,v3,471355,471355,,"Buffington, Matthew",825106,Right,MIA_RED,3044a6c8-8ea3-4030-b786-e741654ca2aa,54.73301,-136.01798,15.43493,5.77188,-5.19854,-6.41271,-1.6263,1.78476,-7.41977,,,,,,,,,,,,,,,,,,,,,,,,,,,,,,,,,,,,,,,,,,,,,,,,,,,High,High,High,,,,,
165,2025-09-26,18:23:40.22,4,2,"Denomme, Charlie",822734,Right,MIA_RED,"Novak, Ryan",10035937,Left,MIA_RED,Undefined,5,Bottom,0,1,0,Fastball,Four-Seam,FoulBallNotFieldable,Undefined,Undefined,Undefined,0,0,,91.75106,-2.362362,-3.05266,2183.836653,228.305836,1:30,5.74403,1.51894,5.62487,-18.13438,15.36914,16.07595,2.02407,0.00739,84.11841,-5.761674,-0.185189,0.416598,49.1154,-18.865331,-142.099889,,,,,4.57503,4.57503,-123.27152,0.090524,-9.02993,8.75898,-1.26948,50,5.53093,6.38975,-133.05347,-6.10138,-16.24144,27.65507,-16.41993,MIA_RED,MIA_RED,McKieFieldStad,TeamExclusive,Team,20250926-McKieFieldStad-Private-1,7484dea0-9b27-11f0-8518-fb35456db2e7,90.47687,2.12162,,7.63265,,,,2.38953,2.12162,-0.01098,5a5ec5e9-a7b1-4805-aded-74df8f95eae1,2025-09-26,22:23:40.22,2025-09-26T18:23:40.2280000-04:00,2025-09-26T22:23:40.2280000Z,GroundBall,v3,471355,471355,,"Buffington, Matthew",825106,Right,MIA_RED,73242225-74f8-4103-b2bf-fe0f050e600c,54.87466,-134.06284,13.82753,5.74268,-5.50208,-8.20997,-1.51351,6.98254,-8.12072,,2.3944,-54.12269,,,,,,,,2.12373,-23.43703,,,,,,,,-0.00719,-42.13353,,,,,,,,,,,,,,,,,,,,,,,,,,,,,,High,High,High,Estimated,Estimated,,,
166,2025-09-26,18:24:10.11,4,3,"Denomme, Charlie",822734,Right,MIA_RED,"Novak, Ryan",10035937,Left,MIA_RED,Undefined,5,Bottom,0,1,1,Sinker,Sinker,BallCalled,Undefined,Undefined,Undefined,0,0,,91.34831,-1.962972,-1.135265,2089.798545,238.586645,2:00,5.69723,1.56759,5.7044,-22.69171,10.94119,16.21773,1.9762,1.86116,83.88403,-6.174854,1.767594,0.417401,,,,,,,,,,,,-8.53811,6.41607,-1.48257,50,5.51859,1.90954,-132.65107,-5.33843,-15.25369,27.66941,-20.71146,MIA_RED,MIA_RED,McKieFieldStad,TeamExclusive,Team,20250926-McKieFieldStad-Private-1,866a0410-9b27-11f0-8518-fb35456db2e7,90.30269,,,7.46428,,,,,,,5a5ec5e9-a7b1-4805-aded-74df8f95eae1,2025-09-26,22:24:10.11,2025-09-26T18:24:10.1100000-04:00,2025-09-26T22:24:10.1100000Z,,v3,471355,471355,,"Buffington, Matthew",825106,Right,MIA_RED,32bd6191-13a5-46dd-853f-634b367a049b,54.79383,-133.64726,13.8347,5.69737,-4.59274,-10.35573,-1.5612,2.45872,-7.62684,,,,,,,,,,,,,,,,,,,,,,,,,,,,,,,,,,,,,,,,,,,,,,,,,,,High,High,High,,,,,
167,2025-09-26,18:24:25.50,4,4,"Denomme, Charlie",822734,Right,MIA_RED,"Novak, Ryan",10035937,Left,MIA_RED,Undefined,5,Bottom,0,2,1,Sinker,Sinker,StrikeSwinging,Undefined,Undefined,Undefined,0,0,,91.3707,-1.334487,-2.322393,2192.374121,239.346115,2:00,5.67093,1.65494,5.63835,-22.71072,11.05233,16.85729,2.53219,0.89198,83.6479,-5.557637,0.688468,0.418208,,,,,,,,,,,,-9.14272,6.29457,-1.4683,50,5.54305,4.61628,-132.6067,-3.8901,-16.30525,27.93966,-20.94824,MIA_RED,MIA_RED,McKieFieldStad,TeamExclusive,Team,20250926-McKieFieldStad-Private-1,8f6f20e0-9b27-11f0-8518-fb35456db2e7,90.12849,,,7.72281,,,,,,,5a5ec5e9-a7b1-4805-aded-74df8f95eae1,2025-09-26,22:24:25.50,2025-09-26T18:24:25.5010000-04:00,2025-09-26T22:24:25.5010000Z,,v3,471355,471355,,"Buffington, Matthew",825106,Right,MIA_RED,6ac6323a-fdf3-4bbe-9849-34eff211d8a1,54.85937,-133.62663,13.96983,5.6711,-3.12539,-10.47412,-1.64768,5.2115,-8.15262,,,,,,,,,,,,,,,,,,,,,,,,,,,,,,,,,,,,,,,,,,,,,,,,,,,High,High,High,,,,,
168,2025-09-26,18:24:41.28,4,5,"Denomme, Charlie",822734,Right,MIA_RED,"Novak, Ryan",10035937,Left,MIA_RED,Undefined,5,Bottom,0,2,2,Sinker,Sinker,BallCalled,Undefined,Undefined,Undefined,0,0,,91.18911,-1.223796,-1.413091,2194.221202,239.343564,2:00,5.58011,1.56855,5.57703,-22.7621,11.23068,17.13115,2.53977,1.67611,83.40669,-5.454385,1.644862,0.419628,,,,,,,,,,,,-9.02296,6.35091,-1.45824,50,5.46004,2.48757,-132.38354,-3.63364,-16.01118,28.28074,-20.90439,MIA_RED,MIA_RED,McKieFieldStad,TeamExclusive,Team,20250926-McKieFieldStad-Private-1,98f4b850-9b27-11f0-8518-fb35456db2e7,89.82343,,,7.78242,,,,,,,5a5ec5e9-a7b1-4805-aded-74df8f95eae1,2025-09-26,22:24:41.28,2025-09-26T18:24:41.2870000-04:00,2025-09-26T22:24:41.2870000Z,,v3,471355,471355,,"Buffington, Matthew",825106,Right,MIA_RED,c95939f7-27dc-4584-b82a-f38b93739cc3,54.92053,-133.43056,14.14037,5.58024,-2.85971,-10.4522,-1.56131,3.08033,-8.00559,,,,,,,,,,,,,,,,,,,,,,,,,,,,,,,,,,,,,,,,,,,,,,,,,,,High,High,High,,,,,
169,2025-09-26,18:25:00.32,4,6,"Denomme, Charlie",822734,Right,MIA_RED,"Novak, Ryan",10035937,Left,MIA_RED,Undefined,5,Bottom,0,3,2,Fastball,Four-Seam,BallCalled,Walk,Undefined,Undefined,0,0,,91.93497,-1.822437,-3.927059,2183.89411,217.120335,1:15,5.59709,1.63003,5.80293,-15.83103,17.35855,12.35032,2.57838,-0.99874,84.1567,-4.825533,-1.72134,0.414641,,,,,,,,,,,,-7.32174,9.64638,-1.3145,50,5.43764,8.59752,-133.23404,-4.72924,-13.2123,27.57738,-14.7668,MIA_RED,MIA_RED,McKieFieldStad,TeamExclusive,Team,20250926-McKieFieldStad-Private-1,a4251990-9b27-11f0-8518-fb35456db2e7,90.90379,,,7.77827,,,,,,,5a5ec5e9-a7b1-4805-aded-74df8f95eae1,2025-09-26,22:25:00.32,2025-09-26T18:25:00.3220000-04:00,2025-09-26T22:25:00.3220000Z,,v3,471355,471355,,"Buffington, Matthew",825106,Right,MIA_RED,41251050-266e-42f8-b1dd-745fe4c4926b,54.69442,-134.20219,13.78869,5.59457,-4.21082,-7.3834,-1.62448,9.06137,-6.60615,,,,,,,,,,,,,,,,,,,,,,,,,,,,,,,,,,,,,,,,,,,,,,,,,,,High,High,High,,,,,
170,2025-09-26,18:25:35.96,5,1,"Denomme, Charlie",822734,Right,MIA_RED,"Gonzalez Rivera, Ignacio",10124440,Right,MIA_RED,Undefined,5,Bottom,0,0,0,Fastball,Four-Seam,BallCalled,Undefined,Undefined,Undefined,0,0,,93.46274,-0.358297,-1.496916,2344.936615,223.045658,1:30,5.77732,1.55246,5.57045,-14.48406,18.22387,15.95316,4.23552,1.48334,84.33995,-3.140359,1.348452,0.411621,,,,,,,,,,,,-8.42465,9.60961,-1.43372,50,5.73713,2.77454,-135.51272,-1.27723,-15.4982,32.56927,-14.49591,MIA_RED,MIA_RED,McKieFieldStad,TeamExclusive,Team,20250926-McKieFieldStad-Private-1,b98caf00-9b27-11f0-8518-fb35456db2e7,91.57066,,,9.1228,,,,,,,5a5ec5e9-a7b1-4805-aded-74df8f95eae1,2025-09-26,22:25:35.96,2025-09-26T18:25:35.9680000-04:00,2025-09-26T22:25:35.9680000Z,,v3,471355,471355,,"Buffington, Matthew",825106,Right,MIA_RED,7f4a03fe-1895-42e8-91ca-a496d5cd28e6,54.92382,-136.691,16.28464,5.77385,-0.7528,-7.24796,-1.54424,3.33522,-7.7491,,,,,,,,,,,,,,,,,,,,,,,,,,,,,,,,,,,,,,,,,,,,,,,,,,,High,High,High,,,,,
171,2025-09-26,18:25:58.89,5,2,"Denomme, Charlie",822734,Right,MIA_RED,"Gonzalez Rivera, Ignacio",10124440,Right,MIA_RED,Undefined,5,Bottom,0,1,0,Sinker,Sinker,FoulBallNotFieldable,Undefined,Undefined,Undefined,0,0,,91.37114,-0.958259,-2.1987,2261.245615,238.300375,2:00,5.65547,1.48446,5.67164,-21.67182,12.16871,17.91611,2.95535,0.92659,83.26991,-5.011079,1.003049,0.418687,91.33911,22.024088,-41.429631,2310.848356,78.92482,34.05614,-76.62115,274.98237,215.65792,-48.528771,3.106363,-9.77941,6.78492,-1.31061,50,5.56104,4.3039,-132.61244,-2.96325,-17.35565,29.25982,-20.13278,MIA_RED,MIA_RED,McKieFieldStad,TeamExclusive,Team,20250926-McKieFieldStad-Private-1,c72f96e0-9b27-11f0-8518-fb35456db2e7,90.02523,37.38809,,8.10123,,,,1.76549,3.07487,-0.95733,5a5ec5e9-a7b1-4805-aded-74df8f95eae1,2025-09-26,22:25:58.89,2025-09-26T18:25:58.8960000-04:00,2025-09-26T22:25:58.8960000Z,LineDrive,v3,471355,471355,,"Buffington, Matthew",825106,Right,MIA_RED,edcbb9f6-3d7b-4650-a658-2b30bc4ef728,54.8272,-133.67327,14.62991,5.65524,-2.23332,-10.06639,-1.47805,4.93314,-8.67783,,1.76529,93.1223,-17.47954,3.642,-1.01919,0.38044,-0.14854,0.03447,-0.00315,3.07501,50.2292,-20.70802,1.96642,-0.14141,-0.13914,0.08396,-0.01972,0.00171,-0.95725,-82.18048,4.80068,0.23197,0.15249,-0.2614,0.13679,-0.03185,0.00281,,,,,,,,,,,,,,,,,,,,,,,High,High,High,High,Medium,,,