PitchNo,Date,Time,PAofInning,PitchofPA,Pitcher,PitcherId,PitcherThrows,PitcherTeam,Batter,BatterId,BatterSide,BatterTeam,PitcherSet,Inning,Top/Bottom,Outs,Balls,Strikes,TaggedPitchType,AutoPitchType,PitchCall,KorBB,TaggedHitType,PlayResult,OutsOnPlay,RunsScored,Notes,RelSpeed,VertRelAngle,HorzRelAngle,SpinRate,SpinAxis,Tilt,RelHeight,RelSide,Extension,VertBreak,InducedVertBreak,HorzBreak,PlateLocHeight,PlateLocSide,ZoneSpeed,VertApprAngle,HorzApprAngle,ZoneTime,ExitSpeed,Angle,Direction,HitSpinRate,PositionAt110X,PositionAt110Y,PositionAt110Z,Distance,LastTrackedDistance,Bearing,HangTime,pfxx,pfxz,x0,y0,z0,vx0,vy0,vz0,ax0,ay0,az0,HomeTeam,AwayTeam,Stadium,Level,League,GameID,PitchUID,EffectiveVelo,MaxHeight,MeasuredDuration,SpeedDrop,PitchLastMeasuredX,PitchLastMeasuredY,PitchLastMeasuredZ,ContactPositionX,ContactPositionY,ContactPositionZ,GameUID,UTCDate,UTCTime,LocalDateTime,UTCDateTime,AutoHitType,System,HomeTeamForeignID,AwayTeamForeignID,GameForeignID,Catcher,CatcherId,CatcherThrows,CatcherTeam,PlayID,PitchTrajectoryXc0,PitchTrajectoryXc1,PitchTrajectoryXc2,PitchTrajectoryYc0,PitchTrajectoryYc1,PitchTrajectoryYc2,PitchTrajectoryZc0,PitchTrajectoryZc1,PitchTrajectoryZc2,HitSpinAxis,HitTrajectoryXc0,HitTrajectoryXc1,HitTrajectoryXc2,HitTrajectoryXc3,HitTrajectoryXc4,HitTrajectoryXc5,HitTrajectoryXc6,HitTrajectoryXc7,HitTrajectoryXc8,HitTrajectoryYc0,HitTrajectoryYc1,HitTrajectoryYc2,HitTrajectoryYc3,HitTrajectoryYc4,HitTrajectoryYc5,HitTrajectoryYc6,HitTrajectoryYc7,HitTrajectoryYc8,HitTrajectoryZc0,HitTrajectoryZc1,HitTrajectoryZc2,HitTrajectoryZc3,HitTrajectoryZc4,HitTrajectoryZc5,HitTrajectoryZc6,HitTrajectoryZc7,HitTrajectoryZc8,ThrowSpeed,PopTime,ExchangeTime,TimeToBase,CatchPositionX,CatchPositionY,CatchPositionZ,ThrowPositionX,ThrowPositionY,ThrowPositionZ,BasePositionX,BasePositionY,BasePositionZ,ThrowTrajectoryXc0,ThrowTrajectoryXc1,ThrowTrajectoryXc2,ThrowTrajectoryYc0,ThrowTrajectoryYc1,ThrowTrajectoryYc2,ThrowTrajectoryZc0,ThrowTrajectoryZc1,ThrowTrajectoryZc2,PitchReleaseConfidence,PitchLocationConfidence,PitchMovementConfidence,HitLaunchConfidence,HitLandingConfidence,CatcherThrowCatchConfidence,CatcherThrowReleaseConfidence,CatcherThrowLocationConfidence
1,2025-10-09,15:22:20.46,1,1,"Burke, Clayton",1000266653,Right,MIA_RED,"Roa Calcano, Christopher",1000375139,Left,MIA_RED,Undefined,1,Top,0,0,0,Fastball,Sinker,FoulBallNotFieldable,Undefined,Undefined,Undefined,0,0,,90.85383,-2.934274,-3.411929,2490.760243,227.678524,1:30,5.06968,1.19876,5.867,-17.15603,16.95028,17.3621,0.90714,-0.52749,82.8291,-6.186089,-0.30239,0.420329,73.14928,-25.854974,126.734057,,,,,2.35398,2.35398,66.368526,0.021082,-9.91638,9.86835,-0.93263,50,4.82166,7.10989,-131.61612,-7.28066,-17.34067,28.74078,-14.91738,MIA_RED,MIA_RED,McKieFieldStad,TeamExclusive,Team,20251009-McKieFieldStad-Private-1,47176f50-a545-11f0-8767-37a0e00d5193,89.67376,0.98763,,8.02474,,,,2.16255,0.98763,0.52327,e3c7f913-4cf5-4f85-a000-20dd86a5ad6d,2025-10-09,19:22:20.46,2025-10-09T15:22:20.4624896-04:00,2025-10-09T19:22:20.4624896Z,GroundBall,v3,471355,471355,,"Raether, Carson",1000338521,Right,MIA_RED,53adfa98-af67-4e25-9481-b58ff04dc8aa,54.63195,-132.62373,14.37039,5.06775,-6.75768,-7.45869,-1.19256,7.71783,-8.67033,,2.1628,-57.81968,,,,,,,,0.98784,-46.84755,,,,,,,,0.52293,77.4749,,,,,,,,,,,,,,,,,,,,,,,,,,,,,,High,High,High,Estimated,Estimated,,,
2,2025-10-09,15:22:52.98,1,2,"Burke, Clayton",1000266653,Right,MIA_RED,"Roa Calcano, Christopher",1000375139,Left,MIA_RED,Undefined,1,Top,0,0,1,Fastball,Four-Seam,InPlay,Undefined,LineDrive,Out,2,0,,91.54401,-2.212076,-3.261657,2457.477625,223.129083,1:30,4.97945,1.24802,5.6724,-17.67544,16.2256,14.11705,1.43981,-0.61968,83.17725,-5.553431,-0.742665,0.419062,81.29102,17.82959,0.104532,2355.168353,109.85904,26.95234,-5.56559,244.71818,237.69121,-7.138793,3.067135,-8.17445,9.24497,-0.98186,50,4.7816,6.93589,-132.61505,-5.69786,-14.47031,29.94411,-15.80868,MIA_RED,MIA_RED,McKieFieldStad,TeamExclusive,Team,20251009-McKieFieldStad-Private-1,5a824a60-a545-11f0-8767-37a0e00d5193,89.94487,28.51416,,8.36675,,,,1.47708,1.45354,0.60863,e3c7f913-4cf5-4f85-a000-20dd86a5ad6d,2025-10-09,19:22:52.98,2025-10-09T15:22:52.9879040-04:00,2025-10-09T19:22:52.9879040Z,LineDrive,v3,471355,471355,,"Raether, Carson",1000338521,Right,MIA_RED,7a9892f5-d97d-4024-a2d6-5d98dad2a5fe,54.82568,-133.70024,14.97206,4.97771,-5.12495,-7.90434,-1.24272,7.4603,-7.23516,145.957041,1.47712,113.49842,-19.12227,3.98425,-0.62212,0.01871,0.02484,-0.00691,0.00065,1.45356,36.50532,-12.16337,-0.19289,-0.04,0.14053,-0.06777,0.0153,-0.00136,0.60854,0.20999,-6.86498,2.02507,-0.40804,0.02759,0.01162,-0.00359,0.00033,,,,,,,,,,,,,,,,,,,,,,,High,High,High,High,High,,,
3,2025-10-09,15:23:40.78,2,1,"Burke, Clayton",1000266653,Right,MIA_RED,"Vrlak, Jake",1000131822,Right,MIA_RED,Undefined,1,Top,2,0,0,Slider,Slider,StrikeCalled,Undefined,Undefined,Undefined,0,0,,84.01837,0.198941,-1.222662,2453.569621,203.20932,12:45,4.73452,1.37761,5.39652,-31.86718,8.29729,3.03445,2.2654,0.48453,77.14068,-5.661273,-0.682965,0.456134,,,,,,,,,,,,-1.84559,4.50173,-1.27073,50,4.73005,2.47452,-121.99176,-0.69159,-2.79245,23.09242,-25.36278,MIA_RED,MIA_RED,McKieFieldStad,TeamExclusive,Team,20251009-McKieFieldStad-Private-1,76f50160-a545-11f0-8767-37a0e00d5193,82.63458,,,6.87769,,,,,,,e3c7f913-4cf5-4f85-a000-20dd86a5ad6d,2025-10-09,19:23:40.78,2025-10-09T15:23:40.7857664-04:00,2025-10-09T19:23:40.7857664Z,,v3,471355,471355,,"Raether, Carson",1000338521,Right,MIA_RED,73442d10-0961-4b49-9e4a-93959784771f,55.10024,-122.95342,11.54621,4.73685,0.36462,-12.68139,-1.3762,2.59081,-1.39623,,,,,,,,,,,,,,,,,,,,,,,,,,,,,,,,,,,,,,,,,,,,,,,,,,,High,High,High,,,,,
4,2025-10-09,15:23:59.56,2,2,"Burke, Clayton",1000266653,Right,MIA_RED,"Vrlak, Jake",1000131822,Right,MIA_RED,Undefined,1,Top,2,0,1,Slider,Slider,InPlay,Undefined,LineDrive,Double,0,0,,81.4015,1.45051,-1.060154,2471.726425,119.616575,10:00,4.80301,1.25807,5.70793,-38.12569,4.0126,-4.92882,2.9778,-0.1405,75.037,-5.564506,-1.941542,0.467207,82.59162,20.169491,4.0912,1708.718852,108.87759,29.53917,15.67321,244.19804,244.19804,12.640473,2.921668,2.24677,2.01819,-1.16612,50,4.90063,2.37973,-118.29931,1.73983,3.2067,21.05873,-29.29364,MIA_RED,MIA_RED,McKieFieldStad,TeamExclusive,Team,20251009-McKieFieldStad-Private-1,821efa00-a545-11f0-8767-37a0e00d5193,80.67603,30.4536,,6.36451,,,,0.72771,2.94877,0.15234,e3c7f913-4cf5-4f85-a000-20dd86a5ad6d,2025-10-09,19:23:59.56,2025-10-09T15:23:59.5665408-04:00,2025-10-09T19:23:59.5665408Z,LineDrive,v3,471355,471355,,"Raether, Carson",1000338521,Right,MIA_RED,7e8aaa69-c3c5-41b1-9134-345ea7076922,54.79138,-119.14918,10.52937,4.80656,2.92203,-14.64682,-1.25955,2.25032,1.60335,237.875364,0.72758,113.42111,-17.65264,3.76625,-0.83648,0.1934,-0.04349,0.00617,-0.00027,2.94883,41.76461,-16.95627,0.83904,0.01503,-0.02649,0.00298,0.0023,-0.0005,0.15235,8.11167,7.67326,-2.86084,0.84156,-0.19951,0.03843,-0.00471,0.00023,,,,,,,,,,,,,,,,,,,,,,,High,High,High,High,High,,,
5,2025-10-09,15:24:43.95,3,1,"Burke, Clayton",1000266653,Right,MIA_RED,"Harrison, Tommy",811731,Left,MIA_RED,Undefined,1,Top,2,0,0,Fastball,Sinker,BallCalled,Undefined,Undefined,Undefined,0,0,,92.62778,-2.91819,-3.736148,2425.354587,229.777648,1:45,5.07009,1.45059,5.79561,-16.73355,16.17312,17.82655,0.95316,-0.54396,84.441,-6.08478,-0.549295,0.41287,,,,,,,,,,,,-10.1541,9.40567,-1.15384,50,4.81957,7.96645,-134.12135,-7.37722,-18.45731,29.5739,-15.07718,MIA_RED,MIA_RED,McKieFieldStad,TeamExclusive,Team,20251009-McKieFieldStad-Private-1,9c8d0760-a545-11f0-8767-37a0e00d5193,91.2937,,,8.18678,,,,,,,e3c7f913-4cf5-4f85-a000-20dd86a5ad6d,2025-10-09,19:24:43.95,2025-10-09T15:24:43.9500288-04:00,2025-10-09T19:24:43.9500288Z,,v3,471355,471355,,"Raether, Carson",1000338521,Right,MIA_RED,04190d13-0bee-4a55-918d-6e578f3f44b0,54.70261,-135.1543,14.78695,5.06804,-6.85061,-7.53859,-1.44335,8.61113,-9.22866,,,,,,,,,,,,,,,,,,,,,,,,,,,,,,,,,,,,,,,,,,,,,,,,,,,High,High,High,,,,,
6,2025-10-09,15:25:17.04,3,2,"Burke, Clayton",1000266653,Right,MIA_RED,"Harrison, Tommy",811731,Left,MIA_RED,Undefined,1,Top,2,1,0,Fastball,Four-Seam,StrikeSwinging,Undefined,Undefined,Undefined,0,0,,91.9823,-1.19845,-1.825835,2594.541681,219.993986,1:15,4.97386,1.26292,6.0454,-14.65528,18.65773,14.63505,2.64235,0.7916,82.76246,-4.043135,0.807442,0.415411,,,,,,,,,,,,-8.07552,10.31571,-1.12828,50,4.87259,3.60815,-133.3879,-3.17854,-14.32144,32.88469,-13.87978,MIA_RED,MIA_RED,McKieFieldStad,TeamExclusive,Team,20251009-McKieFieldStad-Private-1,b0469eb0-a545-11f0-8767-37a0e00d5193,90.73526,,,9.21984,,,,,,,e3c7f913-4cf5-4f85-a000-20dd86a5ad6d,2025-10-09,19:25:17.04,2025-10-09T15:25:17.0442752-04:00,2025-10-09T19:25:17.0442752Z,,v3,471355,471355,,"Raether, Carson",1000338521,Right,MIA_RED,6af6e5e3-d576-4255-b25a-e80db47f12c8,54.44963,-134.48041,16.44235,4.97053,-2.71742,-6.93989,-1.25605,4.08395,-7.16072,,,,,,,,,,,,,,,,,,,,,,,,,,,,,,,,,,,,,,,,,,,,,,,,,,,High,High,High,,,,,
7,2025-10-09,15:25:36.79,3,3,"Burke, Clayton",1000266653,Right,MIA_RED,"Harrison, Tommy",811731,Left,MIA_RED,Undefined,1,Top,2,1,1,Fastball,Four-Seam,FoulBallNotFieldable,Undefined,Undefined,Undefined,0,0,,93.42375,-1.639256,-3.0055,2498.242331,226.560859,1:30,4.967,1.23743,5.64692,-17.34343,15.41147,15.03513,1.99019,-0.31557,84.30046,-4.93023,-0.322945,0.411917,59.51428,-45.182052,115.077904,,,,,3.13824,3.13824,45.174759,0.034324,-8.63154,8.68662,-0.99238,50,4.8171,6.42569,-135.32562,-4.44627,-15.79923,33.09479,-16.27401,MIA_RED,MIA_RED,McKieFieldStad,TeamExclusive,Team,20251009-McKieFieldStad-Private-1,bc2b34c0-a545-11f0-8767-37a0e00d5193,91.50498,2.13454,,9.12329,,,,3.11129,2.13454,0.30476,e3c7f913-4cf5-4f85-a000-20dd86a5ad6d,2025-10-09,19:25:36.79,2025-10-09T15:25:36.7920640-04:00,2025-10-09T19:25:36.7920640Z,GroundBall,v3,471355,471355,,"Raether, Carson",1000338521,Right,MIA_RED,c27aeac4-2bdd-4a46-8650-aa32bae0bb6d,54.85074,-136.50675,16.5474,4.96542,-3.86546,-8.137,-1.23177,6.98955,-7.89962,,3.11192,-26.19122,,,,,,,,2.13603,-62.18752,,,,,,,,0.30342,55.96844,,,,,,,,,,,,,,,,,,,,,,,,,,,,,,High,High,High,Estimated,Estimated,,,
8,2025-10-09,15:26:04.31,3,4,"Burke, Clayton",1000266653,Right,MIA_RED,"Harrison, Tommy",811731,Left,MIA_RED,Undefined,1,Top,2,1,2,ChangeUp,Changeup,BallCalled,Undefined,Undefined,Undefined,0,0,,80.2905,2.048134,-1.276696,1971.94701,257.816574,2:30,4.64967,1.54027,5.60836,-39.08258,4.14197,13.80497,3.30584,1.4988,74.36586,-5.120144,1.186992,0.473191,,,,,,,,,,,,-7.29741,1.9813,-1.44024,50,4.79939,2.06211,-116.70909,2.87688,-10.2094,19.01408,-29.40213,MIA_RED,MIA_RED,McKieFieldStad,TeamExclusive,Team,20251009-McKieFieldStad-Private-1,cc776ab0-a545-11f0-8767-37a0e00d5193,79.65586,,,5.92464,,,,,,,e3c7f913-4cf5-4f85-a000-20dd86a5ad6d,2025-10-09,19:26:04.31,2025-10-09T15:26:04.3132416-04:00,2025-10-09T19:26:04.3132416Z,,v3,471355,471355,,"Raether, Carson",1000338521,Right,MIA_RED,e917e5c1-0913-439b-a177-ba9c81449318,54.89164,-117.50332,9.50704,4.65357,4.10504,-14.70106,-1.53529,2.48857,-5.1047,,,,,,,,,,,,,,,,,,,,,,,,,,,,,,,,,,,,,,,,,,,,,,,,,,,High,High,High,,,,,
9,2025-10-09,15:26:27.01,3,5,"Burke, Clayton",1000266653,Right,MIA_RED,"Harrison, Tommy",811731,Left,MIA_RED,Undefined,1,Top,2,2,2,Fastball,Sinker,FoulBallNotFieldable,Undefined,Undefined,Undefined,0,0,,93.48497,-1.6649,-2.359975,2389.628028,226.733555,1:30,5.10908,1.21077,5.85408,-15.06355,17.04241,16.99174,2.30513,0.43279,85.17279,-4.539407,0.685576,0.407816,70.06001,57.797717,-74.775478,5058.855636,,,,,77.78871,,,-9.40375,9.51662,-1.02927,50,4.9651,4.84402,-135.6712,-4.40469,-17.47884,30.44906,-14.48542,MIA_RED,MIA_RED,McKieFieldStad,TeamExclusive,Team,20251009-McKieFieldStad-Private-1,d9f9f950-a545-11f0-8767-37a0e00d5193,92.42513,96.87785,,8.31218,,,,,,,e3c7f913-4cf5-4f85-a000-20dd86a5ad6d,2025-10-09,19:26:27.01,2025-10-09T15:26:27.0181888-04:00,2025-10-09T19:26:27.0181888Z,,v3,471355,471355,,"Raether, Carson",1000338521,Right,MIA_RED,e2a6fc0d-1103-4e7f-bb26-eacae847494c,54.6447,-136.70964,15.22453,5.1069,-3.91068,-7.24271,-1.20464,5.44012,-8.73942,,3.9569,14.3844,-10.06268,3.61201,-1.74681,1.38787,-0.8325,0.26885,-0.03541,15.02757,86.94752,-24.76021,2.5437,-0.34913,-0.08643,0.10191,-0.03992,0.00601,-7.4576,-52.83711,5.82605,-1.02265,0.13306,0.00051,-0.01519,0.00809,-0.00142,,,,,,,,,,,,,,,,,,,,,,,High,High,High,Low,Undefined,,,
10,2025-10-09,15:26:56.78,3,6,"Burke, Clayton",1000266653,Right,MIA_RED,"Harrison, Tommy",811731,Left,MIA_RED,Undefined,1,Top,2,2,2,Fastball,Four-Seam,InPlay,Undefined,GroundBall,Out,1,0,,92.52659,-1.919994,-2.749758,2409.425103,219.031554,1:15,5.10648,1.13364,5.92197,-15.04733,17.4319,13.32863,2.06818,-0.30921,84.91853,-4.781797,-0.359099,0.41018,93.34635,-0.369651,20.716511,2111.922346,,,,37.19216,35.88711,21.069973,0.270642,-7.59626,9.76528,-0.92126,50,4.94414,5.88206,-134.32541,-4.95979,-13.95062,27.68901,-14.24001,MIA_RED,MIA_RED,McKieFieldStad,TeamExclusive,Team,20251009-McKieFieldStad-Private-1,ebbaa6d0-a545-11f0-8767-37a0e00d5193,91.89248,2.07659,,7.60805,,,,1.41767,2.07659,0.2664,e3c7f913-4cf5-4f85-a000-20dd86a5ad6d,2025-10-09,19:26:56.78,2025-10-09T15:26:56.7806464-04:00,2025-10-09T19:26:56.7806464Z,GroundBall,v3,471355,471355,,"Raether, Carson",1000338521,Right,MIA_RED,49bf57aa-895c-42dc-a504-5121e41a64b2,54.57734,-135.26566,13.8445,5.10435,-4.47624,-7.12,-1.12904,6.35579,-6.97531,323.494494,1.41939,127.96842,-18.41906,,,,,,,2.07981,-1.0417,-24.58824,,,,,,,0.26551,48.47358,-0.1742,,,,,,,,,,,,,,,,,,,,,,,,,,,,,High,High,High,High,High,,,
11,2025-10-09,15:29:31.18,1,1,"Sohosky, Zac",1000224033,Left,MIA_RED,"Phillips, Drew",1000194003,Right,MIA_RED,Undefined,1,Bottom,0,0,0,Sinker,Changeup,FoulBallNotFieldable,Undefined,Undefined,Undefined,0,0,,87.83705,-1.924624,2.106391,1778.886918,111.353812,9:45,5.87302,-1.28518,5.78348,-27.6745,7.94371,-18.0404,1.77434,-0.82797,82.24859,-6.998456,-1.127545,0.429544,,,,,,,,,,,,9.77288,4.74461,1.12292,50,5.6972,-3.97998,-127.79478,-5.24932,16.51924,20.87287,-24.15419,MIA_RED,MIA_RED,McKieFieldStad,TeamExclusive,Team,20251009-McKieFieldStad-Private-1,47c37150-a546-11f0-8767-37a0e00d5193,87.74993,,,5.58846,,,,,,,e3c7f913-4cf5-4f85-a000-20dd86a5ad6d,2025-10-09,19:29:31.18,2025-10-09T15:29:31.1857664-04:00,2025-10-09T19:29:31.1857664Z,,v3,471355,471355,,"Buffington, Matthew",825106,Right,MIA_RED,e6ee6a73-94f3-4a32-841c-ea8906a652d8,54.71888,-128.56322,10.43643,5.87409,-4.36009,-12.0771,1.28064,-4.58813,8.25962,,,,,,,,,,,,,,,,,,,,,,,,,,,,,,,,,,,,,,,,,,,,,,,,,,,High,High,High,,,,,
12,2025-10-09,15:29:51.35,1,2,"Sohosky, Zac",1000224033,Left,MIA_RED,"Phillips, Drew",1000194003,Right,MIA_RED,Undefined,1,Bottom,0,0,1,Fastball,Sinker,InPlay,Undefined,LineDrive,Single,0,0,,90.06598,-2.100117,1.158637,1860.528804,130.703953,10:15,5.95039,-1.17543,5.57526,-21.1943,13.23379,-14.26792,2.22142,-1.28212,83.48634,-6.020676,-1.388536,0.422307,75.26611,13.685176,13.09411,1536.277323,104.80364,10.58595,33.40863,156.40521,154.48383,19.46666,1.727007,7.54894,7.51788,1.08546,50,5.75567,-2.03245,-130.89899,-5.53562,13.27046,24.22073,-18.95818,MIA_RED,MIA_RED,McKieFieldStad,TeamExclusive,Team,20251009-McKieFieldStad-Private-1,53cca660-a546-11f0-8767-37a0e00d5193,89.25369,12.3484,,6.57964,,,,1.08476,2.21928,1.28469,e3c7f913-4cf5-4f85-a000-20dd86a5ad6d,2025-10-09,19:29:51.35,2025-10-09T15:29:51.3522688-04:00,2025-10-09T19:29:51.3522688Z,LineDrive,v3,471355,471355,,"Buffington, Matthew",825106,Right,MIA_RED,57d9d5a8-35dd-4b7c-8238-22943d9b58ac,54.92484,-131.8071,12.11037,5.9499,-4.82482,-9.47909,1.17098,-2.53,6.63523,257.295218,1.08476,104.46744,-13.75287,1.85132,-0.36344,0.05635,-0.00912,0.00143,-0.00012,2.21928,26.11684,-17.84076,1.45821,-0.25932,0.05677,-0.00875,0.00112,-0.0001,1.28469,24.29902,4.28098,-1.08193,0.25989,-0.05445,0.00987,-0.00148,0.00012,,,,,,,,,,,,,,,,,,,,,,,High,High,High,High,High,,,
13,2025-10-09,15:30:28.60,2,1,"Sohosky, Zac",1000224033,Left,MIA_RED,"Breidenbach, Mason",1000074554,Right,MIA_RED,Undefined,1,Bottom,0,0,0,Slider,Slider,BallCalled,Undefined,Undefined,Undefined,0,0,,77.93367,2.272036,1.11983,1957.324039,337.125683,5:15,5.52371,-1.77788,5.52092,-49.63774,-2.90555,1.84484,3.51297,-0.57704,71.32277,-6.807134,1.448667,0.492016,,,,,,,,,,,,-0.61024,-1.6191,1.6792,50,5.68846,-2.28282,-113.08188,2.8191,-0.789,20.90956,-34.2674,MIA_RED,MIA_RED,McKieFieldStad,TeamExclusive,Team,20251009-McKieFieldStad-Private-1,69ef9c90-a546-11f0-8767-37a0e00d5193,76.60811,,,6.6109,,,,,,,e3c7f913-4cf5-4f85-a000-20dd86a5ad6d,2025-10-09,19:30:28.60,2025-10-09T15:30:28.6098432-04:00,2025-10-09T19:30:28.6098432Z,,v3,471355,471355,,"Buffington, Matthew",825106,Right,MIA_RED,8ffd6acf-b9ca-4c8f-9324-35a6096299ec,54.97724,-113.99849,10.45478,5.53196,4.32128,-17.1337,1.77851,-2.24823,-0.3945,,,,,,,,,,,,,,,,,,,,,,,,,,,,,,,,,,,,,,,,,,,,,,,,,,,High,High,High,,,,,
14,2025-10-09,15:31:28.69,2,2,"Sohosky, Zac",1000224033,Left,MIA_RED,"Breidenbach, Mason",1000074554,Right,MIA_RED,Undefined,1,Bottom,0,1,0,Fastball,Sinker,BallCalled,Undefined,Undefined,Undefined,0,0,,90.00886,-3.103089,1.438464,1898.777691,127.504394,10:15,5.87403,-1.11984,5.84647,-22.90737,11.38705,-13.53942,1.07778,-0.91114,83.30648,-7.340857,-0.992021,0.421486,,,,,,,,,,,,7.28811,6.92083,1.01079,50,5.60786,-2.709,-130.68907,-7.85857,12.7264,25.05153,-20.08896,MIA_RED,MIA_RED,McKieFieldStad,TeamExclusive,Team,20251009-McKieFieldStad-Private-1,8e02d750-a546-11f0-8767-37a0e00d5193,89.42745,,,6.70239,,,,,,,e3c7f913-4cf5-4f85-a000-20dd86a5ad6d,2025-10-09,19:31:28.69,2025-10-09T15:31:28.6918656-04:00,2025-10-09T19:31:28.6918656Z,,v3,471355,471355,,"Buffington, Matthew",825106,Right,MIA_RED,1b4adcad-5d62-4a74-85c7-5966d74ef28d,54.65255,-131.57788,12.52577,5.87403,-7.14582,-10.04448,1.11492,-3.16053,6.3632,,,,,,,,,,,,,,,,,,,,,,,,,,,,,,,,,,,,,,,,,,,,,,,,,,,High,High,High,,,,,
15,2025-10-09,15:31:47.56,2,3,"Sohosky, Zac",1000224033,Left,MIA_RED,"Breidenbach, Mason",1000074554,Right,MIA_RED,Undefined,1,Bottom,0,2,0,Slider,Changeup,StrikeSwinging,Undefined,Undefined,Undefined,0,0,,78.81225,0.326163,2.707126,2078.062782,339.86347,5:15,5.47424,-1.68312,5.60979,-45.38243,-0.46441,0.61406,1.99715,0.89673,73.39597,-7.934004,2.816698,0.482372,,,,,,,,,,,,0.33843,0.06197,1.45122,50,5.47254,-5.43859,-114.52889,-0.85051,0.45551,18.51631,-32.09067,MIA_RED,MIA_RED,McKieFieldStad,TeamExclusive,Team,20251009-McKieFieldStad-Private-1,99159e70-a546-11f0-8767-37a0e00d5193,78.13984,,,5.41628,,,,,,,e3c7f913-4cf5-4f85-a000-20dd86a5ad6d,2025-10-09,19:31:47.56,2025-10-09T15:31:47.5692032-04:00,2025-10-09T19:31:47.5692032Z,,v3,471355,471355,,"Buffington, Matthew",825106,Right,MIA_RED,18a01a3f-8a88-4ba8-8458-255e7195d279,54.89046,-115.31684,9.25815,5.47968,0.51508,-16.04533,1.68307,-5.45797,0.22775,,,,,,,,,,,,,,,,,,,,,,,,,,,,,,,,,,,,,,,,,,,,,,,,,,,High,High,High,,,,,
16,2025-10-09,15:32:01.85,2,4,"Sohosky, Zac",1000224033,Left,MIA_RED,"Breidenbach, Mason",1000074554,Right,MIA_RED,Undefined,1,Bottom,0,2,1,Slider,Curveball,StrikeSwinging,Undefined,Undefined,Undefined,0,0,,80.05377,0.34217,2.04213,2138.822872,304.837035,4:15,5.57264,-1.66096,5.43435,-43.75774,-0.53488,2.18725,2.24679,0.43447,75.45134,-7.570684,2.43145,0.473182,,,,,,,,,,,,-0.69791,-0.03972,1.47856,50,5.57204,-4.23937,-116.52768,-0.8143,-0.98577,16.29111,-32.23017,MIA_RED,MIA_RED,McKieFieldStad,TeamExclusive,Team,20251009-McKieFieldStad-Private-1,a19e1130-a546-11f0-8767-37a0e00d5193,79.65742,,,4.60243,,,,,,,e3c7f913-4cf5-4f85-a000-20dd86a5ad6d,2025-10-09,19:32:01.85,2025-10-09T15:32:01.8569728-04:00,2025-10-09T19:32:01.8569728Z,,v3,471355,471355,,"Buffington, Matthew",825106,Right,MIA_RED,281bb186-9ddb-4e92-a4ec-c577713320f1,55.06756,-117.23401,8.14555,5.57705,0.58309,-16.11509,1.66144,-4.19663,-0.49289,,,,,,,,,,,,,,,,,,,,,,,,,,,,,,,,,,,,,,,,,,,,,,,,,,,High,High,High,,,,,
17,2025-10-09,15:32:19.81,2,5,"Sohosky, Zac",1000224033,Left,MIA_RED,"Breidenbach, Mason",1000074554,Right,MIA_RED,Undefined,1,Bottom,0,2,2,Slider,Curveball,StrikeSwinging,Strikeout,Undefined,Undefined,0,0,,80.68192,-1.283218,2.690584,2128.670156,300.635891,4:00,5.5996,-1.62825,5.59712,-42.2425,0.23327,1.3128,0.87985,0.99495,76.06619,-8.921955,2.92502,0.469075,,,,,,,,,,,,-0.10543,0.6537,1.39669,50,5.46137,-5.56392,-117.3522,-4.05257,-0.15053,17.27121,-31.24086,MIA_RED,MIA_RED,McKieFieldStad,TeamExclusive,Team,20251009-McKieFieldStad-Private-1,ac568350-a546-11f0-8767-37a0e00d5193,80.35487,,,4.61573,,,,,,,e3c7f913-4cf5-4f85-a000-20dd86a5ad6d,2025-10-09,19:32:19.81,2025-10-09T15:32:19.8150000-04:00,2025-10-09T19:32:19.8150000Z,,v3,471355,471355,,"Buffington, Matthew",825106,Right,MIA_RED,ddcb0423-cf89-4c2a-bdf7-3ce3f187b18d,54.90503,-118.07188,8.63561,5.60312,-2.75077,-15.62043,1.6284,-5.55765,-0.07527,,,,,,,,,,,,,,,,,,,,,,,,,,,,,78.74719,,,0.764673,,,,6.56139,4.69175,3.45178,62.18072,5.08509,62.59745,6.60187,81.42978,-11.50571,4.69687,9.78248,-12.13851,3.45876,80.4597,-4.09383,High,High,High,,,High,High,High
18,2025-10-09,15:32:50.40,3,1,"Sohosky, Zac",1000224033,Left,MIA_RED,"Raether, Carson",1000338521,Left,MIA_RED,Undefined,1,Bottom,1,0,0,Slider,Slider,BallCalled,Undefined,Undefined,Undefined,0,0,,80.16754,-0.239286,3.413953,2050.622478,348.576595,5:30,5.54406,-1.55637,5.58162,-43.80065,-0.53512,0.32783,1.67014,1.66295,75.12713,-8.180578,3.472368,0.473415,,,,,,,,,,,,0.59539,0.1061,1.2624,50,5.49436,-6.96197,-116.49378,-1.96586,0.83406,17.90387,-32.0254,MIA_RED,MIA_RED,McKieFieldStad,TeamExclusive,Team,20251009-McKieFieldStad-Private-1,be97f990-a546-11f0-8767-37a0e00d5193,79.61811,,,5.04041,,,,,,,e3c7f913-4cf5-4f85-a000-20dd86a5ad6d,2025-10-09,19:32:50.40,2025-10-09T15:32:50.4078848-04:00,2025-10-09T19:32:50.4078848Z,,v3,471355,471355,,"Buffington, Matthew",825106,Right,MIA_RED,2fb75ecf-fce0-4256-b0dd-4d4088b6bd35,54.91959,-117.24743,8.95194,5.54874,-0.61777,-16.0127,1.5562,-6.99707,0.41703,,,,,,,,,,,,,,,,,,,,,,,,,,,,,,,,,,,,,,,,,,,,,,,,,,,High,High,High,,,,,
19,2025-10-09,15:33:03.72,3,2,"Sohosky, Zac",1000224033,Left,MIA_RED,"Raether, Carson",1000338521,Left,MIA_RED,Undefined,1,Bottom,1,1,0,Slider,Curveball,StrikeSwinging,Undefined,Undefined,Undefined,0,0,,78.8489,-0.681862,2.887198,1950.480541,242.443142,2:00,5.57598,-1.56403,5.57678,-43.33278,2.07351,1.34658,1.32724,1.24701,72.83761,-8.58239,3.127356,0.484986,,,,,,,,,,,,0.09693,1.64854,1.31454,50,5.48881,-5.82224,-114.42017,-2.79108,0.12887,20.56629,-29.98257,MIA_RED,MIA_RED,McKieFieldStad,TeamExclusive,Team,20251009-McKieFieldStad-Private-1,c67dc3b0-a546-11f0-8767-37a0e00d5193,77.71858,,,6.0113,,,,,,,e3c7f913-4cf5-4f85-a000-20dd86a5ad6d,2025-10-09,19:33:03.72,2025-10-09T15:33:03.7268992-04:00,2025-10-09T19:33:03.7268992Z,,v3,471355,471355,,"Buffington, Matthew",825106,Right,MIA_RED,41134ec0-3669-4f08-83b7-90f4f9143e4e,54.92186,-115.30145,10.28315,5.58088,-1.50631,-14.99128,1.56415,-5.82776,0.06444,,,,,,,,,,,,,,,,,,,,,,,,,,,,,,,,,,,,,,,,,,,,,,,,,,,High,High,High,,,,,
20,2025-10-09,15:33:20.74,3,3,"Sohosky, Zac",1000224033,Left,MIA_RED,"Raether, Carson",1000338521,Left,MIA_RED,Undefined,1,Bottom,1,1,1,Fastball,Sinker,BallCalled,Undefined,Undefined,Undefined,0,0,,89.98781,-1.564408,3.326457,1649.009944,135.824293,10:30,5.92409,-1.06031,6.17179,-22.67029,10.97701,-9.79615,2.58724,1.19905,83.68014,-5.78659,1.562091,0.41749,,,,,,,,,,,,5.83118,6.33504,0.81326,50,5.79377,-7.20628,-130.76891,-4.30093,10.27708,22.97452,-21.009,MIA_RED,MIA_RED,McKieFieldStad,TeamExclusive,Team,20251009-McKieFieldStad-Private-1,d0933f10-a546-11f0-8767-37a0e00d5193,90.28337,,,6.30766,,,,,,,e3c7f913-4cf5-4f85-a000-20dd86a5ad6d,2025-10-09,19:33:20.74,2025-10-09T15:33:20.7430656-04:00,2025-10-09T19:33:20.7430656Z,,v3,471355,471355,,"Buffington, Matthew",825106,Right,MIA_RED,c3908040-576e-41b2-b716-353222c87671,54.32776,-131.52704,11.48726,5.92426,-3.60765,-10.5045,1.05666,-7.54541,5.13854,,,,,,,,,,,,,,,,,,,,,,,,,,,,,,,,,,,,,,,,,,,,,,,,,,,High,High,High,,,,,
21,2025-10-09,15:33:36.95,3,4,"Sohosky, Zac",1000224033,Left,MIA_RED,"Raether, Carson",1000338521,Left,MIA_RED,Undefined,1,Bottom,1,2,1,Slider,Slider,StrikeSwinging,Undefined,Undefined,Undefined,0,0,,80.74803,-1.228115,3.057647,2075.11013,324.649153,4:45,5.57559,-1.67907,5.58291,-43.93947,-0.95528,1.51965,0.76528,1.30569,75.2546,-9.192689,3.32882,0.471874,,,,,,,,,,,,-0.01587,0.14268,1.41507,50,5.44077,-6.32175,-117.25921,-4.00606,-0.0223,20.02961,-31.97334,MIA_RED,MIA_RED,McKieFieldStad,TeamExclusive,Team,20251009-McKieFieldStad-Private-1,da47fcd0-a546-11f0-8767-37a0e00d5193,79.87825,,,5.49343,,,,,,,e3c7f913-4cf5-4f85-a000-20dd86a5ad6d,2025-10-09,19:33:36.95,2025-10-09T15:33:36.9598464-04:00,2025-10-09T19:33:36.9598464Z,,v3,471355,471355,,"Buffington, Matthew",825106,Right,MIA_RED,1e664ff4-f6aa-4379-ab63-256305d81d25,54.91788,-118.09627,10.0148,5.58027,-2.66986,-15.98667,1.67925,-6.32082,-0.01115,,,,,,,,,,,,,,,,,,,,,,,,,,,,,,,,,,,,,,,,,,,,,,,,,,,High,High,High,,,,,
22,2025-10-09,15:33:54.24,3,5,"Sohosky, Zac",1000224033,Left,MIA_RED,"Raether, Carson",1000338521,Left,MIA_RED,Undefined,1,Bottom,1,2,2,Fastball,Sinker,InPlay,Undefined,GroundBall,Out,1,1,,91.17517,-2.504761,3.194649,1882.182421,130.219315,10:15,5.91366,-1.22914,5.80923,-19.98749,13.4728,-14.78713,1.91372,0.5124,84.26553,-6.227834,0.548085,0.416329,63.55474,-49.282452,67.214471,,,,,3.46291,2.87147,18.333679,0.028937,8.413,7.81308,0.97623,50,5.69595,-6.76441,-132.32485,-6.46393,15.08039,25.33344,-18.169,MIA_RED,MIA_RED,McKieFieldStad,TeamExclusive,Team,20251009-McKieFieldStad-Private-1,e48af0d0-a546-11f0-8767-37a0e00d5193,90.53528,2.0519,,6.90964,,,,2.60319,2.0519,-0.53893,e3c7f913-4cf5-4f85-a000-20dd86a5ad6d,2025-10-09,19:33:54.24,2025-10-09T15:33:54.2402048-04:00,2025-10-09T19:33:54.2402048Z,GroundBall,v3,471355,471355,,"Buffington, Matthew",825106,Right,MIA_RED,07451efc-f009-4ede-bf49-fa2db78a3e0d,54.69132,-133.21997,12.66672,5.913,-5.82196,-9.0845,1.22466,-7.29725,7.5402,,2.60279,23.63578,,,,,,,,2.05311,-70.90974,,,,,,,,-0.53989,56.26709,,,,,,,,,,,,,,,,,,,,,,,,,,,,,,High,High,High,Low,Low,,,
23,2025-10-09,15:34:28.34,4,1,"Sohosky, Zac",1000224033,Left,MIA_RED,"Appelwick, Evan",695485,Right,MIA_RED,Undefined,1,Bottom,2,0,0,Fastball,Sinker,FoulBallNotFieldable,Undefined,Undefined,Undefined,0,0,,90.71999,-2.267349,1.309335,1900.230265,138.929694,10:45,5.91516,-1.20566,5.79054,-19.58147,14.53631,-11.71241,2.17255,-0.96349,82.97791,-5.941521,-0.789662,0.420399,75.34524,11.894784,165.576895,1139.248996,,,,76.9606,35.36816,168.020901,0.775551,6.36957,8.39146,1.10511,50,5.71677,-2.50667,-131.67383,-5.84972,11.17113,28.23018,-17.45689,MIA_RED,MIA_RED,McKieFieldStad,TeamExclusive,Team,20251009-McKieFieldStad-Private-1,f8efbc40-a546-11f0-8767-37a0e00d5193,89.65872,5.69137,,7.74208,,,,1.39564,1.92745,0.95201,e3c7f913-4cf5-4f85-a000-20dd86a5ad6d,2025-10-09,19:34:28.34,2025-10-09T15:34:28.3426304-04:00,2025-10-09T19:34:28.3426304Z,LineDrive,v3,471355,471355,,"Buffington, Matthew",825106,Right,MIA_RED,a4969431-833f-47a9-a664-19436065638d,54.70765,-132.67929,14.11509,5.91405,-5.22797,-8.72844,1.20147,-2.90454,5.58556,,1.44912,-105.66664,8.59065,,,,,,,2.01234,21.30103,-30.94375,,,,,,,0.97671,26.50541,-9.28156,,,,,,,,,,,,,,,,,,,,,,,,,,,,,High,High,High,High,Medium,,,
24,2025-10-09,15:34:50.25,4,2,"Sohosky, Zac",1000224033,Left,MIA_RED,"Appelwick, Evan",695485,Right,MIA_RED,Undefined,1,Bottom,2,0,1,Fastball,Sinker,InPlay,Undefined,FlyBall,Out,1,0,,91.04866,-1.975122,2.483379,1737.468323,125.977108,10:15,5.94089,-1.10307,5.71518,-24.27667,9.32965,-11.53733,2.07546,0.25032,84.26911,-6.454449,0.419715,0.417236,92.38872,35.150539,22.864366,,96.47746,69.95156,52.84023,313.61968,185.8225,39.549277,4.999568,6.52296,5.52949,0.90273,50,5.76039,-5.24216,-132.24432,-5.42431,11.68273,25.2007,-22.27061,MIA_RED,MIA_RED,McKieFieldStad,TeamExclusive,Team,20251009-McKieFieldStad-Private-1,05f21e60-a547-11f0-8767-37a0e00d5193,90.33838,87.59882,,6.77956,,,,0.65683,2.41671,-1.01666,e3c7f913-4cf5-4f85-a000-20dd86a5ad6d,2025-10-09,19:34:50.25,2025-10-09T15:34:50.2559232-04:00,2025-10-09T19:34:50.2559232Z,FlyBall,v3,471355,471355,,"Buffington, Matthew",825106,Right,MIA_RED,aac5a01c-4749-4f58-b891-cdf335d52cf1,54.78484,-133.15301,12.60035,5.9415,-4.62128,-11.13531,1.09935,-5.66342,5.84136,219.516012,0.66195,101.99173,-25.9875,6.42518,-1.1976,0.16582,-0.02503,0.00396,-0.00028,2.41902,77.95316,-19.76803,0.43492,0.60746,-0.3377,0.09161,-0.01221,0.00063,-1.01488,43.00891,2.39328,-2.31291,0.9784,-0.29593,0.06006,-0.0069,0.00033,,,,,,,,,,,,,,,,,,,,,,,High,High,High,Medium,Low,,,
25,2025-10-09,15:38:21.34,1,1,"Burke, Clayton",1000266653,Right,MIA_RED,"Dierks, Marcus",10322729,Left,MIA_RED,Undefined,2,Top,0,0,0,Fastball,Sinker,FoulBallNotFieldable,Undefined,Undefined,Undefined,0,0,,91.13873,-0.203347,-2.1809,2201.163459,239.916505,2:00,4.92152,1.26113,5.69047,-22.77135,10.6128,16.77052,2.83426,0.62513,84.45793,-4.421338,0.816619,0.415855,18.9531,10.665507,-57.252408,1251.178205,,,,20.14768,17.36399,-50.055953,0.643065,-9.15473,5.72622,-1.08891,50,4.89004,4.34049,-132.55627,-1.27123,-16.53514,24.31679,-21.83139,MIA_RED,MIA_RED,McKieFieldStad,TeamExclusive,Team,20251009-McKieFieldStad-Private-1,83c0ff50-a547-11f0-8767-37a0e00d5193,90.63846,3.33556,,6.68079,,,,3.49026,2.89662,-0.57222,e3c7f913-4cf5-4f85-a000-20dd86a5ad6d,2025-10-09,19:38:21.34,2025-10-09T15:38:21.3427712-04:00,2025-10-09T19:38:21.3427712Z,GroundBall,v3,471355,471355,,"Raether, Carson",1000338521,Right,MIA_RED,44820d61-8775-4c80-abc4-a682f1e1b0e2,54.81115,-133.43593,12.1584,4.92175,-0.48148,-10.91569,-1.25675,4.93865,-8.26757,151.417536,3.49026,14.77713,-0.26288,0.24268,-0.13217,0.25963,-0.43624,0.38314,-0.13863,2.89661,5.1448,-15.07282,0.09121,0.22868,-0.92622,1.50461,-1.31054,0.47269,-0.57222,-22.97581,-0.19483,-0.08051,-0.01994,0.14912,-0.23771,0.2062,-0.07427,,,,,,,,,,,,,,,,,,,,,,,High,High,High,High,High,,,
26,2025-10-09,15:38:49.13,1,2,"Burke, Clayton",1000266653,Right,MIA_RED,"Novak, Ryan",10035937,Left,MIA_RED,Undefined,2,Top,0,0,1,Fastball,Sinker,InPlay,Undefined,FlyBall,Out,1,0,,92.53554,-1.383646,-2.506383,2411.697107,236.227343,1:45,5.00901,1.18736,5.89026,-20.00029,12.06902,16.79099,2.05614,0.25797,86.06781,-5.103526,0.505805,0.407583,100.78012,26.130639,6.539499,1902.342063,109.41091,52.69252,11.36773,370.22557,364.99498,5.901097,5.202185,-9.24985,6.77548,-0.99541,50,4.88574,5.18715,-134.58992,-3.93299,-17.28303,24.10725,-19.51429,MIA_RED,MIA_RED,McKieFieldStad,TeamExclusive,Team,20251009-McKieFieldStad-Private-1,945031b0-a547-11f0-8767-37a0e00d5193,92.47794,81.93772,,6.46773,,,,2.17584,2.17909,-0.25066,e3c7f913-4cf5-4f85-a000-20dd86a5ad6d,2025-10-09,19:38:49.13,2025-10-09T15:38:49.1396096-04:00,2025-10-09T19:38:49.1396096Z,FlyBall,v3,471355,471355,,"Raether, Carson",1000338521,Right,MIA_RED,0bcb33ce-8ad2-4848-8b9c-9b825b22075a,54.61129,-135.41335,12.05363,5.0087,-3.26643,-9.75714,-1.18267,5.77749,-8.64152,176.107762,2.17547,131.85312,-27.56637,6.64005,-1.48563,0.30718,-0.05131,0.00547,-0.00026,2.18208,65.02524,-13.34579,-0.46061,0.4666,-0.18569,0.04297,-0.00517,0.00025,-0.2507,15.1166,-4.25917,1.26197,-0.29358,0.0518,-0.00633,0.00048,-2E-05,,,,,,,,,,,,,,,,,,,,,,,High,High,High,High,Medium,,,
27,2025-10-09,15:39:26.75,2,1,"Burke, Clayton",1000266653,Right,MIA_RED,"Gonzalez Rivera, Ignacio",10124440,Right,MIA_RED,Undefined,2,Top,1,0,0,Cutter,Slider,BallCalled,Undefined,Undefined,Undefined,0,0,,84.00396,0.092711,-3.044166,2485.571714,197.258468,12:30,4.81481,1.53622,5.73906,-28.20742,11.05949,3.11142,2.55064,-1.04169,77.99973,-5.115996,-2.48855,0.451009,,,,,,,,,,,,-2.29327,5.9478,-1.28468,50,4.80507,6.36762,-122.05434,-0.72084,-3.51678,20.28905,-23.05297,MIA_RED,MIA_RED,McKieFieldStad,TeamExclusive,Team,20251009-McKieFieldStad-Private-1,aabd2930-a547-11f0-8767-37a0e00d5193,83.57364,,,6.00422,,,,,,,e3c7f913-4cf5-4f85-a000-20dd86a5ad6d,2025-10-09,19:39:26.75,2025-10-09T15:39:26.7560960-04:00,2025-10-09T19:39:26.7560960Z,,v3,471355,471355,,"Raether, Carson",1000338521,Right,MIA_RED,0973509f-d6c7-450d-b46f-690db154048f,54.75998,-122.84304,10.14452,4.81568,0.17531,-11.52648,-1.53486,6.50433,-1.75839,,,,,,,,,,,,,,,,,,,,,,,,,,,,,,,,,,,,,,,,,,,,,,,,,,,High,High,High,,,,,
28,2025-10-09,15:39:41.31,2,2,"Burke, Clayton",1000266653,Right,MIA_RED,"Gonzalez Rivera, Ignacio",10124440,Right,MIA_RED,Undefined,2,Top,1,1,0,Slider,Slider,StrikeSwinging,Undefined,Undefined,Undefined,0,0,,81.65713,-0.739155,-1.731264,2565.975418,179.892615,12:00,4.88156,1.47554,5.57453,-36.1964,5.77737,-0.00862,1.17446,-0.14267,75.7383,-7.359334,-1.732801,0.466295,,,,,,,,,,,,-0.42555,3.46315,-1.32649,50,4.79399,3.58725,-118.67182,-2.74713,-0.61316,20.49514,-27.18398,MIA_RED,MIA_RED,McKieFieldStad,TeamExclusive,Team,20251009-McKieFieldStad-Private-1,b371dc10-a547-11f0-8767-37a0e00d5193,80.83394,,,5.91883,,,,,,,e3c7f913-4cf5-4f85-a000-20dd86a5ad6d,2025-10-09,19:39:41.31,2025-10-09T15:39:41.3170176-04:00,2025-10-09T19:39:41.3170176Z,,v3,471355,471355,,"Raether, Carson",1000338521,Right,MIA_RED,dccf7d1b-6cc0-4dad-b078-9905e6e6524a,54.92477,-119.51933,10.24757,4.88434,-1.62303,-13.59199,-1.47535,3.6126,-0.30658,,,,,,,,,,,,,,,,,,,,,,,,,,,,,,,,,,,,,,,,,,,,,,,,,,,High,High,High,,,,,
29,2025-10-09,15:39:57.81,2,3,"Burke, Clayton",1000266653,Right,MIA_RED,"Gonzalez Rivera, Ignacio",10124440,Right,MIA_RED,Undefined,2,Top,1,1,1,Slider,Slider,StrikeCalled,Undefined,Undefined,Undefined,0,0,,80.58146,0.703692,-0.615491,2517.682827,122.534073,10:00,4.82847,1.19269,5.69342,-37.54474,5.3239,-6.47083,2.3556,0.07984,74.60009,-6.194957,-1.773051,0.471239,,,,,,,,,,,,3.1474,2.89917,-1.13685,50,4.86395,1.50752,-117.17579,0.21381,4.42173,19.96959,-28.10106,MIA_RED,MIA_RED,McKieFieldStad,TeamExclusive,Team,20251009-McKieFieldStad-Private-1,bd4e4610-a547-11f0-8767-37a0e00d5193,79.98581,,,5.98137,,,,,,,e3c7f913-4cf5-4f85-a000-20dd86a5ad6d,2025-10-09,19:39:57.81,2025-10-09T15:39:57.8143232-04:00,2025-10-09T19:39:57.8143232Z,,v3,471355,471355,,"Raether, Carson",1000338521,Right,MIA_RED,73af2a71-2055-4b3b-b11b-2ed6d77a9896,54.80577,-117.99197,9.98479,4.83174,1.36233,-14.05053,-1.19477,1.3268,2.21086,,,,,,,,,,,,,,,,,,,,,,,,,,,,,,,,,,,,,,,,,,,,,,,,,,,High,High,High,,,,,
30,2025-10-09,15:40:15.98,2,4,"Burke, Clayton",1000266653,Right,MIA_RED,"Gonzalez Rivera, Ignacio",10124440,Right,MIA_RED,Undefined,2,Top,1,1,2,Slider,Slider,StrikeSwinging,Strikeout,Undefined,Undefined,0,0,,83.68609,0.600419,-2.23249,2378.373754,162.898841,11:30,4.80106,1.14953,5.81866,-33.27742,5.73122,-1.48638,2.58662,-1.05102,78.5566,-5.498929,-2.498616,0.449523,,,,,,,,,,,,0.31295,3.09882,-0.96591,50,4.83006,4.80604,-121.81776,0.17297,0.48297,17.86025,-27.39173,MIA_RED,MIA_RED,McKieFieldStad,TeamExclusive,Team,20251009-McKieFieldStad-Private-1,c81c8a20-a547-11f0-8767-37a0e00d5193,83.84987,,,5.12948,,,,,,,e3c7f913-4cf5-4f85-a000-20dd86a5ad6d,2025-10-09,19:40:15.98,2025-10-09T15:40:15.9860000-04:00,2025-10-09T19:40:15.9860000Z,,v3,471355,471355,,"Raether, Carson",1000338521,Right,MIA_RED,2d246c3a-1c1e-409f-ba26-81a1a470b44e,54.68218,-122.50231,8.93012,4.80331,1.22284,-13.69587,-1.14976,4.78753,0.24148,,,,,,,,,,,,,,,,,,,,,,,,,,,,,64.59089,2.484499,1.417165,1.067334,-0.50079,2.39787,1.13486,-1.4833,5.86295,-0.18028,70.26618,6.98291,-54.5087,-1.43965,71.62795,-4.15107,5.93832,16.68486,-14.68816,-0.28752,-57.79479,6.51808,High,High,High,,,High,High,High
31,2025-10-09,15:40:46.21,3,1,"Burke, Clayton",1000266653,Right,MIA_RED,"Buffington, Matthew",825106,Right,MIA_RED,Undefined,2,Top,2,0,0,Fastball,Four-Seam,FoulBallNotFieldable,Undefined,Undefined,Undefined,0,0,,92.03671,-0.813915,-2.823239,2574.095739,222.564766,1:30,5.15919,0.99473,5.89225,-14.65028,18.17473,15.78265,3.18168,-0.31343,84.39566,-3.610605,0.005523,0.412357,,,,,,,,,,,,-8.6763,9.76138,-0.77545,50,5.08475,5.87033,-133.61831,-2.3134,-15.79331,26.94327,-14.40559,MIA_RED,MIA_RED,McKieFieldStad,TeamExclusive,Team,20251009-McKieFieldStad-Private-1,d9ff3e90-a547-11f0-8767-37a0e00d5193,91.40721,,,7.64105,,,,,,,e3c7f913-4cf5-4f85-a000-20dd86a5ad6d,2025-10-09,19:40:46.21,2025-10-09T15:40:46.2190080-04:00,2025-10-09T19:40:46.2190080Z,,v3,471355,471355,,"Raether, Carson",1000338521,Right,MIA_RED,a611a46c-a4eb-49e6-83c4-7180b50caad6,54.60385,-134.54344,13.47163,5.1557,-1.81877,-7.2028,-0.98633,6.41262,-7.89665,,,,,,,,,,,,,,,,,,,,,,,,,,,,,,,,,,,,,,,,,,,,,,,,,,,High,High,High,,,,,
32,2025-10-09,15:41:06.95,3,2,"Burke, Clayton",1000266653,Right,MIA_RED,"Buffington, Matthew",825106,Right,MIA_RED,Undefined,2,Top,2,0,1,Fastball,Four-Seam,BallCalled,Undefined,Undefined,Undefined,0,0,,92.76788,-2.77753,-3.18636,2478.059206,218.476987,1:15,5.03932,0.93495,5.81883,-15.54265,16.98462,12.69611,1.1557,-0.97259,85.12615,-5.718127,-0.914703,0.410483,,,,,,,,,,,,-7.34575,9.72729,-0.68173,50,4.80242,6.9323,-134.50124,-7.01737,-13.51957,27.89018,-14.27135,MIA_RED,MIA_RED,McKieFieldStad,TeamExclusive,Team,20251009-McKieFieldStad-Private-1,e6773b00-a547-11f0-8767-37a0e00d5193,91.82462,,,7.64173,,,,,,,e3c7f913-4cf5-4f85-a000-20dd86a5ad6d,2025-10-09,19:41:06.95,2025-10-09T15:41:06.9515264-04:00,2025-10-09T19:41:06.9515264Z,,v3,471355,471355,,"Raether, Carson",1000338521,Right,MIA_RED,eba00378-b65a-4b11-9ad5-dc1ece523efd,54.67992,-135.4682,13.94509,5.03714,-6.52258,-7.13568,-0.93019,7.40102,-6.75978,,,,,,,,,,,,,,,,,,,,,,,,,,,,,,,,,,,,,,,,,,,,,,,,,,,High,High,High,,,,,
33,2025-10-09,15:41:26.08,3,3,"Burke, Clayton",1000266653,Right,MIA_RED,"Buffington, Matthew",825106,Right,MIA_RED,Undefined,2,Top,2,1,1,Fastball,Four-Seam,InPlay,Undefined,LineDrive,Single,0,0,,92.76615,-1.702509,-2.540012,2530.359886,222.149812,1:30,5.10592,0.92136,5.91143,-14.14615,18.47135,15.73154,2.34492,-0.12667,84.30927,-4.423659,0.281812,0.411052,91.81191,15.291971,-22.047683,1928.87726,99.64334,17.71319,-46.59586,202.80421,154.04421,-28.609128,1.936793,-8.84745,10.30453,-0.72677,50,4.96133,5.28846,-134.58487,-4.40856,-16.14316,30.62593,-13.3723,MIA_RED,MIA_RED,McKieFieldStad,TeamExclusive,Team,20251009-McKieFieldStad-Private-1,f1d7acf0-a547-11f0-8767-37a0e00d5193,91.69754,17.73921,,8.45688,,,,1.85491,2.5488,0.09422,e3c7f913-4cf5-4f85-a000-20dd86a5ad6d,2025-10-09,19:41:26.08,2025-10-09T15:41:26.0891648-04:00,2025-10-09T19:41:26.0891648Z,LineDrive,v3,471355,471355,,"Raether, Carson",1000338521,Right,MIA_RED,ef1e9c12-e471-49f7-9a6b-1a68eaa2dfda,54.58701,-135.62466,15.31296,5.10329,-3.95455,-6.68615,-0.91562,5.83655,-8.07158,,1.85491,120.39099,-20.33456,3.86754,-0.88983,0.19437,-0.04027,0.00629,-0.0005,2.5488,35.51419,-22.76779,2.7719,-0.63349,0.14637,-0.02896,0.00451,-0.00037,0.09422,-48.75772,-1.35702,0.46139,-0.10719,0.02428,-0.00468,0.00072,-6E-05,,,,,,,,,,,,,,,,,,,,,,,High,High,High,High,Medium,,,
34,2025-10-09,15:42:01.63,4,1,"Burke, Clayton",1000266653,Right,MIA_RED,"Roa Calcano, Christopher",1000375139,Left,MIA_RED,Undefined,2,Top,2,0,0,Fastball,Sinker,StrikeCalled,Undefined,Undefined,Undefined,0,0,,91.49069,-1.072161,-1.698335,2364.753598,232.404147,1:45,5.02749,1.18033,5.80303,-20.2458,12.97339,15.58745,2.34265,0.89934,84.25907,-4.855631,1.094801,0.414826,,,,,,,,,,,,-8.39075,7.19981,-1.05027,50,4.92732,3.26465,-132.97138,-3.16693,-15.14355,26.37018,-19.17993,MIA_RED,MIA_RED,McKieFieldStad,TeamExclusive,Team,20251009-McKieFieldStad-Private-1,0713c590-a548-11f0-8767-37a0e00d5193,90.86325,,,7.23162,,,,,,,e3c7f913-4cf5-4f85-a000-20dd86a5ad6d,2025-10-09,19:42:01.63,2025-10-09T15:42:01.6358912-04:00,2025-10-09T19:42:01.6358912Z,,v3,471355,471355,,"Raether, Carson",1000338521,Right,MIA_RED,ea7b84a4-acd3-4a80-a0b7-82333fa96e8d,54.69599,-133.89942,13.18509,5.02689,-2.49193,-9.58997,-1.17454,3.7976,-7.57178,,,,,,,,,,,,,,,,,,,,,,,,,,,,,,,,,,,,,,,,,,,,,,,,,,,High,High,High,,,,,
35,2025-10-09,15:42:52.49,4,2,"Burke, Clayton",1000266653,Right,MIA_RED,"Roa Calcano, Christopher",1000375139,Left,MIA_RED,Undefined,2,Top,2,0,1,ChangeUp,Changeup,BallCalled,Undefined,Undefined,Undefined,0,0,,78.85844,2.707794,-2.634415,1811.104321,266.270991,3:00,4.61831,1.47011,5.61791,-42.78774,2.52807,17.8706,3.58426,0.49904,72.26868,-5.155458,0.551719,0.484503,,,,,,,,,,,,-9.73485,0.98197,-1.25697,50,4.8221,4.56953,-114.38657,4.01492,-12.95404,20.23962,-30.86736,MIA_RED,MIA_RED,McKieFieldStad,TeamExclusive,Team,20251009-McKieFieldStad-Private-1,25506720-a548-11f0-8767-37a0e00d5193,77.79612,,,6.58976,,,,,,,e3c7f913-4cf5-4f85-a000-20dd86a5ad6d,2025-10-09,19:42:52.49,2025-10-09T15:42:52.4904448-04:00,2025-10-09T19:42:52.4904448Z,,v3,471355,471355,,"Raether, Carson",1000338521,Right,MIA_RED,1a1b820e-bd62-44c5-8953-3aee3963d3bc,54.88169,-115.24709,10.11981,4.6235,5.32731,-15.43368,-1.46296,5.1203,-6.47702,,,,,,,,,,,,,,,,,,,,,,,,,,,,,,,,,,,,,,,,,,,,,,,,,,,High,High,High,,,,,
36,2025-10-09,15:43:11.95,4,3,"Burke, Clayton",1000266653,Right,MIA_RED,"Roa Calcano, Christopher",1000375139,Left,MIA_RED,Undefined,2,Top,2,1,1,ChangeUp,Changeup,StrikeSwinging,Undefined,Undefined,Undefined,0,0,,79.07077,0.181486,-3.591725,2051.393327,262.423429,2:45,4.64085,1.35894,5.71045,-40.51439,4.01418,20.81111,1.43406,-0.25736,73.34821,-7.241299,0.127188,0.480276,,,,,,,,,,,,-11.5219,2.35721,-1.07137,50,4.63055,6.43328,-114.85222,-0.93576,-15.58352,18.76807,-28.98589,MIA_RED,MIA_RED,McKieFieldStad,TeamExclusive,Team,20251009-McKieFieldStad-Private-1,31019120-a548-11f0-8767-37a0e00d5193,78.48081,,,5.72256,,,,,,,e3c7f913-4cf5-4f85-a000-20dd86a5ad6d,2025-10-09,19:43:11.95,2025-10-09T15:43:11.9520000-04:00,2025-10-09T19:43:11.9520000Z,,v3,471355,471355,,"Raether, Carson",1000338521,Right,MIA_RED,06059a32-cdf8-49e2-b505-f086d6379e26,54.79126,-115.63251,9.38404,4.64441,0.26934,-14.49295,-1.3523,7.08117,-7.79176,,,,,,,,,,,,,,,,,,,,,,,,,,,,,79.53621,2.18845,0.925389,1.263062,0.71434,1.34416,0.2555,-0.92984,5.9611,0.82885,127.27721,-1.39341,4.08514,-0.78827,114.78637,-10.76601,5.95719,7.1482,-10.26827,0.79309,0.09693,2.02657,High,High,High,,,High,High,Medium
37,2025-10-09,15:43:51.67,4,4,"Burke, Clayton",1000266653,Right,MIA_RED,"Roa Calcano, Christopher",1000375139,Left,MIA_RED,Undefined,2,Top,2,1,2,ChangeUp,Changeup,InPlay,Undefined,LineDrive,Triple,0,1,,79.27072,0.880321,-3.188905,1934.66193,265.333984,2:45,4.73135,1.46236,5.65663,-41.7549,3.11386,20.95308,2.07407,0.2315,72.67253,-6.794961,0.552237,0.482107,85.18027,18.59114,32.937462,2387.292468,88.14589,23.304,65.80451,224.67483,194.62583,41.986814,2.377603,-11.58792,1.71461,-1.20613,50,4.77925,5.61348,-115.0374,0.41737,-15.53575,21.24341,-29.87528,MIA_RED,MIA_RED,McKieFieldStad,TeamExclusive,Team,20251009-McKieFieldStad-Private-1,48c2a6f0-a548-11f0-8767-37a0e00d5193,78.18273,23.45165,,6.59819,,,,2.51262,2.28313,-0.07299,e3c7f913-4cf5-4f85-a000-20dd86a5ad6d,2025-10-09,19:43:51.67,2025-10-09T15:43:51.6792320-04:00,2025-10-09T19:43:51.6792320Z,LineDrive,v3,471355,471355,,"Raether, Carson",1000338521,Right,MIA_RED,2706b372-48e7-456a-9f1b-711307972a90,54.84404,-115.92847,10.6217,4.73546,1.67051,-14.93764,-1.45526,6.26514,-7.76788,,2.51268,99.3749,-17.39594,2.95592,-0.35161,-0.20007,0.15603,-0.04928,0.00611,2.28311,39.83108,-20.62839,2.14141,-0.50821,0.18972,-0.07587,0.02066,-0.00244,-0.07297,64.38201,1.79387,-1.82173,0.68191,-0.24721,0.08304,-0.02001,0.00218,,,,,,,,,,,,,,,,,,,,,,,High,High,High,High,High,,,
38,2025-10-09,15:44:49.78,5,1,"Burke, Clayton",1000266653,Right,MIA_RED,"Vrlak, Jake",1000131822,Right,MIA_RED,Undefined,2,Top,2,0,0,Fastball,Four-Seam,InPlay,Undefined,LineDrive,Single,0,1,,92.54187,-2.184079,-3.121255,2423.626101,221.026444,1:15,5.10517,1.06133,5.84657,-13.81587,19.07946,15.63745,1.92028,-0.53886,84.12117,-4.842592,-0.321777,0.412799,85.48234,15.498312,-11.819488,1027.738856,106.14701,18.27001,-28.85829,208.28495,207.47086,-18.793211,2.137153,-8.93323,10.72942,-0.81668,50,4.91931,6.63088,-134.14175,-5.51574,-16.20236,30.2602,-12.71391,MIA_RED,MIA_RED,McKieFieldStad,TeamExclusive,Team,20251009-McKieFieldStad-Private-1,6b5e83f0-a548-11f0-8767-37a0e00d5193,91.30945,18.2683,,8.4207,,,,1.49344,1.94908,0.5429,e3c7f913-4cf5-4f85-a000-20dd86a5ad6d,2025-10-09,19:44:49.78,2025-10-09T15:44:49.7857024-04:00,2025-10-09T19:44:49.7857024Z,LineDrive,v3,471355,471355,,"Raether, Carson",1000338521,Right,MIA_RED,c4f16856-a051-474b-a619-416ce3ad1023,54.6517,-135.18703,15.1301,5.10225,-5.07656,-6.35696,-1.0554,7.19055,-8.10118,104.418055,1.49344,118.25392,-16.91582,2.99906,-0.55854,0.04899,0.0198,-0.01049,0.00153,1.94908,33.50089,-18.40894,1.41685,-0.22423,0.04475,-0.0126,0.00416,-0.00059,0.54287,-24.74536,-6.07357,2.21793,-0.61566,0.09224,0.02478,-0.01699,0.00267,,,,,,,,,,,,,,,,,,,,,,,High,High,High,High,High,,,
39,2025-10-09,15:45:31.02,6,1,"Burke, Clayton",1000266653,Right,MIA_RED,"Harrison, Tommy",811731,Left,MIA_RED,Undefined,2,Top,2,0,0,ChangeUp,Changeup,StrikeSwinging,Undefined,Undefined,Undefined,0,0,,80.16264,0.688553,-3.078484,1912.937069,262.754245,2:45,4.60549,1.33749,5.75582,-39.77809,3.56142,18.25044,1.93254,-0.00997,74.08959,-6.619307,0.186231,0.47382,,,,,,,,,,,,-10.08918,2.01776,-1.0934,50,4.63823,5.56722,-116.44813,0.11179,-13.98692,19.8947,-29.37677,MIA_RED,MIA_RED,McKieFieldStad,TeamExclusive,Team,20251009-McKieFieldStad-Private-1,8416a3f0-a548-11f0-8767-37a0e00d5193,79.55013,,,6.07305,,,,,,,e3c7f913-4cf5-4f85-a000-20dd86a5ad6d,2025-10-09,19:45:31.02,2025-10-09T15:45:31.0214656-04:00,2025-10-09T19:45:31.0214656Z,,v3,471355,471355,,"Raether, Carson",1000338521,Right,MIA_RED,6ce20792-ee32-4696-990f-bd94d18d7a7d,54.74481,-117.25597,9.94735,4.60947,1.30465,-14.68838,-1.33099,6.13517,-6.99346,,,,,,,,,,,,,,,,,,,,,,,,,,,,,,,,,,,,,,,,,,,,,,,,,,,High,High,High,,,,,
40,2025-10-09,15:45:51.99,6,2,"Burke, Clayton",1000266653,Right,MIA_RED,"Harrison, Tommy",811731,Left,MIA_RED,Undefined,2,Top,2,0,1,Fastball,Four-Seam,InPlay,Undefined,GroundBall,Single,0,0,,91.50487,-1.441158,-3.068017,2313.871697,222.469288,1:30,5.05411,1.13745,5.80276,-15.89678,17.54005,15.09965,2.38686,-0.4603,83.74588,-4.460621,-0.366831,0.416183,97.28379,3.765171,33.817079,3303.55144,,,,80.97537,78.92347,36.126507,0.605583,-8.57524,9.67264,-0.8947,50,4.92625,6.46657,-132.78612,-3.83094,-15.35433,27.67194,-14.85474,MIA_RED,MIA_RED,McKieFieldStad,TeamExclusive,Team,20251009-McKieFieldStad-Private-1,90899750-a548-11f0-8767-37a0e00d5193,90.56703,3.46143,,7.759,,,,1.88869,2.53837,0.52751,e3c7f913-4cf5-4f85-a000-20dd86a5ad6d,2025-10-09,19:45:51.99,2025-10-09T15:45:51.9912448-04:00,2025-10-09T19:45:51.9912448Z,GroundBall,v3,471355,471355,,"Raether, Carson",1000338521,Right,MIA_RED,142ffb9b-3347-425d-bb0f-d746ae296d83,54.69636,-133.76123,13.83597,5.05203,-3.30748,-7.42737,-1.1321,7.00763,-7.67716,,1.92451,117.4891,-21.00233,,,,,,,2.56941,8.67642,-21.41237,,,,,,,0.51594,79.50025,-2.47852,,,,,,,,,,,,,,,,,,,,,,,,,,,,,High,High,High,High,High,,,
41,2025-10-09,15:46:36.64,7,1,"Burke, Clayton",1000266653,Right,MIA_RED,"Novak, Ryan",10035937,Left,MIA_RED,Undefined,2,Top,2,0,0,Fastball,Sinker,InPlay,Undefined,GroundBall,Out,1,0,,92.19018,-0.742818,-2.988953,2433.132381,229.121974,1:45,5.06201,1.23121,5.84706,-17.99784,14.7943,15.9458,2.87095,-0.21997,84.54485,-4.135127,-0.133451,0.412151,90.28481,-6.773198,24.186624,,,,,20.59247,14.35911,22.088004,0.147668,-8.99796,8.07524,-0.99766,50,4.99102,6.30622,-133.86928,-2.31923,-16.4109,27.53272,-17.44605,MIA_RED,MIA_RED,McKieFieldStad,TeamExclusive,Team,20251009-McKieFieldStad-Private-1,ab45ebc0-a548-11f0-8767-37a0e00d5193,91.45301,2.77379,,7.64534,,,,1.90214,2.77379,0.08409,e3c7f913-4cf5-4f85-a000-20dd86a5ad6d,2025-10-09,19:46:36.64,2025-10-09T15:46:36.6492160-04:00,2025-10-09T19:46:36.6492160Z,GroundBall,v3,471355,471355,,"Raether, Carson",1000338521,Right,MIA_RED,55760658-6750-4758-87e4-4fb641bdfb79,54.65271,-134.8228,13.76636,5.06088,-1.71503,-8.72303,-1.2259,6.87456,-8.20545,16.252189,1.9029,119.8813,-24.08468,,,,,,,2.77449,-15.6802,-21.08217,,,,,,,0.08459,53.83014,-13.33016,,,,,,,,,,,,,,,,,,,,,,,,,,,,,High,High,High,Low,Low,,,
42,2025-10-09,15:49:11.45,1,1,"Sohosky, Zac",1000224033,Left,MIA_RED,"Krupinski, Dom",702597,Left,MIA_RED,Undefined,2,Bottom,0,0,0,Fastball,Sinker,StrikeCalled,Undefined,Undefined,Undefined,0,0,,90.28641,-1.366324,2.575086,1588.086563,127.599597,10:15,5.80039,-0.9732,5.95019,-21.6034,12.75532,-15.08694,2.7314,0.15942,82.22782,-5.429664,-0.134178,0.421881,,,,,,,,,,,,8.45674,7.27796,0.77661,50,5.67955,-5.24276,-130.99345,-3.81985,14.63386,28.72944,-19.57998,MIA_RED,MIA_RED,McKieFieldStad,TeamExclusive,Team,20251009-McKieFieldStad-Private-1,07434490-a549-11f0-8767-37a0e00d5193,89.34376,,,8.0586,,,,,,,e3c7f913-4cf5-4f85-a000-20dd86a5ad6d,2025-10-09,19:49:11.45,2025-10-09T15:49:11.4598912-04:00,2025-10-09T19:49:11.4598912Z,,v3,471355,471355,,"Buffington, Matthew",825106,Right,MIA_RED,e6be3fe7-8e96-4f7e-a8b8-5c95ea037770,54.54682,-131.98689,14.36472,5.79993,-3.14279,-9.78999,0.96665,-5.74878,7.31693,,,,,,,,,,,,,,,,,,,,,,,,,,,,,,,,,,,,,,,,,,,,,,,,,,,High,High,High,,,,,
43,2025-10-09,15:49:26.38,1,2,"Sohosky, Zac",1000224033,Left,MIA_RED,"Krupinski, Dom",702597,Left,MIA_RED,Undefined,2,Bottom,0,0,1,Fastball,Sinker,StrikeCalled,Undefined,Undefined,Undefined,0,0,,89.67123,-2.356888,3.501198,1708.085769,127.732221,10:15,5.75886,-1.19244,6.14197,-22.0295,12.59894,-14.80225,1.73976,0.81353,81.83783,-6.50067,0.836135,0.423534,,,,,,,,,,,,8.63225,7.53142,0.9328,50,5.56753,-7.33966,-129.97666,-6.04023,14.72332,27.99628,-19.3283,MIA_RED,MIA_RED,McKieFieldStad,TeamExclusive,Team,20251009-McKieFieldStad-Private-1,1026a890-a549-11f0-8767-37a0e00d5193,88.99511,,,7.83339,,,,,,,e3c7f913-4cf5-4f85-a000-20dd86a5ad6d,2025-10-09,19:49:26.38,2025-10-09T15:49:26.3891456-04:00,2025-10-09T19:49:26.3891456Z,,v3,471355,471355,,"Buffington, Matthew",825106,Right,MIA_RED,7de8ac8b-b58e-4660-9613-cbbad5090385,54.35545,-130.91144,13.99814,5.75844,-5.39487,-9.66415,1.18608,-7.83126,7.36166,,,,,,,,,,,,,,,,,,,,,,,,,,,,,,,,,,,,,,,,,,,,,,,,,,,High,High,High,,,,,
44,2025-10-09,15:49:43.81,1,3,"Sohosky, Zac",1000224033,Left,MIA_RED,"Krupinski, Dom",702597,Left,MIA_RED,Undefined,2,Bottom,0,0,2,Slider,Slider,BallCalled,Undefined,Undefined,Undefined,0,0,,80.42236,-1.839859,3.813494,1832.261047,332.886282,5:00,5.47081,-1.69915,5.87935,-42.47924,0.81535,0.25472,0.21785,1.86884,74.4135,-9.59249,3.859143,0.473574,,,,,,,,,,,,0.91709,1.26228,1.39063,50,5.29699,-7.78209,-116.60913,-5.10841,1.26421,21.69279,-30.43401,MIA_RED,MIA_RED,McKieFieldStad,TeamExclusive,Team,20251009-McKieFieldStad-Private-1,1a99ad40-a549-11f0-8767-37a0e00d5193,79.59141,,,6.00886,,,,,,,e3c7f913-4cf5-4f85-a000-20dd86a5ad6d,2025-10-09,19:49:43.81,2025-10-09T15:49:43.8127616-04:00,2025-10-09T19:49:43.8127616Z,,v3,471355,471355,,"Buffington, Matthew",825106,Right,MIA_RED,948ce54d-4387-4477-b6d3-683b19460e28,54.62064,-117.46556,10.84639,5.47495,-3.90687,-15.21701,1.69885,-7.832,0.6321,,,,,,,,,,,,,,,,,,,,,,,,,,,,,,,,,,,,,,,,,,,,,,,,,,,High,High,High,,,,,
45,2025-10-09,15:50:05.69,1,4,"Sohosky, Zac",1000224033,Left,MIA_RED,"Krupinski, Dom",702597,Left,MIA_RED,Undefined,2,Bottom,0,1,2,Fastball,Sinker,FoulBallNotFieldable,Undefined,Undefined,Undefined,0,0,,91.23841,-2.243433,2.783724,1897.349072,129.648458,10:15,5.91167,-0.99517,5.88262,-20.0682,13.62572,-15.1165,2.15248,0.3322,83.32202,-6.012915,0.072966,0.41778,,,,,,,,,,,,8.56989,7.94733,0.77935,50,5.71882,-5.79037,-132.33094,-5.8402,15.16517,28.7782,-18.11055,MIA_RED,MIA_RED,McKieFieldStad,TeamExclusive,Team,20251009-McKieFieldStad-Private-1,2799ec80-a549-11f0-8767-37a0e00d5193,90.22087,,,7.9164,,,,,,,e3c7f913-4cf5-4f85-a000-20dd86a5ad6d,2025-10-09,19:50:05.69,2025-10-09T15:50:05.6903680-04:00,2025-10-09T19:50:05.6903680Z,,v3,471355,471355,,"Buffington, Matthew",825106,Right,MIA_RED,a7109284-ab14-42a3-85a6-bd02f0b24a21,54.61609,-133.33102,14.3891,5.91084,-5.21083,-9.05528,0.98973,-6.31739,7.58259,,,,,,,,,,,,,,,,,,,,,,,,,,,,,,,,,,,,,,,,,,,,,,,,,,,High,High,High,,,,,
46,2025-10-09,15:50:30.02,1,5,"Sohosky, Zac",1000224033,Left,MIA_RED,"Krupinski, Dom",702597,Left,MIA_RED,Undefined,2,Bottom,0,1,2,Sinker,Four-Seam,InPlay,Undefined,LineDrive,Single,0,0,,91.94281,-1.366693,3.417288,1846.181585,125.644081,10:15,5.8562,-1.0994,6.18894,-19.99592,12.55174,-16.13753,2.92555,0.71467,84.48412,-5.132042,0.509723,0.410612,95.89969,5.992189,-21.365387,2215.903281,,,,108.70075,105.33499,-25.236131,0.866442,9.27186,7.16181,0.84969,50,5.7428,-7.30673,-133.50195,-3.81609,16.8335,27.1287,-19.1714,MIA_RED,MIA_RED,McKieFieldStad,TeamExclusive,Team,20251009-McKieFieldStad-Private-1,363fec80-a549-11f0-8767-37a0e00d5193,91.79581,5.1953,,7.45869,,,,0.21247,2.74144,-0.66966,e3c7f913-4cf5-4f85-a000-20dd86a5ad6d,2025-10-09,19:50:30.02,2025-10-09T15:50:30.0265984-04:00,2025-10-09T19:50:30.0265984Z,GroundBall,v3,471355,471355,,"Buffington, Matthew",825106,Right,MIA_RED,4b833299-8b65-4f6b-aff8-08cb4f4b24e1,54.31059,-134.37504,13.56435,5.85569,-3.19909,-9.5857,1.09356,-7.84849,8.41675,70.542645,0.29501,128.9721,-18.37015,,,,,,,2.81042,13.59601,-19.51916,,,,,,,-0.6276,-51.63374,-1.35392,,,,,,,,,,,,,,,,,,,,,,,,,,,,,High,High,High,High,High,,,
47,2025-10-09,15:51:03.80,2,1,"Sohosky, Zac",1000224033,Left,MIA_RED,"Phillips, Drew",1000194003,Right,MIA_RED,Undefined,2,Bottom,0,0,0,ChangeUp,Changeup,InPlay,Undefined,Bunt,Sacrifice,1,0,,81.27595,-1.219508,2.612558,1691.836336,120.508172,10:00,5.75506,-1.32302,6.30859,-31.91384,9.89174,-14.45469,1.97084,-0.11925,74.31408,-7.194254,-0.002472,0.465359,,,,,,,,,,,,8.36536,5.89217,1.13852,50,5.65026,-4.87542,-118.02603,-3.42365,11.73907,23.54565,-23.90559,MIA_RED,MIA_RED,McKieFieldStad,TeamExclusive,Team,20251009-McKieFieldStad-Private-1,4a640570-a549-11f0-8767-37a0e00d5193,80.99641,,,6.96188,,,,,,,e3c7f913-4cf5-4f85-a000-20dd86a5ad6d,2025-10-09,19:51:03.80,2025-10-09T15:51:03.8098944-04:00,2025-10-09T19:51:03.8098944Z,,v3,471355,471355,,"Buffington, Matthew",825106,Right,MIA_RED,8ae684bb-3f6b-401b-8ab3-cbc8013db4a6,54.19065,-118.85911,11.77283,5.75643,-2.57784,-11.9528,1.31836,-5.29076,5.86954,,,,,,,,,,,,,,,,,,,,,,,,,,,,,,,,,,,,,,,,,,,,,,,,,,,High,High,High,,,,,
48,2025-10-09,15:51:40.32,3,1,"Sohosky, Zac",1000224033,Left,MIA_RED,"Phillips, Drew",1000194003,Right,MIA_RED,Undefined,2,Bottom,1,0,0,Fastball,Sinker,StrikeSwinging,Undefined,Undefined,Undefined,0,0,,89.61984,-1.727266,2.869466,1938.540026,143.262794,10:45,5.88775,-1.46133,5.95278,-18.11387,16.40969,-11.47662,2.7739,0.24566,82.44491,-5.144653,0.810138,0.422892,,,,,,,,,,,,6.60618,9.17953,1.23942,50,5.74001,-6.03685,-130.10314,-4.47493,11.40933,25.35027,-16.32039,MIA_RED,MIA_RED,McKieFieldStad,TeamExclusive,Team,20251009-McKieFieldStad-Private-1,5fe0f7a0-a549-11f0-8767-37a0e00d5193,89.13028,,,7.17492,,,,,,,e3c7f913-4cf5-4f85-a000-20dd86a5ad6d,2025-10-09,19:51:40.32,2025-10-09T15:51:40.3256832-04:00,2025-10-09T19:51:40.3256832Z,,v3,471355,471355,,"Buffington, Matthew",825106,Right,MIA_RED,97017cda-3cfc-4a75-8b31-856253c6bf67,54.54503,-130.98574,12.67513,5.88592,-3.90672,-8.16019,1.45651,-6.43408,5.70467,,,,,,,,,,,,,,,,,,,,,,,,,,,,,,,,,,,,,,,,,,,,,,,,,,,High,High,High,,,,,
49,2025-10-09,15:51:54.76,3,2,"Sohosky, Zac",1000224033,Left,MIA_RED,"Phillips, Drew",1000194003,Right,MIA_RED,Undefined,2,Bottom,1,0,1,ChangeUp,Changeup,InPlay,Undefined,FlyBall,Out,1,0,,83.39885,-2.506291,2.624571,1680.617961,132.47986,10:30,5.68062,-1.34916,6.39095,-25.36911,13.91265,-13.8865,1.25746,-0.09072,76.90434,-7.268007,0.108973,0.451094,76.46551,45.947527,-24.247372,,98.97941,91.06335,-47.99039,220.91292,109.31788,-27.391941,5.093006,7.99359,8.30095,1.16685,50,5.48847,-5.05585,-121.12391,-6.0117,11.93255,22.58837,-19.78269,MIA_RED,MIA_RED,McKieFieldStad,TeamExclusive,Team,20251009-McKieFieldStad-Private-1,68a3b440-a549-11f0-8767-37a0e00d5193,83.55786,94.21642,,6.49451,,,,2.07319,0.73223,0.21279,e3c7f913-4cf5-4f85-a000-20dd86a5ad6d,2025-10-09,19:51:54.76,2025-10-09T15:51:54.7648512-04:00,2025-10-09T19:51:54.7648512Z,FlyBall,v3,471355,471355,,"Buffington, Matthew",825106,Right,MIA_RED,a48c3b1f-0ee1-402a-a808-da3c03182005,54.10855,-121.8877,11.29419,5.68044,-5.34278,-9.89135,1.34463,-5.45933,5.96628,172.780761,2.07709,71.01582,-17.81384,4.58476,-0.66846,0.00082,0.01881,-0.00287,0.00014,0.73011,80.63812,-19.45985,0.98469,0.03769,-0.0821,0.02833,-0.00433,0.00024,0.21121,-31.99132,5.85088,-1.28941,0.12506,0.02357,-0.00948,0.00115,-5E-05,,,,,,,,,,,,,,,,,,,,,,,High,High,High,High,Low,,,
50,2025-10-09,15:52:56.46,4,1,"Sohosky, Zac",1000224033,Left,MIA_RED,"Breidenbach, Mason",1000074554,Right,MIA_RED,Undefined,2,Bottom,2,0,0,Slider,Curveball,StrikeCalled,Undefined,Undefined,Undefined,0,0,,79.94229,1.140289,2.38813,2058.346436,37.603044,7:15,5.54953,-1.60356,5.69609,-44.6801,-1.04488,-1.74402,2.88987,0.47785,74.04749,-7.028397,2.076419,0.475434,,,,,,,,,,,,1.48087,-0.42232,1.40407,50,5.61734,-4.77702,-116.15355,0.82566,2.04374,19.67893,-32.75688,MIA_RED,MIA_RED,McKieFieldStad,TeamExclusive,Team,20251009-McKieFieldStad-Private-1,8d4e7410-a549-11f0-8767-37a0e00d5193,79.28011,,,5.89481,,,,,,,e3c7f913-4cf5-4f85-a000-20dd86a5ad6d,2025-10-09,19:52:56.46,2025-10-09T15:52:56.4633600-04:00,2025-10-09T19:52:56.4633600Z,,v3,471355,471355,,"Buffington, Matthew",825106,Right,MIA_RED,504a1a8d-8260-4485-aba6-78a923a4c636,54.8036,-116.96455,9.83947,5.5555,2.17563,-16.37844,1.60268,-4.86125,1.02187,,,,,,,,,,,,,,,,,,,,,,,,,,,,,,,,,,,,,,,,,,,,,,,,,,,High,High,High,,,,,
51,2025-10-09,15:53:11.90,4,2,"Sohosky, Zac",1000224033,Left,MIA_RED,"Breidenbach, Mason",1000074554,Right,MIA_RED,Undefined,2,Bottom,2,0,1,Slider,Slider,BallCalled,Undefined,Undefined,Undefined,0,0,,79.83673,0.755474,2.873203,2050.612811,320.33169,4:45,5.50767,-1.64554,5.54684,-44.94991,-0.91567,1.77752,2.46876,1.18981,74.03649,-7.428921,3.189792,0.477603,,,,,,,,,,,,-0.18323,-0.27657,1.39545,50,5.54312,-5.8882,-115.9454,0.0076,-0.25192,19.65697,-32.55431,MIA_RED,MIA_RED,McKieFieldStad,TeamExclusive,Team,20251009-McKieFieldStad-Private-1,967f82e0-a549-11f0-8767-37a0e00d5193,78.9201,,,5.80024,,,,,,,e3c7f913-4cf5-4f85-a000-20dd86a5ad6d,2025-10-09,19:53:11.90,2025-10-09T15:53:11.9091200-04:00,2025-10-09T19:53:11.9091200Z,,v3,471355,471355,,"Buffington, Matthew",825106,Right,MIA_RED,e4da512c-51cd-44e3-9e6b-4294e752942b,54.9531,-116.78211,9.82848,5.5133,1.3933,-16.27715,1.64586,-5.87748,-0.12596,,,,,,,,,,,,,,,,,,,,,,,,,,,,,,,,,,,,,,,,,,,,,,,,,,,High,High,High,,,,,
52,2025-10-09,15:53:31.82,4,3,"Sohosky, Zac",1000224033,Left,MIA_RED,"Breidenbach, Mason",1000074554,Right,MIA_RED,Undefined,2,Bottom,2,1,1,Slider,Curveball,StrikeSwinging,Undefined,Undefined,Undefined,0,0,,80.75812,-0.259409,2.881319,2052.172524,323.733601,4:45,5.47191,-1.72023,5.75845,-46.39987,-3.71906,3.59142,1.3635,1.26323,75.15291,-8.70432,3.524179,0.470205,,,,,,,,,,,,-1.11264,-1.46847,1.47909,50,5.42199,-6.04285,-117.34365,-2.08603,-1.56615,20.22047,-34.24109,MIA_RED,MIA_RED,McKieFieldStad,TeamExclusive,Team,20251009-McKieFieldStad-Private-1,a2a603f0-a549-11f0-8767-37a0e00d5193,80.16164,,,5.60521,,,,,,,e3c7f913-4cf5-4f85-a000-20dd86a5ad6d,2025-10-09,19:53:31.82,2025-10-09T15:53:31.8205952-04:00,2025-10-09T19:53:31.8205952Z,,v3,471355,471355,,"Buffington, Matthew",825106,Right,MIA_RED,54ce6026-9040-4b5a-9f99-5e40ecfcfb79,54.74221,-118.158,10.11023,5.47823,-0.70703,-17.12054,1.72118,-5.97978,-0.78307,,,,,,,,,,,,,,,,,,,,,,,,,,,,,,,,,,,,,,,,,,,,,,,,,,,High,High,High,,,,,
53,2025-10-09,15:53:49.37,4,4,"Sohosky, Zac",1000224033,Left,MIA_RED,"Breidenbach, Mason",1000074554,Right,MIA_RED,Undefined,2,Bottom,2,1,2,Slider,Curveball,BallCalled,Undefined,Undefined,Undefined,0,0,,80.65195,0.302374,3.6505,2075.878212,328.52751,5:00,5.45323,-1.80396,5.79227,-47.63758,-4.81626,3.67221,1.76528,1.90237,74.96608,-8.371947,4.306972,0.470979,,,,,,,,,,,,-0.95606,-2.17043,1.50103,50,5.44942,-7.61057,-117.10507,-0.96983,-1.33954,20.25616,-35.21505,MIA_RED,MIA_RED,McKieFieldStad,TeamExclusive,Team,20251009-McKieFieldStad-Private-1,acef6090-a549-11f0-8767-37a0e00d5193,80.03,,,5.68588,,,,,,,e3c7f913-4cf5-4f85-a000-20dd86a5ad6d,2025-10-09,19:53:49.37,2025-10-09T15:53:49.3787136-04:00,2025-10-09T19:53:49.3787136Z,,v3,471355,471355,,"Buffington, Matthew",825106,Right,MIA_RED,07206a1d-f0ce-415e-9060-89576aad9d3e,54.70858,-117.91672,10.12808,5.46001,0.44121,-17.60753,1.8049,-7.55689,-0.66977,,,,,,,,,,,,,,,,,,,,,,,,,,,,,,,,,,,,,,,,,,,,,,,,,,,High,High,High,,,,,
54,2025-10-09,15:54:05.85,4,5,"Sohosky, Zac",1000224033,Left,MIA_RED,"Breidenbach, Mason",1000074554,Right,MIA_RED,Undefined,2,Bottom,2,2,2,Fastball,Four-Seam,BallCalled,Undefined,Undefined,Undefined,0,0,,89.98667,-2.863464,3.627002,1991.481995,148.007449,11:00,5.81835,-1.11108,6.30648,-17.66584,16.09721,-9.44252,1.7008,1.44782,83.16223,-6.201538,1.923311,0.418208,,,,,,,,,,,,5.79551,9.38997,0.84915,50,5.59914,-7.8973,-130.54609,-7.04405,10.11307,24.60771,-15.78874,MIA_RED,MIA_RED,McKieFieldStad,TeamExclusive,Team,20251009-McKieFieldStad-Private-1,b6bf6e80-a549-11f0-8767-37a0e00d5193,90.12848,,,6.82444,,,,,,,e3c7f913-4cf5-4f85-a000-20dd86a5ad6d,2025-10-09,19:54:05.85,2025-10-09T15:54:05.8536448-04:00,2025-10-09T19:54:05.8536448Z,,v3,471355,471355,,"Buffington, Matthew",825106,Right,MIA_RED,49279720-e399-424b-a6c1-50743c622a71,54.19191,-131.33388,12.30386,5.81656,-6.53859,-7.89437,1.10716,-8.22106,5.05654,,,,,,,,,,,,,,,,,,,,,,,,,,,,,,,,,,,,,,,,,,,,,,,,,,,High,High,High,,,,,
55,2025-10-09,15:54:24.05,4,6,"Sohosky, Zac",1000224033,Left,MIA_RED,"Breidenbach, Mason",1000074554,Right,MIA_RED,Undefined,2,Bottom,2,3,2,Fastball,Sinker,FoulBallNotFieldable,Undefined,Undefined,Undefined,0,0,,91.49057,-2.164349,2.841856,1967.285721,140.126771,10:45,5.84215,-1.22323,6.18121,-18.98284,13.51079,-10.56981,2.25824,0.52233,85.15538,-5.716809,0.936581,0.410271,88.98104,23.674992,-41.995855,4432.378263,75.45175,38.70397,-80.04354,275.77515,171.02678,-55.605743,3.497386,6.15276,7.7778,1.01397,50,5.66866,-6.17916,-132.99977,-5.62571,11.22663,23.53137,-17.98232,MIA_RED,MIA_RED,McKieFieldStad,TeamExclusive,Team,20251009-McKieFieldStad-Private-1,c19330d0-a549-11f0-8767-37a0e00d5193,91.8721,43.36014,,6.33519,,,,0.548,2.1298,-0.44303,e3c7f913-4cf5-4f85-a000-20dd86a5ad6d,2025-10-09,19:54:24.05,2025-10-09T15:54:24.0588288-04:00,2025-10-09T19:54:24.0588288Z,LineDrive,v3,471355,471355,,"Buffington, Matthew",825106,Right,MIA_RED,85a89b32-f2d0-4e25-a072-d5ee6bb3b217,54.31937,-133.7618,11.76569,5.84141,-5.04337,-8.99116,1.21996,-6.54272,5.61331,,0.54791,88.83107,-22.994,5.32156,-1.26212,0.30495,-0.06208,0.00802,-0.00046,2.13057,52.37741,-18.86893,1.6339,-0.01954,-0.15797,0.05894,-0.00926,0.00056,-0.44289,-79.97408,7.89655,-1.90494,0.50442,-0.14316,0.03246,-0.00441,0.00026,,,,,,,,,,,,,,,,,,,,,,,High,High,High,High,Medium,,,
56,2025-10-09,15:54:48.13,4,7,"Sohosky, Zac",1000224033,Left,MIA_RED,"Breidenbach, Mason",1000074554,Right,MIA_RED,Undefined,2,Bottom,2,3,2,Sinker,Sinker,BallCalled,Walk,Undefined,Undefined,0,0,,91.23531,-2.611718,3.663705,1826.251869,125.323565,10:15,5.84138,-1.17792,6.07426,-21.44722,11.87379,-15.3032,1.63091,0.9414,83.84482,-6.623573,0.91241,0.415461,,,,,,,,,,,,8.84418,7.13244,0.90209,50,5.62735,-7.82558,-132.28292,-6.73688,15.7455,26.96703,-19.47601,MIA_RED,MIA_RED,McKieFieldStad,TeamExclusive,Team,20251009-McKieFieldStad-Private-1,d00eec80-a549-11f0-8767-37a0e00d5193,90.72434,,,7.39049,,,,,,,e3c7f913-4cf5-4f85-a000-20dd86a5ad6d,2025-10-09,19:54:48.13,2025-10-09T15:54:48.1347072-04:00,2025-10-09T19:54:48.1347072Z,,v3,471355,471355,,"Buffington, Matthew",825106,Right,MIA_RED,b91a886e-6843-4b46-ae81-466aa624d4e3,54.42428,-133.1818,13.48351,5.84108,-6.08769,-9.73801,1.17168,-8.35042,7.87275,,,,,,,,,,,,,,,,,,,,,,,,,,,,,,,,,,,,,,,,,,,,,,,,,,,High,High,High,,,,,
57,2025-10-09,15:55:26.10,5,1,"Sohosky, Zac",1000224033,Left,MIA_RED,"Raether, Carson",1000338521,Left,MIA_RED,Undefined,2,Bottom,2,0,0,Fastball,Sinker,StrikeCalled,Undefined,Undefined,Undefined,0,0,,89.59164,-1.615451,3.392064,1831.189417,132.056982,10:30,5.79244,-1.34705,6.11659,-22.70875,11.38162,-11.58276,2.40348,0.8275,83.13643,-5.846486,1.308027,0.42023,,,,,,,,,,,,6.8017,6.56083,1.09294,50,5.65639,-7.25073,-130.15843,-4.40252,11.8483,23.36662,-20.74534,MIA_RED,MIA_RED,McKieFieldStad,TeamExclusive,Team,20251009-McKieFieldStad-Private-1,e691dd00-a549-11f0-8767-37a0e00d5193,89.69476,,,6.45522,,,,,,,e3c7f913-4cf5-4f85-a000-20dd86a5ad6d,2025-10-09,19:55:26.10,2025-10-09T15:55:26.1032448-04:00,2025-10-09T19:55:26.1032448Z,,v3,471355,471355,,"Buffington, Matthew",825106,Right,MIA_RED,cc9de5ed-c0e4-4233-82af-954d85847241,54.38338,-130.94299,11.68331,5.79251,-3.70597,-10.37267,1.34306,-7.64855,5.92415,,,,,,,,,,,,,,,,,,,,,,,,,,,,,,,,,,,,,,,,,,,,,,,,,,,High,High,High,,,,,
58,2025-10-09,15:55:41.05,5,2,"Sohosky, Zac",1000224033,Left,MIA_RED,"Raether, Carson",1000338521,Left,MIA_RED,Undefined,2,Bottom,2,0,1,Fastball,Sinker,InPlay,Undefined,GroundBall,Out,1,0,,89.70647,-1.881304,2.678892,1772.368337,128.631266,10:15,5.73888,-1.37494,6.19074,-23.83989,10.17922,-11.52221,2.01279,0.13996,82.98604,-6.325989,0.600128,0.419791,91.18283,-17.233886,-2.434413,,,,,9.08428,8.85373,-0.293328,0.059369,6.67319,6.04638,1.17889,50,5.58478,-5.64409,-130.35926,-5.04531,11.60281,24.7259,-21.66108,MIA_RED,MIA_RED,McKieFieldStad,TeamExclusive,Team,20251009-McKieFieldStad-Private-1,ef78c370-a549-11f0-8767-37a0e00d5193,89.78866,2.35679,,6.72043,,,,1.49337,2.35679,0.27621,e3c7f913-4cf5-4f85-a000-20dd86a5ad6d,2025-10-09,19:55:41.05,2025-10-09T15:55:41.0515456-04:00,2025-10-09T19:55:41.0515456Z,GroundBall,v3,471355,471355,,"Buffington, Matthew",825106,Right,MIA_RED,0ffe6311-406e-4c2b-9a5c-6bb61b9a693a,54.30924,-131.17407,12.36295,5.73928,-4.3315,-10.83054,1.37119,-6.02644,5.8014,180,1.49105,127.85776,,,,,,,,2.35751,-39.69729,,,,,,,,0.27631,-5.43576,,,,,,,,,,,,,,,,,,,,,,,,,,,,,,High,High,High,Medium,High,,,
59,2025-10-09,15:59:26.79,1,1,"Tedesco, Jake",803230,Left,MIA_RED,"Gonzalez Rivera, Ignacio",10124440,Right,MIA_RED,Undefined,3,Top,0,0,0,Fastball,Sinker,InPlay,Undefined,Bunt,Out,1,0,,89.33241,-1.812691,2.001308,2140.521751,142.177751,10:45,6.35598,-1.26222,6.31514,-15.40099,18.98308,-13.90209,3.40136,-0.57661,81.81421,-4.773745,-0.512722,0.422037,23.68356,37.103587,31.879035,1404.965162,,,,41.1228,40.88936,31.329203,1.450923,7.82961,10.72768,1.12238,50,6.2158,-3.99326,-129.80591,-4.51189,13.37819,26.80171,-13.844,MIA_RED,MIA_RED,McKieFieldStad,TeamExclusive,Team,20251009-McKieFieldStad-Private-1,76030e00-a54a-11f0-8767-37a0e00d5193,89.31084,10.22397,,7.5182,,,,2.52338,3.47295,0.56028,e3c7f913-4cf5-4f85-a000-20dd86a5ad6d,2025-10-09,19:59:26.79,2025-10-09T15:59:26.7915264-04:00,2025-10-09T19:59:26.7915264Z,GroundBall,v3,471355,471355,,"Raether, Carson",1000338521,Right,MIA_RED,32974a4a-2b19-4f92-98b7-e99cd897f84d,54.18405,-130.66695,13.40085,6.35361,-4.06713,-6.922,1.25757,-4.42306,6.68909,226.967153,2.52339,23.52439,-0.73252,0.03778,-0.13123,0.17067,-0.11804,0.04711,-0.00782,3.47295,20.95442,-16.43745,0.29614,-0.03329,0.01461,-0.02984,0.01576,-0.00298,0.56028,14.63086,-0.13205,-0.06041,-0.01772,0.08268,-0.08188,0.03532,-0.00566,,,,,,,,,,,,,,,,,,,,,,,High,High,High,High,High,,,
60,2025-10-09,16:00:01.36,2,1,"Tedesco, Jake",803230,Left,MIA_RED,"Gonzalez Rivera, Ignacio",10124440,Right,MIA_RED,Undefined,3,Top,1,0,0,Fastball,Sinker,FoulBallNotFieldable,Undefined,Undefined,Undefined,0,0,,90.70847,-2.435143,1.823958,2075.75523,141.32282,10:45,6.33634,-1.10331,6.19302,-16.61076,16.90084,-12.69194,2.70146,-0.47651,83.18694,-5.595448,-0.466687,0.416648,76.56891,10.002219,167.206729,1070.083323,,,,84.11847,38.74135,168.459829,0.822621,7.07744,9.74008,0.97224,50,6.14432,-3.67599,-131.73235,-6.0764,12.46674,27.34756,-15.0171,MIA_RED,MIA_RED,McKieFieldStad,TeamExclusive,Team,20251009-McKieFieldStad-Private-1,8abf6f50-a54a-11f0-8767-37a0e00d5193,90.46597,5.8613,,7.52153,,,,0.40133,2.58879,0.34711,e3c7f913-4cf5-4f85-a000-20dd86a5ad6d,2025-10-09,20:00:01.36,2025-10-09T16:00:01.3672448-04:00,2025-10-09T20:00:01.3672448Z,GroundBall,v3,471355,471355,,"Raether, Carson",1000338521,Right,MIA_RED,820b5964-15a7-4a0d-842c-efb85792b1bb,54.30536,-132.62313,13.67378,6.33428,-5.58726,-7.50855,1.09859,-4.08207,6.23337,342.16622,0.42162,-108.184,9.06745,,,,,,,2.66399,18.26817,-26.2474,,,,,,,0.36074,24.2643,-5.17995,,,,,,,,,,,,,,,,,,,,,,,,,,,,,High,High,High,Medium,Low,,,
61,2025-10-09,16:00:24.41,2,2,"Tedesco, Jake",803230,Left,MIA_RED,"Gonzalez Rivera, Ignacio",10124440,Right,MIA_RED,Undefined,3,Top,1,0,1,ChangeUp,Changeup,FoulBallNotFieldable,Undefined,Undefined,Undefined,0,0,,84.65252,-0.15097,1.945236,1439.286885,110.211497,9:45,6.1487,-1.28554,5.65717,-32.64187,6.41508,-14.30804,3.28768,-0.66313,78.03161,-6.160399,-0.612265,0.449801,,,,,,,,,,,,7.83327,3.62146,1.13039,50,6.11503,-3.60458,-123.01955,-1.43476,12.0817,22.92851,-26.5885,MIA_RED,MIA_RED,McKieFieldStad,TeamExclusive,Team,20251009-McKieFieldStad-Private-1,985cd8f0-a54a-11f0-8767-37a0e00d5193,83.798,,,6.62091,,,,,,,e3c7f913-4cf5-4f85-a000-20dd86a5ad6d,2025-10-09,20:00:24.41,2025-10-09T16:00:24.4127744-04:00,2025-10-09T20:00:24.4127744Z,,v3,471355,471355,,"Raether, Carson",1000338521,Right,MIA_RED,2795cc9d-f9ba-4c06-8dde-4bc17439cd5a,54.84303,-123.91891,11.46426,6.15085,-0.39184,-13.29425,1.28107,-4.07848,6.04085,,,,,,,,,,,,,,,,,,,,,,,,,,,,,,,,,,,,,,,,,,,,,,,,,,,High,High,High,,,,,
62,2025-10-09,16:00:51.16,2,3,"Tedesco, Jake",803230,Left,MIA_RED,"Gonzalez Rivera, Ignacio",10124440,Right,MIA_RED,Undefined,3,Top,1,0,2,Slider,Slider,FoulBallNotFieldable,Undefined,Undefined,Undefined,0,0,,81.83352,-0.50608,0.454625,2434.706123,316.768686,4:30,6.52524,-1.12803,5.44855,-44.46829,-2.36477,3.36756,2.34573,-0.42177,75.82406,-8.579093,1.055502,0.467015,78.02757,-32.667085,56.639601,,,,,3.78031,3.78031,57.945433,0.034779,-1.5865,-0.7115,1.0855,50,6.44966,-1.0789,-118.94881,-2.62237,-2.28698,21.50042,-33.19968,MIA_RED,MIA_RED,McKieFieldStad,TeamExclusive,Team,20251009-McKieFieldStad-Private-1,a85aeee0-a54a-11f0-8767-37a0e00d5193,80.70931,2.15371,,6.00946,,,,0.15919,2.15371,0.39845,e3c7f913-4cf5-4f85-a000-20dd86a5ad6d,2025-10-09,20:00:51.16,2025-10-09T16:00:51.1609344-04:00,2025-10-09T20:00:51.1609344Z,GroundBall,v3,471355,471355,,"Raether, Carson",1000338521,Right,MIA_RED,a2e64e93-8a38-4b33-a805-0239ca9802d8,55.05158,-119.85843,10.75021,6.53089,-1.2178,-16.59984,1.12909,-0.98214,-1.14349,,0.15844,53.10987,,,,,,,,2.15458,-61.92515,,,,,,,,0.39732,80.66661,,,,,,,,,,,,,,,,,,,,,,,,,,,,,,High,High,High,Estimated,Estimated,,,
63,2025-10-09,16:01:17.15,2,4,"Tedesco, Jake",803230,Left,MIA_RED,"Gonzalez Rivera, Ignacio",10124440,Right,MIA_RED,Undefined,3,Top,1,0,2,Fastball,Four-Seam,BallCalled,Undefined,Undefined,Undefined,0,0,,91.86998,0.185958,1.436483,2051.892387,144.591877,10:45,6.46117,-0.93433,6.52391,-16.75706,15.33028,-10.22847,5.23541,-0.46855,84.33599,-3.022536,-0.420737,0.407698,,,,,,,,,,,,5.71445,8.27524,0.83839,50,6.46648,-2.94039,-133.64836,-0.01927,10.39641,27.21979,-17.11867,MIA_RED,MIA_RED,McKieFieldStad,TeamExclusive,Team,20251009-McKieFieldStad-Private-1,b7d4e0b0-a54a-11f0-8767-37a0e00d5193,92.45195,,,7.534,,,,,,,e3c7f913-4cf5-4f85-a000-20dd86a5ad6d,2025-10-09,20:01:17.15,2025-10-09T16:01:17.1586048-04:00,2025-10-09T20:01:17.1586048Z,,v3,471355,471355,,"Raether, Carson",1000338521,Right,MIA_RED,41f023be-c9ae-441e-aafb-0adaff34fc5b,53.97376,-134.45525,13.6099,6.45953,0.48819,-8.55933,0.93012,-3.24858,5.1982,,,,,,,,,,,,,,,,,,,,,,,,,,,,,,,,,,,,,,,,,,,,,,,,,,,High,High,High,,,,,
64,2025-10-09,16:01:36.16,2,5,"Tedesco, Jake",803230,Left,MIA_RED,"Gonzalez Rivera, Ignacio",10124440,Right,MIA_RED,Undefined,3,Top,1,1,2,ChangeUp,Changeup,StrikeSwinging,Strikeout,Undefined,Undefined,0,0,,83.43835,-0.746314,2.238956,1443.808028,104.650614,9:30,6.13246,-1.50531,6.02961,-34.644,4.86177,-14.33619,2.55377,-0.62552,77.34044,-7.138886,-0.342423,0.452378,,,,,,,,,,,,7.94493,3.04229,1.338,50,6.05523,-4.19533,-121.32463,-2.69329,11.96685,21.39436,-27.59169,MIA_RED,MIA_RED,McKieFieldStad,TeamExclusive,Team,20251009-McKieFieldStad-Private-1,c32d8a70-a54a-11f0-8767-37a0e00d5193,83.32062,,,6.09791,,,,,,,e3c7f913-4cf5-4f85-a000-20dd86a5ad6d,2025-10-09,20:01:36.16,2025-10-09T16:01:36.1629184-04:00,2025-10-09T20:01:36.1629184Z,,v3,471355,471355,,"Raether, Carson",1000338521,Right,MIA_RED,2de4c24a-b7eb-45de-9d45-db16fd1cdf7c,54.47032,-122.11038,10.69718,6.13553,-1.67993,-13.79585,1.50015,-4.63484,5.98343,,,,,,,,,,,,,,,,,,,,,,,,,,,,,,,,,,,,,,,,,,,,,,,,,,,High,High,High,,,,,
65,2025-10-09,16:02:06.17,3,1,"Tedesco, Jake",803230,Left,MIA_RED,"Buffington, Matthew",825106,Right,MIA_RED,Undefined,3,Top,2,0,0,ChangeUp,Changeup,StrikeCalled,Undefined,Undefined,Undefined,0,0,,85.09256,-0.918802,3.006134,1357.344446,115.181427,9:45,6.0681,-1.28266,5.97199,-29.70391,8.36319,-15.50879,2.73973,0.21439,78.81477,-6.415601,0.220157,0.444065,,,,,,,,,,,,8.7054,4.86173,1.05316,50,5.97864,-5.88364,-123.64849,-2.94488,13.6415,21.84215,-24.55564,MIA_RED,MIA_RED,McKieFieldStad,TeamExclusive,Team,20251009-McKieFieldStad-Private-1,d51213a0-a54a-11f0-8767-37a0e00d5193,84.88047,,,6.27778,,,,,,,e3c7f913-4cf5-4f85-a000-20dd86a5ad6d,2025-10-09,20:02:06.17,2025-10-09T16:02:06.1772288-04:00,2025-10-09T20:02:06.1772288Z,,v3,471355,471355,,"Raether, Carson",1000338521,Right,MIA_RED,0ec183a4-c799-4aa8-904f-2623cf48b77b,54.52778,-124.44575,10.92108,6.06977,-2.04859,-12.27782,1.277,-6.38157,6.82075,,,,,,,,,,,,,,,,,,,,,,,,,,,,,,,,,,,,,,,,,,,,,,,,,,,High,High,High,,,,,
66,2025-10-09,16:02:24.40,3,2,"Tedesco, Jake",803230,Left,MIA_RED,"Buffington, Matthew",825106,Right,MIA_RED,Undefined,3,Top,2,0,1,ChangeUp,Changeup,BallCalled,Undefined,Undefined,Undefined,0,0,,85.30708,-0.398692,1.612142,1600.099558,117.531645,10:00,6.1226,-1.23638,5.95066,-28.72226,9.23134,-15.61249,3.35916,-1.04187,78.75111,-5.730314,-1.194218,0.443402,,,,,,,,,,,,8.42607,5.18449,1.11691,50,6.07468,-2.87137,-124.04586,-1.78843,13.24158,22.819,-24.02657,MIA_RED,MIA_RED,McKieFieldStad,TeamExclusive,Team,20251009-McKieFieldStad-Private-1,dff56650-a54a-11f0-8767-37a0e00d5193,85.00734,,,6.55597,,,,,,,e3c7f913-4cf5-4f85-a000-20dd86a5ad6d,2025-10-09,20:02:24.40,2025-10-09T16:02:24.4040192-04:00,2025-10-09T20:02:24.4040192Z,,v3,471355,471355,,"Raether, Carson",1000338521,Right,MIA_RED,7b5516d8-1f98-43e0-aa8f-c14e04119019,54.54859,-124.87979,11.4095,6.124,-0.91036,-12.01328,1.23068,-3.3553,6.62079,,,,,,,,,,,,,,,,,,,,,,,,,,,,,,,,,,,,,,,,,,,,,,,,,,,High,High,High,,,,,
67,2025-10-09,16:02:46.25,3,3,"Tedesco, Jake",803230,Left,MIA_RED,"Buffington, Matthew",825106,Right,MIA_RED,Undefined,3,Top,2,1,1,Fastball,Four-Seam,StrikeSwinging,Undefined,Undefined,Undefined,0,0,,91.41638,-2.008717,1.077634,2066.54149,151.46312,11:00,6.4344,-0.85727,6.0747,-14.9158,18.05899,-9.28654,3.33171,-0.63392,84.1171,-4.851107,-0.594934,0.413297,,,,,,,,,,,,5.06327,10.13595,0.77875,50,6.27086,-2.10882,-132.85639,-5.08173,9.1135,26.58471,-13.93007,MIA_RED,MIA_RED,McKieFieldStad,TeamExclusive,Team,20251009-McKieFieldStad-Private-1,eceea0b0-a54a-11f0-8767-37a0e00d5193,91.19939,,,7.29928,,,,,,,e3c7f913-4cf5-4f85-a000-20dd86a5ad6d,2025-10-09,20:02:46.25,2025-10-09T16:02:46.2519808-04:00,2025-10-09T20:02:46.2519808Z,,v3,471355,471355,,"Raether, Carson",1000338521,Right,MIA_RED,93017a72-feb9-4971-a53a-963c701f6449,54.42341,-133.73859,13.29236,6.43182,-4.61947,-6.96504,0.85375,-2.41125,4.55675,,,,,,,,,,,,,,,,,,,,,,,,,,,,,,,,,,,,,,,,,,,,,,,,,,,High,High,High,,,,,
68,2025-10-09,16:03:11.04,3,4,"Tedesco, Jake",803230,Left,MIA_RED,"Buffington, Matthew",825106,Right,MIA_RED,Undefined,3,Top,2,1,2,Fastball,Four-Seam,BallCalled,Undefined,Undefined,Undefined,0,0,,92.61842,-0.600346,-0.337797,2025.252553,151.343073,11:00,6.45059,-0.7687,6.27009,-14.24036,17.58017,-9.1056,4.71042,-1.83891,85.22528,-3.330617,-1.983507,0.405999,,,,,,,,,,,,4.62382,9.56272,0.79779,50,6.3989,1.17569,-134.7369,-1.79519,8.56531,27.16589,-14.45978,MIA_RED,MIA_RED,McKieFieldStad,TeamExclusive,Team,20251009-McKieFieldStad-Private-1,fb993490-a54a-11f0-8767-37a0e00d5193,92.83871,,,7.39314,,,,,,,e3c7f913-4cf5-4f85-a000-20dd86a5ad6d,2025-10-09,20:03:11.04,2025-10-09T16:03:11.0497792-04:00,2025-10-09T20:03:11.0497792Z,,v3,471355,471355,,"Raether, Carson",1000338521,Right,MIA_RED,d0fb10e7-b11d-4056-8abf-6559e711bf63,54.22758,-135.5866,13.58294,6.44798,-1.34292,-7.22989,0.76521,0.90779,4.28265,,,,,,,,,,,,,,,,,,,,,,,,,,,,,,,,,,,,,,,,,,,,,,,,,,,High,High,High,,,,,
69,2025-10-09,16:03:31.78,3,5,"Tedesco, Jake",803230,Left,MIA_RED,"Buffington, Matthew",825106,Right,MIA_RED,Undefined,3,Top,2,2,2,Slider,Curveball,BallCalled,Undefined,Undefined,Undefined,0,0,,78.99619,-2.834651,1.27659,2278.452309,358.993743,6:00,6.52964,-1.19529,5.44122,-50.27641,-5.05579,0.11094,-0.31705,0.00946,73.99171,-11.853368,1.296437,0.483993,,,,,,,,,,,,0.27008,-1.59602,1.08235,50,6.24323,-2.56072,-114.7263,-7.38106,0.3627,19.70851,-34.31745,MIA_RED,MIA_RED,McKieFieldStad,TeamExclusive,Team,20251009-McKieFieldStad-Private-1,0810bbd0-a54b-11f0-8767-37a0e00d5193,77.87799,,,5.00448,,,,,,,e3c7f913-4cf5-4f85-a000-20dd86a5ad6d,2025-10-09,20:03:31.78,2025-10-09T16:03:31.7891072-04:00,2025-10-09T20:03:31.7891072Z,,v3,471355,471355,,"Raether, Carson",1000338521,Right,MIA_RED,cedeb583-d96d-455f-b8c0-38b4d93bfc19,55.06116,-115.59247,9.85426,6.53448,-5.87283,-17.15873,1.19524,-2.57666,0.18135,,,,,,,,,,,,,,,,,,,,,,,,,,,,,,,,,,,,,,,,,,,,,,,,,,,High,High,High,,,,,
70,2025-10-09,16:03:58.62,3,6,"Tedesco, Jake",803230,Left,MIA_RED,"Buffington, Matthew",825106,Right,MIA_RED,Undefined,3,Top,2,3,2,ChangeUp,Changeup,StrikeSwinging,Strikeout,Undefined,Undefined,0,0,,82.59731,-1.637255,3.446012,1428.021187,118.17458,10:00,6.10001,-1.32877,5.9649,-30.50238,9.88556,-16.35729,2.03693,0.50709,76.74486,-7.27094,0.509053,0.457401,,,,,,,,,,,,9.25331,5.82288,1.06457,50,5.95276,-6.60632,-119.96457,-4.38607,13.67705,20.10647,-23.56742,MIA_RED,MIA_RED,McKieFieldStad,TeamExclusive,Team,20251009-McKieFieldStad-Private-1,181401e0-a54b-11f0-8767-37a0e00d5193,82.40562,,,5.85245,,,,,,,e3c7f913-4cf5-4f85-a000-20dd86a5ad6d,2025-10-09,20:03:58.62,2025-10-09T16:03:58.6266624-04:00,2025-10-09T20:03:58.6266624Z,,v3,471355,471355,,"Raether, Carson",1000338521,Right,MIA_RED,5aec3808-7b59-4ef3-94f7-8acd775da774,54.53541,-120.72233,10.05324,6.10132,-3.49788,-11.78371,1.32325,-7.12177,6.83853,,,,,,,,,,,,,,,,,,,,,,,,,,,,,,,,,,,,,,,,,,,,,,,,,,,High,High,High,,,,,
71,2025-10-09,16:06:54.41,1,1,"Eisiminger, Jared",1000160731,Right,MIA_RED,"Appelwick, Evan",695485,Right,MIA_RED,Undefined,3,Bottom,0,0,0,Slider,Curveball,InPlay,Undefined,LineDrive,Double,0,1,,77.64046,1.2803,-1.887002,1854.890498,104.261831,9:30,4.94293,2.87339,5.46816,-44.40731,2.66634,-4.79709,2.44136,0.70702,71.29056,-6.846152,-2.740639,0.493811,93.31409,4.359046,-36.627214,3649.978572,,,,75.01153,70.75922,-38.213499,0.576455,1.91587,1.36764,-2.70396,50,5.02497,3.89428,-112.69486,1.07029,2.46426,20.44721,-30.41493,MIA_RED,MIA_RED,McKieFieldStad,TeamExclusive,Team,20251009-McKieFieldStad-Private-1,80dc8030-a54b-11f0-8767-37a0e00d5193,76.32975,3.54441,,6.3499,,,,2.28889,2.55438,-0.75954,e3c7f913-4cf5-4f85-a000-20dd86a5ad6d,2025-10-09,20:06:54.41,2025-10-09T16:06:54.4145920-04:00,2025-10-09T20:06:54.4145920Z,GroundBall,v3,471355,471355,,"Buffington, Matthew",825106,Right,MIA_RED,0aaa0981-0573-4da0-ad77-089411817fcd,55.03112,-113.60404,10.22361,4.94732,2.42267,-15.20746,-2.87468,3.7847,1.23213,,2.31167,108.98568,-18.72112,,,,,,,2.58769,9.62232,-24.57327,,,,,,,-0.75158,-81.60498,4.16599,,,,,,,,,,,,,,,,,,,,,,,,,,,,,High,High,High,High,High,,,
72,2025-10-09,16:07:43.04,2,1,"Eisiminger, Jared",1000160731,Right,MIA_RED,"Krupinski, Dom",702597,Left,MIA_RED,Undefined,3,Bottom,0,0,0,ChangeUp,Changeup,BallCalled,Undefined,Undefined,Undefined,0,0,,83.06448,0.266118,-2.250796,1518.054207,264.429189,2:45,5.01207,2.82417,6.43454,-36.40026,2.78803,17.49843,2.22347,2.21284,77.0057,-6.4995,0.923271,0.450557,,,,,,,,,,,,-9.6902,1.74858,-2.67147,50,5.01469,4.11838,-120.88805,-0.5336,-14.50262,21.05722,-29.55709,MIA_RED,MIA_RED,McKieFieldStad,TeamExclusive,Team,20251009-McKieFieldStad-Private-1,9dbffa60-a54b-11f0-8767-37a0e00d5193,83.65748,,,6.05877,,,,,,,e3c7f913-4cf5-4f85-a000-20dd86a5ad6d,2025-10-09,20:07:43.04,2025-10-09T16:07:43.0442496-04:00,2025-10-09T20:07:43.0442496Z,,v3,471355,471355,,"Buffington, Matthew",825106,Right,MIA_RED,b6546f8f-5443-436c-acfd-b181bf78dd6d,54.06618,-121.59426,10.52861,5.01596,0.45768,-14.77855,-2.81775,4.60476,-7.25131,,,,,,,,,,,,,,,,,,,,,,,,,,,,,,,,,,,,,,,,,,,,,,,,,,,High,High,High,,,,,
73,2025-10-09,16:08:02.55,2,2,"Eisiminger, Jared",1000160731,Right,MIA_RED,"Krupinski, Dom",702597,Left,MIA_RED,Undefined,3,Bottom,0,1,0,ChangeUp,Changeup,BallCalled,Undefined,Undefined,Undefined,0,0,,82.68261,-1.342673,-4.15875,1548.927181,268.253013,3:00,4.92628,2.90945,6.5032,-38.04813,1.67106,17.07686,0.51983,0.50892,76.62084,-8.394483,-1.061927,0.453599,,,,,,,,,,,,-10.08894,1.53504,-2.62573,50,4.81549,8.14074,-120.07788,-3.9404,-14.8469,21.52749,-29.91507,MIA_RED,MIA_RED,McKieFieldStad,TeamExclusive,Team,20251009-McKieFieldStad-Private-1,a9708820-a54b-11f0-8767-37a0e00d5193,83.09647,,,6.06177,,,,,,,e3c7f913-4cf5-4f85-a000-20dd86a5ad6d,2025-10-09,20:08:02.55,2025-10-09T16:08:02.5582592-04:00,2025-10-09T20:08:02.5582592Z,,v3,471355,471355,,"Buffington, Matthew",825106,Right,MIA_RED,e187fbf1-2de4-4462-944f-043214429f51,53.99838,-120.79258,10.76374,4.92982,-2.94723,-14.95754,-2.90418,8.63364,-7.42345,,,,,,,,,,,,,,,,,,,,,,,,,,,,,,,,,,,,,,,,,,,,,,,,,,,High,High,High,,,,,
74,2025-10-09,16:08:31.86,2,3,"Eisiminger, Jared",1000160731,Right,MIA_RED,"Krupinski, Dom",702597,Left,MIA_RED,Undefined,3,Bottom,0,2,0,ChangeUp,Changeup,BallCalled,Undefined,Undefined,Undefined,0,0,,82.27544,0.813846,-3.165244,1530.455869,266.482729,3:00,5.00631,2.76833,6.44086,-37.65439,1.9848,16.21678,2.61747,1.20827,76.84259,-6.163712,-0.227565,0.453141,,,,,,,,,,,,-9.19154,1.17807,-2.5505,50,5.04709,6.05274,-119.74437,0.5811,-13.62838,18.52844,-30.42728,MIA_RED,MIA_RED,McKieFieldStad,TeamExclusive,Team,20251009-McKieFieldStad-Private-1,bafb0a70-a54b-11f0-8767-37a0e00d5193,83.18032,,,5.43285,,,,,,,e3c7f913-4cf5-4f85-a000-20dd86a5ad6d,2025-10-09,20:08:31.86,2025-10-09T16:08:31.8635008-04:00,2025-10-09T20:08:31.8635008Z,,v3,471355,471355,,"Buffington, Matthew",825106,Right,MIA_RED,2d7c9225-b516-45e2-bc52-6aeda232e359,54.06113,-120.37112,9.26422,5.01003,1.61034,-15.21364,-2.76304,6.51374,-6.81419,,,,,,,,,,,,,,,,,,,,,,,,,,,,,,,,,,,,,,,,,,,,,,,,,,,High,High,High,,,,,
75,2025-10-09,16:08:54.71,2,4,"Eisiminger, Jared",1000160731,Right,MIA_RED,"Krupinski, Dom",702597,Left,MIA_RED,Undefined,3,Bottom,0,3,0,ChangeUp,Changeup,StrikeCalled,Undefined,Undefined,Undefined,0,0,,82.85734,0.955727,-2.825117,1488.418046,259.215439,2:45,4.99753,2.79999,6.4386,-35.67029,3.76398,14.00875,2.9044,1.36922,76.64445,-5.686955,-0.287183,0.451969,,,,,,,,,,,,-8.00422,2.09225,-2.60512,50,5.04949,5.43947,-120.49714,0.94894,-11.9025,20.9118,-29.06282,MIA_RED,MIA_RED,McKieFieldStad,TeamExclusive,Team,20251009-McKieFieldStad-Private-1,c887d240-a54b-11f0-8767-37a0e00d5193,83.39614,,,6.21288,,,,,,,e3c7f913-4cf5-4f85-a000-20dd86a5ad6d,2025-10-09,20:08:54.71,2025-10-09T16:08:54.7103232-04:00,2025-10-09T20:08:54.7103232Z,,v3,471355,471355,,"Buffington, Matthew",825106,Right,MIA_RED,a10af9f2-60bf-4155-b104-d99fe5501faa,54.06135,-121.19992,10.4559,5.00119,1.92565,-14.53141,-2.79464,5.83948,-5.95125,,,,,,,,,,,,,,,,,,,,,,,,,,,,,,,,,,,,,,,,,,,,,,,,,,,High,High,High,,,,,
76,2025-10-09,16:09:14.47,2,5,"Eisiminger, Jared",1000160731,Right,MIA_RED,"Krupinski, Dom",702597,Left,MIA_RED,Undefined,3,Bottom,0,3,1,ChangeUp,Changeup,StrikeSwinging,Undefined,Undefined,Undefined,0,0,,82.63264,0.192945,-3.547263,1480.16201,262.725553,2:45,4.94798,2.75185,6.62615,-36.44553,2.99146,14.72257,2.08786,0.72653,76.4774,-6.605408,-0.871839,0.451984,,,,,,,,,,,,-8.63252,1.88567,-2.5168,50,4.94628,6.93358,-120.13424,-0.64343,-12.74469,21.04469,-29.39012,MIA_RED,MIA_RED,McKieFieldStad,TeamExclusive,Team,20251009-McKieFieldStad-Private-1,d45ed3c0-a54b-11f0-8767-37a0e00d5193,83.39328,,,6.15524,,,,,,,e3c7f913-4cf5-4f85-a000-20dd86a5ad6d,2025-10-09,20:09:14.47,2025-10-09T16:09:14.4759296-04:00,2025-10-09T20:09:14.4759296Z,,v3,471355,471355,,"Buffington, Matthew",825106,Right,MIA_RED,ddf6b4b1-8dc8-4a2f-bdae-ebec698ad833,53.87419,-120.81099,10.52235,4.95177,0.30171,-14.69506,-2.74637,7.34343,-6.37234,,,,,,,,,,,,,,,,,,,,,,,,,,,,,,,,,,,,,,,,,,,,,,,,,,,High,High,High,,,,,
77,2025-10-09,16:10:03.89,2,6,"Eisiminger, Jared",1000160731,Right,MIA_RED,"Krupinski, Dom",702597,Left,MIA_RED,Undefined,3,Bottom,0,3,2,ChangeUp,Changeup,BallCalled,Walk,Undefined,Undefined,0,0,,82.09602,1.209844,-3.221751,1439.987642,262.056583,2:45,5.0171,2.77646,6.20242,-37.18671,3.58996,17.08721,3.03688,1.22344,75.50877,-5.69574,-0.141376,0.459597,,,,,,,,,,,,-9.67331,1.92693,-2.54247,50,5.0895,6.07465,-119.24855,1.37532,-14.01277,21.64073,-29.38271,MIA_RED,MIA_RED,McKieFieldStad,TeamExclusive,Team,20251009-McKieFieldStad-Private-1,f1d14780-a54b-11f0-8767-37a0e00d5193,82.01189,,,6.58726,,,,,,,e3c7f913-4cf5-4f85-a000-20dd86a5ad6d,2025-10-09,20:10:03.89,2025-10-09T16:10:03.8965248-04:00,2025-10-09T20:10:03.8965248Z,,v3,471355,471355,,"Buffington, Matthew",825106,Right,MIA_RED,a2d495a3-bd0c-4f3f-85a7-28d0d3031c9d,54.29731,-120.02588,10.82037,5.02115,2.43073,-14.69136,-2.76971,6.57798,-7.00638,,,,,,,,,,,,,,,,,,,,,,,,,,,,,,,,,,,,,,,,,,,,,,,,,,,High,High,High,,,,,
78,2025-10-09,16:10:40.67,3,1,"Eisiminger, Jared",1000160731,Right,MIA_RED,"Phillips, Drew",1000194003,Right,MIA_RED,Undefined,3,Bottom,0,0,0,Fastball,Sinker,FoulBallNotFieldable,Undefined,Undefined,Undefined,0,0,,88.87053,0.313724,-3.28582,2063.17768,234.717173,1:45,5.15268,2.64269,6.23574,-20.80163,13.49765,17.83029,3.70909,1.09417,82.57265,-3.591486,-0.071084,0.421516,70.4814,15.174492,-176.236367,2052.776236,-108.55271,9.78459,-17.785,145.71223,45.38639,-169.451858,1.643191,-10.09812,7.23441,-2.40669,50,5.16556,6.744,-129.28155,0.07973,-17.42419,22.01736,-19.69115,MIA_RED,MIA_RED,McKieFieldStad,TeamExclusive,Team,20251009-McKieFieldStad-Private-1,07b20490-a54c-11f0-8767-37a0e00d5193,89.4212,13.63718,,6.29787,,,,2.9293,3.8025,-1.17851,e3c7f913-4cf5-4f85-a000-20dd86a5ad6d,2025-10-09,20:10:40.67,2025-10-09T16:10:40.6798336-04:00,2025-10-09T20:10:40.6798336Z,LineDrive,v3,471355,471355,,"Buffington, Matthew",825106,Right,MIA_RED,630d00d4-8e5e-47a0-9ab7-f914ba9db3f4,54.26626,-130.00609,11.00868,5.15227,0.72771,-9.84558,-2.63805,7.31739,-8.71209,280.121509,2.89575,-99.26136,6.29027,,,,,,,3.95401,25.8136,-17.22574,,,,,,,-1.00127,-8.03643,-4.67476,,,,,,,,,,,,,,,,,,,,,,,,,,,,,High,High,High,High,Low,,,
79,2025-10-09,16:11:07.67,3,2,"Eisiminger, Jared",1000160731,Right,MIA_RED,"Phillips, Drew",1000194003,Right,MIA_RED,Undefined,3,Bottom,0,0,1,Fastball,Sinker,StrikeCalled,Undefined,Undefined,Undefined,0,0,,90.6783,-1.295826,-5.134325,2147.001529,234.746409,1:45,5.14815,2.60949,6.09876,-20.21623,13.4365,17.58119,2.25998,-0.68667,83.35402,-5.096427,-1.98345,0.417524,,,,,,,,,,,,-10.36162,7.5717,-2.22257,50,5.03728,11.07309,-131.38007,-3.61324,-18.26656,25.58577,-18.82583,MIA_RED,MIA_RED,McKieFieldStad,TeamExclusive,Team,20251009-McKieFieldStad-Private-1,17c995f0-a54c-11f0-8767-37a0e00d5193,90.27609,,,7.32428,,,,,,,e3c7f913-4cf5-4f85-a000-20dd86a5ad6d,2025-10-09,20:11:07.67,2025-10-09T16:11:07.6738048-04:00,2025-10-09T20:11:07.6738048Z,,v3,471355,471355,,"Buffington, Matthew",825106,Right,MIA_RED,f28c6301-e7a0-4cef-b139-91414a3d097d,54.40058,-132.23429,12.79288,5.14742,-2.98471,-9.41292,-2.60244,11.68295,-9.13328,,,,,,,,,,,,,,,,,,,,,,,,,,,,,,,,,,,,,,,,,,,,,,,,,,,High,High,High,,,,,
80,2025-10-09,16:11:32.01,3,3,"Eisiminger, Jared",1000160731,Right,MIA_RED,"Phillips, Drew",1000194003,Right,MIA_RED,Undefined,3,Bottom,0,0,2,ChangeUp,Changeup,BallCalled,Undefined,Undefined,Undefined,0,0,,84.70465,-0.809885,-5.997545,1531.348192,255.791045,2:30,4.92727,2.71109,6.37237,-33.02742,4.91359,15.35032,1.42568,-1.54818,78.75738,-6.922176,-3.237495,0.443329,,,,,,,,,,,,-9.37256,3.08792,-2.28355,50,4.85313,12.32577,-122.71873,-2.75575,-14.5419,20.31971,-27.38304,MIA_RED,MIA_RED,McKieFieldStad,TeamExclusive,Team,20251009-McKieFieldStad-Private-1,26533450-a54c-11f0-8767-37a0e00d5193,85.02143,,,5.94727,,,,,,,e3c7f913-4cf5-4f85-a000-20dd86a5ad6d,2025-10-09,20:11:32.01,2025-10-09T16:11:32.0199680-04:00,2025-10-09T20:11:32.0199680Z,,v3,471355,471355,,"Buffington, Matthew",825106,Right,MIA_RED,e998ef7b-f35a-43ab-a592-6a93ba9bd4ba,54.12832,-123.4004,10.15986,4.93017,-1.83712,-13.69152,-2.70523,12.81361,-7.27095,,,,,,,,,,,,,,,,,,,,,,,,,,,,,,,,,,,,,,,,,,,,,,,,,,,High,High,High,,,,,
81,2025-10-09,16:11:58.75,3,4,"Eisiminger, Jared",1000160731,Right,MIA_RED,"Phillips, Drew",1000194003,Right,MIA_RED,Undefined,3,Bottom,0,1,2,Slider,Slider,StrikeSwinging,Strikeout,Undefined,Undefined,1,0,,80.77207,-0.496231,-3.548097,1989.001911,161.535029,11:30,5.01406,2.64497,5.81415,-39.06203,2.97791,-0.66335,1.29659,-0.71363,76.013,-7.611621,-3.666715,0.466662,,,,,,,,,,,,-0.3948,1.92323,-2.35366,50,4.9496,7.30613,-117.43765,-2.28381,-0.56521,17.00898,-29.42081,MIA_RED,MIA_RED,McKieFieldStad,TeamExclusive,Team,20251009-McKieFieldStad-Private-1,3647d460-a54c-11f0-8767-37a0e00d5193,80.77033,,,4.75907,,,,,,,e3c7f913-4cf5-4f85-a000-20dd86a5ad6d,2025-10-09,20:11:58.75,2025-10-09T16:11:58.7598336-04:00,2025-10-09T20:11:58.7598336Z,,v3,471355,471355,,"Buffington, Matthew",825106,Right,MIA_RED,33347dea-a811-4497-9935-7023c14a1fef,54.68726,-118.11457,8.50449,5.01719,-1.11292,-14.7104,-2.64488,7.32862,-0.2826,,,,,,,,,,,,,,,,,,,,,,,,,,,,,,,,,,,,,,,,,,,,,,,,,,,High,High,High,,,,,
82,2025-10-09,16:13:21.33,4,1,"Eisiminger, Jared",1000160731,Right,MIA_RED,"Breidenbach, Mason",1000074554,Right,MIA_RED,Undefined,3,Bottom,2,0,0,Fastball,Sinker,BallCalled,Undefined,Undefined,Undefined,0,0,,91.17737,-1.121419,-6.15992,2041.678438,241.043055,2:00,5.08923,2.73384,5.93205,-20.68899,13.04367,21.64233,2.31856,-1.1997,83.35502,-5.005041,-2.303113,0.418019,,,,,,,,,,,,-12.68268,7.29886,-2.25233,50,4.98743,13.28985,-131.81186,-3.2635,-22.4196,26.7654,-19.27158,MIA_RED,MIA_RED,McKieFieldStad,TeamExclusive,Team,20251009-McKieFieldStad-Private-1,6777fe20-a54c-11f0-8767-37a0e00d5193,90.1691,,,7.82234,,,,,,,e3c7f913-4cf5-4f85-a000-20dd86a5ad6d,2025-10-09,20:13:21.33,2025-10-09T16:13:21.3380096-04:00,2025-10-09T20:13:21.3380096Z,,v3,471355,471355,,"Buffington, Matthew",825106,Right,MIA_RED,4d82c0cd-e38f-496e-b6b4-321cec12d13b,54.56724,-132.73603,13.3827,5.08863,-2.59808,-9.63579,-2.72457,14.06396,-11.2098,,,,,,,,,,,,,,,,,,,,,,,,,,,,,,,,,,,,,,,,,,,,,,,,,,,High,High,High,,,,,
83,2025-10-09,16:13:43.23,4,2,"Eisiminger, Jared",1000160731,Right,MIA_RED,"Breidenbach, Mason",1000074554,Right,MIA_RED,Undefined,3,Bottom,2,1,0,ChangeUp,Changeup,BallCalled,Undefined,Undefined,Undefined,0,0,,85.79191,-1.198687,-3.895316,1684.775693,249.444457,2:15,4.97758,2.85477,6.39931,-29.6695,7.23095,16.50812,1.40008,0.64275,79.48268,-6.723803,-0.909483,0.437207,,,,,,,,,,,,-9.5854,4.39713,-2.5824,50,4.87773,7.87274,-124.62534,-3.51187,-15.25612,22.22994,-25.17561,MIA_RED,MIA_RED,McKieFieldStad,TeamExclusive,Team,20251009-McKieFieldStad-Private-1,748312d0-a54c-11f0-8767-37a0e00d5193,86.21189,,,6.30923,,,,,,,e3c7f913-4cf5-4f85-a000-20dd86a5ad6d,2025-10-09,20:13:43.23,2025-10-09T16:13:43.2383488-04:00,2025-10-09T20:13:43.2383488Z,,v3,471355,471355,,"Buffington, Matthew",825106,Right,MIA_RED,3ae55b95-2229-47c6-bf65-4c49a0eec9b8,54.10109,-125.35474,11.11497,4.97941,-2.68583,-12.58781,-2.84892,8.37332,-7.62806,,,,,,,,,,,,,,,,,,,,,,,,,,,,,,,,,,,,,,,,,,,,,,,,,,,High,High,High,,,,,
84,2025-10-09,16:14:02.25,4,3,"Eisiminger, Jared",1000160731,Right,MIA_RED,"Breidenbach, Mason",1000074554,Right,MIA_RED,Undefined,3,Bottom,2,2,0,Fastball,Sinker,FoulBallNotFieldable,Undefined,Undefined,Undefined,0,0,,90.63253,-0.189331,-4.202135,2169.644041,235.422891,1:45,5.02705,2.77768,5.9524,-21.63324,11.87363,15.91568,3.04822,0.19989,83.9549,-4.221482,-1.352359,0.416618,,,,,,,,,,,,-9.00749,6.4252,-2.45121,50,4.99965,8.96776,-131.56382,-1.14882,-16.07171,23.20357,-20.7098,MIA_RED,MIA_RED,McKieFieldStad,TeamExclusive,Team,20251009-McKieFieldStad-Private-1,7fc0e190-a54c-11f0-8767-37a0e00d5193,90.47238,,,6.67763,,,,,,,e3c7f913-4cf5-4f85-a000-20dd86a5ad6d,2025-10-09,20:14:02.25,2025-10-09T16:14:02.2519296-04:00,2025-10-09T20:14:02.2519296Z,,v3,471355,471355,,"Buffington, Matthew",825106,Right,MIA_RED,ee595607-146e-432d-9d47-8e2d6f53526c,54.54567,-132.3631,11.60179,5.02694,-0.43544,-10.3549,-2.76965,9.52137,-8.03586,,,,,,,,,,,,,,,,,,,,,,,,,,,,,,,,,,,,,,,,,,,,,,,,,,,High,High,High,,,,,
85,2025-10-09,16:14:27.72,4,4,"Eisiminger, Jared",1000160731,Right,MIA_RED,"Breidenbach, Mason",1000074554,Right,MIA_RED,Undefined,3,Bottom,2,2,1,ChangeUp,Changeup,BallCalled,Undefined,Undefined,Undefined,0,0,,84.1057,-0.657129,-3.095702,1593.064701,260.125085,2:45,4.91295,2.8341,6.28073,-34.95266,3.80205,15.18135,1.39365,1.24319,77.52614,-7.144216,-0.351643,0.448057,,,,,,,,,,,,-8.70678,2.51437,-2.61264,50,4.84754,6.03932,-122.20066,-2.49021,-13.22885,22.99892,-28.35379,MIA_RED,MIA_RED,McKieFieldStad,TeamExclusive,Team,20251009-McKieFieldStad-Private-1,8f0d0ca0-a54c-11f0-8767-37a0e00d5193,84.12413,,,6.57957,,,,,,,e3c7f913-4cf5-4f85-a000-20dd86a5ad6d,2025-10-09,20:14:27.72,2025-10-09T16:14:27.7224960-04:00,2025-10-09T20:14:27.7224960Z,,v3,471355,471355,,"Buffington, Matthew",825106,Right,MIA_RED,c5829455-55fc-4882-8a69-e9311ada94ff,54.21884,-122.99211,11.49946,4.91645,-1.51448,-14.1769,-2.8283,6.49455,-6.61442,,,,,,,,,,,,,,,,,,,,,,,,,,,,,,,,,,,,,,,,,,,,,,,,,,,High,High,High,,,,,
86,2025-10-09,16:14:47.80,4,5,"Eisiminger, Jared",1000160731,Right,MIA_RED,"Breidenbach, Mason",1000074554,Right,MIA_RED,Undefined,3,Bottom,2,3,1,Fastball,Sinker,FoulBallNotFieldable,Undefined,Undefined,Undefined,0,0,,91.40294,-1.216526,-3.613038,2104.142277,238.08624,2:00,5.08636,2.68651,5.93688,-20.80009,12.5165,18.45355,2.22206,0.86812,83.81603,-5.116683,-0.304624,0.415434,,,,,,,,,,,,-10.47319,7.05815,-2.40868,50,4.97737,7.5955,-132.63978,-3.50284,-18.73744,27.24082,-19.54644,MIA_RED,MIA_RED,McKieFieldStad,TeamExclusive,Team,20251009-McKieFieldStad-Private-1,9b1aae80-a54c-11f0-8767-37a0e00d5193,90.73038,,,7.58691,,,,,,,e3c7f913-4cf5-4f85-a000-20dd86a5ad6d,2025-10-09,20:14:47.80,2025-10-09T16:14:47.8085632-04:00,2025-10-09T20:14:47.8085632Z,,v3,471355,471355,,"Buffington, Matthew",825106,Right,MIA_RED,a58a7c55-a970-4222-9d2f-1955a70af72f,54.56297,-133.57361,13.62041,5.08596,-2.83278,-9.77322,-2.68007,8.23783,-9.36872,,,,,,,,,,,,,,,,,,,,,,,,,,,,,,,,,,,,,,,,,,,,,,,,,,,High,High,High,,,,,
87,2025-10-09,16:15:12.93,4,6,"Eisiminger, Jared",1000160731,Right,MIA_RED,"Breidenbach, Mason",1000074554,Right,MIA_RED,Undefined,3,Bottom,2,3,2,Fastball,Sinker,StrikeCalled,Strikeout,Undefined,Undefined,0,0,,91.88101,-1.973042,-5.600928,2185.393607,231.851086,1:45,5.1932,2.76335,6.0427,-18.65513,13.98977,16.66273,1.80241,-1.0502,85.15858,-5.465806,-2.621828,0.411225,,,,,,,,,,,,-9.85249,7.94343,-2.33453,50,5.02844,12.34968,-133.07542,-5.19816,-17.98226,23.79181,-17.67608,MIA_RED,MIA_RED,McKieFieldStad,TeamExclusive,Team,20251009-McKieFieldStad-Private-1,a9fef000-a54c-11f0-8767-37a0e00d5193,91.65901,,,6.72243,,,,,,,e3c7f913-4cf5-4f85-a000-20dd86a5ad6d,2025-10-09,20:15:12.93,2025-10-09T16:15:12.9369088-04:00,2025-10-09T20:15:12.9369088Z,,v3,471355,471355,,"Buffington, Matthew",825106,Right,MIA_RED,45d97d60-431b-4c01-a656-9c13b4551244,54.45752,-133.86998,11.89591,5.19218,-4.60784,-8.83804,-2.757,12.95022,-8.99113,,,,,,,,,,,,,,,,,,,,,,,,,,,,,,,,,,,,,,,,,,,,,,,,,,,High,High,High,,,,,
88,2025-10-09,16:17:58.20,1,1,"Tedesco, Jake",803230,Left,MIA_RED,"Roa Calcano, Christopher",1000375139,Right,MIA_RED,Undefined,4,Top,0,0,0,Fastball,Four-Seam,InPlay,Undefined,GroundBall,Error,0,0,,90.5014,-2.015724,2.000252,1891.889272,139.609116,10:45,6.40041,-1.37685,6.2718,-19.09659,14.2519,-11.29953,2.94896,-0.47382,83.51639,-5.61676,-0.042039,0.415633,95.11464,5.839546,-9.3927,2244.912969,,,,102.80393,100.56799,-9.117877,0.79829,6.43138,8.2376,1.23453,50,6.24185,-4.1517,-131.56271,-5.20313,11.3676,25.70004,-17.61391,MIA_RED,MIA_RED,McKieFieldStad,TeamExclusive,Team,20251009-McKieFieldStad-Private-1,0c7b5700-a54d-11f0-8767-37a0e00d5193,90.68692,5.12649,,6.98501,,,,1.6613,3.01431,0.46327,e3c7f913-4cf5-4f85-a000-20dd86a5ad6d,2025-10-09,20:17:58.20,2025-10-09T16:17:58.2033920-04:00,2025-10-09T20:17:58.2033920Z,GroundBall,v3,471355,471355,,"Raether, Carson",1000338521,Right,MIA_RED,71588d25-3c50-4aa3-8bca-b9789ae199e2,54.2282,-132.38609,12.85002,6.39951,-4.63881,-8.80695,1.37338,-4.5159,5.6838,3.68195,1.6956,136.3338,-14.21099,,,,,,,3.07205,13.21165,-21.45429,,,,,,,0.45956,-22.58561,2.01297,,,,,,,,,,,,,,,,,,,,,,,,,,,,,High,High,High,High,High,,,
89,2025-10-09,16:18:45.69,2,1,"Tedesco, Jake",803230,Left,MIA_RED,"Vrlak, Jake",1000131822,Right,MIA_RED,Undefined,4,Top,0,0,0,Fastball,Four-Seam,InPlay,Undefined,GroundBall,Out,1,0,,90.03447,-3.57875,1.880848,1922.475467,147.136915,11:00,6.40381,-1.12441,6.43487,-18.19454,15.08245,-9.16941,1.59271,-0.15943,83.93614,-6.994659,0.217926,0.415187,61.94633,-38.671579,-76.362935,,,,,3.6702,3.6702,-32.000502,0.030499,5.28059,9.02221,0.99491,50,6.14061,-3.95563,-130.85581,-8.71174,9.31908,23.0049,-16.25192,MIA_RED,MIA_RED,McKieFieldStad,TeamExclusive,Team,20251009-McKieFieldStad-Private-1,28d44470-a54d-11f0-8767-37a0e00d5193,90.78434,1.73709,,6.09833,,,,2.60076,1.73709,0.16432,e3c7f913-4cf5-4f85-a000-20dd86a5ad6d,2025-10-09,20:18:45.69,2025-10-09T16:18:45.6916992-04:00,2025-10-09T20:18:45.6916992Z,GroundBall,v3,471355,471355,,"Raether, Carson",1000338521,Right,MIA_RED,0050ac33-cd0c-447e-a06d-ad1351a654be,54.06618,-131.56871,11.50245,6.40278,-8.2081,-8.12596,1.12197,-4.24442,4.65954,,2.6005,16.7787,,,,,,,,1.738,-56.95622,,,,,,,,0.16542,-69.15905,,,,,,,,,,,,,,,,,,,,,,,,,,,,,,High,High,High,Estimated,Estimated,,,
90,2025-10-09,16:19:34.63,3,1,"Tedesco, Jake",803230,Left,MIA_RED,"Harrison, Tommy",811731,Left,MIA_RED,Undefined,4,Top,1,0,0,Fastball,Four-Seam,BallCalled,Undefined,Undefined,Undefined,0,0,,90.30767,-2.28559,3.705196,2069.647214,137.905819,10:30,6.44626,-0.89643,6.48941,-19.08592,14.09894,-11.89209,2.752,1.51881,83.62002,-5.889322,1.551828,0.414611,,,,,,,,,,,,7.10697,8.2354,0.64111,50,6.27693,-8.02799,-131.13065,-5.78747,12.54064,24.2434,-17.64219,MIA_RED,MIA_RED,McKieFieldStad,TeamExclusive,Team,20251009-McKieFieldStad-Private-1,460198e0-a54d-11f0-8767-37a0e00d5193,90.91026,,,6.68765,,,,,,,e3c7f913-4cf5-4f85-a000-20dd86a5ad6d,2025-10-09,20:19:34.63,2025-10-09T16:19:34.6349568-04:00,2025-10-09T20:19:34.6349568Z,,v3,471355,471355,,"Raether, Carson",1000338521,Right,MIA_RED,93405cb8-605f-48e7-923c-ced45764ee2c,54.00963,-131.86987,12.1217,6.4452,-5.24954,-8.8211,0.89173,-8.41037,6.27032,,,,,,,,,,,,,,,,,,,,,,,,,,,,,,,,,,,,,,,,,,,,,,,,,,,High,High,High,,,,,
91,2025-10-09,16:19:53.78,3,2,"Tedesco, Jake",803230,Left,MIA_RED,"Harrison, Tommy",811731,Left,MIA_RED,Undefined,4,Top,1,1,0,Fastball,Four-Seam,BallCalled,Undefined,Undefined,Undefined,0,0,,89.04983,-0.492615,1.268001,2071.775308,145.189483,10:45,6.47259,-0.75868,6.33516,-16.93127,17.37761,-11.39646,4.60796,-0.54071,82.01805,-3.723968,-0.794264,0.421575,,,,,,,,,,,,6.24666,9.48221,0.67143,50,6.42839,-2.41702,-129.55382,-1.57096,10.70924,24.85567,-15.9178,MIA_RED,MIA_RED,McKieFieldStad,TeamExclusive,Team,20251009-McKieFieldStad-Private-1,514ab240-a54d-11f0-8767-37a0e00d5193,89.40864,,,7.03179,,,,,,,e3c7f913-4cf5-4f85-a000-20dd86a5ad6d,2025-10-09,20:19:53.78,2025-10-09T16:19:53.7880576-04:00,2025-10-09T20:19:53.7880576Z,,v3,471355,471355,,"Raether, Carson",1000338521,Right,MIA_RED,322cab2b-e19a-4a6d-b267-bf48feb136e8,54.16318,-130.3501,12.42784,6.47055,-1.06101,-7.9589,0.75435,-2.76011,5.35462,,,,,,,,,,,,,,,,,,,,,,,,,,,,,,,,,,,,,,,,,,,,,,,,,,,High,High,High,,,,,
92,2025-10-09,16:20:21.74,3,3,"Tedesco, Jake",803230,Left,MIA_RED,"Harrison, Tommy",811731,Left,MIA_RED,Undefined,4,Top,1,2,0,Slider,Slider,BallCalled,Undefined,Undefined,Undefined,0,0,,81.11616,1.346208,1.597735,2391.158019,315.757809,4:30,6.56999,-1.20558,5.33428,-44.0977,-1.28976,2.38024,4.15891,0.49215,75.3036,-6.659719,2.02052,0.470905,,,,,,,,,,,,-0.81268,-0.60697,1.05957,50,6.65958,-3.3849,-117.88793,1.19989,-1.15917,19.56429,-33.03982,MIA_RED,MIA_RED,McKieFieldStad,TeamExclusive,Team,20251009-McKieFieldStad-Private-1,6223bee0-a54d-11f0-8767-37a0e00d5193,80.04252,,,5.81255,,,,,,,e3c7f913-4cf5-4f85-a000-20dd86a5ad6d,2025-10-09,20:20:21.74,2025-10-09T16:20:21.7489920-04:00,2025-10-09T20:20:21.7489920Z,,v3,471355,471355,,"Raether, Carson",1000338521,Right,MIA_RED,88ed373b-84b8-4e67-8ff0-1ddbec729cef,55.16585,-118.74214,9.78215,6.57569,2.64247,-16.51991,1.20625,-3.33429,-0.57959,,,,,,,,,,,,,,,,,,,,,,,,,,,,,,,,,,,,,,,,,,,,,,,,,,,High,High,High,,,,,
93,2025-10-09,16:20:44.30,3,4,"Tedesco, Jake",803230,Left,MIA_RED,"Harrison, Tommy",811731,Left,MIA_RED,Undefined,4,Top,1,3,0,Fastball,Four-Seam,StrikeCalled,Undefined,Undefined,Undefined,0,0,,89.5331,-3.055459,2.280051,2097.278267,155.277278,11:15,6.38678,-0.99716,6.30396,-14.78076,19.55265,-8.5002,2.33524,0.39615,82.04498,-5.895173,0.743847,0.421726,,,,,,,,,,,,5.03465,11.33138,0.83372,50,6.15494,-4.83149,-129.9135,-7.31346,8.6203,26.74341,-12.7725,MIA_RED,MIA_RED,McKieFieldStad,TeamExclusive,Team,20251009-McKieFieldStad-Private-1,6f8271d0-a54d-11f0-8767-37a0e00d5193,89.3767,,,7.48813,,,,,,,e3c7f913-4cf5-4f85-a000-20dd86a5ad6d,2025-10-09,20:20:44.30,2025-10-09T16:20:44.3002880-04:00,2025-10-09T20:20:44.3002880Z,,v3,471355,471355,,"Raether, Carson",1000338521,Right,MIA_RED,6a916917-74df-42ce-ad22-5aea669278b1,54.19344,-130.77389,13.37171,6.38363,-6.90255,-6.38625,0.99362,-5.10882,4.31015,,,,,,,,,,,,,,,,,,,,,,,,,,,,,,,,,,,,,,,,,,,,,,,,,,,High,High,High,,,,,
94,2025-10-09,16:21:02.71,3,5,"Tedesco, Jake",803230,Left,MIA_RED,"Harrison, Tommy",811731,Left,MIA_RED,Undefined,4,Top,1,3,1,Fastball,Four-Seam,InPlay,Undefined,GroundBall,Out,1,0,,89.31718,-1.842937,2.376314,2098.118911,151.852922,11:00,6.44694,-0.83305,6.48418,-14.04225,20.07233,-10.18016,3.58266,0.50162,81.95347,-4.562378,0.530609,0.42038,70.36799,-12.439535,34.140518,,,,,17.72043,16.98074,27.536609,0.155048,6.01386,11.36634,0.67059,50,6.31104,-5.00288,-129.80608,-4.51919,10.29853,26.23771,-12.70962,MIA_RED,MIA_RED,McKieFieldStad,TeamExclusive,Team,20251009-McKieFieldStad-Private-1,7aae1820-a54d-11f0-8767-37a0e00d5193,89.66288,3.71892,,7.36371,,,,3.11973,3.71892,-0.52352,e3c7f913-4cf5-4f85-a000-20dd86a5ad6d,2025-10-09,20:21:02.71,2025-10-09T16:21:02.7120640-04:00,2025-10-09T20:21:02.7120640Z,GroundBall,v3,471355,471355,,"Raether, Carson",1000338521,Right,MIA_RED,0c086a2b-208d-4db3-a103-2d03985ba5c1,54.0153,-130.61517,13.11885,6.44435,-4.12727,-6.35481,0.82976,-5.32046,5.14927,263.987418,3.12011,83.38205,-13.96552,,,,,,,3.71902,-22.2402,-11.26551,,,,,,,-0.52353,56.56286,-2.246,,,,,,,,,,,,,,,,,,,,,,,,,,,,,High,High,High,High,High,,,
95,2025-10-09,16:21:47.36,4,1,"Tedesco, Jake",803230,Left,MIA_RED,"Novak, Ryan",10035937,Left,MIA_RED,Undefined,4,Top,2,0,0,Fastball,Four-Seam,BallCalled,Undefined,Undefined,Undefined,0,0,,91.80797,-1.210539,1.529071,2232.549216,153.416706,11:00,6.44878,-0.81509,6.47277,-13.55387,18.74202,-8.88363,4.20706,-0.15087,84.10893,-3.837099,-0.082358,0.40902,,,,,,,,,,,,5.04174,10.42481,0.71097,50,6.35706,-3.20339,-133.47889,-3.14888,9.12405,27.89748,-13.30824,MIA_RED,MIA_RED,McKieFieldStad,TeamExclusive,Team,20251009-McKieFieldStad-Private-1,95171c70-a54d-11f0-8767-37a0e00d5193,92.15296,,,7.69904,,,,,,,e3c7f913-4cf5-4f85-a000-20dd86a5ad6d,2025-10-09,20:21:47.36,2025-10-09T16:21:47.3619456-04:00,2025-10-09T20:21:47.3619456Z,,v3,471355,471355,,"Raether, Carson",1000338521,Right,MIA_RED,df434899-2c2c-4405-a925-5f58af54826e,54.02456,-134.3174,13.94874,6.4457,-2.74888,-6.65412,0.81137,-3.47763,4.56202,,,,,,,,,,,,,,,,,,,,,,,,,,,,,,,,,,,,,,,,,,,,,,,,,,,High,High,High,,,,,
96,2025-10-09,16:22:05.43,4,2,"Tedesco, Jake",803230,Left,MIA_RED,"Novak, Ryan",10035937,Left,MIA_RED,Undefined,4,Top,2,1,0,Slider,Slider,StrikeCalled,Undefined,Undefined,Undefined,0,0,,80.25039,0.315705,0.80976,2335.234454,323.320138,4:45,6.62293,-0.98453,5.34837,-46.2005,-2.82087,2.90272,3.06904,0.01693,75.22002,-8.034217,1.326343,0.474039,,,,,,,,,,,,-1.28693,-1.1713,0.90947,50,6.61774,-1.76509,-116.7956,-0.9848,-1.81365,17.82402,-33.82474,MIA_RED,MIA_RED,McKieFieldStad,TeamExclusive,Team,20251009-McKieFieldStad-Private-1,9fe623d0-a54d-11f0-8767-37a0e00d5193,79.51332,,,5.03037,,,,,,,e3c7f913-4cf5-4f85-a000-20dd86a5ad6d,2025-10-09,20:22:05.43,2025-10-09T16:22:05.4327296-04:00,2025-10-09T20:22:05.4327296Z,,v3,471355,471355,,"Raether, Carson",1000338521,Right,MIA_RED,bca526db-8c8e-40d6-9ef9-ac2060257088,55.15334,-117.57941,8.91201,6.62834,0.50265,-16.91237,0.98534,-1.68533,-0.90682,,,,,,,,,,,,,,,,,,,,,,,,,,,,,,,,,,,,,,,,,,,,,,,,,,,High,High,High,,,,,
97,2025-10-09,16:22:25.12,4,3,"Tedesco, Jake",803230,Left,MIA_RED,"Novak, Ryan",10035937,Left,MIA_RED,Undefined,4,Top,2,1,1,Slider,Slider,InPlay,Undefined,GroundBall,Single,1,1,,80.57158,-0.764224,1.21837,2412.276906,336.367291,5:15,6.54075,-0.93763,5.53038,-47.23542,-4.2461,2.35335,1.88989,0.39756,75.36284,-9.311144,1.63899,0.471902,93.09768,2.325545,6.279706,1929.984598,,,,55.55636,54.06036,6.551651,0.41576,-0.91445,-1.71378,0.83015,50,6.4421,-2.58224,-117.21719,-3.18121,-1.28973,19.30731,-34.59117,MIA_RED,MIA_RED,McKieFieldStad,TeamExclusive,Team,20251009-McKieFieldStad-Private-1,abbfbd60-a54d-11f0-8767-37a0e00d5193,79.87349,2.27778,,5.20875,,,,1.75007,1.98246,-0.39167,e3c7f913-4cf5-4f85-a000-20dd86a5ad6d,2025-10-09,20:22:25.12,2025-10-09T16:22:25.1286016-04:00,2025-10-09T20:22:25.1286016Z,GroundBall,v3,471355,471355,,"Raether, Carson",1000338521,Right,MIA_RED,7fdbb51b-256c-4313-903c-a3ee96ba6299,54.97184,-118.03327,9.65366,6.54567,-1.7191,-17.29558,0.93815,-2.52773,-0.64487,330.13041,1.75515,135.44872,-16.66495,,,,,,,1.99339,5.18911,-24.07349,,,,,,,-0.39503,15.03118,2.82178,,,,,,,,,,,,,,,,,,,,,,,,,,,,,High,High,High,High,High,,,
98,2025-10-09,16:26:26.82,1,1,"Eisiminger, Jared",1000160731,Right,MIA_RED,"Raether, Carson",1000338521,Left,MIA_RED,Undefined,4,Bottom,0,0,0,Fastball,Sinker,StrikeCalled,Undefined,Undefined,Undefined,0,0,,91.71449,-1.861602,-3.407001,2216.454794,233.058668,1:45,5.15714,2.69314,5.9651,-17.86595,14.94379,18.62977,1.93859,1.08297,84.743,-5.219278,-0.064339,0.412261,,,,,,,,,,,,-10.41268,8.42524,-2.43328,50,4.99921,7.14108,-133.1824,-4.90059,-18.93803,25.22609,-16.85064,MIA_RED,MIA_RED,McKieFieldStad,TeamExclusive,Team,20251009-McKieFieldStad-Private-1,3ba8b670-a54e-11f0-8767-37a0e00d5193,91.42848,,,6.97149,,,,,,,e3c7f913-4cf5-4f85-a000-20dd86a5ad6d,2025-10-09,20:26:26.82,2025-10-09T16:26:26.8299776-04:00,2025-10-09T20:26:26.8299776Z,,v3,471355,471355,,"Buffington, Matthew",825106,Right,MIA_RED,b32cc4b7-72df-4df2-a6fe-4af2b42b3cba,54.53521,-134.03866,12.61304,5.15584,-4.32862,-8.42532,-2.68658,7.7839,-9.46902,,,,,,,,,,,,,,,,,,,,,,,,,,,,,,,,,,,,,,,,,,,,,,,,,,,High,High,High,,,,,
99,2025-10-09,16:26:42.76,1,2,"Eisiminger, Jared",1000160731,Right,MIA_RED,"Raether, Carson",1000338521,Left,MIA_RED,Undefined,4,Bottom,0,0,1,Fastball,Sinker,InPlay,Undefined,LineDrive,Double,1,0,,91.49728,-1.313707,-4.173843,2156.314928,237.289783,2:00,5.06227,2.72632,5.94304,-20.32493,12.63745,18.24733,2.14651,0.36853,84.66776,-5.108536,-0.905481,0.413219,93.49995,6.997051,33.327666,4010.4867,,,,122.04887,116.46822,36.818617,1.010914,-10.44024,7.09359,-2.40406,50,4.94578,8.93813,-132.82291,-3.72393,-18.92338,24.55195,-19.31661,MIA_RED,MIA_RED,McKieFieldStad,TeamExclusive,Team,20251009-McKieFieldStad-Private-1,45206b30-a54e-11f0-8767-37a0e00d5193,91.21651,5.96367,,6.82952,,,,2.87669,2.48216,-0.40422,e3c7f913-4cf5-4f85-a000-20dd86a5ad6d,2025-10-09,20:26:42.76,2025-10-09T16:26:42.7645440-04:00,2025-10-09T20:26:42.7645440Z,LineDrive,v3,471355,471355,,"Buffington, Matthew",825106,Right,MIA_RED,412b156a-168f-42b1-8f4e-b4f73e57cd84,54.55832,-133.66285,12.27597,5.06187,-3.06309,-9.65831,-2.72092,9.58551,-9.46169,,2.8767,113.72604,-23.37017,4.30074,-0.29042,-1.27502,1.54224,-0.80323,0.15648,2.48216,16.70517,-20.97301,2.42844,-0.46618,-0.05371,0.16802,-0.0933,0.01802,-0.40423,74.78517,-2.00359,0.28734,-1.30584,2.71257,-2.92626,1.53479,-0.30927,,,,,,,,,,,,,,,,,,,,,,,High,High,High,High,High,,,
100,2025-10-09,16:27:48.57,2,1,"Eisiminger, Jared",1000160731,Right,MIA_RED,"Appelwick, Evan",695485,Right,MIA_RED,Undefined,4,Bottom,1,0,0,Fastball,Sinker,FoulBallNotFieldable,Undefined,Undefined,Undefined,0,0,,91.84037,-0.84428,-3.995893,2170.222479,237.017506,2:00,5.22388,2.56941,6.0327,-19.67588,13.01883,18.60934,2.80045,0.41395,84.64969,-4.537789,-0.656349,0.411538,68.50283,56.550684,84.160736,5852.899708,,,,,44.94501,,,-10.61158,7.20906,-2.26719,50,5.14702,8.53744,-133.33313,-2.6017,-19.31182,25.72984,-19.05442,MIA_RED,MIA_RED,McKieFieldStad,TeamExclusive,Team,20251009-McKieFieldStad-Private-1,6c5cf970-a54e-11f0-8767-37a0e00d5193,91.58918,60.75064,,7.19069,,,,1.11807,2.77669,-0.41058,e3c7f913-4cf5-4f85-a000-20dd86a5ad6d,2025-10-09,20:27:48.57,2025-10-09T16:27:48.5737984-04:00,2025-10-09T20:27:48.5737984Z,,v3,471355,471355,,"Buffington, Matthew",825106,Right,MIA_RED,7391b51e-b4ba-4bcd-9fd4-c40935b5d2d7,54.46784,-134.19253,12.86492,5.22329,-1.96526,-9.52721,-2.56312,9.18247,-9.65591,,1.11807,5.63418,-8.45007,2.65336,-0.65502,0.14627,-0.02477,-0.00085,0.00149,2.77669,83.83007,-24.85499,2.69363,-0.50334,0.08396,-0.01592,0.00308,-0.00041,-0.41058,55.09198,-7.95819,1.97935,-0.41066,0.08285,-0.01302,-0.00068,0.00083,,,,,,,,,,,,,,,,,,,,,,,High,High,High,Low,Undefined,,,
101,2025-10-09,16:28:14.26,2,2,"Eisiminger, Jared",1000160731,Right,MIA_RED,"Appelwick, Evan",695485,Right,MIA_RED,Undefined,4,Bottom,1,0,1,Fastball,Sinker,StrikeCalled,Undefined,Undefined,Undefined,0,0,,92.33657,-1.934978,-5.192857,2231.389291,230.646448,1:45,5.09474,2.67853,6.15983,-17.34777,15.048,17.1617,1.85353,-0.7016,84.89577,-5.217347,-2.114388,0.409652,,,,,,,,,,,,-10.1663,8.56815,-2.29205,50,4.93823,11.43152,-133.74058,-5.05795,-18.57815,26.42408,-16.51641,MIA_RED,MIA_RED,McKieFieldStad,TeamExclusive,Team,20251009-McKieFieldStad-Private-1,7bc33c30-a54e-11f0-8767-37a0e00d5193,92.01077,,,7.44079,,,,,,,e3c7f913-4cf5-4f85-a000-20dd86a5ad6d,2025-10-09,20:28:14.26,2025-10-09T16:28:14.2608896-04:00,2025-10-09T20:28:14.2608896Z,,v3,471355,471355,,"Buffington, Matthew",825106,Right,MIA_RED,4c3f2a4b-6d1d-4972-bc42-195eb7d804c0,54.33939,-134.59521,13.21204,5.09318,-4.52376,-8.25821,-2.6715,12.03239,-9.28908,,,,,,,,,,,,,,,,,,,,,,,,,,,,,,,,,,,,,,,,,,,,,,,,,,,High,High,High,,,,,
102,2025-10-09,16:28:40.64,2,3,"Eisiminger, Jared",1000160731,Right,MIA_RED,"Appelwick, Evan",695485,Right,MIA_RED,Undefined,4,Bottom,1,0,2,Fastball,Sinker,BallCalled,Undefined,Undefined,Undefined,0,0,,91.92166,1.115295,-3.00806,2159.986226,228.564558,1:30,5.2211,2.67826,6.16088,-17.70654,14.8995,15.77761,4.77738,1.21175,84.13226,-2.24942,-0.167199,0.41098,,,,,,,,,,,,-8.86937,7.69016,-2.45734,50,5.29648,6.33461,-133.48051,2.07883,-16.09004,27.2474,-18.22323,MIA_RED,MIA_RED,McKieFieldStad,TeamExclusive,Team,20251009-McKieFieldStad-Private-1,8b5b8b70-a54e-11f0-8767-37a0e00d5193,91.71357,,,7.7894,,,,,,,e3c7f913-4cf5-4f85-a000-20dd86a5ad6d,2025-10-09,20:28:40.64,2025-10-09T16:28:40.6476800-04:00,2025-10-09T20:28:40.6476800Z,,v3,471355,471355,,"Buffington, Matthew",825106,Right,MIA_RED,43968bc6-1084-44d9-b890-c39f272922bf,54.33649,-134.3628,13.6237,5.21961,2.66891,-9.11162,-2.67089,6.85562,-8.04502,,,,,,,,,,,,,,,,,,,,,,,,,,,,,,,,,,,,,,,,,,,,,,,,,,,High,High,High,,,,,
103,2025-10-09,16:29:02.35,2,4,"Eisiminger, Jared",1000160731,Right,MIA_RED,"Appelwick, Evan",695485,Right,MIA_RED,Undefined,4,Bottom,0,1,2,Fastball,Sinker,StrikeCalled,Strikeout,Undefined,Undefined,0,0,,91.5404,-1.698579,-4.392136,2137.573909,228.993015,1:45,5.12295,2.60442,5.79013,-18.63111,14.8095,15.85158,1.98515,-0.16838,83.99349,-5.197211,-1.563133,0.416206,,,,,,,,,,,,-9.19666,8.30264,-2.25171,50,4.9715,9.48853,-132.64081,-4.54848,-16.48945,26.66384,-17.28753,MIA_RED,MIA_RED,McKieFieldStad,TeamExclusive,Team,20251009-McKieFieldStad-Private-1,98821760-a54e-11f0-8767-37a0e00d5193,90.56195,,,7.54691,,,,,,,e3c7f913-4cf5-4f85-a000-20dd86a5ad6d,2025-10-09,20:29:02.35,2025-10-09T16:29:02.3537664-04:00,2025-10-09T20:29:02.3537664Z,,v3,471355,471355,,"Buffington, Matthew",825106,Right,MIA_RED,b0e0276e-6c54-42ec-8b34-a9c3f7d93684,54.70816,-133.58391,13.33192,5.12156,-3.93702,-8.64376,-2.59763,10.07176,-8.24472,,,,,,,,,,,,,,,,,,,,,,,,,,,,,,,,,,,,,,,,,,,,,,,,,,,High,High,High,,,,,
104,2025-10-09,16:29:41.59,3,1,"Eisiminger, Jared",1000160731,Right,MIA_RED,"Krupinski, Dom",702597,Left,MIA_RED,Undefined,4,Bottom,1,0,0,ChangeUp,Changeup,BallCalled,Undefined,Undefined,Undefined,0,0,,84.70172,-0.942326,-3.126252,1504.189788,253.840703,2:30,4.89828,2.8255,6.14171,-32.47872,6.16752,17.02981,1.31954,1.35279,77.59092,-6.981285,-0.056529,0.44743,,,,,,,,,,,,-9.66044,3.83736,-2.59561,50,4.80973,6.05111,-122.95248,-3.05163,-14.77179,24.62785,-26.30636,MIA_RED,MIA_RED,McKieFieldStad,TeamExclusive,Team,20251009-McKieFieldStad-Private-1,afc34ed0-a54e-11f0-8767-37a0e00d5193,84.24211,,,7.11079,,,,,,,e3c7f913-4cf5-4f85-a000-20dd86a5ad6d,2025-10-09,20:29:41.59,2025-10-09T16:29:41.5944704-04:00,2025-10-09T20:29:41.5944704Z,,v3,471355,471355,,"Buffington, Matthew",825106,Right,MIA_RED,4218f843-700d-424d-98f6-187a311dd516,54.35678,-123.82208,12.31392,4.90109,-2.12276,-13.15318,-2.81848,6.5727,-7.3859,,,,,,,,,,,,,,,,,,,,,,,,,,,,,,,,,,,,,,,,,,,,,,,,,,,High,High,High,,,,,
105,2025-10-09,16:30:04.20,3,2,"Eisiminger, Jared",1000160731,Right,MIA_RED,"Krupinski, Dom",702597,Left,MIA_RED,Undefined,4,Bottom,1,1,0,ChangeUp,Changeup,BallCalled,Undefined,Undefined,Undefined,0,0,,85.79932,-2.300304,-4.81523,1606.419486,254.361751,2:30,4.89373,2.64903,6.43442,-30.65537,6.52792,19.28202,0.21652,-0.17976,79.13753,-8.004746,-1.32898,0.43888,,,,,,,,,,,,-11.45351,4.33638,-2.3148,50,4.71559,9.78102,-124.38089,-5.93211,-18.0368,23.72091,-25.34517,MIA_RED,MIA_RED,McKieFieldStad,TeamExclusive,Team,20251009-McKieFieldStad-Private-1,bd373770-a54e-11f0-8767-37a0e00d5193,85.88332,,,6.6618,,,,,,,e3c7f913-4cf5-4f85-a000-20dd86a5ad6d,2025-10-09,20:30:04.20,2025-10-09T16:30:04.2087936-04:00,2025-10-09T20:30:04.2087936Z,,v3,471355,471355,,"Buffington, Matthew",825106,Right,MIA_RED,5b75e4e0-1c16-4930-8141-12a963c24de4,54.06685,-125.15409,11.86046,4.89549,-5.10597,-12.67258,-2.64319,10.36894,-9.0184,,,,,,,,,,,,,,,,,,,,,,,,,,,,,,,,,,,,,,,,,,,,,,,,,,,High,High,High,,,,,
106,2025-10-09,16:30:48.30,3,3,"Eisiminger, Jared",1000160731,Right,MIA_RED,"Phillips, Drew",1000194003,Right,MIA_RED,Undefined,4,Bottom,1,0,0,Slider,Slider,BallCalled,Undefined,Undefined,Undefined,0,0,,81.9351,-1.009089,-5.557781,2080.325919,234.854224,1:45,4.94047,2.78888,5.87622,-38.82935,2.85984,2.33768,0.76299,-2.19428,75.86067,-8.107392,-5.141242,0.464711,,,,,,,,,,,,-2.63945,2.09146,-2.33978,50,4.83591,11.45046,-118.58481,-3.35804,-3.78477,21.19222,-29.17509,MIA_RED,MIA_RED,McKieFieldStad,TeamExclusive,Team,20251009-McKieFieldStad-Private-1,d794f120-a54e-11f0-8767-37a0e00d5193,81.10939,,,6.07443,,,,,,,e3c7f913-4cf5-4f85-a000-20dd86a5ad6d,2025-10-09,20:30:48.30,2025-10-09T16:30:48.3084800-04:00,2025-10-09T20:30:48.3084800Z,,v3,471355,471355,,"Buffington, Matthew",825106,Right,MIA_RED,95ccb343-a0d7-4082-b076-b24a71d8e152,54.62305,-119.40813,10.59611,4.94435,-2.22458,-14.58755,-2.78749,11.5975,-1.89239,,,,,,,,,,,,,,,,,,,,,,,,,,,,,,,,,,,,,,,,,,,,,,,,,,,High,High,High,,,,,
107,2025-10-09,16:31:14.19,3,4,"Eisiminger, Jared",1000160731,Right,MIA_RED,"Phillips, Drew",1000194003,Right,MIA_RED,Undefined,4,Bottom,1,1,0,Fastball,Sinker,InPlay,Undefined,Bunt,Sacrifice,1,1,,91.16818,-0.299828,-3.628771,2176.877196,230.966838,1:45,5.07752,2.7265,5.97847,-17.81399,15.5841,17.97194,3.31453,0.85595,83.52501,-3.673136,-0.405665,0.415942,32.5508,-5.98045,35.828321,1572.45233,,,,17.59453,16.91035,29.431017,0.347947,-10.2589,8.40867,-2.44968,50,5.0439,7.64452,-132.34263,-1.24231,-18.28393,26.94365,-17.18773,MIA_RED,MIA_RED,McKieFieldStad,TeamExclusive,Team,20251009-McKieFieldStad-Private-1,e70f7f30-a54e-11f0-8767-37a0e00d5193,90.61954,3.35171,,7.64317,,,,2.27267,3.35171,-0.88403,e3c7f913-4cf5-4f85-a000-20dd86a5ad6d,2025-10-09,20:31:14.19,2025-10-09T16:31:14.1984256-04:00,2025-10-09T20:31:14.1984256Z,GroundBall,v3,471355,471355,,"Buffington, Matthew",825106,Right,MIA_RED,cb98f30c-825b-4bee-bca8-bd79aac92340,54.5216,-133.26,13.47183,5.07624,-0.65711,-8.59387,-2.72055,8.26705,-9.14197,203.216052,2.27357,38.46214,-2.75291,,,,,,,3.35273,-5.01201,-13.29808,,,,,,,-0.8835,27.77329,-1.11612,,,,,,,,,,,,,,,,,,,,,,,,,,,,,High,High,High,High,High,,,
108,2025-10-09,16:32:27.30,4,1,"Eisiminger, Jared",1000160731,Right,MIA_RED,"Breidenbach, Mason",1000074554,Right,MIA_RED,Undefined,4,Bottom,2,0,0,ChangeUp,Changeup,StrikeCalled,Undefined,Undefined,Undefined,0,0,,85.09833,-0.225172,-4.542815,1695.444473,242.960393,2:00,4.92368,2.80758,6.09845,-27.98175,10.13753,17.65615,2.38296,0.06863,78.34213,-5.440725,-1.373622,0.444369,,,,,,,,,,,,-10.25028,5.63835,-2.46651,50,4.89147,9.11833,-123.43698,-1.3542,-15.95375,22.54973,-23.39839,MIA_RED,MIA_RED,McKieFieldStad,TeamExclusive,Team,20251009-McKieFieldStad-Private-1,128ac890-a54f-11f0-8767-37a0e00d5193,84.82237,,,6.7562,,,,,,,e3c7f913-4cf5-4f85-a000-20dd86a5ad6d,2025-10-09,20:32:27.30,2025-10-09T16:32:27.3073664-04:00,2025-10-09T20:32:27.3073664Z,,v3,471355,471355,,"Buffington, Matthew",825106,Right,MIA_RED,d1b3ff90-c79f-4e5c-b623-1a6645f47dd2,54.40096,-124.23835,11.27486,4.92482,-0.52267,-11.6992,-2.80063,9.6853,-7.97687,,,,,,,,,,,,,,,,,,,,,,,,,,,,,,,,,,,,,,,,,,,,,,,,,,,High,High,High,,,,,
109,2025-10-09,16:32:47.73,4,2,"Eisiminger, Jared",1000160731,Right,MIA_RED,"Breidenbach, Mason",1000074554,Right,MIA_RED,Undefined,4,Bottom,2,0,1,ChangeUp,Changeup,BallCalled,Undefined,Undefined,Undefined,0,0,,83.0551,-2.972744,-5.134117,1614.790653,257.773388,2:30,4.81627,2.8213,6.30621,-34.72557,5.3037,18.74296,-0.82962,-0.35921,76.68474,-9.388428,-1.753473,0.455366,,,,,,,,,,,,-11.36347,3.84559,-2.45356,50,4.58022,10.15911,-120.25712,-7.30045,-16.6878,22.70325,-26.52663,MIA_RED,MIA_RED,McKieFieldStad,TeamExclusive,Team,20251009-McKieFieldStad-Private-1,1ea75e90-a54f-11f0-8767-37a0e00d5193,82.77402,,,6.37036,,,,,,,e3c7f913-4cf5-4f85-a000-20dd86a5ad6d,2025-10-09,20:32:47.73,2025-10-09T16:32:47.7399040-04:00,2025-10-09T20:32:47.7399040Z,,v3,471355,471355,,"Buffington, Matthew",825106,Right,MIA_RED,9da8ac59-9e6e-4b46-9389-deb55fa04925,54.19604,-121.0467,11.35162,4.81807,-6.37791,-13.26332,-2.81697,10.73949,-8.3439,,,,,,,,,,,,,,,,,,,,,,,,,,,,,,,,,,,,,,,,,,,,,,,,,,,High,High,High,,,,,
110,2025-10-09,16:33:17.21,4,3,"Eisiminger, Jared",1000160731,Right,MIA_RED,"Breidenbach, Mason",1000074554,Right,MIA_RED,Undefined,4,Bottom,2,1,1,Fastball,Sinker,FoulBallNotFieldable,Undefined,Undefined,Undefined,0,0,,91.54935,-1.236098,-3.73144,2106.352943,226.569432,1:30,5.1628,2.7466,6.18022,-17.428,15.22835,15.11139,2.56641,0.55527,84.55342,-4.53022,-1.011559,0.411297,75.89022,20.391377,-160.225059,1857.673726,,,,116.98359,47.17409,-167.511158,1.410088,-8.75993,8.48489,-2.47216,50,5.06024,8.057,-132.96692,-3.39789,-15.88205,25.11979,-16.79063,MIA_RED,MIA_RED,McKieFieldStad,TeamExclusive,Team,20251009-McKieFieldStad-Private-1,304eb7b0-a54f-11f0-8767-37a0e00d5193,91.64296,13.63091,,6.99593,,,,1.08437,2.30096,-0.40887,e3c7f913-4cf5-4f85-a000-20dd86a5ad6d,2025-10-09,20:33:17.21,2025-10-09T16:33:17.2158464-04:00,2025-10-09T20:33:17.2158464Z,LineDrive,v3,471355,471355,,"Buffington, Matthew",825106,Right,MIA_RED,6b5a5a57-6702-4cbc-9105-7ce7354ca387,54.31994,-133.78055,12.55989,5.16149,-2.85404,-8.39532,-2.74145,8.57141,-7.94102,,1.08954,-98.33282,11.74853,,,,,,,2.92032,32.47637,-24.75628,,,,,,,-0.79376,-31.35746,10.07004,,,,,,,,,,,,,,,,,,,,,,,,,,,,,High,High,High,High,Low,,,
111,2025-10-09,16:33:48.79,4,4,"Eisiminger, Jared",1000160731,Right,MIA_RED,"Breidenbach, Mason",1000074554,Right,MIA_RED,Undefined,4,Bottom,2,1,2,Fastball,Sinker,FoulBallNotFieldable,Undefined,Undefined,Undefined,0,0,,91.79158,-0.931421,-3.338333,2234.225254,239.663085,2:00,5.12284,2.67535,5.85399,-21.07411,11.82961,18.60643,2.49971,1.12064,84.69538,-4.861705,-0.006343,0.412851,87.83227,27.653905,-43.816327,3201.701097,72.83394,47.683,-82.43251,307.94282,166.37681,-57.676069,4.016477,-10.38272,6.5754,-2.41518,50,5.03467,6.98256,-133.32661,-2.8838,-18.89839,25.65871,-20.20565,MIA_RED,MIA_RED,McKieFieldStad,TeamExclusive,Team,20251009-McKieFieldStad-Private-1,43195b20-a54f-11f0-8767-37a0e00d5193,91.29784,56.5364,,7.0962,,,,0.50439,2.42344,-1.08317,e3c7f913-4cf5-4f85-a000-20dd86a5ad6d,2025-10-09,20:33:48.79,2025-10-09T16:33:48.7939072-04:00,2025-10-09T20:33:48.7939072Z,LineDrive,v3,471355,471355,,"Buffington, Matthew",825106,Right,MIA_RED,ac93e861-f5e3-47ee-ad6d-6fad81cd0cb4,54.64656,-134.21786,12.82935,5.12265,-2.18196,-10.10282,-2.66912,7.63899,-9.4492,,0.50448,82.32893,-19.7254,4.31738,-0.87638,0.17068,-0.02928,0.00322,-0.00014,2.42244,59.81959,-19.15516,2.22282,-0.65725,0.15914,-0.0265,0.00296,-0.00017,-1.08344,-78.99174,6.99525,-1.49833,0.26782,-0.0444,0.00743,-0.00091,5E-05,,,,,,,,,,,,,,,,,,,,,,,High,High,High,High,Low,,,
112,2025-10-09,16:34:24.86,4,5,"Eisiminger, Jared",1000160731,Right,MIA_RED,"Breidenbach, Mason",1000074554,Right,MIA_RED,Undefined,4,Bottom,2,1,2,Fastball,Sinker,FoulBallNotFieldable,Undefined,Undefined,Undefined,0,0,,91.10504,0.284838,-3.918994,2315.831873,243.751624,2:15,5.11387,2.68568,6.02408,-22.80045,10.73268,19.62454,3.47826,0.68578,83.15264,-3.99436,-0.397653,0.416781,,,,,,,,,,,,-11.18367,5.75803,-2.38933,50,5.12377,8.22444,-132.16389,-0.08729,-19.80197,27.88832,-21.97882,MIA_RED,MIA_RED,McKieFieldStad,TeamExclusive,Team,20251009-McKieFieldStad-Private-1,5897fb00-a54f-11f0-8767-37a0e00d5193,90.43694,,,7.9524,,,,,,,e3c7f913-4cf5-4f85-a000-20dd86a5ad6d,2025-10-09,20:34:24.86,2025-10-09T16:34:24.8623104-04:00,2025-10-09T20:34:24.8623104Z,,v3,471355,471355,,"Buffington, Matthew",825106,Right,MIA_RED,89e7460f-74e5-4254-8d79-3fa49856cf9a,54.47518,-133.10486,13.94416,5.11421,0.65429,-10.98941,-2.6781,8.89258,-9.90098,,,,,,,,,,,,,,,,,,,,,,,,,,,,,,,,,,,,,,,,,,,,,,,,,,,High,High,High,,,,,
113,2025-10-09,16:34:53.66,4,6,"Eisiminger, Jared",1000160731,Right,MIA_RED,"Breidenbach, Mason",1000074554,Right,MIA_RED,Undefined,4,Bottom,2,1,2,Fastball,Four-Seam,FoulBallNotFieldable,Undefined,Undefined,Undefined,0,0,,92.76463,-0.826005,-3.185994,2149.781665,224.116438,1:30,5.17531,2.66167,6.17496,-15.42824,16.83221,15.29339,3.12555,0.99074,84.35482,-3.790407,-0.431559,0.408796,,,,,,,,,,,,-8.84516,9.26678,-2.42826,50,5.10486,6.84735,-134.61741,-2.37814,-16.17041,30.24393,-15.23287,MIA_RED,MIA_RED,McKieFieldStad,TeamExclusive,Team,20251009-McKieFieldStad-Private-1,69ccbc30-a54f-11f0-8767-37a0e00d5193,92.20356,,,8.40981,,,,,,,e3c7f913-4cf5-4f85-a000-20dd86a5ad6d,2025-10-09,20:34:53.66,2025-10-09T16:34:53.6652288-04:00,2025-10-09T20:34:53.6652288Z,,v3,471355,471355,,"Buffington, Matthew",825106,Right,MIA_RED,cb52c449-d16c-479d-8612-5f101b4f5668,54.32314,-135.5852,15.12197,5.17316,-1.8907,-7.61643,-2.65565,7.36479,-8.08521,,,,,,,,,,,,,,,,,,,,,,,,,,,,,,,,,,,,,,,,,,,,,,,,,,,High,High,High,,,,,
114,2025-10-09,16:35:43.08,4,7,"Eisiminger, Jared",1000160731,Right,MIA_RED,"Breidenbach, Mason",1000074554,Right,MIA_RED,Undefined,4,Bottom,2,1,2,Slider,Slider,HitByPitch,Undefined,Undefined,Undefined,0,0,,82.86422,-0.102954,-4.385903,2280.041935,61.774922,8:00,4.93036,2.7598,5.76016,-41.94113,-0.06965,-2.99642,1.33916,-1.58013,74.79818,-7.819009,-4.920047,0.465726,,,,,,,,,,,,0.05244,0.26154,-2.39386,50,4.89594,9.30739,-119.86656,-1.59788,0.07458,28.03592,-31.80212,MIA_RED,MIA_RED,McKieFieldStad,TeamExclusive,Team,20251009-McKieFieldStad-Private-1,8748a5d0-a54f-11f0-8767-37a0e00d5193,80.93263,,,8.06604,,,,,,,e3c7f913-4cf5-4f85-a000-20dd86a5ad6d,2025-10-09,20:35:43.08,2025-10-09T16:35:43.0807040-04:00,2025-10-09T20:35:43.0807040Z,,v3,471355,471355,,"Buffington, Matthew",825106,Right,MIA_RED,b74cc65b-653d-4f86-90cb-f40cdda3a40d,54.73929,-120.96996,14.01796,4.9342,-0.34625,-15.90106,-2.76011,9.30446,0.03729,,,,,,,,,,,,,,,,,,,,,,,,,,,,,,,,,,,,,,,,,,,,,,,,,,,High,High,High,,,,,
115,2025-10-09,16:36:26.58,5,1,"Eisiminger, Jared",1000160731,Right,MIA_RED,"Raether, Carson",1000338521,Left,MIA_RED,Undefined,4,Bottom,2,0,0,Fastball,Sinker,BallCalled,Undefined,Undefined,Undefined,0,0,,90.90664,-2.203301,-3.236608,2345.410674,243.331738,2:00,5.02115,2.83632,5.96617,-22.57706,11.31048,20.29395,1.09262,1.5234,82.96029,-6.429592,0.408149,0.418978,,,,,,,,,,,,-11.34686,6.77461,-2.59088,50,4.83366,6.58832,-131.81427,-5.82083,-19.902,28.82631,-20.29161,MIA_RED,MIA_RED,McKieFieldStad,TeamExclusive,Team,20251009-McKieFieldStad-Private-1,a126f650-a54f-11f0-8767-37a0e00d5193,89.96281,,,7.94635,,,,,,,e3c7f913-4cf5-4f85-a000-20dd86a5ad6d,2025-10-09,20:36:26.58,2025-10-09T16:36:26.5896448-04:00,2025-10-09T20:36:26.5896448Z,,v3,471355,471355,,"Buffington, Matthew",825106,Right,MIA_RED,5a9a8994-667f-4b5f-ad2c-61a7bc22681f,54.53253,-132.80179,14.41316,5.02116,-5.1257,-10.1458,-2.82825,7.27011,-9.951,,,,,,,,,,,,,,,,,,,,,,,,,,,,,,,,,,,,,,,,,,,,,,,,,,,High,High,High,,,,,
116,2025-10-09,16:36:48.57,5,2,"Eisiminger, Jared",1000160731,Right,MIA_RED,"Raether, Carson",1000338521,Left,MIA_RED,Undefined,4,Bottom,2,1,0,ChangeUp,Changeup,StrikeSwinging,Undefined,Undefined,Undefined,0,0,,84.08759,-1.094575,-4.693734,1617.768946,254.299048,2:30,4.95493,2.7849,6.31626,-33.08903,5.61504,15.97052,1.18584,-0.21712,77.7504,-7.234149,-1.814035,0.447765,,,,,,,,,,,,-9.50497,3.54709,-2.44829,50,4.85877,9.42574,-121.98653,-3.34768,-14.45798,21.8682,-26.77856,MIA_RED,MIA_RED,McKieFieldStad,TeamExclusive,Team,20251009-McKieFieldStad-Private-1,ae47b5e0-a54f-11f0-8767-37a0e00d5193,84.17915,,,6.33719,,,,,,,e3c7f913-4cf5-4f85-a000-20dd86a5ad6d,2025-10-09,20:36:48.57,2025-10-09T16:36:48.5773312-04:00,2025-10-09T20:36:48.5773312Z,,v3,471355,471355,,"Buffington, Matthew",825106,Right,MIA_RED,2de481a0-1ea4-4b0f-a3cd-816fce4187a3,54.18394,-122.73428,10.9341,4.95759,-2.43203,-13.38928,-2.77905,9.92011,-7.22899,,,,,,,,,,,,,,,,,,,,,,,,,,,,,,,,,,,,,,,,,,,,,,,,,,,High,High,High,,,,,
117,2025-10-09,16:37:13.75,5,3,"Eisiminger, Jared",1000160731,Right,MIA_RED,"Raether, Carson",1000338521,Left,MIA_RED,Undefined,4,Bottom,2,1,1,ChangeUp,Changeup,BallCalled,Undefined,Undefined,Undefined,0,0,,85.64032,-3.149367,-6.212589,1721.25938,244.331434,2:15,4.94031,2.78618,6.5467,-27.64761,9.6076,17.66966,-0.27174,-1.46094,79.19892,-8.305456,-3.024504,0.439304,,,,,,,,,,,,-10.96674,6.16973,-2.36283,50,4.70912,12.86112,-123.8232,-7.64262,-17.18128,22.61762,-22.50815,MIA_RED,MIA_RED,McKieFieldStad,TeamExclusive,Team,20251009-McKieFieldStad-Private-1,bd4c2990-a54f-11f0-8767-37a0e00d5193,85.80039,,,6.4414,,,,,,,e3c7f913-4cf5-4f85-a000-20dd86a5ad6d,2025-10-09,20:37:13.75,2025-10-09T16:37:13.7534976-04:00,2025-10-09T20:37:13.7534976Z,,v3,471355,471355,,"Buffington, Matthew",825106,Right,MIA_RED,fc53cfc6-ab0b-4db1-ad16-0da4842c3ba9,53.95475,-124.54348,11.30881,4.9411,-6.92583,-11.25408,-2.78112,13.40828,-8.59064,,,,,,,,,,,,,,,,,,,,,,,,,,,,,,,,,,,,,,,,,,,,,,,,,,,High,High,High,,,,,
118,2025-10-09,16:37:42.07,5,4,"Eisiminger, Jared",1000160731,Right,MIA_RED,"Raether, Carson",1000338521,Left,MIA_RED,Undefined,4,Bottom,2,2,1,Fastball,Sinker,InPlay,Undefined,GroundBall,Out,1,0,,91.34416,-2.139647,-4.385328,2308.678657,242.280039,2:00,5.10989,2.68927,5.80561,-22.00745,11.53631,20.00966,1.27935,0.27053,83.98989,-6.235574,-0.810273,0.416848,87.71821,-2.276595,27.779101,,,,,40.74216,29.66616,25.784421,0.300719,-11.4443,6.75678,-2.34134,50,4.92059,9.30449,-132.38846,-5.70932,-20.44389,26.5306,-20.10391,MIA_RED,MIA_RED,McKieFieldStad,TeamExclusive,Team,20251009-McKieFieldStad-Private-1,ce175380-a54f-11f0-8767-37a0e00d5193,90.42259,1.53748,,7.35427,,,,2.46905,1.53748,-0.30219,e3c7f913-4cf5-4f85-a000-20dd86a5ad6d,2025-10-09,20:37:42.07,2025-10-09T16:37:42.0720128-04:00,2025-10-09T20:37:42.0720128Z,GroundBall,v3,471355,471355,,"Buffington, Matthew",825106,Right,MIA_RED,c9f9993b-5cd0-4ad6-a7f7-a8ba6d2162bb,54.6952,-133.32605,13.2653,5.10981,-4.99885,-10.05195,-2.68293,10.02698,-10.22195,180,2.46678,113.78289,,,,,,,,1.53758,-5.11267,,,,,,,,-0.30339,59.93788,,,,,,,,,,,,,,,,,,,,,,,,,,,,,,High,High,High,Medium,Medium,,,
119,2025-10-09,16:41:00.80,1,1,"Byers, Carson ",1000133996,Left,MIA_RED,"Gonzalez Rivera, Ignacio",10124440,Right,MIA_RED,Undefined,5,Top,0,0,0,ChangeUp,Changeup,BallCalled,Undefined,Undefined,Undefined,0,0,,78.06063,1.709878,2.040141,1665.492562,122.586748,10:00,4.48936,-1.84803,5.63657,-35.70159,10.28753,-14.00178,3.1109,-1.11075,71.82184,-4.888226,-0.458616,0.488089,,,,,,,,,,,,7.60685,5.19705,1.68367,50,4.61199,-3.50295,-113.35018,2.27412,9.97594,19.1646,-25.35842,MIA_RED,MIA_RED,McKieFieldStad,TeamExclusive,Team,20251009-McKieFieldStad-Private-1,4488fb40-a550-11f0-8767-37a0e00d5193,77.22454,,,6.23879,,,,,,,e3c7f913-4cf5-4f85-a000-20dd86a5ad6d,2025-10-09,20:41:00.80,2025-10-09T16:41:00.8053248-04:00,2025-10-09T20:41:00.8053248Z,,v3,471355,471355,,"Raether, Carson",1000338521,Right,MIA_RED,6411be41-76a4-4418-9794-0087a603c944,54.86155,-114.16919,9.5823,4.49164,3.35782,-12.67921,1.84248,-3.92928,4.98797,,,,,,,,,,,,,,,,,,,,,,,,,,,,,,,,,,,,,,,,,,,,,,,,,,,High,High,High,,,,,
120,2025-10-09,16:41:17.50,1,2,"Byers, Carson ",1000133996,Left,MIA_RED,"Gonzalez Rivera, Ignacio",10124440,Right,MIA_RED,Undefined,5,Top,0,1,0,Fastball,Sinker,FoulBallNotFieldable,Undefined,Undefined,Undefined,0,0,,87.28208,-0.935268,1.927102,2080.048601,140.507185,10:45,5.03436,-1.38491,5.90417,-19.16647,17.28028,-13.33776,2.56843,-0.70689,80.1764,-4.554924,-0.466318,0.434511,,,,,,,,,,,,7.38122,9.45245,1.23793,50,4.94825,-3.72912,-126.83265,-2.64391,12.08824,24.63246,-16.69374,MIA_RED,MIA_RED,McKieFieldStad,TeamExclusive,Team,20251009-McKieFieldStad-Private-1,4e860ca0-a550-11f0-8767-37a0e00d5193,86.74678,,,7.10568,,,,,,,e3c7f913-4cf5-4f85-a000-20dd86a5ad6d,2025-10-09,20:41:17.50,2025-10-09T16:41:17.5043072-04:00,2025-10-09T20:41:17.5043072Z,,v3,471355,471355,,"Raether, Carson",1000338521,Right,MIA_RED,537daf4e-8bbc-4be5-8f39-40f03b025e27,54.59495,-127.72193,12.31623,5.03282,-2.04123,-8.34687,1.38044,-4.16553,6.04412,,,,,,,,,,,,,,,,,,,,,,,,,,,,,,,,,,,,,,,,,,,,,,,,,,,High,High,High,,,,,
121,2025-10-09,16:41:42.06,1,3,"Byers, Carson ",1000133996,Left,MIA_RED,"Gonzalez Rivera, Ignacio",10124440,Right,MIA_RED,Undefined,5,Top,0,1,1,Fastball,Four-Seam,BallCalled,Undefined,Undefined,Undefined,0,0,,88.00432,-0.128321,2.850146,1981.851525,150.001441,11:00,5.08114,-1.13419,5.79018,-18.39044,17.73891,-9.60103,3.42909,0.71924,80.53807,-3.609277,1.133371,0.432615,,,,,,,,,,,,5.63945,9.40855,0.90515,50,5.05954,-5.95055,-127.72731,-0.83631,9.35239,25.35335,-16.57097,MIA_RED,MIA_RED,McKieFieldStad,TeamExclusive,Team,20251009-McKieFieldStad-Private-1,5d143ee0-a550-11f0-8767-37a0e00d5193,87.12698,,,7.46624,,,,,,,e3c7f913-4cf5-4f85-a000-20dd86a5ad6d,2025-10-09,20:41:42.06,2025-10-09T16:41:42.0692992-04:00,2025-10-09T20:41:42.0692992Z,,v3,471355,471355,,"Raether, Carson",1000338521,Right,MIA_RED,9251f8a5-ceaa-4507-bd2d-963fd67e90f0,54.70673,-128.65818,12.67667,5.07907,-0.22789,-8.28549,1.12994,-6.29393,4.67619,,,,,,,,,,,,,,,,,,,,,,,,,,,,,,,,,,,,,,,,,,,,,,,,,,,High,High,High,,,,,
122,2025-10-09,16:42:00.41,1,4,"Byers, Carson ",1000133996,Left,MIA_RED,"Gonzalez Rivera, Ignacio",10124440,Right,MIA_RED,Undefined,5,Top,0,2,1,Fastball,Four-Seam,FoulBallNotFieldable,Undefined,Undefined,Undefined,0,0,,87.48884,-0.823595,1.801985,1985.323787,142.58177,10:45,5.04179,-1.32275,6.06799,-19.02182,17.13851,-12.25414,2.69406,-0.67584,80.10907,-4.43443,-0.403881,0.4328,83.96137,37.988837,45.658134,5382.173861,65.44379,73.59366,88.41399,254.93216,139.587,62.070556,4.810763,6.82729,9.40898,1.18968,50,4.96777,-3.5091,-127.12546,-2.37499,11.19369,25.60018,-16.7475,MIA_RED,MIA_RED,McKieFieldStad,TeamExclusive,Team,20251009-McKieFieldStad-Private-1,68224b10-a550-11f0-8767-37a0e00d5193,87.08968,81.33709,,7.37977,,,,0.42995,2.55168,0.4294,e3c7f913-4cf5-4f85-a000-20dd86a5ad6d,2025-10-09,20:42:00.41,2025-10-09T16:42:00.4194816-04:00,2025-10-09T20:42:00.4194816Z,FlyBall,v3,471355,471355,,"Raether, Carson",1000338521,Right,MIA_RED,17ed9b43-8c18-4766-857a-6cf9898f11bf,54.4303,-128.01451,12.80009,5.04014,-1.79337,-8.37375,1.31829,-3.89784,5.59685,,0.439,67.636,-23.22958,5.81341,-0.59014,-0.17371,0.06925,-0.00863,0.00036,2.55155,75.78418,-20.47698,0.76189,0.5264,-0.35056,0.10901,-0.01643,0.00095,0.43294,69.33005,-8.2354,0.4551,0.57885,-0.3247,0.08447,-0.01085,0.00055,,,,,,,,,,,,,,,,,,,,,,,High,High,High,High,Low,,,
123,2025-10-09,16:42:23.14,1,5,"Byers, Carson ",1000133996,Left,MIA_RED,"Gonzalez Rivera, Ignacio",10124440,Right,MIA_RED,Undefined,5,Top,0,2,2,Fastball,Four-Seam,StrikeCalled,Strikeout,Undefined,Undefined,0,0,,87.13588,-2.463616,2.04016,2121.151641,150.540071,11:00,5.07303,-0.97665,6.15233,-16.5115,19.97974,-10.61894,1.41804,0.02418,79.67855,-5.62503,0.125901,0.434776,,,,,,,,,,,,6.07465,11.38792,0.82696,50,4.87704,-4.08569,-126.47262,-5.87836,9.83323,25.93851,-13.74008,MIA_RED,MIA_RED,McKieFieldStad,TeamExclusive,Team,20251009-McKieFieldStad-Private-1,75aca1e0-a550-11f0-8767-37a0e00d5193,86.69388,,,7.45734,,,,,,,e3c7f913-4cf5-4f85-a000-20dd86a5ad6d,2025-10-09,20:42:23.14,2025-10-09T16:42:23.1400000-04:00,2025-10-09T20:42:23.1400000Z,,v3,471355,471355,,"Raether, Carson",1000338521,Right,MIA_RED,9724bbc6-50e4-4909-9c53-1eebca9faa93,54.34546,-127.36072,12.96926,5.07025,-5.40791,-6.87004,0.97261,-4.42237,4.91661,,,,,,,,,,,,,,,,,,,,,,,,,,,,,61.48683,2.998612,1.802445,1.196167,0.79624,1.35668,-0.02542,-5.17675,4.74964,2.1044,75.13484,11.64565,49.64169,-4.97527,75.33422,-6.93269,4.80373,21.30362,-13.00899,2.11781,41.09165,-1.13389,High,High,High,,,High,High,High
124,2025-10-09,16:42:59.22,2,1,"Byers, Carson ",1000133996,Left,MIA_RED,"Buffington, Matthew",825106,Right,MIA_RED,Undefined,5,Top,1,0,0,ChangeUp,Changeup,StrikeSwinging,Undefined,Undefined,Undefined,0,0,,78.46119,0.554429,2.721011,1815.282158,112.746765,9:45,4.61207,-1.79139,5.58353,-36.33687,9.46359,-19.21414,2.10235,-0.84966,72.03369,-6.149112,-0.705465,0.487087,,,,,,,,,,,,10.43032,5.07536,1.57022,50,4.63611,-4.66735,-113.88427,-0.04909,13.74604,20.23124,-25.48526,MIA_RED,MIA_RED,McKieFieldStad,TeamExclusive,Team,20251009-McKieFieldStad-Private-1,8b212fa0-a550-11f0-8767-37a0e00d5193,77.38342,,,6.4275,,,,,,,e3c7f913-4cf5-4f85-a000-20dd86a5ad6d,2025-10-09,20:42:59.22,2025-10-09T16:42:59.2242176-04:00,2025-10-09T20:42:59.2242176Z,,v3,471355,471355,,"Raether, Carson",1000338521,Right,MIA_RED,07b9d1c5-e886-432c-ab25-d0c869ea98b8,54.91496,-114.75408,10.11562,4.61467,1.04661,-12.74263,1.78359,-5.25833,6.87302,,,,,,,,,,,,,,,,,,,,,,,,,,,,,,,,,,,,,,,,,,,,,,,,,,,High,High,High,,,,,
125,2025-10-09,16:43:21.00,2,2,"Byers, Carson ",1000133996,Left,MIA_RED,"Buffington, Matthew",825106,Right,MIA_RED,Undefined,5,Top,1,0,1,ChangeUp,Changeup,StrikeSwinging,Undefined,Undefined,Undefined,0,0,,77.85639,0.85961,3.384075,1785.83132,107.608374,9:30,4.47332,-1.83394,5.72575,-37.99703,8.53461,-22.15548,2.10897,-0.52475,71.11171,-6.175058,-0.574318,0.490959,,,,,,,,,,,,12.18048,4.55819,1.565,50,4.52187,-5.83165,-112.91194,0.52313,15.70039,20.85594,-26.29864,MIA_RED,MIA_RED,McKieFieldStad,TeamExclusive,Team,20251009-McKieFieldStad-Private-1,9834a8c0-a550-11f0-8767-37a0e00d5193,76.77301,,,6.74468,,,,,,,e3c7f913-4cf5-4f85-a000-20dd86a5ad6d,2025-10-09,20:43:21.00,2025-10-09T16:43:21.0008576-04:00,2025-10-09T20:43:21.0008576Z,,v3,471355,471355,,"Raether, Carson",1000338521,Right,MIA_RED,72adff43-0bed-43b0-8510-603f4bd9017e,54.7727,-113.79009,10.42797,4.47654,1.63045,-13.14932,1.82447,-6.49272,7.85019,,,,,,,,,,,,,,,,,,,,,,,,,,,,,,,,,,,,,,,,,,,,,,,,,,,High,High,High,,,,,
126,2025-10-09,16:44:02.01,2,3,"Byers, Carson ",1000133996,Left,MIA_RED,"Buffington, Matthew",825106,Right,MIA_RED,Undefined,5,Top,1,0,2,ChangeUp,Changeup,BallCalled,Undefined,Undefined,Undefined,0,0,,75.15727,1.046163,1.885064,1687.421431,113.679936,9:45,4.40295,-1.94777,5.59971,-40.77841,9.40331,-17.71513,1.98205,-1.66356,68.63264,-6.490362,-1.276877,0.509852,,,,,,,,,,,,9.49237,4.95319,1.79799,50,4.46634,-2.92932,-109.05436,0.75514,11.3898,19.83009,-26.23078,MIA_RED,MIA_RED,McKieFieldStad,TeamExclusive,Team,20251009-McKieFieldStad-Private-1,b08d6ab0-a550-11f0-8767-37a0e00d5193,73.92819,,,6.52463,,,,,,,e3c7f913-4cf5-4f85-a000-20dd86a5ad6d,2025-10-09,20:44:02.01,2025-10-09T16:44:02.0149760-04:00,2025-10-09T20:44:02.0149760Z,,v3,471355,471355,,"Raether, Carson",1000338521,Right,MIA_RED,b43ada6b-db2f-4998-9373-76c49e9622c7,54.8976,-109.94132,9.91504,4.40632,1.92839,-13.11539,1.94041,-3.43876,5.6949,,,,,,,,,,,,,,,,,,,,,,,,,,,,,,,,,,,,,,,,,,,,,,,,,,,High,High,High,,,,,
127,2025-10-09,16:44:22.00,2,4,"Byers, Carson ",1000133996,Left,MIA_RED,"Buffington, Matthew",825106,Right,MIA_RED,Undefined,5,Top,1,1,2,ChangeUp,Changeup,FoulBallNotFieldable,Undefined,Undefined,Undefined,0,0,,76.45252,1.69041,2.136673,1757.136564,117.570979,10:00,4.45558,-1.86984,5.63415,-38.58345,10.16402,-16.26587,2.81894,-1.23096,69.27112,-5.478234,-0.766217,0.502513,,,,,,,,,,,,8.94142,5.09803,1.69896,50,4.57492,-3.52929,-110.83445,2.10628,11.01093,21.6616,-25.89607,MIA_RED,MIA_RED,McKieFieldStad,TeamExclusive,Team,20251009-McKieFieldStad-Private-1,bc8ed790-a550-11f0-8767-37a0e00d5193,75.00784,,,7.1814,,,,,,,e3c7f913-4cf5-4f85-a000-20dd86a5ad6d,2025-10-09,20:44:22.00,2025-10-09T16:44:22.0076032-04:00,2025-10-09T20:44:22.0076032Z,,v3,471355,471355,,"Raether, Carson",1000338521,Right,MIA_RED,9f1e6653-6583-4087-94ed-3d561a998948,54.86334,-111.78091,10.8308,4.45818,3.23775,-12.94803,1.86368,-4.01039,5.50546,,,,,,,,,,,,,,,,,,,,,,,,,,,,,,,,,,,,,,,,,,,,,,,,,,,High,High,High,,,,,
128,2025-10-09,16:44:45.75,2,5,"Byers, Carson ",1000133996,Left,MIA_RED,"Buffington, Matthew",825106,Right,MIA_RED,Undefined,5,Top,1,1,2,Fastball,Four-Seam,StrikeCalled,Strikeout,Undefined,Undefined,0,0,,88.12139,-1.096512,2.765396,2210.84174,153.568364,11:00,5.18112,-0.93993,6.06668,-15.05997,20.82052,-9.76382,2.91009,0.80755,80.19909,-4.005954,1.010125,0.431123,,,,,,,,,,,,5.78177,11.35938,0.73042,50,5.08779,-5.7674,-127.84824,-2.82659,9.54398,27.01432,-13.4231,MIA_RED,MIA_RED,McKieFieldStad,TeamExclusive,Team,20251009-McKieFieldStad-Private-1,ca9bf2f0-a550-11f0-8767-37a0e00d5193,87.42859,,,7.9223,,,,,,,e3c7f913-4cf5-4f85-a000-20dd86a5ad6d,2025-10-09,20:44:45.75,2025-10-09T16:44:45.7550000-04:00,2025-10-09T20:44:45.7550000Z,,v3,471355,471355,,"Raether, Carson",1000338521,Right,MIA_RED,9e276aaa-d2dc-4b4b-b338-a91a8a208dac,54.42894,-128.78067,13.50716,5.17735,-2.36328,-6.71155,0.93518,-6.09682,4.77199,,,,,,,,,,,,,,,,,,,,,,,,,,,,,63.7712,2.316742,1.205146,1.111597,-2.19163,2.64971,-0.86741,-4.37074,4.3542,4.12608,74.32233,10.49711,50.45568,-4.24211,78.88047,-7.35628,4.39947,20.62027,-13.60532,4.13381,43.08905,-1.27365,High,High,High,,,High,High,High
129,2025-10-09,16:45:16.53,3,1,"Byers, Carson ",1000133996,Left,MIA_RED,"Dierks, Marcus",10322729,Left,MIA_RED,Undefined,5,Top,2,0,0,ChangeUp,Changeup,StrikeSwinging,Undefined,Undefined,Undefined,0,0,,77.87321,0.588808,3.26808,1856.721949,98.243373,9:15,4.51236,-1.84967,5.83959,-42.49172,3.68386,-15.47056,1.51952,-0.0983,71.48524,-7.243053,0.496714,0.489077,,,,,,,,,,,,8.78725,2.1713,1.59232,50,4.53546,-5.87599,-113.00372,-0.15997,11.37488,20.38408,-29.36334,MIA_RED,MIA_RED,McKieFieldStad,TeamExclusive,Team,20251009-McKieFieldStad-Private-1,dd26f550-a550-11f0-8767-37a0e00d5193,77.06848,,,6.38796,,,,,,,e3c7f913-4cf5-4f85-a000-20dd86a5ad6d,2025-10-09,20:45:16.53,2025-10-09T16:45:16.5308928-04:00,2025-10-09T20:45:16.5308928Z,,v3,471355,471355,,"Raether, Carson",1000338521,Right,MIA_RED,ffac84c6-1790-4ebf-b88d-0603db630c7c,54.65916,-113.84105,10.19204,4.51726,1.04621,-14.68167,1.84328,-6.34325,5.68744,,,,,,,,,,,,,,,,,,,,,,,,,,,,,,,,,,,,,,,,,,,,,,,,,,,High,High,High,,,,,
130,2025-10-09,16:45:37.38,3,2,"Byers, Carson ",1000133996,Left,MIA_RED,"Dierks, Marcus",10322729,Left,MIA_RED,Undefined,5,Top,2,0,1,Fastball,Sinker,FoulBallNotFieldable,Undefined,Undefined,Undefined,0,0,,85.84662,0.008123,1.887143,2281.46833,153.369615,11:00,4.73154,-1.63707,5.9514,-22.74312,14.69076,-6.83449,2.84382,-0.45579,79.19669,-4.253794,0.659908,0.440356,69.5273,23.372477,163.118385,2559.064634,-105.98422,14.1999,29.44997,146.38085,46.20107,165.017759,1.79652,3.98748,7.87752,1.49088,50,4.71932,-3.84157,-124.80821,-0.67767,6.35547,22.65624,-19.61842,MIA_RED,MIA_RED,McKieFieldStad,TeamExclusive,Team,20251009-McKieFieldStad-Private-1,e9774580-a550-11f0-8767-37a0e00d5193,85.59538,18.80671,,6.64993,,,,0.71418,2.71433,0.42919,e3c7f913-4cf5-4f85-a000-20dd86a5ad6d,2025-10-09,20:45:37.38,2025-10-09T16:45:37.3864448-04:00,2025-10-09T20:45:37.3864448Z,LineDrive,v3,471355,471355,,"Raether, Carson",1000338521,Right,MIA_RED,08c4acb7-31f5-4d92-867f-0877ba2b54be,54.54719,-125.63094,11.32812,4.73099,0.03475,-9.80921,1.63457,-4.07236,3.17773,343.060187,0.71418,-89.57203,5.65223,0.15628,-0.10177,0.0571,-0.01517,0.00326,-0.00042,2.71433,40.45362,-27.75929,3.38655,-0.74386,0.17632,-0.04403,0.01036,-0.0012,0.42918,27.18273,-4.49252,0.74398,-0.15951,0.03513,-0.01091,0.00282,-0.00032,,,,,,,,,,,,,,,,,,,,,,,High,High,High,High,Low,,,
131,2025-10-09,16:46:00.19,3,3,"Byers, Carson ",1000133996,Left,MIA_RED,"Dierks, Marcus",10322729,Left,MIA_RED,Undefined,5,Top,2,0,2,Fastball,Sinker,BallCalled,Undefined,Undefined,Undefined,0,0,,87.35158,0.305386,1.164523,1996.928276,133.814477,10:30,5.0855,-1.35621,5.94751,-20.93698,15.1254,-14.7308,3.62406,-1.50354,80.71263,-3.624679,-1.481806,0.432214,,,,,,,,,,,,7.84615,8.00689,1.2718,50,5.09789,-1.9853,-127.07656,0.03435,12.99083,22.98319,-18.9171,MIA_RED,MIA_RED,McKieFieldStad,TeamExclusive,Team,20251009-McKieFieldStad-Private-1,f726d790-a550-11f0-8767-37a0e00d5193,87.20786,,,6.63895,,,,,,,e3c7f913-4cf5-4f85-a000-20dd86a5ad6d,2025-10-09,20:46:00.19,2025-10-09T16:46:00.1913344-04:00,2025-10-09T20:46:00.1913344Z,,v3,471355,471355,,"Raether, Carson",1000338521,Right,MIA_RED,1aa0f569-7ad3-4613-a310-97d107622347,54.55168,-127.89713,11.49159,5.08461,0.70974,-9.45855,1.35096,-2.44911,6.49541,,,,,,,,,,,,,,,,,,,,,,,,,,,,,,,,,,,,,,,,,,,,,,,,,,,High,High,High,,,,,
132,2025-10-09,16:46:18.46,3,4,"Byers, Carson ",1000133996,Left,MIA_RED,"Dierks, Marcus",10322729,Left,MIA_RED,Undefined,5,Top,2,1,2,ChangeUp,Changeup,StrikeCalled,Strikeout,Undefined,Undefined,0,0,,77.99901,0.25837,3.215592,1778.21161,102.05972,9:30,4.48576,-1.90863,5.66231,-40.064,5.72201,-20.8347,1.3884,-0.64325,72.40156,-7.083471,-0.505686,0.48701,,,,,,,,,,,,11.38985,3.22937,1.65013,50,4.48201,-5.59095,-113.32818,-0.76135,15.011,18.11292,-27.91797,MIA_RED,MIA_RED,McKieFieldStad,TeamExclusive,Team,20251009-McKieFieldStad-Private-1,01fe4360-a551-11f0-8767-37a0e00d5193,77.39562,,,5.59746,,,,,,,e3c7f913-4cf5-4f85-a000-20dd86a5ad6d,2025-10-09,20:46:18.46,2025-10-09T16:46:18.4674816-04:00,2025-10-09T20:46:18.4674816Z,,v3,471355,471355,,"Raether, Carson",1000338521,Right,MIA_RED,6a1ffa7a-cca2-46d7-9c0a-0ebcdf8f3d07,54.83892,-114.09895,9.05646,4.48913,0.42667,-13.95899,1.90163,-6.22972,7.5055,,,,,,,,,,,,,,,,,,,,,,,,,,,,,,,,,,,,,,,,,,,,,,,,,,,High,High,High,,,,,