PitchNo,Date,Time,PAofInning,PitchofPA,Pitcher,PitcherId,PitcherThrows,PitcherTeam,Batter,BatterId,BatterSide,BatterTeam,PitcherSet,Inning,Top/Bottom,Outs,Balls,Strikes,TaggedPitchType,AutoPitchType,PitchCall,KorBB,TaggedHitType,PlayResult,OutsOnPlay,RunsScored,Notes,RelSpeed,VertRelAngle,HorzRelAngle,SpinRate,SpinAxis,Tilt,RelHeight,RelSide,Extension,VertBreak,InducedVertBreak,HorzBreak,PlateLocHeight,PlateLocSide,ZoneSpeed,VertApprAngle,HorzApprAngle,ZoneTime,ExitSpeed,Angle,Direction,HitSpinRate,PositionAt110X,PositionAt110Y,PositionAt110Z,Distance,LastTrackedDistance,Bearing,HangTime,pfxx,pfxz,x0,y0,z0,vx0,vy0,vz0,ax0,ay0,az0,HomeTeam,AwayTeam,Stadium,Level,League,GameID,PitchUID,EffectiveVelo,MaxHeight,MeasuredDuration,SpeedDrop,PitchLastMeasuredX,PitchLastMeasuredY,PitchLastMeasuredZ,ContactPositionX,ContactPositionY,ContactPositionZ,GameUID,UTCDate,UTCTime,LocalDateTime,UTCDateTime,AutoHitType,System,HomeTeamForeignID,AwayTeamForeignID,GameForeignID,Catcher,CatcherId,CatcherThrows,CatcherTeam,PlayID,PitchTrajectoryXc0,PitchTrajectoryXc1,PitchTrajectoryXc2,PitchTrajectoryYc0,PitchTrajectoryYc1,PitchTrajectoryYc2,PitchTrajectoryZc0,PitchTrajectoryZc1,PitchTrajectoryZc2,HitSpinAxis,HitTrajectoryXc0,HitTrajectoryXc1,HitTrajectoryXc2,HitTrajectoryXc3,HitTrajectoryXc4,HitTrajectoryXc5,HitTrajectoryXc6,HitTrajectoryXc7,HitTrajectoryXc8,HitTrajectoryYc0,HitTrajectoryYc1,HitTrajectoryYc2,HitTrajectoryYc3,HitTrajectoryYc4,HitTrajectoryYc5,HitTrajectoryYc6,HitTrajectoryYc7,HitTrajectoryYc8,HitTrajectoryZc0,HitTrajectoryZc1,HitTrajectoryZc2,HitTrajectoryZc3,HitTrajectoryZc4,HitTrajectoryZc5,HitTrajectoryZc6,HitTrajectoryZc7,HitTrajectoryZc8,ThrowSpeed,PopTime,ExchangeTime,TimeToBase,CatchPositionX,CatchPositionY,CatchPositionZ,ThrowPositionX,ThrowPositionY,ThrowPositionZ,BasePositionX,BasePositionY,BasePositionZ,ThrowTrajectoryXc0,ThrowTrajectoryXc1,ThrowTrajectoryXc2,ThrowTrajectoryYc0,ThrowTrajectoryYc1,ThrowTrajectoryYc2,ThrowTrajectoryZc0,ThrowTrajectoryZc1,ThrowTrajectoryZc2,PitchReleaseConfidence,PitchLocationConfidence,PitchMovementConfidence,HitLaunchConfidence,HitLandingConfidence,CatcherThrowCatchConfidence,CatcherThrowReleaseConfidence,CatcherThrowLocationConfidence
1,2025-10-08,15:31:14,1,1,"Preisel, Connor",1000213694,Left,MIA_RED,"Krupinski, Dom",702597,Left,MIA_RED,Undefined,1,Top,0,0,0,Slider,Slider,StrikeCalled,Undefined,Undefined,Undefined,0,0,NA,81.45045,0.951299,4.30767,2472.528919,55.087135,07:45:00,4.30198,-3.1577,5.6471,-43.00168,-1.21886,-3.20858,1.60842,0.60043,76.25727,-6.862176,3.736855,0.465233,NA,NA,NA,NA,NA,NA,NA,NA,NA,NA,NA,2.56862,-0.54386,2.79386,50,4.35486,-8.78646,-118.27071,0.51154,3.7199,17.8127,-32.96164,MIA_RED,MIA_RED,McKieFieldStad,TeamExclusive,Team,20251008-McKieFieldStad-Private-1,5aeffd30-a47d-11f0-802c-2fbfe65f043a,81.01847,NA,NA,5.19318,NA,NA,NA,NA,NA,NA,b79b2875-734e-4804-b678-a189f4c168b8,2025-10-08,19:31:14,2025-10-08T19:31:14Z,2025-10-08T19:31:14Z,NA,v3,471355,471355,NA,"Raether, Carson",1000338521,Right,MIA_RED,16de6fc9-b123-478c-bf7f-d9e29d17448b,54.85481,-118.99964,8.90635,4.30633,1.86041,-16.48082,3.15654,-8.93868,1.85995,NA,NA,NA,NA,NA,NA,NA,NA,NA,NA,NA,NA,NA,NA,NA,NA,NA,NA,NA,NA,NA,NA,NA,NA,NA,NA,NA,NA,78.30306,1.596392,0.76585,0.830542,0.87001,1.54205,-0.63612,-0.51838,5.5537,-3.55969,66.14554,5.55009,-58.62989,-0.50479,84.7448,-5.43678,5.56882,11.27865,-13.63423,-3.6104,-75.54825,11.2877,High,High,High,NA,NA,High,High,High
2,2025-10-08,15:31:49,1,2,"Preisel, Connor",1000213694,Left,MIA_RED,"Krupinski, Dom",702597,Left,MIA_RED,Undefined,1,Top,0,0,1,Fastball,Sinker,InPlay,Undefined,GroundBall,Error,0,1,NA,87.32331,0.697079,4.22314,2335.215215,109.437988,09:45:00,4.42439,-3.04769,5.92566,-30.50328,5.40319,-12.8065,2.53104,-0.18924,81.49506,-4.914753,1.931766,0.431279,91.68854,-5.781685,-15.125641,NA,NA,NA,NA,24.55514,23.49481,-15.084935,0.182913,7.5067,2.89335,2.717,50,4.46256,-8.8623,-126.86974,0.51469,12.52753,20.13769,-27.34548,MIA_RED,MIA_RED,McKieFieldStad,TeamExclusive,Team,20251008-McKieFieldStad-Private-1,701a89a0-a47d-11f0-802c-2fbfe65f043a,87.396960000000007,2.53245,NA,5.82825,NA,NA,NA,0.61563,2.53245,0.18083,b79b2875-734e-4804-b678-a189f4c168b8,2025-10-08,19:31:49,2025-10-08T19:31:49Z,2025-10-08T19:31:49Z,GroundBall,v3,471355,471355,NA,"Raether, Carson",1000338521,Right,MIA_RED,e8586d54-05ea-4fff-b7cb-0a65ab79bd8c,54.57599,-127.59401,10.06885,4.42636,1.49819,-13.67274,3.04384,-9.31286,6.26376,141.923983,0.61621,129.11534,-15.68054,NA,NA,NA,NA,NA,NA,2.53198,-13.51346,-1.78689,NA,NA,NA,NA,NA,NA,0.18124,-34.941160000000004,-5.40842,NA,NA,NA,NA,NA,NA,NA,NA,NA,NA,NA,NA,NA,NA,NA,NA,NA,NA,NA,NA,NA,NA,NA,NA,NA,NA,NA,NA,High,High,High,High,High,NA,NA,NA
3,2025-10-08,15:32:38,2,1,"Preisel, Connor",1000213694,Left,MIA_RED,"Rasmussen, Jamie",10272616,Right,MIA_RED,Undefined,1,Top,0,0,0,Fastball,Changeup,BallCalled,Undefined,Undefined,Undefined,0,0,NA,86.30822,-1.314662,5.105816,2176.625503,107.403872,09:30:00,4.33611,-3.03793,5.98587,-31.24545,5.78181,-15.22312,0.50879,0.43824,80.22795,-7.064164,2.381041,0.437958,NA,NA,NA,NA,NA,NA,NA,NA,NA,NA,NA,9.08658,3.57071,2.64282,50,4.21434,-10.59438,-125.15038,-3.914,14.64503,21.41869,-26.41905,MIA_RED,MIA_RED,McKieFieldStad,TeamExclusive,Team,20251008-McKieFieldStad-Private-1,8d3b0cd0-a47d-11f0-802c-2fbfe65f043a,86.06409,NA,NA,6.08027,NA,NA,NA,NA,NA,NA,b79b2875-734e-4804-b678-a189f4c168b8,2025-10-08,19:32:38,2025-10-08T19:32:38Z,2025-10-08T19:32:38Z,NA,v3,471355,471355,NA,"Raether, Carson",1000338521,Right,MIA_RED,22223d59-5c8f-4ce1-bd92-46127e800dea,54.51564,-125.92084,10.70935,4.33803,-2.96368,-13.20952,3.03338,-11.12118,7.32252,NA,NA,NA,NA,NA,NA,NA,NA,NA,NA,NA,NA,NA,NA,NA,NA,NA,NA,NA,NA,NA,NA,NA,NA,NA,NA,NA,NA,NA,NA,NA,NA,NA,NA,NA,NA,NA,NA,NA,NA,NA,NA,NA,NA,NA,NA,NA,NA,NA,NA,High,High,High,NA,NA,NA,NA,NA
4,2025-10-08,15:33:49,2,2,"Preisel, Connor",1000213694,Left,MIA_RED,"Rasmussen, Jamie",10272616,Right,MIA_RED,Undefined,1,Top,0,1,0,Fastball,Changeup,BallCalled,Undefined,Undefined,Undefined,0,0,NA,86.40925,-0.938669,5.931738,2340.868099,100.11333,09:15:00,4.31574,-3.21108,6.12331,-32.26561,4.8065,-20.7684,0.75447,0.56135,79.6661,-6.905198,2.211527,0.438223,NA,NA,NA,NA,NA,NA,NA,NA,NA,NA,NA,12.28642,3.03772,2.76672,50,4.22654,-12.19533,-125.10128,-3.10607,19.64669,23.10511,-27.31659,MIA_RED,MIA_RED,McKieFieldStad,TeamExclusive,Team,20251008-McKieFieldStad-Private-1,b73fbbc0-a47d-11f0-802c-2fbfe65f043a,86.01203,NA,NA,6.74315,NA,NA,NA,NA,NA,NA,b79b2875-734e-4804-b678-a189f4c168b8,2025-10-08,19:33:49,2025-10-08T19:33:49Z,2025-10-08T19:33:49Z,NA,v3,471355,471355,NA,"Raether, Carson",1000338521,Right,MIA_RED,757c5cc7-b3b2-48d7-b8b8-68bf39d80f26,54.37809,-125.90727,11.55255,4.31827,-2.15316,-13.6583,3.20409,-12.88068,9.82334,NA,NA,NA,NA,NA,NA,NA,NA,NA,NA,NA,NA,NA,NA,NA,NA,NA,NA,NA,NA,NA,NA,NA,NA,NA,NA,NA,NA,NA,NA,NA,NA,NA,NA,NA,NA,NA,NA,NA,NA,NA,NA,NA,NA,NA,NA,NA,NA,NA,NA,High,High,High,NA,NA,NA,NA,NA
5,2025-10-08,15:34:13,2,3,"Preisel, Connor",1000213694,Left,MIA_RED,"Rasmussen, Jamie",10272616,Right,MIA_RED,Undefined,1,Top,0,2,0,Cutter,Slider,BallCalled,Undefined,Undefined,Undefined,0,0,NA,82.26073,1.860279,1.847179,2513.672281,146.019439,10:45:00,4.27938,-3.21709,5.35016,-36.76439,5.10827,-2.62591,2.962,-1.70281,75.675,-4.870708,1.381089,0.465733,NA,NA,NA,NA,NA,NA,NA,NA,NA,NA,NA,1.79,2.4587,3.05277,50,4.4206,-3.7422,-119.40448,2.59058,2.60468,21.28811,-28.59628,MIA_RED,MIA_RED,McKieFieldStad,TeamExclusive,Team,20251008-McKieFieldStad-Private-1,c5817bb0-a47d-11f0-802c-2fbfe65f043a,80.93149,NA,NA,6.58573,NA,NA,NA,NA,NA,NA,b79b2875-734e-4804-b678-a189f4c168b8,2025-10-08,19:34:13,2025-10-08T19:34:13Z,2025-10-08T19:34:13Z,NA,v3,471355,471355,NA,"Raether, Carson",1000338521,Right,MIA_RED,38ef1409-e0f4-46b0-8651-593ae38e970b,55.14811,-120.31882,10.64405,4.28296,3.81881,-14.29814,3.2159,-3.85407,1.30234,NA,NA,NA,NA,NA,NA,NA,NA,NA,NA,NA,NA,NA,NA,NA,NA,NA,NA,NA,NA,NA,NA,NA,NA,NA,NA,NA,NA,NA,NA,NA,NA,NA,NA,NA,NA,NA,NA,NA,NA,NA,NA,NA,NA,NA,NA,NA,NA,NA,NA,High,High,High,NA,NA,NA,NA,NA
6,2025-10-08,15:34:34,2,4,"Preisel, Connor",1000213694,Left,MIA_RED,"Rasmussen, Jamie",10272616,Right,MIA_RED,Undefined,1,Top,0,3,0,Fastball,Changeup,BallCalled,Walk,Undefined,Undefined,0,0,NA,86.86929,-0.644984,4.413414,2359.866105,91.672225,09:00:00,4.3424,-2.97791,6.01242,-34.95813,1.43646,-15.99245,0.82993,-0.2141,80.85351,-7.06347,1.543908,0.4342,NA,NA,NA,NA,NA,NA,NA,NA,NA,NA,NA,9.3106,1.16004,2.6401,50,4.27217,-9.11394,-126.1444,-2.60612,15.25597,21.59038,-30.27327,MIA_RED,MIA_RED,McKieFieldStad,TeamExclusive,Team,20251008-McKieFieldStad-Private-1,d222d210-a47d-11f0-802c-2fbfe65f043a,86.80895,NA,NA,6.01578,NA,NA,NA,NA,NA,NA,b79b2875-734e-4804-b678-a189f4c168b8,2025-10-08,19:34:34,2025-10-08T19:34:34Z,2025-10-08T19:34:34Z,NA,v3,471355,471355,NA,"Raether, Carson",1000338521,Right,MIA_RED,79741231-294d-4ffb-bb01-139b2efc0a96,54.48961,-126.91049,10.79519,4.34559,-1.53193,-15.13663,2.9731,-9.65527,7.62799,NA,NA,NA,NA,NA,NA,NA,NA,NA,NA,NA,NA,NA,NA,NA,NA,NA,NA,NA,NA,NA,NA,NA,NA,NA,NA,NA,NA,NA,NA,NA,NA,NA,NA,NA,NA,NA,NA,NA,NA,NA,NA,NA,NA,NA,NA,NA,NA,NA,NA,High,High,High,NA,NA,NA,NA,NA
7,2025-10-08,15:35:46,3,1,"Preisel, Connor",1000213694,Left,MIA_RED,"Harrison, Tommy",811731,Left,MIA_RED,Undefined,1,Top,1,0,0,Cutter,Slider,InPlay,Undefined,Bunt,Out,1,0,NA,80.08549,2.521208,3.379258,2514.523306,183.833178,12:15:00,4.23336,-3.18031,5.39246,-39.83345,4.8354799999999996,0.22898,3.28239,0.00943,72.98103,-4.788996,3.419814,0.481032,36.18247,-77.841898,-66.057839,NA,NA,NA,NA,3.14142,3.14142,-10.936871,0.064235,0.84933,2.08599,2.87821,50,4.43079,-6.85612,-115.9581,3.77503,1.15348,22.20189,-29.34112,MIA_RED,MIA_RED,McKieFieldStad,TeamExclusive,Team,20251008-McKieFieldStad-Private-1,fd32af70-a47d-11f0-802c-2fbfe65f043a,78.3574,3.39497,NA,7.10446,NA,NA,NA,2.78754,3.39497,0.07248,b79b2875-734e-4804-b678-a189f4c168b8,2025-10-08,19:35:46,2025-10-08T19:35:46Z,2025-10-08T19:35:46Z,GroundBall,v3,471355,471355,NA,"Raether, Carson",1000338521,Right,MIA_RED,b4037259-ddf9-49ec-8e2c-6063f4fce6dd,55.10592,-116.93161,11.10095,4.23706,5.06159,-14.67056,3.17995,-6.9067,0.57674,NA,2.78666,4.62087,NA,NA,NA,NA,NA,NA,NA,3.40505,-52.85253,NA,NA,NA,NA,NA,NA,NA,0.07446,-10.40691,NA,NA,NA,NA,NA,NA,NA,NA,NA,NA,NA,NA,NA,NA,NA,NA,NA,NA,NA,NA,NA,NA,NA,NA,NA,NA,NA,NA,NA,High,High,High,Estimated,Estimated,NA,NA,NA
8,2025-10-08,15:36:33,4,1,"Preisel, Connor",1000213694,Left,MIA_RED,"Vrlak, Jake",1000131822,Right,MIA_RED,Undefined,1,Top,2,0,0,Curveball,Slider,BallCalled,Undefined,Undefined,Undefined,0,0,NA,82.55886,0.134472,6.259289,2577.308838,71.711587,08:30:00,4.26918,-3.26854,5.47372,-43.66806,-1.97579,-9.63284,0.75677,1.80935,76.34834,-7.777659,4.558444,0.464728,NA,NA,NA,NA,NA,NA,NA,NA,NA,NA,NA,6.43937,-0.66201,2.72341,50,4.25102,-12.69834,-119.33847,-1.26786,9.37384,20.9389,-33.13775,MIA_RED,MIA_RED,McKieFieldStad,TeamExclusive,Team,20251008-McKieFieldStad-Private-1,1913adc0-a47e-11f0-802c-2fbfe65f043a,81.1064,NA,NA,6.21052,NA,NA,NA,NA,NA,NA,b79b2875-734e-4804-b678-a189f4c168b8,2025-10-08,19:36:33,2025-10-08T19:36:33Z,2025-10-08T19:36:33Z,NA,v3,471355,471355,NA,"Raether, Carson",1000338521,Right,MIA_RED,16df0072-ca32-401e-8763-bf177d047809,55.02664,-120.2172,10.46945,4.27505,0.12281,-16.56888,3.26457,-13.09173,4.68692,NA,NA,NA,NA,NA,NA,NA,NA,NA,NA,NA,NA,NA,NA,NA,NA,NA,NA,NA,NA,NA,NA,NA,NA,NA,NA,NA,NA,NA,NA,NA,NA,NA,NA,NA,NA,NA,NA,NA,NA,NA,NA,NA,NA,NA,NA,NA,NA,NA,NA,High,High,High,NA,NA,NA,NA,NA
9,2025-10-08,15:37:44,4,2,"Preisel, Connor",1000213694,Left,MIA_RED,"Vrlak, Jake",1000131822,Right,MIA_RED,Undefined,1,Top,2,1,0,Cutter,Slider,StrikeSwinging,Undefined,Undefined,Undefined,0,0,NA,80.8626,1.286526,3.05976,2514.047942,165.448817,11:30:00,4.25157,-3.24448,5.23245,-42.18994,2.09772,-0.15421,1.94697,-0.3785,73.42945,-6.423782,3.03248,0.478975,NA,NA,NA,NA,NA,NA,NA,NA,NA,NA,NA,1.00598,1.12429,2.96273,50,4.33895,-6.25126,-117.06874,1.13461,1.3838,23.91495,-30.62748,MIA_RED,MIA_RED,McKieFieldStad,TeamExclusive,Team,20251008-McKieFieldStad-Private-1,433b7510-a47e-11f0-802c-2fbfe65f043a,78.69396,NA,NA,7.43315,NA,NA,NA,NA,NA,NA,b79b2875-734e-4804-b678-a189f4c168b8,2025-10-08,19:37:44,2025-10-08T19:37:44Z,2025-10-08T19:37:44Z,NA,v3,471355,471355,NA,"Raether, Carson",1000338521,Right,MIA_RED,a954923e-3a32-4d15-9bb0-fa732bb97650,55.26348,-118.13907,11.95747,4.25749,2.50537,-15.31374,3.24389,-6.31319,0.6919,NA,NA,NA,NA,NA,NA,NA,NA,NA,NA,NA,NA,NA,NA,NA,NA,NA,NA,NA,NA,NA,NA,NA,NA,NA,NA,NA,NA,NA,NA,NA,NA,NA,NA,NA,NA,NA,NA,NA,NA,NA,NA,NA,NA,NA,NA,NA,NA,NA,NA,High,High,High,NA,NA,NA,NA,NA
10,2025-10-08,15:38:08,4,3,"Preisel, Connor",1000213694,Left,MIA_RED,"Vrlak, Jake",1000131822,Right,MIA_RED,Undefined,1,Top,2,1,1,Fastball,Changeup,BallCalled,Undefined,Undefined,Undefined,0,0,NA,86.68596,3.035004,2.821556,2485.292031,99.641801,09:15:00,4.736,-3.10432,5.30648,-34.14923,3.88351,-16.02454,4.74527,-1.78901,79.10219,-3.222392,-0.016783,0.443864,NA,NA,NA,NA,NA,NA,NA,NA,NA,NA,NA,8.73646,1.49654,2.86005,50,4.98728,-5.47367,-125.58802,5.39081,14.00381,24.56924,-29.7752,MIA_RED,MIA_RED,McKieFieldStad,TeamExclusive,Team,20251008-McKieFieldStad-Private-1,516cba40-a47e-11f0-802c-2fbfe65f043a,84.91881,NA,NA,7.58377,NA,NA,NA,NA,NA,NA,b79b2875-734e-4804-b678-a189f4c168b8,2025-10-08,19:38:08,2025-10-08T19:38:08Z,2025-10-08T19:38:08Z,NA,v3,471355,471355,NA,"Raether, Carson",1000338521,Right,MIA_RED,c33dabe4-dc99-4443-9cdc-bff90e95e054,55.19186,-126.59965,12.28462,4.74007,6.61679,-14.8876,3.0973,-6.05027,7.00191,NA,NA,NA,NA,NA,NA,NA,NA,NA,NA,NA,NA,NA,NA,NA,NA,NA,NA,NA,NA,NA,NA,NA,NA,NA,NA,NA,NA,NA,NA,NA,NA,NA,NA,NA,NA,NA,NA,NA,NA,NA,NA,NA,NA,NA,NA,NA,NA,NA,NA,High,High,High,NA,NA,NA,NA,NA
11,2025-10-08,15:38:50,4,4,"Preisel, Connor",1000213694,Left,MIA_RED,"Vrlak, Jake",1000131822,Right,MIA_RED,Undefined,1,Top,2,2,1,Cutter,Slider,StrikeSwinging,Undefined,Undefined,Undefined,0,0,NA,80.92164,0.283266,3.769364,2580.801199,138.285038,10:30:00,4.30224,-3.3559,5.36864,-38.93455,3.24134,-2.11914,1.32386,0.00676,76.74055,-6.74091,3.393918,0.467416,NA,NA,NA,NA,NA,NA,NA,NA,NA,NA,NA,1.73969,1.83528,3.01905,50,4.29929,-7.67274,-117.69935,-0.77015,2.5301,14.62539,-29.5049,MIA_RED,MIA_RED,McKieFieldStad,TeamExclusive,Team,20251008-McKieFieldStad-Private-1,6ab75640-a47e-11f0-802c-2fbfe65f043a,80.64006,NA,NA,4.18109,NA,NA,NA,NA,NA,NA,b79b2875-734e-4804-b678-a189f4c168b8,2025-10-08,19:38:50,2025-10-08T19:38:50Z,2025-10-08T19:38:50Z,NA,v3,471355,471355,NA,"Raether, Carson",1000338521,Right,MIA_RED,84cdb4a2-8a4a-41d2-9cd5-1bba52e44e82,55.13379,-118.33555,7.3127,4.30488,0.51332,-14.75245,3.35521,-7.7828,1.26505,NA,NA,NA,NA,NA,NA,NA,NA,NA,NA,NA,NA,NA,NA,NA,NA,NA,NA,NA,NA,NA,NA,NA,NA,NA,NA,NA,NA,NA,NA,NA,NA,NA,NA,NA,NA,NA,NA,NA,NA,NA,NA,NA,NA,NA,NA,NA,NA,NA,NA,High,High,High,NA,NA,NA,NA,NA
12,2025-10-08,15:39:15,4,5,"Preisel, Connor",1000213694,Left,MIA_RED,"Vrlak, Jake",1000131822,Right,MIA_RED,Undefined,1,Top,2,2,2,Cutter,Slider,BallCalled,Undefined,Undefined,Undefined,0,0,NA,81.9881,-0.124909,5.24937,2619.150669,63.413504,08:00:00,4.1917,-3.15359,5.4803,-40.80451,0.29642,-1.09197,0.67396,1.68076,77.83301,-7.468938,5.056162,0.461421,NA,NA,NA,NA,NA,NA,NA,NA,NA,NA,NA,1.49736,0.38394,2.69267,50,4.15201,-10.89461,-119.03139,-1.67663,2.22509,15.17205,-31.60349,MIA_RED,MIA_RED,McKieFieldStad,TeamExclusive,Team,20251008-McKieFieldStad-Private-1,79e41270-a47e-11f0-802c-2fbfe65f043a,81.68776,NA,NA,4.15509,NA,NA,NA,NA,NA,NA,b79b2875-734e-4804-b678-a189f4c168b8,2025-10-08,19:39:15,2025-10-08T19:39:15Z,2025-10-08T19:39:15Z,NA,v3,471355,471355,NA,"Raether, Carson",1000338521,Right,MIA_RED,5b6a5436-cbec-42db-b16c-8c123076564b,55.02285,-119.6699,7.58603,4.19458,-0.34661,-15.80175,3.15314,-10.98825,1.11255,NA,NA,NA,NA,NA,NA,NA,NA,NA,NA,NA,NA,NA,NA,NA,NA,NA,NA,NA,NA,NA,NA,NA,NA,NA,NA,NA,NA,NA,NA,NA,NA,NA,NA,NA,NA,NA,NA,NA,NA,NA,NA,NA,NA,NA,NA,NA,NA,NA,NA,High,High,High,NA,NA,NA,NA,NA
13,2025-10-08,15:39:45,4,6,"Preisel, Connor",1000213694,Left,MIA_RED,"Vrlak, Jake",1000131822,Right,MIA_RED,Undefined,1,Top,2,3,2,Cutter,Curveball,BallCalled,Walk,Undefined,Undefined,0,0,NA,83.53161,-0.288966,5.394841,2542.613512,45.061787,07:30:00,4.26689,-3.20093,5.55509,-45.49353,-5.25847,-6.338,0.20456,1.32649,77.92684,-8.510423,4.270515,0.456535,NA,NA,NA,NA,NA,NA,NA,NA,NA,NA,NA,4.50902,-2.34051,2.73782,50,4.21103,-11.18099,-121.04432,-2.22822,6.79161,20.25515,-35.69939,MIA_RED,MIA_RED,McKieFieldStad,TeamExclusive,Team,20251008-McKieFieldStad-Private-1,8bb847f0-a47e-11f0-802c-2fbfe65f043a,82.56204,NA,NA,5.60477,NA,NA,NA,NA,NA,NA,b79b2875-734e-4804-b678-a189f4c168b8,2025-10-08,19:39:45,2025-10-08T19:39:45Z,2025-10-08T19:39:45Z,NA,v3,471355,471355,NA,"Raether, Carson",1000338521,Right,MIA_RED,05debb44-61c8-4987-af3a-4f47fd1802f9,54.94723,-121.86936,10.12758,4.27218,-0.77409,-17.84969,3.19888,-11.45763,3.39581,NA,NA,NA,NA,NA,NA,NA,NA,NA,NA,NA,NA,NA,NA,NA,NA,NA,NA,NA,NA,NA,NA,NA,NA,NA,NA,NA,NA,NA,NA,NA,NA,NA,NA,NA,NA,NA,NA,NA,NA,NA,NA,NA,NA,NA,NA,NA,NA,NA,NA,High,High,High,NA,NA,NA,NA,NA
14,2025-10-08,15:40:19,5,1,"Preisel, Connor",1000213694,Left,MIA_RED,"Dierks, Marcus",10322729,Left,MIA_RED,Undefined,1,Top,2,0,0,Cutter,Slider,StrikeCalled,Undefined,Undefined,Undefined,0,0,NA,82.16129,1.532941,3.462774,2602.985323,83.255061,08:45:00,4.2672,-3.08441,5.26425,-41.16309,0.90969,-2.27823,2.27999,-0.01731,75.93035,-5.944242,3.059865,0.466845,NA,NA,NA,NA,NA,NA,NA,NA,NA,NA,NA,1.99602,0.43587,2.76901,50,4.37712,-7.11648,-119.17,1.70936,2.90198,20.5381,-31.54037,MIA_RED,MIA_RED,McKieFieldStad,TeamExclusive,Team,20251008-McKieFieldStad-Private-1,9f773670-a47e-11f0-802c-2fbfe65f043a,80.73874,NA,NA,6.23093,NA,NA,NA,NA,NA,NA,b79b2875-734e-4804-b678-a189f4c168b8,2025-10-08,19:40:19,2025-10-08T19:40:19Z,2025-10-08T19:40:19Z,NA,v3,471355,471355,NA,"Raether, Carson",1000338521,Right,MIA_RED,76d02640-0d0e-452e-9134-9cf5f22a1ee6,55.2352,-120.06886,10.26905,4.2721,3.08974,-15.77018,3.08324,-7.24349,1.45099,NA,NA,NA,NA,NA,NA,NA,NA,NA,NA,NA,NA,NA,NA,NA,NA,NA,NA,NA,NA,NA,NA,NA,NA,NA,NA,NA,NA,NA,NA,NA,NA,NA,NA,NA,NA,NA,NA,NA,NA,NA,NA,NA,NA,NA,NA,NA,NA,NA,NA,High,High,High,NA,NA,NA,NA,NA
15,2025-10-08,15:40:35,5,2,"Preisel, Connor",1000213694,Left,MIA_RED,"Dierks, Marcus",10322729,Left,MIA_RED,Undefined,1,Top,2,0,1,Cutter,Slider,StrikeCalled,Undefined,Undefined,Undefined,0,0,NA,82.97961,1.082497,2.807537,2536.505725,120.479241,10:00:00,4.16117,-3.24373,5.60986,-38.27215,1.84106,-1.50858,1.98355,-0.74683,77.73342,-5.890293,2.538668,0.455843,NA,NA,NA,NA,NA,NA,NA,NA,NA,NA,NA,1.35221,1.00595,3.00465,50,4.22861,-5.85865,-120.67943,0.95918,2.04379,17.99774,-30.65363,MIA_RED,MIA_RED,McKieFieldStad,TeamExclusive,Team,20251008-McKieFieldStad-Private-1,a97afe90-a47e-11f0-802c-2fbfe65f043a,82.68734,NA,NA,5.24619,NA,NA,NA,NA,NA,NA,b79b2875-734e-4804-b678-a189f4c168b8,2025-10-08,19:40:35,2025-10-08T19:40:35Z,2025-10-08T19:40:35Z,NA,v3,471355,471355,NA,"Raether, Carson",1000338521,Right,MIA_RED,1a42d587-b20e-4f7a-a10f-357830b248ec,54.8912,-121.40669,8.99887,4.16482,2.19785,-15.32681,3.24306,-5.94124,1.0219,NA,NA,NA,NA,NA,NA,NA,NA,NA,NA,NA,NA,NA,NA,NA,NA,NA,NA,NA,NA,NA,NA,NA,NA,NA,NA,NA,NA,NA,NA,NA,NA,NA,NA,NA,NA,NA,NA,NA,NA,NA,NA,NA,NA,NA,NA,NA,NA,NA,NA,High,High,High,NA,NA,NA,NA,NA
16,2025-10-08,15:40:55,5,3,"Preisel, Connor",1000213694,Left,MIA_RED,"Dierks, Marcus",10322729,Left,MIA_RED,Undefined,1,Top,2,0,2,Fastball,Sinker,FoulBallNotFieldable,Undefined,Undefined,Undefined,0,0,NA,89.80454,0.109007,3.50042,2456.276588,90.88117,09:00:00,4.43093,-3.09548,5.66314,-33.32199,1.15799,-15.10414,1.75593,-1.0861,83.35052,-5.984217,0.804931,0.422625,NA,NA,NA,NA,NA,NA,NA,NA,NA,NA,NA,8.52182,0.83583,2.80915,50,4.41875,-7.33638,-130.47159,-0.98868,14.92251,23.36827,-30.71042,MIA_RED,MIA_RED,McKieFieldStad,TeamExclusive,Team,20251008-McKieFieldStad-Private-1,b5479fd0-a47e-11f0-802c-2fbfe65f043a,89.18655,NA,NA,6.45403,NA,NA,NA,NA,NA,NA,b79b2875-734e-4804-b678-a189f4c168b8,2025-10-08,19:40:55,2025-10-08T19:40:55Z,2025-10-08T19:40:55Z,NA,v3,471355,471355,NA,"Raether, Carson",1000338521,Right,MIA_RED,36467e02-7579-40c3-a3b1-2be61e48f0e6,54.83825,-131.33529,11.68414,4.43432,0.14638,-15.35521,3.09049,-7.88792,7.46126,NA,NA,NA,NA,NA,NA,NA,NA,NA,NA,NA,NA,NA,NA,NA,NA,NA,NA,NA,NA,NA,NA,NA,NA,NA,NA,NA,NA,NA,NA,NA,NA,NA,NA,NA,NA,NA,NA,NA,NA,NA,NA,NA,NA,NA,NA,NA,NA,NA,NA,High,High,High,NA,NA,NA,NA,NA
17,2025-10-08,15:41:20,5,4,"Preisel, Connor",1000213694,Left,MIA_RED,"Dierks, Marcus",10322729,Left,MIA_RED,Undefined,1,Top,2,0,2,Cutter,Sinker,StrikeCalled,Strikeout,Undefined,Undefined,0,0,NA,88.13492,0.622195,5.67568,2356.046579,101.563072,09:30:00,4.35106,-3.00021,6.23233,-31.43187,3.59209,-13.24202,2.30858,1.14943,82.12186,-5.178499,3.301334,0.425945,NA,NA,NA,NA,NA,NA,NA,NA,NA,NA,NA,8.11894,2.00276,2.58204,50,4.38183,-12.19253,-127.80783,0.36663,13.73235,20.76628,-28.7866,MIA_RED,MIA_RED,McKieFieldStad,TeamExclusive,Team,20251008-McKieFieldStad-Private-1,c4048330-a47e-11f0-802c-2fbfe65f043a,88.49125,NA,NA,6.01306,NA,NA,NA,NA,NA,NA,b79b2875-734e-4804-b678-a189f4c168b8,2025-10-08,19:41:20,2025-10-08T19:41:20Z,2025-10-08T19:41:20Z,NA,v3,471355,471355,NA,"Raether, Carson",1000338521,Right,MIA_RED,33bddc70-411e-4a5d-977a-d263c03825a9,54.26928,-128.49963,10.38314,4.35364,1.32562,-14.3933,2.99584,-12.65,6.86617,NA,NA,NA,NA,NA,NA,NA,NA,NA,NA,NA,NA,NA,NA,NA,NA,NA,NA,NA,NA,NA,NA,NA,NA,NA,NA,NA,NA,NA,NA,NA,NA,NA,NA,NA,NA,NA,NA,NA,NA,NA,NA,NA,NA,NA,NA,NA,NA,NA,NA,High,High,High,NA,NA,NA,NA,NA
18,2025-10-08,15:44:30,1,1,"Novak, Cameron",10108396,Right,MIA_RED,"Cruz, Diego",1000178634,Left,MIA_RED,Undefined,1,Bottom,0,0,0,Fastball,Changeup,BallCalled,Undefined,Undefined,Undefined,0,0,NA,85.67084,-4.265525,-2.581156,1845.006763,213.37684,01:00:00,6.29371,0.81493,6.03088,-21.83214,15.49989,9.56288,0.51299,-0.78003,80.20085,-8.301171,-0.860624,0.439756,NA,NA,NA,NA,NA,NA,NA,NA,NA,NA,NA,-5.52311,9.25831,-0.61848,50,5.94754,5.23947,-124.30251,-9.94368,-8.82529,19.94345,-17.38032,MIA_RED,MIA_RED,McKieFieldStad,TeamExclusive,Team,20251008-McKieFieldStad-Private-1,352d52d0-a47f-11f0-802c-2fbfe65f043a,85.71208,NA,NA,5.46999,NA,NA,NA,NA,NA,NA,b79b2875-734e-4804-b678-a189f4c168b8,2025-10-08,19:44:30,2025-10-08T19:44:30Z,2025-10-08T19:44:30Z,NA,v3,471355,471355,NA,"Buffington, Matthew",825106,Right,MIA_RED,be3964bf-4bba-4727-82d1-6cec1b5e15b5,54.46948,-125.01754,9.97173,6.29288,-9.32054,-8.69016,-0.81201,5.55589,-4.41264,NA,NA,NA,NA,NA,NA,NA,NA,NA,NA,NA,NA,NA,NA,NA,NA,NA,NA,NA,NA,NA,NA,NA,NA,NA,NA,NA,NA,NA,NA,NA,NA,NA,NA,NA,NA,NA,NA,NA,NA,NA,NA,NA,NA,NA,NA,NA,NA,NA,NA,High,High,High,NA,NA,NA,NA,NA
19,2025-10-08,15:45:00,1,2,"Novak, Cameron",10108396,Right,MIA_RED,"Cruz, Diego",1000178634,Left,MIA_RED,Undefined,1,Bottom,0,1,0,ChangeUp,Changeup,FoulBallNotFieldable,Undefined,Undefined,Undefined,0,0,NA,81.00092,-1.534724,-0.727965,1471.395516,218.493105,01:15:00,6.34699,0.81984,6.01801,-27.69852,14.43761,10.47138,2.61677,1.01813,74.68855,-6.701802,1.157441,0.467196,NA,NA,NA,NA,NA,NA,NA,NA,NA,NA,NA,-5.63418,8.23402,-0.7687,50,6.21156,1.11448,-117.74674,-3.96146,-7.94644,21.38819,-20.56074,MIA_RED,MIA_RED,McKieFieldStad,TeamExclusive,Team,20251008-McKieFieldStad-Private-1,4774bc80-a47f-11f0-802c-2fbfe65f043a,80.67808,NA,NA,6.31237,NA,NA,NA,NA,NA,NA,b79b2875-734e-4804-b678-a189f4c168b8,2025-10-08,19:45:00,2025-10-08T19:45:00Z,2025-10-08T19:45:00Z,NA,v3,471355,471355,NA,"Buffington, Matthew",825106,Right,MIA_RED,00ce335d-1d72-40eb-bf6a-92c1fdade7bf,54.48117,-118.55793,10.69409,6.34701,-3.18165,-10.28037,-0.81669,1.41587,-3.97322,NA,NA,NA,NA,NA,NA,NA,NA,NA,NA,NA,NA,NA,NA,NA,NA,NA,NA,NA,NA,NA,NA,NA,NA,NA,NA,NA,NA,NA,NA,NA,NA,NA,NA,NA,NA,NA,NA,NA,NA,NA,NA,NA,NA,NA,NA,NA,NA,NA,NA,High,High,High,NA,NA,NA,NA,NA
20,2025-10-08,15:45:27,1,3,"Novak, Cameron",10108396,Right,MIA_RED,"Cruz, Diego",1000178634,Left,MIA_RED,Undefined,1,Bottom,0,1,1,ChangeUp,Changeup,InPlay,Undefined,FlyBall,Double,0,1,NA,80.32605,-0.833123,-1.41802,1528.345612,216.896292,01:15:00,6.26892,0.81039,5.76376,-29.25171,13.56524,9.31969,3.0556,0.26701,74.73869,-6.239335,0.251197,0.470955,94.15042,26.277212,20.414124,1389.934821,101.4416,47.61575,42.5393,356.00974,354.96384,29.174948,4.351856,-5.13823,7.47863,-0.69897,50,6.18199,2.54874,-116.85059,-2.59809,-7.21804,18.71219,-21.66832,MIA_RED,MIA_RED,McKieFieldStad,TeamExclusive,Team,20251008-McKieFieldStad-Private-1,5723ef20-a47f-11f0-802c-2fbfe65f043a,80.03408,62.38928,NA,5.58735,NA,NA,NA,2.88615,3.22559,-0.28574,b79b2875-734e-4804-b678-a189f4c168b8,2025-10-08,19:45:27,2025-10-08T19:45:27Z,2025-10-08T19:45:27Z,FlyBall,v3,471355,471355,NA,"Buffington, Matthew",825106,Right,MIA_RED,04a35d42-e5d7-4747-830f-d29647a1846f,54.73657,-117.60665,9.3561,6.26928,-1.72259,-10.83416,-0.80784,2.84039,-3.60902,221.662697,2.88725,116.01879,-20.53675,4.45196,-0.76735,0.08633,-0.01187,0.00251,-2.2e-4,3.22543,61.13141,-17.33803,0.86585,0.0015,-0.06125,0.02883,-0.00535,3.5e-4,-0.28501,43.16929,0.93917,-1.30886,0.45183,-0.09787,0.01299,-6.7e-4,-1e-5,NA,NA,NA,NA,NA,NA,NA,NA,NA,NA,NA,NA,NA,NA,NA,NA,NA,NA,NA,NA,NA,NA,High,High,High,High,Medium,NA,NA,NA
21,2025-10-08,15:46:13,2,1,"Novak, Cameron",10108396,Right,MIA_RED,"Gonzalez Rivera, Ignacio",10124440,Right,MIA_RED,Undefined,1,Bottom,0,0,0,Slider,Slider,StrikeCalled,Undefined,Undefined,Undefined,0,0,NA,78.12286,0.342713,0.420775,2250.271208,100.765006,09:15:00,6.45456,0.82363,5.27518,-42.6938,3.74406,-12.66827,3.21865,0.16315,72.31149,-7.424115,-1.829764,0.490464,NA,NA,NA,NA,NA,NA,NA,NA,NA,NA,NA,6.45107,2.20571,-0.85241,50,6.45441,-0.33263,-113.52739,-0.77424,8.48827,19.18746,-29.27177,MIA_RED,MIA_RED,McKieFieldStad,TeamExclusive,Team,20251008-McKieFieldStad-Private-1,72d997b0-a47f-11f0-802c-2fbfe65f043a,76.85051,NA,NA,5.81137,NA,NA,NA,NA,NA,NA,b79b2875-734e-4804-b678-a189f4c168b8,2025-10-08,19:46:13,2025-10-08T19:46:13Z,2025-10-08T19:46:13Z,NA,v3,471355,471355,NA,"Buffington, Matthew",825106,Right,MIA_RED,43725122-1cf1-4e40-90f4-bf978b61eb90,55.224,-114.4069,9.59373,6.45915,0.56751,-14.63589,-0.82824,-0.72171,4.24414,NA,NA,NA,NA,NA,NA,NA,NA,NA,NA,NA,NA,NA,NA,NA,NA,NA,NA,NA,NA,NA,NA,NA,NA,NA,NA,NA,NA,NA,NA,NA,NA,NA,NA,NA,NA,NA,NA,NA,NA,NA,NA,NA,NA,NA,NA,NA,NA,NA,NA,High,High,High,NA,NA,NA,NA,NA
22,2025-10-08,15:46:33,2,2,"Novak, Cameron",10108396,Right,MIA_RED,"Gonzalez Rivera, Ignacio",10124440,Right,MIA_RED,Undefined,1,Bottom,0,0,1,Slider,Slider,FoulBallNotFieldable,Undefined,Undefined,Undefined,0,0,NA,77.31974,0.487295,0.056359,2173.576416,95.486966,09:15:00,6.39557,1.0486,5.31935,-44.65195,2.60067,-13.2432,3.1319,-0.00211,71.72983,-7.629204,-2.298124,0.494748,78.98111,33.509897,42.473393,4073.485527,73.4517,58.90531,81.88256,293.45498,202.19227,56.497793,4.686106,6.6989,1.55878,-1.04364,50,6.40708,0.3965,-112.40459,-0.53726,8.65111,18.58333,-30.16102,MIA_RED,MIA_RED,McKieFieldStad,TeamExclusive,Team,20251008-McKieFieldStad-Private-1,7ef4ce20-a47f-11f0-802c-2fbfe65f043a,76.18509,66.90929,NA,5.58991,NA,NA,NA,0.29621,2.86698,0.23909,b79b2875-734e-4804-b678-a189f4c168b8,2025-10-08,19:46:33,2025-10-08T19:46:33Z,2025-10-08T19:46:33Z,FlyBall,v3,471355,471355,NA,"Buffington, Matthew",825106,Right,MIA_RED,0e540fe3-80a6-413a-bc22-d7250a628a2c,55.1811,-113.25792,9.29166,6.39995,0.8477,-15.08051,-1.05273,-7.5e-4,4.32555,NA,0.29423,71.28359,-17.46641,4.75731,-1.31769,0.32833,-0.07233,0.01111,-7.3e-4,2.86805,63.93746,-18.2834,1.3449,-0.18738,0.05684,-0.01065,8.9e-4,-4e-5,0.2421,65.14788,-3.32071,-0.98341,0.91511,-0.40907,0.10539,-0.01373,7e-4,NA,NA,NA,NA,NA,NA,NA,NA,NA,NA,NA,NA,NA,NA,NA,NA,NA,NA,NA,NA,NA,NA,High,High,High,High,Medium,NA,NA,NA
23,2025-10-08,15:47:18,2,3,"Novak, Cameron",10108396,Right,MIA_RED,"Gonzalez Rivera, Ignacio",10124440,Right,MIA_RED,Undefined,1,Bottom,0,0,2,Curveball,Curveball,StrikeCalled,Strikeout,Undefined,Undefined,0,0,NA,74.31011,1.187173,0.443252,2459.445172,34.265886,07:15:00,6.39579,0.63773,5.15469,-65.3863,-13.25501,-10.14654,2.06466,0.20944,68.50721,-10.591104,-1.359517,0.519662,NA,NA,NA,NA,NA,NA,NA,NA,NA,NA,NA,5.18862,-6.46418,-0.671,50,6.45608,-0.44551,-107.91025,-0.00224,6.08823,19.63407,-39.75902,MIA_RED,MIA_RED,McKieFieldStad,TeamExclusive,Team,20251008-McKieFieldStad-Private-1,999906b0-a47f-11f0-802c-2fbfe65f043a,72.53264,NA,NA,5.80291,NA,NA,NA,NA,NA,NA,b79b2875-734e-4804-b678-a189f4c168b8,2025-10-08,19:47:18,2025-10-08T19:47:18Z,2025-10-08T19:47:18Z,NA,v3,471355,471355,NA,"Buffington, Matthew",825106,Right,MIA_RED,4f7a73d3-550b-4f6c-a1e6-277f3df7839a,55.3477,-108.87891,9.81704,6.4078,1.95929,-19.87951,-0.64161,-0.74588,3.04412,NA,NA,NA,NA,NA,NA,NA,NA,NA,NA,NA,NA,NA,NA,NA,NA,NA,NA,NA,NA,NA,NA,NA,NA,NA,NA,NA,NA,NA,NA,NA,NA,NA,NA,NA,NA,NA,NA,NA,NA,NA,NA,NA,NA,NA,NA,NA,NA,NA,NA,High,High,High,NA,NA,NA,NA,NA
24,2025-10-08,15:47:52,3,1,"Novak, Cameron",10108396,Right,MIA_RED,"Appelwick, Evan",695485,Right,MIA_RED,Undefined,1,Bottom,1,0,0,Fastball,Four-Seam,StrikeCalled,Undefined,Undefined,Undefined,0,0,NA,86.17239,-2.368867,-1.64095,2068.941655,188.331423,12:15:00,6.4566,0.78176,5.96121,-18.07658,19.41662,2.6702,2.75153,-0.51772,79.01312,-5.796455,-1.161262,0.440705,NA,NA,NA,NA,NA,NA,NA,NA,NA,NA,NA,-1.80945,10.96056,-0.65302,50,6.25832,3.4739,-125.06537,-5.67766,-2.87281,24.65265,-14.77227,MIA_RED,MIA_RED,McKieFieldStad,TeamExclusive,Team,20251008-McKieFieldStad-Private-1,ad6f9be0-a47f-11f0-802c-2fbfe65f043a,85.52763,NA,NA,7.15928,NA,NA,NA,NA,NA,NA,b79b2875-734e-4804-b678-a189f4c168b8,2025-10-08,19:47:52,2025-10-08T19:47:52Z,2025-10-08T19:47:52Z,NA,v3,471355,471355,NA,"Buffington, Matthew",825106,Right,MIA_RED,7e05ce64-d182-4b15-9929-91a25b9e1127,54.53493,-125.95611,12.32632,6.45383,-5.14391,-7.38614,-0.78041,3.5777,-1.4364,NA,NA,NA,NA,NA,NA,NA,NA,NA,NA,NA,NA,NA,NA,NA,NA,NA,NA,NA,NA,NA,NA,NA,NA,NA,NA,NA,NA,NA,NA,NA,NA,NA,NA,NA,NA,NA,NA,NA,NA,NA,NA,NA,NA,NA,NA,NA,NA,NA,NA,High,High,High,NA,NA,NA,NA,NA
25,2025-10-08,15:48:47,3,2,"Novak, Cameron",10108396,Right,MIA_RED,"Appelwick, Evan",695485,Right,MIA_RED,Undefined,1,Bottom,1,0,1,Fastball,Four-Seam,BallCalled,Undefined,Undefined,Undefined,0,0,NA,87.41787,-3.380657,-2.213254,2007.701752,190.39336,12:15:00,6.44932,0.49345,6.00403,-16.80198,19.48639,3.37162,1.91097,-1.2772,80.56364,-6.557924,-1.607375,0.433566,NA,NA,NA,NA,NA,NA,NA,NA,NA,NA,NA,-2.30823,11.24847,-0.32132,50,6.17389,4.76523,-126.80705,-7.96614,-3.78464,24.23615,-13.73072,MIA_RED,MIA_RED,McKieFieldStad,TeamExclusive,Team,20251008-McKieFieldStad-Private-1,ced569e0-a47f-11f0-802c-2fbfe65f043a,86.93586,NA,NA,6.85423,NA,NA,NA,NA,NA,NA,b79b2875-734e-4804-b678-a189f4c168b8,2025-10-08,19:48:47,2025-10-08T19:48:47Z,2025-10-08T19:48:47Z,NA,v3,471355,471355,NA,"Buffington, Matthew",825106,Right,MIA_RED,df4e48c1-678a-4a10-9640-79f6ea5dbde5,54.49388,-127.66306,12.11807,6.44669,-7.48118,-6.86536,-0.49198,4.8989,-1.89232,NA,NA,NA,NA,NA,NA,NA,NA,NA,NA,NA,NA,NA,NA,NA,NA,NA,NA,NA,NA,NA,NA,NA,NA,NA,NA,NA,NA,75.6284,1.632341,0.72448,0.907861,-0.55029,1.68237,1.33201,-1.2645,4.13972,1.54582,64.93082,5.20289,-59.84335,-1.25736,76.90357,-4.41055,4.18334,16.10679,-16.54555,1.48412,-77.13833,10.61637,High,High,High,NA,NA,High,High,High
26,2025-10-08,15:49:19,3,3,"Novak, Cameron",10108396,Right,MIA_RED,"Appelwick, Evan",695485,Right,MIA_RED,Undefined,1,Bottom,1,1,1,Curveball,Curveball,InPlay,Undefined,FlyBall,Out,1,0,NA,74.42255,1.422643,0.144949,2437.375293,30.68297,07:00:00,6.42431,0.76326,5.09798,-66.60842,-14.58351,-9.61233,2.21448,0.09882,68.67982,-10.557374,-1.561187,0.519131,92.9581,39.036244,-1.561713,3947.372248,NA,NA,NA,NA,226.92339,NA,NA,4.85343,-7.27815,-0.76896,50,6.50554,0.09273,-108.08471,0.39586,5.71969,19.50346,-40.75123,MIA_RED,MIA_RED,McKieFieldStad,TeamExclusive,Team,20251008-McKieFieldStad-Private-1,e1e0e6e0-a47f-11f0-802c-2fbfe65f043a,72.60677,71.57759,NA,5.74274,NA,NA,NA,1.91573,2.74263,-0.02963,b79b2875-734e-4804-b678-a189f4c168b8,2025-10-08,19:49:19,2025-10-08T19:49:19Z,2025-10-08T19:49:19Z,NA,v3,471355,471355,NA,"Buffington, Matthew",825106,Right,MIA_RED,c8f3cd87-f295-4b0f-80c2-12f571cb9e46,55.40528,-109.05571,9.75173,6.43533,2.4247,-20.375610000000002,-0.76649,-0.19203,2.85984,202.445101,1.91573,105.86118,-23.47593,6.0597,-2.06369,2.19497,-2.35235,1.35851,-0.31567,2.74262,85.86752,-19.09338,0.88349,0.83357,-2.28995,2.76117,-1.63281,0.38268,-0.02963,-2.88617,7.26505,-2.48805,1.26244,-1.77994,2.00072,-1.16778,0.27248,NA,NA,NA,NA,NA,NA,NA,NA,NA,NA,NA,NA,NA,NA,NA,NA,NA,NA,NA,NA,NA,NA,High,High,High,Medium,Undefined,NA,NA,NA
27,2025-10-08,15:50:02,4,1,"Novak, Cameron",10108396,Right,MIA_RED,"Novak, Ryan",10035937,Left,MIA_RED,Undefined,1,Bottom,2,0,0,Fastball,Four-Seam,BallCalled,Undefined,Undefined,Undefined,0,0,NA,86.51287,-2.183015,0.139232,1870.28685,197.410675,12:30:00,6.38263,0.752,5.85509,-18.60926,18.49221,5.45437,2.80261,1.33589,79.78105,-5.685483,1.117807,0.438397,NA,NA,NA,NA,NA,NA,NA,NA,NA,NA,NA,-2.74917,10.35544,-0.76646,50,6.19441,-0.52922,-125.68914,-5.33756,-4.43427,23.49805,-15.47129,MIA_RED,MIA_RED,McKieFieldStad,TeamExclusive,Team,20251008-McKieFieldStad-Private-1,fb1c1990-a47f-11f0-802c-2fbfe65f043a,85.97795,NA,NA,6.73182,NA,NA,NA,NA,NA,NA,b79b2875-734e-4804-b678-a189f4c168b8,2025-10-08,19:50:02,2025-10-08T19:50:02Z,2025-10-08T19:50:02Z,NA,v3,471355,471355,NA,"Buffington, Matthew",825106,Right,MIA_RED,4cb67d9f-634f-48df-91b8-bac3c4e95fbd,54.64223,-126.55405,11.74903,6.38039,-4.7681,-7.73565,-0.74998,-0.36601,-2.21713,NA,NA,NA,NA,NA,NA,NA,NA,NA,NA,NA,NA,NA,NA,NA,NA,NA,NA,NA,NA,NA,NA,NA,NA,NA,NA,NA,NA,NA,NA,NA,NA,NA,NA,NA,NA,NA,NA,NA,NA,NA,NA,NA,NA,NA,NA,NA,NA,NA,NA,High,High,High,NA,NA,NA,NA,NA
28,2025-10-08,15:50:18,4,2,"Novak, Cameron",10108396,Right,MIA_RED,"Novak, Ryan",10035937,Left,MIA_RED,Undefined,1,Bottom,2,1,0,Curveball,Curveball,StrikeCalled,Undefined,Undefined,Undefined,0,0,NA,73.70771,1.881704,0.819968,2294.317469,37.420481,07:15:00,6.42885,0.67819,5.19787,-64.23566,-12.073,-10.3193,2.84659,0.58954,68.74073,-9.679899,-1.012958,0.519818,NA,NA,NA,NA,NA,NA,NA,NA,NA,NA,NA,5.36193,-6.06248,-0.74603,50,6.55401,-1.14721,-107.17402,1.35649,6.30398,16.64519,-39.30163,MIA_RED,MIA_RED,McKieFieldStad,TeamExclusive,Team,20251008-McKieFieldStad-Private-1,04a29b60-a480-11f0-802c-2fbfe65f043a,72.51086,NA,NA,4.96698,NA,NA,NA,NA,NA,NA,b79b2875-734e-4804-b678-a189f4c168b8,2025-10-08,19:50:18,2025-10-08T19:50:18Z,2025-10-08T19:50:18Z,NA,v3,471355,471355,NA,"Buffington, Matthew",825106,Right,MIA_RED,3ca49753-0351-4078-bfe6-12a6910980a0,55.30619,-107.99498,8.32259,6.4393,3.29489,-19.65082,-0.68178,-1.45813,3.15199,NA,NA,NA,NA,NA,NA,NA,NA,NA,NA,NA,NA,NA,NA,NA,NA,NA,NA,NA,NA,NA,NA,NA,NA,NA,NA,NA,NA,NA,NA,NA,NA,NA,NA,NA,NA,NA,NA,NA,NA,NA,NA,NA,NA,NA,NA,NA,NA,NA,NA,High,High,High,NA,NA,NA,NA,NA
29,2025-10-08,15:50:35,4,3,"Novak, Cameron",10108396,Right,MIA_RED,"Novak, Ryan",10035937,Left,MIA_RED,Undefined,1,Bottom,2,1,1,ChangeUp,Changeup,StrikeSwinging,Undefined,Undefined,Undefined,0,0,NA,81.17378,-1.004116,-1.560936,1714.600134,222.624471,01:30:00,6.33131,0.67712,6.00048,-27.7819,14.13245,11.86524,3.08533,0.21922,74.88705,-6.187729,0.573623,0.465965,NA,NA,NA,NA,NA,NA,NA,NA,NA,NA,NA,-6.48965,7.91697,-0.56072,50,6.23698,2.76617,-117.98298,-2.88505,-9.21518,20.89034,-20.9321,MIA_RED,MIA_RED,McKieFieldStad,TeamExclusive,Team,20251008-McKieFieldStad-Private-1,0eee9010-a480-11f0-802c-2fbfe65f043a,80.89121,NA,NA,6.28672,NA,NA,NA,NA,NA,NA,b79b2875-734e-4804-b678-a189f4c168b8,2025-10-08,19:50:35,2025-10-08T19:50:35Z,2025-10-08T19:50:35Z,NA,v3,471355,471355,NA,"Buffington, Matthew",825106,Right,MIA_RED,e374d1f6-4a75-4b63-96f7-8cd1efb12e47,54.4972,-118.7766,10.44517,6.33148,-2.08985,-10.46605,-0.67245,3.11625,-4.60759,NA,NA,NA,NA,NA,NA,NA,NA,NA,NA,NA,NA,NA,NA,NA,NA,NA,NA,NA,NA,NA,NA,NA,NA,NA,NA,NA,NA,NA,NA,NA,NA,NA,NA,NA,NA,NA,NA,NA,NA,NA,NA,NA,NA,NA,NA,NA,NA,NA,NA,High,High,High,NA,NA,NA,NA,NA
30,2025-10-08,15:50:55,4,4,"Novak, Cameron",10108396,Right,MIA_RED,"Novak, Ryan",10035937,Left,MIA_RED,Undefined,1,Bottom,2,1,2,Curveball,Curveball,BallCalled,Undefined,Undefined,Undefined,0,1,NA,75.05385,-0.466424,-1.217026,2326.05043,33.777922,07:15:00,6.31697,0.63381,5.16162,-63.27858,-12.04146,-9.14587,0.60464,-1.27399,69.36642,-11.821731,-2.843956,0.515186,NA,NA,NA,NA,NA,NA,NA,NA,NA,NA,NA,4.20378,-5.38418,-0.51302,50,6.22478,2.66644,-108.94618,-3.06386,5.0137,20.51228,-38.59552,MIA_RED,MIA_RED,McKieFieldStad,TeamExclusive,Team,20251008-McKieFieldStad-Private-1,1b22f3d0-a480-11f0-802c-2fbfe65f043a,73.16282,NA,NA,5.68743,NA,NA,NA,NA,NA,NA,b79b2875-734e-4804-b678-a189f4c168b8,2025-10-08,19:50:55,2025-10-08T19:50:55Z,2025-10-08T19:50:55Z,NA,v3,471355,471355,NA,"Buffington, Matthew",825106,Right,MIA_RED,abc07b0b-4f40-4a64-9196-4f3d0d5efc4b,55.33995,-109.94698,10.25614,6.32833,-1.18077,-19.29776,-0.63715,2.42182,2.50685,NA,NA,NA,NA,NA,NA,NA,NA,NA,NA,NA,NA,NA,NA,NA,NA,NA,NA,NA,NA,NA,NA,NA,NA,NA,NA,NA,NA,NA,NA,NA,NA,NA,NA,NA,NA,NA,NA,NA,NA,NA,NA,NA,NA,NA,NA,NA,NA,NA,NA,High,High,High,NA,NA,NA,NA,NA
31,2025-10-08,15:51:40,4,5,"Novak, Cameron",10108396,Right,MIA_RED,"Novak, Ryan",10035937,Left,MIA_RED,Undefined,1,Bottom,2,2,2,Slider,Slider,BallCalled,Undefined,Undefined,Undefined,0,0,NA,78.38524,-0.791006,1.764955,2327.522819,77.128338,08:30:00,6.32015,0.69721,5.36641,-47.69656,-1.48095,-12.57678,1.60337,1.30455,72.52204,-9.43544,-0.475918,0.48929,NA,NA,NA,NA,NA,NA,NA,NA,NA,NA,NA,6.81272,-0.12032,-0.8463,50,6.21509,-3.01688,-113.83862,-3.2032,8.9661,20.32778,-32.33242,MIA_RED,MIA_RED,McKieFieldStad,TeamExclusive,Team,20251008-McKieFieldStad-Private-1,35d36160-a480-11f0-802c-2fbfe65f043a,77.03504,NA,NA,5.8632,NA,NA,NA,NA,NA,NA,b79b2875-734e-4804-b678-a189f4c168b8,2025-10-08,19:51:40,2025-10-08T19:51:40Z,2025-10-08T19:51:40Z,NA,v3,471355,471355,NA,"Buffington, Matthew",825106,Right,MIA_RED,09cb1e03-b2e3-4b2f-af11-f9e1fba6df49,55.13371,-114.75167,10.16389,6.32635,-1.75094,-16.16621,-0.70175,-3.4196,4.48305,NA,NA,NA,NA,NA,NA,NA,NA,NA,NA,NA,NA,NA,NA,NA,NA,NA,NA,NA,NA,NA,NA,NA,NA,NA,NA,NA,NA,NA,NA,NA,NA,NA,NA,NA,NA,NA,NA,NA,NA,NA,NA,NA,NA,NA,NA,NA,NA,NA,NA,High,High,High,NA,NA,NA,NA,NA
32,2025-10-08,15:52:01,4,6,"Novak, Cameron",10108396,Right,MIA_RED,"Novak, Ryan",10035937,Left,MIA_RED,Undefined,1,Bottom,2,3,2,Slider,Slider,BallCalled,Walk,Undefined,Undefined,0,0,NA,79.10946,-2.297087,-0.219622,2342.893984,81.398129,08:45:00,6.25854,0.96681,5.20407,-45.41298,0.21953,-7.49973,0.31261,0.13528,73.50908,-10.468686,-1.553521,0.486193,NA,NA,NA,NA,NA,NA,NA,NA,NA,NA,NA,3.7352,1.05587,-0.94048,50,6.01118,0.73318,-114.84646,-6.18726,5.00805,20.49831,-30.75838,MIA_RED,MIA_RED,McKieFieldStad,TeamExclusive,Team,20251008-McKieFieldStad-Private-1,42305bc0-a480-11f0-802c-2fbfe65f043a,77.52569,NA,NA,5.60037,NA,NA,NA,NA,NA,NA,b79b2875-734e-4804-b678-a189f4c168b8,2025-10-08,19:52:01,2025-10-08T19:52:01Z,2025-10-08T19:52:01Z,NA,v3,471355,471355,NA,"Buffington, Matthew",825106,Right,MIA_RED,67f189bc-8370-42ec-b72a-cb6d4d6512fc,55.29651,-115.78795,10.24915,6.26292,-4.77453,-15.37919,-0.96887,0.50316,2.50403,NA,NA,NA,NA,NA,NA,NA,NA,NA,NA,NA,NA,NA,NA,NA,NA,NA,NA,NA,NA,NA,NA,NA,NA,NA,NA,NA,NA,NA,NA,NA,NA,NA,NA,NA,NA,NA,NA,NA,NA,NA,NA,NA,NA,NA,NA,NA,NA,NA,NA,High,High,High,NA,NA,NA,NA,NA
33,2025-10-08,15:52:35,5,1,"Novak, Cameron",10108396,Right,MIA_RED,"Phillips, Drew",1000194003,Right,MIA_RED,Undefined,1,Bottom,2,0,0,Fastball,Four-Seam,BallCalled,Undefined,Undefined,Undefined,0,0,NA,86.42675,-0.891685,-0.642765,1817.337499,189.085918,12:15:00,6.41309,0.59064,5.90977,-17.80269,19.41206,2.92213,4.10179,0.23754,79.2357,-4.275754,-0.118145,0.439065,NA,NA,NA,NA,NA,NA,NA,NA,NA,NA,NA,-1.66272,10.52221,-0.54071,50,6.3313,1.28859,-125.57898,-2.4532,-2.66552,24.50314,-15.30582,MIA_RED,MIA_RED,McKieFieldStad,TeamExclusive,Team,20251008-McKieFieldStad-Private-1,56698350-a480-11f0-802c-2fbfe65f043a,85.84703,NA,NA,7.19105,NA,NA,NA,NA,NA,NA,b79b2875-734e-4804-b678-a189f4c168b8,2025-10-08,19:52:35,2025-10-08T19:52:35Z,2025-10-08T19:52:35Z,NA,v3,471355,471355,NA,"Buffington, Matthew",825106,Right,MIA_RED,4201b758-2c7b-4f73-8752-34929d7bfacb,54.5866,-126.47076,12.25157,6.41045,-1.89615,-7.65291,-0.58937,1.3856,-1.33276,NA,NA,NA,NA,NA,NA,NA,NA,NA,NA,NA,NA,NA,NA,NA,NA,NA,NA,NA,NA,NA,NA,NA,NA,NA,NA,NA,NA,NA,NA,NA,NA,NA,NA,NA,NA,NA,NA,NA,NA,NA,NA,NA,NA,NA,NA,NA,NA,NA,NA,High,High,High,NA,NA,NA,NA,NA
34,2025-10-08,15:52:54,5,2,"Novak, Cameron",10108396,Right,MIA_RED,"Phillips, Drew",1000194003,Right,MIA_RED,Undefined,1,Bottom,2,1,0,Fastball,Four-Seam,InPlay,Undefined,LineDrive,Single,0,0,NA,86.92161,-3.417895,-1.799459,1949.469934,199.465714,12:45:00,6.32373,0.68952,5.90505,-16.60942,20.28135,6.76319,1.76167,-0.41775,79.95335,-6.563142,-0.585682,0.43715,91.62752,9.280412,-15.713188,1770.338734,103.72587,5.35601,-36.61886,141.92326,137.77156,-20.6452,1.220235,-3.96351,11.67591,-0.54896,50,6.03939,3.69034,-126.08911,-8.00194,-6.4115,24.4811,-13.28662,MIA_RED,MIA_RED,McKieFieldStad,TeamExclusive,Team,20251008-McKieFieldStad-Private-1,61d0fa20-a480-11f0-802c-2fbfe65f043a,86.22316,7.61403,NA,6.96826,NA,NA,NA,1.15281,1.70928,0.42938,b79b2875-734e-4804-b678-a189f4c168b8,2025-10-08,19:52:54,2025-10-08T19:52:54Z,2025-10-08T19:52:54Z,LineDrive,v3,471355,471355,NA,"Buffington, Matthew",825106,Right,MIA_RED,323a29fb-1dce-4582-b7ab-e42aa2c22edf,54.59355,-126.97785,12.24055,6.32113,-7.51959,-6.64331,-0.68716,3.9231,-3.20575,84.134698,1.15281,127.67143,-20.11039,4.01368,-0.79977,0.12966,-0.02095,0.0028,-2.1e-4,1.70928,21.67208,-20.83204,1.87875,-0.29092,0.03825,-0.00257,1.3e-4,-1e-5,0.42938,-35.91853,-7.28323,3.25442,-1.02493,0.27121,-0.06431,0.01219,-0.00128,NA,NA,NA,NA,NA,NA,NA,NA,NA,NA,NA,NA,NA,NA,NA,NA,NA,NA,NA,NA,NA,NA,High,High,High,High,High,NA,NA,NA
35,2025-10-08,15:53:40,6,1,"Novak, Cameron",10108396,Right,MIA_RED,"Raether, Carson",1000338521,Left,MIA_RED,Undefined,1,Bottom,2,0,0,ChangeUp,Changeup,BallCalled,Undefined,Undefined,Undefined,0,0,NA,80.41997,-0.681722,-0.302246,1560.560855,243.455303,02:00:00,6.28794,0.76955,5.61227,-33.87281,10.023,17.13391,2.82888,1.91527,73.38158,-6.946343,2.759666,0.476851,NA,NA,NA,NA,NA,NA,NA,NA,NA,NA,NA,-8.71634,5.73677,-0.75473,50,6.20817,-0.07328,-116.71601,-2.47624,-11.94201,23.35998,-24.31424,MIA_RED,MIA_RED,McKieFieldStad,TeamExclusive,Team,20251008-McKieFieldStad-Private-1,7d2dad40-a480-11f0-802c-2fbfe65f043a,79.04443,NA,NA,7.03839,NA,NA,NA,NA,NA,NA,b79b2875-734e-4804-b678-a189f4c168b8,2025-10-08,19:53:40,2025-10-08T19:53:40Z,2025-10-08T19:53:40Z,NA,v3,471355,471355,NA,"Buffington, Matthew",825106,Right,MIA_RED,ea3ab234-3e74-47ac-9896-6dc32f8d33b2,54.88389,-117.68943,11.67999,6.29025,-1.46306,-12.15712,-0.76205,0.42435,-5.971,NA,NA,NA,NA,NA,NA,NA,NA,NA,NA,NA,NA,NA,NA,NA,NA,NA,NA,NA,NA,NA,NA,NA,NA,NA,NA,NA,NA,NA,NA,NA,NA,NA,NA,NA,NA,NA,NA,NA,NA,NA,NA,NA,NA,NA,NA,NA,NA,NA,NA,High,High,High,NA,NA,NA,NA,NA
36,2025-10-08,15:53:58,6,2,"Novak, Cameron",10108396,Right,MIA_RED,"Raether, Carson",1000338521,Left,MIA_RED,Undefined,1,Bottom,2,1,0,Fastball,Changeup,BallCalled,Undefined,Undefined,Undefined,0,0,NA,85.50279,-3.573991,-0.798808,1817.473027,197.615398,12:30:00,6.28208,0.94329,5.76252,-19.00218,19.21769,5.73516,1.36753,0.6777,78.94724,-7.130538,0.228574,0.444955,NA,NA,NA,NA,NA,NA,NA,NA,NA,NA,NA,-3.13606,11.08197,-0.88071,50,5.97431,1.49781,-124.05312,-8.31325,-4.92602,22.95997,-14.76688,MIA_RED,MIA_RED,McKieFieldStad,TeamExclusive,Team,20251008-McKieFieldStad-Private-1,881ff410-a480-11f0-802c-2fbfe65f043a,84.71069,NA,NA,6.55556,NA,NA,NA,NA,NA,NA,b79b2875-734e-4804-b678-a189f4c168b8,2025-10-08,19:53:58,2025-10-08T19:53:58Z,2025-10-08T19:53:58Z,NA,v3,471355,471355,NA,"Buffington, Matthew",825106,Right,MIA_RED,8ee9147f-21a9-4567-8be2-60cf859ef071,54.73556,-124.92651,11.47999,6.27986,-7.75152,-7.38344,-0.94125,1.68519,-2.46301,NA,NA,NA,NA,NA,NA,NA,NA,NA,NA,NA,NA,NA,NA,NA,NA,NA,NA,NA,NA,NA,NA,NA,NA,NA,NA,NA,NA,NA,NA,NA,NA,NA,NA,NA,NA,NA,NA,NA,NA,NA,NA,NA,NA,NA,NA,NA,NA,NA,NA,High,High,High,NA,NA,NA,NA,NA
37,2025-10-08,15:54:19,6,3,"Novak, Cameron",10108396,Right,MIA_RED,"Raether, Carson",1000338521,Left,MIA_RED,Undefined,1,Bottom,2,2,0,Fastball,Changeup,StrikeCalled,Undefined,Undefined,Undefined,0,0,NA,85.25569,-1.347951,-1.25155,1757.245349,195.3609,12:30:00,6.36251,0.78422,5.8691700000000004,-21.2795,17.07859,4.36492,3.33662,-0.01474,78.2002,-5.352425,-0.468458,0.445759,NA,NA,NA,NA,NA,NA,NA,NA,NA,NA,NA,-2.56752,9.46512,-0.68545,50,6.24102,2.52848,-123.82673,-3.54651,-3.99805,24.04944,-17.43526,MIA_RED,MIA_RED,McKieFieldStad,TeamExclusive,Team,20251008-McKieFieldStad-Private-1,94118270-a480-11f0-802c-2fbfe65f043a,84.55791,NA,NA,7.05549,NA,NA,NA,NA,NA,NA,b79b2875-734e-4804-b678-a189f4c168b8,2025-10-08,19:54:19,2025-10-08T19:54:19Z,2025-10-08T19:54:19Z,NA,v3,471355,471355,NA,"Buffington, Matthew",825106,Right,MIA_RED,c2603d3c-c40a-41d0-a4da-84cc09784ab4,54.6276,-124.72226,12.02472,6.36099,-2.89727,-8.71763,-0.78237,2.67736,-1.99902,NA,NA,NA,NA,NA,NA,NA,NA,NA,NA,NA,NA,NA,NA,NA,NA,NA,NA,NA,NA,NA,NA,NA,NA,NA,NA,NA,NA,NA,NA,NA,NA,NA,NA,NA,NA,NA,NA,NA,NA,NA,NA,NA,NA,NA,NA,NA,NA,NA,NA,High,High,High,NA,NA,NA,NA,NA
38,2025-10-08,15:54:37,6,4,"Novak, Cameron",10108396,Right,MIA_RED,"Raether, Carson",1000338521,Left,MIA_RED,Undefined,1,Bottom,2,2,1,Fastball,Four-Seam,BallCalled,Undefined,Undefined,Undefined,0,0,NA,87.11124,-4.376623,-0.203974,1965.526808,196.646425,12:30:00,6.36092,0.65641,5.94611,-16.15017,20.58245,5.80996,0.94774,0.95138,80.20435,-7.429114,0.840333,0.436212,NA,NA,NA,NA,NA,NA,NA,NA,NA,NA,NA,-3.06032,12.11764,-0.64354,50,6.00294,0.21891,-126.28895,-10.11513,-4.96374,24.67891,-12.51964,MIA_RED,MIA_RED,McKieFieldStad,TeamExclusive,Team,20251008-McKieFieldStad-Private-1,9f0501c0-a480-11f0-802c-2fbfe65f043a,86.40859,NA,NA,6.90688,NA,NA,NA,NA,NA,NA,b79b2875-734e-4804-b678-a189f4c168b8,2025-10-08,19:54:37,2025-10-08T19:54:37Z,2025-10-08T19:54:37Z,NA,v3,471355,471355,NA,"Buffington, Matthew",825106,Right,MIA_RED,260a14d0-f189-44b7-bc9f-6f0925a00ae5,54.55268,-127.1755,12.33946,6.35824,-9.66538,-6.25982,-0.65461,0.39723,-2.48187,NA,NA,NA,NA,NA,NA,NA,NA,NA,NA,NA,NA,NA,NA,NA,NA,NA,NA,NA,NA,NA,NA,NA,NA,NA,NA,NA,NA,80.12352,NA,1.063475,NA,2.30565,1.06319,-0.93848,-0.35351,5.583,0.68251,NA,NA,NA,-0.25468,115.89596,-10.40965,5.58423,6.57436,-10.62323,0.6382,-6.11964,3.56323,High,High,High,NA,NA,High,High,Medium
39,2025-10-08,15:55:14,6,5,"Novak, Cameron",10108396,Right,MIA_RED,"Raether, Carson",1000338521,Left,MIA_RED,Undefined,1,Bottom,2,3,1,Fastball,Changeup,BallCalled,Walk,Undefined,Undefined,0,0,NA,84.94225,-1.290871,0.31211,1780.442704,196.125253,12:30:00,6.32422,0.83801,5.78163,-20.86198,18.10493,4.86638,3.38449,1.53392,77.50364,-5.22963,1.183869,0.449282,NA,NA,NA,NA,NA,NA,NA,NA,NA,NA,NA,-2.38402,9.97615,-0.86666,50,6.20531,-0.87217,-123.30839,-3.39235,-3.66056,25.14192,-16.85594,MIA_RED,MIA_RED,McKieFieldStad,TeamExclusive,Team,20251008-McKieFieldStad-Private-1,b57135f0-a480-11f0-802c-2fbfe65f043a,83.89478,NA,NA,7.4386,NA,NA,NA,NA,NA,NA,b79b2875-734e-4804-b678-a189f4c168b8,2025-10-08,19:55:14,2025-10-08T19:55:14Z,2025-10-08T19:55:14Z,NA,v3,471355,471355,NA,"Buffington, Matthew",825106,Right,MIA_RED,0cdc5865-de07-4af0-86cd-e2271fc8e7a2,54.71407,-124.26585,12.57096,6.32227,-2.75044,-8.42797,-0.8361,-0.73277,-1.83028,NA,NA,NA,NA,NA,NA,NA,NA,NA,NA,NA,NA,NA,NA,NA,NA,NA,NA,NA,NA,NA,NA,NA,NA,NA,NA,NA,NA,NA,NA,NA,NA,NA,NA,NA,NA,NA,NA,NA,NA,NA,NA,NA,NA,NA,NA,NA,NA,NA,NA,High,High,High,NA,NA,NA,NA,NA
40,2025-10-08,15:57:41,1,1,"Preisel, Connor",1000213694,Left,MIA_RED,"Krupinski, Dom",702597,Left,MIA_RED,Undefined,2,Top,0,0,0,Fastball,Changeup,StrikeCalled,Undefined,Undefined,Undefined,0,0,NA,85.87069,0.099646,5.345641,2252.612529,105.077511,09:30:00,4.319,-3.04114,6.0325,-31.51828,5.67213,-17.46367,1.78515,0.46808,79.92025,-5.709622,2.220645,0.438921,NA,NA,NA,NA,NA,NA,NA,NA,NA,NA,NA,10.2076,3.1963,2.6322,50,4.3094,-10.98049,-124.55936,-0.81329,16.37177,20.11827,-27.04757,MIA_RED,MIA_RED,McKieFieldStad,TeamExclusive,Team,20251008-McKieFieldStad-Private-1,0ce44bb0-a481-11f0-802c-2fbfe65f043a,85.87516,NA,NA,5.95044,NA,NA,NA,NA,NA,NA,b79b2875-734e-4804-b678-a189f4c168b8,2025-10-08,19:57:41,2025-10-08T19:57:41Z,2025-10-08T19:57:41Z,NA,v3,471355,471355,NA,"Raether, Carson",1000338521,Right,MIA_RED,90f9cdb0-7ead-4fd0-9ec6-f6fd9c8bb338,54.46924,-125.27914,10.05913,4.32119,0.15439,-13.52379,3.03553,-11.56622,8.18588,NA,NA,NA,NA,NA,NA,NA,NA,NA,NA,NA,NA,NA,NA,NA,NA,NA,NA,NA,NA,NA,NA,NA,NA,NA,NA,NA,NA,78.4615,1.5574,0.749466,0.807935,0.38915,1.68124,-0.50739,-0.28833,5.68966,-4.15882,64.42887,5.68278,-60.34648,-0.28134,83.16912,-3.81828,5.69484,9.72513,-12.06453,-4.20003,-78.10906,10.72718,High,High,High,NA,NA,High,High,High
41,2025-10-08,15:58:07,1,2,"Preisel, Connor",1000213694,Left,MIA_RED,"Krupinski, Dom",702597,Left,MIA_RED,Undefined,2,Top,0,0,1,Cutter,Slider,StrikeSwinging,Undefined,Undefined,Undefined,0,0,NA,81.1593,1.053818,3.577279,2587.482854,163.56941,11:30:00,4.29981,-3.00268,5.37695,-33.14584,9.77508,-2.52709,2.5276,0.14462,74.95524,-5.023969,3.129683,0.471526,NA,NA,NA,NA,NA,NA,NA,NA,NA,NA,NA,2.14437,5.03103,2.6839,50,4.3709,-7.25635,-117.71187,1.05225,3.04423,19.87227,-25.03177,MIA_RED,MIA_RED,McKieFieldStad,TeamExclusive,Team,20251008-McKieFieldStad-Private-1,1c60ae80-a481-11f0-802c-2fbfe65f043a,79.93708,NA,NA,6.20405,NA,NA,NA,NA,NA,NA,b79b2875-734e-4804-b678-a189f4c168b8,2025-10-08,19:58:07,2025-10-08T19:58:07Z,2025-10-08T19:58:07Z,NA,v3,471355,471355,NA,"Raether, Carson",1000338521,Right,MIA_RED,25ec5b37-fc8c-4ff1-be2a-de0880a714a0,55.12097,-118.57325,9.93614,4.30177,2.13727,-12.51589,3.00129,-7.3883,1.52212,NA,NA,NA,NA,NA,NA,NA,NA,NA,NA,NA,NA,NA,NA,NA,NA,NA,NA,NA,NA,NA,NA,NA,NA,NA,NA,NA,NA,NA,NA,NA,NA,NA,NA,NA,NA,NA,NA,NA,NA,NA,NA,NA,NA,NA,NA,NA,NA,NA,NA,High,High,High,NA,NA,NA,NA,NA
42,2025-10-08,15:58:30,1,3,"Preisel, Connor",1000213694,Left,MIA_RED,"Krupinski, Dom",702597,Left,MIA_RED,Undefined,2,Top,0,0,2,Cutter,Slider,InPlay,Undefined,Popup,Out,1,0,NA,81.51128,0.954368,3.666729,2439.956105,131.275577,10:30:00,4.23842,-2.98628,5.45819,-37.86215,4.44146,-3.75012,1.97847,0.13808,75.5809,-5.954492,3.001204,0.468123,69.61785,72.928111,-44.018882,5240.04629,NA,NA,NA,87.69972,33.71426,-69.072756,5.227994,2.78193,2.33197,2.66553,50,4.29633,-7.43365,-118.30001,0.68076,3.99735,19.61896,-28.82329,MIA_RED,MIA_RED,McKieFieldStad,TeamExclusive,Team,20251008-McKieFieldStad-Private-1,29f628e0-a481-11f0-802c-2fbfe65f043a,80.51823,113.95793,NA,5.93038,NA,NA,NA,2.19639,1.12612,-0.0912,b79b2875-734e-4804-b678-a189f4c168b8,2025-10-08,19:58:30,2025-10-08T19:58:30Z,2025-10-08T19:58:30Z,Popup,v3,471355,471355,NA,"Raether, Carson",1000338521,Right,MIA_RED,5b5ca1e3-44fc-4737-a308-bffa900aff84,55.04211,-119.13326,9.80948,4.24142,1.90494,-14.41164,2.98486,-7.60343,1.99868,NA,2.18274,21.79924,-12.1237,5.01587,-1.60629,0.37566,-0.05281,0.00352,-6e-5,1.11242,97.88317,-26.88158,4.5805,-1.89232,0.66972,-0.14843,0.0173,-8.1e-4,-0.0953,-20.74653,1.74501,0.22521,-0.41476,0.18754,-0.04363,0.00517,-2.5e-4,NA,NA,NA,NA,NA,NA,NA,NA,NA,NA,NA,NA,NA,NA,NA,NA,NA,NA,NA,NA,NA,NA,High,High,High,Medium,Low,NA,NA,NA
43,2025-10-08,15:59:07,2,1,"Preisel, Connor",1000213694,Left,MIA_RED,"Buffington, Matthew",825106,Right,MIA_RED,Undefined,2,Top,1,0,0,Fastball,Changeup,BallCalled,Undefined,Undefined,Undefined,0,0,NA,86.96584,-0.302759,4.82931,2282.712948,98.291882,09:15:00,4.38076,-2.93801,5.9684,-32.97073,3.36256,-16.54867,1.3515,0.17096,80.98037,-6.360562,1.866441,0.433834,NA,NA,NA,NA,NA,NA,NA,NA,NA,NA,NA,9.61615,2.08516,2.56404,50,4.33801,-10.01082,-126.22705,-1.78762,15.81912,20.96818,-28.74381,MIA_RED,MIA_RED,McKieFieldStad,TeamExclusive,Team,20251008-McKieFieldStad-Private-1,40492fc0-a481-11f0-802c-2fbfe65f043a,86.88215,NA,NA,5.98547,NA,NA,NA,NA,NA,NA,b79b2875-734e-4804-b678-a189f4c168b8,2025-10-08,19:59:07,2025-10-08T19:59:07Z,2025-10-08T19:59:07Z,NA,v3,471355,471355,NA,"Raether, Carson",1000338521,Right,MIA_RED,b7221f98-5945-4143-94ce-59b8962a4105,54.53335,-126.97787,10.48409,4.38359,-0.75838,-14.37191,2.93265,-10.57727,7.90956,NA,NA,NA,NA,NA,NA,NA,NA,NA,NA,NA,NA,NA,NA,NA,NA,NA,NA,NA,NA,NA,NA,NA,NA,NA,NA,NA,NA,NA,NA,NA,NA,NA,NA,NA,NA,NA,NA,NA,NA,NA,NA,NA,NA,NA,NA,NA,NA,NA,NA,High,High,High,NA,NA,NA,NA,NA
44,2025-10-08,15:59:26,2,2,"Preisel, Connor",1000213694,Left,MIA_RED,"Buffington, Matthew",825106,Right,MIA_RED,Undefined,2,Top,1,1,0,Fastball,Changeup,StrikeCalled,Undefined,Undefined,Undefined,0,0,NA,87.92807,0.653703,5.281811,2359.726218,108.095065,09:30:00,4.43116,-2.89219,5.93294,-29.6023,6.21138,-15.97064,2.57339,0.69105,81.26137,-4.812706,2.430528,0.430721,NA,NA,NA,NA,NA,NA,NA,NA,NA,NA,NA,9.4389,3.34232,2.47851,50,4.46665,-11.1286,-127.44245,0.45675,15.75448,22.53916,-26.59534,MIA_RED,MIA_RED,McKieFieldStad,TeamExclusive,Team,20251008-McKieFieldStad-Private-1,4b7635a0-a481-11f0-802c-2fbfe65f043a,87.51012,NA,NA,6.6667,NA,NA,NA,NA,NA,NA,b79b2875-734e-4804-b678-a189f4c168b8,2025-10-08,19:59:26,2025-10-08T19:59:26Z,2025-10-08T19:59:26Z,NA,v3,471355,471355,NA,"Raether, Carson",1000338521,Right,MIA_RED,2bed35e8-888b-40f0-b8a9-b8606e793675,54.5674,-128.24769,11.26958,4.43336,1.4069,-13.29767,2.88615,-11.69144,7.87724,NA,NA,NA,NA,NA,NA,NA,NA,NA,NA,NA,NA,NA,NA,NA,NA,NA,NA,NA,NA,NA,NA,NA,NA,NA,NA,NA,NA,NA,NA,NA,NA,NA,NA,NA,NA,NA,NA,NA,NA,NA,NA,NA,NA,NA,NA,NA,NA,NA,NA,High,High,High,NA,NA,NA,NA,NA
45,2025-10-08,15:59:46,2,3,"Preisel, Connor",1000213694,Left,MIA_RED,"Buffington, Matthew",825106,Right,MIA_RED,Undefined,2,Top,1,1,1,Fastball,Changeup,BallCalled,Undefined,Undefined,Undefined,0,0,NA,87.22432,0.265335,3.051029,2277.41619,102.337175,09:30:00,4.31615,-3.12598,5.96486,-31.69962,4.38398,-15.65328,1.92088,-1.59885,80.98886,-5.580896,0.240524,0.432341,NA,NA,NA,NA,NA,NA,NA,NA,NA,NA,NA,8.75371,2.49795,2.89266,50,4.31934,-6.12994,-126.82009,-0.48785,14.49064,21.94017,-28.03897,MIA_RED,MIA_RED,McKieFieldStad,TeamExclusive,Team,20251008-McKieFieldStad-Private-1,57897cd0-a481-11f0-802c-2fbfe65f043a,87.18224,NA,NA,6.23546,NA,NA,NA,NA,NA,NA,b79b2875-734e-4804-b678-a189f4c168b8,2025-10-08,19:59:46,2025-10-08T19:59:46Z,2025-10-08T19:59:46Z,NA,v3,471355,471355,NA,"Raether, Carson",1000338521,Right,MIA_RED,ae91464f-11f8-41e8-b3df-3a0d81f746dd,54.5359,-127.6024,10.97008,4.31891,0.51192,-14.01949,3.12044,-6.64663,7.24532,NA,NA,NA,NA,NA,NA,NA,NA,NA,NA,NA,NA,NA,NA,NA,NA,NA,NA,NA,NA,NA,NA,NA,NA,NA,NA,NA,NA,NA,NA,NA,NA,NA,NA,NA,NA,NA,NA,NA,NA,NA,NA,NA,NA,NA,NA,NA,NA,NA,NA,High,High,High,NA,NA,NA,NA,NA
46,2025-10-08,16:00:08,2,4,"Preisel, Connor",1000213694,Left,MIA_RED,"Buffington, Matthew",825106,Right,MIA_RED,Undefined,2,Top,1,2,1,Cutter,Changeup,FoulBallNotFieldable,Undefined,Undefined,Undefined,0,0,NA,81.62727,1.69919,4.275196,2582.02941,140.922946,10:45:00,4.229,-3.10043,5.38787,-34.42136,7.82587,-5.45374,2.95805,0.45952,75.71826,-4.589071,3.310496,0.467811,65.04884,56.961717,162.016891,5615.983217,NA,NA,NA,NA,31.53494,NA,NA,3.73831,3.87394,2.72191,50,4.35673,-8.63146,-118.36423,2.34754,5.39743,18.83917,-26.58081,MIA_RED,MIA_RED,McKieFieldStad,TeamExclusive,Team,20251008-McKieFieldStad-Private-1,64569e20-a481-11f0-802c-2fbfe65f043a,80.57193,42.35435,NA,5.90901,NA,NA,NA,1.34147,3.06411,-0.44235,b79b2875-734e-4804-b678-a189f4c168b8,2025-10-08,20:00:08,2025-10-08T20:00:08Z,2025-10-08T20:00:08Z,NA,v3,471355,471355,NA,"Raether, Carson",1000338521,Right,MIA_RED,0c605bcb-2a79-4048-a98a-8e3eac87d7ba,55.11224,-119.17514,9.41958,4.23106,3.49166,-13.29041,3.09844,-8.86379,2.69871,4.150508,1.34147,-49.47359,-1.4836,2.37248,-0.81582,0.23201,-0.05771,0.01419,-0.0021,3.06411,79.97846,-30.30737,4.45397,-0.89213,0.17431,-0.07203,0.0475,-0.01645,-0.44235,16.05882,1.6874,-1.06433,0.32609,-0.08817,0.02503,-0.00888,0.0022,NA,NA,NA,NA,NA,NA,NA,NA,NA,NA,NA,NA,NA,NA,NA,NA,NA,NA,NA,NA,NA,NA,High,High,High,High,Undefined,NA,NA,NA
47,2025-10-08,16:00:35,2,5,"Preisel, Connor",1000213694,Left,MIA_RED,"Buffington, Matthew",825106,Right,MIA_RED,Undefined,2,Top,1,2,2,Fastball,Changeup,StrikeSwinging,Strikeout,Undefined,Undefined,0,0,NA,87.31031,-0.041759,3.730728,2242.463532,97.346347,09:15:00,4.20365,-2.98846,5.90141,-32.87029,4.1141,-22.11741,1.42561,-1.36344,79.25353,-6.141318,-0.234082,0.437704,NA,NA,NA,NA,NA,NA,NA,NA,NA,NA,NA,12.37631,2.51528,2.7006,50,4.18169,-7.31753,-126.56192,-1.22113,19.91339,27.76185,-28.12698,MIA_RED,MIA_RED,McKieFieldStad,TeamExclusive,Team,20251008-McKieFieldStad-Private-1,74e5f790-a481-11f0-802c-2fbfe65f043a,86.11394,NA,NA,8.05678,NA,NA,NA,NA,NA,NA,b79b2875-734e-4804-b678-a189f4c168b8,2025-10-08,20:00:35,2025-10-08T20:00:35Z,2025-10-08T20:00:35Z,NA,v3,471355,471355,NA,"Raether, Carson",1000338521,Right,MIA_RED,905b92c0-0d99-44c8-94e5-699fdbe76ae6,54.59675,-127.56625,13.88093,4.20746,-0.20359,-14.06349,2.97836,-8.03793,9.95669,NA,NA,NA,NA,NA,NA,NA,NA,NA,NA,NA,NA,NA,NA,NA,NA,NA,NA,NA,NA,NA,NA,NA,NA,NA,NA,NA,NA,NA,NA,NA,NA,NA,NA,NA,NA,NA,NA,NA,NA,NA,NA,NA,NA,NA,NA,NA,NA,NA,NA,High,High,High,NA,NA,NA,NA,NA
48,2025-10-08,16:01:02,3,1,"Preisel, Connor",1000213694,Left,MIA_RED,"Rasmussen, Jamie",10272616,Right,MIA_RED,Undefined,2,Top,2,0,0,Fastball,Changeup,StrikeCalled,Undefined,Undefined,Undefined,0,0,NA,88.41832,0.040419,3.755048,2404.550257,109.145395,09:45:00,4.28951,-3.04224,5.86137,-28.39041,7.59327,-18.45737,1.96128,-1.08692,80.4647,-5.243641,0.45131,0.431742,NA,NA,NA,NA,NA,NA,NA,NA,NA,NA,NA,10.4689,4.23307,2.74801,50,4.27638,-7.62318,-128.18196,-0.87542,17.35626,27.3704,-25.15612,MIA_RED,MIA_RED,McKieFieldStad,TeamExclusive,Team,20251008-McKieFieldStad-Private-1,84d6ee20-a481-11f0-802c-2fbfe65f043a,87.30313,NA,NA,7.95362,NA,NA,NA,NA,NA,NA,b79b2875-734e-4804-b678-a189f4c168b8,2025-10-08,20:01:02,2025-10-08T20:01:02Z,2025-10-08T20:01:02Z,NA,v3,471355,471355,NA,"Raether, Carson",1000338521,Right,MIA_RED,ba79556a-da64-4072-bc00-06bef08dddf7,54.63635,-129.16815,13.6852,4.29159,0.03099,-12.57806,3.03395,-8.24855,8.67813,NA,NA,NA,NA,NA,NA,NA,NA,NA,NA,NA,NA,NA,NA,NA,NA,NA,NA,NA,NA,NA,NA,NA,NA,NA,NA,NA,NA,NA,NA,NA,NA,NA,NA,NA,NA,NA,NA,NA,NA,NA,NA,NA,NA,NA,NA,NA,NA,NA,NA,High,High,High,NA,NA,NA,NA,NA
49,2025-10-08,16:01:20,3,2,"Preisel, Connor",1000213694,Left,MIA_RED,"Rasmussen, Jamie",10272616,Right,MIA_RED,Undefined,2,Top,2,0,1,Fastball,Sinker,BallCalled,Undefined,Undefined,Undefined,0,0,NA,88.97849,1.855609,2.980561,2461.318488,108.783582,09:45:00,4.53729,-2.99907,5.93862,-28.08348,7.0789,-17.68158,3.9213,-1.70513,81.3597,-3.371334,-0.190027,0.426786,NA,NA,NA,NA,NA,NA,NA,NA,NA,NA,NA,9.83304,3.46268,2.77111,50,4.66962,-5.97759,-129.13953,3.23718,16.66684,25.95963,-26.30486,MIA_RED,MIA_RED,McKieFieldStad,TeamExclusive,Team,20251008-McKieFieldStad-Private-1,8f42edf0-a481-11f0-802c-2fbfe65f043a,88.31689,NA,NA,7.61879,NA,NA,NA,NA,NA,NA,b79b2875-734e-4804-b678-a189f4c168b8,2025-10-08,20:01:20,2025-10-08T20:01:20Z,2025-10-08T20:01:20Z,NA,v3,471355,471355,NA,"Raether, Carson",1000338521,Right,MIA_RED,d0169451-28f3-48f9-80f6-ce19d65ca8dd,54.5602,-130.053,12.97982,4.53943,4.16278,-13.15243,2.99177,-6.56406,8.33342,NA,NA,NA,NA,NA,NA,NA,NA,NA,NA,NA,NA,NA,NA,NA,NA,NA,NA,NA,NA,NA,NA,NA,NA,NA,NA,NA,NA,NA,NA,NA,NA,NA,NA,NA,NA,NA,NA,NA,NA,NA,NA,NA,NA,NA,NA,NA,NA,NA,NA,High,High,High,NA,NA,NA,NA,NA
50,2025-10-08,16:01:39,3,3,"Preisel, Connor",1000213694,Left,MIA_RED,"Rasmussen, Jamie",10272616,Right,MIA_RED,Undefined,2,Top,2,1,1,Cutter,Slider,InPlay,Undefined,GroundBall,Single,0,1,NA,80.92885,1.428354,3.667495,2581.034085,178.298432,12:00:00,4.11952,-3.11636,5.35509,-40.03971,3.16717,-0.05846,2.12547,0.32298,74.86879,-5.862406,3.657144,0.473094,NA,NA,NA,NA,NA,NA,NA,NA,NA,NA,NA,0.93209,1.56847,2.78626,50,4.2193,-7.5219,-117.38719,1.54786,1.31528,19.8685,-29.96077,MIA_RED,MIA_RED,McKieFieldStad,TeamExclusive,Team,20251008-McKieFieldStad-Private-1,9a78f480-a481-11f0-802c-2fbfe65f043a,79.67215,NA,NA,6.06006,NA,NA,NA,NA,NA,NA,b79b2875-734e-4804-b678-a189f4c168b8,2025-10-08,20:01:39,2025-10-08T20:01:39Z,2025-10-08T20:01:39Z,NA,v3,471355,471355,NA,"Raether, Carson",1000338521,Right,MIA_RED,de8d58f9-3683-46b0-bcd5-3becbafec8b4,55.14494,-118.25479,9.93425,4.12315,2.85617,-14.98039,3.11598,-7.57933,0.65764,NA,NA,NA,NA,NA,NA,NA,NA,NA,NA,NA,NA,NA,NA,NA,NA,NA,NA,NA,NA,NA,NA,NA,NA,NA,NA,NA,NA,NA,NA,NA,NA,NA,NA,NA,NA,NA,NA,NA,NA,NA,NA,NA,NA,NA,NA,NA,NA,NA,NA,High,High,High,NA,NA,NA,NA,NA
51,2025-10-08,16:02:15,4,1,"Preisel, Connor",1000213694,Left,MIA_RED,"Harrison, Tommy",811731,Left,MIA_RED,Undefined,2,Top,2,0,0,Cutter,Slider,StrikeSwinging,Undefined,Undefined,Undefined,0,0,NA,80.65444,1.379936,3.56639,2611.386403,260.915535,02:45:00,4.18779,-3.19939,5.37632,-42.0138,1.61866,2.24898,1.98304,0.33571,74.39949,-6.27132,3.964781,0.475419,NA,NA,NA,NA,NA,NA,NA,NA,NA,NA,NA,-0.2128,0.83453,2.87804,50,4.28169,-7.3794,-116.95141,1.36438,-0.29683,20.57926,-31.00995,MIA_RED,MIA_RED,McKieFieldStad,TeamExclusive,Team,20251008-McKieFieldStad-Private-1,b05e4570-a481-11f0-802c-2fbfe65f043a,79.28262,NA,NA,6.25495,NA,NA,NA,NA,NA,NA,b79b2875-734e-4804-b678-a189f4c168b8,2025-10-08,20:02:15,2025-10-08T20:02:15Z,2025-10-08T20:02:15Z,NA,v3,471355,471355,NA,"Raether, Carson",1000338521,Right,MIA_RED,8448cc03-78a1-405d-abb1-8d112c5fb509,55.12274,-117.84938,10.28963,4.19263,2.7175,-15.50497,3.19976,-7.36645,-0.14842,NA,NA,NA,NA,NA,NA,NA,NA,NA,NA,NA,NA,NA,NA,NA,NA,NA,NA,NA,NA,NA,NA,NA,NA,NA,NA,NA,NA,NA,NA,NA,NA,NA,NA,NA,NA,NA,NA,NA,NA,NA,NA,NA,NA,NA,NA,NA,NA,NA,NA,High,High,High,NA,NA,NA,NA,NA
52,2025-10-08,16:03:00,4,2,"Preisel, Connor",1000213694,Left,MIA_RED,"Harrison, Tommy",811731,Left,MIA_RED,Undefined,2,Top,2,0,1,Cutter,Slider,StrikeCalled,Undefined,Undefined,Undefined,0,0,NA,81.50156,1.135216,3.458005,2534.249298,208.134297,01:00:00,4.11332,-3.16361,5.49122,-39.14636,3.17709,1.07795,1.91514,0.16497,75.50232,-6.008042,3.649415,0.468233,NA,NA,NA,NA,NA,NA,NA,NA,NA,NA,NA,0.29595,1.68417,2.85985,50,4.18615,-7.1902,-118.2785,1.00386,0.42438,19.96015,-29.7589,MIA_RED,MIA_RED,McKieFieldStad,TeamExclusive,Team,20251008-McKieFieldStad-Private-1,cac57500-a481-11f0-802c-2fbfe65f043a,80.49932,NA,NA,5.99925,NA,NA,NA,NA,NA,NA,b79b2875-734e-4804-b678-a189f4c168b8,2025-10-08,20:03:00,2025-10-08T20:03:00Z,2025-10-08T20:03:00Z,NA,v3,471355,471355,NA,"Raether, Carson",1000338521,Right,MIA_RED,0b69d915-f201-4c95-bfe6-b3e78e2be68e,55.00811,-119.12065,9.98007,4.11731,2.25943,-14.87945,3.16359,-7.20811,0.21219,NA,NA,NA,NA,NA,NA,NA,NA,NA,NA,NA,NA,NA,NA,NA,NA,NA,NA,NA,NA,NA,NA,NA,NA,NA,NA,NA,NA,NA,NA,NA,NA,NA,NA,NA,NA,NA,NA,NA,NA,NA,NA,NA,NA,NA,NA,NA,NA,NA,NA,High,High,High,NA,NA,NA,NA,NA
53,2025-10-08,16:03:45,4,3,"Preisel, Connor",1000213694,Left,MIA_RED,"Harrison, Tommy",811731,Left,MIA_RED,Undefined,2,Top,2,0,2,Curveball,Curveball,HitByPitch,Undefined,Undefined,Undefined,0,0,NA,77.2333,4.05793,0.227756,2479.231276,306.641653,04:15:00,4.82324,-2.77501,5.11697,-52.93251,-5.43571,8.91808,4.24116,-1.81729,71.79016,-5.495464,1.803526,0.496025,NA,NA,NA,NA,NA,NA,NA,NA,NA,NA,NA,-4.41477,-3.30083,2.7462,50,5.1634,-0.79424,-112.1161,6.09876,-5.72844,16.58039,-36.45709,MIA_RED,MIA_RED,McKieFieldStad,TeamExclusive,Team,20251008-McKieFieldStad-Private-1,e5e238f0-a481-11f0-802c-2fbfe65f043a,75.98901,NA,NA,5.44314,NA,NA,NA,NA,NA,NA,b79b2875-734e-4804-b678-a189f4c168b8,2025-10-08,20:03:45,2025-10-08T20:03:45Z,2025-10-08T20:03:45Z,NA,v3,471355,471355,NA,"Raether, Carson",1000338521,Right,MIA_RED,ab0b53df-d099-4140-b943-57e7dace7e30,55.38569,-112.90976,8.29019,4.8297,7.84387,-18.22855,2.77765,-0.52003,-2.86422,NA,NA,NA,NA,NA,NA,NA,NA,NA,NA,NA,NA,NA,NA,NA,NA,NA,NA,NA,NA,NA,NA,NA,NA,NA,NA,NA,NA,NA,NA,NA,NA,NA,NA,NA,NA,NA,NA,NA,NA,NA,NA,NA,NA,NA,NA,NA,NA,NA,NA,High,High,High,NA,NA,NA,NA,NA
54,2025-10-08,16:04:20,5,1,"Preisel, Connor",1000213694,Left,MIA_RED,"Vrlak, Jake",1000131822,Right,MIA_RED,Undefined,2,Top,2,0,0,Cutter,Slider,StrikeSwinging,Undefined,Undefined,Undefined,0,0,NA,80.55139,0.588388,3.088109,2514.092334,216.093455,01:15:00,4.15364,-3.26839,5.42121,-40.78983,2.22347,0.8478,1.30644,-0.30236,75.39854,-6.811747,3.238647,0.472034,NA,NA,NA,NA,NA,NA,NA,NA,NA,NA,NA,0.24012,1.31102,2.99346,50,4.17709,-6.3491,-117.07103,-0.20087,0.34051,17.59844,-30.31501,MIA_RED,MIA_RED,McKieFieldStad,TeamExclusive,Team,20251008-McKieFieldStad-Private-1,fafa27c0-a481-11f0-802c-2fbfe65f043a,79.85119,NA,NA,5.15285,NA,NA,NA,NA,NA,NA,b79b2875-734e-4804-b678-a189f4c168b8,2025-10-08,20:04:20,2025-10-08T20:04:20Z,2025-10-08T20:04:20Z,NA,v3,471355,471355,NA,"Raether, Carson",1000338521,Right,MIA_RED,c662a3fd-4e3e-41ec-bfd4-5c06b45a76c7,55.07964,-117.83214,8.79922,4.15743,1.11022,-15.1575,3.26837,-6.36383,0.17026,NA,NA,NA,NA,NA,NA,NA,NA,NA,NA,NA,NA,NA,NA,NA,NA,NA,NA,NA,NA,NA,NA,NA,NA,NA,NA,NA,NA,NA,NA,NA,NA,NA,NA,NA,NA,NA,NA,NA,NA,NA,NA,NA,NA,NA,NA,NA,NA,NA,NA,High,High,High,NA,NA,NA,NA,NA
55,2025-10-08,16:05:13,5,2,"Preisel, Connor",1000213694,Left,MIA_RED,"Vrlak, Jake",1000131822,Right,MIA_RED,Undefined,2,Top,2,0,1,Fastball,Changeup,BallCalled,Undefined,Undefined,Undefined,0,0,NA,86.11393,-0.404723,7.4396,2233.923448,100.754815,09:15:00,4.31386,-2.93177,6.45933,-33.0475,3.70162,-14.29914,1.18497,2.74903,80.04281,-6.51386,4.878935,0.43631,NA,NA,NA,NA,NA,NA,NA,NA,NA,NA,NA,9.34087,2.25004,2.41016,50,4.26973,-15.75834,-124.46423,-1.88026,14.9131,20.81846,-28.58173,MIA_RED,MIA_RED,McKieFieldStad,TeamExclusive,Team,20251008-McKieFieldStad-Private-1,1a276ae0-a482-11f0-802c-2fbfe65f043a,86.38919,NA,NA,6.07112,NA,NA,NA,NA,NA,NA,b79b2875-734e-4804-b678-a189f4c168b8,2025-10-08,20:05:13,2025-10-08T20:05:13Z,2025-10-08T20:05:13Z,NA,v3,471355,471355,NA,"Raether, Carson",1000338521,Right,MIA_RED,0aaf46bc-1871-427b-bc88-e97c6cf2d2a5,54.0436,-125.13875,10.40923,4.31565,-0.95421,-14.29087,2.92856,-16.24153,7.45655,NA,NA,NA,NA,NA,NA,NA,NA,NA,NA,NA,NA,NA,NA,NA,NA,NA,NA,NA,NA,NA,NA,NA,NA,NA,NA,NA,NA,NA,NA,NA,NA,NA,NA,NA,NA,NA,NA,NA,NA,NA,NA,NA,NA,NA,NA,NA,NA,NA,NA,High,High,High,NA,NA,NA,NA,NA
56,2025-10-08,16:05:43,5,3,"Preisel, Connor",1000213694,Left,MIA_RED,"Vrlak, Jake",1000131822,Right,MIA_RED,Undefined,2,Top,2,1,1,Cutter,Slider,BallCalled,Undefined,Undefined,Undefined,0,0,NA,82.02314,0.220878,3.862345,2529.522888,64.743407,08:15:00,4.19158,-3.063,5.35378,-42.35451,-0.3778,-3.22772,0.86967,0.29585,76.2257,-7.452822,3.290305,0.466311,NA,NA,NA,NA,NA,NA,NA,NA,NA,NA,NA,2.56618,0.06063,2.71761,50,4.18075,-7.90639,-119.02466,-1.04459,3.7294,20.04919,-32.08594,MIA_RED,MIA_RED,McKieFieldStad,TeamExclusive,Team,20251008-McKieFieldStad-Private-1,2c005b50-a482-11f0-802c-2fbfe65f043a,80.83114,NA,NA,5.79744,NA,NA,NA,NA,NA,NA,b79b2875-734e-4804-b678-a189f4c168b8,2025-10-08,20:05:43,2025-10-08T20:05:43Z,2025-10-08T20:05:43Z,NA,v3,471355,471355,NA,"Raether, Carson",1000338521,Right,MIA_RED,6b0bf123-ec9d-4f61-92db-e5e5d4cab7e8,55.14711,-119.88853,10.0246,4.19597,0.33792,-16.04297,3.06174,-8.06708,1.8647,NA,NA,NA,NA,NA,NA,NA,NA,NA,NA,NA,NA,NA,NA,NA,NA,NA,NA,NA,NA,NA,NA,NA,NA,NA,NA,NA,NA,NA,NA,NA,NA,NA,NA,NA,NA,NA,NA,NA,NA,NA,NA,NA,NA,NA,NA,NA,NA,NA,NA,High,High,High,NA,NA,NA,NA,NA
57,2025-10-08,16:06:05,5,4,"Preisel, Connor",1000213694,Left,MIA_RED,"Vrlak, Jake",1000131822,Right,MIA_RED,Undefined,2,Top,2,2,1,Fastball,Sinker,BallCalled,Undefined,Undefined,Undefined,0,0,NA,87.0764,0.385429,5.745982,2366.147686,112.26503,09:45:00,4.24191,-2.85434,5.99532,-30.5062,5.66233,-11.63953,2.0587,1.51819,81.26976,-5.22321,3.669153,0.432849,NA,NA,NA,NA,NA,NA,NA,NA,NA,NA,NA,7.31685,3.06331,2.40737,50,4.25503,-12.265319999999999,-126.25321,-0.15318,12.08902,20.00713,-27.11278,MIA_RED,MIA_RED,McKieFieldStad,TeamExclusive,Team,20251008-McKieFieldStad-Private-1,395e9910-a482-11f0-802c-2fbfe65f043a,87.0798,NA,NA,5.80664,NA,NA,NA,NA,NA,NA,b79b2875-734e-4804-b678-a189f4c168b8,2025-10-08,20:06:05,2025-10-08T20:06:05Z,2025-10-08T20:06:05Z,NA,v3,471355,471355,NA,"Raether, Carson",1000338521,Right,MIA_RED,1f1f071e-2466-4618-81c7-d4f9de9e27dc,54.50735,-126.96547,10.00356,4.2433,0.81204,-13.55639,2.85168,-12.69569,6.04451,NA,NA,NA,NA,NA,NA,NA,NA,NA,NA,NA,NA,NA,NA,NA,NA,NA,NA,NA,NA,NA,NA,NA,NA,NA,NA,NA,NA,NA,NA,NA,NA,NA,NA,NA,NA,NA,NA,NA,NA,NA,NA,NA,NA,NA,NA,NA,NA,NA,NA,High,High,High,NA,NA,NA,NA,NA
59,2025-10-08,16:06:30,5,6,"Preisel, Connor",1000213694,Left,MIA_RED,"Vrlak, Jake",1000131822,Right,MIA_RED,Undefined,2,Top,2,3,1,Cutter,Slider,StrikeCalled,Undefined,Undefined,Undefined,0,0,NA,80.99496,1.732064,3.553894,2483.530898,115.701363,09:45:00,4.14381,-3.13797,5.51831,-38.94002,3.76705,-5.45028,2.52188,-0.26505,75.08448,-5.382297,2.585694,0.47035,NA,NA,NA,NA,NA,NA,NA,NA,NA,NA,NA,3.58729,1.85288,2.83199,50,4.26857,-7.08464,-117.54343,2.23927,5.09758,19.00528,-29.54109,MIA_RED,MIA_RED,McKieFieldStad,TeamExclusive,Team,20251008-McKieFieldStad-Private-1,48622260-a482-11f0-802c-2fbfe65f043a,80.137,NA,NA,5.91048,NA,NA,NA,NA,NA,NA,b79b2875-734e-4804-b678-a189f4c168b8,2025-10-08,20:06:30,2025-10-08T20:06:30Z,2025-10-08T20:06:30Z,NA,v3,471355,471355,NA,"Raether, Carson",1000338521,Right,MIA_RED,654fa46e-90ec-4e6c-a1f4-6b2956396340,54.98133,-118.34611,9.50264,4.14765,3.48692,-14.77055,3.13575,-7.29993,2.54879,NA,NA,NA,NA,NA,NA,NA,NA,NA,NA,NA,NA,NA,NA,NA,NA,NA,NA,NA,NA,NA,NA,NA,NA,NA,NA,NA,NA,NA,NA,NA,NA,NA,NA,NA,NA,NA,NA,NA,NA,NA,NA,NA,NA,NA,NA,NA,NA,NA,NA,High,High,High,NA,NA,NA,NA,NA
62,2025-10-08,16:06:55,5,9,"Preisel, Connor",1000213694,Left,MIA_RED,"Vrlak, Jake",1000131822,Right,MIA_RED,Undefined,2,Top,2,3,2,Cutter,Changeup,FoulBallNotFieldable,Undefined,Undefined,Undefined,0,0,NA,81.25883,0.62183600000000006,3.353235,2561.394616,110.235786,09:45:00,4.1783,-2.98521,5.48511,-38.09612,3.99764,-8.05567,1.58641,-0.51576,76.05838,-6.309632,1.921156,0.466961,72.73756,43.158183,31.897449,NA,84.99683,69.2039,69.82475,222.06909,190.40045,45.457314,4.271648,4.8163,2.17425,2.69684,50,4.20645,-6.6094,-118.11222,-0.01456,6.96603,17.46107,-29.02931,MIA_RED,MIA_RED,McKieFieldStad,TeamExclusive,Team,20251008-McKieFieldStad-Private-1,56ea3a20-a482-11f0-802c-2fbfe65f043a,80.71866,70.36082,NA,5.20045,NA,NA,NA,1.00057,1.54713,0.44468,b79b2875-734e-4804-b678-a189f4c168b8,2025-10-08,20:06:55,2025-10-08T20:06:55Z,2025-10-08T20:06:55Z,FlyBall,v3,471355,471355,NA,"Raether, Carson",1000338521,Right,MIA_RED,4f360683-fbbb-4a0d-8722-599f0f6c3d91,55.01652,-118.85152,8.73054,4.18104,1.21454,-14.51466,2.98292,-6.90434,3.48302,223.275302,0.98496,66.47837,-17.05175,8.20842,-5.29957,2.6308,-0.78831,0.12409,-0.00781,1.54865,72.94465,-22.15168,1.85376,-0.28256,0.07437,-0.03024,0.0075,-6.9e-4,0.45552,40.85594,1.72423,-3.59525,2.74136,-1.28454,0.34599,-0.04831,0.00269,NA,NA,NA,NA,NA,NA,NA,NA,NA,NA,NA,NA,NA,NA,NA,NA,NA,NA,NA,NA,NA,NA,High,High,High,High,Low,NA,NA,NA
64,2025-10-08,16:07:37,5,11,"Preisel, Connor",1000213694,Left,MIA_RED,"Vrlak, Jake",1000131822,Right,MIA_RED,Undefined,2,Top,2,3,2,Cutter,Slider,InPlay,Undefined,GroundBall,Out,1,0,NA,80.87965,0.963445,2.80065,2557.047107,139.019161,10:45:00,4.07598,-3.15932,5.27101,-39.52601,3.84421,-2.27169,1.68828,-0.71588,74.75674,-6.232785,2.398274,0.473988,82.50474,-29.723135,-67.054327,NA,NA,NA,NA,4.13711,2.5877,-29.920305,0.030099,1.85036,2.00807,2.90503,50,4.13468,-5.65282,-117.40717,0.59832,2.60786,20.20518,-29.34387,MIA_RED,MIA_RED,McKieFieldStad,TeamExclusive,Team,20251008-McKieFieldStad-Private-1,6fe381d0-a482-11f0-802c-2fbfe65f043a,79.52193,1.80919,NA,6.12291,NA,NA,NA,2.3503,1.80919,0.85457,b79b2875-734e-4804-b678-a189f4c168b8,2025-10-08,20:07:37,2025-10-08T20:07:37Z,2025-10-08T20:07:37Z,GroundBall,v3,471355,471355,NA,"Raether, Carson",1000338521,Right,MIA_RED,b579cd78-30b4-4393-89eb-ffc7cec058f7,55.22911,-118.30365,10.10259,4.07925,1.90028,-14.67194,3.1584,-5.76853,1.30393,NA,2.34993,41.04549,NA,NA,NA,NA,NA,NA,NA,1.80974,-60.1088,NA,NA,NA,NA,NA,NA,NA,0.85545,-96.9526,NA,NA,NA,NA,NA,NA,NA,NA,NA,NA,NA,NA,NA,NA,NA,NA,NA,NA,NA,NA,NA,NA,NA,NA,NA,NA,NA,NA,NA,High,High,High,Low,Low,NA,NA,NA
79,2025-10-08,16:09:55,1,1,"Novak, Cameron",10108396,Right,MIA_RED,"Cruz, Diego",1000178634,Left,MIA_RED,Undefined,2,Bottom,0,0,0,Curveball,Curveball,StrikeCalled,Undefined,Undefined,Undefined,0,0,NA,72.47155,2.429166,-0.113079,2334.486941,40.622664,07:15:00,6.34648,0.82014,5.0105,-66.38468,-11.7567,-11.42221,3.10857,-0.23844,67.24121,-9.499506,-2.133499,0.53196,NA,NA,NA,NA,NA,NA,NA,NA,NA,NA,NA,5.62886,-5.97075,-0.79964,50,6.52536,0.64138,-105.26427,2.21132,6.35326,16.87362,-38.91321,MIA_RED,MIA_RED,McKieFieldStad,TeamExclusive,Team,20251008-McKieFieldStad-Private-1,c2675120-a482-11f0-802c-2fbfe65f043a,70.85576,NA,NA,5.23035,NA,NA,NA,NA,NA,NA,b79b2875-734e-4804-b678-a189f4c168b8,2025-10-08,20:09:55,2025-10-08T20:09:55Z,2025-10-08T20:09:55Z,NA,v3,471355,471355,NA,"Buffington, Matthew",825106,Right,MIA_RED,816eedc3-5789-429d-9f53-6b820904f95f,55.49291,-106.14112,8.43681,6.3579,4.23347,-19.4566,-0.82439,0.31123,3.17663,NA,NA,NA,NA,NA,NA,NA,NA,NA,NA,NA,NA,NA,NA,NA,NA,NA,NA,NA,NA,NA,NA,NA,NA,NA,NA,NA,NA,NA,NA,NA,NA,NA,NA,NA,NA,NA,NA,NA,NA,NA,NA,NA,NA,NA,NA,NA,NA,NA,NA,High,High,High,NA,NA,NA,NA,NA
83,2025-10-08,16:10:13,1,1,"Novak, Cameron",10108396,Right,MIA_RED,"Cruz, Diego",1000178634,Left,MIA_RED,Undefined,2,Bottom,0,0,1,Curveball,Curveball,FoulBallNotFieldable,Undefined,Undefined,Undefined,0,0,NA,72.12467,2.17959,1.526095,2206.072901,37.572846,07:15:00,6.32973,0.89358,4.91929,-68.16236,-12.82776,-11.08532,2.71193,1.41298,66.99179,-10.035587,-0.432032,0.535389,NA,NA,NA,NA,NA,NA,NA,NA,NA,NA,NA,5.92441,-6.56433,-1.03251,50,6.48428,-2.37741,-104.74675,1.68183,6.62333,16.65635,-39.51278,MIA_RED,MIA_RED,McKieFieldStad,TeamExclusive,Team,20251008-McKieFieldStad-Private-1,cd3cc120-a482-11f0-802c-2fbfe65f043a,70.40193,NA,NA,5.13287,NA,NA,NA,NA,NA,NA,b79b2875-734e-4804-b678-a189f4c168b8,2025-10-08,20:10:13,2025-10-08T20:10:13Z,2025-10-08T20:10:13Z,NA,v3,471355,471355,NA,"Buffington, Matthew",825106,Right,MIA_RED,127b7c90-3157-47b9-bcb6-6b76134a8945,55.58493,-105.63111,8.32817,6.33929,3.77974,-19.75639,-0.89695,-2.72907,3.31166,NA,NA,NA,NA,NA,NA,NA,NA,NA,NA,NA,NA,NA,NA,NA,NA,NA,NA,NA,NA,NA,NA,NA,NA,NA,NA,NA,NA,NA,NA,NA,NA,NA,NA,NA,NA,NA,NA,NA,NA,NA,NA,NA,NA,NA,NA,NA,NA,NA,NA,High,High,High,NA,NA,NA,NA,NA
87,2025-10-08,16:11:02,1,1,"Novak, Cameron",10108396,Right,MIA_RED,"Cruz, Diego",1000178634,Left,MIA_RED,Undefined,2,Bottom,0,0,2,Curveball,Curveball,InPlay,Undefined,Bunt,Single,0,0,NA,74.08922,0.235987,-0.849276,2352.987647,36.13684,07:15:00,6.31538,0.64177,5.15592,-65.99271,-13.61469,-11.11253,1.03815,-1.08377,68.66702,-11.607045,-2.825307,0.52089,20.80424,19.196742,-36.155351,1735.851123,NA,NA,NA,23.71363,23.22025,-30.170482,0.754517,5.37689,-6.59685,-0.55334,50,6.28564,2.00464,-107.63164,-1.76722,6.27977,19.4462,-39.87861,MIA_RED,MIA_RED,McKieFieldStad,TeamExclusive,Team,20251008-McKieFieldStad-Private-1,ea9f2f50-a482-11f0-802c-2fbfe65f043a,72.36162,3.03079,NA,5.4222,NA,NA,NA,3.6949,1.45988,0.98408,b79b2875-734e-4804-b678-a189f4c168b8,2025-10-08,20:11:02,2025-10-08T20:11:02Z,2025-10-08T20:11:02Z,GroundBall,v3,471355,471355,NA,"Buffington, Matthew",825106,Right,MIA_RED,29819e66-a33c-4885-9ac6-3c000eeff62a,55.34765,-108.59352,9.7231,6.32427,0.20532,-19.93931,-0.64481,1.69402,3.13988,115.851305,3.6949,23.26709,-1.4184,0.2895,-0.62307,1.10739,-1.04112,0.4855,-0.07935,1.45988,10.03298,-16.13291,0.36603,-0.01903,0.08589,-0.19105,0.16414,-0.05552,0.98408,-17.00087,-0.13135,0.03232,-0.04245,-2e-5,-0.00553,0.01175,-0.00444,NA,NA,NA,NA,NA,NA,NA,NA,NA,NA,NA,NA,NA,NA,NA,NA,NA,NA,NA,NA,NA,NA,High,High,High,High,High,NA,NA,NA
91,2025-10-08,16:11:49,1,1,"Novak, Cameron",10108396,Right,MIA_RED,"Gonzalez Rivera, Ignacio",10124440,Right,MIA_RED,Undefined,2,Bottom,0,0,0,Fastball,Changeup,BallCalled,Undefined,Undefined,Undefined,0,0,NA,85.15817,-1.346636,-3.564013,1757.160863,192.923943,12:30:00,6.39892,0.533,5.78596,-22.45659,16.40753,3.47555,3.27209,-2.4973,77.77681,-5.561257,-2.943393,0.448689,NA,NA,NA,NA,NA,NA,NA,NA,NA,NA,NA,-2.76551,9.11851,-0.2411,50,6.27433,7.54117,-123.39208000000001,-3.58665,-4.25876,24.81823,-18.13191,MIA_RED,MIA_RED,McKieFieldStad,TeamExclusive,Team,20251008-McKieFieldStad-Private-1,06345790-a483-11f0-802c-2fbfe65f043a,84.00567,NA,NA,7.38136,NA,NA,NA,NA,NA,NA,b79b2875-734e-4804-b678-a189f4c168b8,2025-10-08,20:11:49,2025-10-08T20:11:49Z,2025-10-08T20:11:49Z,NA,v3,471355,471355,NA,"Buffington, Matthew",825106,Right,MIA_RED,a8b17dc1-9d99-4dbd-b6c4-1d61fc1a5d12,54.70941,-124.33569,12.40911,6.3976,-2.89726,-9.06596,-0.5309,7.7031,-2.12938,NA,NA,NA,NA,NA,NA,NA,NA,NA,NA,NA,NA,NA,NA,NA,NA,NA,NA,NA,NA,NA,NA,NA,NA,NA,NA,NA,NA,NA,NA,NA,NA,NA,NA,NA,NA,NA,NA,NA,NA,NA,NA,NA,NA,NA,NA,NA,NA,NA,NA,High,High,High,NA,NA,NA,NA,NA
95,2025-10-08,16:12:17,1,1,"Novak, Cameron",10108396,Right,MIA_RED,"Gonzalez Rivera, Ignacio",10124440,Right,MIA_RED,Undefined,2,Bottom,0,1,0,Sinker,Slider,InPlay,Undefined,LineDrive,HomeRun,0,3,NA,78.70337,-0.621616,-1.042312,2295.429608,109.880607,09:45:00,6.33473,0.87273,5.36909,-41.38593,4.72166,-8.96922,2.30296,-0.85207,72.24286,-8.176594,-2.638423,0.488717,86.63133,16.231594,20.575219,3436.186866,98.23706,25.33826,49.49219,249.46745,245.15673,34.017997,2.916598,4.22166,2.98051,-0.77265,50,6.24968,2.43079,-114.22503,-2.62503,5.55854,21.70934,-28.24965,MIA_RED,MIA_RED,McKieFieldStad,TeamExclusive,Team,20251008-McKieFieldStad-Private-1,16fdacc0-a483-11f0-802c-2fbfe65f043a,77.12528,26.8425,NA,6.46051,NA,NA,NA,0.39119,2.12365,1.08227,b79b2875-734e-4804-b678-a189f4c168b8,2025-10-08,20:12:17,2025-10-08T20:12:17Z,2025-10-08T20:12:17Z,LineDrive,v3,471355,471355,NA,"Buffington, Matthew",825106,Right,MIA_RED,1f050d37-e942-41ad-b95b-8574df7bfa83,55.12883,-115.19568,10.85467,6.33881,-1.36196,-14.12482,-0.87578,2.18226,2.77927,NA,0.39118000000000003,114.21402,-24.8408,5.56126,-1.14327,0.20708,-0.03303,0.00402,-2.4e-4,2.12366,35.51341,-12.55712,-0.47828,0.35098,-0.10442,0.02224,-0.00265,1.3e-4,1.08228,42.87138,4.89165,-2.37098,0.75844,-0.1864,0.03478,-0.00419,2.3e-4,NA,NA,NA,NA,NA,NA,NA,NA,NA,NA,NA,NA,NA,NA,NA,NA,NA,NA,NA,NA,NA,NA,High,High,High,High,High,NA,NA,NA
99,2025-10-08,16:13:21,1,1,"Novak, Cameron",10108396,Right,MIA_RED,"Appelwick, Evan",695485,Right,MIA_RED,Undefined,2,Bottom,0,0,0,Fastball,Changeup,StrikeCalled,Undefined,Undefined,Undefined,0,0,NA,83.78382,-1.832834,-2.537142,1829.705884,215.057064,01:15:00,6.33017,0.80117,5.90321,-25.02446,14.30713,9.26556,2.54119,-0.78338,77.7242,-6.481835,-0.874754,0.45138,NA,NA,NA,NA,NA,NA,NA,NA,NA,NA,NA,-5.35429,8.12682,-0.60251999999999994,50,6.16828,5.03131,-121.71736,-4.66736,-8.14372,20.7893,-19.81343,MIA_RED,MIA_RED,McKieFieldStad,TeamExclusive,Team,20251008-McKieFieldStad-Private-1,3d045310-a483-11f0-802c-2fbfe65f043a,83.50492,NA,NA,6.05962,NA,NA,NA,NA,NA,NA,b79b2875-734e-4804-b678-a189f4c168b8,2025-10-08,20:13:21,2025-10-08T20:13:21Z,2025-10-08T20:13:21Z,NA,v3,471355,471355,NA,"Buffington, Matthew",825106,Right,MIA_RED,506f1069-524d-488c-b11b-5b805bb04f36,54.59529,-122.49972,10.39465,6.32989,-3.92173,-9.90672,-0.79763,5.33778,-4.07186,NA,NA,NA,NA,NA,NA,NA,NA,NA,NA,NA,NA,NA,NA,NA,NA,NA,NA,NA,NA,NA,NA,NA,NA,NA,NA,NA,NA,NA,NA,NA,NA,NA,NA,NA,NA,NA,NA,NA,NA,NA,NA,NA,NA,NA,NA,NA,NA,NA,NA,High,High,High,NA,NA,NA,NA,NA
103,2025-10-08,16:13:40,1,1,"Novak, Cameron",10108396,Right,MIA_RED,"Appelwick, Evan",695485,Right,MIA_RED,Undefined,2,Bottom,0,0,1,Fastball,Four-Seam,FoulBallNotFieldable,Undefined,Undefined,Undefined,0,0,NA,86.1383,-1.461099,-0.414092,1856.8857170000001,199.065198,12:45:00,6.42312,0.59752,5.72779,-21.57529,16.08891,5.16851,3.26408,0.64257,79.24388,-5.496879,0.511107,0.441709,67.57267,18.99144,36.18387,4124.939832,81.48229,17.41148,73.89609,165.39755,135.50588,45.465408,2.184337,-2.74953,8.93146,-0.56626,50,6.28803,0.69275,-125.15421,-3.86866,-4.38527,23.9447,-17.92914,MIA_RED,MIA_RED,McKieFieldStad,TeamExclusive,Team,20251008-McKieFieldStad-Private-1,48653a30-a483-11f0-802c-2fbfe65f043a,85.33325,19.13296,NA,6.89442,NA,NA,NA,0.28114,3.14074,-0.70488,b79b2875-734e-4804-b678-a189f4c168b8,2025-10-08,20:13:40,2025-10-08T20:13:40Z,2025-10-08T20:13:40Z,LineDrive,v3,471355,471355,NA,"Buffington, Matthew",825106,Right,MIA_RED,035b78de-9e6f-4e00-b6ce-59b41b809d11,54.77021,-126.06355,11.97235,6.42201,-3.18777,-8.96457,-0.59573,0.85929,-2.19263,243.968497,0.28113,75.63745,-15.10158,3.04849,-0.4383,-0.04987,0.05705,-0.01638,0.0018,3.14076,32.25164,-17.21277,1.19225,-0.38727,0.21446,-0.09085,0.02255,-0.00235,-0.70486,55.3252,-0.15485,-0.19488,-0.09189,0.14945,-0.07841,0.02026,-0.00213,NA,NA,NA,NA,NA,NA,NA,NA,NA,NA,NA,NA,NA,NA,NA,NA,NA,NA,NA,NA,NA,NA,High,High,High,High,High,NA,NA,NA
107,2025-10-08,16:14:17,1,1,"Novak, Cameron",10108396,Right,MIA_RED,"Appelwick, Evan",695485,Right,MIA_RED,Undefined,2,Bottom,0,0,2,ChangeUp,Changeup,BallCalled,Undefined,Undefined,Undefined,0,0,NA,81.01296,0.795364,-1.131643,1526.494291,216.680806,01:15:00,6.30238,0.69399,5.94715,-28.39242,13.52131,9.21808,4.67424,0.41243,74.96521,-4.496064,0.524197,0.465961,NA,NA,NA,NA,NA,NA,NA,NA,NA,NA,NA,-4.98236,7.11855,-0.60898,50,6.34958,1.976,-117.82253,0.7891,-7.09978,19.51005,-22.03021,MIA_RED,MIA_RED,McKieFieldStad,TeamExclusive,Team,20251008-McKieFieldStad-Private-1,5ee54480-a483-11f0-802c-2fbfe65f043a,80.89182,NA,NA,6.04775,NA,NA,NA,NA,NA,NA,b79b2875-734e-4804-b678-a189f4c168b8,2025-10-08,20:14:17,2025-10-08T20:14:17Z,2025-10-08T20:14:17Z,NA,v3,471355,471355,NA,"Buffington, Matthew",825106,Right,MIA_RED,4a38ee0a-d0c6-4357-85ed-068a957c015b,54.55052,-118.57365,9.75502,6.30288,1.63725,-11.01511,-0.69032,2.24934,-3.54989,NA,NA,NA,NA,NA,NA,NA,NA,NA,NA,NA,NA,NA,NA,NA,NA,NA,NA,NA,NA,NA,NA,NA,NA,NA,NA,NA,NA,NA,NA,NA,NA,NA,NA,NA,NA,NA,NA,NA,NA,NA,NA,NA,NA,NA,NA,NA,NA,NA,NA,High,High,High,NA,NA,NA,NA,NA
111,2025-10-08,16:14:38,1,1,"Novak, Cameron",10108396,Right,MIA_RED,"Appelwick, Evan",695485,Right,MIA_RED,Undefined,2,Bottom,0,1,2,Fastball,Changeup,BallCalled,Undefined,Undefined,Undefined,0,0,NA,86.35184,-4.474744,-1.687384,1859.21936,215.641099,01:15:00,6.36236,0.55331,5.89038,-21.04466,16.19969,10.83855,0.4436,-0.11066,80.16603,-8.375202,0.259304,0.43924,NA,NA,NA,NA,NA,NA,NA,NA,NA,NA,NA,-6.02008,9.76162,-0.42383,50,5.98884,3.26389,-125.20667,-10.45168,-9.66767,22.52432,-16.49787,MIA_RED,MIA_RED,McKieFieldStad,TeamExclusive,Team,20251008-McKieFieldStad-Private-1,6aca4fc0-a483-11f0-802c-2fbfe65f043a,85.81291,NA,NA,6.18581,NA,NA,NA,NA,NA,NA,b79b2875-734e-4804-b678-a189f4c168b8,2025-10-08,20:14:38,2025-10-08T20:14:38Z,2025-10-08T20:14:38Z,NA,v3,471355,471355,NA,"Buffington, Matthew",825106,Right,MIA_RED,b6fd8fb6-f460-443b-97d1-5884a4002d39,54.60962,-126.0332,11.26216,6.36125,-9.84629,-8.24893,-0.55011,3.61864,-4.83384,NA,NA,NA,NA,NA,NA,NA,NA,NA,NA,NA,NA,NA,NA,NA,NA,NA,NA,NA,NA,NA,NA,NA,NA,NA,NA,NA,NA,NA,NA,NA,NA,NA,NA,NA,NA,NA,NA,NA,NA,NA,NA,NA,NA,NA,NA,NA,NA,NA,NA,High,High,High,NA,NA,NA,NA,NA
115,2025-10-08,16:15:05,1,1,"Novak, Cameron",10108396,Right,MIA_RED,"Appelwick, Evan",695485,Right,MIA_RED,Undefined,2,Bottom,0,2,2,Slider,Slider,StrikeSwinging,Strikeout,Undefined,Undefined,0,0,NA,78.43948,-0.563549,0.119573,2067.697597,136.170315,10:30:00,6.3324,0.58559,5.39677,-37.89073,8.17178,-6.49918,2.64672,0.15604,72.30296,-7.499611,-1.037693,0.488478,NA,NA,NA,NA,NA,NA,NA,NA,NA,NA,NA,3.29579,4.69945,-0.59157,50,6.25567,0.01838,-113.91953,-2.36837,4.34787,20.16689,-25.97444,MIA_RED,MIA_RED,McKieFieldStad,TeamExclusive,Team,20251008-McKieFieldStad-Private-1,7b7ff5e0-a483-11f0-802c-2fbfe65f043a,77.16302,NA,NA,6.13652,NA,NA,NA,NA,NA,NA,b79b2875-734e-4804-b678-a189f4c168b8,2025-10-08,20:15:05,2025-10-08T20:15:05Z,2025-10-08T20:15:05Z,NA,v3,471355,471355,NA,"Buffington, Matthew",825106,Right,MIA_RED,a17c4e9c-2f62-402d-b5f1-bf8dc566216c,55.10043,-114.8189,10.08345,6.33546,-1.21,-12.98722,-0.58807,-0.17552,2.17393,NA,NA,NA,NA,NA,NA,NA,NA,NA,NA,NA,NA,NA,NA,NA,NA,NA,NA,NA,NA,NA,NA,NA,NA,NA,NA,NA,NA,NA,NA,NA,NA,NA,NA,NA,NA,NA,NA,NA,NA,NA,NA,NA,NA,NA,NA,NA,NA,NA,NA,High,High,High,NA,NA,NA,NA,NA
117,2025-10-08,16:15:36,1,1,"Novak, Cameron",10108396,Right,MIA_RED,"Novak, Ryan",10035937,Left,MIA_RED,Undefined,2,Bottom,1,0,0,Curveball,Curveball,BallCalled,Undefined,Undefined,Undefined,0,0,NA,73.37421,0.388519,-0.596832,2246.532733,46.243922,07:30:00,6.36721,0.89838,5.06207,-63.02397,-9.79993,-11.83705,1.4816,-0.65084,68.32376,-10.910967,-2.69637,0.52508,NA,NA,NA,NA,NA,NA,NA,NA,NA,NA,NA,5.74689,-4.54441,-0.83183,50,6.35354,1.55658,-106.63493,-1.41041,6.64111,17.7158,-37.42556,MIA_RED,MIA_RED,McKieFieldStad,TeamExclusive,Team,20251008-McKieFieldStad-Private-1,8df9e140-a483-11f0-802c-2fbfe65f043a,71.7842,NA,NA,5.05045,NA,NA,NA,NA,NA,NA,b79b2875-734e-4804-b678-a189f4c168b8,2025-10-08,20:15:36,2025-10-08T20:15:36Z,2025-10-08T20:15:36Z,NA,v3,471355,471355,NA,"Buffington, Matthew",825106,Right,MIA_RED,2e48e678-f85c-4ee1-976b-e96d8a1ba9e4,55.44071,-107.53503,8.8579,6.37689,0.49109,-18.71278,-0.90234,1.21916,3.32055,NA,NA,NA,NA,NA,NA,NA,NA,NA,NA,NA,NA,NA,NA,NA,NA,NA,NA,NA,NA,NA,NA,NA,NA,NA,NA,NA,NA,NA,NA,NA,NA,NA,NA,NA,NA,NA,NA,NA,NA,NA,NA,NA,NA,NA,NA,NA,NA,NA,NA,High,High,High,NA,NA,NA,NA,NA
119,2025-10-08,16:15:54,1,1,"Novak, Cameron",10108396,Right,MIA_RED,"Novak, Ryan",10035937,Left,MIA_RED,Undefined,2,Bottom,1,1,0,ChangeUp,Changeup,BallCalled,Undefined,Undefined,Undefined,0,0,NA,79.99187,0.065265,-0.32252,1549.977367,210.660225,01:00:00,6.35237,0.68468,5.78222,-28.23659,15.35765,8.32792,4.06005,1.0786,73.53228,-5.203319,1.169328,0.475211,NA,NA,NA,NA,NA,NA,NA,NA,NA,NA,NA,-4.31929,8.22016,-0.66308,50,6.34077,0.33318,-116.24135,-0.70846,-5.93994,20.7493,-20.86959,MIA_RED,MIA_RED,McKieFieldStad,TeamExclusive,Team,20251008-McKieFieldStad-Private-1,982c8190-a483-11f0-802c-2fbfe65f043a,79.31735,NA,NA,6.45959,NA,NA,NA,NA,NA,NA,b79b2875-734e-4804-b678-a189f4c168b8,2025-10-08,20:15:54,2025-10-08T20:15:54Z,2025-10-08T20:15:54Z,NA,v3,471355,471355,NA,"Buffington, Matthew",825106,Right,MIA_RED,d6f85fa8-290e-4fb9-ac03-1e04f4ab91c4,54.71439,-117.07986,10.37465,6.35236,0.1349,-10.4348,-0.68139,0.57322,-2.96997,NA,NA,NA,NA,NA,NA,NA,NA,NA,NA,NA,NA,NA,NA,NA,NA,NA,NA,NA,NA,NA,NA,NA,NA,NA,NA,NA,NA,77.53454,1.943062,0.653926,1.289136,-2.04022,3.73344,-1.15208,-2.10136,5.77104,0.74337,127.27835,1.74749,0.56427,-1.97381,111.63678,-8.90192,5.77991,11.32466,-11.21945,0.67467,-4.75493,3.66355,High,High,High,NA,NA,High,High,High
121,2025-10-08,16:16:26,1,1,"Novak, Cameron",10108396,Right,MIA_RED,"Novak, Ryan",10035937,Left,MIA_RED,Undefined,2,Bottom,1,2,0,Fastball,Changeup,BallCalled,Undefined,Undefined,Undefined,0,0,NA,85.63733,-0.452223,1.182029,1767.426025,200.891728,12:45:00,6.33116,0.81763,5.75201,-22.96982,14.85702,5.27024,3.99594,2.35733,79.23369,-4.730866,2.125069,0.442661,NA,NA,NA,NA,NA,NA,NA,NA,NA,NA,NA,-2.3989,8.01725,-0.91895,50,6.27956,-2.78438,-124.51447,-1.71123,-3.81321,22.06966,-19.43,MIA_RED,MIA_RED,McKieFieldStad,TeamExclusive,Team,20251008-McKieFieldStad-Private-1,ab1de6e0-a483-11f0-802c-2fbfe65f043a,85.14965,NA,NA,6.40364,NA,NA,NA,NA,NA,NA,b79b2875-734e-4804-b678-a189f4c168b8,2025-10-08,20:16:26,2025-10-08T20:16:26Z,2025-10-08T20:16:26Z,NA,v3,471355,471355,NA,"Buffington, Matthew",825106,Right,MIA_RED,9c817b3d-ab83-49de-a104-5a299e71e907,54.746,-125.35285,11.03483,6.33055,-0.97312,-9.715,-0.81593,-2.63953,-1.90661,NA,NA,NA,NA,NA,NA,NA,NA,NA,NA,NA,NA,NA,NA,NA,NA,NA,NA,NA,NA,NA,NA,NA,NA,NA,NA,NA,NA,NA,NA,NA,NA,NA,NA,NA,NA,NA,NA,NA,NA,NA,NA,NA,NA,NA,NA,NA,NA,NA,NA,High,High,High,NA,NA,NA,NA,NA
123,2025-10-08,16:16:42,1,1,"Novak, Cameron",10108396,Right,MIA_RED,"Novak, Ryan",10035937,Left,MIA_RED,Undefined,2,Bottom,1,3,0,Fastball,Changeup,StrikeCalled,Undefined,Undefined,Undefined,0,0,NA,85.20845,-2.395479,-1.134425,1717.292964,216.716726,01:15:00,6.20034,0.65876,5.8415,-26.06434,11.80516,8.06977,1.80035,0.27682,79.62534,-7.195921,0.314054,0.442911,NA,NA,NA,NA,NA,NA,NA,NA,NA,NA,NA,-4.4141,6.89796,-0.5713,50,5.98963,2.13996,-123.92103,-6.02837,-6.99794,20.23134,-21.2383,MIA_RED,MIA_RED,McKieFieldStad,TeamExclusive,Team,20251008-McKieFieldStad-Private-1,b4c49ae0-a483-11f0-802c-2fbfe65f043a,85.10165,NA,NA,5.58311,NA,NA,NA,NA,NA,NA,b79b2875-734e-4804-b678-a189f4c168b8,2025-10-08,20:16:42,2025-10-08T20:16:42Z,2025-10-08T20:16:42Z,NA,v3,471355,471355,NA,"Buffington, Matthew",825106,Right,MIA_RED,bb52f2aa-873c-4e4c-8c29-94efcb303c63,54.65883,-124.67931,10.11567,6.20066,-5.23235,-10.61915,-0.65642,2.40225,-3.49897,NA,NA,NA,NA,NA,NA,NA,NA,NA,NA,NA,NA,NA,NA,NA,NA,NA,NA,NA,NA,NA,NA,NA,NA,NA,NA,NA,NA,82.00124,1.440221,0.646349,0.793872,0.85702,1.7294,-0.27997,-0.77973,5.03246,-3.25097,62.42308,2.60215,-62.35214,-0.77372,83.37093,-4.75457,5.04553,7.37485,-13.19141,-3.30735,-85.26782,13.82166,High,High,High,NA,NA,High,High,High
124,2025-10-08,16:17:09,1,2,"Novak, Cameron",10108396,Right,MIA_RED,"Novak, Ryan",10035937,Left,MIA_RED,Undefined,2,Bottom,1,3,1,Fastball,Changeup,BallCalled,Walk,Undefined,Undefined,0,0,NA,84.38627,-1.284122,0.404837,1740.940359,208.942404,01:00:00,6.26797,0.7862,5.76275,-24.31135,14.84867,7.56768,3.04664,1.79364,77.76322,-5.81299,1.760322,0.450394,NA,NA,NA,NA,NA,NA,NA,NA,NA,NA,NA,-3.74599,8.26611,-0.8243,50,6.1469,-1.17312,-122.62101,-3.50859,-5.7411,22.7465,-19.50542,MIA_RED,MIA_RED,McKieFieldStad,TeamExclusive,Team,20251008-McKieFieldStad-Private-1,c4e0e730-a483-11f0-802c-2fbfe65f043a,83.68765,NA,NA,6.62305,NA,NA,NA,NA,NA,NA,b79b2875-734e-4804-b678-a189f4c168b8,2025-10-08,20:17:09,2025-10-08T20:17:09Z,2025-10-08T20:17:09Z,NA,v3,471355,471355,NA,"Buffington, Matthew",825106,Right,MIA_RED,26241280-1f50-438c-b9b6-6a6d5faa24ef,54.73447,-123.49614,11.37325,6.26745,-2.75815,-9.75271,-0.78342,-0.95224,-2.87055,NA,NA,NA,NA,NA,NA,NA,NA,NA,NA,NA,NA,NA,NA,NA,NA,NA,NA,NA,NA,NA,NA,NA,NA,NA,NA,NA,NA,NA,NA,NA,NA,NA,NA,NA,NA,NA,NA,NA,NA,NA,NA,NA,NA,NA,NA,NA,NA,NA,NA,High,High,High,NA,NA,NA,NA,NA
125,2025-10-08,16:17:40,2,1,"Novak, Cameron",10108396,Right,MIA_RED,"Phillips, Drew",1000194003,Right,MIA_RED,Undefined,2,Bottom,1,0,0,Curveball,Curveball,StrikeCalled,Undefined,Undefined,Undefined,0,0,NA,74.04354,1.573045,-0.413287,2302.629963,38.431087,07:15:00,6.26256,0.63676,5.00464,-64.62307,-12.25174,-10.91646,2.36259,-0.66308,68.74783,-10.023244,-2.345604,0.520857,NA,NA,NA,NA,NA,NA,NA,NA,NA,NA,NA,5.29532,-6.00311,-0.58787,50,6.36084,1.19999,-107.5815,0.70512,6.23307,17.89911,-39.24029,MIA_RED,MIA_RED,McKieFieldStad,TeamExclusive,Team,20251008-McKieFieldStad-Private-1,d75f8d80-a483-11f0-802c-2fbfe65f043a,72.36625,NA,NA,5.29572,NA,NA,NA,NA,NA,NA,b79b2875-734e-4804-b678-a189f4c168b8,2025-10-08,20:17:40,2025-10-08T20:17:40Z,2025-10-08T20:17:40Z,NA,v3,471355,471355,NA,"Buffington, Matthew",825106,Right,MIA_RED,510403fb-a0d0-4057-994f-7d03e9584dcf,55.49854,-108.49247,8.94956,6.27413,2.70226,-19.62014,-0.64087,0.88276,3.11654,NA,NA,NA,NA,NA,NA,NA,NA,NA,NA,NA,NA,NA,NA,NA,NA,NA,NA,NA,NA,NA,NA,NA,NA,NA,NA,NA,NA,NA,NA,NA,NA,NA,NA,NA,NA,NA,NA,NA,NA,NA,NA,NA,NA,NA,NA,NA,NA,NA,NA,High,High,High,NA,NA,NA,NA,NA
126,2025-10-08,16:17:59,2,2,"Ross, Luke",1000078058,Left,MIA_RED,"Phillips, Drew",1000194003,Right,MIA_RED,Undefined,2,Bottom,2,0,1,Curveball,Curveball,InPlay,Undefined,GroundBall,Out,1,0,NA,75.43038,0.544038,-0.406407,2300.65738,47.821519,07:30:00,6.2755,0.60917,5.14193,-59.22672,-9.23016,-11.71359,1.8522,-0.74962,70.35395,-10.096203,-2.486249,0.508911,80.07577,-3.545075,-20.587296,NA,NA,NA,NA,22.13224,21.09674,-17.313943,0.182279,5.79461,-4.42996,-0.56154,50,6.2798,1.21978,-109.68607,-0.98453,7.11624,17.93792,-37.61441,MIA_RED,MIA_RED,McKieFieldStad,TeamExclusive,Team,20251008-McKieFieldStad-Private-1,e2e2f0c0-a483-11f0-9932-9bf1a4eb5fca,74.06493,1.94354,NA,5.07644,NA,NA,NA,1.60688,1.94354,0.78922,b79b2875-734e-4804-b678-a189f4c168b8,2025-10-08,20:17:59,2025-10-08T20:17:59Z,2025-10-08T20:17:59Z,GroundBall,v3,471355,471355,NA,"Buffington, Matthew",825106,Right,MIA_RED,27710087-518b-4f8f-ad5f-16b67090a5e1,55.36136,-110.55938,8.96896,6.28316,0.84674,-18.80721,-0.61249,0.87332,3.55812,18.843133,1.60741,109.69516,-14.25547,NA,NA,NA,NA,NA,NA,1.94411,-7.30294,-18.46433,NA,NA,NA,NA,NA,NA,0.7891,-41.21,4.09351,NA,NA,NA,NA,NA,NA,NA,NA,NA,NA,NA,NA,NA,NA,NA,NA,NA,NA,NA,NA,NA,NA,NA,NA,NA,NA,NA,NA,High,High,High,High,High,NA,NA,NA
127,2025-10-08,16:20:22,1,1,"Ross, Luke",1000078058,Left,MIA_RED,"Vrlak, Jake",1000131822,Right,MIA_RED,Undefined,3,Top,0,0,0,FourSeamFastBall,Four-Seam,StrikeCalled,Undefined,Undefined,Undefined,0,0,NA,85.77027,-1.023057,1.99499,2123.671447,139.408306,10:45:00,5.71043,-0.63538,6.15053,-21.83084,15.47733,-12.32434,2.94526,0.18161,79.04034,-5.13453,-0.227063,0.439616,NA,NA,NA,NA,NA,NA,NA,NA,NA,NA,NA,6.88154,8.60922,0.48984,50,5.62121,-3.86341,-124.68354,-2.86112,10.9203,23.17484,-18.51214,MIA_RED,MIA_RED,McKieFieldStad,TeamExclusive,Team,20251008-McKieFieldStad-Private-1,37ec5980-a484-11f0-9932-9bf1a4eb5fca,85.73947,NA,NA,6.72994,NA,NA,NA,NA,NA,NA,b79b2875-734e-4804-b678-a189f4c168b8,2025-10-08,20:20:22,2025-10-08T20:20:22Z,2025-10-08T20:20:22Z,NA,v3,471355,471355,NA,"Raether, Carson",1000338521,Right,MIA_RED,4d58ee8c-6f5c-4f4a-a77a-15f5251592eb,54.34788,-125.48907,11.58742,5.70948,-2.21766,-9.25607,0.63073,-4.24299,5.46015,NA,NA,NA,NA,NA,NA,NA,NA,NA,NA,NA,NA,NA,NA,NA,NA,NA,NA,NA,NA,NA,NA,NA,NA,NA,NA,NA,NA,NA,NA,NA,NA,NA,NA,NA,NA,NA,NA,NA,NA,NA,NA,NA,NA,NA,NA,NA,NA,NA,NA,High,High,High,NA,NA,NA,NA,NA
128,2025-10-08,16:20:39,1,2,"Ross, Luke",1000078058,Left,MIA_RED,"Vrlak, Jake",1000131822,Right,MIA_RED,Undefined,3,Top,0,0,0,Fastball,Sinker,FoulBallNotFieldable,Undefined,Undefined,Undefined,0,0,NA,86.30227,-0.16976,1.495201,2188.866718,135.316848,10:30:00,5.65534,-0.64674,6.21906,-22.03604,14.69804,-13.48032,3.66231,-0.39009,79.45356,-4.327359,-0.938906,0.43622,NA,NA,NA,NA,NA,NA,NA,NA,NA,NA,NA,7.45008,8.01193,0.54173,50,5.63152,-2.76978,-125.5464,-1.01247,11.97234,23.7839,-19.29878,MIA_RED,MIA_RED,McKieFieldStad,TeamExclusive,Team,20251008-McKieFieldStad-Private-1,4219f0c0-a484-11f0-9932-9bf1a4eb5fca,86.40686,NA,NA,6.84871,NA,NA,NA,NA,NA,NA,b79b2875-734e-4804-b678-a189f4c168b8,2025-10-08,20:20:39,2025-10-08T20:20:39Z,2025-10-08T20:20:39Z,NA,v3,471355,471355,NA,"Raether, Carson",1000338521,Right,MIA_RED,983fc2f6-9b9e-4bc1-9ef0-089ee2513a57,54.28101,-126.3548,11.89195,5.65478,-0.35652,-9.64939,0.64279,-3.17671,5.98617,NA,NA,NA,NA,NA,NA,NA,NA,NA,NA,NA,NA,NA,NA,NA,NA,NA,NA,NA,NA,NA,NA,NA,NA,NA,NA,NA,NA,NA,NA,NA,NA,NA,NA,NA,NA,NA,NA,NA,NA,NA,NA,NA,NA,NA,NA,NA,NA,NA,NA,High,High,High,NA,NA,NA,NA,NA
129,2025-10-08,16:21:05,1,3,"Ross, Luke",1000078058,Left,MIA_RED,"Vrlak, Jake",1000131822,Right,MIA_RED,Undefined,3,Top,0,0,2,Slider,Curveball,InPlay,Undefined,GroundBall,Out,1,0,NA,74.94012,1.249129,-1.543605,2020.227821,301.595495,04:00:00,5.5156,-0.7397,5.63211,-56.58901,-6.94473,13.49536,1.9659,-1.05562,69.80189,-9.037386,0.871494,0.507114,NA,NA,NA,NA,NA,NA,NA,NA,NA,NA,NA,-7.31764,-3.55508,0.86186,50,5.58468,2.46443,-109.01312,0.596,-8.89844,17.27514,-36.49713,MIA_RED,MIA_RED,McKieFieldStad,TeamExclusive,Team,20251008-McKieFieldStad-Private-1,51978c10-a484-11f0-9932-9bf1a4eb5fca,74.3273,NA,NA,5.13823,NA,NA,NA,NA,NA,NA,b79b2875-734e-4804-b678-a189f4c168b8,2025-10-08,20:21:05,2025-10-08T20:21:05Z,2025-10-08T20:21:05Z,NA,v3,471355,471355,NA,"Raether, Carson",1000338521,Right,MIA_RED,50763769-90a9-4836-ba7c-cfa2dfec8f22,54.87126,-109.78235,8.63757,5.52196,2.22114,-18.24856,0.7433,2.86066,-4.44922,NA,NA,NA,NA,NA,NA,NA,NA,NA,NA,NA,NA,NA,NA,NA,NA,NA,NA,NA,NA,NA,NA,NA,NA,NA,NA,NA,NA,NA,NA,NA,NA,NA,NA,NA,NA,NA,NA,NA,NA,NA,NA,NA,NA,NA,NA,NA,NA,NA,NA,High,High,High,NA,NA,NA,NA,NA
130,2025-10-08,16:21:36,2,1,"Ross, Luke",1000078058,Left,MIA_RED,"Dierks, Marcus",10322729,Left,MIA_RED,Undefined,3,Top,1,0,0,Slider,Changeup,StrikeSwinging,Undefined,Undefined,Undefined,0,0,NA,82.50177,-0.928562,2.44155,1552.758595,97.102231,09:15:00,5.33797,-1.19146,6.63696,-36.28423,3.27984,-17.20351,1.46337,-0.38859,76.42151,-7.690472,-0.693035,0.452712,NA,NA,NA,NA,NA,NA,NA,NA,NA,NA,NA,9.73808,2.30539,1.03309,50,5.26042,-4.53111,-120.04551,-2.98063,14.31499,21.63741,-28.78512,MIA_RED,MIA_RED,McKieFieldStad,TeamExclusive,Team,20251008-McKieFieldStad-Private-1,646b0920-a484-11f0-9932-9bf1a4eb5fca,83.25924,NA,NA,6.08025,NA,NA,NA,NA,NA,NA,b79b2875-734e-4804-b678-a189f4c168b8,2025-10-08,20:21:36,2025-10-08T20:21:36Z,2025-10-08T20:21:36Z,NA,v3,471355,471355,NA,"Raether, Carson",1000338521,Right,MIA_RED,be2c893b-4092-4692-8048-21fb0b15be77,53.86404,-120.73997,10.81871,5.34125,-2.05677,-14.39256,1.1859,-4.99055,7.1575,NA,NA,NA,NA,NA,NA,NA,NA,NA,NA,NA,NA,NA,NA,NA,NA,NA,NA,NA,NA,NA,NA,NA,NA,NA,NA,NA,NA,NA,NA,NA,NA,NA,NA,NA,NA,NA,NA,NA,NA,NA,NA,NA,NA,NA,NA,NA,NA,NA,NA,High,High,High,NA,NA,NA,NA,NA
131,2025-10-08,16:21:56,2,2,"Ross, Luke",1000078058,Left,MIA_RED,"Dierks, Marcus",10322729,Left,MIA_RED,Undefined,3,Top,1,0,1,ChangeUp,Changeup,BallCalled,Undefined,Undefined,Undefined,0,0,NA,82.99893,-1.936573,2.330451,1645.451648,99.401518,09:15:00,5.33554,-1.06001,6.53126,-35.16545,3.92973,-17.28521,0.62652,-0.36153,77.35771,-8.453167,-0.814541,0.450021,NA,NA,NA,NA,NA,NA,NA,NA,NA,NA,NA,9.74989,2.82638,0.9057,50,5.18564,-4.32863,-120.76848,-5.10571,14.57689,20.80513,-27.94836,MIA_RED,MIA_RED,McKieFieldStad,TeamExclusive,Team,20251008-McKieFieldStad-Private-1,7031de00-a484-11f0-9932-9bf1a4eb5fca,83.75704,NA,NA,5.64121,NA,NA,NA,NA,NA,NA,b79b2875-734e-4804-b678-a189f4c168b8,2025-10-08,20:21:56,2025-10-08T20:21:56Z,2025-10-08T20:21:56Z,NA,v3,471355,471355,NA,"Raether, Carson",1000338521,Right,MIA_RED,c045c5b3-48d0-4504-ba71-8e7677f16a53,53.97081,-121.45061,10.40257,5.33802,-4.18937,-13.97418,1.05546,-4.80656,7.28845,NA,NA,NA,NA,NA,NA,NA,NA,NA,NA,NA,NA,NA,NA,NA,NA,NA,NA,NA,NA,NA,NA,NA,NA,NA,NA,NA,NA,NA,NA,NA,NA,NA,NA,NA,NA,NA,NA,NA,NA,NA,NA,NA,NA,NA,NA,NA,NA,NA,NA,High,High,High,NA,NA,NA,NA,NA
132,2025-10-08,16:22:20,2,3,"Ross, Luke",1000078058,Left,MIA_RED,"Dierks, Marcus",10322729,Left,MIA_RED,Undefined,3,Top,1,1,1,Slider,Curveball,StrikeCalled,Undefined,Undefined,Undefined,0,0,NA,75.7336,1.006188,-1.214261,2150.425821,309.880027,04:15:00,5.5481,-1.06376,5.40803,-58.69487,-9.32394,12.90457,1.59988,-1.1262,70.131,-9.621678,1.087471,0.505716,NA,NA,NA,NA,NA,NA,NA,NA,NA,NA,NA,-6.83398,-4.53626,1.16247,50,5.59621,1.8472,-110.07103,-0.031,-8.40772,19.02298,-37.75494,MIA_RED,MIA_RED,McKieFieldStad,TeamExclusive,Team,20251008-McKieFieldStad-Private-1,7e589be0-a484-11f0-9932-9bf1a4eb5fca,74.53275,NA,NA,5.6026,NA,NA,NA,NA,NA,NA,b79b2875-734e-4804-b678-a189f4c168b8,2025-10-08,20:22:20,2025-10-08T20:22:20Z,2025-10-08T20:22:20Z,NA,v3,471355,471355,NA,"Raether, Carson",1000338521,Right,MIA_RED,c5de06f5-6651-45ea-8737-34ee23b1e510,55.09431,-110.94796,9.51149,5.55753,1.70945,-18.87747,1.06838,2.23479,-4.20386,NA,NA,NA,NA,NA,NA,NA,NA,NA,NA,NA,NA,NA,NA,NA,NA,NA,NA,NA,NA,NA,NA,NA,NA,NA,NA,NA,NA,NA,NA,NA,NA,NA,NA,NA,NA,NA,NA,NA,NA,NA,NA,NA,NA,NA,NA,NA,NA,NA,NA,High,High,High,NA,NA,NA,NA,NA
133,2025-10-08,16:22:41,2,4,"Ross, Luke",1000078058,Left,MIA_RED,"Dierks, Marcus",10322729,Left,MIA_RED,Undefined,3,Top,1,1,2,ChangeUp,Changeup,StrikeSwinging,Strikeout,Undefined,Undefined,0,0,NA,82.40002,-0.912075,1.129973,1596.818597,113.793648,09:45:00,5.4024,-1.07668,6.54522,-30.56545,9.03701,-18.03198,2.01861,-1.54295,76.53942,-6.62432,-2.149759,0.452932,NA,NA,NA,NA,NA,NA,NA,NA,NA,NA,NA,9.7806,5.31677,1.00582,50,5.32612,-1.74219,-119.9898,-2.76594,14.42661,20.66319,-24.33169,MIA_RED,MIA_RED,McKieFieldStad,TeamExclusive,Team,20251008-McKieFieldStad-Private-1,8ae86610-a484-11f0-9932-9bf1a4eb5fca,83.21883,NA,NA,5.8606,NA,NA,NA,NA,NA,NA,b79b2875-734e-4804-b678-a189f4c168b8,2025-10-08,20:22:41,2025-10-08T20:22:41Z,2025-10-08T20:22:41Z,NA,v3,471355,471355,NA,"Raether, Carson",1000338521,Right,MIA_RED,ef3aaabb-cc37-4a19-bc53-2fb53cca8cce,53.95538,-120.66902,10.33159,5.40389,-1.96613,-12.16585,1.07089,-2.21641,7.21331,NA,NA,NA,NA,NA,NA,NA,NA,NA,NA,NA,NA,NA,NA,NA,NA,NA,NA,NA,NA,NA,NA,NA,NA,NA,NA,NA,NA,NA,NA,NA,NA,NA,NA,NA,NA,NA,NA,NA,NA,NA,NA,NA,NA,NA,NA,NA,NA,NA,NA,High,High,High,NA,NA,NA,NA,NA
134,2025-10-08,16:23:13,3,1,"Ross, Luke",1000078058,Left,MIA_RED,"Krupinski, Dom",702597,Left,MIA_RED,Undefined,3,Top,2,0,0,Fastball,Four-Seam,FoulBallNotFieldable,Undefined,Undefined,Undefined,0,0,NA,86.68302,-0.971163,2.166445,2118.1498,139.55789,10:45:00,5.65448,-0.56691,6.1271,-20.31737,16.18418,-12.89835,3.06293,0.36176,79.97004,-4.803162,-0.157587,0.434838,NA,NA,NA,NA,NA,NA,NA,NA,NA,NA,NA,7.2639,8.9543,0.40811,50,5.56952,-4.27175,-126.03729,-2.73017,11.79461,23.35421,-17.63471,MIA_RED,MIA_RED,McKieFieldStad,TeamExclusive,Team,20251008-McKieFieldStad-Private-1,9e62d180-a484-11f0-9932-9bf1a4eb5fca,86.68164,NA,NA,6.71297,NA,NA,NA,NA,NA,NA,b79b2875-734e-4804-b678-a189f4c168b8,2025-10-08,20:23:13,2025-10-08T20:23:13Z,2025-10-08T20:23:13Z,NA,v3,471355,471355,NA,"Raether, Carson",1000338521,Right,MIA_RED,d75aca19-a230-4b07-bbd5-faa2ce9df796,54.37277,-126.84496,11.67711,5.65339,-2.1203,-8.81736,0.56289,-4.67964,5.89731,NA,NA,NA,NA,NA,NA,NA,NA,NA,NA,NA,NA,NA,NA,NA,NA,NA,NA,NA,NA,NA,NA,NA,NA,NA,NA,NA,NA,NA,NA,NA,NA,NA,NA,NA,NA,NA,NA,NA,NA,NA,NA,NA,NA,NA,NA,NA,NA,NA,NA,High,High,High,NA,NA,NA,NA,NA
135,2025-10-08,16:23:44,3,2,"Ross, Luke",1000078058,Left,MIA_RED,"Krupinski, Dom",702597,Left,MIA_RED,Undefined,3,Top,2,0,1,Slider,Curveball,StrikeCalled,Undefined,Undefined,Undefined,0,0,NA,74.45991,1.402633,-0.06085,1955.782701,315.008595,04:30:00,5.50288,-1.04938,5.65193,-58.9785,-8.78563,10.1276,1.89644,-0.26217,69.48211,-9.309928,1.752887,0.509909,NA,NA,NA,NA,NA,NA,NA,NA,NA,NA,NA,-5.18107,-4.43012,1.0479,50,5.5837,-0.2442,-108.35457,0.78764,-6.22849,16.95031,-37.49977,MIA_RED,MIA_RED,McKieFieldStad,TeamExclusive,Team,20251008-McKieFieldStad-Private-1,b0643180-a484-11f0-9932-9bf1a4eb5fca,73.91997,NA,NA,4.9778,NA,NA,NA,NA,NA,NA,b79b2875-734e-4804-b678-a189f4c168b8,2025-10-08,20:23:44,2025-10-08T20:23:44Z,2025-10-08T20:23:44Z,NA,v3,471355,471355,NA,"Raether, Carson",1000338521,Right,MIA_RED,369d2c7f-8d18-4eca-b178-77a596e9635a,54.85125,-109.11083000000001,8.47515,5.51123,2.46074,-18.74989,1.0526,0.03369,-3.11425,NA,NA,NA,NA,NA,NA,NA,NA,NA,NA,NA,NA,NA,NA,NA,NA,NA,NA,NA,NA,NA,NA,NA,NA,NA,NA,NA,NA,NA,NA,NA,NA,NA,NA,NA,NA,NA,NA,NA,NA,NA,NA,NA,NA,NA,NA,NA,NA,NA,NA,High,High,High,NA,NA,NA,NA,NA
136,2025-10-08,16:24:03,3,3,"Ross, Luke",1000078058,Left,MIA_RED,"Krupinski, Dom",702597,Left,MIA_RED,Undefined,3,Top,2,0,2,Fastball,Sinker,BallCalled,Undefined,Undefined,Undefined,0,0,NA,86.28506,-3.159728,5.041816,2128.879465,135.768658,10:30:00,5.68519,-0.5282,6.10639,-22.83639,14.39371,-12.92009,0.84597,3.06948,79.66344,-7.421664,2.725153,0.439156,NA,NA,NA,NA,NA,NA,NA,NA,NA,NA,NA,7.9926,8.59016,0.14696,50,5.42928,-10.52019,-124.87702,-7.60501,12.73161,23.08208,-18.49055,MIA_RED,MIA_RED,McKieFieldStad,TeamExclusive,Team,20251008-McKieFieldStad-Private-1,bc3bcf40-a484-11f0-9932-9bf1a4eb5fca,85.82932,NA,NA,6.62162,NA,NA,NA,NA,NA,NA,b79b2875-734e-4804-b678-a189f4c168b8,2025-10-08,20:24:03,2025-10-08T20:24:03Z,2025-10-08T20:24:03Z,NA,v3,471355,471355,NA,"Raether, Carson",1000338521,Right,MIA_RED,37d5521f-5c6c-443f-9c3c-0092f324efeb,54.39327,-125.68644,11.54104,5.6846,-6.9566,-9.24528,0.5237,-10.96665,6.3658,NA,NA,NA,NA,NA,NA,NA,NA,NA,NA,NA,NA,NA,NA,NA,NA,NA,NA,NA,NA,NA,NA,NA,NA,NA,NA,NA,NA,NA,NA,NA,NA,NA,NA,NA,NA,NA,NA,NA,NA,NA,NA,NA,NA,NA,NA,NA,NA,NA,NA,High,High,High,NA,NA,NA,NA,NA
137,2025-10-08,16:24:26,3,4,"Ross, Luke",1000078058,Left,MIA_RED,"Krupinski, Dom",702597,Left,MIA_RED,Undefined,3,Top,2,1,2,Fastball,Four-Seam,BallCalled,Undefined,Undefined,Undefined,0,0,NA,86.67881,-2.825569,3.272765,2186.996528,144.713936,10:45:00,5.70896,-0.51219,6.41033,-21.33048,14.64808,-9.68099,1.32719,1.69337,80.74549,-6.821887,1.520915,0.431711,NA,NA,NA,NA,NA,NA,NA,NA,NA,NA,NA,5.85012,8.63032,0.28241,50,5.49649,-6.8481,-125.91595,-6.83054,9.55723,21.35555,-18.07485,MIA_RED,MIA_RED,McKieFieldStad,TeamExclusive,Team,20251008-McKieFieldStad-Private-1,c9bf9660-a484-11f0-9932-9bf1a4eb5fca,87.30941,NA,NA,5.93331,NA,NA,NA,NA,NA,NA,b79b2875-734e-4804-b678-a189f4c168b8,2025-10-08,20:24:26,2025-10-08T20:24:26Z,2025-10-08T20:24:26Z,NA,v3,471355,471355,NA,"Raether, Carson",1000338521,Right,MIA_RED,2a243826-996c-44ff-8b88-87e8708443f5,54.09022,-126.60776,10.67778,5.70828,-6.24502,-9.03742,0.50927,-7.1577,4.77862,NA,NA,NA,NA,NA,NA,NA,NA,NA,NA,NA,NA,NA,NA,NA,NA,NA,NA,NA,NA,NA,NA,NA,NA,NA,NA,NA,NA,NA,NA,NA,NA,NA,NA,NA,NA,NA,NA,NA,NA,NA,NA,NA,NA,NA,NA,NA,NA,NA,NA,High,High,High,NA,NA,NA,NA,NA
138,2025-10-08,16:25:01,3,5,"Ross, Luke",1000078058,Left,MIA_RED,"Krupinski, Dom",702597,Left,MIA_RED,Undefined,3,Top,2,2,2,Slider,Curveball,BallCalled,Undefined,Undefined,Undefined,0,0,NA,75.91638,-1.149011,0.97523,2184.501509,323.304883,04:45:00,5.5258,-0.78286,5.70475,-60.42098,-11.85245,9.86071,-0.58014,0.9476,70.9522,-12.054619,2.74821,0.50159,NA,NA,NA,NA,NA,NA,NA,NA,NA,NA,NA,-4.84071,-5.51949,0.69465,50,5.3909,-2.22165,-110.41784,-4.12379,-5.98887,19.27151,-39.0027,MIA_RED,MIA_RED,McKieFieldStad,TeamExclusive,Team,20251008-McKieFieldStad-Private-1,dea8ad00-a484-11f0-9932-9bf1a4eb5fca,75.14594,NA,NA,4.96417,NA,NA,NA,NA,NA,NA,b79b2875-734e-4804-b678-a189f4c168b8,2025-10-08,20:25:01,2025-10-08T20:25:01Z,2025-10-08T20:25:01Z,NA,v3,471355,471355,NA,"Raether, Carson",1000338521,Right,MIA_RED,a9ffd79b-4b55-4eff-832b-5b95d0246870,54.79907,-111.25228,9.63575,5.5329,-2.43501,-19.50135,0.78523,-1.96233,-2.99444,NA,NA,NA,NA,NA,NA,NA,NA,NA,NA,NA,NA,NA,NA,NA,NA,NA,NA,NA,NA,NA,NA,NA,NA,NA,NA,NA,NA,NA,NA,NA,NA,NA,NA,NA,NA,NA,NA,NA,NA,NA,NA,NA,NA,NA,NA,NA,NA,NA,NA,High,High,High,NA,NA,NA,NA,NA
139,2025-10-08,16:25:46,3,6,"Ross, Luke",1000078058,Left,MIA_RED,"Krupinski, Dom",702597,Left,MIA_RED,Undefined,3,Top,2,3,2,Slider,Curveball,BallCalled,Walk,Undefined,Undefined,0,0,NA,75.75642,0.330182,0.980781,2225.847768,320.946603,04:45:00,5.54288,-0.89316,5.56362,-60.92724,-11.96268,10.83162,0.77411,0.9258,70.5585,-10.685848,2.919671,0.503631,NA,NA,NA,NA,NA,NA,NA,NA,NA,NA,NA,-5.26803,-5.82268,0.80112,50,5.53055,-2.27819,-110.18932,-1.35123,-6.50031,18.91727,-39.35873,MIA_RED,MIA_RED,McKieFieldStad,TeamExclusive,Team,20251008-McKieFieldStad-Private-1,f934f0c0-a484-11f0-9932-9bf1a4eb5fca,74.8414,NA,NA,5.19793,NA,NA,NA,NA,NA,NA,b79b2875-734e-4804-b678-a189f4c168b8,2025-10-08,20:25:46,2025-10-08T20:25:46Z,2025-10-08T20:25:46Z,NA,v3,471355,471355,NA,"Raether, Carson",1000338521,Right,MIA_RED,540fd070-9c91-4735-95f0-edacd53432f6,54.93993,-111.03416,9.45864,5.55165,0.40653,-19.67937,0.89638,-1.98788,-3.25015,NA,NA,NA,NA,NA,NA,NA,NA,NA,NA,NA,NA,NA,NA,NA,NA,NA,NA,NA,NA,NA,NA,NA,NA,NA,NA,NA,NA,NA,NA,NA,NA,NA,NA,NA,NA,NA,NA,NA,NA,NA,NA,NA,NA,NA,NA,NA,NA,NA,NA,High,High,High,NA,NA,NA,NA,NA
140,2025-10-08,16:26:10,4,1,"Ross, Luke",1000078058,Left,MIA_RED,"Rasmussen, Jamie",10272616,Right,MIA_RED,Undefined,3,Top,2,0,0,Fastball,Changeup,BallCalled,Undefined,Undefined,Undefined,0,0,NA,85.63083,-2.510335,1.94956,2096.201146,135.236317,10:30:00,5.65877,-0.61826,6.21824,-23.84182,13.6289,-12.39241,1.35267,0.14872,78.95037,-6.974975,-0.289277,0.440573,NA,NA,NA,NA,NA,NA,NA,NA,NA,NA,NA,6.96666,8.08536,0.47844,50,5.45867,-3.76355,-124.38456,-6.15718,10.97257,23.70432,-19.43951,MIA_RED,MIA_RED,McKieFieldStad,TeamExclusive,Team,20251008-McKieFieldStad-Private-1,07ac3fa0-a485-11f0-9932-9bf1a4eb5fca,85.55332,NA,NA,6.68046,NA,NA,NA,NA,NA,NA,b79b2875-734e-4804-b678-a189f4c168b8,2025-10-08,20:26:10,2025-10-08T20:26:10Z,2025-10-08T20:26:10Z,NA,v3,471355,471355,NA,"Raether, Carson",1000338521,Right,MIA_RED,8390a6c4-06e7-4953-a2a4-fb1f730856a0,54.28073,-125.1977,11.85216,5.65845,-5.49034,-9.71975,0.614,-4.13994,5.48629,NA,NA,NA,NA,NA,NA,NA,NA,NA,NA,NA,NA,NA,NA,NA,NA,NA,NA,NA,NA,NA,NA,NA,NA,NA,NA,NA,NA,NA,NA,NA,NA,NA,NA,NA,NA,NA,NA,NA,NA,NA,NA,NA,NA,NA,NA,NA,NA,NA,NA,High,High,High,NA,NA,NA,NA,NA
141,2025-10-08,16:26:29,4,2,"Ross, Luke",1000078058,Left,MIA_RED,"Rasmussen, Jamie",10272616,Right,MIA_RED,Undefined,3,Top,2,1,0,Fastball,Four-Seam,FoulBallNotFieldable,Undefined,Undefined,Undefined,0,0,NA,86.03486,-0.928129,1.513312,2176.607133,147.142772,11:00:00,5.64472,-0.61814,6.43682,-20.31163,16.52213,-9.94067,3.09881,-0.05554,78.90138,-4.796579,-0.289048,0.436812,NA,NA,NA,NA,NA,NA,NA,NA,NA,NA,NA,5.49685,9.19626,0.51406,50,5.56914,-2.90421,-125.03626,-2.55811,8.73638,24.28245,-17.55806,MIA_RED,MIA_RED,McKieFieldStad,TeamExclusive,Team,20251008-McKieFieldStad-Private-1,12d722a0-a485-11f0-9932-9bf1a4eb5fca,86.2899,NA,NA,7.13348,NA,NA,NA,NA,NA,NA,b79b2875-734e-4804-b678-a189f4c168b8,2025-10-08,20:26:29,2025-10-08T20:26:29Z,2025-10-08T20:26:29Z,NA,v3,471355,471355,NA,"Raether, Carson",1000338521,Right,MIA_RED,983a6a1d-d1fb-451b-a483-dac5a4afea74,54.05721,-125.82172,12.14122,5.6427,-1.99016,-8.77903,0.61257,-3.1868,4.36819,NA,NA,NA,NA,NA,NA,NA,NA,NA,NA,NA,NA,NA,NA,NA,NA,NA,NA,NA,NA,NA,NA,NA,NA,NA,NA,NA,NA,NA,NA,NA,NA,NA,NA,NA,NA,NA,NA,NA,NA,NA,NA,NA,NA,NA,NA,NA,NA,NA,NA,High,High,High,NA,NA,NA,NA,NA
142,2025-10-08,16:26:53,4,3,"Ross, Luke",1000078058,Left,MIA_RED,"Rasmussen, Jamie",10272616,Right,MIA_RED,Undefined,3,Top,2,1,1,Slider,Curveball,StrikeSwinging,Undefined,Undefined,Undefined,0,0,NA,75.02306,1.193454,0.340607,2168.533263,323.114843,04:45:00,5.64283,-0.79487,5.7186,-63.02177,-13.31698,11.07442,1.5029,0.44528,69.64516,-10.257014,2.328377,0.507423,NA,NA,NA,NA,NA,NA,NA,NA,NA,NA,NA,-5.57823,-6.74083,0.75934,50,5.70306,-1.04167,-109.13322,0.27219,-6.74037,18.86006,-40.31926,MIA_RED,MIA_RED,McKieFieldStad,TeamExclusive,Team,20251008-McKieFieldStad-Private-1,21111a60-a485-11f0-9932-9bf1a4eb5fca,74.28203,NA,NA,5.3779,NA,NA,NA,NA,NA,NA,b79b2875-734e-4804-b678-a189f4c168b8,2025-10-08,20:26:53,2025-10-08T20:26:53Z,2025-10-08T20:26:53Z,NA,v3,471355,471355,NA,"Raether, Carson",1000338521,Right,MIA_RED,70ab3b63-d1aa-4b90-8a55-4795ed551a16,54.78515,-109.95706,9.43003,5.6527,2.03341,-20.15963,0.79842,-0.74723,-3.37019,NA,NA,NA,NA,NA,NA,NA,NA,NA,NA,NA,NA,NA,NA,NA,NA,NA,NA,NA,NA,NA,NA,NA,NA,NA,NA,NA,NA,NA,NA,NA,NA,NA,NA,NA,NA,NA,NA,NA,NA,NA,NA,NA,NA,NA,NA,NA,NA,NA,NA,High,High,High,NA,NA,NA,NA,NA
143,2025-10-08,16:27:13,4,4,"Ross, Luke",1000078058,Left,MIA_RED,"Rasmussen, Jamie",10272616,Right,MIA_RED,Undefined,3,Top,2,1,2,ChangeUp,Changeup,BallCalled,Undefined,Undefined,Undefined,0,0,NA,84.41165,-3.111135,3.042641,1578.062464,104.520801,09:30:00,5.37786,-1.08898,6.76423,-32.30069,5.48,-16.86493,-0.16188,0.28688,78.27588,-9.127512,-0.037979,0.442391,NA,NA,NA,NA,NA,NA,NA,NA,NA,NA,NA,9.8452,4.01961,0.8964,50,5.1617,-5.95765,-122.61899,-7.57059,15.07839,22.896,-26.01783,MIA_RED,MIA_RED,McKieFieldStad,TeamExclusive,Team,20251008-McKieFieldStad-Private-1,2d02a8c0-a485-11f0-9932-9bf1a4eb5fca,85.20165,NA,NA,6.13577,NA,NA,NA,NA,NA,NA,b79b2875-734e-4804-b678-a189f4c168b8,2025-10-08,20:27:13,2025-10-08T20:27:13Z,2025-10-08T20:27:13Z,NA,v3,471355,471355,NA,"Raether, Carson",1000338521,Right,MIA_RED,6aaef516-9ead-427a-8b42-ec10f4b6e9a2,53.73731,-123.31486,11.448,5.37977,-6.77984,-13.00892,1.08444,-6.41593,7.5392,NA,NA,NA,NA,NA,NA,NA,NA,NA,NA,NA,NA,NA,NA,NA,NA,NA,NA,NA,NA,NA,NA,NA,NA,NA,NA,NA,NA,NA,NA,NA,NA,NA,NA,NA,NA,NA,NA,NA,NA,NA,NA,NA,NA,NA,NA,NA,NA,NA,NA,High,High,High,NA,NA,NA,NA,NA
144,2025-10-08,16:27:40,4,5,"Ross, Luke",1000078058,Left,MIA_RED,"Rasmussen, Jamie",10272616,Right,MIA_RED,Undefined,3,Top,2,2,2,ChangeUp,Changeup,BallCalled,Undefined,Undefined,Undefined,0,0,NA,81.70705,-2.042755,1.615137,1561.174386,114.968331,09:45:00,5.41782,-1.20198,6.69681,-33.32266,7.02926,-12.53075,0.77146,-0.76891,75.62543,-8.267902,-0.672197,0.457197,NA,NA,NA,NA,NA,NA,NA,NA,NA,NA,NA,7.08221,4.6163,1.0992,50,5.26869,-2.93189,-118.84715,-5.14851,10.17827,21.74979,-25.53968,MIA_RED,MIA_RED,McKieFieldStad,TeamExclusive,Team,20251008-McKieFieldStad-Private-1,3cf489b0-a485-11f0-9932-9bf1a4eb5fca,82.44243,NA,NA,6.08162,NA,NA,NA,NA,NA,NA,b79b2875-734e-4804-b678-a189f4c168b8,2025-10-08,20:27:40,2025-10-08T20:27:40Z,2025-10-08T20:27:40Z,NA,v3,471355,471355,NA,"Raether, Carson",1000338521,Right,MIA_RED,63e73294-e9a4-4ae8-a29c-d0b6ff1c7f48,53.80296,-119.54109,10.87489,5.41996,-4.33365,-12.76984,1.19792,-3.25663,5.08913,NA,NA,NA,NA,NA,NA,NA,NA,NA,NA,NA,NA,NA,NA,NA,NA,NA,NA,NA,NA,NA,NA,NA,NA,NA,NA,NA,NA,NA,NA,NA,NA,NA,NA,NA,NA,NA,NA,NA,NA,NA,NA,NA,NA,NA,NA,NA,NA,NA,NA,High,High,High,NA,NA,NA,NA,NA
145,2025-10-08,16:27:57,4,6,"Ross, Luke",1000078058,Left,MIA_RED,"Rasmussen, Jamie",10272616,Right,MIA_RED,Undefined,3,Top,2,3,2,Fastball,Sinker,FoulBallNotFieldable,Undefined,Undefined,Undefined,0,0,NA,86.47325,-2.545507,0.908676,2177.785429,139.263879,10:45:00,5.62301,-0.69677,6.32086,-22.39694,13.92753,-11.12052,1.4104,-0.78654,80.2714,-6.738064,-1.105117,0.43378100000000003,NA,NA,NA,NA,NA,NA,NA,NA,NA,NA,NA,6.06764,8.20937,0.63573,50,5.42606,-1.5844800000000001,-125.76948,-6.24266,9.8375,22.58723,-18.86409,MIA_RED,MIA_RED,McKieFieldStad,TeamExclusive,Team,20251008-McKieFieldStad-Private-1,475fc630-a485-11f0-9932-9bf1a4eb5fca,86.89271,NA,NA,6.20185,NA,NA,NA,NA,NA,NA,b79b2875-734e-4804-b678-a189f4c168b8,2025-10-08,20:27:57,2025-10-08T20:27:57Z,2025-10-08T20:27:57Z,NA,v3,471355,471355,NA,"Raether, Carson",1000338521,Right,MIA_RED,ea9adfd2-563c-4e77-9065-7dcdaf4e381a,54.17944,-126.51785,11.29362,5.62254,-5.61764,-9.43204,0.69363,-1.91042,4.91875,NA,NA,NA,NA,NA,NA,NA,NA,NA,NA,NA,NA,NA,NA,NA,NA,NA,NA,NA,NA,NA,NA,NA,NA,NA,NA,NA,NA,NA,NA,NA,NA,NA,NA,NA,NA,NA,NA,NA,NA,NA,NA,NA,NA,NA,NA,NA,NA,NA,NA,High,High,High,NA,NA,NA,NA,NA
146,2025-10-08,16:28:25,4,7,"Ross, Luke",1000078058,Left,MIA_RED,"Rasmussen, Jamie",10272616,Right,MIA_RED,Undefined,3,Top,2,3,2,Fastball,Four-Seam,StrikeCalled,Strikeout,Undefined,Undefined,0,0,NA,86.44342,-1.784623,2.478102,2195.330862,143.194452,10:45:00,5.68215,-0.66571,6.55115,-21.27355,14.86875,-10.34532,2.27086,0.74592,79.88059,-5.809326,0.599303,0.432692,NA,NA,NA,NA,NA,NA,NA,NA,NA,NA,NA,6.045,8.58686,0.49856,50,5.54945,-5.05598,-125.67046,-4.49397,9.76346,23.0937,-18.30516,MIA_RED,MIA_RED,McKieFieldStad,TeamExclusive,Team,20251008-McKieFieldStad-Private-1,57e00470-a485-11f0-9932-9bf1a4eb5fca,87.11139,NA,NA,6.56284,NA,NA,NA,NA,NA,NA,b79b2875-734e-4804-b678-a189f4c168b8,2025-10-08,20:28:25,2025-10-08T20:28:25Z,2025-10-08T20:28:25Z,NA,v3,471355,471355,NA,"Raether, Carson",1000338521,Right,MIA_RED,3d4aa25e-677e-412b-8d1f-4f191a93db55,53.94733,-126.39376,11.54685,5.68122,-3.92065,-9.15258,0.6617,-5.36178,4.88173,NA,NA,NA,NA,NA,NA,NA,NA,NA,NA,NA,NA,NA,NA,NA,NA,NA,NA,NA,NA,NA,NA,NA,NA,NA,NA,NA,NA,NA,NA,NA,NA,NA,NA,NA,NA,NA,NA,NA,NA,NA,NA,NA,NA,NA,NA,NA,NA,NA,NA,High,High,High,NA,NA,NA,NA,NA
147,2025-10-08,16:31:35,1,1,"Fulk, Landon",824476,Right,MIA_RED,"Raether, Carson",1000338521,Left,MIA_RED,Undefined,3,Bottom,0,0,0,Fastball,Sinker,BallCalled,Undefined,Undefined,Undefined,0,0,NA,91.14819,-0.194011,-1.492788,2597.579722,234.585265,01:45:00,4.9261,1.7681,5.27685,-25.07371,8.87571,11.17414,2.65435,1.29693,84.35994,-4.792042,0.490126,0.419361,NA,NA,NA,NA,NA,NA,NA,NA,NA,NA,NA,-5.9478,4.78575,-1.64032,50,4.89,2.93729,-132.47683,-1.40783,-10.72074,24.51972,-23.54784,MIA_RED,MIA_RED,McKieFieldStad,TeamExclusive,Team,20251008-McKieFieldStad-Private-1,c9659a10-a485-11f0-9932-9bf1a4eb5fca,89.88074,NA,NA,6.78825,NA,NA,NA,NA,NA,NA,b79b2875-734e-4804-b678-a189f4c168b8,2025-10-08,20:31:35,2025-10-08T20:31:35Z,2025-10-08T20:31:35Z,NA,v3,471355,471355,NA,"Buffington, Matthew",825106,Right,MIA_RED,4e999f6b-db65-4a2f-b05d-0fd442c45be5,55.22219,-133.4399,12.25986,4.92713,-0.48294,-11.77392,-1.76395,3.35837,-5.36037,NA,NA,NA,NA,NA,NA,NA,NA,NA,NA,NA,NA,NA,NA,NA,NA,NA,NA,NA,NA,NA,NA,NA,NA,NA,NA,NA,NA,NA,NA,NA,NA,NA,NA,NA,NA,NA,NA,NA,NA,NA,NA,NA,NA,NA,NA,NA,NA,NA,NA,High,High,High,NA,NA,NA,NA,NA
148,2025-10-08,16:32:11,1,2,"Fulk, Landon",824476,Right,MIA_RED,"Raether, Carson",1000338521,Left,MIA_RED,Undefined,3,Bottom,0,1,0,Slider,Slider,BallCalled,Undefined,Undefined,Undefined,0,0,NA,80.14793,0.552499,-0.066513,2632.660307,75.263617,08:30:00,4.66699,1.88347,4.64649,-45.63455,-0.99807,-8.02626,1.38911,1.15142,75.04688,-7.602206,-1.476278,0.480857,NA,NA,NA,NA,NA,NA,NA,NA,NA,NA,NA,3.93855,-0.29185,-1.8689,50,4.68124,0.47701,-116.55339,-0.62968,5.53189,17.58211,-32.58398,MIA_RED,MIA_RED,McKieFieldStad,TeamExclusive,Team,20251008-McKieFieldStad-Private-1,de741300-a485-11f0-9932-9bf1a4eb5fca,78.38588,NA,NA,5.10105,NA,NA,NA,NA,NA,NA,b79b2875-734e-4804-b678-a189f4c168b8,2025-10-08,20:32:11,2025-10-08T20:32:11Z,2025-10-08T20:32:11Z,NA,v3,471355,471355,NA,"Buffington, Matthew",825106,Right,MIA_RED,8d8fc93b-012c-46a5-a63c-03a440f95822,55.85504,-117.4333,8.79106,4.67195,1.00102,-16.29199,-1.88584,0.20016,2.76594,NA,NA,NA,NA,NA,NA,NA,NA,NA,NA,NA,NA,NA,NA,NA,NA,NA,NA,NA,NA,NA,NA,NA,NA,NA,NA,NA,NA,NA,NA,NA,NA,NA,NA,NA,NA,NA,NA,NA,NA,NA,NA,NA,NA,NA,NA,NA,NA,NA,NA,High,High,High,NA,NA,NA,NA,NA
149,2025-10-08,16:32:27,1,3,"Fulk, Landon",824476,Right,MIA_RED,"Raether, Carson",1000338521,Left,MIA_RED,Undefined,3,Bottom,0,2,0,Fastball,Sinker,InPlay,Undefined,LineDrive,Single,0,1,NA,90.34119,-0.451743,-2.399128,2517.267641,233.497463,01:45:00,4.95674,1.82332,5.25203,-24.18202,10.3052,12.69587,2.51672,0.62569,83.91452,-4.883205,-0.148915,0.422669,100.29687,8.036458,7.522684,1558.744288,NA,NA,NA,119.53104,118.65374,8.651813,0.89578,-6.95713,5.54335,-1.61321,50,4.89732,4.93572,-131.30711,-1.94722,-12.3666,23.07723,-22.32051,MIA_RED,MIA_RED,McKieFieldStad,TeamExclusive,Team,20251008-McKieFieldStad-Private-1,e8285b90-a485-11f0-9932-9bf1a4eb5fca,89.17719,6.34099,NA,6.42667,NA,NA,NA,1.63768,2.57503,-0.60864,b79b2875-734e-4804-b678-a189f4c168b8,2025-10-08,20:32:27,2025-10-08T20:32:27Z,2025-10-08T20:32:27Z,LineDrive,v3,471355,471355,NA,"Buffington, Matthew",825106,Right,MIA_RED,3e118818-e10e-490b-b2a2-4189e7c65d69,55.24882,-132.22638,11.53862,4.95718,-1.0581,-11.16025,-1.81964,5.42833,-6.1833,337.76322,1.63768,144.40353,-17.16929,1.55101,-0.26812,0.02468,-1.8e-4,5e-5,-4e-5,2.57503,20.56531,-29.67715,4.68826,-1.05452,0.26131,-0.05756,0.01147,-0.00146,-0.60864,19.06925,2.28845,-0.55199,0.12913,-0.03114,0.00701,-0.00141,1.8e-4,NA,NA,NA,NA,NA,NA,NA,NA,NA,NA,NA,NA,NA,NA,NA,NA,NA,NA,NA,NA,NA,NA,High,High,High,High,High,NA,NA,NA
150,2025-10-08,16:33:12,2,1,"Fulk, Landon",824476,Right,MIA_RED,"Cruz, Diego",1000178634,Left,MIA_RED,Undefined,3,Bottom,0,0,0,Fastball,Sinker,FoulBallNotFieldable,Undefined,Undefined,Undefined,0,0,NA,90.64521,-1.246585,-1.801732,2616.637335,232.263209,01:45:00,4.88799,1.67155,5.1833,-23.70139,10.62997,12.56453,1.73928,1.02291,84.3078,-5.58012,0.424184,0.421713,NA,NA,NA,NA,NA,NA,NA,NA,NA,NA,NA,-6.75284,5.87398,-1.51432,50,4.75409,3.58177,-131.76504,-3.77214,-12.08745,23.23693,-21.65973,MIA_RED,MIA_RED,McKieFieldStad,TeamExclusive,Team,20251008-McKieFieldStad-Private-1,02e488f0-a486-11f0-9932-9bf1a4eb5fca,89.37938,NA,NA,6.33741,NA,NA,NA,NA,NA,NA,b79b2875-734e-4804-b678-a189f4c168b8,2025-10-08,20:33:12,2025-10-08T20:33:12Z,2025-10-08T20:33:12Z,NA,v3,471355,471355,NA,"Buffington, Matthew",825106,Right,MIA_RED,12ab7e3f-8498-4761-bc39-a82f3b6e409a,55.31776,-132.69952,11.61846,4.88827,-2.90109,-10.82987,-1.66813,4.06786,-6.04373,NA,NA,NA,NA,NA,NA,NA,NA,NA,NA,NA,NA,NA,NA,NA,NA,NA,NA,NA,NA,NA,NA,NA,NA,NA,NA,NA,NA,NA,NA,NA,NA,NA,NA,NA,NA,NA,NA,NA,NA,NA,NA,NA,NA,NA,NA,NA,NA,NA,NA,High,High,High,NA,NA,NA,NA,NA
151,2025-10-08,16:34:04,2,2,"Fulk, Landon",824476,Right,MIA_RED,"Cruz, Diego",1000178634,Left,MIA_RED,Undefined,3,Bottom,0,0,1,Slider,Slider,InPlay,Undefined,Bunt,Out,1,0,NA,80.29956,0.453225,-1.585372,2608.665957,100.787188,09:15:00,4.68565,1.73627,4.69251,-41.9077,2.28075,-6.59225,1.62381,-0.31862,75.54741,-7.039207,-2.742628,0.478438,NA,NA,NA,NA,NA,NA,NA,NA,NA,NA,NA,2.96288,1.27358,-1.56902,50,4.69326,3.50542,-116.80887,-0.65656,4.20245,16.51105,-30.36762,MIA_RED,MIA_RED,McKieFieldStad,TeamExclusive,Team,20251008-McKieFieldStad-Private-1,22063350-a486-11f0-9932-9bf1a4eb5fca,78.78225,NA,NA,4.75215,NA,NA,NA,NA,NA,NA,b79b2875-734e-4804-b678-a189f4c168b8,2025-10-08,20:34:04,2025-10-08T20:34:04Z,2025-10-08T20:34:04Z,NA,v3,471355,471355,NA,"Buffington, Matthew",825106,Right,MIA_RED,1a0cb9d8-770e-4a53-a34d-f1a1521b12d5,55.80987,-117.62723,8.25552,4.6885,0.84859,-15.18381,-1.7376,3.29713,2.10123,NA,NA,NA,NA,NA,NA,NA,NA,NA,NA,NA,NA,NA,NA,NA,NA,NA,NA,NA,NA,NA,NA,NA,NA,NA,NA,NA,NA,NA,NA,NA,NA,NA,NA,NA,NA,NA,NA,NA,NA,NA,NA,NA,NA,NA,NA,NA,NA,NA,NA,High,High,High,NA,NA,NA,NA,NA
152,2025-10-08,16:34:49,3,1,"Fulk, Landon",824476,Right,MIA_RED,"Gonzalez Rivera, Ignacio",10124440,Right,MIA_RED,Undefined,3,Bottom,1,0,0,ChangeUp,Changeup,BallCalled,Undefined,Undefined,Undefined,0,0,NA,84.91604,-1.166442,-2.181459,1326.991484,285.293387,03:30:00,4.713,1.84489,5.03055,-41.85427,-2.14319,12.00272,0.12366,0.78592,78.75101,-8.69754,-0.057475,0.453552,NA,NA,NA,NA,NA,NA,NA,NA,NA,NA,NA,-6.59552,-0.51681,-1.64665,50,4.56723,4.18415,-123.30212,-4.12288,-10.23607,22.65668,-32.97613,MIA_RED,MIA_RED,McKieFieldStad,TeamExclusive,Team,20251008-McKieFieldStad-Private-1,3d1e6360-a486-11f0-9932-9bf1a4eb5fca,83.10496,NA,NA,6.16502,NA,NA,NA,NA,NA,NA,b79b2875-734e-4804-b678-a189f4c168b8,2025-10-08,20:34:49,2025-10-08T20:34:49Z,2025-10-08T20:34:49Z,NA,v3,471355,471355,NA,"Buffington, Matthew",825106,Right,MIA_RED,221d1893-511e-4d19-bf57-904a0a8d0ba6,55.4711,-124.30337,11.32834,4.71722,-2.6656,-16.48807,-1.84156,4.6365,-5.11803,NA,NA,NA,NA,NA,NA,NA,NA,NA,NA,NA,NA,NA,NA,NA,NA,NA,NA,NA,NA,NA,NA,NA,NA,NA,NA,NA,NA,NA,NA,NA,NA,NA,NA,NA,NA,NA,NA,NA,NA,NA,NA,NA,NA,NA,NA,NA,NA,NA,NA,High,High,High,NA,NA,NA,NA,NA
153,2025-10-08,16:35:11,3,2,"Fulk, Landon",824476,Right,MIA_RED,"Gonzalez Rivera, Ignacio",10124440,Right,MIA_RED,Undefined,3,Bottom,1,1,0,Fastball,Sinker,StrikeSwinging,Undefined,Undefined,Undefined,0,0,NA,91.13689,-0.11991,-2.005069,2495.10168,236.733967,02:00:00,4.89958,1.76365,5.2281,-23.41655,10.78205,14.92139,2.83542,1.12146,83.88728,-4.433366,0.63923,0.420897,NA,NA,NA,NA,NA,NA,NA,NA,NA,NA,NA,-7.96221,5.72355,-1.59049,50,4.87118,3.94015,-132.35516,-1.16066,-14.25281,25.83389,-21.92857,MIA_RED,MIA_RED,McKieFieldStad,TeamExclusive,Team,20251008-McKieFieldStad-Private-1,49c0cb30-a486-11f0-9932-9bf1a4eb5fca,89.55271,NA,NA,7.24961,NA,NA,NA,NA,NA,NA,b79b2875-734e-4804-b678-a189f4c168b8,2025-10-08,20:35:11,2025-10-08T20:35:11Z,2025-10-08T20:35:11Z,NA,v3,471355,471355,NA,"Buffington, Matthew",825106,Right,MIA_RED,829c6127-15ea-4e94-976b-9c7b3e71d578,55.27079,-133.37998,12.91695,4.89997,-0.29076,-10.96428,-1.75801,4.50555,-7.12641,NA,NA,NA,NA,NA,NA,NA,NA,NA,NA,NA,NA,NA,NA,NA,NA,NA,NA,NA,NA,NA,NA,NA,NA,NA,NA,NA,NA,NA,NA,NA,NA,NA,NA,NA,NA,NA,NA,NA,NA,NA,NA,NA,NA,NA,NA,NA,NA,NA,NA,High,High,High,NA,NA,NA,NA,NA
154,2025-10-08,16:35:52,3,3,"Fulk, Landon",824476,Right,MIA_RED,"Gonzalez Rivera, Ignacio",10124440,Right,MIA_RED,Undefined,3,Bottom,1,1,1,Slider,Slider,InPlay,Undefined,FlyBall,Out,1,0,NA,81.21073,0.514731,-1.967885,2634.90635,120.386385,10:00:00,4.67042,1.938,4.81431,-39.47754,3.72914,-4.54803,1.86852,-0.30586,76.01393,-6.57881,-2.767562,0.473093,90.991,36.739419,24.983432,3254.284234,97.7701,76.14458,50.40738,312.91686,278.04967,33.602762,5.47172,1.85004,1.99299,-1.73822,50,4.68695,4.24493,-118.06097,-0.41351,2.66881,17.82385,-29.29903,MIA_RED,MIA_RED,McKieFieldStad,TeamExclusive,Team,20251008-McKieFieldStad-Private-1,6278eb30-a486-11f0-9932-9bf1a4eb5fca,79.6723,101.43423,NA,5.19679,NA,NA,NA,3.01472,2.30202,0.31086,b79b2875-734e-4804-b678-a189f4c168b8,2025-10-08,20:35:52,2025-10-08T20:35:52Z,2025-10-08T20:35:52Z,FlyBall,v3,471355,471355,NA,"Buffington, Matthew",825106,Right,MIA_RED,57339030-8c57-4721-934b-85928a3267ee,55.6874,-118.9165,8.91192,4.67304,0.99283,-14.64951,-1.9389,4.11682,1.33441,NA,3.01761,96.89263,-22.88173,5.47418,-1.04377,0.15914,-0.01979,0.00184,-9e-5,2.30278,79.797,-17.93815,0.79902,0.08685,-0.08997,0.02571,-0.00335,1.6e-4,0.31181,45.15199,-5.52896,1.11078,-0.18075,0.02704,-0.00445,5.6e-4,-3e-5,NA,NA,NA,NA,NA,NA,NA,NA,NA,NA,NA,NA,NA,NA,NA,NA,NA,NA,NA,NA,NA,NA,High,High,High,Medium,Medium,NA,NA,NA
155,2025-10-08,16:36:46,4,1,"Fulk, Landon",824476,Right,MIA_RED,"Gonzalez Rivera, Ignacio",10124440,Right,MIA_RED,Undefined,3,Bottom,2,0,0,Fastball,Sinker,StrikeCalled,Undefined,Undefined,Undefined,0,0,NA,90.64901,-1.716671,-3.407434,2507.426829,240.743736,02:00:00,5.01311,1.50264,5.39033,-22.8206,11.68725,19.00552,1.49916,-0.11084,83.38996,-5.931279,-0.032512,0.422796,NA,NA,NA,NA,NA,NA,NA,NA,NA,NA,NA,-10.42855,6.63453,-1.21191,50,4.84359,6.96511,-131.46311,-4.77527,-18.38623,25.92704,-20.47697,MIA_RED,MIA_RED,McKieFieldStad,TeamExclusive,Team,20251008-McKieFieldStad-Private-1,82845950-a486-11f0-9932-9bf1a4eb5fca,89.15049,NA,NA,7.25906,NA,NA,NA,NA,NA,NA,b79b2875-734e-4804-b678-a189f4c168b8,2025-10-08,20:36:46,2025-10-08T20:36:46Z,2025-10-08T20:36:46Z,NA,v3,471355,471355,NA,"Buffington, Matthew",825106,Right,MIA_RED,f2289244-b821-4519-90a0-2ecd0a5b7a84,55.10904,-132.46688,12.96352,5.01312,-3.9825,-10.23848,-1.49535,7.67693,-9.19311,NA,NA,NA,NA,NA,NA,NA,NA,NA,NA,NA,NA,NA,NA,NA,NA,NA,NA,NA,NA,NA,NA,NA,NA,NA,NA,NA,NA,NA,NA,NA,NA,NA,NA,NA,NA,NA,NA,NA,NA,NA,NA,NA,NA,NA,NA,NA,NA,NA,NA,High,High,High,NA,NA,NA,NA,NA
156,2025-10-08,16:37:02,4,2,"Fulk, Landon",824476,Right,MIA_RED,"Gonzalez Rivera, Ignacio",10124440,Right,MIA_RED,Undefined,3,Bottom,2,0,1,Slider,Slider,FoulBallNotFieldable,Undefined,Undefined,Undefined,0,0,NA,80.93468,0.737042,-2.096208,2561.016926,85.82657,08:45:00,4.83514,1.77266,4.57066,-43.2764,0.80661,-4.52166,1.93059,-0.59963,75.50087,-6.999178,-2.887685,0.477867,NA,NA,NA,NA,NA,NA,NA,NA,NA,NA,NA,1.75291,0.5263,-1.5509,50,4.87056,4.49761,-117.55692,-0.16607,2.49756,18.4923,-31.42418,MIA_RED,MIA_RED,McKieFieldStad,TeamExclusive,Team,20251008-McKieFieldStad-Private-1,8c67c830-a486-11f0-9932-9bf1a4eb5fca,78.87639,NA,NA,5.43381,NA,NA,NA,NA,NA,NA,b79b2875-734e-4804-b678-a189f4c168b8,2025-10-08,20:37:02,2025-10-08T20:37:02Z,2025-10-08T20:37:02Z,NA,v3,471355,471355,NA,"Buffington, Matthew",825106,Right,MIA_RED,dfb7bb45-f334-4c1f-9686-2f3415ab9143,55.93043,-118.48613,9.24615,4.83923,1.41295,-15.71209,-1.77375,4.37211,1.24878,NA,NA,NA,NA,NA,NA,NA,NA,NA,NA,NA,NA,NA,NA,NA,NA,NA,NA,NA,NA,NA,NA,NA,NA,NA,NA,NA,NA,NA,NA,NA,NA,NA,NA,NA,NA,NA,NA,NA,NA,NA,NA,NA,NA,NA,NA,NA,NA,NA,NA,High,High,High,NA,NA,NA,NA,NA
157,2025-10-08,16:37:35,4,3,"Fulk, Landon",824476,Right,MIA_RED,"Gonzalez Rivera, Ignacio",10124440,Right,MIA_RED,Undefined,3,Bottom,2,0,2,Fastball,Sinker,BallCalled,Undefined,Undefined,Undefined,0,0,NA,91.08363,-1.557974,-3.474548,2655.532637,237.192233,02:00:00,5.02979,1.43941,5.20797,-24.74619,9.35347,13.0795,1.49943,-0.74212,84.60577,-6.075241,-1.160659,0.420288,NA,NA,NA,NA,NA,NA,NA,NA,NA,NA,NA,-7.33843,5.32063,-1.12802,50,4.86678,7.42412,-132.18322,-4.55583,-13.21304,23.50875,-22.59412,MIA_RED,MIA_RED,McKieFieldStad,TeamExclusive,Team,20251008-McKieFieldStad-Private-1,9fd625b0-a486-11f0-9932-9bf1a4eb5fca,89.6825,NA,NA,6.47786,NA,NA,NA,NA,NA,NA,b79b2875-734e-4804-b678-a189f4c168b8,2025-10-08,20:37:35,2025-10-08T20:37:35Z,2025-10-08T20:37:35Z,NA,v3,471355,471355,NA,"Buffington, Matthew",825106,Right,MIA_RED,e8d3413f-ceeb-49df-80c2-b4776c2f9c11,55.29195,-133.12106,11.75437,5.03055,-3.65448,-11.29706,-1.43471,7.95123,-6.60652,NA,NA,NA,NA,NA,NA,NA,NA,NA,NA,NA,NA,NA,NA,NA,NA,NA,NA,NA,NA,NA,NA,NA,NA,NA,NA,NA,NA,NA,NA,NA,NA,NA,NA,NA,NA,NA,NA,NA,NA,NA,NA,NA,NA,NA,NA,NA,NA,NA,NA,High,High,High,NA,NA,NA,NA,NA
158,2025-10-08,16:37:58,4,4,"Fulk, Landon",824476,Right,MIA_RED,"Gonzalez Rivera, Ignacio",10124440,Right,MIA_RED,Undefined,3,Bottom,2,1,2,Fastball,Four-Seam,BallCalled,Undefined,Undefined,Undefined,0,1,NA,92.24406,-2.827349,-2.92739,2552.174967,229.038549,01:45:00,5.02545,1.40091,5.28594,-20.13863,13.62973,14.41855,0.68661,-0.14888,84.22892,-6.563636,-0.370726,0.418241,NA,NA,NA,NA,NA,NA,NA,NA,NA,NA,NA,-8.06044,7.9552,-1.14504,50,4.75294,6.15699,-133.57307,-7.33549,-14.54131,29.16176,-17.82259,MIA_RED,MIA_RED,McKieFieldStad,TeamExclusive,Team,20251008-McKieFieldStad-Private-1,adb8fcc0-a486-11f0-9932-9bf1a4eb5fca,90.12139,NA,NA,8.01514,NA,NA,NA,NA,NA,NA,b79b2875-734e-4804-b678-a189f4c168b8,2025-10-08,20:37:58,2025-10-08T20:37:58Z,2025-10-08T20:37:58Z,NA,v3,471355,471355,NA,"Buffington, Matthew",825106,Right,MIA_RED,db71e739-3043-4b52-9860-a615419d35af,55.21197,-134.70615,14.58088,5.02451,-6.64299,-8.91129,-1.39524,6.72199,-7.27066,NA,NA,NA,NA,NA,NA,NA,NA,NA,NA,NA,NA,NA,NA,NA,NA,NA,NA,NA,NA,NA,NA,NA,NA,NA,NA,NA,NA,NA,NA,NA,NA,NA,NA,NA,NA,NA,NA,NA,NA,NA,NA,NA,NA,NA,NA,NA,NA,NA,NA,High,High,High,NA,NA,NA,NA,NA
159,2025-10-08,16:38:36,4,5,"Fulk, Landon",824476,Right,MIA_RED,"Gonzalez Rivera, Ignacio",10124440,Right,MIA_RED,Undefined,3,Bottom,2,2,2,Fastball,Sinker,BallCalled,Undefined,Undefined,Undefined,0,0,NA,92.13332,-3.033586,-4.86625,2568.042937,231.266502,01:45:00,4.93805,1.14695,5.48775,-21.32143,11.62568,13.44139,0.31036,-2.29638,86.11814,-6.938807,-2.482708,0.413123,NA,NA,NA,NA,NA,NA,NA,NA,NA,NA,NA,-7.8528,6.78725,-0.72929,50,4.65657,10.77158,-133.4811,-7.88106,-14.5115,22.19465,-19.63164,MIA_RED,MIA_RED,McKieFieldStad,TeamExclusive,Team,20251008-McKieFieldStad-Private-1,c46ebd10-a486-11f0-9932-9bf1a4eb5fca,91.2377,NA,NA,6.01518,NA,NA,NA,NA,NA,NA,b79b2875-734e-4804-b678-a189f4c168b8,2025-10-08,20:38:36,2025-10-08T20:38:36Z,2025-10-08T20:38:36Z,NA,v3,471355,471355,NA,"Buffington, Matthew",825106,Right,MIA_RED,6a371ca4-5eb9-40a0-b2b5-129aa1513e1c,55.01345,-134.31212,11.09733,4.9379,-7.14599,-9.81582,-1.14278,11.31493,-7.25575,NA,NA,NA,NA,NA,NA,NA,NA,NA,NA,NA,NA,NA,NA,NA,NA,NA,NA,NA,NA,NA,NA,NA,NA,NA,NA,NA,NA,NA,NA,NA,NA,NA,NA,NA,NA,NA,NA,NA,NA,NA,NA,NA,NA,NA,NA,NA,NA,NA,NA,High,High,High,NA,NA,NA,NA,NA
160,2025-10-08,16:39:00,4,6,"Fulk, Landon",824476,Right,MIA_RED,"Gonzalez Rivera, Ignacio",10124440,Right,MIA_RED,Undefined,3,Bottom,2,3,2,Slider,Slider,StrikeSwinging,Strikeout,Undefined,Undefined,0,0,NA,80.8311,0.195272,-1.280594,2665.112889,80.582221,08:45:00,4.76601,1.57106,4.80604,-43.57176,0.31756,-5.13902,1.32009,-0.07065,75.30209,-7.626589,-2.185345,0.476816,NA,NA,NA,NA,NA,NA,NA,NA,NA,NA,NA,2.24217,0.44886,-1.43894,50,4.7473,2.84361,-117.45756,-1.24731,3.17966,19.09659,-31.53748,MIA_RED,MIA_RED,McKieFieldStad,TeamExclusive,Team,20251008-McKieFieldStad-Private-1,d26988f0-a486-11f0-9932-9bf1a4eb5fca,79.05026,NA,NA,5.52901,NA,NA,NA,NA,NA,NA,b79b2875-734e-4804-b678-a189f4c168b8,2025-10-08,20:39:00,2025-10-08T20:39:00Z,2025-10-08T20:39:00Z,NA,v3,471355,471355,NA,"Buffington, Matthew",825106,Right,MIA_RED,713ad221-6174-45d3-9e69-1b0f7c4a5ce7,55.69441,-118.37975,9.5483,4.77076,0.27566,-15.76874,-1.57255,2.69006,1.58983,NA,NA,NA,NA,NA,NA,NA,NA,NA,NA,NA,NA,NA,NA,NA,NA,NA,NA,NA,NA,NA,NA,NA,NA,NA,NA,NA,NA,58.28808,NA,NA,1.234814,NA,NA,NA,-8.05253,4.05706,3.32907,64.34552,4.1573,60.43153,-7.98411,66.39276,-6.38584,4.12707,19.74253,-16.02993,3.33147,48.67396,-1.97102,High,High,High,NA,NA,High,High,High
161,2025-10-08,16:41:42,1,1,"Pauley, Cole",808795,Right,MIA_RED,"Harrison, Tommy",811731,Left,MIA_RED,Undefined,4,Top,0,0,0,Fastball,Sinker,BallCalled,Undefined,Undefined,Undefined,0,0,NA,92.89597,1.472588,-0.685961,2509.313372,240.067368,02:00:00,5.03343,1.94767,5.49809,-23.72163,9.05441,13.99481,4.4344,2.47227,84.8945,-2.92834,1.806701,0.41205,NA,NA,NA,NA,NA,NA,NA,NA,NA,NA,NA,-7.21886,4.47323,-1.89731,50,5.14629,0.96245,-134.88662,2.58665,-13.33071,28.70145,-23.91358,MIA_RED,MIA_RED,McKieFieldStad,TeamExclusive,Team,20251008-McKieFieldStad-Private-1,32d908f0-a487-11f0-9932-9bf1a4eb5fca,91.47549,NA,NA,8.00147,NA,NA,NA,NA,NA,NA,b79b2875-734e-4804-b678-a189f4c168b8,2025-10-08,20:41:42,2025-10-08T20:41:42Z,2025-10-08T20:41:42Z,NA,v3,471355,471355,NA,"Raether, Carson",1000338521,Right,MIA_RED,5b6b3a8a-0ae7-4bf3-9322-7f1c3aed5288,54.9995,-135.94626,14.35072,5.03449,3.46952,-11.95679,-1.94193,1.45461,-6.66536,NA,NA,NA,NA,NA,NA,NA,NA,NA,NA,NA,NA,NA,NA,NA,NA,NA,NA,NA,NA,NA,NA,NA,NA,NA,NA,NA,NA,NA,NA,NA,NA,NA,NA,NA,NA,NA,NA,NA,NA,NA,NA,NA,NA,NA,NA,NA,NA,NA,NA,High,High,High,NA,NA,NA,NA,NA
162,2025-10-08,16:42:01,1,2,"Pauley, Cole",808795,Right,MIA_RED,"Harrison, Tommy",811731,Left,MIA_RED,Undefined,4,Top,0,1,0,Fastball,Sinker,BallCalled,Undefined,Undefined,Undefined,0,0,NA,92.8026,0.715227,-0.64869,2528.867181,230.480577,01:45:00,5.02221,1.9471,5.55555,-22.29356,10.29682,11.33812,3.83276,2.28582,85.28643,-3.422991,1.373454,0.410881,NA,NA,NA,NA,NA,NA,NA,NA,NA,NA,NA,-5.8717,5.31874,-1.89856,50,5.06936,1.00313,-134.85842,0.87128,-10.89772,27.18358,-22.30254,MIA_RED,MIA_RED,McKieFieldStad,TeamExclusive,Team,20251008-McKieFieldStad-Private-1,3e512190-a487-11f0-9932-9bf1a4eb5fca,91.73569,NA,NA,7.51617,NA,NA,NA,NA,NA,NA,b79b2875-734e-4804-b678-a189f4c168b8,2025-10-08,20:42:01,2025-10-08T20:42:01Z,2025-10-08T20:42:01Z,NA,v3,471355,471355,NA,"Raether, Carson",1000338521,Right,MIA_RED,ea31c0c9-5efb-483e-897a-a8828d09b9b5,54.94211,-135.85095,13.59179,5.02268,1.6856,-11.15127,-1.94245,1.40103,-5.44886,NA,NA,NA,NA,NA,NA,NA,NA,NA,NA,NA,NA,NA,NA,NA,NA,NA,NA,NA,NA,NA,NA,NA,NA,NA,NA,NA,NA,NA,NA,NA,NA,NA,NA,NA,NA,NA,NA,NA,NA,NA,NA,NA,NA,NA,NA,NA,NA,NA,NA,High,High,High,NA,NA,NA,NA,NA
163,2025-10-08,16:42:33,1,3,"Pauley, Cole",808795,Right,MIA_RED,"Harrison, Tommy",811731,Left,MIA_RED,Undefined,4,Top,0,2,0,Fastball,Sinker,FoulBallNotFieldable,Undefined,Undefined,Undefined,0,0,NA,91.50006,-0.873888,-4.028994,2529.848988,237.741847,02:00:00,4.97154,1.93159,5.67246,-23.10505,10.33335,14.83198,2.22931,-0.59482,84.32158,-5.15485,-1.385599,0.416192,92.54931,-32.898293,79.24259,NA,NA,NA,NA,5.80213,5.80213,46.226743,0.032467,-8.62453,5.76288,-1.60106,50,4.883,8.71373,-132.75054,-2.84625,-15.54122,25.80838,-21.78948,MIA_RED,MIA_RED,McKieFieldStad,TeamExclusive,Team,20251008-McKieFieldStad-Private-1,5140b220-a487-11f0-9932-9bf1a4eb5fca,90.56498,2.3984,NA,7.17848,NA,NA,NA,3.32192,2.3984,0.54717,b79b2875-734e-4804-b678-a189f4c168b8,2025-10-08,20:42:33,2025-10-08T20:42:33Z,2025-10-08T20:42:33Z,GroundBall,v3,471355,471355,NA,"Raether, Carson",1000338521,Right,MIA_RED,7d5ead1d-3b1e-4ab4-a348-7dff5b11dedf,54.8282,-133.68591,12.90419,4.97184,-2.05654,-10.89474,-1.92707,9.27699,-7.77061,NA,3.3217,21.31481,NA,NA,NA,NA,NA,NA,NA,2.39916,-73.87188,NA,NA,NA,NA,NA,NA,NA,0.54601,112.18915,NA,NA,NA,NA,NA,NA,NA,NA,NA,NA,NA,NA,NA,NA,NA,NA,NA,NA,NA,NA,NA,NA,NA,NA,NA,NA,NA,NA,NA,High,High,High,Estimated,Estimated,NA,NA,NA
164,2025-10-08,16:43:02,1,4,"Pauley, Cole",808795,Right,MIA_RED,"Harrison, Tommy",811731,Left,MIA_RED,Undefined,4,Top,0,2,1,ChangeUp,Changeup,BallCalled,Undefined,Undefined,Undefined,0,0,NA,82.86088,1.683086,-2.097505,1709.369622,276.986628,03:15:00,4.76221,1.94364,5.70444,-41.58794,-0.55343,15.07225,2.86624,1.24446,75.72962,-5.964566,0.5977,0.461048,NA,NA,NA,NA,NA,NA,NA,NA,NA,NA,NA,-8.2254,-0.34346,-1.77721,50,4.87761,3.79277,-120.27144,2.1037,-12.03312,23.59881,-32.6765,MIA_RED,MIA_RED,McKieFieldStad,TeamExclusive,Team,20251008-McKieFieldStad-Private-1,627c9f40-a487-11f0-9932-9bf1a4eb5fca,81.75384,NA,NA,7.13126,NA,NA,NA,NA,NA,NA,b79b2875-734e-4804-b678-a189f4c168b8,2025-10-08,20:43:02,2025-10-08T20:43:02Z,2025-10-08T20:43:02Z,NA,v3,471355,471355,NA,"Raether, Carson",1000338521,Right,MIA_RED,95ef6546-4394-43b3-9718-dcd1737bc76f,54.79448,-121.20853,11.7994,4.76831,3.40126,-16.33825,-1.93731,4.27059,-6.01656,NA,NA,NA,NA,NA,NA,NA,NA,NA,NA,NA,NA,NA,NA,NA,NA,NA,NA,NA,NA,NA,NA,NA,NA,NA,NA,NA,NA,NA,NA,NA,NA,NA,NA,NA,NA,NA,NA,NA,NA,NA,NA,NA,NA,NA,NA,NA,NA,NA,NA,High,High,High,NA,NA,NA,NA,NA
165,2025-10-08,16:43:27,1,5,"Pauley, Cole",808795,Right,MIA_RED,"Harrison, Tommy",811731,Left,MIA_RED,Undefined,4,Top,0,3,1,Fastball,Sinker,BallCalled,Walk,Undefined,Undefined,0,0,NA,92.23788,0.413211,-1.532851,2554.281297,241.225499,02:00:00,4.94074,1.95958,5.64069,-24.65627,8.11056,13.10465,3.27166,1.62137,85.13507,-4.144148,0.80796,0.411992,NA,NA,NA,NA,NA,NA,NA,NA,NA,NA,NA,-7.01827,4.30386,-1.83787,50,4.96006,3.00118,-134.09863000000001,0.06391,-12.9286,25.83168,-24.24578,MIA_RED,MIA_RED,McKieFieldStad,TeamExclusive,Team,20251008-McKieFieldStad-Private-1,71a75fa0-a487-11f0-9932-9bf1a4eb5fca,91.48832,NA,NA,7.10281,NA,NA,NA,NA,NA,NA,b79b2875-734e-4804-b678-a189f4c168b8,2025-10-08,20:43:27,2025-10-08T20:43:27Z,2025-10-08T20:43:27Z,NA,v3,471355,471355,NA,"Raether, Carson",1000338521,Right,MIA_RED,323a50d4-fc16-4aac-9fc4-63cc683c6849,54.85847,-135.03129,12.91584,4.94195,0.9393,-12.12289,-1.95465,3.46797,-6.4643,NA,NA,NA,NA,NA,NA,NA,NA,NA,NA,NA,NA,NA,NA,NA,NA,NA,NA,NA,NA,NA,NA,NA,NA,NA,NA,NA,NA,NA,NA,NA,NA,NA,NA,NA,NA,NA,NA,NA,NA,NA,NA,NA,NA,NA,NA,NA,NA,NA,NA,High,High,High,NA,NA,NA,NA,NA
166,2025-10-08,16:44:13,2,1,"Pauley, Cole",808795,Right,MIA_RED,"Vrlak, Jake",1000131822,Right,MIA_RED,Undefined,4,Top,0,0,0,Fastball,Sinker,StrikeSwinging,Undefined,Undefined,Undefined,0,0,NA,93.3293,-0.285262,-3.118401,2515.513662,237.739209,02:00:00,5.06854,1.80508,5.49524,-21.20879,11.0206,16.0171,3.03391,0.22004,86.09852,-4.212334,-0.269225,0.408599,NA,NA,NA,NA,NA,NA,NA,NA,NA,NA,NA,-8.83532,5.91481,-1.54323,50,5.02924,6.64519,-135.52533,-1.45598,-16.63735,26.15932,-21.03618,MIA_RED,MIA_RED,McKieFieldStad,TeamExclusive,Team,20251008-McKieFieldStad-Private-1,8cd7ab90-a487-11f0-9932-9bf1a4eb5fca,92.24799,NA,NA,7.23078,NA,NA,NA,NA,NA,NA,b79b2875-734e-4804-b678-a189f4c168b8,2025-10-08,20:44:13,2025-10-08T20:44:13Z,2025-10-08T20:44:13Z,NA,v3,471355,471355,NA,"Raether, Carson",1000338521,Right,MIA_RED,5b5d0376-3ae1-4b5a-a655-9624474ce346,55.00426,-136.48785,13.07966,5.06857,-0.68198,-10.51809,-1.79899,7.25735,-8.31868,NA,NA,NA,NA,NA,NA,NA,NA,NA,NA,NA,NA,NA,NA,NA,NA,NA,NA,NA,NA,NA,NA,NA,NA,NA,NA,NA,NA,NA,NA,NA,NA,NA,NA,NA,NA,NA,NA,NA,NA,NA,NA,NA,NA,NA,NA,NA,NA,NA,NA,High,High,High,NA,NA,NA,NA,NA
167,2025-10-08,16:44:41,2,2,"Pauley, Cole",808795,Right,MIA_RED,"Vrlak, Jake",1000131822,Right,MIA_RED,Undefined,4,Top,0,0,1,Fastball,Sinker,StrikeSwinging,Undefined,Undefined,Undefined,0,0,NA,92.88841,-0.832619,-3.848736,2500.931367,231.551008,01:45:00,5.04251,1.73559,5.70638,-21.76304,10.65615,12.22906,2.45136,-0.8366,85.528809999999993,-4.874067,-1.667744,0.4098,NA,NA,NA,NA,NA,NA,NA,NA,NA,NA,NA,-7.18146,5.92252,-1.42043,50,4.95906,8.51865,-134.75704,-2.73452,-13.33222,26.65204,-21.17902,MIA_RED,MIA_RED,McKieFieldStad,TeamExclusive,Team,20251008-McKieFieldStad-Private-1,9de11700-a487-11f0-9932-9bf1a4eb5fca,91.97754,NA,NA,7.3596,NA,NA,NA,NA,NA,NA,b79b2875-734e-4804-b678-a189f4c168b8,2025-10-08,20:44:41,2025-10-08T20:44:41Z,2025-10-08T20:44:41Z,NA,v3,471355,471355,NA,"Raether, Carson",1000338521,Right,MIA_RED,c965400f-65a7-4e81-992d-df2a72c59f49,54.79242,-135.70156,13.32602,5.04267,-1.98395,-10.58951,-1.7307,8.99113,-6.66611,NA,NA,NA,NA,NA,NA,NA,NA,NA,NA,NA,NA,NA,NA,NA,NA,NA,NA,NA,NA,NA,NA,NA,NA,NA,NA,NA,NA,NA,NA,NA,NA,NA,NA,NA,NA,NA,NA,NA,NA,NA,NA,NA,NA,NA,NA,NA,NA,NA,NA,High,High,High,NA,NA,NA,NA,NA
168,2025-10-08,16:45:07,2,3,"Pauley, Cole",808795,Right,MIA_RED,"Vrlak, Jake",1000131822,Right,MIA_RED,Undefined,4,Top,0,0,2,Fastball,Four-Seam,StrikeSwinging,Strikeout,Undefined,Undefined,0,0,NA,93.04004,-1.205214,-4.159363,2533.839744,228.870733,01:45:00,5.17426,1.60142,5.61389,-20.50655,12.01347,12.64064,2.3374,-1.23404,85.49545,-5.018759,-1.910228,0.410437,NA,NA,NA,NA,NA,NA,NA,NA,NA,NA,NA,-7.46591,6.69618,-1.25399,50,5.05789,9.23343,-134.86449,-3.57088,-13.85667,27.20948,-19.74601,MIA_RED,MIA_RED,McKieFieldStad,TeamExclusive,Team,20251008-McKieFieldStad-Private-1,acfd7f80-a487-11f0-9932-9bf1a4eb5fca,91.83487,NA,NA,7.54459,NA,NA,NA,NA,NA,NA,b79b2875-734e-4804-b678-a189f4c168b8,2025-10-08,20:45:07,2025-10-08T20:45:07Z,2025-10-08T20:45:07Z,NA,v3,471355,471355,NA,"Raether, Carson",1000338521,Right,MIA_RED,6d6d7b8f-fc0f-4c97-8b3f-984a91e426f6,54.88459,-135.84641,13.60474,5.1739,-2.8583,-9.87301,-1.59622,9.73347,-6.92834,NA,NA,NA,NA,NA,NA,NA,NA,NA,NA,NA,NA,NA,NA,NA,NA,NA,NA,NA,NA,NA,NA,NA,NA,NA,NA,NA,NA,NA,NA,NA,NA,NA,NA,NA,NA,NA,NA,NA,NA,NA,NA,NA,NA,NA,NA,NA,NA,NA,NA,High,High,High,NA,NA,NA,NA,NA
169,2025-10-08,16:46:08,3,1,"Pauley, Cole",808795,Right,MIA_RED,"Dierks, Marcus",10322729,Left,MIA_RED,Undefined,4,Top,1,0,0,Fastball,Sinker,BallCalled,Undefined,Undefined,Undefined,0,0,NA,92.2065,-0.823295,-1.923013,2504.3919,244.67258,02:15:00,5.07661,1.88027,5.55735,-24.701,8.51827,15.81556,2.2485,1.40088,84.44511,-5.392985,0.898456,0.414826,NA,NA,NA,NA,NA,NA,NA,NA,NA,NA,NA,-8.48119,4.85355,-1.72461,50,4.98929,3.76624,-133.86443,-2.83647,-15.41907,28.37803,-23.35011,MIA_RED,MIA_RED,McKieFieldStad,TeamExclusive,Team,20251008-McKieFieldStad-Private-1,d18c2bd0-a487-11f0-9932-9bf1a4eb5fca,90.86316,NA,NA,7.76139,NA,NA,NA,NA,NA,NA,b79b2875-734e-4804-b678-a189f4c168b8,2025-10-08,20:46:08,2025-10-08T20:46:08Z,2025-10-08T20:46:08Z,NA,v3,471355,471355,NA,"Raether, Carson",1000338521,Right,MIA_RED,6df58a5f-d541-4e5a-9872-5645d5c69456,54.94038,-134.90767,14.18902,5.07779,-1.97806,-11.67506,-1.87348,4.33308,-7.70953,NA,NA,NA,NA,NA,NA,NA,NA,NA,NA,NA,NA,NA,NA,NA,NA,NA,NA,NA,NA,NA,NA,NA,NA,NA,NA,NA,NA,NA,NA,NA,NA,NA,NA,NA,NA,NA,NA,NA,NA,NA,NA,NA,NA,NA,NA,NA,NA,NA,NA,High,High,High,NA,NA,NA,NA,NA
170,2025-10-08,16:46:28,3,2,"Pauley, Cole",808795,Right,MIA_RED,"Dierks, Marcus",10322729,Left,MIA_RED,Undefined,4,Top,1,1,0,Fastball,Sinker,InPlay,Undefined,Popup,Out,1,0,NA,91.48493,0.178951,-3.139663,2537.900148,252.270573,02:30:00,4.83987,1.86,5.50823,-28.39549,5.56559,13.99957,2.64118,0.0876,83.43007,-5.057391,-0.648485,0.419432,75.99453,60.312278,-25.593214,NA,81.44714,107.80493,-73.9348,171.82257,69.00176,-44.90098,5.236098,-7.9778,3.07095,-1.5957,50,4.83642,6.64648,-132.67442,-0.65177,-14.19759,28.80128,-26.70891,MIA_RED,MIA_RED,McKieFieldStad,TeamExclusive,Team,20251008-McKieFieldStad-Private-1,dd323240-a487-11f0-9932-9bf1a4eb5fca,89.86534,111.52719,NA,8.05486,NA,NA,NA,1.18645,2.11958,0.26742,b79b2875-734e-4804-b678-a189f4c168b8,2025-10-08,20:46:28,2025-10-08T20:46:28Z,2025-10-08T20:46:28Z,Popup,v3,471355,471355,NA,"Raether, Carson",1000338521,Right,MIA_RED,88907348-a050-485c-b564-ca1b35408ec1,54.99045,-133.75338,14.40064,4.84209,0.3488,-13.35446,-1.85465,7.17835,-7.09879,153.315588,1.18784,49.67262,-14.96091,3.10109,0.63011,-0.70193,0.21511,-0.02957,0.00155,2.10106,97.17314,-27.38988,4.59125,-1.65376,0.46635,-0.07436,0.0054,-1.1e-4,0.27471,-24.03108,-1.92016,0.10694,0.93681,-0.59122,0.164,-0.02177,0.00112,NA,NA,NA,NA,NA,NA,NA,NA,NA,NA,NA,NA,NA,NA,NA,NA,NA,NA,NA,NA,NA,NA,High,High,High,High,Low,NA,NA,NA
171,2025-10-08,16:47:30,4,1,"Pauley, Cole",808795,Right,MIA_RED,"Roa Calcano, Christopher",1000375139,Left,MIA_RED,Undefined,4,Top,2,0,0,Fastball,Sinker,BallCalled,Undefined,Undefined,Undefined,0,0,NA,92.18819,0.313853,-1.334464,2560.088437,236.366849,02:00:00,5.05121,1.96667,5.55152,-22.98111,10.29764,13.90839,3.42946,1.87854,84.14759,-3.962089,1.145891,0.415198,NA,NA,NA,NA,NA,NA,NA,NA,NA,NA,NA,-7.3643,5.43516,-1.86051,50,5.06332,2.47541,-133.84773,-0.09669,-13.36071,28.86639,-22.31329,MIA_RED,MIA_RED,McKieFieldStad,TeamExclusive,Team,20251008-McKieFieldStad-Private-1,025110a0-a488-11f0-9932-9bf1a4eb5fca,90.78189,NA,NA,8.0406,NA,NA,NA,NA,NA,NA,b79b2875-734e-4804-b678-a189f4c168b8,2025-10-08,20:47:30,2025-10-08T20:47:30Z,2025-10-08T20:47:30Z,NA,v3,471355,471355,NA,"Raether, Carson",1000338521,Right,MIA_RED,0bb3b7b3-0e93-48f6-8224-c1904be55725,54.94551,-134.9101,14.4332,5.05176,0.7245,-11.15665,-1.96066,2.96712,-6.68035,NA,NA,NA,NA,NA,NA,NA,NA,NA,NA,NA,NA,NA,NA,NA,NA,NA,NA,NA,NA,NA,NA,NA,NA,NA,NA,NA,NA,NA,NA,NA,NA,NA,NA,NA,NA,NA,NA,NA,NA,NA,NA,NA,NA,NA,NA,NA,NA,NA,NA,High,High,High,NA,NA,NA,NA,NA
172,2025-10-08,16:47:56,4,2,"Pauley, Cole",808795,Right,MIA_RED,"Roa Calcano, Christopher",1000375139,Left,MIA_RED,Undefined,4,Top,2,1,0,Slider,Slider,StrikeSwinging,Undefined,Undefined,Undefined,0,0,NA,81.29418,1.343649,-2.333295,2768.360433,60.089169,08:00:00,4.63329,2.21313,5.10447,-46.38585,-2.98335,-7.40386,2.03509,-0.60352,74.93256,-7.045357,-3.641318,0.474164,NA,NA,NA,NA,NA,NA,NA,NA,NA,NA,NA,3.06166,-1.44374,-1.98702,50,4.72365,5.11804,-117.9535,1.05341,4.33235,21.51143,-34.21702,MIA_RED,MIA_RED,McKieFieldStad,TeamExclusive,Team,20251008-McKieFieldStad-Private-1,121048d0-a488-11f0-9932-9bf1a4eb5fca,79.49238,NA,NA,6.36162,NA,NA,NA,NA,NA,NA,b79b2875-734e-4804-b678-a189f4c168b8,2025-10-08,20:47:56,2025-10-08T20:47:56Z,2025-10-08T20:47:56Z,NA,v3,471355,471355,NA,"Raether, Carson",1000338521,Right,MIA_RED,2f052a50-be85-4d81-8953-5084fe995a29,55.39501,-118.93333,10.75571,4.64017,2.61197,-17.10851,-2.21565,4.92071,2.16617,NA,NA,NA,NA,NA,NA,NA,NA,NA,NA,NA,NA,NA,NA,NA,NA,NA,NA,NA,NA,NA,NA,NA,NA,NA,NA,NA,NA,NA,NA,NA,NA,NA,NA,NA,NA,NA,NA,NA,NA,NA,NA,NA,NA,NA,NA,NA,NA,NA,NA,High,High,High,NA,NA,NA,NA,NA
173,2025-10-08,16:48:18,4,3,"Pauley, Cole",808795,Right,MIA_RED,"Roa Calcano, Christopher",1000375139,Left,MIA_RED,Undefined,4,Top,2,1,1,Fastball,Sinker,BallCalled,Undefined,Undefined,Undefined,0,0,NA,91.85854,0.774752,-3.712618,2523.966452,238.820373,02:00:00,4.87532,1.79107,5.69671,-24.58659,8.49878,12.49812,3.54997,-0.63195,84.62691,-3.775362,-1.484363,0.41399,NA,NA,NA,NA,NA,NA,NA,NA,NA,NA,NA,-7.25233,4.42378,-1.48691,50,4.92509,8.09547,-133.31265,0.92152,-13.20458,25.50938,-24.11952,MIA_RED,MIA_RED,McKieFieldStad,TeamExclusive,Team,20251008-McKieFieldStad-Private-1,1eb2d7b0-a488-11f0-9932-9bf1a4eb5fca,91.04682,NA,NA,7.23164,NA,NA,NA,NA,NA,NA,b79b2875-734e-4804-b678-a189f4c168b8,2025-10-08,20:48:18,2025-10-08T20:48:18Z,2025-10-08T20:48:18Z,NA,v3,471355,471355,NA,"Raether, Carson",1000338521,Right,MIA_RED,f2f491e7-831d-4e2c-bc6e-3dde056f8fdd,54.80231,-134.22842,12.75469,4.87647,1.7874,-12.05976,-1.78604,8.56951,-6.60229,NA,NA,NA,NA,NA,NA,NA,NA,NA,NA,NA,NA,NA,NA,NA,NA,NA,NA,NA,NA,NA,NA,NA,NA,NA,NA,NA,NA,NA,NA,NA,NA,NA,NA,NA,NA,NA,NA,NA,NA,NA,NA,NA,NA,NA,NA,NA,NA,NA,NA,High,High,High,NA,NA,NA,NA,NA
174,2025-10-08,16:48:41,4,4,"Pauley, Cole",808795,Right,MIA_RED,"Roa Calcano, Christopher",1000375139,Left,MIA_RED,Undefined,4,Top,2,2,1,Slider,Slider,BallCalled,Undefined,Undefined,Undefined,0,0,NA,81.00321,-0.057407,-1.432284,2760.374073,68.205738,08:15:00,4.59918,2.06361,5.21479,-45.14278,-1.68221,-7.40658,0.78329,0.09936,74.88135,-8.227306,-2.746459,0.474481,NA,NA,NA,NA,NA,NA,NA,NA,NA,NA,NA,3.34189,-0.4761,-1.92547,50,4.55962,3.24329,-117.65107,-1.74168,4.7035,21.45453,-32.84412,MIA_RED,MIA_RED,McKieFieldStad,TeamExclusive,Team,20251008-McKieFieldStad-Private-1,2cfad930-a488-11f0-9932-9bf1a4eb5fca,79.43925,NA,NA,6.12186,NA,NA,NA,NA,NA,NA,b79b2875-734e-4804-b678-a189f4c168b8,2025-10-08,20:48:41,2025-10-08T20:48:41Z,2025-10-08T20:48:41Z,NA,v3,471355,471355,NA,"Raether, Carson",1000338521,Right,MIA_RED,d2c5b4fc-e9a1-4e1a-a3e6-bb533cee6629,55.28529,-118.61097,10.72726,4.60467,-0.2722,-16.42206,-2.06587,3.03286,2.35175,NA,NA,NA,NA,NA,NA,NA,NA,NA,NA,NA,NA,NA,NA,NA,NA,NA,NA,NA,NA,NA,NA,NA,NA,NA,NA,NA,NA,NA,NA,NA,NA,NA,NA,NA,NA,NA,NA,NA,NA,NA,NA,NA,NA,NA,NA,NA,NA,NA,NA,High,High,High,NA,NA,NA,NA,NA
175,2025-10-08,16:49:05,4,5,"Pauley, Cole",808795,Right,MIA_RED,"Roa Calcano, Christopher",1000375139,Left,MIA_RED,Undefined,4,Top,2,3,1,Fastball,Sinker,InPlay,Undefined,FlyBall,Double,1,1,NA,91.3106,-0.642856,-3.364672,2481.786319,240.889296,02:00:00,4.8734,1.84585,5.43967,-23.95549,9.94729,16.05619,2.2741,0.0297,83.96382,-5.065423,-0.511924,0.419072,102.32857,19.441509,23.490962,1992.398472,97.91706,32.65566,50.12135,336.61412,336.08348,35.342184,3.413213,-9.0213,5.47473,-1.55976,50,4.79993,7.07647,-132.50441,-2.36958,-16.15869,26.32917,-22.36787,MIA_RED,MIA_RED,McKieFieldStad,TeamExclusive,Team,20251008-McKieFieldStad-Private-1,3b72eb60-a488-11f0-9932-9bf1a4eb5fca,89.94256,40.44807,NA,7.34678,NA,NA,NA,1.82517,2.38829,0.03745,b79b2875-734e-4804-b678-a189f4c168b8,2025-10-08,20:49:05,2025-10-08T20:49:05Z,2025-10-08T20:49:05Z,LineDrive,v3,471355,471355,NA,"Raether, Carson",1000338521,Right,MIA_RED,63ac1765-6b80-42f0-82f9-989ef7609788,55.06058,-133.50618,13.16458,4.8739,-1.51853,-11.18394,-1.8407,7.69128,-8.07934,NA,1.82459,129.8142,-24.63132,5.51269,-1.44155,0.408,-0.10358,0.01608,-0.00103,2.38863,49.94294,-18.06621,1.16115,0.0331,-0.10175,0.03923,-0.00644,3.7e-4,0.03731,56.4169,4.07493,-2.70628,0.87565,-0.19838,0.03115,-0.0031,1.5e-4,NA,NA,NA,NA,NA,NA,NA,NA,NA,NA,NA,NA,NA,NA,NA,NA,NA,NA,NA,NA,NA,NA,High,High,High,High,High,NA,NA,NA
176,2025-10-08,16:52:52,1,1,"Gay, Alex",813960,Right,MIA_RED,"Appelwick, Evan",695485,Right,MIA_RED,Undefined,4,Bottom,0,0,0,Fastball,Four-Seam,BallCalled,Undefined,Undefined,Undefined,0,0,NA,90.57172,-0.10219,0.260036,2092.476229,203.610232,12:45:00,6.58078,0.51511,5.67367,-18.80556,14.98426,6.15634,4.91838,1.27056,83.93051,-3.613879,1.360421,0.418374,NA,NA,NA,NA,NA,NA,NA,NA,NA,NA,NA,-3.05417,7.9215,-0.54088,50,6.56022,-0.86941,-131.74681,-0.85782,-5.45581,23.7002,-18.02355,MIA_RED,MIA_RED,McKieFieldStad,TeamExclusive,Team,20251008-McKieFieldStad-Private-1,c24d9fe0-a488-11f0-9932-9bf1a4eb5fca,90.09274,NA,NA,6.64121,NA,NA,NA,NA,NA,NA,b79b2875-734e-4804-b678-a189f4c168b8,2025-10-08,20:52:52,2025-10-08T20:52:52Z,2025-10-08T20:52:52Z,NA,v3,471355,471355,NA,"Buffington, Matthew",825106,Right,MIA_RED,948bcabd-e3ba-48a1-85d4-7d92947e46cf,54.82421,-132.6118,11.8501,6.57953,-0.20001,-9.01178,-0.51278,-0.67029,-2.72791,NA,NA,NA,NA,NA,NA,NA,NA,NA,NA,NA,NA,NA,NA,NA,NA,NA,NA,NA,NA,NA,NA,NA,NA,NA,NA,NA,NA,NA,NA,NA,NA,NA,NA,NA,NA,NA,NA,NA,NA,NA,NA,NA,NA,NA,NA,NA,NA,NA,NA,High,High,High,NA,NA,NA,NA,NA
177,2025-10-08,16:53:10,1,2,"Gay, Alex",813960,Right,MIA_RED,"Appelwick, Evan",695485,Right,MIA_RED,Undefined,4,Bottom,0,1,0,Curveball,Curveball,BallCalled,Undefined,Undefined,Undefined,0,0,NA,77.07495,3.208041,3.119049,1622.909563,45.047004,07:30:00,6.48571,0.59255,5.18335,-57.27086,-9.37642,-10.70953,4.739,2.63749,71.37725,-7.125207,1.225727,0.498097,NA,NA,NA,NA,NA,NA,NA,NA,NA,NA,NA,6.03142,-4.90166,-0.87437,50,6.74102,-5.65564,-111.7778,4.22736,7.73139,17.65927,-38.45725,MIA_RED,MIA_RED,McKieFieldStad,TeamExclusive,Team,20251008-McKieFieldStad-Private-1,cd3670d0-a488-11f0-9932-9bf1a4eb5fca,75.67288,NA,NA,5.69769,NA,NA,NA,NA,NA,NA,b79b2875-734e-4804-b678-a189f4c168b8,2025-10-08,20:53:10,2025-10-08T20:53:10Z,2025-10-08T20:53:10Z,NA,v3,471355,471355,NA,"Buffington, Matthew",825106,Right,MIA_RED,41e1eb90-93d4-40b3-a7c1-13d4486450e9,55.31879,-112.61495,8.82964,6.49741,6.05047,-19.22863,-0.59758,-6.02215,3.8657,NA,NA,NA,NA,NA,NA,NA,NA,NA,NA,NA,NA,NA,NA,NA,NA,NA,NA,NA,NA,NA,NA,NA,NA,NA,NA,NA,NA,NA,NA,NA,NA,NA,NA,NA,NA,NA,NA,NA,NA,NA,NA,NA,NA,NA,NA,NA,NA,NA,NA,High,High,High,NA,NA,NA,NA,NA
178,2025-10-08,16:53:32,1,3,"Gay, Alex",813960,Right,MIA_RED,"Appelwick, Evan",695485,Right,MIA_RED,Undefined,4,Bottom,0,2,0,Fastball,Four-Seam,FoulBallNotFieldable,Undefined,Undefined,Undefined,0,0,NA,90.1676,-2.341405,-0.928389,2188.700498,211.730904,01:00:00,6.50837,0.66038,5.77523,-18.15544,15.93363,9.26434,2.81524,0.56846,83.55834,-5.733454,0.731415,0.420222,63.18686,46.4445,130.190498,5977.823531,NA,NA,NA,NA,32.66026,NA,NA,-4.97756,9.00839,-0.5895,50,6.30394,1.73425,-131.05883,-5.94431,-8.77416,24.20173,-16.29459,MIA_RED,MIA_RED,McKieFieldStad,TeamExclusive,Team,20251008-McKieFieldStad-Private-1,da042e60-a488-11f0-9932-9bf1a4eb5fca,89.69643,31.77656,NA,6.60926,NA,NA,NA,0.38158,2.6931,-0.3881,b79b2875-734e-4804-b678-a189f4c168b8,2025-10-08,20:53:32,2025-10-08T20:53:32Z,2025-10-08T20:53:32Z,NA,v3,471355,471355,NA,"Buffington, Matthew",825106,Right,MIA_RED,5c312f55-0343-47f8-beea-25ed27939b78,54.72439,-131.92836,12.10087,6.50699,-5.35887,-8.1473,-0.65747,2.04949,-4.38708,NA,0.38158,-41.20929,-3.23572,2.00192,-0.64657,0.16995,-0.04074,0.00691,1.1e-4,2.6931,67.16145,-26.4199,3.00207,-0.507,0.04927,0.0264,-0.04218,0.02227,-0.3881,48.78101,-10.05924,3.10399,-0.74847,0.15135,-0.0069,-0.03079,0.01901,NA,NA,NA,NA,NA,NA,NA,NA,NA,NA,NA,NA,NA,NA,NA,NA,NA,NA,NA,NA,NA,NA,High,High,High,High,Undefined,NA,NA,NA
179,2025-10-08,16:53:51,1,4,"Gay, Alex",813960,Right,MIA_RED,"Appelwick, Evan",695485,Right,MIA_RED,Undefined,4,Bottom,0,2,1,Fastball,Four-Seam,FoulBallNotFieldable,Undefined,Undefined,Undefined,0,0,NA,91.58289,-2.660788,-1.111506,2321.839124,203.872637,12:45:00,6.53404,0.60537,5.79627,-16.04269,17.01576,7.11705,2.72001,0.16447,84.77965,-5.673642,0.163786,0.413821,NA,NA,NA,NA,NA,NA,NA,NA,NA,NA,NA,-3.91457,9.63792,-0.51835,50,6.30551,2.27629,-133.06276,-6.69011,-7.10927,25.08654,-14.67052,MIA_RED,MIA_RED,McKieFieldStad,TeamExclusive,Team,20251008-McKieFieldStad-Private-1,e58d8510-a488-11f0-9932-9bf1a4eb5fca,91.08389,NA,NA,6.80324,NA,NA,NA,NA,NA,NA,b79b2875-734e-4804-b678-a189f4c168b8,2025-10-08,20:53:51,2025-10-08T20:53:51Z,2025-10-08T20:53:51Z,NA,v3,471355,471355,NA,"Buffington, Matthew",825106,Right,MIA_RED,31074756-ae05-42cd-8c81-d1e06b8c3180,54.70286,-133.94646,12.54327,6.53207,-6.17332,-7.33526,-0.60295,2.52673,-3.55463,NA,NA,NA,NA,NA,NA,NA,NA,NA,NA,NA,NA,NA,NA,NA,NA,NA,NA,NA,NA,NA,NA,NA,NA,NA,NA,NA,NA,NA,NA,NA,NA,NA,NA,NA,NA,NA,NA,NA,NA,NA,NA,NA,NA,NA,NA,NA,NA,NA,NA,High,High,High,NA,NA,NA,NA,NA
180,2025-10-08,16:54:13,1,5,"Gay, Alex",813960,Right,MIA_RED,"Appelwick, Evan",695485,Right,MIA_RED,Undefined,4,Bottom,0,2,2,Curveball,Curveball,StrikeCalled,Strikeout,Undefined,Undefined,0,0,NA,78.70654,1.325576,0.869832,2041.048347,49.235046,07:45:00,6.51815,0.53156,5.10176,-56.6129,-10.62658,-13.80635,3.0498,0.20069,73.12488,-8.859138,-1.577538,0.488074,NA,NA,NA,NA,NA,NA,NA,NA,NA,NA,NA,7.09611,-5.23374,-0.60232,50,6.59831,-1.17754,-114.41693,0.58408,9.49075,19.34581,-39.17397,MIA_RED,MIA_RED,McKieFieldStad,TeamExclusive,Team,20251008-McKieFieldStad-Private-1,f2eb4da0-a488-11f0-9932-9bf1a4eb5fca,77.22688,NA,NA,5.58166,NA,NA,NA,NA,NA,NA,b79b2875-734e-4804-b678-a189f4c168b8,2025-10-08,20:54:13,2025-10-08T20:54:13Z,2025-10-08T20:54:13Z,NA,v3,471355,471355,NA,"Buffington, Matthew",825106,Right,MIA_RED,73553c9f-6fe3-4628-b240-97a7e6dad677,55.40142,-115.3266,9.67291,6.52754,2.42609,-19.58698,-0.53646,-1.6238,4.74537,NA,NA,NA,NA,NA,NA,NA,NA,NA,NA,NA,NA,NA,NA,NA,NA,NA,NA,NA,NA,NA,NA,NA,NA,NA,NA,NA,NA,55.32321,2.668116,1.338624,1.329492,-1.69539,2.5472,-0.11111,-5.98202,4.00987,2.08507,74.63045,5.70317,50.1506,-5.88298,67.33546,-5.10726,4.09355,21.04247,-14.92569,2.09636,37.85807,-1.28989,High,High,High,NA,NA,High,High,High
181,2025-10-08,16:54:42,2,1,"Gay, Alex",813960,Right,MIA_RED,"Novak, Ryan",10035937,Left,MIA_RED,Undefined,4,Bottom,1,0,0,Fastball,Four-Seam,BallCalled,Undefined,Undefined,Undefined,0,0,NA,91.70207,-0.522902,-0.447879,2242.922211,222.018965,01:30:00,6.59449,0.60968,5.58859,-20.03851,13.0915,10.98091,4.43633,1.10654,84.87835,-4.246332,1.512253,0.414269,NA,NA,NA,NA,NA,NA,NA,NA,NA,NA,NA,-5.66193,7.04445,-0.57849,50,6.53655,0.55097,-133.365,-1.91688,-10.34129,24.88808,-19.30761,MIA_RED,MIA_RED,McKieFieldStad,TeamExclusive,Team,20251008-McKieFieldStad-Private-1,03f38090-a489-11f0-9932-9bf1a4eb5fca,90.9855,NA,NA,6.82372,NA,NA,NA,NA,NA,NA,b79b2875-734e-4804-b678-a189f4c168b8,2025-10-08,20:54:42,2025-10-08T20:54:42Z,2025-10-08T20:54:42Z,NA,v3,471355,471355,NA,"Buffington, Matthew",825106,Right,MIA_RED,d43eb9bb-4675-4d44-860b-6d89b1abf534,54.91013,-134.27818,12.44404,6.59388,-1.20846,-9.6538,-0.60567,0.93041,-5.17064,NA,NA,NA,NA,NA,NA,NA,NA,NA,NA,NA,NA,NA,NA,NA,NA,NA,NA,NA,NA,NA,NA,NA,NA,NA,NA,NA,NA,NA,NA,NA,NA,NA,NA,NA,NA,NA,NA,NA,NA,NA,NA,NA,NA,NA,NA,NA,NA,NA,NA,High,High,High,NA,NA,NA,NA,NA
182,2025-10-08,16:55:00,2,2,"Gay, Alex",813960,Right,MIA_RED,"Novak, Ryan",10035937,Left,MIA_RED,Undefined,4,Bottom,1,1,0,Fastball,Four-Seam,StrikeCalled,Undefined,Undefined,Undefined,0,0,NA,91.27128,-1.560786,-0.617856,2204.522034,218.99234,01:15:00,6.48741,0.60514,6.00993,-21.04643,12.05938,8.983,3.28718,0.78132,84.18014,-5.495275,0.998932,0.414118,NA,NA,NA,NA,NA,NA,NA,NA,NA,NA,NA,-4.76303,6.90587,-0.56141,50,6.3533,1.04826,-132.68922,-4.30152,-8.56227,26.18326,-19.75972,MIA_RED,MIA_RED,McKieFieldStad,TeamExclusive,Team,20251008-McKieFieldStad-Private-1,0e628da0-a489-11f0-9932-9bf1a4eb5fca,91.01868,NA,NA,7.09114,NA,NA,NA,NA,NA,NA,b79b2875-734e-4804-b678-a189f4c168b8,2025-10-08,20:55:00,2025-10-08T20:55:00Z,2025-10-08T20:55:00Z,NA,v3,471355,471355,NA,"Buffington, Matthew",825106,Right,MIA_RED,8110bfb4-c574-4326-a69d-1ba7b4f9ce41,54.48789,-133.57187,13.09163,6.48708,-3.63541,-9.87986,-0.60162,1.3369,-4.28114,NA,NA,NA,NA,NA,NA,NA,NA,NA,NA,NA,NA,NA,NA,NA,NA,NA,NA,NA,NA,NA,NA,NA,NA,NA,NA,NA,NA,NA,NA,NA,NA,NA,NA,NA,NA,NA,NA,NA,NA,NA,NA,NA,NA,NA,NA,NA,NA,NA,NA,High,High,High,NA,NA,NA,NA,NA
183,2025-10-08,16:55:18,2,3,"Gay, Alex",813960,Right,MIA_RED,"Novak, Ryan",10035937,Left,MIA_RED,Undefined,4,Bottom,1,1,1,Fastball,Four-Seam,BallCalled,Undefined,Undefined,Undefined,0,0,NA,91.59922,-1.43214,-1.527196,2285.687542,214.229214,01:15:00,6.58898,0.30767,5.78257,-15.42536,17.72048,11.39816,3.97036,-0.16368,84.36131,-4.352046,0.513933,0.414368,NA,NA,NA,NA,NA,NA,NA,NA,NA,NA,NA,-6.1913,9.69823,-0.18864,50,6.46154,3.04959,-133.10959,-3.79964,-11.20998,26.1174,-14.61435,MIA_RED,MIA_RED,McKieFieldStad,TeamExclusive,Team,20251008-McKieFieldStad-Private-1,198de5d0-a489-11f0-9932-9bf1a4eb5fca,90.96378,NA,NA,7.23791,NA,NA,NA,NA,NA,NA,b79b2875-734e-4804-b678-a189f4c168b8,2025-10-08,20:55:18,2025-10-08T20:55:18Z,2025-10-08T20:55:18Z,NA,v3,471355,471355,NA,"Buffington, Matthew",825106,Right,MIA_RED,b6ab3790-aac7-453a-8606-7bd3ad033403,54.71573,-134.03166,13.0587,6.58658,-3.28368,-7.30718,-0.30329,3.44536,-5.60499,NA,NA,NA,NA,NA,NA,NA,NA,NA,NA,NA,NA,NA,NA,NA,NA,NA,NA,NA,NA,NA,NA,NA,NA,NA,NA,NA,NA,NA,NA,NA,NA,NA,NA,NA,NA,NA,NA,NA,NA,NA,NA,NA,NA,NA,NA,NA,NA,NA,NA,High,High,High,NA,NA,NA,NA,NA
184,2025-10-08,16:55:41,2,4,"Gay, Alex",813960,Right,MIA_RED,"Novak, Ryan",10035937,Left,MIA_RED,Undefined,4,Bottom,1,2,1,Fastball,Four-Seam,InPlay,Undefined,FlyBall,Out,1,0,NA,90.93562,-3.252944,-0.976811,2219.073485,211.583846,01:00:00,6.52136,0.60705,5.75183,-17.22729,16.45446,9.5165400000000009,2.05386,0.49068,84.11179,-6.473158,0.727535,0.417704,96.42673,22.294994,-5.593088,1897.151193,109.11795,41.31348,-13.89981,369.39154,358.13536,-10.592411,4.444464,-5.13016,9.52064,-0.53204,50,6.24068,1.84781,-132.03862,-8.05993,-9.15353,25.2995,-15.1867,MIA_RED,MIA_RED,McKieFieldStad,TeamExclusive,Team,20251008-McKieFieldStad-Private-1,27177950-a489-11f0-9932-9bf1a4eb5fca,90.23718,58.11032,NA,6.82383,NA,NA,NA,1.44318,2.0929,-0.49168,b79b2875-734e-4804-b678-a189f4c168b8,2025-10-08,20:55:41,2025-10-08T20:55:41Z,2025-10-08T20:55:41Z,LineDrive,v3,471355,471355,NA,"Buffington, Matthew",825106,Right,MIA_RED,f3717f60-f099-4416-adf9-d6591f762f53,54.74785,-132.94522,12.64975,6.51975,-7.51572,-7.59335,-0.60413,2.17583,-4.57677,161.026997,1.44208,130.25588,-22.14202,4.99387,-1.16206,0.28352,-0.05926,0.00778,-4.4e-4,2.09484,53.60965,-13.24869,0.01185,0.24113,-0.13413,0.04061,-0.00601,3.4e-4,-0.49167,-12.75577,-1.84873,0.59333,-0.07874,-0.0132,0.00761,-0.00123,7e-5,NA,NA,NA,NA,NA,NA,NA,NA,NA,NA,NA,NA,NA,NA,NA,NA,NA,NA,NA,NA,NA,NA,High,High,High,High,High,NA,NA,NA
185,2025-10-08,16:56:16,3,1,"Gay, Alex",813960,Right,MIA_RED,"Phillips, Drew",1000194003,Right,MIA_RED,Undefined,4,Bottom,2,0,0,Curveball,Curveball,BallCalled,Undefined,Undefined,Undefined,0,0,NA,78.67263,1.56021,1.507512,1581.56755,49.114949,07:45:00,6.45276,0.49592,4.9542,-55.06515,-8.75126,-11.60961,3.33901,0.95312,72.95874,-8.33412,-0.543279,0.489809,NA,NA,NA,NA,NA,NA,NA,NA,NA,NA,NA,6.11248,-4.29579,-0.63203,50,6.55818,-2.52588,-114.28464,1.06975,8.16087,19.18899,-37.90942,MIA_RED,MIA_RED,McKieFieldStad,TeamExclusive,Team,20251008-McKieFieldStad-Private-1,3bcbeb60-a489-11f0-9932-9bf1a4eb5fca,76.9533,NA,NA,5.71389,NA,NA,NA,NA,NA,NA,b79b2875-734e-4804-b678-a189f4c168b8,2025-10-08,20:56:16,2025-10-08T20:56:16Z,2025-10-08T20:56:16Z,NA,v3,471355,471355,NA,"Buffington, Matthew",825106,Right,MIA_RED,cc13fc4c-3e85-4fbf-b4b0-5c47bc40f628,55.54791,-115.2124,9.59449,6.46215,2.90261,-18.95471,-0.50037,-2.92044,4.08044,NA,NA,NA,NA,NA,NA,NA,NA,NA,NA,NA,NA,NA,NA,NA,NA,NA,NA,NA,NA,NA,NA,NA,NA,NA,NA,NA,NA,NA,NA,NA,NA,NA,NA,NA,NA,NA,NA,NA,NA,NA,NA,NA,NA,NA,NA,NA,NA,NA,NA,High,High,High,NA,NA,NA,NA,NA
186,2025-10-08,16:56:32,3,2,"Gay, Alex",813960,Right,MIA_RED,"Phillips, Drew",1000194003,Right,MIA_RED,Undefined,4,Bottom,2,0,1,Fastball,Four-Seam,BallCalled,Undefined,Undefined,Undefined,0,0,NA,91.93163,-0.89061,-1.020573,2239.606783,209.854398,01:00:00,6.54508,0.44471,5.98186,-20.1332,12.58044,6.66579,4.04161,0.05413,84.54181,-4.667834,0.178104,0.411657,NA,NA,NA,NA,NA,NA,NA,NA,NA,NA,NA,-3.67516,6.99524,-0.36769,50,6.46351,2.09213,-133.63321,-2.73295,-6.68978,27.0122,-19.44087,MIA_RED,MIA_RED,McKieFieldStad,TeamExclusive,Team,20251008-McKieFieldStad-Private-1,459a2490-a489-11f0-9932-9bf1a4eb5fca,91.56269,NA,NA,7.38981,NA,NA,NA,NA,NA,NA,b79b2875-734e-4804-b678-a189f4c168b8,2025-10-08,20:56:32,2025-10-08T20:56:32Z,2025-10-08T20:56:32Z,NA,v3,471355,471355,NA,"Buffington, Matthew",825106,Right,MIA_RED,4fb88ec1-fab5-40dc-9919-e6f26f0d6069,54.51544,-134.54285,13.5061,6.54452,-2.07828,-9.72043,-0.44194,2.3174,-3.34489,NA,NA,NA,NA,NA,NA,NA,NA,NA,NA,NA,NA,NA,NA,NA,NA,NA,NA,NA,NA,NA,NA,NA,NA,NA,NA,NA,NA,NA,NA,NA,NA,NA,NA,NA,NA,NA,NA,NA,NA,NA,NA,NA,NA,NA,NA,NA,NA,NA,NA,High,High,High,NA,NA,NA,NA,NA
187,2025-10-08,16:56:52,3,3,"Gay, Alex",813960,Right,MIA_RED,"Phillips, Drew",1000194003,Right,MIA_RED,Undefined,4,Bottom,2,1,1,Fastball,Four-Seam,BallCalled,Undefined,Undefined,Undefined,0,0,NA,89.59414,-0.819636,-0.093552,2180.076325,218.021233,01:15:00,6.44252,0.53604,6.00796,-23.8771,10.57331,7.46166,3.69337,1.07118,82.37209,-5.278425,1.249313,0.422443,NA,NA,NA,NA,NA,NA,NA,NA,NA,NA,NA,-3.84414,5.9804,-0.53262,50,6.36509,-0.10177,-130.24349,-2.64437,-6.6356,26.09639,-21.85095,MIA_RED,MIA_RED,McKieFieldStad,TeamExclusive,Team,20251008-McKieFieldStad-Private-1,51597f60-a489-11f0-9932-9bf1a4eb5fca,89.22483,NA,NA,7.22206,NA,NA,NA,NA,NA,NA,b79b2875-734e-4804-b678-a189f4c168b8,2025-10-08,20:56:52,2025-10-08T20:56:52Z,2025-10-08T20:56:52Z,NA,v3,471355,471355,NA,"Buffington, Matthew",825106,Right,MIA_RED,893d3eb6-3dcf-4f89-a3e1-028c09a150e7,54.48915,-131.13987,13.0482,6.44303,-1.89381,-10.92547,-0.53304,0.12616,-3.3178,NA,NA,NA,NA,NA,NA,NA,NA,NA,NA,NA,NA,NA,NA,NA,NA,NA,NA,NA,NA,NA,NA,NA,NA,NA,NA,NA,NA,NA,NA,NA,NA,NA,NA,NA,NA,NA,NA,NA,NA,NA,NA,NA,NA,NA,NA,NA,NA,NA,NA,High,High,High,NA,NA,NA,NA,NA
188,2025-10-08,16:57:14,3,4,"Gay, Alex",813960,Right,MIA_RED,"Phillips, Drew",1000194003,Right,MIA_RED,Undefined,4,Bottom,2,3,0,Fastball,Four-Seam,StrikeCalled,Undefined,Undefined,Undefined,0,0,NA,90.38105,-2.226309,-1.337804,2097.643523,206.277875,01:00:00,6.4553,0.53209,5.74037,-20.80304,13.12749,6.02331,2.64717,-0.21184,83.91465,-6.083241,-0.259361,0.419244,NA,NA,NA,NA,NA,NA,NA,NA,NA,NA,NA,-3.38532,7.51304,-0.42453,50,6.25716,2.80939,-131.35794,-5.81161,-6.00615,23.80613,-18.84466,MIA_RED,MIA_RED,McKieFieldStad,TeamExclusive,Team,20251008-McKieFieldStad-Private-1,5e98ea80-a489-11f0-9932-9bf1a4eb5fca,89.90577,NA,NA,6.4664,NA,NA,NA,NA,NA,NA,b79b2875-734e-4804-b678-a189f4c168b8,2025-10-08,20:57:14,2025-10-08T20:57:14Z,2025-10-08T20:57:14Z,NA,v3,471355,471355,NA,"Buffington, Matthew",825106,Right,MIA_RED,342f3702-dcc9-4b7d-9b99-74a4af20bd59,54.75848,-132.21751,11.90306,6.45471,-5.13118,-9.42233,-0.52989,3.02625,-3.00308,NA,NA,NA,NA,NA,NA,NA,NA,NA,NA,NA,NA,NA,NA,NA,NA,NA,NA,NA,NA,NA,NA,NA,NA,NA,NA,NA,NA,NA,NA,NA,NA,NA,NA,NA,NA,NA,NA,NA,NA,NA,NA,NA,NA,NA,NA,NA,NA,NA,NA,High,High,High,NA,NA,NA,NA,NA
189,2025-10-08,16:57:30,3,5,"Gay, Alex",813960,Right,MIA_RED,"Phillips, Drew",1000194003,Right,MIA_RED,Undefined,4,Bottom,2,3,1,Fastball,Four-Seam,BallCalled,Walk,Undefined,Undefined,0,0,NA,92.51076,-3.913778,-2.496158,2240.245204,218.376224,01:15:00,6.42067,0.52315,5.68282,-16.27135,16.33186,12.20469,1.40748,-0.78797,85.83062,-6.946425,-0.315454,0.410962,NA,NA,NA,NA,NA,NA,NA,NA,NA,NA,NA,-6.80977,9.52733,-0.32076,50,6.08019,5.31222,-134.15924,-9.72298,-12.59872,24.91511,-14.54758,MIA_RED,MIA_RED,McKieFieldStad,TeamExclusive,Team,20251008-McKieFieldStad-Private-1,6849d7b0-a489-11f0-9932-9bf1a4eb5fca,91.7176,NA,NA,6.68014,NA,NA,NA,NA,NA,NA,b79b2875-734e-4804-b678-a189f4c168b8,2025-10-08,20:57:30,2025-10-08T20:57:30Z,2025-10-08T20:57:30Z,NA,v3,471355,471355,NA,"Buffington, Matthew",825106,Right,MIA_RED,67f248cf-0935-43a1-bce8-7538d2410f53,54.81688,-135.05083,12.45756,6.41882,-9.20239,-7.27379,-0.51893,5.76307,-6.29936,NA,NA,NA,NA,NA,NA,NA,NA,NA,NA,NA,NA,NA,NA,NA,NA,NA,NA,NA,NA,NA,NA,NA,NA,NA,NA,NA,NA,NA,NA,NA,NA,NA,NA,NA,NA,NA,NA,NA,NA,NA,NA,NA,NA,NA,NA,NA,NA,NA,NA,High,High,High,NA,NA,NA,NA,NA
190,2025-10-08,16:58:11,4,1,"Gay, Alex",813960,Right,MIA_RED,"Raether, Carson",1000338521,Left,MIA_RED,Undefined,4,Bottom,2,0,0,Fastball,Four-Seam,BallCalled,Undefined,Undefined,Undefined,0,0,NA,90.56649,-5.032753,-3.071255,2296.985061,215.753724,01:15:00,6.37027,0.66805,6.01192,-19.15792,14.5367,9.78575,0.09283,-1.36432,84.3132,-8.581562,-1.3125,0.417784,NA,NA,NA,NA,NA,NA,NA,NA,NA,NA,NA,-5.80563,8.98516,-0.43247,50,5.96335,6.6442,-131.15551,-12.17534,-10.27058,23.67862,-16.27869,MIA_RED,MIA_RED,McKieFieldStad,TeamExclusive,Team,20251008-McKieFieldStad-Private-1,802e7b10-a489-11f0-9932-9bf1a4eb5fca,90.21992,NA,NA,6.25329,NA,NA,NA,NA,NA,NA,b79b2875-734e-4804-b678-a189f4c168b8,2025-10-08,20:58:11,2025-10-08T20:58:11Z,2025-10-08T20:58:11Z,NA,v3,471355,471355,NA,"Buffington, Matthew",825106,Right,MIA_RED,4ad79292-c2f6-40cf-ae4f-fd703ff380b0,54.48866,-131.9634,11.83931,6.36928,-11.61992,-8.13934,-0.66514,6.99462,-5.13529,NA,NA,NA,NA,NA,NA,NA,NA,NA,NA,NA,NA,NA,NA,NA,NA,NA,NA,NA,NA,NA,NA,NA,NA,NA,NA,NA,NA,NA,NA,NA,NA,NA,NA,NA,NA,NA,NA,NA,NA,NA,NA,NA,NA,NA,NA,NA,NA,NA,NA,High,High,High,NA,NA,NA,NA,NA
191,2025-10-08,16:58:53,4,2,"Gay, Alex",813960,Right,MIA_RED,"Raether, Carson",1000338521,Left,MIA_RED,Undefined,4,Bottom,2,1,0,Fastball,Four-Seam,InPlay,Undefined,GroundBall,Single,0,1,NA,89.74733,-2.218594,-1.610977,2153.525761,215.53374,01:15:00,6.40088,0.80277,5.91208,-20.4206,13.91072,9.23087,2.63822,0.07645,82.98411,-6.030255,0.046786,0.421713,84.21338,-15.131624,41.523775,NA,NA,NA,NA,11.83056,9.8882,32.320275,0.082559,-5.17957,8.00748,-0.67906,50,6.21113,3.2917,-130.42425,-5.71228,-9.0134,24.79081,-18.2395,MIA_RED,MIA_RED,McKieFieldStad,TeamExclusive,Team,20251008-McKieFieldStad-Private-1,99f2daf0-a489-11f0-9932-9bf1a4eb5fca,89.37944,2.66849,NA,6.76323,NA,NA,NA,2.60955,2.66849,-0.21671,b79b2875-734e-4804-b678-a189f4c168b8,2025-10-08,20:58:53,2025-10-08T20:58:53Z,2025-10-08T20:58:53Z,GroundBall,v3,471355,471355,NA,"Buffington, Matthew",825106,Right,MIA_RED,22c71692-9b32-4b49-9761-212d79d3fee9,54.58787,-131.2934,12.39541,6.40019,-5.07281,-9.11975,-0.8,3.6077,-4.5067,180,2.60657,89.48948,NA,NA,NA,NA,NA,NA,NA,2.66957,-32.32234,NA,NA,NA,NA,NA,NA,NA,-0.21935,79.23983,NA,NA,NA,NA,NA,NA,NA,NA,NA,NA,NA,NA,NA,NA,NA,NA,NA,NA,NA,NA,NA,NA,NA,NA,NA,NA,NA,NA,NA,High,High,High,Low,Low,NA,NA,NA
192,2025-10-08,16:59:36,5,1,"Gay, Alex",813960,Right,MIA_RED,"Pauley, Cole",808795,Right,MIA_RED,Undefined,4,Bottom,2,0,0,Fastball,Four-Seam,InPlay,Undefined,GroundBall,Out,1,0,NA,89.81508,-2.294281,-1.253033,2144.988864,216.963963,01:15:00,6.42382,0.60314,5.82824,-18.24918,16.24087,11.44949,2.7687,0.39229,82.75358,-5.720544,0.800009,0.422686,65.292,-40.491801,56.670219,NA,NA,NA,NA,4.49513,4.41447,31.287373,0.044999,-6.2291,9.23308,-0.50788,50,6.22565,2.37923,-130.48166,-5.80356,-10.81351,25.67076,-16.14572,MIA_RED,MIA_RED,McKieFieldStad,TeamExclusive,Team,20251008-McKieFieldStad-Private-1,b394beb0-a489-11f0-9932-9bf1a4eb5fca,89.17351,2.81139,NA,7.06149,NA,NA,NA,2.03224,2.81139,-0.41664,b79b2875-734e-4804-b678-a189f4c168b8,2025-10-08,20:59:36,2025-10-08T20:59:36Z,2025-10-08T20:59:36Z,GroundBall,v3,471355,471355,NA,"Buffington, Matthew",825106,Right,MIA_RED,650b0c08-5467-4f7a-8fe6-0fc7234292f8,54.67143,-131.39749,12.83538,6.42242,-5.22754,-8.07286,-0.59965,2.76501,-5.40676,180,2.03086,40.20493,NA,NA,NA,NA,NA,NA,NA,2.81353,-62.47675,NA,NA,NA,NA,NA,NA,NA,-0.41873,61.13688,NA,NA,NA,NA,NA,NA,NA,NA,NA,NA,NA,NA,NA,NA,NA,NA,NA,NA,NA,NA,NA,NA,NA,NA,NA,NA,NA,NA,NA,High,High,High,Low,Low,NA,NA,NA
193,NA,NA,1,1,"Pece, Sam",10053008,Left,MIA_RED,"Rasmussen, Jamie",10272616,Right,MIA_RED,Undefined,5,Top,0,0,0,Fastball,NA,BallCalled,Undefined,Undefined,Undefined,0,0,NA,NA,NA,NA,NA,NA,NA,NA,NA,NA,NA,NA,NA,NA,NA,NA,NA,NA,NA,NA,NA,NA,NA,NA,NA,NA,NA,NA,NA,NA,NA,NA,NA,NA,NA,NA,NA,NA,NA,NA,NA,MIA_RED,MIA_RED,McKieFieldStad,TeamExclusive,Team,20251008-McKieFieldStad-Private-1,2908f3a0-a48a-11f0-9932-9bf1a4eb5fca,NA,NA,NA,NA,NA,NA,NA,NA,NA,NA,b79b2875-734e-4804-b678-a189f4c168b8,NA,NA,NA,NA,NA,v3,471355,471355,NA,"Raether, Carson",1000338521,Right,MIA_RED,212bdc73-f606-4235-9948-54e838c57735,NA,NA,NA,NA,NA,NA,NA,NA,NA,NA,NA,NA,NA,NA,NA,NA,NA,NA,NA,NA,NA,NA,NA,NA,NA,NA,NA,NA,NA,NA,NA,NA,NA,NA,NA,NA,NA,NA,NA,NA,NA,NA,NA,NA,NA,NA,NA,NA,NA,NA,NA,NA,NA,NA,NA,NA,NA,NA,NA,NA,NA,NA,NA,NA,NA,NA,NA
194,2025-10-08,17:03:06,1,2,"Pece, Sam",10053008,Left,MIA_RED,"Rasmussen, Jamie",10272616,Right,MIA_RED,Undefined,5,Top,0,1,0,Fastball,Cutter,BallCalled,Undefined,Undefined,Undefined,0,0,NA,84.04282,-1.476072,2.576512,2257.413924,168.087504,11:30:00,5.65559,-0.89131,6.67852,-23.96186,13.51481,-2.66331,2.30689,1.24517,78.91666,-5.9664,2.091885,0.440608,NA,NA,NA,NA,NA,NA,NA,NA,NA,NA,NA,1.93512,7.75335,0.72006,50,5.54691,-5.41548,-122.36868,-3.79653,3.01171,18.16124,-20.10717,MIA_RED,MIA_RED,McKieFieldStad,TeamExclusive,Team,20251008-McKieFieldStad-Private-1,308a0880-a48a-11f0-9932-9bf1a4eb5fca,85.54649,NA,NA,5.12617,NA,NA,NA,NA,NA,NA,b79b2875-734e-4804-b678-a189f4c168b8,2025-10-08,21:03:06,2025-10-08T21:03:06Z,2025-10-08T21:03:06Z,NA,v3,471355,471355,NA,"Raether, Carson",1000338521,Right,MIA_RED,69ccdc3b-adc9-4734-8ff5-44517a94dbb6,53.8214,-122.93452,9.08062,5.65543,-3.17006,-10.05358,0.89025,-5.50932,1.50586,NA,NA,NA,NA,NA,NA,NA,NA,NA,NA,NA,NA,NA,NA,NA,NA,NA,NA,NA,NA,NA,NA,NA,NA,NA,NA,NA,NA,NA,NA,NA,NA,NA,NA,NA,NA,NA,NA,NA,NA,NA,NA,NA,NA,NA,NA,NA,NA,NA,NA,High,High,High,NA,NA,NA,NA,NA
195,2025-10-08,17:03:25,1,3,"Pece, Sam",10053008,Left,MIA_RED,"Rasmussen, Jamie",10272616,Right,MIA_RED,Undefined,5,Top,0,2,0,Fastball,Four-Seam,BallCalled,Undefined,Undefined,Undefined,0,0,NA,84.50155,-0.243467,2.485479,2181.578378,173.861327,11:45:00,5.87029,-0.72926,6.31057,-24.11793,13.49237,-1.35484,3.63598,1.44879,79.13253,-4.745293,2.240753,0.441392,NA,NA,NA,NA,NA,NA,NA,NA,NA,NA,NA,1.22134,7.38646,0.5478,50,5.84056,-5.2908,-123.02234,-1.22139,1.91938,18.57487,-20.56582,MIA_RED,MIA_RED,McKieFieldStad,TeamExclusive,Team,20251008-McKieFieldStad-Private-1,3bd03bb0-a48a-11f0-9932-9bf1a4eb5fca,85.39441,NA,NA,5.36903,NA,NA,NA,NA,NA,NA,b79b2875-734e-4804-b678-a189f4c168b8,2025-10-08,21:03:25,2025-10-08T21:03:25Z,2025-10-08T21:03:25Z,NA,v3,471355,471355,NA,"Raether, Carson",1000338521,Right,MIA_RED,907928eb-dbea-45d8-9bb9-e8c836ac8535,54.18938,-123.65327,9.28743,5.87018,-0.52284,-10.28291,0.72861,-5.35599,0.95969,NA,NA,NA,NA,NA,NA,NA,NA,NA,NA,NA,NA,NA,NA,NA,NA,NA,NA,NA,NA,NA,NA,NA,NA,NA,NA,NA,NA,NA,NA,NA,NA,NA,NA,NA,NA,NA,NA,NA,NA,NA,NA,NA,NA,NA,NA,NA,NA,NA,NA,High,High,High,NA,NA,NA,NA,NA
196,2025-10-08,17:03:47,1,4,"Pece, Sam",10053008,Left,MIA_RED,"Rasmussen, Jamie",10272616,Right,MIA_RED,Undefined,5,Top,0,3,0,Fastball,Cutter,StrikeCalled,Undefined,Undefined,Undefined,0,0,NA,84.91433,-1.345557,1.660079,2271.852749,174.219917,11:45:00,5.67098,-0.90814,6.49675,-23.7643,13.19898,-1.24614,2.45478,0.51224,79.63683,-5.788463,1.433886,0.437579,NA,NA,NA,NA,NA,NA,NA,NA,NA,NA,NA,1.00055,7.51213,0.79247,50,5.56602,-3.54057,-123.6848,-3.57402,1.58893,18.8447,-20.24435,MIA_RED,MIA_RED,McKieFieldStad,TeamExclusive,Team,20251008-McKieFieldStad-Private-1,48bf63f0-a48a-11f0-9932-9bf1a4eb5fca,86.13858,NA,NA,5.2775,NA,NA,NA,NA,NA,NA,b79b2875-734e-4804-b678-a189f4c168b8,2025-10-08,21:03:47,2025-10-08T21:03:47Z,2025-10-08T21:03:47Z,NA,v3,471355,471355,NA,"Raether, Carson",1000338521,Right,MIA_RED,a27cae8f-45d5-4508-934c-c5b46c955306,54.00339,-124.29327,9.42235,5.67086,-2.92037,-10.12218,0.90762,-3.59188,0.79447,NA,NA,NA,NA,NA,NA,NA,NA,NA,NA,NA,NA,NA,NA,NA,NA,NA,NA,NA,NA,NA,NA,NA,NA,NA,NA,NA,NA,NA,NA,NA,NA,NA,NA,NA,NA,NA,NA,NA,NA,NA,NA,NA,NA,NA,NA,NA,NA,NA,NA,High,High,High,NA,NA,NA,NA,NA
197,2025-10-08,17:04:05,1,5,"Pece, Sam",10053008,Left,MIA_RED,"Rasmussen, Jamie",10272616,Right,MIA_RED,Undefined,5,Top,0,3,1,Fastball,Cutter,FoulBallNotFieldable,Undefined,Undefined,Undefined,0,0,NA,84.75142,-1.409792,1.103535,2058.285409,173.239764,11:45:00,5.60585,-0.96451,6.93473,-25.46793,10.99583,-1.20035,2.19975,-0.05991,79.5637,-6.196068,0.883672,0.434612,69.22915,45.214668,75.885253,5647.26863,NA,NA,NA,NA,64.57798,NA,NA,0.8778,6.45685,0.89612,50,5.50872,-2.34158,-123.55598,-3.70169,1.3901,18.97313,-21.94878,MIA_RED,MIA_RED,McKieFieldStad,TeamExclusive,Team,20251008-McKieFieldStad-Private-1,535ecfd0-a48a-11f0-9932-9bf1a4eb5fca,86.72656,53.54506,NA,5.18772,NA,NA,NA,2.21009,2.28534,0.07217,b79b2875-734e-4804-b678-a189f4c168b8,2025-10-08,21:04:05,2025-10-08T21:04:05Z,2025-10-08T21:04:05Z,NA,v3,471355,471355,NA,"Raether, Carson",1000338521,Right,MIA_RED,cbc5fb26-eaca-4612-81b0-bc52767e4d3a,53.56648,-124.10244,9.48656,5.60623,-3.06953,-10.97439,0.96414,-2.38162,0.69505,NA,2.21008,17.44408,-8.23762,0.29502,-0.94085,2.09529,-2.5553,1.55136,-0.35857,2.28534,72.06542,-22.45965,2.96679,-0.68673,0.55725,-0.58645,0.38854,-0.10613,0.07217,69.36842,-4.06781,-0.24102,-0.45131,1.16834,-1.44179,0.87106,-0.19899,NA,NA,NA,NA,NA,NA,NA,NA,NA,NA,NA,NA,NA,NA,NA,NA,NA,NA,NA,NA,NA,NA,High,High,High,Medium,Undefined,NA,NA,NA
198,2025-10-08,17:04:28,1,6,"Pece, Sam",10053008,Left,MIA_RED,"Rasmussen, Jamie",10272616,Right,MIA_RED,Undefined,5,Top,0,3,2,Fastball,Cutter,InPlay,Undefined,FlyBall,Out,1,0,NA,84.83743,-1.045613,1.777442,2185.003607,169.893802,11:45:00,5.63396,-1.0744,6.79742,-26.20202,10.70418,-1.73362,2.49561,0.40385,78.94789,-5.975892,1.460936,0.437241,93.45224,27.630578,-10.04606,1647.649001,107.75681,52.82148,-22.10122,358.74526,351.11712,-14.634373,4.906127,1.3463,6.23776,0.95994,50,5.55613,-3.77632,-123.55239,-2.95579,2.1126,21.11911,-22.38578,MIA_RED,MIA_RED,McKieFieldStad,TeamExclusive,Team,20251008-McKieFieldStad-Private-1,60f841d0-a48a-11f0-9932-9bf1a4eb5fca,86.20515,73.84333,NA,5.88954,NA,NA,NA,2.00756,2.61266,-0.4009,b79b2875-734e-4804-b678-a189f4c168b8,2025-10-08,21:04:28,2025-10-08T21:04:28Z,2025-10-08T21:04:28Z,FlyBall,v3,471355,471355,NA,"Raether, Carson",1000338521,Right,MIA_RED,2d0c24f0-6e78-4fb1-ba8a-cd82c2ba7141,53.703,-124.18374,10.55956,5.6344900000000004,-2.28657,-11.19289,1.07378,-3.83947,1.0563,162.870474,2.00909,119.54429,-21.38663,4.63453,-0.86823,0.13691,-0.02003,0.00246,-1.5e-4,2.61295,63.5475,-15.25798,0.41305,0.14198,-0.1041,0.03368,-0.00511,2.9e-4,-0.40122,-21.17368,0.02086,0.43665,-0.14704,0.02451,-0.00113,-2.2e-4,2e-5,NA,NA,NA,NA,NA,NA,NA,NA,NA,NA,NA,NA,NA,NA,NA,NA,NA,NA,NA,NA,NA,NA,High,High,High,High,Medium,NA,NA,NA
199,2025-10-08,17:05:07,2,1,"Pece, Sam",10053008,Left,MIA_RED,"Harrison, Tommy",811731,Left,MIA_RED,Undefined,5,Top,1,0,0,Fastball,Cutter,BallCalled,Undefined,Undefined,Undefined,0,0,NA,85.54608,-2.782927,1.897744,2307.888155,150.121305,11:00:00,5.67626,-0.70994,6.6772,-24.75375,11.72489,-6.1826,1.06434,0.51145,79.8721,-7.41445,0.77091,0.434701,NA,NA,NA,NA,NA,NA,NA,NA,NA,NA,NA,3.71666,7.14961,0.58542,50,5.47989,-3.90913,-124.44336,-6.73306,5.9304500000000004,20.8669,-20.76587,MIA_RED,MIA_RED,McKieFieldStad,TeamExclusive,Team,20251008-McKieFieldStad-Private-1,78ca4790-a48a-11f0-9932-9bf1a4eb5fca,86.70889,NA,NA,5.67398,NA,NA,NA,NA,NA,NA,b79b2875-734e-4804-b678-a189f4c168b8,2025-10-08,21:05:07,2025-10-08T21:05:07Z,2025-10-08T21:05:07Z,NA,v3,471355,471355,NA,"Raether, Carson",1000338521,Right,MIA_RED,17559020-5571-43be-9ee8-035c63255b84,53.82289,-125.08274,10.43345,5.67645,-6.09677,-10.38294,0.70798,-4.09084,2.96522,NA,NA,NA,NA,NA,NA,NA,NA,NA,NA,NA,NA,NA,NA,NA,NA,NA,NA,NA,NA,NA,NA,NA,NA,NA,NA,NA,NA,NA,NA,NA,NA,NA,NA,NA,NA,NA,NA,NA,NA,NA,NA,NA,NA,NA,NA,NA,NA,NA,NA,High,High,High,NA,NA,NA,NA,NA
200,2025-10-08,17:05:27,2,2,"Pece, Sam",10053008,Left,MIA_RED,"Harrison, Tommy",811731,Left,MIA_RED,Undefined,5,Top,1,1,0,Curveball,Slider,StrikeCalled,Undefined,Undefined,Undefined,0,0,NA,78.24875,1.384862,0.914958,2128.325294,296.974258,04:00:00,5.41357,-1.15018,5.83251,-47.87499,-2.84437,7.8967,2.71164,0.35841,72.92793,-7.369347,2.331578,0.482976,NA,NA,NA,NA,NA,NA,NA,NA,NA,NA,NA,-3.82752,-1.40988,1.07085,50,5.49806,-2.10787,-113.86491,1.21906,-5.0997,17.99579,-34.05254,MIA_RED,MIA_RED,McKieFieldStad,TeamExclusive,Team,20251008-McKieFieldStad-Private-1,8457bcf0-a48a-11f0-9932-9bf1a4eb5fca,78.0421,NA,NA,5.32082,NA,NA,NA,NA,NA,NA,b79b2875-734e-4804-b678-a189f4c168b8,2025-10-08,21:05:27,2025-10-08T21:05:27Z,2025-10-08T21:05:27Z,NA,v3,471355,471355,NA,"Raether, Carson",1000338521,Right,MIA_RED,45ac6961-04a2-4d51-b7ee-85386e232aab,54.66875,-114.60041,8.99789,5.4198,2.6108,-17.02627,1.15274,-1.89944,-2.54985,NA,NA,NA,NA,NA,NA,NA,NA,NA,NA,NA,NA,NA,NA,NA,NA,NA,NA,NA,NA,NA,NA,NA,NA,NA,NA,NA,NA,NA,NA,NA,NA,NA,NA,NA,NA,NA,NA,NA,NA,NA,NA,NA,NA,NA,NA,NA,NA,NA,NA,High,High,High,NA,NA,NA,NA,NA
201,2025-10-08,17:05:45,2,3,"Pece, Sam",10053008,Left,MIA_RED,"Harrison, Tommy",811731,Left,MIA_RED,Undefined,5,Top,1,1,1,Curveball,Slider,StrikeCalled,Undefined,Undefined,Undefined,0,0,NA,77.45216,0.310843,1.25736,2075.114355,305.144574,04:15:00,5.45558,-1.02893,6.06453,-48.92038,-3.13142,6.24914,1.66663,0.65565,72.04831,-8.662917,2.384339,0.487026,NA,NA,NA,NA,NA,NA,NA,NA,NA,NA,NA,-2.91603,-1.31547,0.92812,50,5.45343,-2.6925,-112.70271,-0.87973,-3.78313,18.81916,-33.88067,MIA_RED,MIA_RED,McKieFieldStad,TeamExclusive,Team,20251008-McKieFieldStad-Private-1,8f4fa910-a48a-11f0-9932-9bf1a4eb5fca,77.39314,NA,NA,5.40385,NA,NA,NA,NA,NA,NA,b79b2875-734e-4804-b678-a189f4c168b8,2025-10-08,21:05:45,2025-10-08T21:05:45Z,2025-10-08T21:05:45Z,NA,v3,471355,471355,NA,"Raether, Carson",1000338521,Right,MIA_RED,1caed2f1-8b5a-4e90-ad3d-4352427fd054,54.43641,-113.44109,9.40958,5.46187,0.44959,-16.94034,1.03085,-2.54407,-1.89157,NA,NA,NA,NA,NA,NA,NA,NA,NA,NA,NA,NA,NA,NA,NA,NA,NA,NA,NA,NA,NA,NA,NA,NA,NA,NA,NA,NA,NA,NA,NA,NA,NA,NA,NA,NA,NA,NA,NA,NA,NA,NA,NA,NA,NA,NA,NA,NA,NA,NA,High,High,High,NA,NA,NA,NA,NA
202,2025-10-08,17:06:08,2,4,"Pece, Sam",10053008,Left,MIA_RED,"Harrison, Tommy",811731,Left,MIA_RED,Undefined,5,Top,1,1,2,Fastball,Sinker,FoulBallNotFieldable,Undefined,Undefined,Undefined,0,0,NA,84.81267,-1.13572,0.864168,2242.489938,158.256098,11:15:00,5.56137,-0.67193,6.89132,-22.62411,14.3715,-5.31051,2.64111,-0.32714,78.38268,-5.44086,-0.107536,0.437771,76.04175,58.348516,-41.342244,5613.598145,62.26285,105.52687,-90.68261,167.20358,73.96769,-58.052265,5.257114,3.06012,8.28,0.61911,50,5.48131,-1.68435,-123.49629,-3.01083,4.76661,22.61098,-19.2767,MIA_RED,MIA_RED,McKieFieldStad,TeamExclusive,Team,20251008-McKieFieldStad-Private-1,9d166ca0-a48a-11f0-9932-9bf1a4eb5fca,86.10088,110.10928,NA,6.42998,NA,NA,NA,1.47928,2.04121,0.66562,b79b2875-734e-4804-b678-a189f4c168b8,2025-10-08,21:06:08,2025-10-08T21:06:08Z,2025-10-08T21:06:08Z,Popup,v3,471355,471355,NA,"Raether, Carson",1000338521,Right,MIA_RED,10649d93-c882-4846-8364-c42befbbf79e,53.60785,-124.1551,11.30549,5.56085,-2.44917,-9.63835,0.67021,-1.82323,2.3833,158.971851,1.4793,43.88734,-16.8142,4.67107,-0.37737,-0.26788,0.10853,-0.01615,8.7e-4,2.02898,95.17253,-26.05858,3.72535,-1.1849,0.31423,-0.04558,0.00247,1e-5,0.66771,-38.70202,4.51862,-0.92119,0.2796,-0.1029,0.02572,-0.00343,1.8e-4,NA,NA,NA,NA,NA,NA,NA,NA,NA,NA,NA,NA,NA,NA,NA,NA,NA,NA,NA,NA,NA,NA,High,High,High,High,Low,NA,NA,NA
203,2025-10-08,17:06:47,2,5,"Pece, Sam",10053008,Left,MIA_RED,"Harrison, Tommy",811731,Left,MIA_RED,Undefined,5,Top,1,1,2,ChangeUp,Curveball,BallCalled,Undefined,Undefined,Undefined,0,0,NA,71.34685,3.547704,-0.428478,1883.258797,328.831897,05:00:00,5.86839,-0.4774,5.60625,-64.93944,-9.80918,6.87717,3.77271,-0.30427,66.03018,-8.274971,0.7997,0.5344,NA,NA,NA,NA,NA,NA,NA,NA,NA,NA,NA,-3.58587,-5.36933,0.50951,50,6.12985,0.53378,-103.60908,4.42669,-3.92777,16.06862,-38.05533,MIA_RED,MIA_RED,McKieFieldStad,TeamExclusive,Team,20251008-McKieFieldStad-Private-1,b44ca790-a48a-11f0-9932-9bf1a4eb5fca,70.53226,NA,NA,5.31666,NA,NA,NA,NA,NA,NA,b79b2875-734e-4804-b678-a189f4c168b8,2025-10-08,21:06:47,2025-10-08T21:06:47Z,2025-10-08T21:06:47Z,NA,v3,471355,471355,NA,"Raether, Carson",1000338521,Right,MIA_RED,af89f66d-9d21-4ee5-a2f6-73502c664aaa,54.89639,-104.3657,8.03431,5.87923,6.21857,-19.02766,0.48002,0.71873,-1.96388,NA,NA,NA,NA,NA,NA,NA,NA,NA,NA,NA,NA,NA,NA,NA,NA,NA,NA,NA,NA,NA,NA,NA,NA,NA,NA,NA,NA,NA,NA,NA,NA,NA,NA,NA,NA,NA,NA,NA,NA,NA,NA,NA,NA,NA,NA,NA,NA,NA,NA,High,High,High,NA,NA,NA,NA,NA
204,2025-10-08,17:07:08,2,6,"Pece, Sam",10053008,Left,MIA_RED,"Harrison, Tommy",811731,Left,MIA_RED,Undefined,5,Top,1,2,2,Slider,Curveball,BallCalled,Undefined,Undefined,Undefined,0,0,NA,76.98989,0.167548,1.487396,2070.283725,293.17802,03:45:00,5.41248,-1.15631,5.88258,-49.29117,-2.45323,8.87477,1.46053,0.9648,71.42902,-8.848227,3.082141,0.492573,NA,NA,NA,NA,NA,NA,NA,NA,NA,NA,NA,-4.17579,-0.91551,1.03106,50,5.39732,-3.2232,-111.95379,-1.20424,-5.32606,19.27227,-33.34176,MIA_RED,MIA_RED,McKieFieldStad,TeamExclusive,Team,20251008-McKieFieldStad-Private-1,c081cea0-a48a-11f0-9932-9bf1a4eb5fca,76.52158,NA,NA,5.56088,NA,NA,NA,NA,NA,NA,b79b2875-734e-4804-b678-a189f4c168b8,2025-10-08,21:07:08,2025-10-08T21:07:08Z,2025-10-08T21:07:08Z,NA,v3,471355,471355,NA,"Raether, Carson",1000338521,Right,MIA_RED,92bf2d58-acaf-4eeb-a7b3-9824a7f36c87,54.61809,-112.74597,9.63613,5.41865,0.16626,-16.67088,1.15905,-3.00428,-2.66303,NA,NA,NA,NA,NA,NA,NA,NA,NA,NA,NA,NA,NA,NA,NA,NA,NA,NA,NA,NA,NA,NA,NA,NA,NA,NA,NA,NA,NA,NA,NA,NA,NA,NA,NA,NA,NA,NA,NA,NA,NA,NA,NA,NA,NA,NA,NA,NA,NA,NA,High,High,High,NA,NA,NA,NA,NA
205,2025-10-08,17:07:32,2,7,"Pece, Sam",10053008,Left,MIA_RED,"Harrison, Tommy",811731,Left,MIA_RED,Undefined,5,Top,1,3,2,Fastball,Sinker,InPlay,Undefined,FlyBall,Out,1,0,NA,84.4813,-1.887143,0.735269,2184.288508,157.125908,11:15:00,5.62729,-0.76915,6.80957,-24.11147,13.14635,-5.11807,1.89532,-0.52472,78.54105,-6.436977,-0.200172,0.439319,85.45811,39.533609,10.57293,4072.073238,NA,NA,NA,NA,98.78256,NA,NA,2.91858,7.76496,0.72353,50,5.49619,-1.40889,-123.02033,-4.67795,4.53271,21.33478,-20.11463,MIA_RED,MIA_RED,McKieFieldStad,TeamExclusive,Team,20251008-McKieFieldStad-Private-1,cea75400-a48a-11f0-9932-9bf1a4eb5fca,85.79744,74.07206,NA,5.94025,NA,NA,NA,2.20396,2.48439,0.46284,b79b2875-734e-4804-b678-a189f4c168b8,2025-10-08,21:07:32,2025-10-08T21:07:32Z,2025-10-08T21:07:32Z,NA,v3,471355,471355,NA,"Raether, Carson",1000338521,Right,MIA_RED,c94e0399-e4f2-4778-8afc-53bcf9385d74,53.69064,-123.65872,10.66739,5.62717,-4.07607,-10.05732,0.76772,-1.54452,2.26636,166.963964,2.20396,95.02612,-18.31601,4.51531,-0.90728,0.07605,0.09679,-0.0719,0.01785,2.48439,79.78182,-18.57572,1.12175,-0.20939,0.21126,-0.23208,0.13497,-0.03201,0.46284,17.73716,-6.40343,1.78448,-0.37762,-0.00255,0.08694,-0.05793,0.01414,NA,NA,NA,NA,NA,NA,NA,NA,NA,NA,NA,NA,NA,NA,NA,NA,NA,NA,NA,NA,NA,NA,High,High,High,High,Undefined,NA,NA,NA
206,2025-10-08,17:08:11,3,1,"Pece, Sam",10053008,Left,MIA_RED,"Vrlak, Jake",1000131822,Right,MIA_RED,Undefined,5,Top,2,0,0,Curveball,Curveball,StrikeCalled,Undefined,Undefined,Undefined,0,0,NA,75.42672,1.58564,-0.858978,2058.48906,275.465085,03:15:00,5.36276,-1.2597,5.81605,-48.73581,0.34665,11.84182,2.77629,-1.07161,69.43749,-7.375093,1.265149,0.504237,NA,NA,NA,NA,NA,NA,NA,NA,NA,NA,NA,-6.26386,0.22315,1.32301,50,5.46372,1.21439,-109.59921,1.53705,-7.63746,18.93042,-31.90197,MIA_RED,MIA_RED,McKieFieldStad,TeamExclusive,Team,20251008-McKieFieldStad-Private-1,e5ed4660-a48a-11f0-9932-9bf1a4eb5fca,74.75145,NA,NA,5.98924,NA,NA,NA,NA,NA,NA,b79b2875-734e-4804-b678-a189f4c168b8,2025-10-08,21:08:11,2025-10-08T21:08:11Z,2025-10-08T21:08:11Z,NA,v3,471355,471355,NA,"Raether, Carson",1000338521,Right,MIA_RED,c725f9f0-9cdf-4e25-b294-5d8e8d7caddf,54.68304,-110.40512,9.46521,5.36938,2.89519,-15.95098,1.26439,1.53954,-3.81873,NA,NA,NA,NA,NA,NA,NA,NA,NA,NA,NA,NA,NA,NA,NA,NA,NA,NA,NA,NA,NA,NA,NA,NA,NA,NA,NA,NA,NA,NA,NA,NA,NA,NA,NA,NA,NA,NA,NA,NA,NA,NA,NA,NA,NA,NA,NA,NA,NA,NA,High,High,High,NA,NA,NA,NA,NA
207,2025-10-08,17:08:30,3,2,"Pece, Sam",10053008,Left,MIA_RED,"Vrlak, Jake",1000131822,Right,MIA_RED,Undefined,5,Top,2,0,1,ChangeUp,Changeup,BallCalled,Undefined,Undefined,Undefined,0,0,NA,78.94186,-1.968432,1.802987,1463.564642,104.46867,09:30:00,5.30183,-1.18802,6.31051,-38.6053,5.26284,-15.37883,0.26987,-0.8082,73.2214,-9.103209,-0.985089,0.476701,NA,NA,NA,NA,NA,NA,NA,NA,NA,NA,NA,8.57209,3.61402,1.06342,50,5.13886,-3.09474,-114.77932,-5.05142,11.49293,20.24463,-27.32859,MIA_RED,MIA_RED,McKieFieldStad,TeamExclusive,Team,20251008-McKieFieldStad-Private-1,f18d0b40-a48a-11f0-9932-9bf1a4eb5fca,79.06938,NA,NA,5.72046,NA,NA,NA,NA,NA,NA,b79b2875-734e-4804-b678-a189f4c168b8,2025-10-08,21:08:30,2025-10-08T21:08:30Z,2025-10-08T21:08:30Z,NA,v3,471355,471355,NA,"Raether, Carson",1000338521,Right,MIA_RED,df096d61-c8ea-4403-8091-f062f3ce6889,54.19037,-115.51605,10.12232,5.30459,-4.0569,-13.66429,1.18365,-3.51298,5.74647,NA,NA,NA,NA,NA,NA,NA,NA,NA,NA,NA,NA,NA,NA,NA,NA,NA,NA,NA,NA,NA,NA,NA,NA,NA,NA,NA,NA,NA,NA,NA,NA,NA,NA,NA,NA,NA,NA,NA,NA,NA,NA,NA,NA,NA,NA,NA,NA,NA,NA,High,High,High,NA,NA,NA,NA,NA
208,2025-10-08,17:08:50,3,3,"Pece, Sam",10053008,Left,MIA_RED,"Vrlak, Jake",1000131822,Right,MIA_RED,Undefined,5,Top,2,1,1,Fastball,Cutter,FoulBallNotFieldable,Undefined,Undefined,Undefined,0,0,NA,85.02436,-0.492419,2.041176,2348.592266,158.894087,11:15:00,5.60289,-0.81651,6.72481,-23.53281,13.45741,-4.79788,3.19149,0.64994,78.67965,-4.948615,1.166971,0.437739,69.09595,77.022244,157.531897,4884.781361,NA,NA,NA,NA,26.25744,NA,NA,3.05547,7.57134,0.68352,50,5.5609,-4.24557,-123.75845,-1.6826,4.7922,22.08956,-20.29906,MIA_RED,MIA_RED,McKieFieldStad,TeamExclusive,Team,20251008-McKieFieldStad-Private-1,fdb9cde0-a48a-11f0-9932-9bf1a4eb5fca,86.10718,77.64219,NA,6.34471,NA,NA,NA,1.48466,3.05949,-0.54264,b79b2875-734e-4804-b678-a189f4c168b8,2025-10-08,21:08:50,2025-10-08T21:08:50Z,2025-10-08T21:08:50Z,NA,v3,471355,471355,NA,"Raether, Carson",1000338521,Right,MIA_RED,36a0a18e-c09a-4e00-aed8-e21c97df5486,53.77471,-124.43037,11.04478,5.60269,-1.06514,-10.14953,0.81488,-4.39134,2.3961,5.893626,1.48466,-21.0308,-4.06974,2.31529,-0.72115,0.18473,-0.03974,0.00552,-1.9e-4,3.05949,98.75203,-30.18084,4.04655,-0.73946,0.08546,0.01585,-0.01518,0.00334,-0.54264,8.69753,5.11041,-2.36193,0.68725,-0.16672,0.03209,-0.00298,-2.1e-4,NA,NA,NA,NA,NA,NA,NA,NA,NA,NA,NA,NA,NA,NA,NA,NA,NA,NA,NA,NA,NA,NA,High,High,High,High,Undefined,NA,NA,NA
209,2025-10-08,17:09:20,3,4,"Pece, Sam",10053008,Left,MIA_RED,"Vrlak, Jake",1000131822,Right,MIA_RED,Undefined,5,Top,2,1,2,Curveball,Curveball,BallCalled,Undefined,Undefined,Undefined,0,0,NA,72.28959,-0.477479,1.508907,2046.526871,332.909547,05:00:00,5.80634,-0.43665,6.11416,-66.91511,-13.90851,7.92315,-0.21155,1.61905,67.37535,-12.656434,2.944548,0.524006,NA,NA,NA,NA,NA,NA,NA,NA,NA,NA,NA,-3.70555,-6.7317,0.31675,50,5.73438,-3.02227,-105.16608,-2.78164,-4.1333,18.50338,-39.68283,MIA_RED,MIA_RED,McKieFieldStad,TeamExclusive,Team,20251008-McKieFieldStad-Private-1,0f23cfe0-a48b-11f0-9932-9bf1a4eb5fca,71.9313,NA,NA,4.91424,NA,NA,NA,NA,NA,NA,b79b2875-734e-4804-b678-a189f4c168b8,2025-10-08,21:09:20,2025-10-08T21:09:20Z,2025-10-08T21:09:20Z,NA,v3,471355,471355,NA,"Raether, Carson",1000338521,Right,MIA_RED,f06cbc3d-f2d5-4393-9728-527bae050d40,54.3897,-105.9356,9.25169,5.81575,-1.1313,-19.84141,0.43886,-2.85037,-2.06665,NA,NA,NA,NA,NA,NA,NA,NA,NA,NA,NA,NA,NA,NA,NA,NA,NA,NA,NA,NA,NA,NA,NA,NA,NA,NA,NA,NA,NA,NA,NA,NA,NA,NA,NA,NA,NA,NA,NA,NA,NA,NA,NA,NA,NA,NA,NA,NA,NA,NA,High,High,High,NA,NA,NA,NA,NA
210,2025-10-08,17:09:50,3,5,"Pece, Sam",10053008,Left,MIA_RED,"Vrlak, Jake",1000131822,Right,MIA_RED,Undefined,5,Top,2,2,2,Curveball,Curveball,StrikeSwinging,Strikeout,Undefined,Undefined,0,0,NA,73.12233,1.501429,1.647923,2139.865964,323.594137,04:45:00,5.78226,-0.55296,5.95705,-62.95118,-10.92402,9.1926,1.92955,1.74167,67.71747,-10.00257,3.302434,0.519142,NA,NA,NA,NA,NA,NA,NA,NA,NA,NA,NA,-4.34815,-5.83189,0.41661,50,5.86521,-3.35686,-106.31944,0.95496,-4.97241,18.38608,-38.84323,MIA_RED,MIA_RED,McKieFieldStad,TeamExclusive,Team,20251008-McKieFieldStad-Private-1,212e0980-a48b-11f0-9932-9bf1a4eb5fca,72.6052,NA,NA,5.40486,NA,NA,NA,NA,NA,NA,b79b2875-734e-4804-b678-a189f4c168b8,2025-10-08,21:09:50,2025-10-08T21:09:50Z,2025-10-08T21:09:50Z,NA,v3,471355,471355,NA,"Raether, Carson",1000338521,Right,MIA_RED,5aaf58ef-94d5-4caa-8ace-2f5dc8fe457c,54.54647,-107.10279,9.19304,5.78927,2.60989,-19.42161,0.55512,-3.14501,-2.4862,NA,NA,NA,NA,NA,NA,NA,NA,NA,NA,NA,NA,NA,NA,NA,NA,NA,NA,NA,NA,NA,NA,NA,NA,NA,NA,NA,NA,NA,NA,NA,NA,NA,NA,NA,NA,NA,NA,NA,NA,NA,NA,NA,NA,NA,NA,NA,NA,NA,NA,High,High,High,NA,NA,NA,NA,NA
211,2025-10-08,17:10:30,1,1,"Pece, Sam",10053008,Left,MIA_RED,"Cruz, Diego",1000178634,Left,MIA_RED,Undefined,5,Bottom,0,0,0,Fastball,Sinker,BallCalled,Undefined,Undefined,Undefined,0,0,NA,83.71372,-2.177329,2.31867,2262.515463,154.013545,11:15:00,5.74199,-0.64835,6.71312,-26.40997,11.663,-5.18949,1.5482,1.03992,78.05079,-7.126586,1.372754,0.444099,NA,NA,NA,NA,NA,NA,NA,NA,NA,NA,NA,3.28689,7.01032,0.49663,50,5.58708,-4.75375,-121.78236,-5.34265,5.01725,20.23674,-21.47324,MIA_RED,MIA_RED,McKieFieldStad,TeamExclusive,Team,20251008-McKieFieldStad-Private-1,390da3d0-a48b-11f0-9932-9bf1a4eb5fca,84.87395,NA,NA,5.66293,NA,NA,NA,NA,NA,NA,b79b2875-734e-4804-b678-a189f4c168b8,2025-10-08,21:10:30,2025-10-08T21:10:30Z,2025-10-08T21:10:30Z,NA,v3,471355,471355,NA,"Buffington, Matthew",825106,Right,MIA_RED,35628553-3f82-49a6-944a-563e6e1b90d0,53.78625,-122.40991,10.11837,5.74243,-4.67676,-10.73662,0.64646,-4.90934,2.50863,NA,NA,NA,NA,NA,NA,NA,NA,NA,NA,NA,NA,NA,NA,NA,NA,NA,NA,NA,NA,NA,NA,NA,NA,NA,NA,NA,NA,NA,NA,NA,NA,NA,NA,NA,NA,NA,NA,NA,NA,NA,NA,NA,NA,NA,NA,NA,NA,NA,NA,High,High,High,NA,NA,NA,NA,NA
212,2025-10-08,17:10:53,1,2,"Pece, Sam",10053008,Left,MIA_RED,"Cruz, Diego",1000178634,Left,MIA_RED,Undefined,5,Bottom,0,1,0,Fastball,Cutter,InPlay,Undefined,Popup,Single,0,0,NA,83.95343,-0.834418,0.947615,2306.738905,170.299888,11:45:00,5.61896,-0.87531,6.70787,-26.92253,10.85819,-1.68563,2.61241,-0.14936,78.13695,-5.893379,0.640212,0.442391,73.77717,76.60752,30.844707,NA,NA,NA,NA,NA,22.00709,NA,NA,1.11886,6.25776,0.81312,50,5.55277,-1.96586,-122.2948,-2.50876,1.72095,20.57977,-22.54862,MIA_RED,MIA_RED,McKieFieldStad,TeamExclusive,Team,20251008-McKieFieldStad-Private-1,46a58f30-a48b-11f0-9932-9bf1a4eb5fca,85.20156,101.36154,NA,5.81647,NA,NA,NA,1.90108,1.81897,-0.70032,b79b2875-734e-4804-b678-a189f4c168b8,2025-10-08,21:10:53,2025-10-08T21:10:53Z,2025-10-08T21:10:53Z,NA,v3,471355,471355,NA,"Buffington, Matthew",825106,Right,MIA_RED,29559748-0370-4499-8a94-181eb93896b7,53.79215,-122.93129,10.28989,5.61958,-1.81138,-11.27431,0.87474,-2.01908,0.86048,NA,1.90106,21.52228,-11.86563,4.47609,-2.46552,2.40753,-1.70119,0.64311,-0.09939,1.81898,105.26311,-26.842,2.97301,-0.26421,-0.32258,0.30772,-0.12785,0.02095,-0.70032,12.85018,-1.86504,0.44177,-0.13094,0.0941,-0.0615,0.02235,-0.00334,NA,NA,NA,NA,NA,NA,NA,NA,NA,NA,NA,NA,NA,NA,NA,NA,NA,NA,NA,NA,NA,NA,High,High,High,Medium,Undefined,NA,NA,NA
213,2025-10-08,17:14:10,2,1,"Pfeffer, Kaden",821954,Left,MIA_RED,"Gonzalez Rivera, Ignacio",10124440,Right,MIA_RED,Undefined,5,Bottom,0,0,0,Fastball,Changeup,BallCalled,Undefined,Undefined,Undefined,0,0,NA,79.8319,1.220326,2.836112,2048.303093,130.165313,10:15:00,4.92235,-2.77097,5.5246,-32.48049,11.68359,-12.31859,3.35807,-1.14394,73.46205,-4.778367,0.644136,0.478307,NA,NA,NA,NA,NA,NA,NA,NA,NA,NA,NA,6.92268,5.99154,2.53261,50,5.00693,-5.25179,-115.86078,1.43006,9.494,19.83573,-23.95702,MIA_RED,MIA_RED,McKieFieldStad,TeamExclusive,Team,20251008-McKieFieldStad-Private-1,bbcb07e0-a48b-11f0-9932-9bf1a4eb5fca,78.80394,NA,NA,6.36985,NA,NA,NA,NA,NA,NA,b79b2875-734e-4804-b678-a189f4c168b8,2025-10-08,21:14:10,2025-10-08T21:14:10Z,2025-10-08T21:14:10Z,NA,v3,471355,471355,NA,"Buffington, Matthew",825106,Right,MIA_RED,8c987aaa-470b-4696-934f-807f296a98c9,54.97318,-116.7091,9.91786,4.92386,2.45463,-11.97851,2.7659,-5.65783,4.747,NA,NA,NA,NA,NA,NA,NA,NA,NA,NA,NA,NA,NA,NA,NA,NA,NA,NA,NA,NA,NA,NA,NA,NA,NA,NA,NA,NA,NA,NA,NA,NA,NA,NA,NA,NA,NA,NA,NA,NA,NA,NA,NA,NA,NA,NA,NA,NA,NA,NA,High,High,High,NA,NA,NA,NA,NA
214,2025-10-08,17:14:23,2,2,"Pfeffer, Kaden",821954,Left,MIA_RED,"Gonzalez Rivera, Ignacio",10124440,Right,MIA_RED,Undefined,5,Bottom,0,1,0,ChangeUp,Changeup,InPlay,Undefined,GroundBall,Single,0,0,NA,79.09111,-0.03142,3.61303,2000.922044,132.173148,10:30:00,4.90293,-2.82063,5.33003,-30.47191,14.91111,-14.96902,2.33407,-0.67355,72.82955,-5.650167,0.960798,0.484862,91.17107,-13.034146,2.461778,NA,NA,NA,NA,10.75116,10.23724,5.816706,0.076239,8.46457,7.89619,2.50519,50,4.87831,-6.65386,-114.70729,-1.03969,11.37322,19.53766,-21.56453,MIA_RED,MIA_RED,McKieFieldStad,TeamExclusive,Team,20251008-McKieFieldStad-Private-1,c42035a0-a48b-11f0-9932-9bf1a4eb5fca,77.73851,2.30332,NA,6.26155,NA,NA,NA,0.75529,2.30332,0.66222,b79b2875-734e-4804-b678-a189f4c168b8,2025-10-08,21:14:23,2025-10-08T21:14:23Z,2025-10-08T21:14:23Z,GroundBall,v3,471355,471355,NA,"Buffington, Matthew",825106,Right,MIA_RED,7fc9d213-88a2-4ff7-b666-a9af39658785,55.16889,-115.58433,9.76883,4.90325,-0.07166,-10.78227,2.81534,-7.1644,5.68661,180,0.75242,130.38544,NA,NA,NA,NA,NA,NA,NA,2.30398,-30.21159,NA,NA,NA,NA,NA,NA,NA,0.6621,5.60561,NA,NA,NA,NA,NA,NA,NA,NA,NA,NA,NA,NA,NA,NA,NA,NA,NA,NA,NA,NA,NA,NA,NA,NA,NA,NA,NA,NA,NA,High,High,High,High,High,NA,NA,NA
215,2025-10-08,17:15:06,3,1,"Pfeffer, Kaden",821954,Left,MIA_RED,"Appelwick, Evan",695485,Right,MIA_RED,Undefined,5,Bottom,0,0,0,ChangeUp,Changeup,FoulBallNotFieldable,Undefined,Undefined,Undefined,0,0,NA,75.8884,0.792721,4.040702,1376.070603,118.100951,10:00:00,4.74262,-2.94072,5.32885,-40.38065,8.84745,-13.91276,2.12328,-0.30246,70.14472,-6.583953,1.577494,0.504984,88.13412,15.789846,50.212759,4242.028194,61.80356,23.81225,90.99588,247.69459,146.46142,62.052396,2.702601,7.98678,4.67012,2.58551,50,4.78525,-7.24416,-110.03016,0.23013,9.90137,17.46492,-26.38441,MIA_RED,MIA_RED,McKieFieldStad,TeamExclusive,Team,20251008-McKieFieldStad-Private-1,dd4d1070-a48b-11f0-9932-9bf1a4eb5fca,74.64079,24.85961,NA,5.74368,NA,NA,NA,-0.28308,1.8926,0.23927,b79b2875-734e-4804-b678-a189f4c168b8,2025-10-08,21:15:06,2025-10-08T21:15:06Z,2025-10-08T21:15:06Z,LineDrive,v3,471355,471355,NA,"Buffington, Matthew",825106,Right,MIA_RED,ccf09c4d-d580-4321-ae4e-6663636e0346,55.17029,-110.8478,8.73246,4.74556,1.46534,-13.19221,2.9355,-7.7077,4.95069,NA,-0.28307,79.59878,-23.63959,6.14201,-1.39258,0.28225,-0.04936,0.00627,-3.9e-4,1.8926,35.17412,-13.08696,-0.71752,0.47908,-0.1525,0.03352,-0.00432,2.5e-4,0.23927,95.58119,-7.99001,1.22592,-0.09965,-0.01242,0.00596,-9.2e-4,6e-5,NA,NA,NA,NA,NA,NA,NA,NA,NA,NA,NA,NA,NA,NA,NA,NA,NA,NA,NA,NA,NA,NA,High,High,High,High,Medium,NA,NA,NA
216,2025-10-08,17:15:37,3,2,"Pfeffer, Kaden",821954,Left,MIA_RED,"Appelwick, Evan",695485,Right,MIA_RED,Undefined,5,Bottom,0,0,1,Slider,Curveball,BallCalled,Undefined,Undefined,Undefined,0,0,NA,71.32452,0.218306,3.276923,2180.311026,284.000578,03:30:00,5.08859,-2.75704,5.20927,-55.67145,-0.06882,6.05406,0.65493,0.83238,66.97245,-9.786717,4.348501,0.536685,NA,NA,NA,NA,NA,NA,NA,NA,NA,NA,NA,-2.29398,0.28815,2.44896,50,5.06615,-6.14301,-103.58467,-1.35558,-2.53169,14.74786,-31.85603,MIA_RED,MIA_RED,McKieFieldStad,TeamExclusive,Team,20251008-McKieFieldStad-Private-1,f01bd290-a48b-11f0-9932-9bf1a4eb5fca,70.23202,NA,NA,4.35207,NA,NA,NA,NA,NA,NA,b79b2875-734e-4804-b678-a189f4c168b8,2025-10-08,21:15:37,2025-10-08T21:15:37Z,2025-10-08T21:15:37Z,NA,v3,471355,471355,NA,"Buffington, Matthew",825106,Right,MIA_RED,a53968cc-5105-4323-8a39-4f411187b88a,55.29237,-104.33545,7.37393,5.09388,0.26614,-15.92802,2.75841,-6.01412,-1.26585,NA,NA,NA,NA,NA,NA,NA,NA,NA,NA,NA,NA,NA,NA,NA,NA,NA,NA,NA,NA,NA,NA,NA,NA,NA,NA,NA,NA,NA,NA,NA,NA,NA,NA,NA,NA,NA,NA,NA,NA,NA,NA,NA,NA,NA,NA,NA,NA,NA,NA,High,High,High,NA,NA,NA,NA,NA
217,2025-10-08,17:15:57,3,3,"Pfeffer, Kaden",821954,Left,MIA_RED,"Appelwick, Evan",695485,Right,MIA_RED,Undefined,5,Bottom,0,1,1,ChangeUp,Changeup,BallCalled,Undefined,Undefined,Undefined,0,0,NA,79.27658,-1.111846,4.906177,2019.817442,124.238091,10:15:00,4.87556,-2.84641,5.60808,-31.72061,12.94201,-17.11808,1.19041,0.31782,73.39942,-6.950871,1.863189,0.480998,NA,NA,NA,NA,NA,NA,NA,NA,NA,NA,NA,9.88827,7.22744,2.43748,50,4.75955,-9.20768,-114.86907,-3.22964,13.38312,18.69484,-22.39216,MIA_RED,MIA_RED,McKieFieldStad,TeamExclusive,Team,20251008-McKieFieldStad-Private-1,fbd90a80-a48b-11f0-9932-9bf1a4eb5fca,78.36296,NA,NA,5.87716,NA,NA,NA,NA,NA,NA,b79b2875-734e-4804-b678-a189f4c168b8,2025-10-08,21:15:57,2025-10-08T21:15:57Z,2025-10-08T21:15:57Z,NA,v3,471355,471355,NA,"Buffington, Matthew",825106,Right,MIA_RED,d2fcde61-07bb-4ec6-9e97-3dc81c1db0db,54.8916,-115.66243,9.34742,4.87645,-2.27937,-11.19608,2.84028,-9.77563,6.69156,NA,NA,NA,NA,NA,NA,NA,NA,NA,NA,NA,NA,NA,NA,NA,NA,NA,NA,NA,NA,NA,NA,NA,NA,NA,NA,NA,NA,NA,NA,NA,NA,NA,NA,NA,NA,NA,NA,NA,NA,NA,NA,NA,NA,NA,NA,NA,NA,NA,NA,High,High,High,NA,NA,NA,NA,NA
218,2025-10-08,17:16:19,3,4,"Pfeffer, Kaden",821954,Left,MIA_RED,"Appelwick, Evan",695485,Right,MIA_RED,Undefined,5,Bottom,0,2,1,ChangeUp,Changeup,BallCalled,Undefined,Undefined,Undefined,0,0,NA,75.23283,-0.560614,4.827506,1363.02844,79.282371,08:45:00,4.87691,-2.91981,5.46241,-51.5355,-1.28976,-14.94993,0.0557,0.36344,69.59832,-9.901169,2.171341,0.510177,NA,NA,NA,NA,NA,NA,NA,NA,NA,NA,NA,8.91004,-0.11976,2.50472,50,4.79154,-8.65997,-108.97244,-2.72151,10.74941,18.55732,-32.31855,MIA_RED,MIA_RED,McKieFieldStad,TeamExclusive,Team,20251008-McKieFieldStad-Private-1,08fb50b0-a48c-11f0-9932-9bf1a4eb5fca,73.88109,NA,NA,5.63451,NA,NA,NA,NA,NA,NA,b79b2875-734e-4804-b678-a189f4c168b8,2025-10-08,21:16:19,2025-10-08T21:16:19Z,2025-10-08T21:16:19Z,NA,v3,471355,471355,NA,"Buffington, Matthew",825106,Right,MIA_RED,4b68310e-495f-4261-b14b-b887f7ddf682,55.03893,-109.82719,9.27866,4.88261,-1.23293,-16.15927,2.915,-9.15509,5.37471,NA,NA,NA,NA,NA,NA,NA,NA,NA,NA,NA,NA,NA,NA,NA,NA,NA,NA,NA,NA,NA,NA,NA,NA,NA,NA,NA,NA,NA,NA,NA,NA,NA,NA,NA,NA,NA,NA,NA,NA,NA,NA,NA,NA,NA,NA,NA,NA,NA,NA,High,High,High,NA,NA,NA,NA,NA
219,2025-10-08,17:16:49,3,5,"Pfeffer, Kaden",821954,Left,MIA_RED,"Appelwick, Evan",695485,Right,MIA_RED,Undefined,5,Bottom,0,3,1,ChangeUp,Changeup,StrikeCalled,Undefined,Undefined,Undefined,0,0,NA,79.6798,-0.551106,3.232634,1937.81121,132.772829,10:30:00,4.77326,-2.91438,5.66009,-29.78726,14.05887,-13.88548,1.77624,-1.05384,73.92564,-6.053672,0.755181,0.476581,NA,NA,NA,NA,NA,NA,NA,NA,NA,NA,NA,7.80516,7.65666,2.64963,50,4.70762,-6.00231,-115.7214,-2.03686,10.74729,18.47176,-21.63121,MIA_RED,MIA_RED,McKieFieldStad,TeamExclusive,Team,20251008-McKieFieldStad-Private-1,1ade0520-a48c-11f0-9932-9bf1a4eb5fca,79.08924,NA,NA,5.75415,NA,NA,NA,NA,NA,NA,b79b2875-734e-4804-b678-a189f4c168b8,2025-10-08,21:16:49,2025-10-08T21:16:49Z,2025-10-08T21:16:49Z,NA,v3,471355,471355,NA,"Buffington, Matthew",825106,Right,MIA_RED,c8307ab7-cad9-4031-901c-f676f13fa6cc,54.83871,-116.4912,9.23588,4.77372,-1.13538,-10.8156,2.9091,-6.4502,5.37365,NA,NA,NA,NA,NA,NA,NA,NA,NA,NA,NA,NA,NA,NA,NA,NA,NA,NA,NA,NA,NA,NA,NA,NA,NA,NA,NA,NA,NA,NA,NA,NA,NA,NA,NA,NA,NA,NA,NA,NA,NA,NA,NA,NA,NA,NA,NA,NA,NA,NA,High,High,High,NA,NA,NA,NA,NA
220,2025-10-08,17:17:14,3,6,"Pfeffer, Kaden",821954,Left,MIA_RED,"Appelwick, Evan",695485,Right,MIA_RED,Undefined,5,Bottom,0,3,2,Slider,Curveball,FoulBallNotFieldable,Undefined,Undefined,Undefined,0,0,NA,71.20337,1.48828,3.343544,2134.153824,284.468951,03:30:00,5.00125,-2.7606,5.27296,-55.55204,0.56441,3.9876,1.77251,0.71575,66.10288,-8.567987,4.049302,0.539158,71.09322,26.449502,-43.456755,2272.640519,75.82473,30.63677,-79.69039,195.78864,176.79428,-49.777717,2.735545,-1.16083,0.31059,2.45178,50,5.09601,-6.17433,-103.28554,0.96493,-1.26386,15.93246,-31.8359,MIA_RED,MIA_RED,McKieFieldStad,TeamExclusive,Team,20251008-McKieFieldStad-Private-1,2a062d70-a48c-11f0-9932-9bf1a4eb5fca,69.90976,30.69058,NA,5.10048,NA,NA,NA,2.47609,1.9832,-0.56092,b79b2875-734e-4804-b678-a189f4c168b8,2025-10-08,21:17:14,2025-10-08T21:17:14Z,2025-10-08T21:17:14Z,FlyBall,v3,471355,471355,NA,"Buffington, Matthew",825106,Right,MIA_RED,469597dc-0a91-40cf-82c7-066d494761a3,55.22762,-104.08881,7.96623,5.0069,2.57001,-15.91795,2.76147,-6.11062,-0.63193,NA,2.47612,67.76517,-13.18025,2.80407,-0.52621,0.07856,-0.00542,-8.4e-4,1.5e-4,1.9831,46.44686,-20.9633,2.26419,-0.59514,0.18363,-0.05064,0.00835,-5.3e-4,-0.56093,-64.21012,5.73644,-1.22039,0.22761,-0.03298,0.00187,4.6e-4,-7e-5,NA,NA,NA,NA,NA,NA,NA,NA,NA,NA,NA,NA,NA,NA,NA,NA,NA,NA,NA,NA,NA,NA,High,High,High,High,Medium,NA,NA,NA
221,2025-10-08,17:17:48,3,7,"Pfeffer, Kaden",821954,Left,MIA_RED,"Appelwick, Evan",695485,Right,MIA_RED,Undefined,5,Bottom,0,3,2,Fastball,Changeup,StrikeCalled,Strikeout,Undefined,Undefined,0,0,NA,80.18585,0.096969,4.897253,1930.136446,127.763054,10:15:00,4.92973,-2.83716,5.58138,-31.54899,12.47036,-14.34087,2.39154,0.55241,73.55342,-5.736326,2.351507,0.477522,NA,NA,NA,NA,NA,NA,NA,NA,NA,NA,NA,8.52347,6.69945,2.42476,50,4.91757,-9.37833,-116.08957,-0.80099,11.69313,20.657,-22.9832,MIA_RED,MIA_RED,McKieFieldStad,TeamExclusive,Team,20251008-McKieFieldStad-Private-1,3dfc0a70-a48c-11f0-9932-9bf1a4eb5fca,78.93343,NA,NA,6.63243,NA,NA,NA,NA,NA,NA,b79b2875-734e-4804-b678-a189f4c168b8,2025-10-08,21:17:48,2025-10-08T21:17:48Z,2025-10-08T21:17:48Z,NA,v3,471355,471355,NA,"Buffington, Matthew",825106,Right,MIA_RED,f1258d0b-86a7-443f-a976-c02db342d066,54.91617,-116.96108,10.3285,4.93091,0.16866,-11.4916,2.83083,-9.87166,5.84657,NA,NA,NA,NA,NA,NA,NA,NA,NA,NA,NA,NA,NA,NA,NA,NA,NA,NA,NA,NA,NA,NA,NA,NA,NA,NA,NA,NA,NA,NA,NA,NA,NA,NA,NA,NA,NA,NA,NA,NA,NA,NA,NA,NA,NA,NA,NA,NA,NA,NA,High,High,High,NA,NA,NA,NA,NA
222,2025-10-08,17:18:19,4,1,"Pfeffer, Kaden",821954,Left,MIA_RED,"Novak, Ryan",10035937,Left,MIA_RED,Undefined,5,Bottom,1,0,0,Slider,Curveball,BallCalled,Undefined,Undefined,Undefined,0,0,NA,69.53247,2.962963,1.727851,2058.904799,225.367489,01:30:00,5.04817,-2.89761,5.11579,-54.58716,5.17343,3.32162,3.29414,-0.99266,63.6103,-6.985736,2.314496,0.556389,NA,NA,NA,NA,NA,NA,NA,NA,NA,NA,NA,-1.15756,2.32744,2.73233,50,5.28506,-3.15938,-100.70413,3.53249,-1.18728,16.5386,-29.78687,MIA_RED,MIA_RED,McKieFieldStad,TeamExclusive,Team,20251008-McKieFieldStad-Private-1,503fcaa0-a48c-11f0-9932-9bf1a4eb5fca,67.74471,NA,NA,5.92217,NA,NA,NA,NA,NA,NA,b79b2875-734e-4804-b678-a189f4c168b8,2025-10-08,21:18:19,2025-10-08T21:18:19Z,2025-10-08T21:18:19Z,NA,v3,471355,471355,NA,"Buffington, Matthew",825106,Right,MIA_RED,b6048ce6-6cc0-4971-9d2b-6cc85bbbe8f5,55.38052,-101.58393,8.2693,5.05499,5.11705,-14.89344,2.89871,-3.09622,-0.59364,NA,NA,NA,NA,NA,NA,NA,NA,NA,NA,NA,NA,NA,NA,NA,NA,NA,NA,NA,NA,NA,NA,NA,NA,NA,NA,NA,NA,NA,NA,NA,NA,NA,NA,NA,NA,NA,NA,NA,NA,NA,NA,NA,NA,NA,NA,NA,NA,NA,NA,High,High,High,NA,NA,NA,NA,NA
223,2025-10-08,17:18:40,4,2,"Pfeffer, Kaden",821954,Left,MIA_RED,"Novak, Ryan",10035937,Left,MIA_RED,Undefined,5,Bottom,1,1,0,ChangeUp,Changeup,BallCalled,Undefined,Undefined,Undefined,0,0,NA,77.93956,-0.922898,5.046376,1874.232389,128.371868,10:15:00,4.79702,-2.8726,5.81721,-33.8964,12.12296,-13.57851,1.11082,0.69999,71.99076,-7.18171,2.624888,0.488249,NA,NA,NA,NA,NA,NA,NA,NA,NA,NA,NA,8.2563,6.838,2.46695,50,4.70091,-9.4776,-112.90228,-2.8363,10.75183,18.84067,-23.26921,MIA_RED,MIA_RED,McKieFieldStad,TeamExclusive,Team,20251008-McKieFieldStad-Private-1,5d1c7c50-a48c-11f0-9932-9bf1a4eb5fca,77.19918,NA,NA,5.9488,NA,NA,NA,NA,NA,NA,b79b2875-734e-4804-b678-a189f4c168b8,2025-10-08,21:18:40,2025-10-08T21:18:40Z,2025-10-08T21:18:40Z,NA,v3,471355,471355,NA,"Buffington, Matthew",825106,Right,MIA_RED,594a8776-bb02-4b91-a807-3a50c29291a5,54.68219,-113.68094,9.42033,4.79826,-1.87461,-11.6346,2.86783,-9.92196,5.37592,NA,NA,NA,NA,NA,NA,NA,NA,NA,NA,NA,NA,NA,NA,NA,NA,NA,NA,NA,NA,NA,NA,NA,NA,NA,NA,NA,NA,NA,NA,NA,NA,NA,NA,NA,NA,NA,NA,NA,NA,NA,NA,NA,NA,NA,NA,NA,NA,NA,NA,High,High,High,NA,NA,NA,NA,NA
224,2025-10-08,17:19:04,4,3,"Pfeffer, Kaden",821954,Left,MIA_RED,"Novak, Ryan",10035937,Left,MIA_RED,Undefined,5,Bottom,1,2,0,Slider,Curveball,BallCalled,Undefined,Undefined,Undefined,0,0,NA,69.87457,1.419075,3.225182,2169.724157,298.891558,04:00:00,5.01857,-2.79319,5.16349,-61.17232,-1.77756,6.76721,1.25887,0.80942,64.10544,-9.653131,4.421336,0.554684,NA,NA,NA,NA,NA,NA,NA,NA,NA,NA,NA,-2.40752,-0.75571,2.48673,50,5.10427,-5.94502,-101.18739,0.6032,-2.47602,17.75192,-32.95125,MIA_RED,MIA_RED,McKieFieldStad,TeamExclusive,Team,20251008-McKieFieldStad-Private-1,6bc366b0-a48c-11f0-9932-9bf1a4eb5fca,67.95303,NA,NA,5.76913,NA,NA,NA,NA,NA,NA,b79b2875-734e-4804-b678-a189f4c168b8,2025-10-08,21:19:04,2025-10-08T21:19:04Z,2025-10-08T21:19:04Z,NA,v3,471355,471355,NA,"Buffington, Matthew",825106,Right,MIA_RED,665cd012-835e-44fe-b65c-df06f9465a52,55.33508,-102.11907,8.87596,5.02723,2.33258,-16.47563,2.79533,-5.81507,-1.23801,NA,NA,NA,NA,NA,NA,NA,NA,NA,NA,NA,NA,NA,NA,NA,NA,NA,NA,NA,NA,NA,NA,NA,NA,NA,NA,NA,NA,NA,NA,NA,NA,NA,NA,NA,NA,NA,NA,NA,NA,NA,NA,NA,NA,NA,NA,NA,NA,NA,NA,High,High,High,NA,NA,NA,NA,NA
225,2025-10-08,17:19:25,4,4,"Pfeffer, Kaden",821954,Left,MIA_RED,"Novak, Ryan",10035937,Left,MIA_RED,Undefined,5,Bottom,1,3,0,Fastball,Changeup,StrikeCalled,Undefined,Undefined,Undefined,0,0,NA,79.38305,-1.011704,4.816119,1945.236749,135.151263,10:30:00,4.85115,-2.93756,5.5761,-30.99691,13.88249,-12.43709,1.31972,0.53478,73.05051,-6.734753,2.60748,0.482164,NA,NA,NA,NA,NA,NA,NA,NA,NA,NA,NA,7.55382,7.71044,2.53059,50,4.7435600000000004,-9.20217,-114.93614,-3.00183,10.16836,20.04436,-21.79489,MIA_RED,MIA_RED,McKieFieldStad,TeamExclusive,Team,20251008-McKieFieldStad-Private-1,7814a140-a48c-11f0-9932-9bf1a4eb5fca,78.17343,NA,NA,6.33254,NA,NA,NA,NA,NA,NA,b79b2875-734e-4804-b678-a189f4c168b8,2025-10-08,21:19:25,2025-10-08T21:19:25Z,2025-10-08T21:19:25Z,NA,v3,471355,471355,NA,"Buffington, Matthew",825106,Right,MIA_RED,feba262c-bde2-43a0-9961-6bba6a607292,54.92182,-115.7913,10.02218,4.85179,-2.07198,-10.89744,2.93244,-9.63599,5.08418,NA,NA,NA,NA,NA,NA,NA,NA,NA,NA,NA,NA,NA,NA,NA,NA,NA,NA,NA,NA,NA,NA,NA,NA,NA,NA,NA,NA,NA,NA,NA,NA,NA,NA,NA,NA,NA,NA,NA,NA,NA,NA,NA,NA,NA,NA,NA,NA,NA,NA,High,High,High,NA,NA,NA,NA,NA
226,2025-10-08,17:19:45,4,5,"Pece, Sam",10053008,Left,MIA_RED,"Novak, Ryan",10035937,Left,MIA_RED,Undefined,5,Bottom,1,3,1,Fastball,Changeup,StrikeCalled,Undefined,Undefined,Undefined,0,0,NA,78.49891,-0.942161,4.493936,1974.642903,136.20253400000001,10:30:00,4.86043,-2.82954,5.62222,-32.02281,13.56052,-11.72119,1.30987,0.39593,72.57584,-6.84432,2.40908,0.485931,NA,NA,NA,NA,NA,NA,NA,NA,NA,NA,NA,7.08536,7.52248,2.45354,50,4.75923,-8.50107,-113.77306,-2.86199,9.38469,18.81955,-22.21037,MIA_RED,MIA_RED,McKieFieldStad,TeamExclusive,Team,20251008-McKieFieldStad-Private-1,83d0eed0-a48c-11f0-9932-9bf1a4eb5fca,77.56751,NA,NA,5.92307,NA,NA,NA,NA,NA,NA,b79b2875-734e-4804-b678-a189f4c168b8,2025-10-08,21:19:45,2025-10-08T21:19:45Z,2025-10-08T21:19:45Z,NA,v3,471355,471355,NA,"Buffington, Matthew",825106,Right,MIA_RED,8646d1cf-fd50-4dff-b57f-5c69f9ec001d,54.87661,-114.57688,9.40978,4.86121,-1.91335,-11.10519,2.8252,-8.90191,4.69234,NA,NA,NA,NA,NA,NA,NA,NA,NA,NA,NA,NA,NA,NA,NA,NA,NA,NA,NA,NA,NA,NA,NA,NA,NA,NA,NA,NA,NA,NA,NA,NA,NA,NA,NA,NA,NA,NA,NA,NA,NA,NA,NA,NA,NA,NA,NA,NA,NA,NA,High,High,High,NA,NA,NA,NA,NA
227,2025-10-08,17:20:06,4,6,"Pece, Sam",10053008,Left,MIA_RED,"Novak, Ryan",10035937,Left,MIA_RED,Undefined,5,Bottom,1,3,2,Slider,Curveball,InPlay,Undefined,GroundBall,Out,1,0,NA,69.01633,2.071792,3.327729,2063.20499,288.08759,03:30:00,5.04263,-2.7413,5.20398,-60.33421,0.0415,5.5404,1.96739,0.85356,63.637,-8.857528,4.306588,0.559246,72.69145,-0.352572,19.972561,3341.585965,NA,NA,NA,31.06705,31.06705,17.412688,0.280989,-1.86193,-0.08614,2.42858,50,5.18881,-6.00619,-99.99222,1.79263,-1.88482,16.144,-32.26126,MIA_RED,MIA_RED,McKieFieldStad,TeamExclusive,Team,20251008-McKieFieldStad-Private-1,9090a2a0-a48c-11f0-9932-9bf1a4eb5fca,67.39873,2.11452,NA,5.37933,NA,NA,NA,2.52338,2.11452,-0.79564,b79b2875-734e-4804-b678-a189f4c168b8,2025-10-08,21:20:06,2025-10-08T21:20:06Z,2025-10-08T21:20:06Z,GroundBall,v3,471355,471355,NA,"Buffington, Matthew",825106,Right,MIA_RED,99151455-370a-403f-8f4a-3f0f33b16d7f,55.29587,-100.84363,8.072,5.04941,3.49403,-16.13063,2.74272,-5.90678,-0.94241,341.228884,2.52408,100.16625,-13.00767,NA,NA,NA,NA,NA,NA,2.11774,-0.80858,-23.98427,NA,NA,NA,NA,NA,NA,-0.79607000000000006,36.43586,-1.83281,NA,NA,NA,NA,NA,NA,NA,NA,NA,NA,NA,NA,NA,NA,NA,NA,NA,NA,NA,NA,NA,NA,NA,NA,NA,NA,NA,NA,High,High,High,High,High,NA,NA,NA
228,2025-10-08,17:20:43,5,1,"Pece, Sam",10053008,Left,MIA_RED,"Phillips, Drew",1000194003,Right,MIA_RED,Undefined,5,Bottom,2,0,0,Slider,Curveball,BallCalled,Undefined,Undefined,Undefined,0,0,NA,70.98351,0.055809,3.265644,2159.05694,236.017564,01:45:00,4.96992,-2.86204,5.21924,-52.11093,4.26784,4.01252,0.6799,0.54604,66.25663,-9.349617,3.975793,0.540417,NA,NA,NA,NA,NA,NA,NA,NA,NA,NA,NA,-1.22055,2.54977,2.55721,50,4.93555,-6.01889,-103.01771,-1.51268,-1.32631,15.32092,-29.40332,MIA_RED,MIA_RED,McKieFieldStad,TeamExclusive,Team,20251008-McKieFieldStad-Private-1,a63d5760-a48c-11f0-9932-9bf1a4eb5fca,69.74691,NA,NA,4.72688,NA,NA,NA,NA,NA,NA,b79b2875-734e-4804-b678-a189f4c168b8,2025-10-08,21:20:43,2025-10-08T21:20:43Z,2025-10-08T21:20:43Z,NA,v3,471355,471355,NA,"Buffington, Matthew",825106,Right,MIA_RED,c269895a-cb35-4d53-8361-6d799ac3937a,55.28085,-103.80012,7.66046,4.97446,-0.01112,-14.70166,2.86285,-5.95116,-0.66315,NA,NA,NA,NA,NA,NA,NA,NA,NA,NA,NA,NA,NA,NA,NA,NA,NA,NA,NA,NA,NA,NA,NA,NA,NA,NA,NA,NA,NA,NA,NA,NA,NA,NA,NA,NA,NA,NA,NA,NA,NA,NA,NA,NA,NA,NA,NA,NA,NA,NA,High,High,High,NA,NA,NA,NA,NA
229,2025-10-08,17:21:04,5,2,"Pece, Sam",10053008,Left,MIA_RED,"Phillips, Drew",1000194003,Right,MIA_RED,Undefined,5,Bottom,2,1,0,Fastball,Changeup,InPlay,Undefined,LineDrive,Out,1,0,NA,79.65046,0.210168,3.942427,1933.211256,129.582059,10:15:00,4.82198,-2.98355,5.69926,-31.95758,12.3991,-13.33335,2.35516,-0.41519,73.0348,-5.716893,1.565391,0.479348,99.27471,13.355421,-13.451982,1216.048929,105.91774,13.23988,-29.68865,184.10874,144.18963,-17.506465,1.5467360000000001,7.88264,6.65189,2.66098,50,4.81972,-7.45381,-115.48483,-0.55873,10.67948,20.86124,-23.16198,MIA_RED,MIA_RED,McKieFieldStad,TeamExclusive,Team,20251008-McKieFieldStad-Private-1,b2ab8fd0-a48c-11f0-9932-9bf1a4eb5fca,78.63273,13.67028,NA,6.61567,NA,NA,NA,1.36974,2.36259,0.40352,b79b2875-734e-4804-b678-a189f4c168b8,2025-10-08,21:21:04,2025-10-08T21:21:04Z,2025-10-08T21:21:04Z,LineDrive,v3,471355,471355,NA,"Buffington, Matthew",825106,Right,MIA_RED,f7c90433-209a-44da-a4b8-cc09ed320db4,54.79953,-116.34859,10.43062,4.82301,0.40029,-11.58099,2.97876,-7.89599,5.33974,53.39522,1.36974,137.77834,-19.06011,2.34967,-0.34796,-0.10839,0.14611,-0.06698,0.01156,2.36258,33.63296,-27.39796,4.01323,-0.81547,0.01881,0.1522,-0.08405,0.01554,0.40351,-32.95542,-4.40225,2.15667,-0.5033,-0.02385,0.15318,-0.08423,0.01578,NA,NA,NA,NA,NA,NA,NA,NA,NA,NA,NA,NA,NA,NA,NA,NA,NA,NA,NA,NA,NA,NA,High,High,High,High,High,NA,NA,NA
230,2025-10-08,17:21:43,1,1,"Pfeffer, Kaden",821954,Left,MIA_RED,"Dierks, Marcus",10322729,Left,MIA_RED,Undefined,6,Top,0,0,0,Fastball,Changeup,FoulBallNotFieldable,Undefined,Undefined,Undefined,0,0,NA,79.81564,-0.047706,3.826977,1918.495824,132.087374,10:30:00,4.94907,-2.68436,5.62503,-31.41793,12.56879,-12.5089,2.28629,-0.15041,73.70456,-5.84937,1.599401,0.477345,NA,NA,NA,NA,NA,NA,NA,NA,NA,NA,NA,7.35481,6.76804,2.36636,50,4.92471,-7.27451,-115.81444,-1.08017,10.09332,19.52109,-22.88598,MIA_RED,MIA_RED,McKieFieldStad,TeamExclusive,Team,20251008-McKieFieldStad-Private-1,ca102dc0-a48c-11f0-9932-9bf1a4eb5fca,78.96274,NA,NA,6.11108,NA,NA,NA,NA,NA,NA,b79b2875-734e-4804-b678-a189f4c168b8,2025-10-08,21:21:43,2025-10-08T21:21:43Z,2025-10-08T21:21:43Z,NA,v3,471355,471355,NA,"Raether, Carson",1000338521,Right,MIA_RED,cefa1bff-3159-48fd-ae2a-77aa687e1ced,54.87477,-116.63321,9.76054,4.94989,-0.12026,-11.44299,2.68035,-7.69785,5.04666,NA,NA,NA,NA,NA,NA,NA,NA,NA,NA,NA,NA,NA,NA,NA,NA,NA,NA,NA,NA,NA,NA,NA,NA,NA,NA,NA,NA,NA,NA,NA,NA,NA,NA,NA,NA,NA,NA,NA,NA,NA,NA,NA,NA,NA,NA,NA,NA,NA,NA,High,High,High,NA,NA,NA,NA,NA
231,2025-10-08,17:22:15,1,1,"Pfeffer, Kaden",821954,Left,MIA_RED,"Cruz, Diego",1000178634,Left,MIA_RED,Undefined,5,Bottom,0,0,0,ChangeUp,Changeup,InPlay,Undefined,GroundBall,Single,0,0,NA,76.50626,1.137767,4.535711,1434.749344,110.401205,09:45:00,4.84265,-2.82261,5.48775,-41.02522,7.6087,-16.32103,2.49177,0.06943,70.03702,-6.398821,1.640444,0.501928,97.97896,4.96519,23.287812,2100.38289,NA,NA,NA,96.17555,92.08093,24.480476,0.720614,9.53016,3.94784,2.43625,50,4.91469,-8.17767,-110.78357,0.91506,11.86047,19.52992,-27.26088,MIA_RED,MIA_RED,McKieFieldStad,TeamExclusive,Team,20251008-McKieFieldStad-Private-1,dda748f0-a48c-11f0-9932-9bf1a4eb5fca,75.09538,4.35089,NA,6.46924,NA,NA,NA,1.94441,2.73062,-0.01868,b79b2875-734e-4804-b678-a189f4c168b8,2025-10-08,21:22:15,2025-10-08T21:22:15Z,2025-10-08T21:22:15Z,GroundBall,v3,471355,471355,NA,"Buffington, Matthew",825106,Right,MIA_RED,a17f59dc-b76c-408e-a63a-42a341fe742e,55.01161,-111.66357000000001,9.76496,4.84578,2.14341,-13.63044,2.81677,-8.71209,5.93024,NA,1.98223,130.78908,-16.82342,NA,NA,NA,NA,NA,NA,2.77674,11.57013,-21.48547,NA,NA,NA,NA,NA,NA,-0.02665,56.75177,-1.94276,NA,NA,NA,NA,NA,NA,NA,NA,NA,NA,NA,NA,NA,NA,NA,NA,NA,NA,NA,NA,NA,NA,NA,NA,NA,NA,NA,NA,High,High,High,High,High,NA,NA,NA
232,2025-10-08,17:23:07,2,1,"Pfeffer, Kaden",821954,Left,MIA_RED,"Gonzalez Rivera, Ignacio",10124440,Right,MIA_RED,Undefined,5,Bottom,0,0,0,Slider,Curveball,StrikeCalled,Undefined,Undefined,Undefined,0,0,NA,70.80923,2.968992,1.27413,2153.214013,276.589274,03:15:00,5.10485,-2.50051,5.10067,-56.50688,0.75807,8.08528,3.19675,-0.62595,65.23304,-7.279915,2.702503,0.544648,NA,NA,NA,NA,NA,NA,NA,NA,NA,NA,NA,-3.67488,0.11988,2.37368,50,5.34093,-2.58234,-102.67781,3.52592,-3.94214,16.23127,-32.04545,MIA_RED,MIA_RED,McKieFieldStad,TeamExclusive,Team,20251008-McKieFieldStad-Private-1,fc907e30-a48c-11f0-9932-9bf1a4eb5fca,69.20516,NA,NA,5.57618,NA,NA,NA,NA,NA,NA,b79b2875-734e-4804-b678-a189f4c168b8,2025-10-08,21:23:07,2025-10-08T21:23:07Z,2025-10-08T21:23:07Z,NA,v3,471355,471355,NA,"Buffington, Matthew",825106,Right,MIA_RED,254a0477-064f-4c6c-a6aa-7ef2513008bf,55.39815,-103.52763,8.11563,5.1124,5.20372,-16.02272,2.50348,-2.37594,-1.97107,NA,NA,NA,NA,NA,NA,NA,NA,NA,NA,NA,NA,NA,NA,NA,NA,NA,NA,NA,NA,NA,NA,NA,NA,NA,NA,NA,NA,NA,NA,NA,NA,NA,NA,NA,NA,NA,NA,NA,NA,NA,NA,NA,NA,NA,NA,NA,NA,NA,NA,High,High,High,NA,NA,NA,NA,NA
233,2025-10-08,17:23:23,2,2,"Pfeffer, Kaden",821954,Left,MIA_RED,"Gonzalez Rivera, Ignacio",10124440,Right,MIA_RED,Undefined,5,Bottom,0,0,1,Slider,Curveball,StrikeSwinging,Undefined,Undefined,Undefined,0,0,NA,71.0083,1.388925,4.117821,2183.662921,292.408185,03:45:00,4.97603,-2.64596,5.24544,-57.5357,-0.92024,6.12288,1.49026,1.74066,65.99263,-8.995732,5.199049,0.54155,NA,NA,NA,NA,NA,NA,NA,NA,NA,NA,NA,-2.01319,-0.34508,2.26251,50,5.06082,-7.62685,-102.90501,0.69951,-2.17461,15.8994,-32.54681,MIA_RED,MIA_RED,McKieFieldStad,TeamExclusive,Team,20251008-McKieFieldStad-Private-1,061f8b80-a48d-11f0-9932-9bf1a4eb5fca,69.60097,NA,NA,5.01566,NA,NA,NA,NA,NA,NA,b79b2875-734e-4804-b678-a189f4c168b8,2025-10-08,21:23:23,2025-10-08T21:23:23Z,2025-10-08T21:23:23Z,NA,v3,471355,471355,NA,"Buffington, Matthew",825106,Right,MIA_RED,0148cec3-e4c3-4d1a-af66-2be54dfbd747,55.25474,-103.71372,7.9497,4.98314,2.35497,-16.2734,2.64763,-7.51624,-1.0873,NA,NA,NA,NA,NA,NA,NA,NA,NA,NA,NA,NA,NA,NA,NA,NA,NA,NA,NA,NA,NA,NA,NA,NA,NA,NA,NA,NA,NA,NA,NA,NA,NA,NA,NA,NA,NA,NA,NA,NA,NA,NA,NA,NA,NA,NA,NA,NA,NA,NA,High,High,High,NA,NA,NA,NA,NA
234,2025-10-08,17:23:42,2,3,"Pfeffer, Kaden",821954,Left,MIA_RED,"Gonzalez Rivera, Ignacio",10124440,Right,MIA_RED,Undefined,5,Bottom,0,0,2,Slider,Curveball,BallCalled,Undefined,Undefined,Undefined,0,0,NA,72.31002,1.04813,4.313129,2264.477075,288.187688,03:30:00,5.1371,-2.45328,5.10001,-55.5842,-0.58504,6.60575,1.49564,2.1691,67.1049,-8.957926,5.475959,0.533764,NA,NA,NA,NA,NA,NA,NA,NA,NA,NA,NA,-2.16583,-0.09039,2.04017,50,5.19253,-8.14374,-104.73381,0.1138,-2.41976,16.71785,-32.27504,MIA_RED,MIA_RED,McKieFieldStad,TeamExclusive,Team,20251008-McKieFieldStad-Private-1,114a4770-a48d-11f0-9932-9bf1a4eb5fca,70.61628,NA,NA,5.20512,NA,NA,NA,NA,NA,NA,b79b2875-734e-4804-b678-a189f4c168b8,2025-10-08,21:23:42,2025-10-08T21:23:42Z,2025-10-08T21:23:42Z,NA,v3,471355,471355,NA,"Buffington, Matthew",825106,Right,MIA_RED,4c1fb3e0-c585-41bd-b8eb-b165692cd447,55.3997,-105.59221,8.35892,5.14414,1.771,-16.13752,2.45512,-8.0195,-1.20988,NA,NA,NA,NA,NA,NA,NA,NA,NA,NA,NA,NA,NA,NA,NA,NA,NA,NA,NA,NA,NA,NA,NA,NA,NA,NA,NA,NA,NA,NA,NA,NA,NA,NA,NA,NA,NA,NA,NA,NA,NA,NA,NA,NA,NA,NA,NA,NA,NA,NA,High,High,High,NA,NA,NA,NA,NA
235,2025-10-08,17:24:01,2,4,"Pfeffer, Kaden",821954,Left,MIA_RED,"Gonzalez Rivera, Ignacio",10124440,Right,MIA_RED,Undefined,5,Bottom,0,1,2,Fastball,Changeup,StrikeSwinging,Strikeout,Undefined,Undefined,0,0,NA,80.42288,0.778463,2.913306,1877.933765,139.411332,10:45:00,4.90348,-2.7388,5.46887,-27.78761,15.90099,-12.50579,3.31736,-1.05219,73.83493,-4.383556,0.690621,0.475724,NA,NA,NA,NA,NA,NA,NA,NA,NA,NA,NA,7.04304,8.2089,2.49123,50,4.9532,-5.43606,-116.68697,0.71641,9.77859,20.51659,-20.77679,MIA_RED,MIA_RED,McKieFieldStad,TeamExclusive,Team,20251008-McKieFieldStad-Private-1,1c183d60-a48d-11f0-9932-9bf1a4eb5fca,79.23167,NA,NA,6.58794,NA,NA,NA,NA,NA,NA,b79b2875-734e-4804-b678-a189f4c168b8,2025-10-08,21:24:01,2025-10-08T21:24:01Z,2025-10-08T21:24:01Z,NA,v3,471355,471355,NA,"Buffington, Matthew",825106,Right,MIA_RED,956bb605-26c6-42e2-842d-b6cfdde9ac73,55.02846,-117.56778,10.2583,4.9033,1.60839,-10.38839,2.73362,-5.85587,4.8893,NA,NA,NA,NA,NA,NA,NA,NA,NA,NA,NA,NA,NA,NA,NA,NA,NA,NA,NA,NA,NA,NA,NA,NA,NA,NA,NA,NA,NA,NA,NA,NA,NA,NA,NA,NA,NA,NA,NA,NA,NA,NA,NA,NA,NA,NA,NA,NA,NA,NA,High,High,High,NA,NA,NA,NA,NA
